FakeNN JSON Name,Global Sim E2E_cc_0,Core Complex E2E_cc_0,Sum Region Cycles_cc_0,Before Computation_cc_0,After Computation_cc_0,core0,SSR Config Time_cc_0,Overlap Stall Time_cc_0,Raw Compute Time_cc_0,Sum Raw Compute + Overlap Stall_cc_0,Sum Compute+Stall+Pro+Epi_cc_0,Sum Compute + SSR Configs_cc_0,cc_tiles_cc_0,Global Sim E2E_cc_1,Core Complex E2E_cc_1,Sum Region Cycles_cc_1,Before Computation_cc_1,After Computation_cc_1,core1,SSR Config Time_cc_1,Overlap Stall Time_cc_1,Raw Compute Time_cc_1,Sum Raw Compute + Overlap Stall_cc_1,Sum Compute+Stall+Pro+Epi_cc_1,Sum Compute + SSR Configs_cc_1,cc_tiles_cc_1,Global Sim E2E_cc_2,Core Complex E2E_cc_2,Sum Region Cycles_cc_2,Before Computation_cc_2,After Computation_cc_2,core2,SSR Config Time_cc_2,Overlap Stall Time_cc_2,Raw Compute Time_cc_2,Sum Raw Compute + Overlap Stall_cc_2,Sum Compute+Stall+Pro+Epi_cc_2,Sum Compute + SSR Configs_cc_2,cc_tiles_cc_2,Global Sim E2E_cc_3,Core Complex E2E_cc_3,Sum Region Cycles_cc_3,Before Computation_cc_3,After Computation_cc_3,core3,SSR Config Time_cc_3,Overlap Stall Time_cc_3,Raw Compute Time_cc_3,Sum Raw Compute + Overlap Stall_cc_3,Sum Compute+Stall+Pro+Epi_cc_3,Sum Compute + SSR Configs_cc_3,cc_tiles_cc_3,Global Sim E2E_cc_4,Core Complex E2E_cc_4,Sum Region Cycles_cc_4,Before Computation_cc_4,After Computation_cc_4,core4,SSR Config Time_cc_4,Overlap Stall Time_cc_4,Raw Compute Time_cc_4,Sum Raw Compute + Overlap Stall_cc_4,Sum Compute+Stall+Pro+Epi_cc_4,Sum Compute + SSR Configs_cc_4,cc_tiles_cc_4,Global Sim E2E_cc_5,Core Complex E2E_cc_5,Sum Region Cycles_cc_5,Before Computation_cc_5,After Computation_cc_5,core5,SSR Config Time_cc_5,Overlap Stall Time_cc_5,Raw Compute Time_cc_5,Sum Raw Compute + Overlap Stall_cc_5,Sum Compute+Stall+Pro+Epi_cc_5,Sum Compute + SSR Configs_cc_5,cc_tiles_cc_5,Global Sim E2E_cc_6,Core Complex E2E_cc_6,Sum Region Cycles_cc_6,Before Computation_cc_6,After Computation_cc_6,core6,SSR Config Time_cc_6,Overlap Stall Time_cc_6,Raw Compute Time_cc_6,Sum Raw Compute + Overlap Stall_cc_6,Sum Compute+Stall+Pro+Epi_cc_6,Sum Compute + SSR Configs_cc_6,cc_tiles_cc_6,Global Sim E2E_cc_7,Core Complex E2E_cc_7,Sum Region Cycles_cc_7,Before Computation_cc_7,After Computation_cc_7,core7,SSR Config Time_cc_7,Overlap Stall Time_cc_7,Raw Compute Time_cc_7,Sum Raw Compute + Overlap Stall_cc_7,Sum Compute+Stall+Pro+Epi_cc_7,Sum Compute + SSR Configs_cc_7,cc_tiles_cc_7,Kernel Time,dma,Global Sim E2E_dma,dma cycle_q,Total CC Tiles,Overlap Stall Time Total,Raw Compute Time Total,SSR Config Time Total,Sum Compute + SSR Configs Total,Diff from dma E2E_cc_0,Sum Regions - Core Complex E2E_cc_0,Diff from dma E2E_cc_1,Sum Regions - Core Complex E2E_cc_1,Diff from dma E2E_cc_2,Sum Regions - Core Complex E2E_cc_2,Diff from dma E2E_cc_3,Sum Regions - Core Complex E2E_cc_3,Diff from dma E2E_cc_4,Sum Regions - Core Complex E2E_cc_4,Diff from dma E2E_cc_5,Sum Regions - Core Complex E2E_cc_5,Diff from dma E2E_cc_6,Sum Regions - Core Complex E2E_cc_6,Diff from dma E2E_cc_7,Sum Regions - Core Complex E2E_cc_7
128x768x768w16-16-64,11391181.0,11391181.0,11381964.0,3143.0,404.0,11387632.0,459748.0,764583.0,10154086.0,10918669.0,11381964.0,10613834.0,4608.0,11391172.0,11391172.0,11381955.0,3142.0,408.0,11387620.0,461467.0,755447.0,10161491.0,10916938.0,11381955.0,10622958.0,4608.0,11391171.0,11391171.0,11381954.0,3141.0,411.0,11387617.0,455273.0,754451.0,10168678.0,10923129.0,11381954.0,10623951.0,4608.0,11391170.0,11391170.0,11381953.0,3140.0,391.0,11387637.0,456842.0,723321.0,10198259.0,10921580.0,11381953.0,10655101.0,4608.0,11391167.0,11391167.0,11381950.0,3137.0,387.0,11387641.0,464475.0,706460.0,10207491.0,10913951.0,11381950.0,10671966.0,4608.0,11391166.0,11391166.0,11381949.0,3136.0,383.0,11387645.0,468364.0,674208.0,10235858.0,10910066.0,11381949.0,10704222.0,4608.0,11391165.0,11391165.0,11381948.0,3135.0,384.0,11387644.0,457896.0,678584.0,10241949.0,10920533.0,11381948.0,10699845.0,4608.0,11391164.0,11391164.0,11381947.0,3134.0,398.0,11387630.0,456059.0,719350.0,10203006.0,10922356.0,11381947.0,10659065.0,4608.0,11387645.0,11391161.0,11391161.0,11391180.0,36864.0,5776404.0,81570818.0,3680124.0,85250942.0,20.0,20.0,11.0,11.0,10.0,10.0,9.0,9.0,6.0,6.0,5.0,5.0,4.0,4.0,3.0,3.0
128x768x768w22-32-32,-1.0,-1.0,-1.0,-1.0,-1.0,-1.0,-1.0,-1.0,-1.0,-1.0,-1.0,-1.0,-1.0,-1.0,-1.0,-1.0,-1.0,-1.0,-1.0,-1.0,-1.0,-1.0,-1.0,-1.0,-1.0,-1.0,-1.0,-1.0,-1.0,-1.0,-1.0,-1.0,-1.0,-1.0,-1.0,-1.0,-1.0,-1.0,-1.0,-1.0,-1.0,-1.0,-1.0,-1.0,-1.0,-1.0,-1.0,-1.0,-1.0,-1.0,-1.0,-1.0,-1.0,-1.0,-1.0,-1.0,-1.0,-1.0,-1.0,-1.0,-1.0,-1.0,-1.0,-1.0,-1.0,-1.0,-1.0,-1.0,-1.0,-1.0,-1.0,-1.0,-1.0,-1.0,-1.0,-1.0,-1.0,-1.0,-1.0,-1.0,-1.0,-1.0,-1.0,-1.0,-1.0,-1.0,-1.0,-1.0,-1.0,-1.0,-1.0,-1.0,-1.0,-1.0,-1.0,-1.0,-1.0,-1.0,-1.0,-1.0,-1.0,-1.0,-1.0,-1.0,-1.0,-1.0,-1.0,-1.0,-1.0,-1.0,-1.0,-1.0,-1.0,-1.0,-1.0,-1.0,-1.0,-1.0,-1.0,-1.0,-1.0,-1.0,-1.0,-1.0,-1.0,-1.0,-1.0,-1.0,-1.0
128x768x768w23-32-32,-1.0,-1.0,-1.0,-1.0,-1.0,-1.0,-1.0,-1.0,-1.0,-1.0,-1.0,-1.0,-1.0,-1.0,-1.0,-1.0,-1.0,-1.0,-1.0,-1.0,-1.0,-1.0,-1.0,-1.0,-1.0,-1.0,-1.0,-1.0,-1.0,-1.0,-1.0,-1.0,-1.0,-1.0,-1.0,-1.0,-1.0,-1.0,-1.0,-1.0,-1.0,-1.0,-1.0,-1.0,-1.0,-1.0,-1.0,-1.0,-1.0,-1.0,-1.0,-1.0,-1.0,-1.0,-1.0,-1.0,-1.0,-1.0,-1.0,-1.0,-1.0,-1.0,-1.0,-1.0,-1.0,-1.0,-1.0,-1.0,-1.0,-1.0,-1.0,-1.0,-1.0,-1.0,-1.0,-1.0,-1.0,-1.0,-1.0,-1.0,-1.0,-1.0,-1.0,-1.0,-1.0,-1.0,-1.0,-1.0,-1.0,-1.0,-1.0,-1.0,-1.0,-1.0,-1.0,-1.0,-1.0,-1.0,-1.0,-1.0,-1.0,-1.0,-1.0,-1.0,-1.0,-1.0,-1.0,-1.0,-1.0,-1.0,-1.0,-1.0,-1.0,-1.0,-1.0,-1.0,-1.0,-1.0,-1.0,-1.0,-1.0,-1.0,-1.0,-1.0,-1.0,-1.0,-1.0,-1.0,-1.0
128x768x768w24-32-32,-1.0,-1.0,-1.0,-1.0,-1.0,-1.0,-1.0,-1.0,-1.0,-1.0,-1.0,-1.0,-1.0,-1.0,-1.0,-1.0,-1.0,-1.0,-1.0,-1.0,-1.0,-1.0,-1.0,-1.0,-1.0,-1.0,-1.0,-1.0,-1.0,-1.0,-1.0,-1.0,-1.0,-1.0,-1.0,-1.0,-1.0,-1.0,-1.0,-1.0,-1.0,-1.0,-1.0,-1.0,-1.0,-1.0,-1.0,-1.0,-1.0,-1.0,-1.0,-1.0,-1.0,-1.0,-1.0,-1.0,-1.0,-1.0,-1.0,-1.0,-1.0,-1.0,-1.0,-1.0,-1.0,-1.0,-1.0,-1.0,-1.0,-1.0,-1.0,-1.0,-1.0,-1.0,-1.0,-1.0,-1.0,-1.0,-1.0,-1.0,-1.0,-1.0,-1.0,-1.0,-1.0,-1.0,-1.0,-1.0,-1.0,-1.0,-1.0,-1.0,-1.0,-1.0,-1.0,-1.0,-1.0,-1.0,-1.0,-1.0,-1.0,-1.0,-1.0,-1.0,-1.0,-1.0,-1.0,-1.0,-1.0,-1.0,-1.0,-1.0,-1.0,-1.0,-1.0,-1.0,-1.0,-1.0,-1.0,-1.0,-1.0,-1.0,-1.0,-1.0,-1.0,-1.0,-1.0,-1.0,-1.0
128x768x768w25-24-39,-1.0,-1.0,-1.0,-1.0,-1.0,-1.0,-1.0,-1.0,-1.0,-1.0,-1.0,-1.0,-1.0,-1.0,-1.0,-1.0,-1.0,-1.0,-1.0,-1.0,-1.0,-1.0,-1.0,-1.0,-1.0,-1.0,-1.0,-1.0,-1.0,-1.0,-1.0,-1.0,-1.0,-1.0,-1.0,-1.0,-1.0,-1.0,-1.0,-1.0,-1.0,-1.0,-1.0,-1.0,-1.0,-1.0,-1.0,-1.0,-1.0,-1.0,-1.0,-1.0,-1.0,-1.0,-1.0,-1.0,-1.0,-1.0,-1.0,-1.0,-1.0,-1.0,-1.0,-1.0,-1.0,-1.0,-1.0,-1.0,-1.0,-1.0,-1.0,-1.0,-1.0,-1.0,-1.0,-1.0,-1.0,-1.0,-1.0,-1.0,-1.0,-1.0,-1.0,-1.0,-1.0,-1.0,-1.0,-1.0,-1.0,-1.0,-1.0,-1.0,-1.0,-1.0,-1.0,-1.0,-1.0,-1.0,-1.0,-1.0,-1.0,-1.0,-1.0,-1.0,-1.0,-1.0,-1.0,-1.0,-1.0,-1.0,-1.0,-1.0,-1.0,-1.0,-1.0,-1.0,-1.0,-1.0,-1.0,-1.0,-1.0,-1.0,-1.0,-1.0,-1.0,-1.0,-1.0,-1.0,-1.0
128x768x768w25-24-40,-1.0,-1.0,-1.0,-1.0,-1.0,-1.0,-1.0,-1.0,-1.0,-1.0,-1.0,-1.0,-1.0,-1.0,-1.0,-1.0,-1.0,-1.0,-1.0,-1.0,-1.0,-1.0,-1.0,-1.0,-1.0,-1.0,-1.0,-1.0,-1.0,-1.0,-1.0,-1.0,-1.0,-1.0,-1.0,-1.0,-1.0,-1.0,-1.0,-1.0,-1.0,-1.0,-1.0,-1.0,-1.0,-1.0,-1.0,-1.0,-1.0,-1.0,-1.0,-1.0,-1.0,-1.0,-1.0,-1.0,-1.0,-1.0,-1.0,-1.0,-1.0,-1.0,-1.0,-1.0,-1.0,-1.0,-1.0,-1.0,-1.0,-1.0,-1.0,-1.0,-1.0,-1.0,-1.0,-1.0,-1.0,-1.0,-1.0,-1.0,-1.0,-1.0,-1.0,-1.0,-1.0,-1.0,-1.0,-1.0,-1.0,-1.0,-1.0,-1.0,-1.0,-1.0,-1.0,-1.0,-1.0,-1.0,-1.0,-1.0,-1.0,-1.0,-1.0,-1.0,-1.0,-1.0,-1.0,-1.0,-1.0,-1.0,-1.0,-1.0,-1.0,-1.0,-1.0,-1.0,-1.0,-1.0,-1.0,-1.0,-1.0,-1.0,-1.0,-1.0,-1.0,-1.0,-1.0,-1.0,-1.0
128x768x768w25-32-29,-1.0,-1.0,-1.0,-1.0,-1.0,-1.0,-1.0,-1.0,-1.0,-1.0,-1.0,-1.0,-1.0,-1.0,-1.0,-1.0,-1.0,-1.0,-1.0,-1.0,-1.0,-1.0,-1.0,-1.0,-1.0,-1.0,-1.0,-1.0,-1.0,-1.0,-1.0,-1.0,-1.0,-1.0,-1.0,-1.0,-1.0,-1.0,-1.0,-1.0,-1.0,-1.0,-1.0,-1.0,-1.0,-1.0,-1.0,-1.0,-1.0,-1.0,-1.0,-1.0,-1.0,-1.0,-1.0,-1.0,-1.0,-1.0,-1.0,-1.0,-1.0,-1.0,-1.0,-1.0,-1.0,-1.0,-1.0,-1.0,-1.0,-1.0,-1.0,-1.0,-1.0,-1.0,-1.0,-1.0,-1.0,-1.0,-1.0,-1.0,-1.0,-1.0,-1.0,-1.0,-1.0,-1.0,-1.0,-1.0,-1.0,-1.0,-1.0,-1.0,-1.0,-1.0,-1.0,-1.0,-1.0,-1.0,-1.0,-1.0,-1.0,-1.0,-1.0,-1.0,-1.0,-1.0,-1.0,-1.0,-1.0,-1.0,-1.0,-1.0,-1.0,-1.0,-1.0,-1.0,-1.0,-1.0,-1.0,-1.0,-1.0,-1.0,-1.0,-1.0,-1.0,-1.0,-1.0,-1.0,-1.0
128x768x768w25-32-30,-1.0,-1.0,-1.0,-1.0,-1.0,-1.0,-1.0,-1.0,-1.0,-1.0,-1.0,-1.0,-1.0,-1.0,-1.0,-1.0,-1.0,-1.0,-1.0,-1.0,-1.0,-1.0,-1.0,-1.0,-1.0,-1.0,-1.0,-1.0,-1.0,-1.0,-1.0,-1.0,-1.0,-1.0,-1.0,-1.0,-1.0,-1.0,-1.0,-1.0,-1.0,-1.0,-1.0,-1.0,-1.0,-1.0,-1.0,-1.0,-1.0,-1.0,-1.0,-1.0,-1.0,-1.0,-1.0,-1.0,-1.0,-1.0,-1.0,-1.0,-1.0,-1.0,-1.0,-1.0,-1.0,-1.0,-1.0,-1.0,-1.0,-1.0,-1.0,-1.0,-1.0,-1.0,-1.0,-1.0,-1.0,-1.0,-1.0,-1.0,-1.0,-1.0,-1.0,-1.0,-1.0,-1.0,-1.0,-1.0,-1.0,-1.0,-1.0,-1.0,-1.0,-1.0,-1.0,-1.0,-1.0,-1.0,-1.0,-1.0,-1.0,-1.0,-1.0,-1.0,-1.0,-1.0,-1.0,-1.0,-1.0,-1.0,-1.0,-1.0,-1.0,-1.0,-1.0,-1.0,-1.0,-1.0,-1.0,-1.0,-1.0,-1.0,-1.0,-1.0,-1.0,-1.0,-1.0,-1.0,-1.0
128x768x768w25-32-31,-1.0,-1.0,-1.0,-1.0,-1.0,-1.0,-1.0,-1.0,-1.0,-1.0,-1.0,-1.0,-1.0,-1.0,-1.0,-1.0,-1.0,-1.0,-1.0,-1.0,-1.0,-1.0,-1.0,-1.0,-1.0,-1.0,-1.0,-1.0,-1.0,-1.0,-1.0,-1.0,-1.0,-1.0,-1.0,-1.0,-1.0,-1.0,-1.0,-1.0,-1.0,-1.0,-1.0,-1.0,-1.0,-1.0,-1.0,-1.0,-1.0,-1.0,-1.0,-1.0,-1.0,-1.0,-1.0,-1.0,-1.0,-1.0,-1.0,-1.0,-1.0,-1.0,-1.0,-1.0,-1.0,-1.0,-1.0,-1.0,-1.0,-1.0,-1.0,-1.0,-1.0,-1.0,-1.0,-1.0,-1.0,-1.0,-1.0,-1.0,-1.0,-1.0,-1.0,-1.0,-1.0,-1.0,-1.0,-1.0,-1.0,-1.0,-1.0,-1.0,-1.0,-1.0,-1.0,-1.0,-1.0,-1.0,-1.0,-1.0,-1.0,-1.0,-1.0,-1.0,-1.0,-1.0,-1.0,-1.0,-1.0,-1.0,-1.0,-1.0,-1.0,-1.0,-1.0,-1.0,-1.0,-1.0,-1.0,-1.0,-1.0,-1.0,-1.0,-1.0,-1.0,-1.0,-1.0,-1.0,-1.0
128x768x768w25-32-32,-1.0,-1.0,-1.0,-1.0,-1.0,-1.0,-1.0,-1.0,-1.0,-1.0,-1.0,-1.0,-1.0,-1.0,-1.0,-1.0,-1.0,-1.0,-1.0,-1.0,-1.0,-1.0,-1.0,-1.0,-1.0,-1.0,-1.0,-1.0,-1.0,-1.0,-1.0,-1.0,-1.0,-1.0,-1.0,-1.0,-1.0,-1.0,-1.0,-1.0,-1.0,-1.0,-1.0,-1.0,-1.0,-1.0,-1.0,-1.0,-1.0,-1.0,-1.0,-1.0,-1.0,-1.0,-1.0,-1.0,-1.0,-1.0,-1.0,-1.0,-1.0,-1.0,-1.0,-1.0,-1.0,-1.0,-1.0,-1.0,-1.0,-1.0,-1.0,-1.0,-1.0,-1.0,-1.0,-1.0,-1.0,-1.0,-1.0,-1.0,-1.0,-1.0,-1.0,-1.0,-1.0,-1.0,-1.0,-1.0,-1.0,-1.0,-1.0,-1.0,-1.0,-1.0,-1.0,-1.0,-1.0,-1.0,-1.0,-1.0,-1.0,-1.0,-1.0,-1.0,-1.0,-1.0,-1.0,-1.0,-1.0,-1.0,-1.0,-1.0,-1.0,-1.0,-1.0,-1.0,-1.0,-1.0,-1.0,-1.0,-1.0,-1.0,-1.0,-1.0,-1.0,-1.0,-1.0,-1.0,-1.0
128x768x768w25-40-24,-1.0,-1.0,-1.0,-1.0,-1.0,-1.0,-1.0,-1.0,-1.0,-1.0,-1.0,-1.0,-1.0,-1.0,-1.0,-1.0,-1.0,-1.0,-1.0,-1.0,-1.0,-1.0,-1.0,-1.0,-1.0,-1.0,-1.0,-1.0,-1.0,-1.0,-1.0,-1.0,-1.0,-1.0,-1.0,-1.0,-1.0,-1.0,-1.0,-1.0,-1.0,-1.0,-1.0,-1.0,-1.0,-1.0,-1.0,-1.0,-1.0,-1.0,-1.0,-1.0,-1.0,-1.0,-1.0,-1.0,-1.0,-1.0,-1.0,-1.0,-1.0,-1.0,-1.0,-1.0,-1.0,-1.0,-1.0,-1.0,-1.0,-1.0,-1.0,-1.0,-1.0,-1.0,-1.0,-1.0,-1.0,-1.0,-1.0,-1.0,-1.0,-1.0,-1.0,-1.0,-1.0,-1.0,-1.0,-1.0,-1.0,-1.0,-1.0,-1.0,-1.0,-1.0,-1.0,-1.0,-1.0,-1.0,-1.0,-1.0,-1.0,-1.0,-1.0,-1.0,-1.0,-1.0,-1.0,-1.0,-1.0,-1.0,-1.0,-1.0,-1.0,-1.0,-1.0,-1.0,-1.0,-1.0,-1.0,-1.0,-1.0,-1.0,-1.0,-1.0,-1.0,-1.0,-1.0,-1.0,-1.0
128x768x768w25-40-25,-1.0,-1.0,-1.0,-1.0,-1.0,-1.0,-1.0,-1.0,-1.0,-1.0,-1.0,-1.0,-1.0,-1.0,-1.0,-1.0,-1.0,-1.0,-1.0,-1.0,-1.0,-1.0,-1.0,-1.0,-1.0,-1.0,-1.0,-1.0,-1.0,-1.0,-1.0,-1.0,-1.0,-1.0,-1.0,-1.0,-1.0,-1.0,-1.0,-1.0,-1.0,-1.0,-1.0,-1.0,-1.0,-1.0,-1.0,-1.0,-1.0,-1.0,-1.0,-1.0,-1.0,-1.0,-1.0,-1.0,-1.0,-1.0,-1.0,-1.0,-1.0,-1.0,-1.0,-1.0,-1.0,-1.0,-1.0,-1.0,-1.0,-1.0,-1.0,-1.0,-1.0,-1.0,-1.0,-1.0,-1.0,-1.0,-1.0,-1.0,-1.0,-1.0,-1.0,-1.0,-1.0,-1.0,-1.0,-1.0,-1.0,-1.0,-1.0,-1.0,-1.0,-1.0,-1.0,-1.0,-1.0,-1.0,-1.0,-1.0,-1.0,-1.0,-1.0,-1.0,-1.0,-1.0,-1.0,-1.0,-1.0,-1.0,-1.0,-1.0,-1.0,-1.0,-1.0,-1.0,-1.0,-1.0,-1.0,-1.0,-1.0,-1.0,-1.0,-1.0,-1.0,-1.0,-1.0,-1.0,-1.0
128x768x768w26-24-35,-1.0,-1.0,-1.0,-1.0,-1.0,-1.0,-1.0,-1.0,-1.0,-1.0,-1.0,-1.0,-1.0,-1.0,-1.0,-1.0,-1.0,-1.0,-1.0,-1.0,-1.0,-1.0,-1.0,-1.0,-1.0,-1.0,-1.0,-1.0,-1.0,-1.0,-1.0,-1.0,-1.0,-1.0,-1.0,-1.0,-1.0,-1.0,-1.0,-1.0,-1.0,-1.0,-1.0,-1.0,-1.0,-1.0,-1.0,-1.0,-1.0,-1.0,-1.0,-1.0,-1.0,-1.0,-1.0,-1.0,-1.0,-1.0,-1.0,-1.0,-1.0,-1.0,-1.0,-1.0,-1.0,-1.0,-1.0,-1.0,-1.0,-1.0,-1.0,-1.0,-1.0,-1.0,-1.0,-1.0,-1.0,-1.0,-1.0,-1.0,-1.0,-1.0,-1.0,-1.0,-1.0,-1.0,-1.0,-1.0,-1.0,-1.0,-1.0,-1.0,-1.0,-1.0,-1.0,-1.0,-1.0,-1.0,-1.0,-1.0,-1.0,-1.0,-1.0,-1.0,-1.0,-1.0,-1.0,-1.0,-1.0,-1.0,-1.0,-1.0,-1.0,-1.0,-1.0,-1.0,-1.0,-1.0,-1.0,-1.0,-1.0,-1.0,-1.0,-1.0,-1.0,-1.0,-1.0,-1.0,-1.0
128x768x768w26-24-36,-1.0,-1.0,-1.0,-1.0,-1.0,-1.0,-1.0,-1.0,-1.0,-1.0,-1.0,-1.0,-1.0,-1.0,-1.0,-1.0,-1.0,-1.0,-1.0,-1.0,-1.0,-1.0,-1.0,-1.0,-1.0,-1.0,-1.0,-1.0,-1.0,-1.0,-1.0,-1.0,-1.0,-1.0,-1.0,-1.0,-1.0,-1.0,-1.0,-1.0,-1.0,-1.0,-1.0,-1.0,-1.0,-1.0,-1.0,-1.0,-1.0,-1.0,-1.0,-1.0,-1.0,-1.0,-1.0,-1.0,-1.0,-1.0,-1.0,-1.0,-1.0,-1.0,-1.0,-1.0,-1.0,-1.0,-1.0,-1.0,-1.0,-1.0,-1.0,-1.0,-1.0,-1.0,-1.0,-1.0,-1.0,-1.0,-1.0,-1.0,-1.0,-1.0,-1.0,-1.0,-1.0,-1.0,-1.0,-1.0,-1.0,-1.0,-1.0,-1.0,-1.0,-1.0,-1.0,-1.0,-1.0,-1.0,-1.0,-1.0,-1.0,-1.0,-1.0,-1.0,-1.0,-1.0,-1.0,-1.0,-1.0,-1.0,-1.0,-1.0,-1.0,-1.0,-1.0,-1.0,-1.0,-1.0,-1.0,-1.0,-1.0,-1.0,-1.0,-1.0,-1.0,-1.0,-1.0,-1.0,-1.0
128x768x768w26-24-38,-1.0,-1.0,-1.0,-1.0,-1.0,-1.0,-1.0,-1.0,-1.0,-1.0,-1.0,-1.0,-1.0,-1.0,-1.0,-1.0,-1.0,-1.0,-1.0,-1.0,-1.0,-1.0,-1.0,-1.0,-1.0,-1.0,-1.0,-1.0,-1.0,-1.0,-1.0,-1.0,-1.0,-1.0,-1.0,-1.0,-1.0,-1.0,-1.0,-1.0,-1.0,-1.0,-1.0,-1.0,-1.0,-1.0,-1.0,-1.0,-1.0,-1.0,-1.0,-1.0,-1.0,-1.0,-1.0,-1.0,-1.0,-1.0,-1.0,-1.0,-1.0,-1.0,-1.0,-1.0,-1.0,-1.0,-1.0,-1.0,-1.0,-1.0,-1.0,-1.0,-1.0,-1.0,-1.0,-1.0,-1.0,-1.0,-1.0,-1.0,-1.0,-1.0,-1.0,-1.0,-1.0,-1.0,-1.0,-1.0,-1.0,-1.0,-1.0,-1.0,-1.0,-1.0,-1.0,-1.0,-1.0,-1.0,-1.0,-1.0,-1.0,-1.0,-1.0,-1.0,-1.0,-1.0,-1.0,-1.0,-1.0,-1.0,-1.0,-1.0,-1.0,-1.0,-1.0,-1.0,-1.0,-1.0,-1.0,-1.0,-1.0,-1.0,-1.0,-1.0,-1.0,-1.0,-1.0,-1.0,-1.0
128x768x768w26-32-27,-1.0,-1.0,-1.0,-1.0,-1.0,-1.0,-1.0,-1.0,-1.0,-1.0,-1.0,-1.0,-1.0,-1.0,-1.0,-1.0,-1.0,-1.0,-1.0,-1.0,-1.0,-1.0,-1.0,-1.0,-1.0,-1.0,-1.0,-1.0,-1.0,-1.0,-1.0,-1.0,-1.0,-1.0,-1.0,-1.0,-1.0,-1.0,-1.0,-1.0,-1.0,-1.0,-1.0,-1.0,-1.0,-1.0,-1.0,-1.0,-1.0,-1.0,-1.0,-1.0,-1.0,-1.0,-1.0,-1.0,-1.0,-1.0,-1.0,-1.0,-1.0,-1.0,-1.0,-1.0,-1.0,-1.0,-1.0,-1.0,-1.0,-1.0,-1.0,-1.0,-1.0,-1.0,-1.0,-1.0,-1.0,-1.0,-1.0,-1.0,-1.0,-1.0,-1.0,-1.0,-1.0,-1.0,-1.0,-1.0,-1.0,-1.0,-1.0,-1.0,-1.0,-1.0,-1.0,-1.0,-1.0,-1.0,-1.0,-1.0,-1.0,-1.0,-1.0,-1.0,-1.0,-1.0,-1.0,-1.0,-1.0,-1.0,-1.0,-1.0,-1.0,-1.0,-1.0,-1.0,-1.0,-1.0,-1.0,-1.0,-1.0,-1.0,-1.0,-1.0,-1.0,-1.0,-1.0,-1.0,-1.0
128x768x768w26-32-28,-1.0,-1.0,-1.0,-1.0,-1.0,-1.0,-1.0,-1.0,-1.0,-1.0,-1.0,-1.0,-1.0,-1.0,-1.0,-1.0,-1.0,-1.0,-1.0,-1.0,-1.0,-1.0,-1.0,-1.0,-1.0,-1.0,-1.0,-1.0,-1.0,-1.0,-1.0,-1.0,-1.0,-1.0,-1.0,-1.0,-1.0,-1.0,-1.0,-1.0,-1.0,-1.0,-1.0,-1.0,-1.0,-1.0,-1.0,-1.0,-1.0,-1.0,-1.0,-1.0,-1.0,-1.0,-1.0,-1.0,-1.0,-1.0,-1.0,-1.0,-1.0,-1.0,-1.0,-1.0,-1.0,-1.0,-1.0,-1.0,-1.0,-1.0,-1.0,-1.0,-1.0,-1.0,-1.0,-1.0,-1.0,-1.0,-1.0,-1.0,-1.0,-1.0,-1.0,-1.0,-1.0,-1.0,-1.0,-1.0,-1.0,-1.0,-1.0,-1.0,-1.0,-1.0,-1.0,-1.0,-1.0,-1.0,-1.0,-1.0,-1.0,-1.0,-1.0,-1.0,-1.0,-1.0,-1.0,-1.0,-1.0,-1.0,-1.0,-1.0,-1.0,-1.0,-1.0,-1.0,-1.0,-1.0,-1.0,-1.0,-1.0,-1.0,-1.0,-1.0,-1.0,-1.0,-1.0,-1.0,-1.0
128x768x768w26-32-29,-1.0,-1.0,-1.0,-1.0,-1.0,-1.0,-1.0,-1.0,-1.0,-1.0,-1.0,-1.0,-1.0,-1.0,-1.0,-1.0,-1.0,-1.0,-1.0,-1.0,-1.0,-1.0,-1.0,-1.0,-1.0,-1.0,-1.0,-1.0,-1.0,-1.0,-1.0,-1.0,-1.0,-1.0,-1.0,-1.0,-1.0,-1.0,-1.0,-1.0,-1.0,-1.0,-1.0,-1.0,-1.0,-1.0,-1.0,-1.0,-1.0,-1.0,-1.0,-1.0,-1.0,-1.0,-1.0,-1.0,-1.0,-1.0,-1.0,-1.0,-1.0,-1.0,-1.0,-1.0,-1.0,-1.0,-1.0,-1.0,-1.0,-1.0,-1.0,-1.0,-1.0,-1.0,-1.0,-1.0,-1.0,-1.0,-1.0,-1.0,-1.0,-1.0,-1.0,-1.0,-1.0,-1.0,-1.0,-1.0,-1.0,-1.0,-1.0,-1.0,-1.0,-1.0,-1.0,-1.0,-1.0,-1.0,-1.0,-1.0,-1.0,-1.0,-1.0,-1.0,-1.0,-1.0,-1.0,-1.0,-1.0,-1.0,-1.0,-1.0,-1.0,-1.0,-1.0,-1.0,-1.0,-1.0,-1.0,-1.0,-1.0,-1.0,-1.0,-1.0,-1.0,-1.0,-1.0,-1.0,-1.0
128x768x768w26-32-30,-1.0,-1.0,-1.0,-1.0,-1.0,-1.0,-1.0,-1.0,-1.0,-1.0,-1.0,-1.0,-1.0,-1.0,-1.0,-1.0,-1.0,-1.0,-1.0,-1.0,-1.0,-1.0,-1.0,-1.0,-1.0,-1.0,-1.0,-1.0,-1.0,-1.0,-1.0,-1.0,-1.0,-1.0,-1.0,-1.0,-1.0,-1.0,-1.0,-1.0,-1.0,-1.0,-1.0,-1.0,-1.0,-1.0,-1.0,-1.0,-1.0,-1.0,-1.0,-1.0,-1.0,-1.0,-1.0,-1.0,-1.0,-1.0,-1.0,-1.0,-1.0,-1.0,-1.0,-1.0,-1.0,-1.0,-1.0,-1.0,-1.0,-1.0,-1.0,-1.0,-1.0,-1.0,-1.0,-1.0,-1.0,-1.0,-1.0,-1.0,-1.0,-1.0,-1.0,-1.0,-1.0,-1.0,-1.0,-1.0,-1.0,-1.0,-1.0,-1.0,-1.0,-1.0,-1.0,-1.0,-1.0,-1.0,-1.0,-1.0,-1.0,-1.0,-1.0,-1.0,-1.0,-1.0,-1.0,-1.0,-1.0,-1.0,-1.0,-1.0,-1.0,-1.0,-1.0,-1.0,-1.0,-1.0,-1.0,-1.0,-1.0,-1.0,-1.0,-1.0,-1.0,-1.0,-1.0,-1.0,-1.0
128x768x768w26-32-31,-1.0,-1.0,-1.0,-1.0,-1.0,-1.0,-1.0,-1.0,-1.0,-1.0,-1.0,-1.0,-1.0,-1.0,-1.0,-1.0,-1.0,-1.0,-1.0,-1.0,-1.0,-1.0,-1.0,-1.0,-1.0,-1.0,-1.0,-1.0,-1.0,-1.0,-1.0,-1.0,-1.0,-1.0,-1.0,-1.0,-1.0,-1.0,-1.0,-1.0,-1.0,-1.0,-1.0,-1.0,-1.0,-1.0,-1.0,-1.0,-1.0,-1.0,-1.0,-1.0,-1.0,-1.0,-1.0,-1.0,-1.0,-1.0,-1.0,-1.0,-1.0,-1.0,-1.0,-1.0,-1.0,-1.0,-1.0,-1.0,-1.0,-1.0,-1.0,-1.0,-1.0,-1.0,-1.0,-1.0,-1.0,-1.0,-1.0,-1.0,-1.0,-1.0,-1.0,-1.0,-1.0,-1.0,-1.0,-1.0,-1.0,-1.0,-1.0,-1.0,-1.0,-1.0,-1.0,-1.0,-1.0,-1.0,-1.0,-1.0,-1.0,-1.0,-1.0,-1.0,-1.0,-1.0,-1.0,-1.0,-1.0,-1.0,-1.0,-1.0,-1.0,-1.0,-1.0,-1.0,-1.0,-1.0,-1.0,-1.0,-1.0,-1.0,-1.0,-1.0,-1.0,-1.0,-1.0,-1.0,-1.0
128x768x768w26-32-32,-1.0,-1.0,-1.0,-1.0,-1.0,-1.0,-1.0,-1.0,-1.0,-1.0,-1.0,-1.0,-1.0,-1.0,-1.0,-1.0,-1.0,-1.0,-1.0,-1.0,-1.0,-1.0,-1.0,-1.0,-1.0,-1.0,-1.0,-1.0,-1.0,-1.0,-1.0,-1.0,-1.0,-1.0,-1.0,-1.0,-1.0,-1.0,-1.0,-1.0,-1.0,-1.0,-1.0,-1.0,-1.0,-1.0,-1.0,-1.0,-1.0,-1.0,-1.0,-1.0,-1.0,-1.0,-1.0,-1.0,-1.0,-1.0,-1.0,-1.0,-1.0,-1.0,-1.0,-1.0,-1.0,-1.0,-1.0,-1.0,-1.0,-1.0,-1.0,-1.0,-1.0,-1.0,-1.0,-1.0,-1.0,-1.0,-1.0,-1.0,-1.0,-1.0,-1.0,-1.0,-1.0,-1.0,-1.0,-1.0,-1.0,-1.0,-1.0,-1.0,-1.0,-1.0,-1.0,-1.0,-1.0,-1.0,-1.0,-1.0,-1.0,-1.0,-1.0,-1.0,-1.0,-1.0,-1.0,-1.0,-1.0,-1.0,-1.0,-1.0,-1.0,-1.0,-1.0,-1.0,-1.0,-1.0,-1.0,-1.0,-1.0,-1.0,-1.0,-1.0,-1.0,-1.0,-1.0,-1.0,-1.0
128x768x768w27-24-35,-1.0,-1.0,-1.0,-1.0,-1.0,-1.0,-1.0,-1.0,-1.0,-1.0,-1.0,-1.0,-1.0,-1.0,-1.0,-1.0,-1.0,-1.0,-1.0,-1.0,-1.0,-1.0,-1.0,-1.0,-1.0,-1.0,-1.0,-1.0,-1.0,-1.0,-1.0,-1.0,-1.0,-1.0,-1.0,-1.0,-1.0,-1.0,-1.0,-1.0,-1.0,-1.0,-1.0,-1.0,-1.0,-1.0,-1.0,-1.0,-1.0,-1.0,-1.0,-1.0,-1.0,-1.0,-1.0,-1.0,-1.0,-1.0,-1.0,-1.0,-1.0,-1.0,-1.0,-1.0,-1.0,-1.0,-1.0,-1.0,-1.0,-1.0,-1.0,-1.0,-1.0,-1.0,-1.0,-1.0,-1.0,-1.0,-1.0,-1.0,-1.0,-1.0,-1.0,-1.0,-1.0,-1.0,-1.0,-1.0,-1.0,-1.0,-1.0,-1.0,-1.0,-1.0,-1.0,-1.0,-1.0,-1.0,-1.0,-1.0,-1.0,-1.0,-1.0,-1.0,-1.0,-1.0,-1.0,-1.0,-1.0,-1.0,-1.0,-1.0,-1.0,-1.0,-1.0,-1.0,-1.0,-1.0,-1.0,-1.0,-1.0,-1.0,-1.0,-1.0,-1.0,-1.0,-1.0,-1.0,-1.0
128x768x768w27-24-36,-1.0,-1.0,-1.0,-1.0,-1.0,-1.0,-1.0,-1.0,-1.0,-1.0,-1.0,-1.0,-1.0,-1.0,-1.0,-1.0,-1.0,-1.0,-1.0,-1.0,-1.0,-1.0,-1.0,-1.0,-1.0,-1.0,-1.0,-1.0,-1.0,-1.0,-1.0,-1.0,-1.0,-1.0,-1.0,-1.0,-1.0,-1.0,-1.0,-1.0,-1.0,-1.0,-1.0,-1.0,-1.0,-1.0,-1.0,-1.0,-1.0,-1.0,-1.0,-1.0,-1.0,-1.0,-1.0,-1.0,-1.0,-1.0,-1.0,-1.0,-1.0,-1.0,-1.0,-1.0,-1.0,-1.0,-1.0,-1.0,-1.0,-1.0,-1.0,-1.0,-1.0,-1.0,-1.0,-1.0,-1.0,-1.0,-1.0,-1.0,-1.0,-1.0,-1.0,-1.0,-1.0,-1.0,-1.0,-1.0,-1.0,-1.0,-1.0,-1.0,-1.0,-1.0,-1.0,-1.0,-1.0,-1.0,-1.0,-1.0,-1.0,-1.0,-1.0,-1.0,-1.0,-1.0,-1.0,-1.0,-1.0,-1.0,-1.0,-1.0,-1.0,-1.0,-1.0,-1.0,-1.0,-1.0,-1.0,-1.0,-1.0,-1.0,-1.0,-1.0,-1.0,-1.0,-1.0,-1.0,-1.0
128x768x768w27-24-37,-1.0,-1.0,-1.0,-1.0,-1.0,-1.0,-1.0,-1.0,-1.0,-1.0,-1.0,-1.0,-1.0,-1.0,-1.0,-1.0,-1.0,-1.0,-1.0,-1.0,-1.0,-1.0,-1.0,-1.0,-1.0,-1.0,-1.0,-1.0,-1.0,-1.0,-1.0,-1.0,-1.0,-1.0,-1.0,-1.0,-1.0,-1.0,-1.0,-1.0,-1.0,-1.0,-1.0,-1.0,-1.0,-1.0,-1.0,-1.0,-1.0,-1.0,-1.0,-1.0,-1.0,-1.0,-1.0,-1.0,-1.0,-1.0,-1.0,-1.0,-1.0,-1.0,-1.0,-1.0,-1.0,-1.0,-1.0,-1.0,-1.0,-1.0,-1.0,-1.0,-1.0,-1.0,-1.0,-1.0,-1.0,-1.0,-1.0,-1.0,-1.0,-1.0,-1.0,-1.0,-1.0,-1.0,-1.0,-1.0,-1.0,-1.0,-1.0,-1.0,-1.0,-1.0,-1.0,-1.0,-1.0,-1.0,-1.0,-1.0,-1.0,-1.0,-1.0,-1.0,-1.0,-1.0,-1.0,-1.0,-1.0,-1.0,-1.0,-1.0,-1.0,-1.0,-1.0,-1.0,-1.0,-1.0,-1.0,-1.0,-1.0,-1.0,-1.0,-1.0,-1.0,-1.0,-1.0,-1.0,-1.0
128x768x768w27-32-27,-1.0,-1.0,-1.0,-1.0,-1.0,-1.0,-1.0,-1.0,-1.0,-1.0,-1.0,-1.0,-1.0,-1.0,-1.0,-1.0,-1.0,-1.0,-1.0,-1.0,-1.0,-1.0,-1.0,-1.0,-1.0,-1.0,-1.0,-1.0,-1.0,-1.0,-1.0,-1.0,-1.0,-1.0,-1.0,-1.0,-1.0,-1.0,-1.0,-1.0,-1.0,-1.0,-1.0,-1.0,-1.0,-1.0,-1.0,-1.0,-1.0,-1.0,-1.0,-1.0,-1.0,-1.0,-1.0,-1.0,-1.0,-1.0,-1.0,-1.0,-1.0,-1.0,-1.0,-1.0,-1.0,-1.0,-1.0,-1.0,-1.0,-1.0,-1.0,-1.0,-1.0,-1.0,-1.0,-1.0,-1.0,-1.0,-1.0,-1.0,-1.0,-1.0,-1.0,-1.0,-1.0,-1.0,-1.0,-1.0,-1.0,-1.0,-1.0,-1.0,-1.0,-1.0,-1.0,-1.0,-1.0,-1.0,-1.0,-1.0,-1.0,-1.0,-1.0,-1.0,-1.0,-1.0,-1.0,-1.0,-1.0,-1.0,-1.0,-1.0,-1.0,-1.0,-1.0,-1.0,-1.0,-1.0,-1.0,-1.0,-1.0,-1.0,-1.0,-1.0,-1.0,-1.0,-1.0,-1.0,-1.0
128x768x768w27-32-28,-1.0,-1.0,-1.0,-1.0,-1.0,-1.0,-1.0,-1.0,-1.0,-1.0,-1.0,-1.0,-1.0,-1.0,-1.0,-1.0,-1.0,-1.0,-1.0,-1.0,-1.0,-1.0,-1.0,-1.0,-1.0,-1.0,-1.0,-1.0,-1.0,-1.0,-1.0,-1.0,-1.0,-1.0,-1.0,-1.0,-1.0,-1.0,-1.0,-1.0,-1.0,-1.0,-1.0,-1.0,-1.0,-1.0,-1.0,-1.0,-1.0,-1.0,-1.0,-1.0,-1.0,-1.0,-1.0,-1.0,-1.0,-1.0,-1.0,-1.0,-1.0,-1.0,-1.0,-1.0,-1.0,-1.0,-1.0,-1.0,-1.0,-1.0,-1.0,-1.0,-1.0,-1.0,-1.0,-1.0,-1.0,-1.0,-1.0,-1.0,-1.0,-1.0,-1.0,-1.0,-1.0,-1.0,-1.0,-1.0,-1.0,-1.0,-1.0,-1.0,-1.0,-1.0,-1.0,-1.0,-1.0,-1.0,-1.0,-1.0,-1.0,-1.0,-1.0,-1.0,-1.0,-1.0,-1.0,-1.0,-1.0,-1.0,-1.0,-1.0,-1.0,-1.0,-1.0,-1.0,-1.0,-1.0,-1.0,-1.0,-1.0,-1.0,-1.0,-1.0,-1.0,-1.0,-1.0,-1.0,-1.0
128x768x768w27-32-29,-1.0,-1.0,-1.0,-1.0,-1.0,-1.0,-1.0,-1.0,-1.0,-1.0,-1.0,-1.0,-1.0,-1.0,-1.0,-1.0,-1.0,-1.0,-1.0,-1.0,-1.0,-1.0,-1.0,-1.0,-1.0,-1.0,-1.0,-1.0,-1.0,-1.0,-1.0,-1.0,-1.0,-1.0,-1.0,-1.0,-1.0,-1.0,-1.0,-1.0,-1.0,-1.0,-1.0,-1.0,-1.0,-1.0,-1.0,-1.0,-1.0,-1.0,-1.0,-1.0,-1.0,-1.0,-1.0,-1.0,-1.0,-1.0,-1.0,-1.0,-1.0,-1.0,-1.0,-1.0,-1.0,-1.0,-1.0,-1.0,-1.0,-1.0,-1.0,-1.0,-1.0,-1.0,-1.0,-1.0,-1.0,-1.0,-1.0,-1.0,-1.0,-1.0,-1.0,-1.0,-1.0,-1.0,-1.0,-1.0,-1.0,-1.0,-1.0,-1.0,-1.0,-1.0,-1.0,-1.0,-1.0,-1.0,-1.0,-1.0,-1.0,-1.0,-1.0,-1.0,-1.0,-1.0,-1.0,-1.0,-1.0,-1.0,-1.0,-1.0,-1.0,-1.0,-1.0,-1.0,-1.0,-1.0,-1.0,-1.0,-1.0,-1.0,-1.0,-1.0,-1.0,-1.0,-1.0,-1.0,-1.0
128x768x768w27-32-30,-1.0,-1.0,-1.0,-1.0,-1.0,-1.0,-1.0,-1.0,-1.0,-1.0,-1.0,-1.0,-1.0,-1.0,-1.0,-1.0,-1.0,-1.0,-1.0,-1.0,-1.0,-1.0,-1.0,-1.0,-1.0,-1.0,-1.0,-1.0,-1.0,-1.0,-1.0,-1.0,-1.0,-1.0,-1.0,-1.0,-1.0,-1.0,-1.0,-1.0,-1.0,-1.0,-1.0,-1.0,-1.0,-1.0,-1.0,-1.0,-1.0,-1.0,-1.0,-1.0,-1.0,-1.0,-1.0,-1.0,-1.0,-1.0,-1.0,-1.0,-1.0,-1.0,-1.0,-1.0,-1.0,-1.0,-1.0,-1.0,-1.0,-1.0,-1.0,-1.0,-1.0,-1.0,-1.0,-1.0,-1.0,-1.0,-1.0,-1.0,-1.0,-1.0,-1.0,-1.0,-1.0,-1.0,-1.0,-1.0,-1.0,-1.0,-1.0,-1.0,-1.0,-1.0,-1.0,-1.0,-1.0,-1.0,-1.0,-1.0,-1.0,-1.0,-1.0,-1.0,-1.0,-1.0,-1.0,-1.0,-1.0,-1.0,-1.0,-1.0,-1.0,-1.0,-1.0,-1.0,-1.0,-1.0,-1.0,-1.0,-1.0,-1.0,-1.0,-1.0,-1.0,-1.0,-1.0,-1.0,-1.0
128x768x768w27-32-31,-1.0,-1.0,-1.0,-1.0,-1.0,-1.0,-1.0,-1.0,-1.0,-1.0,-1.0,-1.0,-1.0,-1.0,-1.0,-1.0,-1.0,-1.0,-1.0,-1.0,-1.0,-1.0,-1.0,-1.0,-1.0,-1.0,-1.0,-1.0,-1.0,-1.0,-1.0,-1.0,-1.0,-1.0,-1.0,-1.0,-1.0,-1.0,-1.0,-1.0,-1.0,-1.0,-1.0,-1.0,-1.0,-1.0,-1.0,-1.0,-1.0,-1.0,-1.0,-1.0,-1.0,-1.0,-1.0,-1.0,-1.0,-1.0,-1.0,-1.0,-1.0,-1.0,-1.0,-1.0,-1.0,-1.0,-1.0,-1.0,-1.0,-1.0,-1.0,-1.0,-1.0,-1.0,-1.0,-1.0,-1.0,-1.0,-1.0,-1.0,-1.0,-1.0,-1.0,-1.0,-1.0,-1.0,-1.0,-1.0,-1.0,-1.0,-1.0,-1.0,-1.0,-1.0,-1.0,-1.0,-1.0,-1.0,-1.0,-1.0,-1.0,-1.0,-1.0,-1.0,-1.0,-1.0,-1.0,-1.0,-1.0,-1.0,-1.0,-1.0,-1.0,-1.0,-1.0,-1.0,-1.0,-1.0,-1.0,-1.0,-1.0,-1.0,-1.0,-1.0,-1.0,-1.0,-1.0,-1.0,-1.0
128x768x768w27-32-32,-1.0,-1.0,-1.0,-1.0,-1.0,-1.0,-1.0,-1.0,-1.0,-1.0,-1.0,-1.0,-1.0,-1.0,-1.0,-1.0,-1.0,-1.0,-1.0,-1.0,-1.0,-1.0,-1.0,-1.0,-1.0,-1.0,-1.0,-1.0,-1.0,-1.0,-1.0,-1.0,-1.0,-1.0,-1.0,-1.0,-1.0,-1.0,-1.0,-1.0,-1.0,-1.0,-1.0,-1.0,-1.0,-1.0,-1.0,-1.0,-1.0,-1.0,-1.0,-1.0,-1.0,-1.0,-1.0,-1.0,-1.0,-1.0,-1.0,-1.0,-1.0,-1.0,-1.0,-1.0,-1.0,-1.0,-1.0,-1.0,-1.0,-1.0,-1.0,-1.0,-1.0,-1.0,-1.0,-1.0,-1.0,-1.0,-1.0,-1.0,-1.0,-1.0,-1.0,-1.0,-1.0,-1.0,-1.0,-1.0,-1.0,-1.0,-1.0,-1.0,-1.0,-1.0,-1.0,-1.0,-1.0,-1.0,-1.0,-1.0,-1.0,-1.0,-1.0,-1.0,-1.0,-1.0,-1.0,-1.0,-1.0,-1.0,-1.0,-1.0,-1.0,-1.0,-1.0,-1.0,-1.0,-1.0,-1.0,-1.0,-1.0,-1.0,-1.0,-1.0,-1.0,-1.0,-1.0,-1.0,-1.0
128x768x768w28-24-35,-1.0,-1.0,-1.0,-1.0,-1.0,-1.0,-1.0,-1.0,-1.0,-1.0,-1.0,-1.0,-1.0,-1.0,-1.0,-1.0,-1.0,-1.0,-1.0,-1.0,-1.0,-1.0,-1.0,-1.0,-1.0,-1.0,-1.0,-1.0,-1.0,-1.0,-1.0,-1.0,-1.0,-1.0,-1.0,-1.0,-1.0,-1.0,-1.0,-1.0,-1.0,-1.0,-1.0,-1.0,-1.0,-1.0,-1.0,-1.0,-1.0,-1.0,-1.0,-1.0,-1.0,-1.0,-1.0,-1.0,-1.0,-1.0,-1.0,-1.0,-1.0,-1.0,-1.0,-1.0,-1.0,-1.0,-1.0,-1.0,-1.0,-1.0,-1.0,-1.0,-1.0,-1.0,-1.0,-1.0,-1.0,-1.0,-1.0,-1.0,-1.0,-1.0,-1.0,-1.0,-1.0,-1.0,-1.0,-1.0,-1.0,-1.0,-1.0,-1.0,-1.0,-1.0,-1.0,-1.0,-1.0,-1.0,-1.0,-1.0,-1.0,-1.0,-1.0,-1.0,-1.0,-1.0,-1.0,-1.0,-1.0,-1.0,-1.0,-1.0,-1.0,-1.0,-1.0,-1.0,-1.0,-1.0,-1.0,-1.0,-1.0,-1.0,-1.0,-1.0,-1.0,-1.0,-1.0,-1.0,-1.0
128x768x768w28-24-36,-1.0,-1.0,-1.0,-1.0,-1.0,-1.0,-1.0,-1.0,-1.0,-1.0,-1.0,-1.0,-1.0,-1.0,-1.0,-1.0,-1.0,-1.0,-1.0,-1.0,-1.0,-1.0,-1.0,-1.0,-1.0,-1.0,-1.0,-1.0,-1.0,-1.0,-1.0,-1.0,-1.0,-1.0,-1.0,-1.0,-1.0,-1.0,-1.0,-1.0,-1.0,-1.0,-1.0,-1.0,-1.0,-1.0,-1.0,-1.0,-1.0,-1.0,-1.0,-1.0,-1.0,-1.0,-1.0,-1.0,-1.0,-1.0,-1.0,-1.0,-1.0,-1.0,-1.0,-1.0,-1.0,-1.0,-1.0,-1.0,-1.0,-1.0,-1.0,-1.0,-1.0,-1.0,-1.0,-1.0,-1.0,-1.0,-1.0,-1.0,-1.0,-1.0,-1.0,-1.0,-1.0,-1.0,-1.0,-1.0,-1.0,-1.0,-1.0,-1.0,-1.0,-1.0,-1.0,-1.0,-1.0,-1.0,-1.0,-1.0,-1.0,-1.0,-1.0,-1.0,-1.0,-1.0,-1.0,-1.0,-1.0,-1.0,-1.0,-1.0,-1.0,-1.0,-1.0,-1.0,-1.0,-1.0,-1.0,-1.0,-1.0,-1.0,-1.0,-1.0,-1.0,-1.0,-1.0,-1.0,-1.0
128x768x768w28-32-27,-1.0,-1.0,-1.0,-1.0,-1.0,-1.0,-1.0,-1.0,-1.0,-1.0,-1.0,-1.0,-1.0,-1.0,-1.0,-1.0,-1.0,-1.0,-1.0,-1.0,-1.0,-1.0,-1.0,-1.0,-1.0,-1.0,-1.0,-1.0,-1.0,-1.0,-1.0,-1.0,-1.0,-1.0,-1.0,-1.0,-1.0,-1.0,-1.0,-1.0,-1.0,-1.0,-1.0,-1.0,-1.0,-1.0,-1.0,-1.0,-1.0,-1.0,-1.0,-1.0,-1.0,-1.0,-1.0,-1.0,-1.0,-1.0,-1.0,-1.0,-1.0,-1.0,-1.0,-1.0,-1.0,-1.0,-1.0,-1.0,-1.0,-1.0,-1.0,-1.0,-1.0,-1.0,-1.0,-1.0,-1.0,-1.0,-1.0,-1.0,-1.0,-1.0,-1.0,-1.0,-1.0,-1.0,-1.0,-1.0,-1.0,-1.0,-1.0,-1.0,-1.0,-1.0,-1.0,-1.0,-1.0,-1.0,-1.0,-1.0,-1.0,-1.0,-1.0,-1.0,-1.0,-1.0,-1.0,-1.0,-1.0,-1.0,-1.0,-1.0,-1.0,-1.0,-1.0,-1.0,-1.0,-1.0,-1.0,-1.0,-1.0,-1.0,-1.0,-1.0,-1.0,-1.0,-1.0,-1.0,-1.0
128x768x768w28-32-28,-1.0,-1.0,-1.0,-1.0,-1.0,-1.0,-1.0,-1.0,-1.0,-1.0,-1.0,-1.0,-1.0,-1.0,-1.0,-1.0,-1.0,-1.0,-1.0,-1.0,-1.0,-1.0,-1.0,-1.0,-1.0,-1.0,-1.0,-1.0,-1.0,-1.0,-1.0,-1.0,-1.0,-1.0,-1.0,-1.0,-1.0,-1.0,-1.0,-1.0,-1.0,-1.0,-1.0,-1.0,-1.0,-1.0,-1.0,-1.0,-1.0,-1.0,-1.0,-1.0,-1.0,-1.0,-1.0,-1.0,-1.0,-1.0,-1.0,-1.0,-1.0,-1.0,-1.0,-1.0,-1.0,-1.0,-1.0,-1.0,-1.0,-1.0,-1.0,-1.0,-1.0,-1.0,-1.0,-1.0,-1.0,-1.0,-1.0,-1.0,-1.0,-1.0,-1.0,-1.0,-1.0,-1.0,-1.0,-1.0,-1.0,-1.0,-1.0,-1.0,-1.0,-1.0,-1.0,-1.0,-1.0,-1.0,-1.0,-1.0,-1.0,-1.0,-1.0,-1.0,-1.0,-1.0,-1.0,-1.0,-1.0,-1.0,-1.0,-1.0,-1.0,-1.0,-1.0,-1.0,-1.0,-1.0,-1.0,-1.0,-1.0,-1.0,-1.0,-1.0,-1.0,-1.0,-1.0,-1.0,-1.0
128x768x768w28-32-29,-1.0,-1.0,-1.0,-1.0,-1.0,-1.0,-1.0,-1.0,-1.0,-1.0,-1.0,-1.0,-1.0,-1.0,-1.0,-1.0,-1.0,-1.0,-1.0,-1.0,-1.0,-1.0,-1.0,-1.0,-1.0,-1.0,-1.0,-1.0,-1.0,-1.0,-1.0,-1.0,-1.0,-1.0,-1.0,-1.0,-1.0,-1.0,-1.0,-1.0,-1.0,-1.0,-1.0,-1.0,-1.0,-1.0,-1.0,-1.0,-1.0,-1.0,-1.0,-1.0,-1.0,-1.0,-1.0,-1.0,-1.0,-1.0,-1.0,-1.0,-1.0,-1.0,-1.0,-1.0,-1.0,-1.0,-1.0,-1.0,-1.0,-1.0,-1.0,-1.0,-1.0,-1.0,-1.0,-1.0,-1.0,-1.0,-1.0,-1.0,-1.0,-1.0,-1.0,-1.0,-1.0,-1.0,-1.0,-1.0,-1.0,-1.0,-1.0,-1.0,-1.0,-1.0,-1.0,-1.0,-1.0,-1.0,-1.0,-1.0,-1.0,-1.0,-1.0,-1.0,-1.0,-1.0,-1.0,-1.0,-1.0,-1.0,-1.0,-1.0,-1.0,-1.0,-1.0,-1.0,-1.0,-1.0,-1.0,-1.0,-1.0,-1.0,-1.0,-1.0,-1.0,-1.0,-1.0,-1.0,-1.0
128x768x768w28-32-30,-1.0,-1.0,-1.0,-1.0,-1.0,-1.0,-1.0,-1.0,-1.0,-1.0,-1.0,-1.0,-1.0,-1.0,-1.0,-1.0,-1.0,-1.0,-1.0,-1.0,-1.0,-1.0,-1.0,-1.0,-1.0,-1.0,-1.0,-1.0,-1.0,-1.0,-1.0,-1.0,-1.0,-1.0,-1.0,-1.0,-1.0,-1.0,-1.0,-1.0,-1.0,-1.0,-1.0,-1.0,-1.0,-1.0,-1.0,-1.0,-1.0,-1.0,-1.0,-1.0,-1.0,-1.0,-1.0,-1.0,-1.0,-1.0,-1.0,-1.0,-1.0,-1.0,-1.0,-1.0,-1.0,-1.0,-1.0,-1.0,-1.0,-1.0,-1.0,-1.0,-1.0,-1.0,-1.0,-1.0,-1.0,-1.0,-1.0,-1.0,-1.0,-1.0,-1.0,-1.0,-1.0,-1.0,-1.0,-1.0,-1.0,-1.0,-1.0,-1.0,-1.0,-1.0,-1.0,-1.0,-1.0,-1.0,-1.0,-1.0,-1.0,-1.0,-1.0,-1.0,-1.0,-1.0,-1.0,-1.0,-1.0,-1.0,-1.0,-1.0,-1.0,-1.0,-1.0,-1.0,-1.0,-1.0,-1.0,-1.0,-1.0,-1.0,-1.0,-1.0,-1.0,-1.0,-1.0,-1.0,-1.0
128x768x768w28-32-31,-1.0,-1.0,-1.0,-1.0,-1.0,-1.0,-1.0,-1.0,-1.0,-1.0,-1.0,-1.0,-1.0,-1.0,-1.0,-1.0,-1.0,-1.0,-1.0,-1.0,-1.0,-1.0,-1.0,-1.0,-1.0,-1.0,-1.0,-1.0,-1.0,-1.0,-1.0,-1.0,-1.0,-1.0,-1.0,-1.0,-1.0,-1.0,-1.0,-1.0,-1.0,-1.0,-1.0,-1.0,-1.0,-1.0,-1.0,-1.0,-1.0,-1.0,-1.0,-1.0,-1.0,-1.0,-1.0,-1.0,-1.0,-1.0,-1.0,-1.0,-1.0,-1.0,-1.0,-1.0,-1.0,-1.0,-1.0,-1.0,-1.0,-1.0,-1.0,-1.0,-1.0,-1.0,-1.0,-1.0,-1.0,-1.0,-1.0,-1.0,-1.0,-1.0,-1.0,-1.0,-1.0,-1.0,-1.0,-1.0,-1.0,-1.0,-1.0,-1.0,-1.0,-1.0,-1.0,-1.0,-1.0,-1.0,-1.0,-1.0,-1.0,-1.0,-1.0,-1.0,-1.0,-1.0,-1.0,-1.0,-1.0,-1.0,-1.0,-1.0,-1.0,-1.0,-1.0,-1.0,-1.0,-1.0,-1.0,-1.0,-1.0,-1.0,-1.0,-1.0,-1.0,-1.0,-1.0,-1.0,-1.0
128x768x768w28-32-32,-1.0,-1.0,-1.0,-1.0,-1.0,-1.0,-1.0,-1.0,-1.0,-1.0,-1.0,-1.0,-1.0,-1.0,-1.0,-1.0,-1.0,-1.0,-1.0,-1.0,-1.0,-1.0,-1.0,-1.0,-1.0,-1.0,-1.0,-1.0,-1.0,-1.0,-1.0,-1.0,-1.0,-1.0,-1.0,-1.0,-1.0,-1.0,-1.0,-1.0,-1.0,-1.0,-1.0,-1.0,-1.0,-1.0,-1.0,-1.0,-1.0,-1.0,-1.0,-1.0,-1.0,-1.0,-1.0,-1.0,-1.0,-1.0,-1.0,-1.0,-1.0,-1.0,-1.0,-1.0,-1.0,-1.0,-1.0,-1.0,-1.0,-1.0,-1.0,-1.0,-1.0,-1.0,-1.0,-1.0,-1.0,-1.0,-1.0,-1.0,-1.0,-1.0,-1.0,-1.0,-1.0,-1.0,-1.0,-1.0,-1.0,-1.0,-1.0,-1.0,-1.0,-1.0,-1.0,-1.0,-1.0,-1.0,-1.0,-1.0,-1.0,-1.0,-1.0,-1.0,-1.0,-1.0,-1.0,-1.0,-1.0,-1.0,-1.0,-1.0,-1.0,-1.0,-1.0,-1.0,-1.0,-1.0,-1.0,-1.0,-1.0,-1.0,-1.0,-1.0,-1.0,-1.0,-1.0,-1.0,-1.0
128x768x768w29-24-35,-1.0,-1.0,-1.0,-1.0,-1.0,-1.0,-1.0,-1.0,-1.0,-1.0,-1.0,-1.0,-1.0,-1.0,-1.0,-1.0,-1.0,-1.0,-1.0,-1.0,-1.0,-1.0,-1.0,-1.0,-1.0,-1.0,-1.0,-1.0,-1.0,-1.0,-1.0,-1.0,-1.0,-1.0,-1.0,-1.0,-1.0,-1.0,-1.0,-1.0,-1.0,-1.0,-1.0,-1.0,-1.0,-1.0,-1.0,-1.0,-1.0,-1.0,-1.0,-1.0,-1.0,-1.0,-1.0,-1.0,-1.0,-1.0,-1.0,-1.0,-1.0,-1.0,-1.0,-1.0,-1.0,-1.0,-1.0,-1.0,-1.0,-1.0,-1.0,-1.0,-1.0,-1.0,-1.0,-1.0,-1.0,-1.0,-1.0,-1.0,-1.0,-1.0,-1.0,-1.0,-1.0,-1.0,-1.0,-1.0,-1.0,-1.0,-1.0,-1.0,-1.0,-1.0,-1.0,-1.0,-1.0,-1.0,-1.0,-1.0,-1.0,-1.0,-1.0,-1.0,-1.0,-1.0,-1.0,-1.0,-1.0,-1.0,-1.0,-1.0,-1.0,-1.0,-1.0,-1.0,-1.0,-1.0,-1.0,-1.0,-1.0,-1.0,-1.0,-1.0,-1.0,-1.0,-1.0,-1.0,-1.0
128x768x768w29-32-27,-1.0,-1.0,-1.0,-1.0,-1.0,-1.0,-1.0,-1.0,-1.0,-1.0,-1.0,-1.0,-1.0,-1.0,-1.0,-1.0,-1.0,-1.0,-1.0,-1.0,-1.0,-1.0,-1.0,-1.0,-1.0,-1.0,-1.0,-1.0,-1.0,-1.0,-1.0,-1.0,-1.0,-1.0,-1.0,-1.0,-1.0,-1.0,-1.0,-1.0,-1.0,-1.0,-1.0,-1.0,-1.0,-1.0,-1.0,-1.0,-1.0,-1.0,-1.0,-1.0,-1.0,-1.0,-1.0,-1.0,-1.0,-1.0,-1.0,-1.0,-1.0,-1.0,-1.0,-1.0,-1.0,-1.0,-1.0,-1.0,-1.0,-1.0,-1.0,-1.0,-1.0,-1.0,-1.0,-1.0,-1.0,-1.0,-1.0,-1.0,-1.0,-1.0,-1.0,-1.0,-1.0,-1.0,-1.0,-1.0,-1.0,-1.0,-1.0,-1.0,-1.0,-1.0,-1.0,-1.0,-1.0,-1.0,-1.0,-1.0,-1.0,-1.0,-1.0,-1.0,-1.0,-1.0,-1.0,-1.0,-1.0,-1.0,-1.0,-1.0,-1.0,-1.0,-1.0,-1.0,-1.0,-1.0,-1.0,-1.0,-1.0,-1.0,-1.0,-1.0,-1.0,-1.0,-1.0,-1.0,-1.0
128x768x768w29-32-28,-1.0,-1.0,-1.0,-1.0,-1.0,-1.0,-1.0,-1.0,-1.0,-1.0,-1.0,-1.0,-1.0,-1.0,-1.0,-1.0,-1.0,-1.0,-1.0,-1.0,-1.0,-1.0,-1.0,-1.0,-1.0,-1.0,-1.0,-1.0,-1.0,-1.0,-1.0,-1.0,-1.0,-1.0,-1.0,-1.0,-1.0,-1.0,-1.0,-1.0,-1.0,-1.0,-1.0,-1.0,-1.0,-1.0,-1.0,-1.0,-1.0,-1.0,-1.0,-1.0,-1.0,-1.0,-1.0,-1.0,-1.0,-1.0,-1.0,-1.0,-1.0,-1.0,-1.0,-1.0,-1.0,-1.0,-1.0,-1.0,-1.0,-1.0,-1.0,-1.0,-1.0,-1.0,-1.0,-1.0,-1.0,-1.0,-1.0,-1.0,-1.0,-1.0,-1.0,-1.0,-1.0,-1.0,-1.0,-1.0,-1.0,-1.0,-1.0,-1.0,-1.0,-1.0,-1.0,-1.0,-1.0,-1.0,-1.0,-1.0,-1.0,-1.0,-1.0,-1.0,-1.0,-1.0,-1.0,-1.0,-1.0,-1.0,-1.0,-1.0,-1.0,-1.0,-1.0,-1.0,-1.0,-1.0,-1.0,-1.0,-1.0,-1.0,-1.0,-1.0,-1.0,-1.0,-1.0,-1.0,-1.0
128x768x768w29-32-29,-1.0,-1.0,-1.0,-1.0,-1.0,-1.0,-1.0,-1.0,-1.0,-1.0,-1.0,-1.0,-1.0,-1.0,-1.0,-1.0,-1.0,-1.0,-1.0,-1.0,-1.0,-1.0,-1.0,-1.0,-1.0,-1.0,-1.0,-1.0,-1.0,-1.0,-1.0,-1.0,-1.0,-1.0,-1.0,-1.0,-1.0,-1.0,-1.0,-1.0,-1.0,-1.0,-1.0,-1.0,-1.0,-1.0,-1.0,-1.0,-1.0,-1.0,-1.0,-1.0,-1.0,-1.0,-1.0,-1.0,-1.0,-1.0,-1.0,-1.0,-1.0,-1.0,-1.0,-1.0,-1.0,-1.0,-1.0,-1.0,-1.0,-1.0,-1.0,-1.0,-1.0,-1.0,-1.0,-1.0,-1.0,-1.0,-1.0,-1.0,-1.0,-1.0,-1.0,-1.0,-1.0,-1.0,-1.0,-1.0,-1.0,-1.0,-1.0,-1.0,-1.0,-1.0,-1.0,-1.0,-1.0,-1.0,-1.0,-1.0,-1.0,-1.0,-1.0,-1.0,-1.0,-1.0,-1.0,-1.0,-1.0,-1.0,-1.0,-1.0,-1.0,-1.0,-1.0,-1.0,-1.0,-1.0,-1.0,-1.0,-1.0,-1.0,-1.0,-1.0,-1.0,-1.0,-1.0,-1.0,-1.0
128x768x768w29-32-30,-1.0,-1.0,-1.0,-1.0,-1.0,-1.0,-1.0,-1.0,-1.0,-1.0,-1.0,-1.0,-1.0,-1.0,-1.0,-1.0,-1.0,-1.0,-1.0,-1.0,-1.0,-1.0,-1.0,-1.0,-1.0,-1.0,-1.0,-1.0,-1.0,-1.0,-1.0,-1.0,-1.0,-1.0,-1.0,-1.0,-1.0,-1.0,-1.0,-1.0,-1.0,-1.0,-1.0,-1.0,-1.0,-1.0,-1.0,-1.0,-1.0,-1.0,-1.0,-1.0,-1.0,-1.0,-1.0,-1.0,-1.0,-1.0,-1.0,-1.0,-1.0,-1.0,-1.0,-1.0,-1.0,-1.0,-1.0,-1.0,-1.0,-1.0,-1.0,-1.0,-1.0,-1.0,-1.0,-1.0,-1.0,-1.0,-1.0,-1.0,-1.0,-1.0,-1.0,-1.0,-1.0,-1.0,-1.0,-1.0,-1.0,-1.0,-1.0,-1.0,-1.0,-1.0,-1.0,-1.0,-1.0,-1.0,-1.0,-1.0,-1.0,-1.0,-1.0,-1.0,-1.0,-1.0,-1.0,-1.0,-1.0,-1.0,-1.0,-1.0,-1.0,-1.0,-1.0,-1.0,-1.0,-1.0,-1.0,-1.0,-1.0,-1.0,-1.0,-1.0,-1.0,-1.0,-1.0,-1.0,-1.0
128x768x768w29-32-31,-1.0,-1.0,-1.0,-1.0,-1.0,-1.0,-1.0,-1.0,-1.0,-1.0,-1.0,-1.0,-1.0,-1.0,-1.0,-1.0,-1.0,-1.0,-1.0,-1.0,-1.0,-1.0,-1.0,-1.0,-1.0,-1.0,-1.0,-1.0,-1.0,-1.0,-1.0,-1.0,-1.0,-1.0,-1.0,-1.0,-1.0,-1.0,-1.0,-1.0,-1.0,-1.0,-1.0,-1.0,-1.0,-1.0,-1.0,-1.0,-1.0,-1.0,-1.0,-1.0,-1.0,-1.0,-1.0,-1.0,-1.0,-1.0,-1.0,-1.0,-1.0,-1.0,-1.0,-1.0,-1.0,-1.0,-1.0,-1.0,-1.0,-1.0,-1.0,-1.0,-1.0,-1.0,-1.0,-1.0,-1.0,-1.0,-1.0,-1.0,-1.0,-1.0,-1.0,-1.0,-1.0,-1.0,-1.0,-1.0,-1.0,-1.0,-1.0,-1.0,-1.0,-1.0,-1.0,-1.0,-1.0,-1.0,-1.0,-1.0,-1.0,-1.0,-1.0,-1.0,-1.0,-1.0,-1.0,-1.0,-1.0,-1.0,-1.0,-1.0,-1.0,-1.0,-1.0,-1.0,-1.0,-1.0,-1.0,-1.0,-1.0,-1.0,-1.0,-1.0,-1.0,-1.0,-1.0,-1.0,-1.0
128x768x768w29-32-32,-1.0,-1.0,-1.0,-1.0,-1.0,-1.0,-1.0,-1.0,-1.0,-1.0,-1.0,-1.0,-1.0,-1.0,-1.0,-1.0,-1.0,-1.0,-1.0,-1.0,-1.0,-1.0,-1.0,-1.0,-1.0,-1.0,-1.0,-1.0,-1.0,-1.0,-1.0,-1.0,-1.0,-1.0,-1.0,-1.0,-1.0,-1.0,-1.0,-1.0,-1.0,-1.0,-1.0,-1.0,-1.0,-1.0,-1.0,-1.0,-1.0,-1.0,-1.0,-1.0,-1.0,-1.0,-1.0,-1.0,-1.0,-1.0,-1.0,-1.0,-1.0,-1.0,-1.0,-1.0,-1.0,-1.0,-1.0,-1.0,-1.0,-1.0,-1.0,-1.0,-1.0,-1.0,-1.0,-1.0,-1.0,-1.0,-1.0,-1.0,-1.0,-1.0,-1.0,-1.0,-1.0,-1.0,-1.0,-1.0,-1.0,-1.0,-1.0,-1.0,-1.0,-1.0,-1.0,-1.0,-1.0,-1.0,-1.0,-1.0,-1.0,-1.0,-1.0,-1.0,-1.0,-1.0,-1.0,-1.0,-1.0,-1.0,-1.0,-1.0,-1.0,-1.0,-1.0,-1.0,-1.0,-1.0,-1.0,-1.0,-1.0,-1.0,-1.0,-1.0,-1.0,-1.0,-1.0,-1.0,-1.0
128x768x768w30-32-27,-1.0,-1.0,-1.0,-1.0,-1.0,-1.0,-1.0,-1.0,-1.0,-1.0,-1.0,-1.0,-1.0,-1.0,-1.0,-1.0,-1.0,-1.0,-1.0,-1.0,-1.0,-1.0,-1.0,-1.0,-1.0,-1.0,-1.0,-1.0,-1.0,-1.0,-1.0,-1.0,-1.0,-1.0,-1.0,-1.0,-1.0,-1.0,-1.0,-1.0,-1.0,-1.0,-1.0,-1.0,-1.0,-1.0,-1.0,-1.0,-1.0,-1.0,-1.0,-1.0,-1.0,-1.0,-1.0,-1.0,-1.0,-1.0,-1.0,-1.0,-1.0,-1.0,-1.0,-1.0,-1.0,-1.0,-1.0,-1.0,-1.0,-1.0,-1.0,-1.0,-1.0,-1.0,-1.0,-1.0,-1.0,-1.0,-1.0,-1.0,-1.0,-1.0,-1.0,-1.0,-1.0,-1.0,-1.0,-1.0,-1.0,-1.0,-1.0,-1.0,-1.0,-1.0,-1.0,-1.0,-1.0,-1.0,-1.0,-1.0,-1.0,-1.0,-1.0,-1.0,-1.0,-1.0,-1.0,-1.0,-1.0,-1.0,-1.0,-1.0,-1.0,-1.0,-1.0,-1.0,-1.0,-1.0,-1.0,-1.0,-1.0,-1.0,-1.0,-1.0,-1.0,-1.0,-1.0,-1.0,-1.0
128x768x768w30-32-28,-1.0,-1.0,-1.0,-1.0,-1.0,-1.0,-1.0,-1.0,-1.0,-1.0,-1.0,-1.0,-1.0,-1.0,-1.0,-1.0,-1.0,-1.0,-1.0,-1.0,-1.0,-1.0,-1.0,-1.0,-1.0,-1.0,-1.0,-1.0,-1.0,-1.0,-1.0,-1.0,-1.0,-1.0,-1.0,-1.0,-1.0,-1.0,-1.0,-1.0,-1.0,-1.0,-1.0,-1.0,-1.0,-1.0,-1.0,-1.0,-1.0,-1.0,-1.0,-1.0,-1.0,-1.0,-1.0,-1.0,-1.0,-1.0,-1.0,-1.0,-1.0,-1.0,-1.0,-1.0,-1.0,-1.0,-1.0,-1.0,-1.0,-1.0,-1.0,-1.0,-1.0,-1.0,-1.0,-1.0,-1.0,-1.0,-1.0,-1.0,-1.0,-1.0,-1.0,-1.0,-1.0,-1.0,-1.0,-1.0,-1.0,-1.0,-1.0,-1.0,-1.0,-1.0,-1.0,-1.0,-1.0,-1.0,-1.0,-1.0,-1.0,-1.0,-1.0,-1.0,-1.0,-1.0,-1.0,-1.0,-1.0,-1.0,-1.0,-1.0,-1.0,-1.0,-1.0,-1.0,-1.0,-1.0,-1.0,-1.0,-1.0,-1.0,-1.0,-1.0,-1.0,-1.0,-1.0,-1.0,-1.0
128x768x768w30-32-29,-1.0,-1.0,-1.0,-1.0,-1.0,-1.0,-1.0,-1.0,-1.0,-1.0,-1.0,-1.0,-1.0,-1.0,-1.0,-1.0,-1.0,-1.0,-1.0,-1.0,-1.0,-1.0,-1.0,-1.0,-1.0,-1.0,-1.0,-1.0,-1.0,-1.0,-1.0,-1.0,-1.0,-1.0,-1.0,-1.0,-1.0,-1.0,-1.0,-1.0,-1.0,-1.0,-1.0,-1.0,-1.0,-1.0,-1.0,-1.0,-1.0,-1.0,-1.0,-1.0,-1.0,-1.0,-1.0,-1.0,-1.0,-1.0,-1.0,-1.0,-1.0,-1.0,-1.0,-1.0,-1.0,-1.0,-1.0,-1.0,-1.0,-1.0,-1.0,-1.0,-1.0,-1.0,-1.0,-1.0,-1.0,-1.0,-1.0,-1.0,-1.0,-1.0,-1.0,-1.0,-1.0,-1.0,-1.0,-1.0,-1.0,-1.0,-1.0,-1.0,-1.0,-1.0,-1.0,-1.0,-1.0,-1.0,-1.0,-1.0,-1.0,-1.0,-1.0,-1.0,-1.0,-1.0,-1.0,-1.0,-1.0,-1.0,-1.0,-1.0,-1.0,-1.0,-1.0,-1.0,-1.0,-1.0,-1.0,-1.0,-1.0,-1.0,-1.0,-1.0,-1.0,-1.0,-1.0,-1.0,-1.0
128x768x768w30-32-30,-1.0,-1.0,-1.0,-1.0,-1.0,-1.0,-1.0,-1.0,-1.0,-1.0,-1.0,-1.0,-1.0,-1.0,-1.0,-1.0,-1.0,-1.0,-1.0,-1.0,-1.0,-1.0,-1.0,-1.0,-1.0,-1.0,-1.0,-1.0,-1.0,-1.0,-1.0,-1.0,-1.0,-1.0,-1.0,-1.0,-1.0,-1.0,-1.0,-1.0,-1.0,-1.0,-1.0,-1.0,-1.0,-1.0,-1.0,-1.0,-1.0,-1.0,-1.0,-1.0,-1.0,-1.0,-1.0,-1.0,-1.0,-1.0,-1.0,-1.0,-1.0,-1.0,-1.0,-1.0,-1.0,-1.0,-1.0,-1.0,-1.0,-1.0,-1.0,-1.0,-1.0,-1.0,-1.0,-1.0,-1.0,-1.0,-1.0,-1.0,-1.0,-1.0,-1.0,-1.0,-1.0,-1.0,-1.0,-1.0,-1.0,-1.0,-1.0,-1.0,-1.0,-1.0,-1.0,-1.0,-1.0,-1.0,-1.0,-1.0,-1.0,-1.0,-1.0,-1.0,-1.0,-1.0,-1.0,-1.0,-1.0,-1.0,-1.0,-1.0,-1.0,-1.0,-1.0,-1.0,-1.0,-1.0,-1.0,-1.0,-1.0,-1.0,-1.0,-1.0,-1.0,-1.0,-1.0,-1.0,-1.0
128x768x768w30-32-31,-1.0,-1.0,-1.0,-1.0,-1.0,-1.0,-1.0,-1.0,-1.0,-1.0,-1.0,-1.0,-1.0,-1.0,-1.0,-1.0,-1.0,-1.0,-1.0,-1.0,-1.0,-1.0,-1.0,-1.0,-1.0,-1.0,-1.0,-1.0,-1.0,-1.0,-1.0,-1.0,-1.0,-1.0,-1.0,-1.0,-1.0,-1.0,-1.0,-1.0,-1.0,-1.0,-1.0,-1.0,-1.0,-1.0,-1.0,-1.0,-1.0,-1.0,-1.0,-1.0,-1.0,-1.0,-1.0,-1.0,-1.0,-1.0,-1.0,-1.0,-1.0,-1.0,-1.0,-1.0,-1.0,-1.0,-1.0,-1.0,-1.0,-1.0,-1.0,-1.0,-1.0,-1.0,-1.0,-1.0,-1.0,-1.0,-1.0,-1.0,-1.0,-1.0,-1.0,-1.0,-1.0,-1.0,-1.0,-1.0,-1.0,-1.0,-1.0,-1.0,-1.0,-1.0,-1.0,-1.0,-1.0,-1.0,-1.0,-1.0,-1.0,-1.0,-1.0,-1.0,-1.0,-1.0,-1.0,-1.0,-1.0,-1.0,-1.0,-1.0,-1.0,-1.0,-1.0,-1.0,-1.0,-1.0,-1.0,-1.0,-1.0,-1.0,-1.0,-1.0,-1.0,-1.0,-1.0,-1.0,-1.0
128x768x768w30-32-32,-1.0,-1.0,-1.0,-1.0,-1.0,-1.0,-1.0,-1.0,-1.0,-1.0,-1.0,-1.0,-1.0,-1.0,-1.0,-1.0,-1.0,-1.0,-1.0,-1.0,-1.0,-1.0,-1.0,-1.0,-1.0,-1.0,-1.0,-1.0,-1.0,-1.0,-1.0,-1.0,-1.0,-1.0,-1.0,-1.0,-1.0,-1.0,-1.0,-1.0,-1.0,-1.0,-1.0,-1.0,-1.0,-1.0,-1.0,-1.0,-1.0,-1.0,-1.0,-1.0,-1.0,-1.0,-1.0,-1.0,-1.0,-1.0,-1.0,-1.0,-1.0,-1.0,-1.0,-1.0,-1.0,-1.0,-1.0,-1.0,-1.0,-1.0,-1.0,-1.0,-1.0,-1.0,-1.0,-1.0,-1.0,-1.0,-1.0,-1.0,-1.0,-1.0,-1.0,-1.0,-1.0,-1.0,-1.0,-1.0,-1.0,-1.0,-1.0,-1.0,-1.0,-1.0,-1.0,-1.0,-1.0,-1.0,-1.0,-1.0,-1.0,-1.0,-1.0,-1.0,-1.0,-1.0,-1.0,-1.0,-1.0,-1.0,-1.0,-1.0,-1.0,-1.0,-1.0,-1.0,-1.0,-1.0,-1.0,-1.0,-1.0,-1.0,-1.0,-1.0,-1.0,-1.0,-1.0,-1.0,-1.0
128x768x768w31-24-32,-1.0,-1.0,-1.0,-1.0,-1.0,-1.0,-1.0,-1.0,-1.0,-1.0,-1.0,-1.0,-1.0,-1.0,-1.0,-1.0,-1.0,-1.0,-1.0,-1.0,-1.0,-1.0,-1.0,-1.0,-1.0,-1.0,-1.0,-1.0,-1.0,-1.0,-1.0,-1.0,-1.0,-1.0,-1.0,-1.0,-1.0,-1.0,-1.0,-1.0,-1.0,-1.0,-1.0,-1.0,-1.0,-1.0,-1.0,-1.0,-1.0,-1.0,-1.0,-1.0,-1.0,-1.0,-1.0,-1.0,-1.0,-1.0,-1.0,-1.0,-1.0,-1.0,-1.0,-1.0,-1.0,-1.0,-1.0,-1.0,-1.0,-1.0,-1.0,-1.0,-1.0,-1.0,-1.0,-1.0,-1.0,-1.0,-1.0,-1.0,-1.0,-1.0,-1.0,-1.0,-1.0,-1.0,-1.0,-1.0,-1.0,-1.0,-1.0,-1.0,-1.0,-1.0,-1.0,-1.0,-1.0,-1.0,-1.0,-1.0,-1.0,-1.0,-1.0,-1.0,-1.0,-1.0,-1.0,-1.0,-1.0,-1.0,-1.0,-1.0,-1.0,-1.0,-1.0,-1.0,-1.0,-1.0,-1.0,-1.0,-1.0,-1.0,-1.0,-1.0,-1.0,-1.0,-1.0,-1.0,-1.0
128x768x768w31-24-33,-1.0,-1.0,-1.0,-1.0,-1.0,-1.0,-1.0,-1.0,-1.0,-1.0,-1.0,-1.0,-1.0,-1.0,-1.0,-1.0,-1.0,-1.0,-1.0,-1.0,-1.0,-1.0,-1.0,-1.0,-1.0,-1.0,-1.0,-1.0,-1.0,-1.0,-1.0,-1.0,-1.0,-1.0,-1.0,-1.0,-1.0,-1.0,-1.0,-1.0,-1.0,-1.0,-1.0,-1.0,-1.0,-1.0,-1.0,-1.0,-1.0,-1.0,-1.0,-1.0,-1.0,-1.0,-1.0,-1.0,-1.0,-1.0,-1.0,-1.0,-1.0,-1.0,-1.0,-1.0,-1.0,-1.0,-1.0,-1.0,-1.0,-1.0,-1.0,-1.0,-1.0,-1.0,-1.0,-1.0,-1.0,-1.0,-1.0,-1.0,-1.0,-1.0,-1.0,-1.0,-1.0,-1.0,-1.0,-1.0,-1.0,-1.0,-1.0,-1.0,-1.0,-1.0,-1.0,-1.0,-1.0,-1.0,-1.0,-1.0,-1.0,-1.0,-1.0,-1.0,-1.0,-1.0,-1.0,-1.0,-1.0,-1.0,-1.0,-1.0,-1.0,-1.0,-1.0,-1.0,-1.0,-1.0,-1.0,-1.0,-1.0,-1.0,-1.0,-1.0,-1.0,-1.0,-1.0,-1.0,-1.0
128x768x768w31-32-24,-1.0,-1.0,-1.0,-1.0,-1.0,-1.0,-1.0,-1.0,-1.0,-1.0,-1.0,-1.0,-1.0,-1.0,-1.0,-1.0,-1.0,-1.0,-1.0,-1.0,-1.0,-1.0,-1.0,-1.0,-1.0,-1.0,-1.0,-1.0,-1.0,-1.0,-1.0,-1.0,-1.0,-1.0,-1.0,-1.0,-1.0,-1.0,-1.0,-1.0,-1.0,-1.0,-1.0,-1.0,-1.0,-1.0,-1.0,-1.0,-1.0,-1.0,-1.0,-1.0,-1.0,-1.0,-1.0,-1.0,-1.0,-1.0,-1.0,-1.0,-1.0,-1.0,-1.0,-1.0,-1.0,-1.0,-1.0,-1.0,-1.0,-1.0,-1.0,-1.0,-1.0,-1.0,-1.0,-1.0,-1.0,-1.0,-1.0,-1.0,-1.0,-1.0,-1.0,-1.0,-1.0,-1.0,-1.0,-1.0,-1.0,-1.0,-1.0,-1.0,-1.0,-1.0,-1.0,-1.0,-1.0,-1.0,-1.0,-1.0,-1.0,-1.0,-1.0,-1.0,-1.0,-1.0,-1.0,-1.0,-1.0,-1.0,-1.0,-1.0,-1.0,-1.0,-1.0,-1.0,-1.0,-1.0,-1.0,-1.0,-1.0,-1.0,-1.0,-1.0,-1.0,-1.0,-1.0,-1.0,-1.0
128x768x768w31-32-25,-1.0,-1.0,-1.0,-1.0,-1.0,-1.0,-1.0,-1.0,-1.0,-1.0,-1.0,-1.0,-1.0,-1.0,-1.0,-1.0,-1.0,-1.0,-1.0,-1.0,-1.0,-1.0,-1.0,-1.0,-1.0,-1.0,-1.0,-1.0,-1.0,-1.0,-1.0,-1.0,-1.0,-1.0,-1.0,-1.0,-1.0,-1.0,-1.0,-1.0,-1.0,-1.0,-1.0,-1.0,-1.0,-1.0,-1.0,-1.0,-1.0,-1.0,-1.0,-1.0,-1.0,-1.0,-1.0,-1.0,-1.0,-1.0,-1.0,-1.0,-1.0,-1.0,-1.0,-1.0,-1.0,-1.0,-1.0,-1.0,-1.0,-1.0,-1.0,-1.0,-1.0,-1.0,-1.0,-1.0,-1.0,-1.0,-1.0,-1.0,-1.0,-1.0,-1.0,-1.0,-1.0,-1.0,-1.0,-1.0,-1.0,-1.0,-1.0,-1.0,-1.0,-1.0,-1.0,-1.0,-1.0,-1.0,-1.0,-1.0,-1.0,-1.0,-1.0,-1.0,-1.0,-1.0,-1.0,-1.0,-1.0,-1.0,-1.0,-1.0,-1.0,-1.0,-1.0,-1.0,-1.0,-1.0,-1.0,-1.0,-1.0,-1.0,-1.0,-1.0,-1.0,-1.0,-1.0,-1.0,-1.0
128x768x768w31-32-26,-1.0,-1.0,-1.0,-1.0,-1.0,-1.0,-1.0,-1.0,-1.0,-1.0,-1.0,-1.0,-1.0,-1.0,-1.0,-1.0,-1.0,-1.0,-1.0,-1.0,-1.0,-1.0,-1.0,-1.0,-1.0,-1.0,-1.0,-1.0,-1.0,-1.0,-1.0,-1.0,-1.0,-1.0,-1.0,-1.0,-1.0,-1.0,-1.0,-1.0,-1.0,-1.0,-1.0,-1.0,-1.0,-1.0,-1.0,-1.0,-1.0,-1.0,-1.0,-1.0,-1.0,-1.0,-1.0,-1.0,-1.0,-1.0,-1.0,-1.0,-1.0,-1.0,-1.0,-1.0,-1.0,-1.0,-1.0,-1.0,-1.0,-1.0,-1.0,-1.0,-1.0,-1.0,-1.0,-1.0,-1.0,-1.0,-1.0,-1.0,-1.0,-1.0,-1.0,-1.0,-1.0,-1.0,-1.0,-1.0,-1.0,-1.0,-1.0,-1.0,-1.0,-1.0,-1.0,-1.0,-1.0,-1.0,-1.0,-1.0,-1.0,-1.0,-1.0,-1.0,-1.0,-1.0,-1.0,-1.0,-1.0,-1.0,-1.0,-1.0,-1.0,-1.0,-1.0,-1.0,-1.0,-1.0,-1.0,-1.0,-1.0,-1.0,-1.0,-1.0,-1.0,-1.0,-1.0,-1.0,-1.0
128x768x768w31-32-27,-1.0,-1.0,-1.0,-1.0,-1.0,-1.0,-1.0,-1.0,-1.0,-1.0,-1.0,-1.0,-1.0,-1.0,-1.0,-1.0,-1.0,-1.0,-1.0,-1.0,-1.0,-1.0,-1.0,-1.0,-1.0,-1.0,-1.0,-1.0,-1.0,-1.0,-1.0,-1.0,-1.0,-1.0,-1.0,-1.0,-1.0,-1.0,-1.0,-1.0,-1.0,-1.0,-1.0,-1.0,-1.0,-1.0,-1.0,-1.0,-1.0,-1.0,-1.0,-1.0,-1.0,-1.0,-1.0,-1.0,-1.0,-1.0,-1.0,-1.0,-1.0,-1.0,-1.0,-1.0,-1.0,-1.0,-1.0,-1.0,-1.0,-1.0,-1.0,-1.0,-1.0,-1.0,-1.0,-1.0,-1.0,-1.0,-1.0,-1.0,-1.0,-1.0,-1.0,-1.0,-1.0,-1.0,-1.0,-1.0,-1.0,-1.0,-1.0,-1.0,-1.0,-1.0,-1.0,-1.0,-1.0,-1.0,-1.0,-1.0,-1.0,-1.0,-1.0,-1.0,-1.0,-1.0,-1.0,-1.0,-1.0,-1.0,-1.0,-1.0,-1.0,-1.0,-1.0,-1.0,-1.0,-1.0,-1.0,-1.0,-1.0,-1.0,-1.0,-1.0,-1.0,-1.0,-1.0,-1.0,-1.0
128x768x768w31-32-28,-1.0,-1.0,-1.0,-1.0,-1.0,-1.0,-1.0,-1.0,-1.0,-1.0,-1.0,-1.0,-1.0,-1.0,-1.0,-1.0,-1.0,-1.0,-1.0,-1.0,-1.0,-1.0,-1.0,-1.0,-1.0,-1.0,-1.0,-1.0,-1.0,-1.0,-1.0,-1.0,-1.0,-1.0,-1.0,-1.0,-1.0,-1.0,-1.0,-1.0,-1.0,-1.0,-1.0,-1.0,-1.0,-1.0,-1.0,-1.0,-1.0,-1.0,-1.0,-1.0,-1.0,-1.0,-1.0,-1.0,-1.0,-1.0,-1.0,-1.0,-1.0,-1.0,-1.0,-1.0,-1.0,-1.0,-1.0,-1.0,-1.0,-1.0,-1.0,-1.0,-1.0,-1.0,-1.0,-1.0,-1.0,-1.0,-1.0,-1.0,-1.0,-1.0,-1.0,-1.0,-1.0,-1.0,-1.0,-1.0,-1.0,-1.0,-1.0,-1.0,-1.0,-1.0,-1.0,-1.0,-1.0,-1.0,-1.0,-1.0,-1.0,-1.0,-1.0,-1.0,-1.0,-1.0,-1.0,-1.0,-1.0,-1.0,-1.0,-1.0,-1.0,-1.0,-1.0,-1.0,-1.0,-1.0,-1.0,-1.0,-1.0,-1.0,-1.0,-1.0,-1.0,-1.0,-1.0,-1.0,-1.0
128x768x768w31-32-29,-1.0,-1.0,-1.0,-1.0,-1.0,-1.0,-1.0,-1.0,-1.0,-1.0,-1.0,-1.0,-1.0,-1.0,-1.0,-1.0,-1.0,-1.0,-1.0,-1.0,-1.0,-1.0,-1.0,-1.0,-1.0,-1.0,-1.0,-1.0,-1.0,-1.0,-1.0,-1.0,-1.0,-1.0,-1.0,-1.0,-1.0,-1.0,-1.0,-1.0,-1.0,-1.0,-1.0,-1.0,-1.0,-1.0,-1.0,-1.0,-1.0,-1.0,-1.0,-1.0,-1.0,-1.0,-1.0,-1.0,-1.0,-1.0,-1.0,-1.0,-1.0,-1.0,-1.0,-1.0,-1.0,-1.0,-1.0,-1.0,-1.0,-1.0,-1.0,-1.0,-1.0,-1.0,-1.0,-1.0,-1.0,-1.0,-1.0,-1.0,-1.0,-1.0,-1.0,-1.0,-1.0,-1.0,-1.0,-1.0,-1.0,-1.0,-1.0,-1.0,-1.0,-1.0,-1.0,-1.0,-1.0,-1.0,-1.0,-1.0,-1.0,-1.0,-1.0,-1.0,-1.0,-1.0,-1.0,-1.0,-1.0,-1.0,-1.0,-1.0,-1.0,-1.0,-1.0,-1.0,-1.0,-1.0,-1.0,-1.0,-1.0,-1.0,-1.0,-1.0,-1.0,-1.0,-1.0,-1.0,-1.0
128x768x768w31-32-30,-1.0,-1.0,-1.0,-1.0,-1.0,-1.0,-1.0,-1.0,-1.0,-1.0,-1.0,-1.0,-1.0,-1.0,-1.0,-1.0,-1.0,-1.0,-1.0,-1.0,-1.0,-1.0,-1.0,-1.0,-1.0,-1.0,-1.0,-1.0,-1.0,-1.0,-1.0,-1.0,-1.0,-1.0,-1.0,-1.0,-1.0,-1.0,-1.0,-1.0,-1.0,-1.0,-1.0,-1.0,-1.0,-1.0,-1.0,-1.0,-1.0,-1.0,-1.0,-1.0,-1.0,-1.0,-1.0,-1.0,-1.0,-1.0,-1.0,-1.0,-1.0,-1.0,-1.0,-1.0,-1.0,-1.0,-1.0,-1.0,-1.0,-1.0,-1.0,-1.0,-1.0,-1.0,-1.0,-1.0,-1.0,-1.0,-1.0,-1.0,-1.0,-1.0,-1.0,-1.0,-1.0,-1.0,-1.0,-1.0,-1.0,-1.0,-1.0,-1.0,-1.0,-1.0,-1.0,-1.0,-1.0,-1.0,-1.0,-1.0,-1.0,-1.0,-1.0,-1.0,-1.0,-1.0,-1.0,-1.0,-1.0,-1.0,-1.0,-1.0,-1.0,-1.0,-1.0,-1.0,-1.0,-1.0,-1.0,-1.0,-1.0,-1.0,-1.0,-1.0,-1.0,-1.0,-1.0,-1.0,-1.0
128x768x768w31-32-31,-1.0,-1.0,-1.0,-1.0,-1.0,-1.0,-1.0,-1.0,-1.0,-1.0,-1.0,-1.0,-1.0,-1.0,-1.0,-1.0,-1.0,-1.0,-1.0,-1.0,-1.0,-1.0,-1.0,-1.0,-1.0,-1.0,-1.0,-1.0,-1.0,-1.0,-1.0,-1.0,-1.0,-1.0,-1.0,-1.0,-1.0,-1.0,-1.0,-1.0,-1.0,-1.0,-1.0,-1.0,-1.0,-1.0,-1.0,-1.0,-1.0,-1.0,-1.0,-1.0,-1.0,-1.0,-1.0,-1.0,-1.0,-1.0,-1.0,-1.0,-1.0,-1.0,-1.0,-1.0,-1.0,-1.0,-1.0,-1.0,-1.0,-1.0,-1.0,-1.0,-1.0,-1.0,-1.0,-1.0,-1.0,-1.0,-1.0,-1.0,-1.0,-1.0,-1.0,-1.0,-1.0,-1.0,-1.0,-1.0,-1.0,-1.0,-1.0,-1.0,-1.0,-1.0,-1.0,-1.0,-1.0,-1.0,-1.0,-1.0,-1.0,-1.0,-1.0,-1.0,-1.0,-1.0,-1.0,-1.0,-1.0,-1.0,-1.0,-1.0,-1.0,-1.0,-1.0,-1.0,-1.0,-1.0,-1.0,-1.0,-1.0,-1.0,-1.0,-1.0,-1.0,-1.0,-1.0,-1.0,-1.0
128x768x768w31-32-32,-1.0,-1.0,-1.0,-1.0,-1.0,-1.0,-1.0,-1.0,-1.0,-1.0,-1.0,-1.0,-1.0,-1.0,-1.0,-1.0,-1.0,-1.0,-1.0,-1.0,-1.0,-1.0,-1.0,-1.0,-1.0,-1.0,-1.0,-1.0,-1.0,-1.0,-1.0,-1.0,-1.0,-1.0,-1.0,-1.0,-1.0,-1.0,-1.0,-1.0,-1.0,-1.0,-1.0,-1.0,-1.0,-1.0,-1.0,-1.0,-1.0,-1.0,-1.0,-1.0,-1.0,-1.0,-1.0,-1.0,-1.0,-1.0,-1.0,-1.0,-1.0,-1.0,-1.0,-1.0,-1.0,-1.0,-1.0,-1.0,-1.0,-1.0,-1.0,-1.0,-1.0,-1.0,-1.0,-1.0,-1.0,-1.0,-1.0,-1.0,-1.0,-1.0,-1.0,-1.0,-1.0,-1.0,-1.0,-1.0,-1.0,-1.0,-1.0,-1.0,-1.0,-1.0,-1.0,-1.0,-1.0,-1.0,-1.0,-1.0,-1.0,-1.0,-1.0,-1.0,-1.0,-1.0,-1.0,-1.0,-1.0,-1.0,-1.0,-1.0,-1.0,-1.0,-1.0,-1.0,-1.0,-1.0,-1.0,-1.0,-1.0,-1.0,-1.0,-1.0,-1.0,-1.0,-1.0,-1.0,-1.0
128x768x768w32-24-28,11204054.0,11204054.0,11196886.0,3304.0,600.0,11200148.0,357416.0,650709.0,10184857.0,10835566.0,11196886.0,10542273.0,3584.0,11204044.0,11204044.0,11196876.0,3303.0,573.0,11200166.0,351183.0,682951.0,10158866.0,10841817.0,11196876.0,10510049.0,3584.0,11204043.0,11204043.0,11196875.0,3302.0,557.0,11200182.0,351238.0,701622.0,10140156.0,10841778.0,11196875.0,10491394.0,3584.0,11204042.0,11204042.0,11196874.0,3301.0,547.0,11200192.0,350116.0,663106.0,10179804.0,10842910.0,11196874.0,10529920.0,3584.0,11204039.0,11204039.0,11196871.0,3298.0,549.0,11200190.0,354490.0,649760.0,10188774.0,10838534.0,11196871.0,10543264.0,3584.0,11204038.0,11204038.0,11196870.0,3297.0,536.0,11200203.0,349834.0,629417.0,10213786.0,10843203.0,11196870.0,10563620.0,3584.0,11204037.0,11204037.0,11196869.0,3296.0,562.0,11200177.0,352989.0,646339.0,10193683.0,10840022.0,11196869.0,10546672.0,3584.0,11204036.0,11204036.0,11196868.0,3295.0,561.0,11200178.0,353637.0,643213.0,10196162.0,10839375.0,11196868.0,10549799.0,3584.0,11200203.0,11204033.0,11204033.0,11204052.0,28672.0,5267117.0,81456088.0,2820903.0,84276991.0,21.0,21.0,11.0,11.0,10.0,10.0,9.0,9.0,6.0,6.0,5.0,5.0,4.0,4.0,3.0,3.0
128x768x768w32-24-29,11164161.0,11164161.0,11157249.0,3329.0,530.0,11160300.0,340821.0,665762.0,10146807.0,10812569.0,11157249.0,10487628.0,3456.0,11164147.0,11164147.0,11157235.0,3328.0,532.0,11160285.0,344324.0,672787.0,10136264.0,10809051.0,11157235.0,10480588.0,3456.0,11164147.0,11164147.0,11157235.0,3327.0,516.0,11160302.0,343819.0,684898.0,10124675.0,10809573.0,11157235.0,10468494.0,3456.0,11164147.0,11164147.0,11157235.0,3326.0,506.0,11160313.0,344551.0,639240.0,10169612.0,10808852.0,11157235.0,10514163.0,3456.0,11164145.0,11164145.0,11157233.0,3323.0,505.0,11160315.0,347009.0,635058.0,10171338.0,10806396.0,11157233.0,10518347.0,3456.0,11164145.0,11164145.0,11157233.0,3322.0,494.0,11160327.0,337257.0,611380.0,10204780.0,10816160.0,11157233.0,10542037.0,3456.0,11164145.0,11164145.0,11157233.0,3321.0,499.0,11160323.0,340031.0,618604.0,10194778.0,10813382.0,11157233.0,10534809.0,3456.0,11164137.0,11164137.0,11157225.0,3320.0,523.0,11160292.0,337642.0,598067.0,10217673.0,10815740.0,11157225.0,10555315.0,3456.0,11160327.0,11164135.0,11164135.0,11164154.0,27648.0,5125796.0,81365927.0,2735454.0,84101381.0,26.0,26.0,12.0,12.0,12.0,12.0,12.0,12.0,10.0,10.0,10.0,10.0,10.0,10.0,2.0,2.0
128x768x768w32-24-30,11076181.0,11076181.0,11069525.0,3307.0,530.0,11072342.0,327956.0,610062.0,10127670.0,10737732.0,11069525.0,10455626.0,3328.0,11076185.0,11076185.0,11069529.0,3306.0,537.0,11072340.0,323728.0,622591.0,10119367.0,10741958.0,11069529.0,10443095.0,3328.0,11076184.0,11076184.0,11069528.0,3305.0,538.0,11072339.0,325348.0,632265.0,10108072.0,10740337.0,11069528.0,10433420.0,3328.0,11076183.0,11076183.0,11069527.0,3304.0,533.0,11072344.0,322872.0,594417.0,10148401.0,10742818.0,11069527.0,10471273.0,3328.0,11076180.0,11076180.0,11069524.0,3301.0,530.0,11072347.0,329359.0,606142.0,10130192.0,10736334.0,11069524.0,10459551.0,3328.0,11076179.0,11076179.0,11069523.0,3300.0,515.0,11072362.0,328919.0,557129.0,10179660.0,10736789.0,11069523.0,10508579.0,3328.0,11076178.0,11076178.0,11069522.0,3299.0,516.0,11072361.0,328599.0,573016.0,10164092.0,10737108.0,11069522.0,10492691.0,3328.0,11076177.0,11076177.0,11069520.0,3298.0,542.0,11072335.0,327389.0,574657.0,10163634.0,10738291.0,11069520.0,10491023.0,3328.0,11072362.0,11076174.0,11076174.0,11076193.0,26624.0,4770279.0,81141088.0,2614170.0,83755258.0,7.0,7.0,11.0,11.0,10.0,10.0,9.0,9.0,6.0,6.0,5.0,5.0,4.0,4.0,3.0,3.0
128x768x768w32-24-31,11060386.0,11060386.0,11053985.0,3315.0,586.0,11056483.0,313693.0,621254.0,10115137.0,10736391.0,11053985.0,10428830.0,3200.0,11060388.0,11060388.0,11053987.0,3314.0,561.0,11056511.0,318714.0,615344.0,10116054.0,10731398.0,11053987.0,10434768.0,3200.0,11060387.0,11060387.0,11053986.0,3313.0,559.0,11056513.0,319474.0,620701.0,10109939.0,10730640.0,11053986.0,10429413.0,3200.0,11060386.0,11060386.0,11053985.0,3312.0,567.0,11056505.0,311481.0,593300.0,10145325.0,10738625.0,11053985.0,10456806.0,3200.0,11060383.0,11060383.0,11053982.0,3309.0,553.0,11056519.0,317865.0,590655.0,10141600.0,10732255.0,11053982.0,10459465.0,3200.0,11060382.0,11060382.0,11053981.0,3308.0,519.0,11056553.0,315766.0,547402.0,10186986.0,10734388.0,11053981.0,10502752.0,3200.0,11060381.0,11060381.0,11053980.0,3307.0,564.0,11056508.0,316898.0,568426.0,10164785.0,10733211.0,11053980.0,10481683.0,3200.0,11060380.0,11060380.0,11053979.0,3306.0,577.0,11056495.0,316583.0,552303.0,10181210.0,10733513.0,11053979.0,10497793.0,3200.0,11056553.0,11060377.0,11060377.0,11060396.0,25600.0,4709385.0,81161036.0,2530474.0,83691510.0,9.0,9.0,11.0,11.0,10.0,10.0,9.0,9.0,6.0,6.0,5.0,5.0,4.0,4.0,3.0,3.0
128x768x768w32-24-32,10899070.0,10899070.0,10892925.0,3243.0,525.0,10895300.0,301310.0,482461.0,10105386.0,10587847.0,10892925.0,10406696.0,3072.0,10899065.0,10899065.0,10892920.0,3242.0,554.0,10895267.0,300469.0,508376.0,10080279.0,10588655.0,10892920.0,10380748.0,3072.0,10899064.0,10899064.0,10892919.0,3241.0,552.0,10895269.0,300424.0,502967.0,10085735.0,10588702.0,10892919.0,10386159.0,3072.0,10899063.0,10899063.0,10892918.0,3240.0,528.0,10895293.0,299337.0,468075.0,10121738.0,10589813.0,10892918.0,10421075.0,3072.0,10899060.0,10899060.0,10892915.0,3237.0,529.0,10895292.0,307881.0,456639.0,10124629.0,10581268.0,10892915.0,10432510.0,3072.0,10899059.0,10899059.0,10892914.0,3236.0,494.0,10895327.0,302467.0,425430.0,10161287.0,10586717.0,10892914.0,10463754.0,3072.0,10899058.0,10899058.0,10892913.0,3235.0,495.0,10895326.0,305328.0,415580.0,10168275.0,10583855.0,10892913.0,10473603.0,3072.0,10899057.0,10899057.0,10892912.0,3234.0,491.0,10895330.0,302737.0,435170.0,10151280.0,10586450.0,10892912.0,10454017.0,3072.0,10895330.0,10899054.0,10899054.0,10899073.0,24576.0,3694698.0,80998609.0,2419953.0,83418562.0,16.0,16.0,11.0,11.0,10.0,10.0,9.0,9.0,6.0,6.0,5.0,5.0,4.0,4.0,3.0,3.0
128x768x768w32-32-21,-1.0,-1.0,-1.0,-1.0,-1.0,-1.0,-1.0,-1.0,-1.0,-1.0,-1.0,-1.0,-1.0,-1.0,-1.0,-1.0,-1.0,-1.0,-1.0,-1.0,-1.0,-1.0,-1.0,-1.0,-1.0,-1.0,-1.0,-1.0,-1.0,-1.0,-1.0,-1.0,-1.0,-1.0,-1.0,-1.0,-1.0,-1.0,-1.0,-1.0,-1.0,-1.0,-1.0,-1.0,-1.0,-1.0,-1.0,-1.0,-1.0,-1.0,-1.0,-1.0,-1.0,-1.0,-1.0,-1.0,-1.0,-1.0,-1.0,-1.0,-1.0,-1.0,-1.0,-1.0,-1.0,-1.0,-1.0,-1.0,-1.0,-1.0,-1.0,-1.0,-1.0,-1.0,-1.0,-1.0,-1.0,-1.0,-1.0,-1.0,-1.0,-1.0,-1.0,-1.0,-1.0,-1.0,-1.0,-1.0,-1.0,-1.0,-1.0,-1.0,-1.0,-1.0,-1.0,-1.0,-1.0,-1.0,-1.0,-1.0,-1.0,-1.0,-1.0,-1.0,-1.0,-1.0,-1.0,-1.0,-1.0,-1.0,-1.0,-1.0,-1.0,-1.0,-1.0,-1.0,-1.0,-1.0,-1.0,-1.0,-1.0,-1.0,-1.0,-1.0,-1.0,-1.0,-1.0,-1.0,-1.0
128x768x768w32-32-22,-1.0,-1.0,-1.0,-1.0,-1.0,-1.0,-1.0,-1.0,-1.0,-1.0,-1.0,-1.0,-1.0,-1.0,-1.0,-1.0,-1.0,-1.0,-1.0,-1.0,-1.0,-1.0,-1.0,-1.0,-1.0,-1.0,-1.0,-1.0,-1.0,-1.0,-1.0,-1.0,-1.0,-1.0,-1.0,-1.0,-1.0,-1.0,-1.0,-1.0,-1.0,-1.0,-1.0,-1.0,-1.0,-1.0,-1.0,-1.0,-1.0,-1.0,-1.0,-1.0,-1.0,-1.0,-1.0,-1.0,-1.0,-1.0,-1.0,-1.0,-1.0,-1.0,-1.0,-1.0,-1.0,-1.0,-1.0,-1.0,-1.0,-1.0,-1.0,-1.0,-1.0,-1.0,-1.0,-1.0,-1.0,-1.0,-1.0,-1.0,-1.0,-1.0,-1.0,-1.0,-1.0,-1.0,-1.0,-1.0,-1.0,-1.0,-1.0,-1.0,-1.0,-1.0,-1.0,-1.0,-1.0,-1.0,-1.0,-1.0,-1.0,-1.0,-1.0,-1.0,-1.0,-1.0,-1.0,-1.0,-1.0,-1.0,-1.0,-1.0,-1.0,-1.0,-1.0,-1.0,-1.0,-1.0,-1.0,-1.0,-1.0,-1.0,-1.0,-1.0,-1.0,-1.0,-1.0,-1.0,-1.0
128x768x768w32-32-23,-1.0,-1.0,-1.0,-1.0,-1.0,-1.0,-1.0,-1.0,-1.0,-1.0,-1.0,-1.0,-1.0,-1.0,-1.0,-1.0,-1.0,-1.0,-1.0,-1.0,-1.0,-1.0,-1.0,-1.0,-1.0,-1.0,-1.0,-1.0,-1.0,-1.0,-1.0,-1.0,-1.0,-1.0,-1.0,-1.0,-1.0,-1.0,-1.0,-1.0,-1.0,-1.0,-1.0,-1.0,-1.0,-1.0,-1.0,-1.0,-1.0,-1.0,-1.0,-1.0,-1.0,-1.0,-1.0,-1.0,-1.0,-1.0,-1.0,-1.0,-1.0,-1.0,-1.0,-1.0,-1.0,-1.0,-1.0,-1.0,-1.0,-1.0,-1.0,-1.0,-1.0,-1.0,-1.0,-1.0,-1.0,-1.0,-1.0,-1.0,-1.0,-1.0,-1.0,-1.0,-1.0,-1.0,-1.0,-1.0,-1.0,-1.0,-1.0,-1.0,-1.0,-1.0,-1.0,-1.0,-1.0,-1.0,-1.0,-1.0,-1.0,-1.0,-1.0,-1.0,-1.0,-1.0,-1.0,-1.0,-1.0,-1.0,-1.0,-1.0,-1.0,-1.0,-1.0,-1.0,-1.0,-1.0,-1.0,-1.0,-1.0,-1.0,-1.0,-1.0,-1.0,-1.0,-1.0,-1.0,-1.0
128x768x768w32-32-24,-1.0,-1.0,-1.0,-1.0,-1.0,-1.0,-1.0,-1.0,-1.0,-1.0,-1.0,-1.0,-1.0,-1.0,-1.0,-1.0,-1.0,-1.0,-1.0,-1.0,-1.0,-1.0,-1.0,-1.0,-1.0,-1.0,-1.0,-1.0,-1.0,-1.0,-1.0,-1.0,-1.0,-1.0,-1.0,-1.0,-1.0,-1.0,-1.0,-1.0,-1.0,-1.0,-1.0,-1.0,-1.0,-1.0,-1.0,-1.0,-1.0,-1.0,-1.0,-1.0,-1.0,-1.0,-1.0,-1.0,-1.0,-1.0,-1.0,-1.0,-1.0,-1.0,-1.0,-1.0,-1.0,-1.0,-1.0,-1.0,-1.0,-1.0,-1.0,-1.0,-1.0,-1.0,-1.0,-1.0,-1.0,-1.0,-1.0,-1.0,-1.0,-1.0,-1.0,-1.0,-1.0,-1.0,-1.0,-1.0,-1.0,-1.0,-1.0,-1.0,-1.0,-1.0,-1.0,-1.0,-1.0,-1.0,-1.0,-1.0,-1.0,-1.0,-1.0,-1.0,-1.0,-1.0,-1.0,-1.0,-1.0,-1.0,-1.0,-1.0,-1.0,-1.0,-1.0,-1.0,-1.0,-1.0,-1.0,-1.0,-1.0,-1.0,-1.0,-1.0,-1.0,-1.0,-1.0,-1.0,-1.0
128x768x768w32-32-25,-1.0,-1.0,-1.0,-1.0,-1.0,-1.0,-1.0,-1.0,-1.0,-1.0,-1.0,-1.0,-1.0,-1.0,-1.0,-1.0,-1.0,-1.0,-1.0,-1.0,-1.0,-1.0,-1.0,-1.0,-1.0,-1.0,-1.0,-1.0,-1.0,-1.0,-1.0,-1.0,-1.0,-1.0,-1.0,-1.0,-1.0,-1.0,-1.0,-1.0,-1.0,-1.0,-1.0,-1.0,-1.0,-1.0,-1.0,-1.0,-1.0,-1.0,-1.0,-1.0,-1.0,-1.0,-1.0,-1.0,-1.0,-1.0,-1.0,-1.0,-1.0,-1.0,-1.0,-1.0,-1.0,-1.0,-1.0,-1.0,-1.0,-1.0,-1.0,-1.0,-1.0,-1.0,-1.0,-1.0,-1.0,-1.0,-1.0,-1.0,-1.0,-1.0,-1.0,-1.0,-1.0,-1.0,-1.0,-1.0,-1.0,-1.0,-1.0,-1.0,-1.0,-1.0,-1.0,-1.0,-1.0,-1.0,-1.0,-1.0,-1.0,-1.0,-1.0,-1.0,-1.0,-1.0,-1.0,-1.0,-1.0,-1.0,-1.0,-1.0,-1.0,-1.0,-1.0,-1.0,-1.0,-1.0,-1.0,-1.0,-1.0,-1.0,-1.0,-1.0,-1.0,-1.0,-1.0,-1.0,-1.0
128x768x768w32-32-26,-1.0,-1.0,-1.0,-1.0,-1.0,-1.0,-1.0,-1.0,-1.0,-1.0,-1.0,-1.0,-1.0,-1.0,-1.0,-1.0,-1.0,-1.0,-1.0,-1.0,-1.0,-1.0,-1.0,-1.0,-1.0,-1.0,-1.0,-1.0,-1.0,-1.0,-1.0,-1.0,-1.0,-1.0,-1.0,-1.0,-1.0,-1.0,-1.0,-1.0,-1.0,-1.0,-1.0,-1.0,-1.0,-1.0,-1.0,-1.0,-1.0,-1.0,-1.0,-1.0,-1.0,-1.0,-1.0,-1.0,-1.0,-1.0,-1.0,-1.0,-1.0,-1.0,-1.0,-1.0,-1.0,-1.0,-1.0,-1.0,-1.0,-1.0,-1.0,-1.0,-1.0,-1.0,-1.0,-1.0,-1.0,-1.0,-1.0,-1.0,-1.0,-1.0,-1.0,-1.0,-1.0,-1.0,-1.0,-1.0,-1.0,-1.0,-1.0,-1.0,-1.0,-1.0,-1.0,-1.0,-1.0,-1.0,-1.0,-1.0,-1.0,-1.0,-1.0,-1.0,-1.0,-1.0,-1.0,-1.0,-1.0,-1.0,-1.0,-1.0,-1.0,-1.0,-1.0,-1.0,-1.0,-1.0,-1.0,-1.0,-1.0,-1.0,-1.0,-1.0,-1.0,-1.0,-1.0,-1.0,-1.0
128x768x768w32-32-27,-1.0,-1.0,-1.0,-1.0,-1.0,-1.0,-1.0,-1.0,-1.0,-1.0,-1.0,-1.0,-1.0,-1.0,-1.0,-1.0,-1.0,-1.0,-1.0,-1.0,-1.0,-1.0,-1.0,-1.0,-1.0,-1.0,-1.0,-1.0,-1.0,-1.0,-1.0,-1.0,-1.0,-1.0,-1.0,-1.0,-1.0,-1.0,-1.0,-1.0,-1.0,-1.0,-1.0,-1.0,-1.0,-1.0,-1.0,-1.0,-1.0,-1.0,-1.0,-1.0,-1.0,-1.0,-1.0,-1.0,-1.0,-1.0,-1.0,-1.0,-1.0,-1.0,-1.0,-1.0,-1.0,-1.0,-1.0,-1.0,-1.0,-1.0,-1.0,-1.0,-1.0,-1.0,-1.0,-1.0,-1.0,-1.0,-1.0,-1.0,-1.0,-1.0,-1.0,-1.0,-1.0,-1.0,-1.0,-1.0,-1.0,-1.0,-1.0,-1.0,-1.0,-1.0,-1.0,-1.0,-1.0,-1.0,-1.0,-1.0,-1.0,-1.0,-1.0,-1.0,-1.0,-1.0,-1.0,-1.0,-1.0,-1.0,-1.0,-1.0,-1.0,-1.0,-1.0,-1.0,-1.0,-1.0,-1.0,-1.0,-1.0,-1.0,-1.0,-1.0,-1.0,-1.0,-1.0,-1.0,-1.0
128x768x768w32-32-28,-1.0,-1.0,-1.0,-1.0,-1.0,-1.0,-1.0,-1.0,-1.0,-1.0,-1.0,-1.0,-1.0,-1.0,-1.0,-1.0,-1.0,-1.0,-1.0,-1.0,-1.0,-1.0,-1.0,-1.0,-1.0,-1.0,-1.0,-1.0,-1.0,-1.0,-1.0,-1.0,-1.0,-1.0,-1.0,-1.0,-1.0,-1.0,-1.0,-1.0,-1.0,-1.0,-1.0,-1.0,-1.0,-1.0,-1.0,-1.0,-1.0,-1.0,-1.0,-1.0,-1.0,-1.0,-1.0,-1.0,-1.0,-1.0,-1.0,-1.0,-1.0,-1.0,-1.0,-1.0,-1.0,-1.0,-1.0,-1.0,-1.0,-1.0,-1.0,-1.0,-1.0,-1.0,-1.0,-1.0,-1.0,-1.0,-1.0,-1.0,-1.0,-1.0,-1.0,-1.0,-1.0,-1.0,-1.0,-1.0,-1.0,-1.0,-1.0,-1.0,-1.0,-1.0,-1.0,-1.0,-1.0,-1.0,-1.0,-1.0,-1.0,-1.0,-1.0,-1.0,-1.0,-1.0,-1.0,-1.0,-1.0,-1.0,-1.0,-1.0,-1.0,-1.0,-1.0,-1.0,-1.0,-1.0,-1.0,-1.0,-1.0,-1.0,-1.0,-1.0,-1.0,-1.0,-1.0,-1.0,-1.0
128x768x768w32-32-29,-1.0,-1.0,-1.0,-1.0,-1.0,-1.0,-1.0,-1.0,-1.0,-1.0,-1.0,-1.0,-1.0,-1.0,-1.0,-1.0,-1.0,-1.0,-1.0,-1.0,-1.0,-1.0,-1.0,-1.0,-1.0,-1.0,-1.0,-1.0,-1.0,-1.0,-1.0,-1.0,-1.0,-1.0,-1.0,-1.0,-1.0,-1.0,-1.0,-1.0,-1.0,-1.0,-1.0,-1.0,-1.0,-1.0,-1.0,-1.0,-1.0,-1.0,-1.0,-1.0,-1.0,-1.0,-1.0,-1.0,-1.0,-1.0,-1.0,-1.0,-1.0,-1.0,-1.0,-1.0,-1.0,-1.0,-1.0,-1.0,-1.0,-1.0,-1.0,-1.0,-1.0,-1.0,-1.0,-1.0,-1.0,-1.0,-1.0,-1.0,-1.0,-1.0,-1.0,-1.0,-1.0,-1.0,-1.0,-1.0,-1.0,-1.0,-1.0,-1.0,-1.0,-1.0,-1.0,-1.0,-1.0,-1.0,-1.0,-1.0,-1.0,-1.0,-1.0,-1.0,-1.0,-1.0,-1.0,-1.0,-1.0,-1.0,-1.0,-1.0,-1.0,-1.0,-1.0,-1.0,-1.0,-1.0,-1.0,-1.0,-1.0,-1.0,-1.0,-1.0,-1.0,-1.0,-1.0,-1.0,-1.0
128x768x768w32-32-30,-1.0,-1.0,-1.0,-1.0,-1.0,-1.0,-1.0,-1.0,-1.0,-1.0,-1.0,-1.0,-1.0,-1.0,-1.0,-1.0,-1.0,-1.0,-1.0,-1.0,-1.0,-1.0,-1.0,-1.0,-1.0,-1.0,-1.0,-1.0,-1.0,-1.0,-1.0,-1.0,-1.0,-1.0,-1.0,-1.0,-1.0,-1.0,-1.0,-1.0,-1.0,-1.0,-1.0,-1.0,-1.0,-1.0,-1.0,-1.0,-1.0,-1.0,-1.0,-1.0,-1.0,-1.0,-1.0,-1.0,-1.0,-1.0,-1.0,-1.0,-1.0,-1.0,-1.0,-1.0,-1.0,-1.0,-1.0,-1.0,-1.0,-1.0,-1.0,-1.0,-1.0,-1.0,-1.0,-1.0,-1.0,-1.0,-1.0,-1.0,-1.0,-1.0,-1.0,-1.0,-1.0,-1.0,-1.0,-1.0,-1.0,-1.0,-1.0,-1.0,-1.0,-1.0,-1.0,-1.0,-1.0,-1.0,-1.0,-1.0,-1.0,-1.0,-1.0,-1.0,-1.0,-1.0,-1.0,-1.0,-1.0,-1.0,-1.0,-1.0,-1.0,-1.0,-1.0,-1.0,-1.0,-1.0,-1.0,-1.0,-1.0,-1.0,-1.0,-1.0,-1.0,-1.0,-1.0,-1.0,-1.0
128x768x768w32-32-31,-1.0,-1.0,-1.0,-1.0,-1.0,-1.0,-1.0,-1.0,-1.0,-1.0,-1.0,-1.0,-1.0,-1.0,-1.0,-1.0,-1.0,-1.0,-1.0,-1.0,-1.0,-1.0,-1.0,-1.0,-1.0,-1.0,-1.0,-1.0,-1.0,-1.0,-1.0,-1.0,-1.0,-1.0,-1.0,-1.0,-1.0,-1.0,-1.0,-1.0,-1.0,-1.0,-1.0,-1.0,-1.0,-1.0,-1.0,-1.0,-1.0,-1.0,-1.0,-1.0,-1.0,-1.0,-1.0,-1.0,-1.0,-1.0,-1.0,-1.0,-1.0,-1.0,-1.0,-1.0,-1.0,-1.0,-1.0,-1.0,-1.0,-1.0,-1.0,-1.0,-1.0,-1.0,-1.0,-1.0,-1.0,-1.0,-1.0,-1.0,-1.0,-1.0,-1.0,-1.0,-1.0,-1.0,-1.0,-1.0,-1.0,-1.0,-1.0,-1.0,-1.0,-1.0,-1.0,-1.0,-1.0,-1.0,-1.0,-1.0,-1.0,-1.0,-1.0,-1.0,-1.0,-1.0,-1.0,-1.0,-1.0,-1.0,-1.0,-1.0,-1.0,-1.0,-1.0,-1.0,-1.0,-1.0,-1.0,-1.0,-1.0,-1.0,-1.0,-1.0,-1.0,-1.0,-1.0,-1.0,-1.0
128x768x768w32-32-32,-1.0,-1.0,-1.0,-1.0,-1.0,-1.0,-1.0,-1.0,-1.0,-1.0,-1.0,-1.0,-1.0,-1.0,-1.0,-1.0,-1.0,-1.0,-1.0,-1.0,-1.0,-1.0,-1.0,-1.0,-1.0,-1.0,-1.0,-1.0,-1.0,-1.0,-1.0,-1.0,-1.0,-1.0,-1.0,-1.0,-1.0,-1.0,-1.0,-1.0,-1.0,-1.0,-1.0,-1.0,-1.0,-1.0,-1.0,-1.0,-1.0,-1.0,-1.0,-1.0,-1.0,-1.0,-1.0,-1.0,-1.0,-1.0,-1.0,-1.0,-1.0,-1.0,-1.0,-1.0,-1.0,-1.0,-1.0,-1.0,-1.0,-1.0,-1.0,-1.0,-1.0,-1.0,-1.0,-1.0,-1.0,-1.0,-1.0,-1.0,-1.0,-1.0,-1.0,-1.0,-1.0,-1.0,-1.0,-1.0,-1.0,-1.0,-1.0,-1.0,-1.0,-1.0,-1.0,-1.0,-1.0,-1.0,-1.0,-1.0,-1.0,-1.0,-1.0,-1.0,-1.0,-1.0,-1.0,-1.0,-1.0,-1.0,-1.0,-1.0,-1.0,-1.0,-1.0,-1.0,-1.0,-1.0,-1.0,-1.0,-1.0,-1.0,-1.0,-1.0,-1.0,-1.0,-1.0,-1.0,-1.0
128x768x768w33-24-28,-1.0,-1.0,-1.0,-1.0,-1.0,-1.0,-1.0,-1.0,-1.0,-1.0,-1.0,-1.0,-1.0,-1.0,-1.0,-1.0,-1.0,-1.0,-1.0,-1.0,-1.0,-1.0,-1.0,-1.0,-1.0,-1.0,-1.0,-1.0,-1.0,-1.0,-1.0,-1.0,-1.0,-1.0,-1.0,-1.0,-1.0,-1.0,-1.0,-1.0,-1.0,-1.0,-1.0,-1.0,-1.0,-1.0,-1.0,-1.0,-1.0,-1.0,-1.0,-1.0,-1.0,-1.0,-1.0,-1.0,-1.0,-1.0,-1.0,-1.0,-1.0,-1.0,-1.0,-1.0,-1.0,-1.0,-1.0,-1.0,-1.0,-1.0,-1.0,-1.0,-1.0,-1.0,-1.0,-1.0,-1.0,-1.0,-1.0,-1.0,-1.0,-1.0,-1.0,-1.0,-1.0,-1.0,-1.0,-1.0,-1.0,-1.0,-1.0,-1.0,-1.0,-1.0,-1.0,-1.0,-1.0,-1.0,-1.0,-1.0,-1.0,-1.0,-1.0,-1.0,-1.0,-1.0,-1.0,-1.0,-1.0,-1.0,-1.0,-1.0,-1.0,-1.0,-1.0,-1.0,-1.0,-1.0,-1.0,-1.0,-1.0,-1.0,-1.0,-1.0,-1.0,-1.0,-1.0,-1.0,-1.0
128x768x768w33-24-29,-1.0,-1.0,-1.0,-1.0,-1.0,-1.0,-1.0,-1.0,-1.0,-1.0,-1.0,-1.0,-1.0,-1.0,-1.0,-1.0,-1.0,-1.0,-1.0,-1.0,-1.0,-1.0,-1.0,-1.0,-1.0,-1.0,-1.0,-1.0,-1.0,-1.0,-1.0,-1.0,-1.0,-1.0,-1.0,-1.0,-1.0,-1.0,-1.0,-1.0,-1.0,-1.0,-1.0,-1.0,-1.0,-1.0,-1.0,-1.0,-1.0,-1.0,-1.0,-1.0,-1.0,-1.0,-1.0,-1.0,-1.0,-1.0,-1.0,-1.0,-1.0,-1.0,-1.0,-1.0,-1.0,-1.0,-1.0,-1.0,-1.0,-1.0,-1.0,-1.0,-1.0,-1.0,-1.0,-1.0,-1.0,-1.0,-1.0,-1.0,-1.0,-1.0,-1.0,-1.0,-1.0,-1.0,-1.0,-1.0,-1.0,-1.0,-1.0,-1.0,-1.0,-1.0,-1.0,-1.0,-1.0,-1.0,-1.0,-1.0,-1.0,-1.0,-1.0,-1.0,-1.0,-1.0,-1.0,-1.0,-1.0,-1.0,-1.0,-1.0,-1.0,-1.0,-1.0,-1.0,-1.0,-1.0,-1.0,-1.0,-1.0,-1.0,-1.0,-1.0,-1.0,-1.0,-1.0,-1.0,-1.0
128x768x768w33-24-30,-1.0,-1.0,-1.0,-1.0,-1.0,-1.0,-1.0,-1.0,-1.0,-1.0,-1.0,-1.0,-1.0,-1.0,-1.0,-1.0,-1.0,-1.0,-1.0,-1.0,-1.0,-1.0,-1.0,-1.0,-1.0,-1.0,-1.0,-1.0,-1.0,-1.0,-1.0,-1.0,-1.0,-1.0,-1.0,-1.0,-1.0,-1.0,-1.0,-1.0,-1.0,-1.0,-1.0,-1.0,-1.0,-1.0,-1.0,-1.0,-1.0,-1.0,-1.0,-1.0,-1.0,-1.0,-1.0,-1.0,-1.0,-1.0,-1.0,-1.0,-1.0,-1.0,-1.0,-1.0,-1.0,-1.0,-1.0,-1.0,-1.0,-1.0,-1.0,-1.0,-1.0,-1.0,-1.0,-1.0,-1.0,-1.0,-1.0,-1.0,-1.0,-1.0,-1.0,-1.0,-1.0,-1.0,-1.0,-1.0,-1.0,-1.0,-1.0,-1.0,-1.0,-1.0,-1.0,-1.0,-1.0,-1.0,-1.0,-1.0,-1.0,-1.0,-1.0,-1.0,-1.0,-1.0,-1.0,-1.0,-1.0,-1.0,-1.0,-1.0,-1.0,-1.0,-1.0,-1.0,-1.0,-1.0,-1.0,-1.0,-1.0,-1.0,-1.0,-1.0,-1.0,-1.0,-1.0,-1.0,-1.0
128x768x768w33-24-31,-1.0,-1.0,-1.0,-1.0,-1.0,-1.0,-1.0,-1.0,-1.0,-1.0,-1.0,-1.0,-1.0,-1.0,-1.0,-1.0,-1.0,-1.0,-1.0,-1.0,-1.0,-1.0,-1.0,-1.0,-1.0,-1.0,-1.0,-1.0,-1.0,-1.0,-1.0,-1.0,-1.0,-1.0,-1.0,-1.0,-1.0,-1.0,-1.0,-1.0,-1.0,-1.0,-1.0,-1.0,-1.0,-1.0,-1.0,-1.0,-1.0,-1.0,-1.0,-1.0,-1.0,-1.0,-1.0,-1.0,-1.0,-1.0,-1.0,-1.0,-1.0,-1.0,-1.0,-1.0,-1.0,-1.0,-1.0,-1.0,-1.0,-1.0,-1.0,-1.0,-1.0,-1.0,-1.0,-1.0,-1.0,-1.0,-1.0,-1.0,-1.0,-1.0,-1.0,-1.0,-1.0,-1.0,-1.0,-1.0,-1.0,-1.0,-1.0,-1.0,-1.0,-1.0,-1.0,-1.0,-1.0,-1.0,-1.0,-1.0,-1.0,-1.0,-1.0,-1.0,-1.0,-1.0,-1.0,-1.0,-1.0,-1.0,-1.0,-1.0,-1.0,-1.0,-1.0,-1.0,-1.0,-1.0,-1.0,-1.0,-1.0,-1.0,-1.0,-1.0,-1.0,-1.0,-1.0,-1.0,-1.0
128x768x768w34-24-28,-1.0,-1.0,-1.0,-1.0,-1.0,-1.0,-1.0,-1.0,-1.0,-1.0,-1.0,-1.0,-1.0,-1.0,-1.0,-1.0,-1.0,-1.0,-1.0,-1.0,-1.0,-1.0,-1.0,-1.0,-1.0,-1.0,-1.0,-1.0,-1.0,-1.0,-1.0,-1.0,-1.0,-1.0,-1.0,-1.0,-1.0,-1.0,-1.0,-1.0,-1.0,-1.0,-1.0,-1.0,-1.0,-1.0,-1.0,-1.0,-1.0,-1.0,-1.0,-1.0,-1.0,-1.0,-1.0,-1.0,-1.0,-1.0,-1.0,-1.0,-1.0,-1.0,-1.0,-1.0,-1.0,-1.0,-1.0,-1.0,-1.0,-1.0,-1.0,-1.0,-1.0,-1.0,-1.0,-1.0,-1.0,-1.0,-1.0,-1.0,-1.0,-1.0,-1.0,-1.0,-1.0,-1.0,-1.0,-1.0,-1.0,-1.0,-1.0,-1.0,-1.0,-1.0,-1.0,-1.0,-1.0,-1.0,-1.0,-1.0,-1.0,-1.0,-1.0,-1.0,-1.0,-1.0,-1.0,-1.0,-1.0,-1.0,-1.0,-1.0,-1.0,-1.0,-1.0,-1.0,-1.0,-1.0,-1.0,-1.0,-1.0,-1.0,-1.0,-1.0,-1.0,-1.0,-1.0,-1.0,-1.0
128x768x768w34-24-29,-1.0,-1.0,-1.0,-1.0,-1.0,-1.0,-1.0,-1.0,-1.0,-1.0,-1.0,-1.0,-1.0,-1.0,-1.0,-1.0,-1.0,-1.0,-1.0,-1.0,-1.0,-1.0,-1.0,-1.0,-1.0,-1.0,-1.0,-1.0,-1.0,-1.0,-1.0,-1.0,-1.0,-1.0,-1.0,-1.0,-1.0,-1.0,-1.0,-1.0,-1.0,-1.0,-1.0,-1.0,-1.0,-1.0,-1.0,-1.0,-1.0,-1.0,-1.0,-1.0,-1.0,-1.0,-1.0,-1.0,-1.0,-1.0,-1.0,-1.0,-1.0,-1.0,-1.0,-1.0,-1.0,-1.0,-1.0,-1.0,-1.0,-1.0,-1.0,-1.0,-1.0,-1.0,-1.0,-1.0,-1.0,-1.0,-1.0,-1.0,-1.0,-1.0,-1.0,-1.0,-1.0,-1.0,-1.0,-1.0,-1.0,-1.0,-1.0,-1.0,-1.0,-1.0,-1.0,-1.0,-1.0,-1.0,-1.0,-1.0,-1.0,-1.0,-1.0,-1.0,-1.0,-1.0,-1.0,-1.0,-1.0,-1.0,-1.0,-1.0,-1.0,-1.0,-1.0,-1.0,-1.0,-1.0,-1.0,-1.0,-1.0,-1.0,-1.0,-1.0,-1.0,-1.0,-1.0,-1.0,-1.0
128x768x768w34-24-30,-1.0,-1.0,-1.0,-1.0,-1.0,-1.0,-1.0,-1.0,-1.0,-1.0,-1.0,-1.0,-1.0,-1.0,-1.0,-1.0,-1.0,-1.0,-1.0,-1.0,-1.0,-1.0,-1.0,-1.0,-1.0,-1.0,-1.0,-1.0,-1.0,-1.0,-1.0,-1.0,-1.0,-1.0,-1.0,-1.0,-1.0,-1.0,-1.0,-1.0,-1.0,-1.0,-1.0,-1.0,-1.0,-1.0,-1.0,-1.0,-1.0,-1.0,-1.0,-1.0,-1.0,-1.0,-1.0,-1.0,-1.0,-1.0,-1.0,-1.0,-1.0,-1.0,-1.0,-1.0,-1.0,-1.0,-1.0,-1.0,-1.0,-1.0,-1.0,-1.0,-1.0,-1.0,-1.0,-1.0,-1.0,-1.0,-1.0,-1.0,-1.0,-1.0,-1.0,-1.0,-1.0,-1.0,-1.0,-1.0,-1.0,-1.0,-1.0,-1.0,-1.0,-1.0,-1.0,-1.0,-1.0,-1.0,-1.0,-1.0,-1.0,-1.0,-1.0,-1.0,-1.0,-1.0,-1.0,-1.0,-1.0,-1.0,-1.0,-1.0,-1.0,-1.0,-1.0,-1.0,-1.0,-1.0,-1.0,-1.0,-1.0,-1.0,-1.0,-1.0,-1.0,-1.0,-1.0,-1.0,-1.0
128x768x768w35-24-28,-1.0,-1.0,-1.0,-1.0,-1.0,-1.0,-1.0,-1.0,-1.0,-1.0,-1.0,-1.0,-1.0,-1.0,-1.0,-1.0,-1.0,-1.0,-1.0,-1.0,-1.0,-1.0,-1.0,-1.0,-1.0,-1.0,-1.0,-1.0,-1.0,-1.0,-1.0,-1.0,-1.0,-1.0,-1.0,-1.0,-1.0,-1.0,-1.0,-1.0,-1.0,-1.0,-1.0,-1.0,-1.0,-1.0,-1.0,-1.0,-1.0,-1.0,-1.0,-1.0,-1.0,-1.0,-1.0,-1.0,-1.0,-1.0,-1.0,-1.0,-1.0,-1.0,-1.0,-1.0,-1.0,-1.0,-1.0,-1.0,-1.0,-1.0,-1.0,-1.0,-1.0,-1.0,-1.0,-1.0,-1.0,-1.0,-1.0,-1.0,-1.0,-1.0,-1.0,-1.0,-1.0,-1.0,-1.0,-1.0,-1.0,-1.0,-1.0,-1.0,-1.0,-1.0,-1.0,-1.0,-1.0,-1.0,-1.0,-1.0,-1.0,-1.0,-1.0,-1.0,-1.0,-1.0,-1.0,-1.0,-1.0,-1.0,-1.0,-1.0,-1.0,-1.0,-1.0,-1.0,-1.0,-1.0,-1.0,-1.0,-1.0,-1.0,-1.0,-1.0,-1.0,-1.0,-1.0,-1.0,-1.0
128x768x768w35-24-29,-1.0,-1.0,-1.0,-1.0,-1.0,-1.0,-1.0,-1.0,-1.0,-1.0,-1.0,-1.0,-1.0,-1.0,-1.0,-1.0,-1.0,-1.0,-1.0,-1.0,-1.0,-1.0,-1.0,-1.0,-1.0,-1.0,-1.0,-1.0,-1.0,-1.0,-1.0,-1.0,-1.0,-1.0,-1.0,-1.0,-1.0,-1.0,-1.0,-1.0,-1.0,-1.0,-1.0,-1.0,-1.0,-1.0,-1.0,-1.0,-1.0,-1.0,-1.0,-1.0,-1.0,-1.0,-1.0,-1.0,-1.0,-1.0,-1.0,-1.0,-1.0,-1.0,-1.0,-1.0,-1.0,-1.0,-1.0,-1.0,-1.0,-1.0,-1.0,-1.0,-1.0,-1.0,-1.0,-1.0,-1.0,-1.0,-1.0,-1.0,-1.0,-1.0,-1.0,-1.0,-1.0,-1.0,-1.0,-1.0,-1.0,-1.0,-1.0,-1.0,-1.0,-1.0,-1.0,-1.0,-1.0,-1.0,-1.0,-1.0,-1.0,-1.0,-1.0,-1.0,-1.0,-1.0,-1.0,-1.0,-1.0,-1.0,-1.0,-1.0,-1.0,-1.0,-1.0,-1.0,-1.0,-1.0,-1.0,-1.0,-1.0,-1.0,-1.0,-1.0,-1.0,-1.0,-1.0,-1.0,-1.0
128x768x768w36-24-28,-1.0,-1.0,-1.0,-1.0,-1.0,-1.0,-1.0,-1.0,-1.0,-1.0,-1.0,-1.0,-1.0,-1.0,-1.0,-1.0,-1.0,-1.0,-1.0,-1.0,-1.0,-1.0,-1.0,-1.0,-1.0,-1.0,-1.0,-1.0,-1.0,-1.0,-1.0,-1.0,-1.0,-1.0,-1.0,-1.0,-1.0,-1.0,-1.0,-1.0,-1.0,-1.0,-1.0,-1.0,-1.0,-1.0,-1.0,-1.0,-1.0,-1.0,-1.0,-1.0,-1.0,-1.0,-1.0,-1.0,-1.0,-1.0,-1.0,-1.0,-1.0,-1.0,-1.0,-1.0,-1.0,-1.0,-1.0,-1.0,-1.0,-1.0,-1.0,-1.0,-1.0,-1.0,-1.0,-1.0,-1.0,-1.0,-1.0,-1.0,-1.0,-1.0,-1.0,-1.0,-1.0,-1.0,-1.0,-1.0,-1.0,-1.0,-1.0,-1.0,-1.0,-1.0,-1.0,-1.0,-1.0,-1.0,-1.0,-1.0,-1.0,-1.0,-1.0,-1.0,-1.0,-1.0,-1.0,-1.0,-1.0,-1.0,-1.0,-1.0,-1.0,-1.0,-1.0,-1.0,-1.0,-1.0,-1.0,-1.0,-1.0,-1.0,-1.0,-1.0,-1.0,-1.0,-1.0,-1.0,-1.0
128x768x768w42-24-23,-1.0,-1.0,-1.0,-1.0,-1.0,-1.0,-1.0,-1.0,-1.0,-1.0,-1.0,-1.0,-1.0,-1.0,-1.0,-1.0,-1.0,-1.0,-1.0,-1.0,-1.0,-1.0,-1.0,-1.0,-1.0,-1.0,-1.0,-1.0,-1.0,-1.0,-1.0,-1.0,-1.0,-1.0,-1.0,-1.0,-1.0,-1.0,-1.0,-1.0,-1.0,-1.0,-1.0,-1.0,-1.0,-1.0,-1.0,-1.0,-1.0,-1.0,-1.0,-1.0,-1.0,-1.0,-1.0,-1.0,-1.0,-1.0,-1.0,-1.0,-1.0,-1.0,-1.0,-1.0,-1.0,-1.0,-1.0,-1.0,-1.0,-1.0,-1.0,-1.0,-1.0,-1.0,-1.0,-1.0,-1.0,-1.0,-1.0,-1.0,-1.0,-1.0,-1.0,-1.0,-1.0,-1.0,-1.0,-1.0,-1.0,-1.0,-1.0,-1.0,-1.0,-1.0,-1.0,-1.0,-1.0,-1.0,-1.0,-1.0,-1.0,-1.0,-1.0,-1.0,-1.0,-1.0,-1.0,-1.0,-1.0,-1.0,-1.0,-1.0,-1.0,-1.0,-1.0,-1.0,-1.0,-1.0,-1.0,-1.0,-1.0,-1.0,-1.0,-1.0,-1.0,-1.0,-1.0,-1.0,-1.0
128x768x768w42-24-24,-1.0,-1.0,-1.0,-1.0,-1.0,-1.0,-1.0,-1.0,-1.0,-1.0,-1.0,-1.0,-1.0,-1.0,-1.0,-1.0,-1.0,-1.0,-1.0,-1.0,-1.0,-1.0,-1.0,-1.0,-1.0,-1.0,-1.0,-1.0,-1.0,-1.0,-1.0,-1.0,-1.0,-1.0,-1.0,-1.0,-1.0,-1.0,-1.0,-1.0,-1.0,-1.0,-1.0,-1.0,-1.0,-1.0,-1.0,-1.0,-1.0,-1.0,-1.0,-1.0,-1.0,-1.0,-1.0,-1.0,-1.0,-1.0,-1.0,-1.0,-1.0,-1.0,-1.0,-1.0,-1.0,-1.0,-1.0,-1.0,-1.0,-1.0,-1.0,-1.0,-1.0,-1.0,-1.0,-1.0,-1.0,-1.0,-1.0,-1.0,-1.0,-1.0,-1.0,-1.0,-1.0,-1.0,-1.0,-1.0,-1.0,-1.0,-1.0,-1.0,-1.0,-1.0,-1.0,-1.0,-1.0,-1.0,-1.0,-1.0,-1.0,-1.0,-1.0,-1.0,-1.0,-1.0,-1.0,-1.0,-1.0,-1.0,-1.0,-1.0,-1.0,-1.0,-1.0,-1.0,-1.0,-1.0,-1.0,-1.0,-1.0,-1.0,-1.0,-1.0,-1.0,-1.0,-1.0,-1.0,-1.0
128x768x768w26-24-37,12923620.0,12923620.0,12916900.0,3418.0,507.0,12919693.0,332969.0,681181.0,11898825.0,12580006.0,12916900.0,12231794.0,3360.0,12923617.0,12923617.0,12916897.0,3417.0,499.0,12919699.0,333598.0,678280.0,11901103.0,12579383.0,12916897.0,12234701.0,3360.0,12923616.0,12923616.0,12916896.0,3416.0,501.0,12919697.0,334189.0,3129971.0,9448819.0,12578790.0,12916896.0,9783008.0,3360.0,12923615.0,12923615.0,12916895.0,3415.0,480.0,12919718.0,333788.0,3107633.0,9471579.0,12579212.0,12916895.0,9805367.0,3360.0,12923612.0,12923612.0,12916892.0,3412.0,496.0,12919702.0,330692.0,3108659.0,9473633.0,12582292.0,12916892.0,9804325.0,3360.0,12923611.0,12923611.0,12916891.0,3411.0,472.0,12919726.0,332242.0,3069339.0,9511427.0,12580766.0,12916891.0,9843669.0,3360.0,12923610.0,12923610.0,12916890.0,3410.0,502.0,12919696.0,328254.0,3092117.0,9492607.0,12584724.0,12916890.0,9820861.0,3360.0,12923609.0,12923609.0,12916889.0,3409.0,486.0,12919712.0,326670.0,3068664.0,9517660.0,12586324.0,12916889.0,9844330.0,3360.0,12919726.0,12923606.0,12923606.0,12923625.0,26880.0,19935844.0,80715653.0,2652402.0,83368055.0,14.0,14.0,11.0,11.0,10.0,10.0,9.0,9.0,6.0,6.0,5.0,5.0,4.0,4.0,3.0,3.0
128x768x768w26-24-39,12822457.0,12822457.0,12816056.0,3372.0,503.0,12818580.0,313289.0,624000.0,11874892.0,12498892.0,12816056.0,12188181.0,3200.0,12822439.0,12822439.0,12816038.0,3371.0,482.0,12818584.0,312880.0,616629.0,11882676.0,12499305.0,12816038.0,12195556.0,3200.0,12822440.0,12822440.0,12816039.0,3370.0,489.0,12818579.0,312906.0,3068330.0,9430944.0,12499274.0,12816039.0,9743850.0,3200.0,12822438.0,12822438.0,12816037.0,3369.0,507.0,12818560.0,307499.0,3035314.0,9469348.0,12504662.0,12816037.0,9776847.0,3200.0,12822437.0,12822437.0,12816036.0,3366.0,484.0,12818585.0,314748.0,3030866.0,9466572.0,12497438.0,12816036.0,9781320.0,3200.0,12822437.0,12822437.0,12816036.0,3365.0,496.0,12818574.0,312801.0,2998541.0,9500833.0,12499374.0,12816036.0,9813634.0,3200.0,12822437.0,12822437.0,12816036.0,3364.0,498.0,12818573.0,313269.0,3010909.0,9487996.0,12498905.0,12816036.0,9801265.0,3200.0,12822437.0,12822437.0,12816036.0,3363.0,458.0,12818614.0,311121.0,2999263.0,9501831.0,12501094.0,12816036.0,9812952.0,3200.0,12818614.0,12822435.0,12822435.0,12822454.0,25600.0,19383852.0,80615092.0,2498513.0,83113605.0,22.0,22.0,4.0,4.0,5.0,5.0,3.0,3.0,2.0,2.0,2.0,2.0,2.0,2.0,2.0,2.0
timeout,-1.0,-1.0,-1.0,-1.0,-1.0,-1.0,-1.0,-1.0,-1.0,-1.0,-1.0,-1.0,-1.0,-1.0,-1.0,-1.0,-1.0,-1.0,-1.0,-1.0,-1.0,-1.0,-1.0,-1.0,-1.0,-1.0,-1.0,-1.0,-1.0,-1.0,-1.0,-1.0,-1.0,-1.0,-1.0,-1.0,-1.0,-1.0,-1.0,-1.0,-1.0,-1.0,-1.0,-1.0,-1.0,-1.0,-1.0,-1.0,-1.0,-1.0,-1.0,-1.0,-1.0,-1.0,-1.0,-1.0,-1.0,-1.0,-1.0,-1.0,-1.0,-1.0,-1.0,-1.0,-1.0,-1.0,-1.0,-1.0,-1.0,-1.0,-1.0,-1.0,-1.0,-1.0,-1.0,-1.0,-1.0,-1.0,-1.0,-1.0,-1.0,-1.0,-1.0,-1.0,-1.0,-1.0,-1.0,-1.0,-1.0,-1.0,-1.0,-1.0,-1.0,-1.0,-1.0,-1.0,-1.0,-1.0,-1.0,-1.0,-1.0,-1.0,-1.0,-1.0,-1.0,11391161.0,-1.0,-1.0,-1.0,-1.0,-1.0,-1.0,-1.0,-1.0,-1.0,-1.0,-1.0,-1.0,-1.0,-1.0,-1.0,-1.0,-1.0,-1.0,-1.0,-1.0,-1.0,-1.0,-1.0
128x768x768w26-64-60,12905023.0,12905023.0,12903462.0,4029.0,635.0,12900357.0,77803.0,142991.0,12678004.0,12820995.0,12903462.0,12755807.0,780.0,12905005.0,12905005.0,12903444.0,4028.0,630.0,12900345.0,76510.0,159053.0,12663223.0,12822276.0,12903444.0,12739733.0,780.0,12905006.0,12905006.0,12903445.0,4027.0,661.0,12900316.0,77453.0,2569471.0,10251833.0,12821304.0,12903445.0,10329286.0,780.0,12905004.0,12905004.0,12903443.0,4026.0,653.0,12900323.0,75443.0,2543636.0,10279685.0,12823321.0,12903443.0,10355128.0,780.0,12905003.0,12905003.0,12903442.0,4023.0,679.0,12900299.0,77047.0,2542750.0,10278943.0,12821693.0,12903442.0,10355990.0,780.0,12905003.0,12905003.0,12903442.0,4022.0,601.0,12900378.0,76783.0,2528804.0,10293232.0,12822036.0,12903442.0,10370015.0,780.0,12905003.0,12905003.0,12903442.0,4021.0,622.0,12900358.0,77505.0,2533907.0,10287387.0,12821294.0,12903442.0,10364892.0,780.0,12905003.0,12905003.0,12903442.0,4020.0,620.0,12900361.0,77486.0,2523121.0,10298195.0,12821316.0,12903442.0,10375681.0,780.0,12900378.0,12905001.0,12905001.0,12905020.0,6240.0,15543733.0,87030502.0,616030.0,87646532.0,22.0,22.0,4.0,4.0,5.0,5.0,3.0,3.0,2.0,2.0,2.0,2.0,2.0,2.0,2.0,2.0
128x768x768w26-64-61,12888719.0,12888719.0,12887158.0,4026.0,748.0,12883943.0,77404.0,143555.0,12661425.0,12804980.0,12887158.0,12738829.0,780.0,12888701.0,12888701.0,12887140.0,4025.0,668.0,12884006.0,77193.0,158573.0,12646681.0,12805254.0,12887140.0,12723874.0,780.0,12888702.0,12888702.0,12887141.0,4024.0,680.0,12883996.0,77283.0,2562670.0,10242484.0,12805154.0,12887141.0,10319767.0,780.0,12888700.0,12888700.0,12887139.0,4023.0,593.0,12884082.0,75539.0,2538797.0,10268187.0,12806984.0,12887139.0,10343726.0,780.0,12888699.0,12888699.0,12887138.0,4020.0,660.0,12884017.0,77806.0,2538764.0,10265888.0,12804652.0,12887138.0,10343694.0,780.0,12888699.0,12888699.0,12887138.0,4019.0,599.0,12884079.0,77127.0,2522963.0,10282430.0,12805393.0,12887138.0,10359557.0,780.0,12888699.0,12888699.0,12887138.0,4018.0,601.0,12884078.0,77269.0,2530700.0,10274550.0,12805250.0,12887138.0,10351819.0,780.0,12888699.0,12888699.0,12887138.0,4017.0,607.0,12884073.0,77530.0,2518891.0,10286093.0,12804984.0,12887138.0,10363623.0,780.0,12884082.0,12888697.0,12888697.0,12888716.0,6240.0,15514913.0,86927738.0,617151.0,87544889.0,22.0,22.0,4.0,4.0,5.0,5.0,3.0,3.0,2.0,2.0,2.0,2.0,2.0,2.0,2.0,2.0
128x768x768w31-48-71,10825966.0,10825966.0,10824205.0,4158.0,409.0,10821397.0,85750.0,196568.0,10537320.0,10733888.0,10824205.0,10623070.0,880.0,10825948.0,10825948.0,10824187.0,4157.0,378.0,10821411.0,85183.0,197433.0,10537036.0,10734469.0,10824187.0,10622219.0,880.0,10825949.0,10825949.0,10824188.0,4156.0,381.0,10821410.0,86238.0,199978.0,10533435.0,10733413.0,10824188.0,10619673.0,880.0,10825947.0,10825947.0,10824186.0,4155.0,385.0,10821405.0,85300.0,184442.0,10549904.0,10734346.0,10824186.0,10635204.0,880.0,10825946.0,10825946.0,10824537.0,4152.0,667391.0,10154401.0,70634.0,153298.0,9929062.0,10082360.0,10824537.0,9999696.0,704.0,10825946.0,10825946.0,10824537.0,4151.0,667367.0,10154426.0,70480.0,139899.0,9942640.0,10082539.0,10824537.0,10013120.0,704.0,10825946.0,10825946.0,10824537.0,4150.0,667366.0,10154428.0,70573.0,140473.0,9941975.0,10082448.0,10824537.0,10012548.0,704.0,10825946.0,10825946.0,10824537.0,4149.0,670306.0,10151489.0,70642.0,2580819.0,7498621.0,10079440.0,10824537.0,7569263.0,704.0,10821411.0,10825944.0,10825944.0,10825963.0,6336.0,3792910.0,79469993.0,624800.0,80094793.0,22.0,22.0,4.0,4.0,5.0,5.0,3.0,3.0,2.0,2.0,2.0,2.0,2.0,2.0,2.0,2.0
128x768x768w32-32-96,10991614.0,10991614.0,10990077.0,4032.0,563.0,10987017.0,76258.0,115223.0,10794001.0,10909224.0,10990077.0,10870259.0,768.0,10991604.0,10991604.0,10990067.0,4031.0,574.0,10986997.0,75916.0,130411.0,10779135.0,10909546.0,10990067.0,10855051.0,768.0,10991603.0,10991603.0,10990066.0,4030.0,524.0,10987047.0,77308.0,123345.0,10784859.0,10908204.0,10990066.0,10862167.0,768.0,10991602.0,10991602.0,10990065.0,4029.0,538.0,10987033.0,76673.0,104331.0,10804494.0,10908825.0,10990065.0,10881167.0,768.0,10991599.0,10991599.0,10990062.0,4026.0,527.0,10987044.0,78056.0,98649.0,10808804.0,10907453.0,10990062.0,10886860.0,768.0,10991598.0,10991598.0,10990061.0,4025.0,492.0,10987079.0,76602.0,85237.0,10823705.0,10908942.0,10990061.0,10900307.0,768.0,10991597.0,10991597.0,10990060.0,4024.0,494.0,10987077.0,75367.0,92864.0,10817311.0,10910175.0,10990060.0,10892678.0,768.0,10991596.0,10991596.0,10990059.0,4023.0,495.0,10987076.0,75092.0,95532.0,10814917.0,10910449.0,10990059.0,10890009.0,768.0,10987079.0,10991593.0,10991593.0,10991612.0,6144.0,845592.0,86427226.0,611272.0,87038498.0,21.0,21.0,11.0,11.0,10.0,10.0,9.0,9.0,6.0,6.0,5.0,5.0,4.0,4.0,3.0,3.0
128x768x768w32-48-64,10194589.0,10194589.0,10193052.0,3885.0,622.0,10190080.0,75741.0,156133.0,9956671.0,10112804.0,10193052.0,10032412.0,768.0,10194586.0,10194586.0,10193049.0,3884.0,627.0,10190073.0,75921.0,162193.0,9950424.0,10112617.0,10193049.0,10026345.0,768.0,10194585.0,10194585.0,10193048.0,3883.0,647.0,10190053.0,75787.0,169199.0,9943532.0,10112731.0,10193048.0,10019319.0,768.0,10194584.0,10194584.0,10193047.0,3882.0,641.0,10190059.0,75470.0,132315.0,9980739.0,10113054.0,10193047.0,10056209.0,768.0,10194581.0,10194581.0,10193044.0,3879.0,624.0,10190076.0,76189.0,138617.0,9973735.0,10112352.0,10193044.0,10049924.0,768.0,10194580.0,10194580.0,10193043.0,3878.0,633.0,10190067.0,75041.0,117498.0,9995993.0,10113491.0,10193043.0,10071034.0,768.0,10194579.0,10194579.0,10193042.0,3877.0,617.0,10190083.0,76068.0,118667.0,9993813.0,10112480.0,10193042.0,10069881.0,768.0,10194578.0,10194578.0,10193041.0,3876.0,567.0,10190133.0,75702.0,110495.0,10002401.0,10112896.0,10193041.0,10078103.0,768.0,10190133.0,10194575.0,10194575.0,10194594.0,6144.0,1105117.0,79797308.0,605919.0,80403227.0,14.0,14.0,11.0,11.0,10.0,10.0,9.0,9.0,6.0,6.0,5.0,5.0,4.0,4.0,3.0,3.0
128x768x768w32-48-65,10212827.0,10212827.0,10211290.0,3954.0,643.0,10208228.0,76561.0,165917.0,9964215.0,10130132.0,10211290.0,10040776.0,768.0,10212812.0,10212812.0,10211275.0,3953.0,630.0,10208227.0,75970.0,172118.0,9958604.0,10130722.0,10211275.0,10034574.0,768.0,10212812.0,10212812.0,10211275.0,3952.0,636.0,10208222.0,76040.0,173330.0,9957317.0,10130647.0,10211275.0,10033357.0,768.0,10212812.0,10212812.0,10211275.0,3951.0,603.0,10208256.0,76575.0,151870.0,9978276.0,10130146.0,10211275.0,10054851.0,768.0,10212810.0,10212810.0,10211273.0,3948.0,602.0,10208258.0,76607.0,153259.0,9976857.0,10130116.0,10211273.0,10053464.0,768.0,10212810.0,10212810.0,10211273.0,3947.0,594.0,10208267.0,76935.0,136798.0,9992999.0,10129797.0,10211273.0,10069934.0,768.0,10212810.0,10212810.0,10211273.0,3946.0,594.0,10208268.0,76996.0,136953.0,9992784.0,10129737.0,10211273.0,10069780.0,768.0,10212810.0,10212810.0,10211273.0,3945.0,594.0,10208269.0,76441.0,129435.0,10000858.0,10130293.0,10211273.0,10077299.0,768.0,10208269.0,10212800.0,10212800.0,10212819.0,6144.0,1219680.0,79821910.0,612125.0,80434035.0,27.0,27.0,12.0,12.0,12.0,12.0,12.0,12.0,10.0,10.0,10.0,10.0,10.0,10.0,10.0,10.0
128x768x768w32-48-66,10175855.0,10175855.0,10174318.0,3994.0,612.0,10171247.0,76637.0,149919.0,9943156.0,10093075.0,10174318.0,10019793.0,768.0,10175840.0,10175840.0,10174303.0,3993.0,605.0,10171240.0,76915.0,156249.0,9936541.0,10092790.0,10174303.0,10013456.0,768.0,10175840.0,10175840.0,10174303.0,3992.0,607.0,10171239.0,76505.0,154123.0,9939076.0,10093199.0,10174303.0,10015581.0,768.0,10175840.0,10175840.0,10174303.0,3991.0,635.0,10171212.0,76039.0,145664.0,9947974.0,10093638.0,10174303.0,10024013.0,768.0,10175838.0,10175838.0,10174301.0,3988.0,605.0,10171243.0,76799.0,149819.0,9943090.0,10092909.0,10174301.0,10019889.0,768.0,10175838.0,10175838.0,10174301.0,3987.0,612.0,10171237.0,76382.0,132342.0,9960978.0,10093320.0,10174301.0,10037360.0,768.0,10175838.0,10175838.0,10174301.0,3986.0,598.0,10171252.0,77264.0,136922.0,9955531.0,10092453.0,10174301.0,10032795.0,768.0,10175838.0,10175838.0,10174301.0,3985.0,597.0,10171254.0,76411.0,124017.0,9969291.0,10093308.0,10174301.0,10045702.0,768.0,10171254.0,10175828.0,10175828.0,10175847.0,6144.0,1149055.0,79595637.0,612952.0,80208589.0,27.0,27.0,12.0,12.0,12.0,12.0,12.0,12.0,10.0,10.0,10.0,10.0,10.0,10.0,10.0,10.0
128x768x768w32-48-67,10187723.0,10187723.0,10186186.0,4005.0,662.0,10183054.0,76433.0,156519.0,9948567.0,10105086.0,10186186.0,10025000.0,768.0,10187708.0,10187708.0,10186171.0,4004.0,628.0,10183074.0,76875.0,163825.0,9940839.0,10104664.0,10186171.0,10017714.0,768.0,10187708.0,10187708.0,10186171.0,4003.0,662.0,10183041.0,76230.0,164681.0,9940595.0,10105276.0,10186171.0,10016825.0,768.0,10187708.0,10187708.0,10186171.0,4002.0,628.0,10183076.0,76781.0,145943.0,9958817.0,10104760.0,10186171.0,10035598.0,768.0,10187706.0,10187706.0,10186169.0,3999.0,630.0,10183075.0,76747.0,148327.0,9956466.0,10104793.0,10186169.0,10033213.0,768.0,10187706.0,10187706.0,10186169.0,3998.0,591.0,10183115.0,76416.0,138996.0,9966168.0,10105164.0,10186169.0,10042584.0,768.0,10187706.0,10187706.0,10186169.0,3997.0,609.0,10183098.0,76671.0,136841.0,9968051.0,10104892.0,10186169.0,10044722.0,768.0,10187706.0,10187706.0,10186169.0,3996.0,619.0,10183089.0,76613.0,125662.0,9979279.0,10104941.0,10186169.0,10055892.0,768.0,10183115.0,10187696.0,10187696.0,10187715.0,6144.0,1180794.0,79658782.0,612766.0,80271548.0,27.0,27.0,12.0,12.0,12.0,12.0,12.0,12.0,10.0,10.0,10.0,10.0,10.0,10.0,10.0,10.0
128x768x768w32-48-68,10187313.0,10187313.0,10185776.0,4011.0,651.0,10182649.0,76268.0,151784.0,9953062.0,10104846.0,10185776.0,10029330.0,768.0,10187298.0,10187298.0,10185761.0,4010.0,645.0,10182641.0,77175.0,155914.0,9948017.0,10103931.0,10185761.0,10025192.0,768.0,10187298.0,10187298.0,10185761.0,4009.0,664.0,10182623.0,77498.0,156446.0,9947144.0,10103590.0,10185761.0,10024642.0,768.0,10187298.0,10187298.0,10185761.0,4008.0,670.0,10182618.0,76192.0,146681.0,9958210.0,10104891.0,10185761.0,10034402.0,768.0,10187296.0,10187296.0,10185759.0,4005.0,650.0,10182639.0,76865.0,142183.0,9962056.0,10104239.0,10185759.0,10038921.0,768.0,10187296.0,10187296.0,10185759.0,4004.0,643.0,10182647.0,76134.0,139557.0,9965421.0,10104978.0,10185759.0,10041555.0,768.0,10187296.0,10187296.0,10185759.0,4003.0,597.0,10182694.0,77171.0,138781.0,9965207.0,10103988.0,10185759.0,10042378.0,768.0,10187296.0,10187296.0,10185759.0,4002.0,613.0,10182679.0,76508.0,121666.0,9982970.0,10104636.0,10185759.0,10059478.0,768.0,10182694.0,10187286.0,10187286.0,10187305.0,6144.0,1153012.0,79682087.0,613811.0,80295898.0,27.0,27.0,12.0,12.0,12.0,12.0,12.0,12.0,10.0,10.0,10.0,10.0,10.0,10.0,10.0,10.0
128x768x768w32-48-69,10189389.0,10189389.0,10187852.0,4027.0,634.0,10184726.0,76090.0,154226.0,9952875.0,10107101.0,10187852.0,10028965.0,768.0,10189383.0,10189383.0,10187846.0,4026.0,621.0,10184734.0,76106.0,157776.0,9949317.0,10107093.0,10187846.0,10025423.0,768.0,10189383.0,10189383.0,10187846.0,4025.0,619.0,10184737.0,76591.0,164509.0,9942102.0,10106611.0,10187846.0,10018693.0,768.0,10189383.0,10189383.0,10187846.0,4024.0,651.0,10184706.0,76747.0,146012.0,9960412.0,10106424.0,10187846.0,10037159.0,768.0,10189381.0,10189381.0,10187844.0,4021.0,639.0,10184719.0,77084.0,149525.0,9956575.0,10106100.0,10187844.0,10033659.0,768.0,10189381.0,10189381.0,10187844.0,4020.0,612.0,10184747.0,76342.0,138330.0,9968540.0,10106870.0,10187844.0,10044882.0,768.0,10189381.0,10189381.0,10187844.0,4019.0,629.0,10184731.0,77043.0,140625.0,9965528.0,10106153.0,10187844.0,10042571.0,768.0,10189371.0,10189371.0,10187834.0,4018.0,587.0,10184764.0,75719.0,122742.0,9984768.0,10107510.0,10187834.0,10060487.0,768.0,10184764.0,10189371.0,10189371.0,10189390.0,6144.0,1173745.0,79680117.0,611722.0,80291839.0,18.0,18.0,12.0,12.0,12.0,12.0,12.0,12.0,10.0,10.0,10.0,10.0,10.0,10.0,0.0,0.0
128x768x768w32-48-70,10156441.0,10156441.0,10155032.0,4049.0,664.0,10151726.0,69104.0,153177.0,9928038.0,10081215.0,10155032.0,9997142.0,704.0,10156426.0,10156426.0,10155017.0,4048.0,660.0,10151716.0,69969.0,152219.0,9928121.0,10080340.0,10155017.0,9998090.0,704.0,10156426.0,10156426.0,10155017.0,4047.0,677.0,10151700.0,70520.0,154883.0,9924890.0,10079773.0,10155017.0,9995410.0,704.0,10156426.0,10156426.0,10155017.0,4046.0,666.0,10151712.0,69531.0,134933.0,9945841.0,10080774.0,10155017.0,10015372.0,704.0,10156424.0,10156424.0,10155015.0,4043.0,666.0,10151713.0,70058.0,141436.0,9938812.0,10080248.0,10155015.0,10008870.0,704.0,10156424.0,10156424.0,10155015.0,4042.0,638.0,10151742.0,69565.0,124331.0,9956439.0,10080770.0,10155015.0,10026004.0,704.0,10156424.0,10156424.0,10155015.0,4041.0,658.0,10151723.0,70203.0,130637.0,9949476.0,10080113.0,10155015.0,10019679.0,704.0,10156424.0,10156424.0,10155015.0,4040.0,598.0,10151784.0,70048.0,115598.0,9964731.0,10080329.0,10155015.0,10034779.0,704.0,10151784.0,10156414.0,10156414.0,10156433.0,5632.0,1107214.0,79536348.0,558998.0,80095346.0,27.0,27.0,12.0,12.0,12.0,12.0,12.0,12.0,10.0,10.0,10.0,10.0,10.0,10.0,10.0,10.0
128x768x768w32-56-55,10202382.0,10202382.0,10200813.0,3920.0,690.0,10197770.0,79007.0,174867.0,9942329.0,10117196.0,10200813.0,10021336.0,784.0,10202386.0,10202386.0,10200817.0,3919.0,698.0,10197767.0,78435.0,180560.0,9937205.0,10117765.0,10200817.0,10015640.0,784.0,10202385.0,10202385.0,10200816.0,3918.0,691.0,10197774.0,78256.0,183293.0,9934658.0,10117951.0,10200816.0,10012914.0,784.0,10202384.0,10202384.0,10200815.0,3917.0,680.0,10197785.0,78771.0,167370.0,9950077.0,10117447.0,10200815.0,10028848.0,784.0,10202381.0,10202381.0,10200812.0,3917.0,684.0,10197778.0,78892.0,169587.0,9947732.0,10117319.0,10200812.0,10026624.0,784.0,10202380.0,10202380.0,10200811.0,3916.0,628.0,10197834.0,78695.0,152842.0,9964730.0,10117572.0,10200811.0,10043425.0,784.0,10202379.0,10202379.0,10200810.0,3918.0,670.0,10197789.0,78944.0,154674.0,9962604.0,10117278.0,10200810.0,10041548.0,784.0,10202378.0,10202378.0,10200809.0,3915.0,673.0,10197788.0,79491.0,145398.0,9971332.0,10116730.0,10200809.0,10050823.0,784.0,10197837.0,10202375.0,10202375.0,10202394.0,6272.0,1328591.0,79610667.0,630491.0,80241158.0,7.0,7.0,11.0,11.0,10.0,10.0,9.0,9.0,6.0,6.0,5.0,5.0,4.0,4.0,3.0,3.0
128x768x768w32-56-56,10212720.0,10212720.0,10211151.0,3959.0,612.0,10208147.0,78804.0,185252.0,9942524.0,10127776.0,10211151.0,10021328.0,784.0,10212710.0,10212710.0,10211141.0,3958.0,606.0,10208144.0,79154.0,194763.0,9932660.0,10127423.0,10211141.0,10011814.0,784.0,10212709.0,10212709.0,10211140.0,3957.0,605.0,10208145.0,76255.0,197162.0,9933161.0,10130323.0,10211140.0,10009416.0,784.0,10212708.0,10212708.0,10211139.0,3956.0,579.0,10208171.0,77774.0,176034.0,9952796.0,10128830.0,10211139.0,10030570.0,784.0,10212705.0,10212705.0,10211136.0,3953.0,582.0,10208168.0,77928.0,173104.0,9955569.0,10128673.0,10211136.0,10033497.0,784.0,10212704.0,10212704.0,10211135.0,3952.0,564.0,10208186.0,78275.0,153886.0,9974458.0,10128344.0,10211135.0,10052733.0,784.0,10212703.0,10212703.0,10211134.0,3955.0,595.0,10208151.0,78362.0,158843.0,9969379.0,10128222.0,10211134.0,10047741.0,784.0,10212702.0,10212702.0,10211133.0,3950.0,593.0,10208157.0,78147.0,144421.0,9984022.0,10128443.0,10211133.0,10062169.0,784.0,10208186.0,10212699.0,10212699.0,10212718.0,6272.0,1383465.0,79644569.0,624699.0,80269268.0,21.0,21.0,11.0,11.0,10.0,10.0,9.0,9.0,6.0,6.0,5.0,5.0,4.0,4.0,3.0,3.0
128x768x768w32-56-57,10203886.0,10203886.0,10202317.0,3945.0,649.0,10199290.0,79038.0,179223.0,9939462.0,10118685.0,10202317.0,10018500.0,784.0,10203877.0,10203877.0,10202308.0,3944.0,660.0,10199271.0,78675.0,189164.0,9929865.0,10119029.0,10202308.0,10008540.0,784.0,10203876.0,10203876.0,10202307.0,3943.0,664.0,10199267.0,78177.0,184044.0,9935479.0,10119523.0,10202307.0,10013656.0,784.0,10203875.0,10203875.0,10202306.0,3942.0,669.0,10199262.0,78611.0,166321.0,9952763.0,10119084.0,10202306.0,10031374.0,784.0,10203872.0,10203872.0,10202303.0,3942.0,657.0,10199271.0,79150.0,173679.0,9944875.0,10118554.0,10202303.0,10024025.0,784.0,10203871.0,10203871.0,10202302.0,3941.0,645.0,10199283.0,78535.0,160354.0,9958827.0,10119181.0,10202302.0,10037362.0,784.0,10203870.0,10203870.0,10202301.0,3943.0,646.0,10199279.0,79231.0,161173.0,9957308.0,10118481.0,10202301.0,10036539.0,784.0,10203869.0,10203869.0,10202300.0,3940.0,642.0,10199285.0,79512.0,145129.0,9973077.0,10118206.0,10202300.0,10052589.0,784.0,10199290.0,10203866.0,10203866.0,10203885.0,6272.0,1359087.0,79591656.0,630929.0,80222585.0,20.0,20.0,11.0,11.0,10.0,10.0,9.0,9.0,6.0,6.0,5.0,5.0,4.0,4.0,3.0,3.0
128x768x768w32-56-58,10210881.0,10210881.0,10209312.0,3991.0,686.0,10206202.0,78999.0,180917.0,9944719.0,10125636.0,10209312.0,10023718.0,784.0,10210872.0,10210872.0,10209303.0,3990.0,662.0,10206218.0,79184.0,185820.0,9939647.0,10125467.0,10209303.0,10018831.0,784.0,10210871.0,10210871.0,10209302.0,3989.0,659.0,10206221.0,77729.0,191210.0,9935715.0,10126925.0,10209302.0,10013444.0,784.0,10210870.0,10210870.0,10209301.0,3988.0,649.0,10206231.0,78814.0,172147.0,9953703.0,10125850.0,10209301.0,10032517.0,784.0,10210867.0,10210867.0,10209298.0,3988.0,651.0,10206226.0,78855.0,177400.0,9948404.0,10125804.0,10209298.0,10027259.0,784.0,10210866.0,10210866.0,10209297.0,3987.0,635.0,10206242.0,78434.0,162516.0,9963725.0,10126241.0,10209297.0,10042159.0,784.0,10210865.0,10210865.0,10209296.0,3989.0,635.0,10206239.0,78833.0,163639.0,9962200.0,10125839.0,10209296.0,10041033.0,784.0,10210864.0,10210864.0,10209295.0,3986.0,656.0,10206220.0,79284.0,143798.0,9981571.0,10125369.0,10209295.0,10060855.0,784.0,10206245.0,10210861.0,10210861.0,10210880.0,6272.0,1377447.0,79629684.0,630132.0,80259816.0,20.0,20.0,11.0,11.0,10.0,10.0,9.0,9.0,6.0,6.0,5.0,5.0,4.0,4.0,3.0,3.0
128x768x768w32-56-60,10187068.0,10187068.0,10185611.0,4018.0,652.0,10182396.0,73117.0,171063.0,9936761.0,10107824.0,10185611.0,10009878.0,728.0,10187050.0,10187050.0,10185593.0,4017.0,618.0,10182413.0,72375.0,182380.0,9926203.0,10108583.0,10185593.0,9998578.0,728.0,10187051.0,10187051.0,10185594.0,4016.0,630.0,10182403.0,72254.0,182570.0,9926124.0,10108694.0,10185594.0,9998378.0,728.0,10187049.0,10187049.0,10185592.0,4015.0,594.0,10182438.0,72847.0,161782.0,9946354.0,10108136.0,10185592.0,10019201.0,728.0,10187048.0,10187048.0,10185591.0,4012.0,619.0,10182415.0,73690.0,161539.0,9945731.0,10107270.0,10185591.0,10019421.0,728.0,10187048.0,10187048.0,10185591.0,4011.0,592.0,10182443.0,73259.0,150882.0,9956847.0,10107729.0,10185591.0,10030106.0,728.0,10187048.0,10187048.0,10185591.0,4010.0,562.0,10182474.0,73380.0,148692.0,9958947.0,10107639.0,10185591.0,10032327.0,728.0,10187048.0,10187048.0,10185591.0,4009.0,633.0,10182404.0,72589.0,139744.0,9968616.0,10108360.0,10185591.0,10041205.0,728.0,10182474.0,10187046.0,10187046.0,10187065.0,5824.0,1298652.0,79565583.0,583511.0,80149094.0,22.0,22.0,4.0,4.0,5.0,5.0,3.0,3.0,2.0,2.0,2.0,2.0,2.0,2.0,2.0,2.0
128x768x768w32-56-61,10197069.0,10197069.0,10195612.0,4023.0,642.0,10192402.0,72999.0,181032.0,9936916.0,10117948.0,10195612.0,10009915.0,728.0,10197051.0,10197051.0,10195594.0,4022.0,623.0,10192404.0,72330.0,189510.0,9929109.0,10118619.0,10195594.0,10001439.0,728.0,10197052.0,10197052.0,10195595.0,4021.0,622.0,10192407.0,72075.0,191387.0,9927490.0,10118877.0,10195595.0,9999565.0,728.0,10197050.0,10197050.0,10195593.0,4020.0,643.0,10192385.0,73058.0,168716.0,9949156.0,10117872.0,10195593.0,10022214.0,728.0,10197049.0,10197049.0,10195592.0,4017.0,611.0,10192419.0,73588.0,171071.0,9946305.0,10117376.0,10195592.0,10019893.0,728.0,10197049.0,10197049.0,10195592.0,4016.0,625.0,10192406.0,73122.0,153309.0,9964520.0,10117829.0,10195592.0,10037642.0,728.0,10197049.0,10197049.0,10195592.0,4015.0,633.0,10192399.0,73503.0,158799.0,9958642.0,10117441.0,10195592.0,10032145.0,728.0,10197049.0,10197049.0,10195592.0,4014.0,571.0,10192462.0,72907.0,137989.0,9980111.0,10118100.0,10195592.0,10053018.0,728.0,10192462.0,10197047.0,10197047.0,10197066.0,5824.0,1351813.0,79592249.0,583582.0,80175831.0,22.0,22.0,4.0,4.0,5.0,5.0,3.0,3.0,2.0,2.0,2.0,2.0,2.0,2.0,2.0,2.0
128x768x768w32-64-48,11220752.0,11220752.0,11219215.0,3781.0,765.0,11216204.0,76016.0,127287.0,11011366.0,11138653.0,11219215.0,11087382.0,768.0,11220734.0,11220734.0,11219197.0,3780.0,711.0,11216241.0,76704.0,193427.0,10944575.0,11138002.0,11219197.0,11021279.0,768.0,11220735.0,11220735.0,11219198.0,3779.0,709.0,11216245.0,77824.0,186523.0,10950363.0,11136886.0,11219198.0,11028187.0,768.0,11220733.0,11220733.0,11219196.0,3778.0,618.0,11216335.0,76913.0,96573.0,11041314.0,11137887.0,11219196.0,11118227.0,768.0,11220732.0,11220732.0,11219195.0,3775.0,655.0,11216300.0,77443.0,114551.0,11022771.0,11137322.0,11219195.0,11100214.0,768.0,11220732.0,11220732.0,11219195.0,3774.0,610.0,11216346.0,76800.0,88862.0,11049149.0,11138011.0,11219195.0,11125949.0,768.0,11220732.0,11220732.0,11219195.0,3773.0,620.0,11216337.0,76057.0,99081.0,11039664.0,11138745.0,11219195.0,11115721.0,768.0,11220732.0,11220732.0,11219195.0,3772.0,617.0,11216341.0,74492.0,86473.0,11053841.0,11140314.0,11219195.0,11128333.0,768.0,11216346.0,11220730.0,11220730.0,11220749.0,6144.0,992777.0,88113043.0,612249.0,88725292.0,22.0,22.0,4.0,4.0,5.0,5.0,3.0,3.0,2.0,2.0,2.0,2.0,2.0,2.0,2.0,2.0
128x768x768w32-64-49,11193439.0,11193439.0,11191902.0,3848.0,753.0,11188836.0,75806.0,132514.0,10978981.0,11111495.0,11191902.0,11054787.0,768.0,11193429.0,11193429.0,11191892.0,3847.0,701.0,11188879.0,76142.0,178703.0,10932499.0,11111202.0,11191892.0,11008641.0,768.0,11193428.0,11193428.0,11191891.0,3846.0,686.0,11188894.0,76733.0,205651.0,10904975.0,11110626.0,11191891.0,10981708.0,768.0,11193427.0,11193427.0,11191890.0,3845.0,619.0,11188961.0,76956.0,99118.0,11011352.0,11110470.0,11191890.0,11088308.0,768.0,11193424.0,11193424.0,11191887.0,3842.0,642.0,11188938.0,78611.0,116428.0,10992364.0,11108792.0,11191887.0,11070975.0,768.0,11193423.0,11193423.0,11191886.0,3841.0,631.0,11188949.0,76929.0,92675.0,11017810.0,11110485.0,11191886.0,11094739.0,768.0,11193422.0,11193422.0,11191885.0,3840.0,624.0,11188956.0,78193.0,105602.0,11003626.0,11109228.0,11191885.0,11081819.0,768.0,11193421.0,11193421.0,11191884.0,3839.0,640.0,11188940.0,75791.0,96405.0,11015209.0,11111614.0,11191884.0,11091000.0,768.0,11188961.0,11193418.0,11193418.0,11193437.0,6144.0,1027096.0,87856816.0,615161.0,88471977.0,21.0,21.0,11.0,11.0,10.0,10.0,9.0,9.0,6.0,6.0,5.0,5.0,4.0,4.0,3.0,3.0
128x768x768w32-64-50,11171576.0,11171576.0,11170039.0,3858.0,699.0,11167017.0,75784.0,166134.0,10923564.0,11089698.0,11170039.0,10999348.0,768.0,11171566.0,11171566.0,11170029.0,3857.0,785.0,11166922.0,76202.0,197821.0,10891364.0,11089185.0,11170029.0,10967566.0,768.0,11171565.0,11171565.0,11170028.0,3856.0,668.0,11167039.0,76566.0,195455.0,10893483.0,11088938.0,11170028.0,10970049.0,768.0,11171564.0,11171564.0,11170027.0,3855.0,699.0,11167008.0,77039.0,107702.0,10980732.0,11088434.0,11170027.0,11057771.0,768.0,11171561.0,11171561.0,11170024.0,3852.0,632.0,11167075.0,78937.0,121898.0,10964705.0,11086603.0,11170024.0,11043642.0,768.0,11171560.0,11171560.0,11170023.0,3851.0,620.0,11167087.0,77432.0,92615.0,10995505.0,11088120.0,11170023.0,11072937.0,768.0,11171559.0,11171559.0,11170022.0,3850.0,621.0,11167086.0,78118.0,104509.0,10982924.0,11087433.0,11170022.0,11061042.0,768.0,11171558.0,11171558.0,11170021.0,3849.0,619.0,11167088.0,75473.0,92963.0,10997117.0,11090080.0,11170021.0,11072590.0,768.0,11167088.0,11171555.0,11171555.0,11171574.0,6144.0,1079097.0,87629394.0,615551.0,88244945.0,21.0,21.0,11.0,11.0,10.0,10.0,9.0,9.0,6.0,6.0,5.0,5.0,4.0,4.0,3.0,3.0
128x768x768w32-64-51,11206442.0,11206442.0,11204905.0,3895.0,657.0,11201888.0,75644.0,168031.0,10956678.0,11124709.0,11204905.0,11032322.0,768.0,11206432.0,11206432.0,11204895.0,3894.0,639.0,11201897.0,76440.0,182386.0,10941536.0,11123922.0,11204895.0,11017976.0,768.0,11206431.0,11206431.0,11204894.0,3893.0,637.0,11201899.0,77146.0,205480.0,10917738.0,11123218.0,11204894.0,10994884.0,768.0,11206430.0,11206430.0,11204893.0,3892.0,627.0,11201909.0,76343.0,106738.0,11017293.0,11124031.0,11204893.0,11093636.0,768.0,11206427.0,11206427.0,11204890.0,3889.0,632.0,11201904.0,78386.0,120440.0,11001543.0,11121983.0,11204890.0,11079929.0,768.0,11206426.0,11206426.0,11204889.0,3888.0,620.0,11201916.0,77634.0,95578.0,11027169.0,11122747.0,11204889.0,11104803.0,768.0,11206425.0,11206425.0,11204888.0,3887.0,618.0,11201918.0,77059.0,99479.0,11023845.0,11123324.0,11204888.0,11100904.0,768.0,11206424.0,11206424.0,11204887.0,3886.0,649.0,11201887.0,75173.0,94315.0,11030864.0,11125179.0,11204887.0,11106037.0,768.0,11201918.0,11206421.0,11206421.0,11206440.0,6144.0,1072447.0,87916666.0,613825.0,88530491.0,21.0,21.0,11.0,11.0,10.0,10.0,9.0,9.0,6.0,6.0,5.0,5.0,4.0,4.0,3.0,3.0
128x768x768w32-64-52,11201878.0,11201878.0,11200437.0,3938.0,698.0,11197240.0,72011.0,158584.0,10965206.0,11123790.0,11200437.0,11037217.0,720.0,11201875.0,11201875.0,11200434.0,3937.0,796.0,11197140.0,72375.0,200475.0,10922851.0,11123326.0,11200434.0,10995226.0,720.0,11201874.0,11201874.0,11200433.0,3936.0,814.0,11197122.0,73272.0,239666.0,10882745.0,11122411.0,11200433.0,10956017.0,720.0,11201873.0,11201873.0,11200432.0,3935.0,667.0,11197269.0,71542.0,129918.0,10994370.0,11124288.0,11200432.0,11065912.0,720.0,11201870.0,11201870.0,11200429.0,3932.0,685.0,11197251.0,72922.0,141235.0,10981655.0,11122890.0,11200429.0,11054577.0,720.0,11201869.0,11201869.0,11200428.0,3931.0,636.0,11197300.0,71800.0,114852.0,11009209.0,11124061.0,11200428.0,11081009.0,720.0,11201868.0,11201868.0,11200427.0,3930.0,647.0,11197289.0,72207.0,124184.0,10999459.0,11123643.0,11200427.0,11071666.0,720.0,11201867.0,11201867.0,11200426.0,3929.0,648.0,11197288.0,72519.0,118918.0,11004412.0,11123330.0,11200426.0,11076931.0,720.0,11197300.0,11201864.0,11201864.0,11201883.0,5760.0,1227832.0,87759907.0,578648.0,88338555.0,14.0,14.0,11.0,11.0,10.0,10.0,9.0,9.0,6.0,6.0,5.0,5.0,4.0,4.0,3.0,3.0
128x768x768w32-64-53,11225566.0,11225566.0,11224125.0,3953.0,673.0,11220938.0,72252.0,152073.0,10995174.0,11147247.0,11224125.0,11067426.0,720.0,11225563.0,11225563.0,11224122.0,3952.0,682.0,11220927.0,71957.0,225435.0,10922096.0,11147531.0,11224122.0,10994053.0,720.0,11225562.0,11225562.0,11224121.0,3951.0,883.0,11220726.0,72043.0,211204.0,10936040.0,11147244.0,11224121.0,11008083.0,720.0,11225561.0,11225561.0,11224120.0,3950.0,662.0,11220947.0,71039.0,129272.0,11019197.0,11148469.0,11224120.0,11090236.0,720.0,11225558.0,11225558.0,11224117.0,3947.0,709.0,11220900.0,72363.0,143285.0,11003813.0,11147098.0,11224117.0,11076176.0,720.0,11225557.0,11225557.0,11224116.0,3946.0,648.0,11220961.0,72229.0,108330.0,11038963.0,11147293.0,11224116.0,11111192.0,720.0,11225556.0,11225556.0,11224115.0,3945.0,650.0,11220959.0,71751.0,120691.0,11027078.0,11147769.0,11224115.0,11098829.0,720.0,11225555.0,11225555.0,11224114.0,3944.0,641.0,11220968.0,72195.0,111377.0,11035957.0,11147334.0,11224114.0,11108152.0,720.0,11220968.0,11225552.0,11225552.0,11225571.0,5760.0,1201667.0,87978318.0,575829.0,88554147.0,14.0,14.0,11.0,11.0,10.0,10.0,9.0,9.0,6.0,6.0,5.0,5.0,4.0,4.0,3.0,3.0
128x768x768w32-72-43,10252656.0,10252656.0,10251071.0,3925.0,675.0,10248054.0,80271.0,204614.0,9961586.0,10166200.0,10251071.0,10041857.0,792.0,10252641.0,10252641.0,10251056.0,3924.0,663.0,10248052.0,79803.0,210292.0,9956374.0,10166666.0,10251056.0,10036177.0,792.0,10252641.0,10252641.0,10251056.0,3923.0,666.0,10248050.0,79921.0,215951.0,9950595.0,10166546.0,10251056.0,10030516.0,792.0,10252641.0,10252641.0,10251056.0,3922.0,661.0,10248056.0,79927.0,184849.0,9981697.0,10166546.0,10251056.0,10061624.0,792.0,10252639.0,10252639.0,10251054.0,3919.0,644.0,10248074.0,80556.0,184222.0,9981713.0,10165935.0,10251054.0,10062269.0,792.0,10252639.0,10252639.0,10251054.0,3918.0,655.0,10248064.0,79688.0,158803.0,10007990.0,10166793.0,10251054.0,10087678.0,792.0,10252639.0,10252639.0,10251054.0,3917.0,674.0,10248046.0,79896.0,161926.0,10004641.0,10166567.0,10251054.0,10084537.0,792.0,10252639.0,10252639.0,10251054.0,3916.0,672.0,10248049.0,79499.0,149730.0,10017237.0,10166967.0,10251054.0,10096736.0,792.0,10248074.0,10252629.0,10252629.0,10252648.0,6336.0,1470387.0,79861833.0,639561.0,80501394.0,27.0,27.0,12.0,12.0,12.0,12.0,12.0,12.0,10.0,10.0,10.0,10.0,10.0,10.0,10.0,10.0
128x768x768w32-72-44,10216484.0,10216484.0,10214899.0,3935.0,669.0,10211878.0,79968.0,180059.0,9950268.0,10130327.0,10214899.0,10030236.0,792.0,10216488.0,10216488.0,10214903.0,3934.0,675.0,10211877.0,79808.0,187837.0,9942649.0,10130486.0,10214903.0,10022457.0,792.0,10216487.0,10216487.0,10214902.0,3933.0,673.0,10211879.0,79941.0,185939.0,9944416.0,10130355.0,10214902.0,10024357.0,792.0,10216486.0,10216486.0,10214901.0,3932.0,685.0,10211867.0,79958.0,176199.0,9954127.0,10130326.0,10214901.0,10034085.0,792.0,10216483.0,10216483.0,10214898.0,3929.0,650.0,10211902.0,81010.0,172570.0,9956739.0,10129309.0,10214898.0,10037749.0,792.0,10216482.0,10216482.0,10214897.0,3928.0,661.0,10211891.0,79262.0,160363.0,9970683.0,10131046.0,10214897.0,10049945.0,792.0,10216481.0,10216481.0,10214896.0,3927.0,643.0,10211909.0,79542.0,165367.0,9965417.0,10130784.0,10214896.0,10044959.0,792.0,10216480.0,10216480.0,10214895.0,3926.0,640.0,10211912.0,79131.0,147755.0,9983443.0,10131198.0,10214895.0,10062574.0,792.0,10211912.0,10216477.0,10216477.0,10216496.0,6336.0,1376089.0,79667742.0,638620.0,80306362.0,7.0,7.0,11.0,11.0,10.0,10.0,9.0,9.0,6.0,6.0,5.0,5.0,4.0,4.0,3.0,3.0
128x768x768w32-72-45,10227789.0,10227789.0,10226204.0,3950.0,658.0,10223179.0,80676.0,185142.0,9955778.0,10140920.0,10226204.0,10036454.0,792.0,10227779.0,10227779.0,10226194.0,3949.0,671.0,10223157.0,80305.0,194615.0,9946654.0,10141269.0,10226194.0,10026959.0,792.0,10227779.0,10227779.0,10226194.0,3948.0,662.0,10223167.0,80421.0,193777.0,9947386.0,10141163.0,10226194.0,10027807.0,792.0,10227779.0,10227779.0,10226194.0,3947.0,671.0,10223159.0,79250.0,174988.0,9967338.0,10142326.0,10226194.0,10046588.0,792.0,10227777.0,10227777.0,10226192.0,3944.0,663.0,10223168.0,80220.0,178564.0,9962801.0,10141365.0,10226192.0,10043021.0,792.0,10227777.0,10227777.0,10226192.0,3943.0,663.0,10223169.0,79638.0,162440.0,9979508.0,10141948.0,10226192.0,10059146.0,792.0,10227777.0,10227777.0,10226192.0,3942.0,663.0,10223170.0,79672.0,167305.0,9974610.0,10141915.0,10226192.0,10054282.0,792.0,10227777.0,10227777.0,10226192.0,3941.0,663.0,10223171.0,79671.0,145808.0,9996109.0,10141917.0,10226192.0,10075780.0,792.0,10223179.0,10227767.0,10227767.0,10227786.0,6336.0,1402639.0,79730184.0,639853.0,80370037.0,22.0,22.0,12.0,12.0,12.0,12.0,12.0,12.0,10.0,10.0,10.0,10.0,10.0,10.0,10.0,10.0
128x768x768w32-72-46,10210560.0,10210560.0,10209063.0,3915.0,671.0,10205972.0,75506.0,171569.0,9957402.0,10128971.0,10209063.0,10032908.0,748.0,10210545.0,10210545.0,10209048.0,3914.0,675.0,10205954.0,75441.0,179505.0,9949513.0,10129018.0,10209048.0,10024954.0,748.0,10210545.0,10210545.0,10209048.0,3913.0,675.0,10205955.0,75976.0,180521.0,9947963.0,10128484.0,10209048.0,10023939.0,748.0,10210545.0,10210545.0,10209048.0,3912.0,639.0,10205992.0,74629.0,158583.0,9971285.0,10129868.0,10209048.0,10045914.0,748.0,10210543.0,10210543.0,10209046.0,3909.0,641.0,10205991.0,75924.0,153338.0,9975234.0,10128572.0,10209046.0,10051158.0,748.0,10210543.0,10210543.0,10209046.0,3908.0,634.0,10205999.0,75422.0,136140.0,9992942.0,10129082.0,10209046.0,10068364.0,748.0,10210543.0,10210543.0,10209046.0,3907.0,635.0,10205999.0,75698.0,141715.0,9987091.0,10128806.0,10209046.0,10062789.0,748.0,10210543.0,10210543.0,10209046.0,3906.0,618.0,10206017.0,75369.0,114696.0,10014457.0,10129153.0,10209046.0,10089826.0,748.0,10206017.0,10210533.0,10210533.0,10210552.0,5984.0,1236067.0,79795887.0,603965.0,80399852.0,27.0,27.0,12.0,12.0,12.0,12.0,12.0,12.0,10.0,10.0,10.0,10.0,10.0,10.0,10.0,10.0
128x768x768w32-80-41,10272921.0,10272921.0,10271400.0,3956.0,695.0,10268268.0,77316.0,175051.0,10014382.0,10189433.0,10271400.0,10091698.0,760.0,10272911.0,10272911.0,10271390.0,3955.0,685.0,10268269.0,75430.0,179847.0,10011473.0,10191320.0,10271390.0,10086903.0,760.0,10272910.0,10272910.0,10271389.0,3954.0,689.0,10268265.0,75963.0,183834.0,10006949.0,10190783.0,10271389.0,10082912.0,760.0,10272909.0,10272909.0,10271388.0,3953.0,665.0,10268289.0,75952.0,161713.0,10029105.0,10190818.0,10271388.0,10105057.0,760.0,10272906.0,10272906.0,10271385.0,3950.0,667.0,10268287.0,76104.0,160389.0,10030275.0,10190664.0,10271385.0,10106379.0,760.0,10272905.0,10272905.0,10271384.0,3949.0,660.0,10268294.0,75359.0,148497.0,10042919.0,10191416.0,10271384.0,10118278.0,760.0,10272904.0,10272904.0,10271383.0,3948.0,677.0,10268277.0,76444.0,154375.0,10035939.0,10190314.0,10271383.0,10112383.0,760.0,10272903.0,10272903.0,10271382.0,3947.0,678.0,10268276.0,75846.0,137855.0,10053056.0,10190911.0,10271382.0,10128902.0,760.0,10268294.0,10272900.0,10272900.0,10272919.0,6080.0,1301561.0,80224098.0,608414.0,80832512.0,21.0,21.0,11.0,11.0,10.0,10.0,9.0,9.0,6.0,6.0,5.0,5.0,4.0,4.0,3.0,3.0
128x768x768w32-88-35,10366989.0,10366989.0,10365404.0,4016.0,700.0,10362271.0,78367.0,195285.0,10087036.0,10282321.0,10365404.0,10165403.0,792.0,10366977.0,10366977.0,10365392.0,4015.0,701.0,10362259.0,78076.0,199868.0,10082732.0,10282600.0,10365392.0,10160808.0,792.0,10366977.0,10366977.0,10365392.0,4014.0,701.0,10362260.0,78360.0,207344.0,10074973.0,10282317.0,10365392.0,10153333.0,792.0,10366977.0,10366977.0,10365392.0,4013.0,701.0,10362261.0,77837.0,177535.0,10105306.0,10282841.0,10365392.0,10183143.0,792.0,10366975.0,10366975.0,10365390.0,4010.0,701.0,10362262.0,79387.0,182731.0,10098561.0,10281292.0,10365390.0,10177948.0,792.0,10366975.0,10366975.0,10365390.0,4009.0,692.0,10362272.0,78127.0,153873.0,10128689.0,10282562.0,10365390.0,10206816.0,792.0,10366975.0,10366975.0,10365390.0,4008.0,708.0,10362257.0,78584.0,162403.0,10119687.0,10282090.0,10365390.0,10198271.0,792.0,10366975.0,10366975.0,10365390.0,4007.0,700.0,10362266.0,78835.0,158370.0,10123478.0,10281848.0,10365390.0,10202313.0,792.0,10362272.0,10366973.0,10366973.0,10366992.0,6336.0,1437409.0,80820462.0,627573.0,81448035.0,16.0,16.0,4.0,4.0,4.0,4.0,4.0,4.0,2.0,2.0,2.0,2.0,2.0,2.0,2.0,2.0
128x768x768w32-88-36,10388726.0,10388726.0,10387141.0,4030.0,748.0,10383946.0,79225.0,199622.0,10103516.0,10303138.0,10387141.0,10182741.0,792.0,10388714.0,10388714.0,10387129.0,4029.0,822.0,10383861.0,78341.0,214582.0,10089355.0,10303937.0,10387129.0,10167696.0,792.0,10388714.0,10388714.0,10387129.0,4028.0,718.0,10383966.0,78522.0,211544.0,10092317.0,10303861.0,10387129.0,10170839.0,792.0,10388714.0,10388714.0,10387129.0,4027.0,693.0,10383992.0,78248.0,179550.0,10124611.0,10304161.0,10387129.0,10202859.0,792.0,10388712.0,10388712.0,10387127.0,4024.0,719.0,10383967.0,78636.0,181612.0,10122136.0,10303748.0,10387127.0,10200772.0,792.0,10388712.0,10388712.0,10387127.0,4023.0,692.0,10383995.0,78383.0,167898.0,10136131.0,10304029.0,10387127.0,10214514.0,792.0,10388712.0,10388712.0,10387127.0,4022.0,686.0,10384002.0,78837.0,168194.0,10135388.0,10303582.0,10387127.0,10214225.0,792.0,10388712.0,10388712.0,10387127.0,4021.0,682.0,10384007.0,79419.0,144523.0,10158482.0,10303005.0,10387127.0,10237901.0,792.0,10384007.0,10388710.0,10388710.0,10388729.0,6336.0,1467525.0,80961936.0,629611.0,81591547.0,16.0,16.0,4.0,4.0,4.0,4.0,4.0,4.0,2.0,2.0,2.0,2.0,2.0,2.0,2.0,2.0
128x768x768w32-96-32,11031876.0,11031876.0,11030339.0,3846.0,828.0,11027200.0,76405.0,181021.0,10768239.0,10949260.0,11030339.0,10844644.0,768.0,11031873.0,11031873.0,11030336.0,3845.0,953.0,11027073.0,75750.0,281572.0,10668216.0,10949788.0,11030336.0,10743966.0,768.0,11031872.0,11031872.0,11030335.0,3844.0,1156.0,11026870.0,75118.0,231649.0,10718568.0,10950217.0,11030335.0,10793686.0,768.0,11031871.0,11031871.0,11030334.0,3843.0,825.0,11027201.0,75996.0,125869.0,10823801.0,10949670.0,11030334.0,10899797.0,768.0,11031868.0,11031868.0,11030331.0,3840.0,858.0,11027168.0,76518.0,141697.0,10807418.0,10949115.0,11030331.0,10883936.0,768.0,11031867.0,11031867.0,11030330.0,3839.0,767.0,11027259.0,76228.0,104067.0,10845429.0,10949496.0,11030330.0,10921657.0,768.0,11031866.0,11031866.0,11030329.0,3838.0,774.0,11027252.0,76767.0,120294.0,10828656.0,10948950.0,11030329.0,10905423.0,768.0,11031865.0,11031865.0,11030328.0,3837.0,773.0,11027253.0,76007.0,106832.0,10842879.0,10949711.0,11030328.0,10918886.0,768.0,11027259.0,11031862.0,11031862.0,11031881.0,6144.0,1293001.0,86303206.0,608789.0,86911995.0,14.0,14.0,11.0,11.0,10.0,10.0,9.0,9.0,6.0,6.0,5.0,5.0,4.0,4.0,3.0,3.0
128x768x768w33-48-64,11942034.0,11942034.0,11940497.0,4011.0,577.0,11937444.0,75898.0,116264.0,11743747.0,11860011.0,11940497.0,11819645.0,768.0,11942016.0,11942016.0,11940479.0,4010.0,580.0,11937424.0,75969.0,1921580.0,9938340.0,11859920.0,11940479.0,10014309.0,768.0,11942017.0,11942017.0,11940480.0,4009.0,564.0,11937442.0,75832.0,1920716.0,9939359.0,11860075.0,11940480.0,10015191.0,768.0,11942015.0,11942015.0,11940478.0,4008.0,541.0,11937464.0,76162.0,1891657.0,9968110.0,11859767.0,11940478.0,10044272.0,768.0,11942014.0,11942014.0,11940477.0,4005.0,536.0,11937471.0,76418.0,1889557.0,9969961.0,11859518.0,11940477.0,10046379.0,768.0,11942014.0,11942014.0,11940477.0,4004.0,3724.0,11934284.0,75787.0,2476986.0,9379976.0,11856962.0,11940477.0,9455763.0,768.0,11942014.0,11942014.0,11940477.0,4003.0,3685.0,11934324.0,75570.0,2479892.0,9377327.0,11857219.0,11940477.0,9452897.0,768.0,11942014.0,11942014.0,11940477.0,4002.0,3696.0,11934314.0,76036.0,2471130.0,9385613.0,11856743.0,11940477.0,9461649.0,768.0,11937471.0,11942012.0,11942012.0,11942031.0,6144.0,15167782.0,79702433.0,607672.0,80310105.0,22.0,22.0,4.0,4.0,5.0,5.0,3.0,3.0,2.0,2.0,2.0,2.0,2.0,2.0,2.0,2.0
128x768x768w33-48-65,11981138.0,11981138.0,11979601.0,4079.0,617.0,11976440.0,75776.0,145643.0,11753486.0,11899129.0,11979601.0,11829262.0,768.0,11981120.0,11981120.0,11979583.0,4078.0,604.0,11976436.0,76120.0,1941183.0,9957598.0,11898781.0,11979583.0,10033718.0,768.0,11981121.0,11981121.0,11979584.0,4077.0,622.0,11976420.0,76273.0,1946034.0,9952578.0,11898612.0,11979584.0,10028851.0,768.0,11981119.0,11981119.0,11979582.0,4076.0,593.0,11976448.0,73939.0,1919023.0,9981951.0,11900974.0,11979582.0,10055890.0,768.0,11981118.0,11981118.0,11979581.0,4073.0,610.0,11976433.0,76359.0,1923662.0,9974877.0,11898539.0,11979581.0,10051236.0,768.0,11981118.0,11981118.0,11979581.0,4072.0,3200.0,11973844.0,75585.0,2508710.0,9388014.0,11896724.0,11979581.0,9463599.0,768.0,11981118.0,11981118.0,11979581.0,4071.0,3216.0,11973829.0,75607.0,2513305.0,9383382.0,11896687.0,11979581.0,9458989.0,768.0,11981118.0,11981118.0,11979581.0,4070.0,3200.0,11973846.0,76166.0,2502411.0,9393734.0,11896145.0,11979581.0,9469900.0,768.0,11976448.0,11981116.0,11981116.0,11981135.0,6144.0,15399971.0,79785620.0,605825.0,80391445.0,22.0,22.0,4.0,4.0,5.0,5.0,3.0,3.0,2.0,2.0,2.0,2.0,2.0,2.0,2.0,2.0
128x768x768w33-48-66,11962754.0,11962754.0,11961217.0,4132.0,607.0,11958013.0,75681.0,143218.0,11737579.0,11880797.0,11961217.0,11813260.0,768.0,11962736.0,11962736.0,11961199.0,4131.0,603.0,11958000.0,75109.0,1944324.0,9937032.0,11881356.0,11961199.0,10012141.0,768.0,11962737.0,11962737.0,11961200.0,4130.0,591.0,11958014.0,76152.0,1942151.0,9938176.0,11880327.0,11961200.0,10014328.0,768.0,11962735.0,11962735.0,11961198.0,4129.0,600.0,11958004.0,75364.0,1929078.0,9952027.0,11881105.0,11961198.0,10027391.0,768.0,11962734.0,11962734.0,11961197.0,4126.0,603.0,11958003.0,75983.0,1931658.0,9948827.0,11880485.0,11961197.0,10024810.0,768.0,11962734.0,11962734.0,11961197.0,4125.0,2694.0,11955913.0,75589.0,2522455.0,9356334.0,11878789.0,11961197.0,9431923.0,768.0,11962734.0,11962734.0,11961197.0,4124.0,2677.0,11955931.0,75583.0,2523160.0,9355653.0,11878813.0,11961197.0,9431236.0,768.0,11962734.0,11962734.0,11961197.0,4123.0,2640.0,11955969.0,75936.0,2515544.0,9362954.0,11878498.0,11961197.0,9438890.0,768.0,11958014.0,11962732.0,11962732.0,11962751.0,6144.0,15451588.0,79588582.0,605397.0,80193979.0,22.0,22.0,4.0,4.0,5.0,5.0,3.0,3.0,2.0,2.0,2.0,2.0,2.0,2.0,2.0,2.0
128x768x768w33-48-67,11957833.0,11957833.0,11956296.0,4133.0,612.0,11953086.0,75431.0,144398.0,11731722.0,11876120.0,11956296.0,11807153.0,768.0,11957815.0,11957815.0,11956278.0,4132.0,614.0,11953067.0,75539.0,1938280.0,9937713.0,11875993.0,11956278.0,10013252.0,768.0,11957816.0,11957816.0,11956279.0,4131.0,599.0,11953084.0,76093.0,1942010.0,9933446.0,11875456.0,11956279.0,10009539.0,768.0,11957814.0,11957814.0,11956277.0,4130.0,605.0,11953077.0,74784.0,1926255.0,9950503.0,11876758.0,11956277.0,10025287.0,768.0,11957813.0,11957813.0,11956276.0,4127.0,613.0,11953071.0,76303.0,1925945.0,9949288.0,11875233.0,11956276.0,10025591.0,768.0,11957813.0,11957813.0,11956276.0,4126.0,2149.0,11951536.0,75652.0,2520288.0,9354061.0,11874349.0,11956276.0,9429713.0,768.0,11957813.0,11957813.0,11956276.0,4125.0,2151.0,11951535.0,75590.0,2525503.0,9348907.0,11874410.0,11956276.0,9424497.0,768.0,11957813.0,11957813.0,11956276.0,4124.0,2149.0,11951538.0,74913.0,2515645.0,9359445.0,11875090.0,11956276.0,9434358.0,768.0,11953086.0,11957811.0,11957811.0,11957830.0,6144.0,15438324.0,79565085.0,604305.0,80169390.0,22.0,22.0,4.0,4.0,5.0,5.0,3.0,3.0,2.0,2.0,2.0,2.0,2.0,2.0,2.0,2.0
128x768x768w33-48-68,11961885.0,11961885.0,11960348.0,4138.0,642.0,11957103.0,75713.0,142674.0,11737181.0,11879855.0,11960348.0,11812894.0,768.0,11961867.0,11961867.0,11960330.0,4137.0,610.0,11957118.0,75269.0,1942783.0,9937531.0,11880314.0,11960330.0,10012800.0,768.0,11961868.0,11961868.0,11960331.0,4136.0,614.0,11957116.0,76569.0,1941216.0,9937796.0,11879012.0,11960331.0,10014365.0,768.0,11961866.0,11961866.0,11960329.0,4135.0,608.0,11957121.0,75275.0,1929589.0,9950722.0,11880311.0,11960329.0,10025997.0,768.0,11961865.0,11961865.0,11960328.0,4132.0,589.0,11957142.0,76469.0,1931774.0,9947364.0,11879138.0,11960328.0,10023833.0,768.0,11961865.0,11961865.0,11960328.0,4131.0,1626.0,11956106.0,75978.0,2531173.0,9347420.0,11878593.0,11960328.0,9423398.0,768.0,11961865.0,11961865.0,11960328.0,4130.0,1617.0,11956116.0,76323.0,2534421.0,9343837.0,11878258.0,11960328.0,9420160.0,768.0,11961865.0,11961865.0,11960328.0,4129.0,1611.0,11956123.0,75638.0,2520327.0,9358623.0,11878950.0,11960328.0,9434261.0,768.0,11957142.0,11961863.0,11961863.0,11961882.0,6144.0,15473957.0,79560474.0,607234.0,80167708.0,22.0,22.0,4.0,4.0,5.0,5.0,3.0,3.0,2.0,2.0,2.0,2.0,2.0,2.0,2.0,2.0
128x768x768w33-56-55,11982256.0,11982256.0,11980687.0,4067.0,590.0,11977597.0,77741.0,159545.0,11738744.0,11898289.0,11980687.0,11816485.0,784.0,11982244.0,11982244.0,11980675.0,4066.0,583.0,11977593.0,78293.0,1961877.0,9935856.0,11897733.0,11980675.0,10014149.0,784.0,11982244.0,11982244.0,11980675.0,4065.0,585.0,11977592.0,80321.0,1961103.0,9934601.0,11895704.0,11980675.0,10014922.0,784.0,11982244.0,11982244.0,11980675.0,4064.0,557.0,11977621.0,79451.0,1948644.0,9947959.0,11896603.0,11980675.0,10027410.0,784.0,11982242.0,11982242.0,11980673.0,4061.0,560.0,11977619.0,78682.0,1942570.0,9954800.0,11897370.0,11980673.0,10033482.0,784.0,11982242.0,11982242.0,11980673.0,4060.0,2749.0,11975431.0,77937.0,2537692.0,9358235.0,11895927.0,11980673.0,9436172.0,784.0,11982234.0,11982234.0,11980665.0,4059.0,2743.0,11975430.0,79207.0,2541353.0,9353303.0,11894656.0,11980665.0,9432510.0,784.0,11982241.0,11982241.0,11980672.0,4058.0,2746.0,11975435.0,79108.0,2529459.0,9365301.0,11894760.0,11980672.0,9444409.0,784.0,11977621.0,11982232.0,11982232.0,11982251.0,6272.0,15582243.0,79588799.0,630740.0,80219539.0,24.0,24.0,12.0,12.0,12.0,12.0,12.0,12.0,10.0,10.0,10.0,10.0,2.0,2.0,9.0,9.0
128x768x768w33-56-56,11979126.0,11979126.0,11977557.0,4084.0,606.0,11974434.0,77729.0,161507.0,11733631.0,11895138.0,11977557.0,11811360.0,784.0,11979116.0,11979116.0,11977547.0,4083.0,575.0,11974456.0,77257.0,1968784.0,9926848.0,11895632.0,11977547.0,10004105.0,784.0,11979115.0,11979115.0,11977546.0,4082.0,591.0,11974440.0,76937.0,1971178.0,9924758.0,11895936.0,11977546.0,10001695.0,784.0,11979114.0,11979114.0,11977545.0,4081.0,618.0,11974413.0,77061.0,1952689.0,9943096.0,11895785.0,11977545.0,10020157.0,784.0,11979111.0,11979111.0,11977542.0,4078.0,582.0,11974449.0,78119.0,1952567.0,9942196.0,11894763.0,11977542.0,10020315.0,784.0,11979110.0,11979110.0,11977541.0,4077.0,2242.0,11972789.0,76925.0,2538719.0,9355578.0,11894297.0,11977541.0,9432503.0,784.0,11979109.0,11979109.0,11977540.0,4076.0,2206.0,11972825.0,77905.0,2545894.0,9347459.0,11893353.0,11977540.0,9425364.0,784.0,11979108.0,11979108.0,11977539.0,4075.0,2249.0,11972782.0,78179.0,2539113.0,9353923.0,11893036.0,11977539.0,9432102.0,784.0,11974456.0,11979105.0,11979105.0,11979124.0,6272.0,15630451.0,79527489.0,620112.0,80147601.0,21.0,21.0,11.0,11.0,10.0,10.0,9.0,9.0,6.0,6.0,5.0,5.0,4.0,4.0,3.0,3.0
128x768x768w33-56-57,11978618.0,11978618.0,11977049.0,4088.0,593.0,11973935.0,78853.0,157676.0,11735839.0,11893515.0,11977049.0,11814692.0,784.0,11978606.0,11978606.0,11977037.0,4087.0,576.0,11973941.0,78584.0,1962961.0,9930829.0,11893790.0,11977037.0,10009413.0,784.0,11978606.0,11978606.0,11977037.0,4086.0,581.0,11973937.0,79079.0,1964732.0,9928559.0,11893291.0,11977037.0,10007638.0,784.0,11978606.0,11978606.0,11977037.0,4085.0,559.0,11973960.0,78954.0,1941053.0,9952386.0,11893439.0,11977037.0,10031340.0,784.0,11978604.0,11978604.0,11977035.0,4082.0,559.0,11973961.0,79214.0,1944397.0,9948783.0,11893180.0,11977035.0,10027997.0,784.0,11978604.0,11978604.0,11977035.0,4081.0,1660.0,11972861.0,78831.0,2532185.0,9360278.0,11892463.0,11977035.0,9439109.0,784.0,11978596.0,11978596.0,11977027.0,4080.0,1709.0,11972805.0,79533.0,2535741.0,9355964.0,11891705.0,11977027.0,9435497.0,784.0,11978603.0,11978603.0,11977034.0,4079.0,1715.0,11972807.0,79486.0,2523130.0,9368624.0,11891754.0,11977034.0,9448110.0,784.0,11973961.0,11978594.0,11978594.0,11978613.0,6272.0,15561875.0,79581262.0,632534.0,80213796.0,24.0,24.0,12.0,12.0,12.0,12.0,12.0,12.0,10.0,10.0,10.0,10.0,2.0,2.0,9.0,9.0
128x768x768w33-56-58,11978637.0,11978637.0,11977068.0,4138.0,598.0,11973899.0,78602.0,158095.0,11735635.0,11893730.0,11977068.0,11814237.0,784.0,11978625.0,11978625.0,11977056.0,4137.0,583.0,11973903.0,78594.0,1960366.0,9933376.0,11893742.0,11977056.0,10011970.0,784.0,11978625.0,11978625.0,11977056.0,4136.0,570.0,11973917.0,79304.0,1956591.0,9936455.0,11893046.0,11977056.0,10015759.0,784.0,11978625.0,11978625.0,11977056.0,4135.0,575.0,11973913.0,78913.0,1941754.0,9951679.0,11893433.0,11977056.0,10030592.0,784.0,11978623.0,11978623.0,11977054.0,4132.0,565.0,11973924.0,78987.0,1942981.0,9950389.0,11893370.0,11977054.0,10029376.0,784.0,11978623.0,11978623.0,11977054.0,4131.0,1185.0,11973305.0,78542.0,2535103.0,9358093.0,11893196.0,11977054.0,9436635.0,784.0,11978615.0,11978615.0,11977046.0,4130.0,1149.0,11973334.0,79368.0,2532874.0,9359525.0,11892399.0,11977046.0,9438893.0,784.0,11978622.0,11978622.0,11977053.0,4129.0,1200.0,11973291.0,79342.0,2518378.0,9374004.0,11892382.0,11977053.0,9453346.0,784.0,11973924.0,11978613.0,11978613.0,11978632.0,6272.0,15546142.0,79599156.0,631652.0,80230808.0,24.0,24.0,12.0,12.0,12.0,12.0,12.0,12.0,10.0,10.0,10.0,10.0,2.0,2.0,9.0,9.0
128x768x768w33-64-48,12924146.0,12924146.0,12922609.0,3850.0,712.0,12919582.0,77671.0,101147.0,12739229.0,12840376.0,12922609.0,12816900.0,768.0,12924137.0,12924137.0,12922600.0,3849.0,631.0,12919655.0,77183.0,1927856.0,10913081.0,12840937.0,12922600.0,10990264.0,768.0,12924136.0,12924136.0,12922599.0,3848.0,665.0,12919621.0,78116.0,1942612.0,10897358.0,12839970.0,12922599.0,10975474.0,768.0,12924135.0,12924135.0,12922598.0,3847.0,584.0,12919702.0,77403.0,1877438.0,10963326.0,12840764.0,12922598.0,11040729.0,768.0,12924132.0,12924132.0,12922595.0,3844.0,613.0,12919673.0,78177.0,1901572.0,10938389.0,12839961.0,12922595.0,11016566.0,768.0,12924131.0,12924131.0,12922594.0,3843.0,3765.0,12916521.0,78246.0,2481335.0,10355405.0,12836740.0,12922594.0,10433651.0,768.0,12924130.0,12924130.0,12922593.0,3842.0,3756.0,12916530.0,78031.0,2485808.0,10351156.0,12836964.0,12922593.0,10429187.0,768.0,12924129.0,12924129.0,12922592.0,3841.0,3763.0,12916523.0,77965.0,2482353.0,10354670.0,12837023.0,12922592.0,10432635.0,768.0,12919702.0,12924126.0,12924126.0,12924145.0,6144.0,15200121.0,87512614.0,622792.0,88135406.0,20.0,20.0,11.0,11.0,10.0,10.0,9.0,9.0,6.0,6.0,5.0,5.0,4.0,4.0,3.0,3.0
128x768x768w33-64-49,12918230.0,12918230.0,12916693.0,3908.0,650.0,12913670.0,77794.0,112112.0,12722229.0,12834341.0,12916693.0,12800023.0,768.0,12918220.0,12918220.0,12916683.0,3907.0,747.0,12913564.0,75126.0,1965623.0,10871280.0,12836903.0,12916683.0,10946406.0,768.0,12918219.0,12918219.0,12916682.0,3906.0,706.0,12913605.0,75742.0,1973900.0,10862428.0,12836328.0,12916682.0,10938170.0,768.0,12918218.0,12918218.0,12916681.0,3905.0,598.0,12913713.0,76240.0,1900693.0,10935245.0,12835938.0,12916681.0,11011485.0,768.0,12918215.0,12918215.0,12916678.0,3902.0,622.0,12913689.0,77515.0,1915405.0,10919234.0,12834639.0,12916678.0,10996749.0,768.0,12918214.0,12918214.0,12916677.0,3901.0,2804.0,12911507.0,78081.0,2506509.0,10325382.0,12831891.0,12916677.0,10403463.0,768.0,12918213.0,12918213.0,12916676.0,3900.0,2795.0,12911516.0,77750.0,2512485.0,10319746.0,12832231.0,12916676.0,10397496.0,768.0,12918212.0,12918212.0,12916675.0,3899.0,2802.0,12911509.0,77855.0,2510479.0,10321640.0,12832119.0,12916675.0,10399495.0,768.0,12913713.0,12918209.0,12918209.0,12918228.0,6144.0,15397206.0,87277184.0,616103.0,87893287.0,21.0,21.0,11.0,11.0,10.0,10.0,9.0,9.0,6.0,6.0,5.0,5.0,4.0,4.0,3.0,3.0
128x768x768w33-64-50,12879540.0,12879540.0,12878003.0,4010.0,678.0,12874850.0,76516.0,117003.0,12679796.0,12796799.0,12878003.0,12756312.0,768.0,12879530.0,12879530.0,12877993.0,4009.0,654.0,12874865.0,76241.0,1921889.0,10875200.0,12797089.0,12877993.0,10951441.0,768.0,12879529.0,12879529.0,12877992.0,4008.0,696.0,12874823.0,77091.0,1932606.0,10863591.0,12796197.0,12877992.0,10940682.0,768.0,12879528.0,12879528.0,12877991.0,4007.0,595.0,12874924.0,77265.0,1886240.0,10909884.0,12796124.0,12877991.0,10987149.0,768.0,12879525.0,12879525.0,12877988.0,4004.0,615.0,12874904.0,77376.0,1898940.0,10897053.0,12795993.0,12877988.0,10974429.0,768.0,12879524.0,12879524.0,12877987.0,4003.0,1822.0,12873697.0,77945.0,2490076.0,10304141.0,12794217.0,12877987.0,10382086.0,768.0,12879523.0,12879523.0,12877986.0,4002.0,1821.0,12873698.0,78034.0,2495155.0,10298974.0,12794129.0,12877986.0,10377008.0,768.0,12879522.0,12879522.0,12877985.0,4001.0,1831.0,12873688.0,78416.0,2490325.0,10303412.0,12793737.0,12877985.0,10381828.0,768.0,12874924.0,12879519.0,12879519.0,12879538.0,6144.0,15232234.0,87132051.0,618884.0,87750935.0,21.0,21.0,11.0,11.0,10.0,10.0,9.0,9.0,6.0,6.0,5.0,5.0,4.0,4.0,3.0,3.0
128x768x768w33-64-51,12890224.0,12890224.0,12888687.0,4026.0,609.0,12885587.0,77474.0,113331.0,12693247.0,12806578.0,12888687.0,12770721.0,768.0,12890214.0,12890214.0,12888677.0,4025.0,591.0,12885596.0,76125.0,1937326.0,10870610.0,12807936.0,12888677.0,10946735.0,768.0,12890213.0,12890213.0,12888676.0,4024.0,590.0,12885597.0,76759.0,1958041.0,10849262.0,12807303.0,12888676.0,10926021.0,768.0,12890212.0,12890212.0,12888675.0,4023.0,589.0,12885598.0,77197.0,1895375.0,10911491.0,12806866.0,12888675.0,10988688.0,768.0,12890209.0,12890209.0,12888672.0,4020.0,584.0,12885603.0,77917.0,1902328.0,10903823.0,12806151.0,12888672.0,10981740.0,768.0,12890208.0,12890208.0,12888671.0,4019.0,869.0,12885318.0,77697.0,2497066.0,10309020.0,12806086.0,12888671.0,10386717.0,768.0,12890207.0,12890207.0,12888670.0,4018.0,865.0,12885322.0,78002.0,2501355.0,10304430.0,12805785.0,12888670.0,10382432.0,768.0,12890206.0,12890206.0,12888669.0,4017.0,862.0,12885325.0,77919.0,2496666.0,10309205.0,12805871.0,12888669.0,10387124.0,768.0,12885603.0,12890203.0,12890203.0,12890222.0,6144.0,15301488.0,87151088.0,619090.0,87770178.0,21.0,21.0,11.0,11.0,10.0,10.0,9.0,9.0,6.0,6.0,5.0,5.0,4.0,4.0,3.0,3.0
128x768x768w33-64-52,12900473.0,12900473.0,12899032.0,3994.0,724.0,12895753.0,72132.0,115407.0,12706775.0,12822182.0,12899032.0,12778907.0,720.0,12900455.0,12900455.0,12899014.0,3993.0,717.0,12895743.0,71586.0,1956100.0,10866618.0,12822718.0,12899014.0,10938204.0,720.0,12900456.0,12900456.0,12899015.0,3992.0,695.0,12895767.0,71921.0,1965495.0,10856912.0,12822407.0,12899015.0,10928833.0,720.0,12900454.0,12900454.0,12899013.0,3991.0,651.0,12895810.0,71417.0,1908523.0,10914431.0,12822954.0,12899013.0,10985848.0,720.0,12900453.0,12900453.0,12899012.0,3988.0,644.0,12895819.0,71819.0,1917855.0,10904706.0,12822561.0,12899012.0,10976525.0,720.0,12900453.0,12900453.0,12899012.0,3987.0,3284.0,12893180.0,71803.0,2506520.0,10313418.0,12819938.0,12899012.0,10385221.0,720.0,12900453.0,12900453.0,12899012.0,3986.0,3295.0,12893170.0,71259.0,2513355.0,10307117.0,12820472.0,12899012.0,10378376.0,720.0,12900453.0,12900453.0,12899012.0,3985.0,3293.0,12893173.0,71951.0,2505885.0,10313898.0,12819783.0,12899012.0,10385849.0,720.0,12895819.0,12900451.0,12900451.0,12900470.0,5760.0,15389140.0,87183875.0,573888.0,87757763.0,22.0,22.0,4.0,4.0,5.0,5.0,3.0,3.0,2.0,2.0,2.0,2.0,2.0,2.0,2.0,2.0
128x768x768w33-72-43,12021462.0,12021462.0,12019877.0,4070.0,653.0,12016737.0,78254.0,162261.0,11774639.0,11936900.0,12019877.0,11852893.0,792.0,12021447.0,12021447.0,12019862.0,4069.0,657.0,12016719.0,78183.0,1971662.0,9965291.0,11936953.0,12019862.0,10043474.0,792.0,12021447.0,12021447.0,12019862.0,4068.0,641.0,12016736.0,77900.0,1977191.0,9960062.0,11937253.0,12019862.0,10037962.0,792.0,12021447.0,12021447.0,12019862.0,4067.0,621.0,12016757.0,75712.0,1946877.0,9992585.0,11939462.0,12019862.0,10068297.0,792.0,12021445.0,12021445.0,12019860.0,4064.0,607.0,12016772.0,78479.0,1949825.0,9986885.0,11936710.0,12019860.0,10065364.0,792.0,12021445.0,12021445.0,12019860.0,4063.0,2473.0,12014907.0,77972.0,2536385.0,9398967.0,11935352.0,12019860.0,9476939.0,792.0,12021445.0,12021445.0,12019860.0,4062.0,2473.0,12014908.0,78903.0,2540827.0,9393595.0,11934422.0,12019860.0,9472498.0,792.0,12021445.0,12021445.0,12019860.0,4061.0,2457.0,12014925.0,78411.0,2514214.0,9420717.0,11934931.0,12019860.0,9499128.0,792.0,12016772.0,12021435.0,12021435.0,12021454.0,6336.0,15599242.0,79892741.0,623814.0,80516555.0,27.0,27.0,12.0,12.0,12.0,12.0,12.0,12.0,10.0,10.0,10.0,10.0,10.0,10.0,10.0,10.0
128x768x768w33-72-44,12002789.0,12002789.0,12001204.0,4080.0,640.0,11998067.0,79093.0,157878.0,11759513.0,11917391.0,12001204.0,11838606.0,792.0,12002782.0,12002782.0,12001197.0,4079.0,645.0,11998056.0,78964.0,1968779.0,9948730.0,11917509.0,12001197.0,10027694.0,792.0,12002782.0,12002782.0,12001197.0,4078.0,645.0,11998057.0,78514.0,1973533.0,9944427.0,11917960.0,12001197.0,10022941.0,792.0,12002782.0,12002782.0,12001197.0,4077.0,611.0,11998092.0,75612.0,1960211.0,9960686.0,11920897.0,12001197.0,10036298.0,792.0,12002780.0,12002780.0,12001195.0,4074.0,608.0,11998096.0,78651.0,1961662.0,9956200.0,11917862.0,12001195.0,10034851.0,792.0,12002780.0,12002780.0,12001195.0,4073.0,1649.0,11997056.0,78354.0,2556966.0,9360153.0,11917119.0,12001195.0,9438507.0,792.0,12002780.0,12002780.0,12001195.0,4072.0,1635.0,11997071.0,79847.0,2556303.0,9359338.0,11915641.0,12001195.0,9439185.0,792.0,12002780.0,12002780.0,12001195.0,4071.0,1672.0,11997035.0,78285.0,2538189.0,9378978.0,11917167.0,12001195.0,9457263.0,792.0,11998096.0,12002770.0,12002770.0,12002789.0,6336.0,15673521.0,79668025.0,627320.0,80295345.0,19.0,19.0,12.0,12.0,12.0,12.0,12.0,12.0,10.0,10.0,10.0,10.0,10.0,10.0,10.0,10.0
128x768x768w33-72-45,12009616.0,12009616.0,12008031.0,4100.0,629.0,12004885.0,78575.0,160021.0,11764706.0,11924727.0,12008031.0,11843281.0,792.0,12009601.0,12009601.0,12008016.0,4099.0,607.0,12004893.0,78211.0,1974219.0,9950880.0,11925099.0,12008016.0,10029091.0,792.0,12009601.0,12009601.0,12008016.0,4098.0,623.0,12004878.0,77921.0,1978564.0,9946810.0,11925374.0,12008016.0,10024731.0,792.0,12009601.0,12009601.0,12008016.0,4097.0,651.0,12004851.0,75851.0,1956488.0,9970929.0,11927417.0,12008016.0,10046780.0,792.0,12009599.0,12009599.0,12008014.0,4094.0,623.0,12004880.0,78753.0,1956836.0,9967708.0,11924544.0,12008014.0,10046461.0,792.0,12009599.0,12009599.0,12008014.0,4093.0,844.0,12004660.0,77719.0,2556834.0,9368524.0,11925358.0,12008014.0,9446243.0,792.0,12009599.0,12009599.0,12008014.0,4092.0,844.0,12004661.0,78185.0,2553457.0,9371436.0,11924893.0,12008014.0,9449621.0,792.0,12009599.0,12009599.0,12008014.0,4091.0,844.0,12004662.0,78146.0,2542163.0,9382770.0,11924933.0,12008014.0,9460916.0,792.0,12004893.0,12009589.0,12009589.0,12009608.0,6336.0,15678582.0,79723763.0,623361.0,80347124.0,27.0,27.0,12.0,12.0,12.0,12.0,12.0,12.0,10.0,10.0,10.0,10.0,10.0,10.0,10.0,10.0
128x768x768w34-48-64,11951789.0,11951789.0,11950252.0,3973.0,566.0,11947248.0,76646.0,122898.0,11746169.0,11869067.0,11950252.0,11822815.0,768.0,11951783.0,11951783.0,11950246.0,3972.0,524.0,11947285.0,76251.0,120845.0,11748654.0,11869499.0,11950246.0,11824905.0,768.0,11951782.0,11951782.0,11950245.0,3971.0,3694.0,11944115.0,76576.0,2528299.0,9337705.0,11866004.0,11950245.0,9414281.0,768.0,11951781.0,11951781.0,11950244.0,3970.0,3681.0,11944128.0,76207.0,2507012.0,9359374.0,11866386.0,11950244.0,9435581.0,768.0,11951778.0,11951778.0,11950241.0,3967.0,3662.0,11944147.0,76447.0,2501844.0,9364321.0,11866165.0,11950241.0,9440768.0,768.0,11951777.0,11951777.0,11950240.0,3966.0,3673.0,11944136.0,75607.0,2485272.0,9381722.0,11866994.0,11950240.0,9457329.0,768.0,11951776.0,11951776.0,11950239.0,3965.0,3656.0,11944153.0,77090.0,2482113.0,9383415.0,11865528.0,11950239.0,9460505.0,768.0,11951775.0,11951775.0,11950238.0,3964.0,3639.0,11944170.0,77501.0,2474571.0,9390563.0,11865134.0,11950238.0,9468064.0,768.0,11947285.0,11951772.0,11951772.0,11951791.0,6144.0,15222854.0,79711923.0,612325.0,80324248.0,17.0,17.0,11.0,11.0,10.0,10.0,9.0,9.0,6.0,6.0,5.0,5.0,4.0,4.0,3.0,3.0
128x768x768w34-48-65,11979721.0,11979721.0,11978184.0,4050.0,573.0,11975096.0,76094.0,148061.0,11749406.0,11897467.0,11978184.0,11825500.0,768.0,11979718.0,11979718.0,11978181.0,4049.0,549.0,11975118.0,76174.0,142151.0,11755258.0,11897409.0,11978181.0,11831432.0,768.0,11979717.0,11979717.0,11978180.0,4048.0,3162.0,11972505.0,76007.0,2554049.0,9340914.0,11894963.0,11978180.0,9416921.0,768.0,11979716.0,11979716.0,11978179.0,4047.0,3142.0,11972525.0,75591.0,2528839.0,9366560.0,11895399.0,11978179.0,9442151.0,768.0,11979713.0,11979713.0,11978176.0,4044.0,3151.0,11972516.0,76880.0,2530078.0,9364023.0,11894101.0,11978176.0,9440903.0,768.0,11979712.0,11979712.0,11978175.0,4043.0,3107.0,11972560.0,76566.0,2514145.0,9380314.0,11894459.0,11978175.0,9456880.0,768.0,11979711.0,11979711.0,11978174.0,4042.0,3157.0,11972510.0,75980.0,2518473.0,9376522.0,11894995.0,11978174.0,9452502.0,768.0,11979710.0,11979710.0,11978173.0,4041.0,3146.0,11972521.0,76144.0,2505685.0,9389157.0,11894842.0,11978173.0,9465301.0,768.0,11975118.0,11979707.0,11979707.0,11979726.0,6144.0,15441481.0,79722154.0,609436.0,80331590.0,14.0,14.0,11.0,11.0,10.0,10.0,9.0,9.0,6.0,6.0,5.0,5.0,4.0,4.0,3.0,3.0
128x768x768w34-48-66,11955788.0,11955788.0,11954251.0,4106.0,549.0,11951131.0,76788.0,140108.0,11732700.0,11872808.0,11954251.0,11809488.0,768.0,11955785.0,11955785.0,11954248.0,4105.0,560.0,11951118.0,75956.0,142177.0,11731450.0,11873627.0,11954248.0,11807406.0,768.0,11955784.0,11955784.0,11954247.0,4104.0,2619.0,11949059.0,76236.0,2546156.0,9325132.0,11871288.0,11954247.0,9401368.0,768.0,11955783.0,11955783.0,11954246.0,4103.0,2617.0,11949061.0,75079.0,2530328.0,9342119.0,11872447.0,11954246.0,9417198.0,768.0,11955780.0,11955780.0,11954243.0,4100.0,2559.0,11949119.0,76386.0,2533806.0,9337392.0,11871198.0,11954243.0,9413778.0,768.0,11955779.0,11955779.0,11954242.0,4099.0,2570.0,11949108.0,76346.0,2522776.0,9348451.0,11871227.0,11954242.0,9424797.0,768.0,11955778.0,11955778.0,11954241.0,4098.0,2604.0,11949074.0,76661.0,2525807.0,9345071.0,11870878.0,11954241.0,9421732.0,768.0,11955777.0,11955777.0,11954240.0,4097.0,2572.0,11949106.0,75959.0,2514306.0,9357306.0,11871612.0,11954240.0,9433265.0,768.0,11951131.0,11955774.0,11955774.0,11955793.0,6144.0,15455464.0,79519621.0,609411.0,80129032.0,14.0,14.0,11.0,11.0,10.0,10.0,9.0,9.0,6.0,6.0,5.0,5.0,4.0,4.0,3.0,3.0
128x768x768w34-48-67,11961342.0,11961342.0,11959805.0,4122.0,561.0,11956657.0,76351.0,140826.0,11737945.0,11878771.0,11959805.0,11814296.0,768.0,11961339.0,11961339.0,11959802.0,4121.0,566.0,11956650.0,75894.0,141940.0,11737281.0,11879221.0,11959802.0,11813175.0,768.0,11961338.0,11961338.0,11959801.0,4120.0,2130.0,11955086.0,76071.0,2546589.0,9330891.0,11877480.0,11959801.0,9406962.0,768.0,11961337.0,11961337.0,11959800.0,4119.0,2112.0,11955104.0,75512.0,2527974.0,9350083.0,11878057.0,11959800.0,9425595.0,768.0,11961334.0,11961334.0,11959797.0,4116.0,2110.0,11955106.0,76700.0,2533866.0,9343005.0,11876871.0,11959797.0,9419705.0,768.0,11961333.0,11961333.0,11959796.0,4115.0,2101.0,11955115.0,76040.0,2524538.0,9353002.0,11877540.0,11959796.0,9429042.0,768.0,11961332.0,11961332.0,11959795.0,4114.0,2103.0,11955113.0,76577.0,2524189.0,9352812.0,11877001.0,11959795.0,9429389.0,768.0,11961331.0,11961331.0,11959794.0,4113.0,2072.0,11955144.0,76290.0,2518503.0,9358816.0,11877319.0,11959794.0,9435106.0,768.0,11956657.0,11961328.0,11961328.0,11961347.0,6144.0,15458425.0,79563835.0,609435.0,80173270.0,14.0,14.0,11.0,11.0,10.0,10.0,9.0,9.0,6.0,6.0,5.0,5.0,4.0,4.0,3.0,3.0
128x768x768w34-56-55,11974535.0,11974535.0,11972966.0,3981.0,574.0,11969978.0,77963.0,153110.0,11737338.0,11890448.0,11972966.0,11815301.0,784.0,11974525.0,11974525.0,11972956.0,3980.0,558.0,11969985.0,78100.0,145212.0,11745106.0,11890318.0,11972956.0,11823206.0,784.0,11974524.0,11974524.0,11972955.0,3979.0,2731.0,11967812.0,77247.0,2566497.0,9322501.0,11888998.0,11972955.0,9399748.0,784.0,11974523.0,11974523.0,11972954.0,3978.0,2724.0,11967819.0,77375.0,2545040.0,9343837.0,11888877.0,11972954.0,9421212.0,784.0,11974520.0,11974520.0,11972951.0,3975.0,2722.0,11967821.0,78910.0,2551256.0,9336088.0,11887344.0,11972951.0,9414998.0,784.0,11974519.0,11974519.0,11972950.0,3974.0,2681.0,11967862.0,77964.0,2524460.0,9363871.0,11888331.0,11972950.0,9441835.0,784.0,11974518.0,11974518.0,11972949.0,3973.0,2709.0,11967834.0,78519.0,2537694.0,9350054.0,11887748.0,11972949.0,9428573.0,784.0,11974517.0,11974517.0,11972948.0,3972.0,2707.0,11967836.0,77639.0,2522729.0,9365901.0,11888630.0,11972948.0,9443540.0,784.0,11969985.0,11974514.0,11974514.0,11974533.0,6272.0,15545998.0,79564696.0,623717.0,80188413.0,21.0,21.0,11.0,11.0,10.0,10.0,9.0,9.0,6.0,6.0,5.0,5.0,4.0,4.0,3.0,3.0
128x768x768w34-56-56,11965712.0,11965712.0,11964143.0,4034.0,578.0,11961098.0,77836.0,152809.0,11728886.0,11881695.0,11964143.0,11806722.0,784.0,11965702.0,11965702.0,11964133.0,4033.0,561.0,11961106.0,77439.0,148080.0,11734020.0,11882100.0,11964133.0,11811459.0,784.0,11965701.0,11965701.0,11964132.0,4032.0,2223.0,11959444.0,76926.0,2567873.0,9313078.0,11880951.0,11964132.0,9390004.0,784.0,11965700.0,11965700.0,11964131.0,4031.0,2248.0,11959419.0,77848.0,2543181.0,9336823.0,11880004.0,11964131.0,9414671.0,784.0,11965697.0,11965697.0,11964128.0,4028.0,2204.0,11959463.0,78295.0,2543944.0,9335657.0,11879601.0,11964128.0,9413952.0,784.0,11965696.0,11965696.0,11964127.0,4027.0,2195.0,11959472.0,77727.0,2523521.0,9356657.0,11880178.0,11964127.0,9434384.0,784.0,11965695.0,11965695.0,11964126.0,4026.0,2226.0,11959441.0,78954.0,2532801.0,9346119.0,11878920.0,11964126.0,9425073.0,784.0,11965694.0,11965694.0,11964125.0,4025.0,2225.0,11959442.0,78155.0,2514966.0,9364754.0,11879720.0,11964125.0,9442909.0,784.0,11961106.0,11965691.0,11965691.0,11965710.0,6272.0,15527175.0,79515994.0,623180.0,80139174.0,21.0,21.0,11.0,11.0,10.0,10.0,9.0,9.0,6.0,6.0,5.0,5.0,4.0,4.0,3.0,3.0
128x768x768w34-56-57,11970889.0,11970889.0,11969320.0,4001.0,560.0,11966326.0,77923.0,154310.0,11732526.0,11886836.0,11969320.0,11810449.0,784.0,11970883.0,11970883.0,11969314.0,4000.0,549.0,11966332.0,77616.0,146960.0,11740189.0,11887149.0,11969314.0,11817805.0,784.0,11970882.0,11970882.0,11969313.0,3999.0,1678.0,11965203.0,76140.0,2567487.0,9320009.0,11887496.0,11969313.0,9396149.0,784.0,11970881.0,11970881.0,11969312.0,3998.0,1673.0,11965208.0,77254.0,2540009.0,9346378.0,11886387.0,11969312.0,9423632.0,784.0,11970878.0,11970878.0,11969309.0,3995.0,1672.0,11965209.0,78684.0,2540334.0,9344624.0,11884958.0,11969309.0,9423308.0,784.0,11970877.0,11970877.0,11969308.0,3994.0,1650.0,11965231.0,78194.0,2518902.0,9366568.0,11885470.0,11969308.0,9444762.0,784.0,11970876.0,11970876.0,11969307.0,3993.0,1647.0,11965234.0,79173.0,2523256.0,9361238.0,11884494.0,11969307.0,9440411.0,784.0,11970875.0,11970875.0,11969306.0,3992.0,1649.0,11965232.0,78291.0,2512013.0,9373361.0,11885374.0,11969306.0,9451652.0,784.0,11966332.0,11970872.0,11970872.0,11970891.0,6272.0,15503271.0,79584893.0,623275.0,80208168.0,17.0,17.0,11.0,11.0,10.0,10.0,9.0,9.0,6.0,6.0,5.0,5.0,4.0,4.0,3.0,3.0
128x768x768w34-56-58,11973618.0,11973618.0,11972049.0,4052.0,570.0,11968994.0,78502.0,154949.0,11733976.0,11888925.0,11972049.0,11812478.0,784.0,11973608.0,11973608.0,11972039.0,4051.0,557.0,11968998.0,77891.0,148710.0,11740830.0,11889540.0,11972039.0,11818721.0,784.0,11973607.0,11973607.0,11972038.0,4050.0,1150.0,11968405.0,76357.0,2567890.0,9322591.0,11890481.0,11972038.0,9398948.0,784.0,11973606.0,11973606.0,11972037.0,4049.0,1134.0,11968421.0,77417.0,2542609.0,9346828.0,11889437.0,11972037.0,9424245.0,784.0,11973603.0,11973603.0,11972034.0,4046.0,1147.0,11968408.0,78090.0,2549980.0,9338771.0,11888751.0,11972034.0,9416861.0,784.0,11973602.0,11973602.0,11972033.0,4045.0,1121.0,11968434.0,78044.0,2530643.0,9358180.0,11888823.0,11972033.0,9436224.0,784.0,11973601.0,11973601.0,11972032.0,4044.0,1122.0,11968433.0,78482.0,2535553.0,9352831.0,11888384.0,11972032.0,9431313.0,784.0,11973600.0,11973600.0,11972031.0,4043.0,1151.0,11968404.0,78247.0,2522933.0,9365657.0,11888590.0,11972031.0,9443904.0,784.0,11968998.0,11973597.0,11973597.0,11973616.0,6272.0,15553267.0,79559664.0,623030.0,80182694.0,21.0,21.0,11.0,11.0,10.0,10.0,9.0,9.0,6.0,6.0,5.0,5.0,4.0,4.0,3.0,3.0
128x768x768w34-64-48,12888242.0,12888242.0,12886705.0,3914.0,553.0,12883773.0,77883.0,108331.0,12696024.0,12804355.0,12886705.0,12773907.0,768.0,12888230.0,12888230.0,12886693.0,3913.0,655.0,12883660.0,75870.0,145283.0,12660972.0,12806255.0,12886693.0,12736842.0,768.0,12888230.0,12888230.0,12886693.0,3912.0,3748.0,12880568.0,76660.0,2550787.0,10251586.0,12802373.0,12886693.0,10328246.0,768.0,12888230.0,12888230.0,12886693.0,3911.0,3653.0,12880664.0,76813.0,2465413.0,10336903.0,12802316.0,12886693.0,10413716.0,768.0,12888228.0,12888228.0,12886691.0,3908.0,3681.0,12880637.0,77826.0,2501781.0,10299495.0,12801276.0,12886691.0,10377321.0,768.0,12888228.0,12888228.0,12886691.0,3907.0,3623.0,12880696.0,77201.0,2453201.0,10348759.0,12801960.0,12886691.0,10425960.0,768.0,12888220.0,12888220.0,12886683.0,3906.0,3644.0,12880668.0,77829.0,2460615.0,10340689.0,12801304.0,12886683.0,10418518.0,768.0,12888227.0,12888227.0,12886690.0,3905.0,3640.0,12880680.0,77767.0,2457392.0,10343986.0,12801378.0,12886690.0,10421753.0,768.0,12883773.0,12888218.0,12888218.0,12888237.0,6144.0,15142803.0,87278414.0,617849.0,87896263.0,24.0,24.0,12.0,12.0,12.0,12.0,12.0,12.0,10.0,10.0,10.0,10.0,2.0,2.0,9.0,9.0
128x768x768w34-64-49,12940529.0,12940529.0,12938992.0,3912.0,571.0,12936044.0,76914.0,108114.0,12749481.0,12857595.0,12938992.0,12826395.0,768.0,12940516.0,12940516.0,12938979.0,3911.0,631.0,12935972.0,74955.0,127609.0,12731873.0,12859482.0,12938979.0,12806828.0,768.0,12940516.0,12940516.0,12938979.0,3910.0,2797.0,12933807.0,75769.0,2593312.0,10263191.0,12856503.0,12938979.0,10338960.0,768.0,12940516.0,12940516.0,12938979.0,3909.0,2724.0,12933881.0,77133.0,2484731.0,10370482.0,12855213.0,12938979.0,10447615.0,768.0,12940514.0,12940514.0,12938977.0,3906.0,2756.0,12933850.0,77614.0,2499551.0,10355150.0,12854701.0,12938977.0,10432764.0,768.0,12940514.0,12940514.0,12938977.0,3905.0,2707.0,12933900.0,78079.0,2472114.0,10382172.0,12854286.0,12938977.0,10460251.0,768.0,12940514.0,12940514.0,12938977.0,3904.0,2716.0,12933892.0,78321.0,2479614.0,10374422.0,12854036.0,12938977.0,10452743.0,768.0,12940506.0,12940506.0,12938969.0,3903.0,2708.0,12933893.0,78360.0,2474858.0,10379140.0,12853998.0,12938969.0,10457500.0,768.0,12936044.0,12940504.0,12940504.0,12940523.0,6144.0,15239903.0,87605911.0,617145.0,88223056.0,25.0,25.0,12.0,12.0,12.0,12.0,12.0,12.0,10.0,10.0,10.0,10.0,10.0,10.0,2.0,2.0
128x768x768w34-64-50,12882656.0,12882656.0,12881119.0,3978.0,610.0,12878066.0,75858.0,107951.0,12692722.0,12800673.0,12881119.0,12768580.0,768.0,12882643.0,12882643.0,12881106.0,3977.0,549.0,12878115.0,75921.0,139149.0,12661510.0,12800659.0,12881106.0,12737431.0,768.0,12882643.0,12882643.0,12881106.0,3976.0,1769.0,12876896.0,75032.0,2598598.0,10201731.0,12800329.0,12881106.0,10276763.0,768.0,12882643.0,12882643.0,12881106.0,3975.0,1703.0,12876963.0,76233.0,2486647.0,10312548.0,12799195.0,12881106.0,10388781.0,768.0,12882641.0,12882641.0,12881104.0,3972.0,1702.0,12876965.0,77868.0,2497699.0,10299863.0,12797562.0,12881104.0,10377731.0,768.0,12882641.0,12882641.0,12881104.0,3971.0,1686.0,12876982.0,78310.0,2478165.0,10318972.0,12797137.0,12881104.0,10397282.0,768.0,12882641.0,12882641.0,12881104.0,3970.0,1694.0,12876975.0,78578.0,2483243.0,10313619.0,12796862.0,12881104.0,10392197.0,768.0,12882633.0,12882633.0,12881096.0,3969.0,1677.0,12876985.0,78626.0,2477387.0,10319437.0,12796824.0,12881096.0,10398063.0,768.0,12878115.0,12882631.0,12882631.0,12882650.0,6144.0,15268839.0,87120402.0,616426.0,87736828.0,25.0,25.0,12.0,12.0,12.0,12.0,12.0,12.0,10.0,10.0,10.0,10.0,10.0,10.0,2.0,2.0
128x768x768w34-72-43,12023686.0,12023686.0,12022101.0,4074.0,549.0,12019061.0,80560.0,163601.0,11773317.0,11936918.0,12022101.0,11853877.0,792.0,12023688.0,12023688.0,12022103.0,4073.0,554.0,12019059.0,80407.0,158714.0,11778355.0,11937069.0,12022103.0,11858762.0,792.0,12023687.0,12023687.0,12022102.0,4072.0,2373.0,12017240.0,79557.0,2586892.0,9349208.0,11936100.0,12022102.0,9428765.0,792.0,12023686.0,12023686.0,12022101.0,4071.0,2367.0,12017246.0,79831.0,2559057.0,9376775.0,11935832.0,12022101.0,9456606.0,792.0,12023683.0,12023683.0,12022098.0,4068.0,2353.0,12017260.0,80068.0,2559315.0,9376294.0,11935609.0,12022098.0,9456362.0,792.0,12023682.0,12023682.0,12022097.0,4067.0,2359.0,12017254.0,79825.0,2527200.0,9408646.0,11935846.0,12022097.0,9488471.0,792.0,12023681.0,12023681.0,12022096.0,4066.0,2360.0,12017253.0,80121.0,2542574.0,9392975.0,11935549.0,12022096.0,9473096.0,792.0,12023680.0,12023680.0,12022095.0,4065.0,2358.0,12017255.0,80846.0,2522358.0,9412468.0,11934826.0,12022095.0,9493314.0,792.0,12019061.0,12023677.0,12023677.0,12023696.0,6336.0,15619711.0,79868038.0,641215.0,80509253.0,9.0,9.0,11.0,11.0,10.0,10.0,9.0,9.0,6.0,6.0,5.0,5.0,4.0,4.0,3.0,3.0
128x768x768w34-72-44,11993186.0,11993186.0,11991601.0,4053.0,577.0,11988554.0,78490.0,153850.0,11754631.0,11908481.0,11991601.0,11833121.0,792.0,11993176.0,11993176.0,11991591.0,4052.0,576.0,11988546.0,79187.0,151919.0,11755857.0,11907776.0,11991591.0,11835044.0,792.0,11993175.0,11993175.0,11991590.0,4051.0,1609.0,11987513.0,78726.0,2576341.0,9330863.0,11907204.0,11991590.0,9409589.0,792.0,11993174.0,11993174.0,11991589.0,4050.0,1598.0,11987524.0,78226.0,2562686.0,9345029.0,11907715.0,11991589.0,9423255.0,792.0,11993171.0,11993171.0,11991586.0,4047.0,1574.0,11987548.0,79599.0,2563423.0,9342943.0,11906366.0,11991586.0,9422542.0,792.0,11993170.0,11993170.0,11991585.0,4046.0,1586.0,11987536.0,78826.0,2550146.0,9356981.0,11907127.0,11991585.0,9435807.0,792.0,11993169.0,11993169.0,11991584.0,4045.0,1560.0,11987562.0,79321.0,2549675.0,9356983.0,11906658.0,11991584.0,9436304.0,792.0,11993168.0,11993168.0,11991583.0,4044.0,1553.0,11987569.0,77677.0,2540045.0,9368264.0,11908309.0,11991583.0,9445941.0,792.0,11988554.0,11993165.0,11993165.0,11993184.0,6336.0,15648085.0,79611551.0,630052.0,80241603.0,21.0,21.0,11.0,11.0,10.0,10.0,9.0,9.0,6.0,6.0,5.0,5.0,4.0,4.0,3.0,3.0
128x768x768w35-48-64,11361028.0,11361028.0,11359491.0,4047.0,547.0,11356432.0,75824.0,126058.0,11153015.0,11279073.0,11359491.0,11228839.0,768.0,11361010.0,11361010.0,11359473.0,4046.0,545.0,11356417.0,76244.0,133376.0,11145262.0,11278638.0,11359473.0,11221506.0,768.0,11361011.0,11361011.0,11359474.0,4045.0,553.0,11356411.0,75812.0,132886.0,11146178.0,11279064.0,11359474.0,11221990.0,768.0,11361009.0,11361009.0,11359472.0,4044.0,521.0,11356442.0,76059.0,1915928.0,9362920.0,11278848.0,11359472.0,9438979.0,768.0,11361008.0,11361008.0,11359471.0,4041.0,524.0,11356441.0,76572.0,1916993.0,9361341.0,11278334.0,11359471.0,9437913.0,768.0,11361008.0,11361008.0,11359471.0,4040.0,528.0,11356438.0,75925.0,1895635.0,9383343.0,11278978.0,11359471.0,9459268.0,768.0,11361008.0,11361008.0,11359471.0,4039.0,482.0,11356485.0,75407.0,1895466.0,9384077.0,11279543.0,11359471.0,9459484.0,768.0,11361008.0,11361008.0,11359471.0,4038.0,3716.0,11353252.0,76035.0,2497547.0,8778135.0,11275682.0,11359471.0,8854170.0,768.0,11356485.0,11361006.0,11361006.0,11361025.0,6144.0,10513889.0,79714271.0,607878.0,80322149.0,22.0,22.0,4.0,4.0,5.0,5.0,3.0,3.0,2.0,2.0,2.0,2.0,2.0,2.0,2.0,2.0
128x768x768w35-48-65,11389136.0,11389136.0,11387599.0,4110.0,610.0,11384414.0,75348.0,158350.0,11149181.0,11307531.0,11387599.0,11224529.0,768.0,11389118.0,11389118.0,11387581.0,4109.0,568.0,11384439.0,75333.0,154579.0,11152992.0,11307571.0,11387581.0,11228325.0,768.0,11389119.0,11389119.0,11387582.0,4108.0,572.0,11384437.0,76166.0,159829.0,11146907.0,11306736.0,11387582.0,11223073.0,768.0,11389117.0,11389117.0,11387580.0,4107.0,563.0,11384445.0,75162.0,1941416.0,9366332.0,11307748.0,11387580.0,9441494.0,768.0,11389116.0,11389116.0,11387579.0,4104.0,536.0,11384474.0,76977.0,1944069.0,9361893.0,11305962.0,11387579.0,9438870.0,768.0,11389116.0,11389116.0,11387579.0,4103.0,557.0,11384454.0,75774.0,1924432.0,9382713.0,11307145.0,11387579.0,9458487.0,768.0,11389116.0,11389116.0,11387579.0,4102.0,559.0,11384453.0,75838.0,1929394.0,9377686.0,11307080.0,11387579.0,9453524.0,768.0,11389116.0,11389116.0,11387579.0,4101.0,3218.0,11381795.0,75488.0,2531402.0,8773370.0,11304772.0,11387579.0,8848858.0,768.0,11384474.0,11389114.0,11389114.0,11389133.0,6144.0,10743471.0,79711074.0,606086.0,80317160.0,22.0,22.0,4.0,4.0,5.0,5.0,3.0,3.0,2.0,2.0,2.0,2.0,2.0,2.0,2.0,2.0
128x768x768w35-48-66,11372642.0,11372642.0,11371105.0,4174.0,568.0,11367898.0,75322.0,148564.0,11142477.0,11291041.0,11371105.0,11217799.0,768.0,11372624.0,11372624.0,11371087.0,4173.0,568.0,11367881.0,74558.0,156549.0,11135239.0,11291788.0,11371087.0,11209797.0,768.0,11372625.0,11372625.0,11371088.0,4172.0,558.0,11367893.0,75038.0,160107.0,11131213.0,11291320.0,11371088.0,11206251.0,768.0,11372623.0,11372623.0,11371086.0,4171.0,566.0,11367884.0,74424.0,1947947.0,9343978.0,11291925.0,11371086.0,9418402.0,768.0,11372622.0,11372622.0,11371085.0,4168.0,563.0,11367889.0,76073.0,1949121.0,9341160.0,11290281.0,11371085.0,9417233.0,768.0,11372622.0,11372622.0,11371085.0,4167.0,544.0,11367909.0,75987.0,1937005.0,9353382.0,11290387.0,11371085.0,9429369.0,768.0,11372622.0,11372622.0,11371085.0,4166.0,543.0,11367911.0,76199.0,1938667.0,9351510.0,11290177.0,11371085.0,9427709.0,768.0,11372622.0,11372622.0,11371085.0,4165.0,2648.0,11365807.0,75385.0,2542970.0,8745917.0,11288887.0,11371085.0,8821302.0,768.0,11367911.0,11372620.0,11372620.0,11372639.0,6144.0,10780930.0,79544876.0,602986.0,80147862.0,22.0,22.0,4.0,4.0,5.0,5.0,3.0,3.0,2.0,2.0,2.0,2.0,2.0,2.0,2.0,2.0
128x768x768w35-56-55,11398952.0,11398952.0,11397383.0,4113.0,563.0,11394274.0,77797.0,168655.0,11146255.0,11314910.0,11397383.0,11224052.0,784.0,11398940.0,11398940.0,11397371.0,4112.0,553.0,11394273.0,78423.0,170134.0,11144149.0,11314283.0,11397371.0,11222572.0,784.0,11398940.0,11398940.0,11397371.0,4111.0,556.0,11394271.0,80367.0,168919.0,11143418.0,11312337.0,11397371.0,11223785.0,784.0,11398940.0,11398940.0,11397371.0,4110.0,550.0,11394278.0,79456.0,1972738.0,9340517.0,11313255.0,11397371.0,9419973.0,784.0,11398938.0,11398938.0,11397369.0,4107.0,549.0,11394280.0,78764.0,1973918.0,9340031.0,11313949.0,11397369.0,9418795.0,784.0,11398938.0,11398938.0,11397369.0,4106.0,529.0,11394301.0,78027.0,1950750.0,9363957.0,11314707.0,11397369.0,9441984.0,784.0,11398930.0,11398930.0,11397361.0,4105.0,523.0,11394300.0,79139.0,1956826.0,9356768.0,11313594.0,11397361.0,9435907.0,784.0,11398937.0,11398937.0,11397368.0,4104.0,2742.0,11392089.0,78969.0,2550453.0,8761100.0,11311553.0,11397368.0,8840069.0,784.0,11394301.0,11398928.0,11398928.0,11398947.0,6272.0,10912393.0,79596195.0,630942.0,80227137.0,24.0,24.0,12.0,12.0,12.0,12.0,12.0,12.0,10.0,10.0,10.0,10.0,2.0,2.0,9.0,9.0
128x768x768w35-56-56,11395589.0,11395589.0,11394020.0,4124.0,555.0,11390908.0,77800.0,171346.0,11140195.0,11311541.0,11394020.0,11217995.0,784.0,11395582.0,11395582.0,11394013.0,4123.0,576.0,11390881.0,77106.0,179331.0,11132877.0,11312208.0,11394013.0,11209983.0,784.0,11395581.0,11395581.0,11394012.0,4122.0,579.0,11390878.0,76924.0,182949.0,11129438.0,11312387.0,11394012.0,11206362.0,784.0,11395580.0,11395580.0,11394011.0,4121.0,589.0,11390868.0,77093.0,1976107.0,9336101.0,11312208.0,11394011.0,9413194.0,784.0,11395577.0,11395577.0,11394008.0,4118.0,545.0,11390912.0,78099.0,1976161.0,9335085.0,11311246.0,11394008.0,9413184.0,784.0,11395576.0,11395576.0,11394007.0,4117.0,548.0,11390909.0,76946.0,1952723.0,9359673.0,11312396.0,11394007.0,9436619.0,784.0,11395575.0,11395575.0,11394006.0,4116.0,540.0,11390917.0,77862.0,1959090.0,9352398.0,11311488.0,11394006.0,9430260.0,784.0,11395574.0,11395574.0,11394005.0,4115.0,2240.0,11389217.0,78320.0,2564017.0,8745313.0,11309330.0,11394005.0,8823633.0,784.0,11390917.0,11395571.0,11395571.0,11395590.0,6272.0,10961724.0,79531080.0,620150.0,80151230.0,18.0,18.0,11.0,11.0,10.0,10.0,9.0,9.0,6.0,6.0,5.0,5.0,4.0,4.0,3.0,3.0
128x768x768w35-56-57,11393060.0,11393060.0,11391491.0,4130.0,584.0,11388344.0,78175.0,166868.0,11141734.0,11308602.0,11391491.0,11219909.0,784.0,11393048.0,11393048.0,11391479.0,4129.0,562.0,11388355.0,78486.0,170316.0,11137986.0,11308302.0,11391479.0,11216472.0,784.0,11393048.0,11393048.0,11391479.0,4128.0,562.0,11388356.0,79279.0,176488.0,11131022.0,11307510.0,11391479.0,11210301.0,784.0,11393048.0,11393048.0,11391479.0,4127.0,557.0,11388362.0,79035.0,1964723.0,9343037.0,11307760.0,11391479.0,9422072.0,784.0,11393046.0,11393046.0,11391477.0,4124.0,548.0,11388372.0,79162.0,1964799.0,9342844.0,11307643.0,11391477.0,9422006.0,784.0,11393046.0,11393046.0,11391477.0,4123.0,536.0,11388385.0,78895.0,1947556.0,9360367.0,11307923.0,11391477.0,9439262.0,784.0,11393038.0,11393038.0,11391469.0,4122.0,517.0,11388397.0,79179.0,1948251.0,9359400.0,11307651.0,11391469.0,9438579.0,784.0,11393045.0,11393045.0,11391476.0,4121.0,1705.0,11387217.0,79612.0,2544877.0,8761161.0,11306038.0,11391476.0,8840773.0,784.0,11388397.0,11393036.0,11393036.0,11393055.0,6272.0,10883878.0,79577551.0,631823.0,80209374.0,24.0,24.0,12.0,12.0,12.0,12.0,12.0,12.0,10.0,10.0,10.0,10.0,2.0,2.0,9.0,9.0
128x768x768w35-64-48,12271785.0,12271785.0,12270248.0,3882.0,589.0,12267312.0,77738.0,116391.0,12071648.0,12188039.0,12270248.0,12149386.0,768.0,12271788.0,12271788.0,12270251.0,3881.0,566.0,12267339.0,76606.0,128359.0,12060839.0,12189198.0,12270251.0,12137445.0,768.0,12271787.0,12271787.0,12270250.0,3880.0,582.0,12267323.0,78536.0,149136.0,12038116.0,12187252.0,12270250.0,12116652.0,768.0,12271786.0,12271786.0,12270249.0,3879.0,548.0,12267357.0,77634.0,1898068.0,10290120.0,12188188.0,12270249.0,10367754.0,768.0,12271783.0,12271783.0,12270246.0,3876.0,622.0,12267283.0,78002.0,1918918.0,10268828.0,12187746.0,12270246.0,10346830.0,768.0,12271782.0,12271782.0,12270245.0,3875.0,512.0,12267393.0,78237.0,1892172.0,10295449.0,12187621.0,12270245.0,10373686.0,768.0,12271781.0,12271781.0,12270244.0,3874.0,503.0,12267402.0,77837.0,1896771.0,10291259.0,12188030.0,12270244.0,10369096.0,768.0,12271780.0,12271780.0,12270243.0,3873.0,3866.0,12264039.0,77963.0,2532826.0,9651715.0,12184541.0,12270243.0,9729678.0,768.0,12267402.0,12271777.0,12271777.0,12271796.0,6144.0,10532641.0,86967974.0,622553.0,87590527.0,8.0,8.0,11.0,11.0,10.0,10.0,9.0,9.0,6.0,6.0,5.0,5.0,4.0,4.0,3.0,3.0
128x768x768w35-64-49,12272154.0,12272154.0,12270617.0,4007.0,565.0,12267580.0,77107.0,126132.0,12062806.0,12188938.0,12270617.0,12139913.0,768.0,12272144.0,12272144.0,12270607.0,4006.0,576.0,12267560.0,76527.0,150617.0,12038881.0,12189498.0,12270607.0,12115408.0,768.0,12272143.0,12272143.0,12270606.0,4005.0,589.0,12267547.0,76496.0,176607.0,12012909.0,12189516.0,12270606.0,12089405.0,768.0,12272142.0,12272142.0,12270605.0,4004.0,547.0,12267589.0,76784.0,1920142.0,10269128.0,12189270.0,12270605.0,10345912.0,768.0,12272139.0,12272139.0,12270602.0,4001.0,558.0,12267578.0,77099.0,1934193.0,10254751.0,12188944.0,12270602.0,10331850.0,768.0,12272138.0,12272138.0,12270601.0,4000.0,533.0,12267603.0,78002.0,1909515.0,10278551.0,12188066.0,12270601.0,10356553.0,768.0,12272137.0,12272137.0,12270600.0,3999.0,534.0,12267602.0,77686.0,1915303.0,10273078.0,12188381.0,12270600.0,10350764.0,768.0,12272136.0,12272136.0,12270599.0,3998.0,2857.0,12265279.0,78032.0,2551746.0,9633966.0,12185712.0,12270599.0,9711998.0,768.0,12267603.0,12272133.0,12272133.0,12272152.0,6144.0,10684255.0,86824070.0,617733.0,87441803.0,21.0,21.0,11.0,11.0,10.0,10.0,9.0,9.0,6.0,6.0,5.0,5.0,4.0,4.0,3.0,3.0
128x768x768w35-72-43,11432069.0,11432069.0,11430484.0,4123.0,583.0,11427361.0,79206.0,174146.0,11172426.0,11346572.0,11430484.0,11251632.0,792.0,11432054.0,11432054.0,11430469.0,4122.0,571.0,11427359.0,77925.0,173216.0,11174635.0,11347851.0,11430469.0,11252560.0,792.0,11432054.0,11432054.0,11430469.0,4121.0,589.0,11427342.0,77846.0,185026.0,11162887.0,11347913.0,11430469.0,11240733.0,792.0,11432054.0,11432054.0,11430469.0,4120.0,583.0,11427349.0,75737.0,1968613.0,9381416.0,11350029.0,11430469.0,9457153.0,792.0,11432052.0,11432052.0,11430467.0,4117.0,586.0,11427347.0,79024.0,1970254.0,9376486.0,11346740.0,11430467.0,9455510.0,792.0,11432052.0,11432052.0,11430467.0,4116.0,578.0,11427356.0,77756.0,1945075.0,9402942.0,11348017.0,11430467.0,9480698.0,792.0,11432052.0,11432052.0,11430467.0,4115.0,578.0,11427357.0,78625.0,1947067.0,9400082.0,11347149.0,11430467.0,9478707.0,792.0,11432052.0,11432052.0,11430467.0,4114.0,2428.0,11425508.0,78569.0,2553353.0,8792003.0,11345356.0,11430467.0,8870572.0,792.0,11427361.0,11432042.0,11432042.0,11432061.0,6336.0,10916750.0,79862877.0,624688.0,80487565.0,27.0,27.0,12.0,12.0,12.0,12.0,12.0,12.0,10.0,10.0,10.0,10.0,10.0,10.0,10.0,10.0
128x768x768w36-48-64,11375551.0,11375551.0,11374014.0,3995.0,498.0,11371056.0,76209.0,140630.0,11152682.0,11293312.0,11374014.0,11228891.0,768.0,11375542.0,11375542.0,11374005.0,3994.0,488.0,11371058.0,76109.0,144383.0,11149031.0,11293414.0,11374005.0,11225140.0,768.0,11375541.0,11375541.0,11374004.0,3993.0,477.0,11371069.0,76687.0,147412.0,11145435.0,11292847.0,11374004.0,11222122.0,768.0,11375540.0,11375540.0,11374003.0,3992.0,491.0,11371055.0,76188.0,121352.0,11171980.0,11293332.0,11374003.0,11248168.0,768.0,11375537.0,11375537.0,11374000.0,3989.0,3612.0,11367934.0,77278.0,2541082.0,8748039.0,11289121.0,11374000.0,8825317.0,768.0,11375536.0,11375536.0,11373999.0,3988.0,3631.0,11367915.0,76604.0,2527479.0,8762297.0,11289776.0,11373999.0,8838901.0,768.0,11375535.0,11375535.0,11373998.0,3987.0,3599.0,11367947.0,76430.0,2527053.0,8762929.0,11289982.0,11373998.0,8839359.0,768.0,11375534.0,11375534.0,11373997.0,3986.0,3633.0,11367913.0,76252.0,2521837.0,8768289.0,11290126.0,11373997.0,8844541.0,768.0,11371069.0,11375531.0,11375531.0,11375550.0,6144.0,10671228.0,79660682.0,611757.0,80272439.0,20.0,20.0,11.0,11.0,10.0,10.0,9.0,9.0,6.0,6.0,5.0,5.0,4.0,4.0,3.0,3.0
128x768x768w36-56-55,11403321.0,11403321.0,11401752.0,4151.0,545.0,11398623.0,76775.0,179583.0,11140698.0,11320281.0,11401752.0,11217473.0,784.0,11403311.0,11403311.0,11401742.0,4150.0,533.0,11398626.0,77060.0,180897.0,11139102.0,11319999.0,11401742.0,11216162.0,784.0,11403310.0,11403310.0,11401741.0,4149.0,535.0,11398624.0,77080.0,188103.0,11131874.0,11319977.0,11401741.0,11208954.0,784.0,11403309.0,11403309.0,11401740.0,4148.0,517.0,11398642.0,75933.0,160412.0,11160730.0,11321142.0,11401740.0,11236663.0,784.0,11403306.0,11403306.0,11401737.0,4145.0,2723.0,11396436.0,77459.0,2592599.0,8724811.0,11317410.0,11401737.0,8802270.0,784.0,11403305.0,11403305.0,11401736.0,4144.0,2697.0,11396462.0,76962.0,2576157.0,8741776.0,11317933.0,11401736.0,8818738.0,784.0,11403304.0,11403304.0,11401735.0,4143.0,2714.0,11396445.0,78033.0,2584490.0,8732355.0,11316845.0,11401735.0,8810388.0,784.0,11403303.0,11403303.0,11401734.0,4142.0,2715.0,11396444.0,76965.0,2570788.0,8747124.0,11317912.0,11401734.0,8824089.0,784.0,11398642.0,11403300.0,11403300.0,11403319.0,6272.0,11033029.0,79518470.0,616267.0,80134737.0,21.0,21.0,11.0,11.0,10.0,10.0,9.0,9.0,6.0,6.0,5.0,5.0,4.0,4.0,3.0,3.0
128x768x768w36-56-56,11398678.0,11398678.0,11397109.0,4167.0,548.0,11393961.0,77884.0,173131.0,11141379.0,11314510.0,11397109.0,11219263.0,784.0,11398664.0,11398664.0,11397095.0,4166.0,534.0,11393962.0,77570.0,179663.0,11135162.0,11314825.0,11397095.0,11212732.0,784.0,11398664.0,11398664.0,11397095.0,4165.0,501.0,11393996.0,78074.0,181172.0,11133183.0,11314355.0,11397095.0,11211257.0,784.0,11398664.0,11398664.0,11397095.0,4164.0,518.0,11393980.0,74960.0,159948.0,11157505.0,11317453.0,11397095.0,11232465.0,784.0,11398662.0,11398662.0,11397093.0,4161.0,2169.0,11392330.0,77891.0,2593298.0,8719574.0,11312872.0,11397093.0,8797465.0,784.0,11398662.0,11398662.0,11397093.0,4160.0,2119.0,11392381.0,77958.0,2575311.0,8737545.0,11312856.0,11397093.0,8815503.0,784.0,11398662.0,11398662.0,11397093.0,4159.0,2150.0,11392351.0,77999.0,2579322.0,8733463.0,11312785.0,11397093.0,8811462.0,784.0,11398662.0,11398662.0,11397093.0,4158.0,2184.0,11392318.0,77197.0,2565435.0,8748119.0,11313554.0,11397093.0,8825316.0,784.0,11393996.0,11398652.0,11398652.0,11398671.0,6272.0,11007280.0,79505930.0,619533.0,80125463.0,26.0,26.0,12.0,12.0,12.0,12.0,12.0,12.0,10.0,10.0,10.0,10.0,10.0,10.0,10.0,10.0
128x768x768w36-64-48,12301689.0,12301689.0,12300152.0,3929.0,531.0,12297227.0,78056.0,144187.0,12073449.0,12217636.0,12300152.0,12151505.0,768.0,12301688.0,12301688.0,12300151.0,3928.0,550.0,12297208.0,77217.0,142591.0,12075865.0,12218456.0,12300151.0,12153082.0,768.0,12301680.0,12301680.0,12300143.0,3927.0,569.0,12297182.0,76589.0,182493.0,12036565.0,12219058.0,12300143.0,12113154.0,768.0,12301679.0,12301679.0,12300142.0,3926.0,479.0,12297272.0,76027.0,101686.0,12118024.0,12219710.0,12300142.0,12194051.0,768.0,12301676.0,12301676.0,12300139.0,3923.0,3717.0,12294034.0,77122.0,2551596.0,9663781.0,12215377.0,12300139.0,9740903.0,768.0,12301675.0,12301675.0,12300138.0,3922.0,3673.0,12294078.0,77095.0,2520003.0,9695445.0,12215448.0,12300138.0,9772540.0,768.0,12301678.0,12301678.0,12300141.0,3921.0,3694.0,12294061.0,77876.0,2529506.0,9685144.0,12214650.0,12300141.0,9763020.0,768.0,12301674.0,12301674.0,12300137.0,3920.0,3671.0,12294081.0,76273.0,2523191.0,9693082.0,12216273.0,12300137.0,9769355.0,768.0,12297272.0,12301676.0,12301676.0,12301695.0,6144.0,10695253.0,87041355.0,616255.0,87657610.0,13.0,13.0,12.0,12.0,4.0,4.0,3.0,3.0,0.0,0.0,1.0,1.0,2.0,2.0,2.0,2.0
128x768x768w41-64-43,13029616.0,13029616.0,13027887.0,4114.0,436.0,13025064.0,84173.0,157159.0,12782005.0,12939164.0,13027887.0,12866178.0,864.0,13029598.0,13029598.0,13027869.0,4113.0,420.0,13025063.0,84027.0,2027923.0,10911386.0,12939309.0,13027869.0,10995413.0,864.0,13029599.0,13029599.0,13027870.0,4112.0,432.0,13025053.0,84548.0,2060973.0,10877805.0,12938778.0,13027870.0,10962353.0,864.0,13029597.0,13029597.0,13027868.0,4111.0,434.0,13025050.0,84753.0,1944826.0,10993744.0,12938570.0,13027868.0,11078497.0,864.0,13029596.0,13029596.0,13027867.0,4108.0,426.0,13025060.0,84934.0,1954899.0,10983500.0,12938399.0,13027867.0,11068434.0,864.0,13029596.0,13029596.0,13028299.0,4107.0,700455.0,12325032.0,64641.0,1888611.0,10370485.0,12259096.0,13028299.0,10435126.0,648.0,13029596.0,13029596.0,13028299.0,4106.0,700457.0,12325031.0,64963.0,1902027.0,10356746.0,12258773.0,13028299.0,10421709.0,648.0,13029596.0,13029596.0,13028299.0,4105.0,700460.0,12325029.0,65265.0,1891041.0,10367428.0,12258469.0,13028299.0,10432693.0,648.0,13025064.0,13029594.0,13029594.0,13029613.0,6264.0,13827459.0,87643099.0,617304.0,88260403.0,22.0,22.0,4.0,4.0,5.0,5.0,3.0,3.0,2.0,2.0,2.0,2.0,2.0,2.0,2.0,2.0
128x768x768w42-32-77,13125626.0,13125626.0,13123705.0,4196.0,416.0,13121012.0,93312.0,171189.0,12854592.0,13025781.0,13123705.0,12947904.0,960.0,13125616.0,13125616.0,13123695.0,4195.0,386.0,13121033.0,92951.0,189254.0,12836909.0,13026163.0,13123695.0,12929860.0,960.0,13125615.0,13125615.0,13124174.0,4194.0,689063.0,12432356.0,72167.0,1958847.0,10399903.0,12358750.0,13124174.0,10472070.0,720.0,13125614.0,13125614.0,13124173.0,4193.0,688983.0,12432436.0,70750.0,1914060.0,10446187.0,12360247.0,13124173.0,10516937.0,720.0,13125611.0,13125611.0,13124170.0,4190.0,689036.0,12432383.0,72009.0,1919791.0,10439144.0,12358935.0,13124170.0,10511153.0,720.0,13125610.0,13125610.0,13124169.0,4189.0,689017.0,12432402.0,71728.0,1904030.0,10455205.0,12359235.0,13124169.0,10526933.0,720.0,13125609.0,13125609.0,13124168.0,4188.0,689009.0,12432410.0,71674.0,1911980.0,10447317.0,12359297.0,13124168.0,10518991.0,720.0,13125608.0,13125608.0,13124167.0,4187.0,688999.0,12432420.0,71600.0,1905938.0,10453443.0,12359381.0,13124167.0,10525043.0,720.0,13121033.0,13125605.0,13125605.0,13125624.0,6240.0,11875089.0,88332700.0,616191.0,88948891.0,21.0,21.0,11.0,11.0,10.0,10.0,9.0,9.0,6.0,6.0,5.0,5.0,4.0,4.0,3.0,3.0
128x768x768w42-32-78,12973430.0,12973430.0,12971509.0,4211.0,411.0,12968806.0,92490.0,171060.0,12703337.0,12874397.0,12971509.0,12795827.0,960.0,12973420.0,12973420.0,12971499.0,4210.0,386.0,12968822.0,92739.0,175842.0,12698322.0,12874164.0,12971499.0,12791061.0,960.0,12973419.0,12973419.0,12971978.0,4209.0,681989.0,12287219.0,72912.0,1947153.0,10265715.0,12212868.0,12971978.0,10338627.0,720.0,12973418.0,12973418.0,12971977.0,4208.0,681967.0,12287241.0,70425.0,1922381.0,10292996.0,12215377.0,12971977.0,10363421.0,720.0,12973415.0,12973415.0,12971974.0,4205.0,681996.0,12287212.0,72545.0,1922228.0,10291000.0,12213228.0,12971974.0,10363545.0,720.0,12973414.0,12973414.0,12971973.0,4204.0,681983.0,12287225.0,71282.0,1909220.0,10305284.0,12214504.0,12971973.0,10376566.0,720.0,12973413.0,12973413.0,12971972.0,4203.0,681984.0,12287224.0,71532.0,1916404.0,10297849.0,12214253.0,12971972.0,10369381.0,720.0,12973412.0,12973412.0,12971971.0,4202.0,681981.0,12287227.0,71872.0,1908361.0,10305555.0,12213916.0,12971971.0,10377427.0,720.0,12968822.0,12973409.0,12973409.0,12973428.0,6240.0,11872649.0,87160058.0,615797.0,87775855.0,21.0,21.0,11.0,11.0,10.0,10.0,9.0,9.0,6.0,6.0,5.0,5.0,4.0,4.0,3.0,3.0
128x768x768w42-40-64,11957463.0,11957463.0,11955542.0,4082.0,360.0,11953019.0,94087.0,175269.0,11681744.0,11857013.0,11955542.0,11775831.0,960.0,11957453.0,11957453.0,11955532.0,4081.0,346.0,11953024.0,94031.0,164579.0,11692495.0,11857074.0,11955532.0,11786526.0,960.0,11957452.0,11957452.0,11956011.0,4080.0,678961.0,11274409.0,72645.0,1935806.0,9264519.0,11200325.0,11956011.0,9337164.0,720.0,11957451.0,11957451.0,11956010.0,4079.0,678959.0,11274411.0,72319.0,1907367.0,9293286.0,11200653.0,11956010.0,9365605.0,720.0,11957448.0,11957448.0,11956007.0,4076.0,678981.0,11274389.0,73666.0,1906555.0,9292729.0,11199284.0,11956007.0,9366395.0,720.0,11957447.0,11957447.0,11956006.0,4075.0,678967.0,11274403.0,73689.0,1886932.0,9312343.0,11199275.0,11956006.0,9386032.0,720.0,11957446.0,11957446.0,11956005.0,4074.0,678968.0,11274402.0,72616.0,1890137.0,9310210.0,11200347.0,11956005.0,9382826.0,720.0,11957445.0,11957445.0,11956004.0,4073.0,678986.0,11274384.0,73284.0,1884314.0,9315347.0,11199661.0,11956004.0,9388631.0,720.0,11953024.0,11957442.0,11957442.0,11957461.0,6240.0,11750959.0,79162673.0,626337.0,79789010.0,21.0,21.0,11.0,11.0,10.0,10.0,9.0,9.0,6.0,6.0,5.0,5.0,4.0,4.0,3.0,3.0
128x768x768w42-40-65,11991554.0,11991554.0,11989633.0,4144.0,402.0,11987006.0,92285.0,191548.0,11701254.0,11892802.0,11989633.0,11793539.0,960.0,11991544.0,11991544.0,11989623.0,4143.0,395.0,11987004.0,92327.0,183237.0,11709521.0,11892758.0,11989623.0,11801848.0,960.0,11991543.0,11991543.0,11990102.0,4142.0,687921.0,11299478.0,70802.0,1944836.0,9282401.0,11227237.0,11990102.0,9353203.0,720.0,11991542.0,11991542.0,11990101.0,4141.0,687909.0,11299490.0,71277.0,1927799.0,9298975.0,11226774.0,11990101.0,9370252.0,720.0,11991539.0,11991539.0,11990098.0,4138.0,687910.0,11299489.0,72097.0,1929640.0,9296313.0,11225953.0,11990098.0,9368410.0,720.0,11991538.0,11991538.0,11990097.0,4137.0,687895.0,11299504.0,72429.0,1910203.0,9315433.0,11225636.0,11990097.0,9387862.0,720.0,11991537.0,11991537.0,11990096.0,4136.0,687928.0,11299471.0,71389.0,1913353.0,9313290.0,11226643.0,11990096.0,9384679.0,720.0,11991536.0,11991536.0,11990095.0,4135.0,687925.0,11299474.0,71986.0,1907708.0,9318341.0,11226049.0,11990095.0,9390327.0,720.0,11987006.0,11991533.0,11991533.0,11991552.0,6240.0,11908324.0,79235528.0,614592.0,79850120.0,21.0,21.0,11.0,11.0,10.0,10.0,9.0,9.0,6.0,6.0,5.0,5.0,4.0,4.0,3.0,3.0
128x768x768w42-40-66,11986027.0,11986027.0,11984106.0,4199.0,402.0,11981424.0,93481.0,189772.0,11696252.0,11886024.0,11984106.0,11789733.0,960.0,11986017.0,11986017.0,11984096.0,4198.0,394.0,11981423.0,92826.0,183966.0,11702712.0,11886678.0,11984096.0,11795538.0,960.0,11986016.0,11986016.0,11984575.0,4197.0,686465.0,11295352.0,70793.0,1944755.0,9278365.0,11223120.0,11984575.0,9349158.0,720.0,11986015.0,11986015.0,11984574.0,4196.0,686468.0,11295349.0,71150.0,1930092.0,9292668.0,11222760.0,11984574.0,9363818.0,720.0,11986012.0,11986012.0,11984571.0,4193.0,686471.0,11295346.0,70949.0,1935977.0,9286981.0,11222958.0,11984571.0,9357930.0,720.0,11986011.0,11986011.0,11984570.0,4192.0,686446.0,11295371.0,71539.0,1911399.0,9310994.0,11222393.0,11984570.0,9382533.0,720.0,11986010.0,11986010.0,11984569.0,4191.0,686480.0,11295337.0,70915.0,1916769.0,9306214.0,11222983.0,11984569.0,9377129.0,720.0,11986009.0,11986009.0,11984568.0,4190.0,686461.0,11295356.0,71705.0,1902955.0,9319257.0,11222212.0,11984568.0,9390962.0,720.0,11981424.0,11986006.0,11986006.0,11986025.0,6240.0,11915685.0,79193443.0,613358.0,79806801.0,21.0,21.0,11.0,11.0,10.0,10.0,9.0,9.0,6.0,6.0,5.0,5.0,4.0,4.0,3.0,3.0
128x768x768w42-48-52,12024768.0,12024768.0,12022847.0,4018.0,361.0,12020387.0,93048.0,152765.0,11772655.0,11925420.0,12022847.0,11865703.0,960.0,12024755.0,12024755.0,12022834.0,4017.0,340.0,12020396.0,91903.0,157487.0,11769087.0,11926574.0,12022834.0,11860990.0,960.0,12024755.0,12024755.0,12023314.0,4016.0,675278.0,11345459.0,70784.0,1931321.0,9341915.0,11273236.0,12023314.0,9412699.0,720.0,12024755.0,12024755.0,12023314.0,4015.0,675297.0,11345441.0,71394.0,1920981.0,9351627.0,11272608.0,12023314.0,9423021.0,720.0,12024753.0,12024753.0,12023312.0,4012.0,675283.0,11345456.0,71849.0,1921398.0,9350770.0,11272168.0,12023312.0,9422619.0,720.0,12024753.0,12024753.0,12023312.0,4011.0,675290.0,11345450.0,71236.0,1910844.0,9361931.0,11272775.0,12023312.0,9433167.0,720.0,12024753.0,12024753.0,12023312.0,4010.0,675276.0,11345465.0,71670.0,1914710.0,9357646.0,11272356.0,12023312.0,9429316.0,720.0,12024745.0,12024745.0,12023304.0,4009.0,675282.0,11345452.0,71045.0,1903643.0,9369325.0,11272968.0,12023304.0,9440370.0,720.0,12020396.0,12024743.0,12024743.0,12024762.0,6240.0,11813149.0,79674956.0,612929.0,80287885.0,25.0,25.0,12.0,12.0,12.0,12.0,12.0,12.0,10.0,10.0,10.0,10.0,10.0,10.0,2.0,2.0
128x768x768w42-48-53,12034156.0,12034156.0,12032235.0,4000.0,352.0,12029802.0,93057.0,159032.0,11775794.0,11934826.0,12032235.0,11868851.0,960.0,12034143.0,12034143.0,12032222.0,3999.0,345.0,12029797.0,91886.0,157055.0,11778937.0,11935992.0,12032222.0,11870823.0,960.0,12034143.0,12034143.0,12032702.0,3998.0,675711.0,11354432.0,71042.0,1936719.0,9345232.0,11281951.0,12032702.0,9416274.0,720.0,12034143.0,12034143.0,12032702.0,3997.0,675675.0,11354469.0,71522.0,1916145.0,9365363.0,11281508.0,12032702.0,9436885.0,720.0,12034141.0,12034141.0,12032700.0,3994.0,675677.0,11354468.0,71388.0,1919348.0,9362293.0,11281641.0,12032700.0,9433681.0,720.0,12034141.0,12034141.0,12032700.0,3993.0,675668.0,11354478.0,70300.0,1903933.0,9378806.0,11282739.0,12032700.0,9449106.0,720.0,12034141.0,12034141.0,12032700.0,3992.0,675670.0,11354477.0,70969.0,1906947.0,9375122.0,11282069.0,12032700.0,9446091.0,720.0,12034133.0,12034133.0,12032692.0,3991.0,675645.0,11354495.0,71051.0,1898030.0,9383975.0,11282005.0,12032692.0,9455026.0,720.0,12029802.0,12034131.0,12034131.0,12034150.0,6240.0,11797209.0,79765522.0,611215.0,80376737.0,25.0,25.0,12.0,12.0,12.0,12.0,12.0,12.0,10.0,10.0,10.0,10.0,10.0,10.0,2.0,2.0
128x768x768w42-48-54,12030989.0,12030989.0,12029068.0,4030.0,352.0,12026605.0,92910.0,159954.0,11771822.0,11931776.0,12029068.0,11864732.0,960.0,12030981.0,12030981.0,12029060.0,4029.0,352.0,12026598.0,91295.0,152815.0,11780569.0,11933384.0,12029060.0,11871864.0,960.0,12030981.0,12030981.0,12029540.0,4028.0,676335.0,11350616.0,70694.0,1933146.0,9345337.0,11278483.0,12029540.0,9416031.0,720.0,12030981.0,12030981.0,12029540.0,4027.0,676304.0,11350648.0,71409.0,1917786.0,9360014.0,11277800.0,12029540.0,9431423.0,720.0,12030979.0,12030979.0,12029538.0,4024.0,676302.0,11350651.0,71910.0,1916484.0,9360818.0,11277302.0,12029538.0,9432728.0,720.0,12030979.0,12030979.0,12029538.0,4023.0,676280.0,11350674.0,71111.0,1904807.0,9373317.0,11278124.0,12029538.0,9444428.0,720.0,12030979.0,12030979.0,12029538.0,4022.0,676316.0,11350639.0,71224.0,1906750.0,9371226.0,11277976.0,12029538.0,9442450.0,720.0,12030971.0,12030971.0,12029530.0,4021.0,676289.0,11350659.0,70743.0,1892043.0,9386434.0,11278477.0,12029530.0,9457177.0,720.0,12026605.0,12030969.0,12030969.0,12030988.0,6240.0,11783785.0,79749537.0,611296.0,80360833.0,20.0,20.0,12.0,12.0,12.0,12.0,12.0,12.0,10.0,10.0,10.0,10.0,10.0,10.0,2.0,2.0
128x768x768w42-48-55,12022589.0,12022589.0,12020796.0,4094.0,401.0,12018092.0,86367.0,165147.0,11764787.0,11929934.0,12020796.0,11851154.0,896.0,12022573.0,12022573.0,12020780.0,4093.0,370.0,12018108.0,85369.0,160337.0,11770611.0,11930948.0,12020780.0,11855980.0,896.0,12022574.0,12022574.0,12021229.0,4092.0,680689.0,11337791.0,66224.0,1935652.0,9334572.0,11270224.0,12021229.0,9400796.0,672.0,12022572.0,12022572.0,12021227.0,4091.0,680698.0,11337781.0,64284.0,1917086.0,9355068.0,11272154.0,12021227.0,9419352.0,672.0,12022571.0,12022571.0,12021226.0,4088.0,680649.0,11337832.0,66319.0,1915548.0,9354622.0,11270170.0,12021226.0,9420941.0,672.0,12022571.0,12022571.0,12021226.0,4087.0,680646.0,11337836.0,66308.0,1908361.0,9361824.0,11270185.0,12021226.0,9428132.0,672.0,12022571.0,12022571.0,12021226.0,4086.0,680648.0,11337835.0,66519.0,1908111.0,9361862.0,11269973.0,12021226.0,9428381.0,672.0,12022571.0,12022571.0,12021226.0,4085.0,680646.0,11337838.0,65476.0,1898214.0,9372805.0,11271019.0,12021226.0,9438281.0,672.0,12018108.0,12022569.0,12022569.0,12022588.0,5824.0,11808456.0,79676151.0,566866.0,80243017.0,20.0,20.0,4.0,4.0,5.0,5.0,3.0,3.0,2.0,2.0,2.0,2.0,2.0,2.0,2.0,2.0
128x768x768w42-48-56,12011070.0,12011070.0,12009277.0,4113.0,397.0,12006558.0,86764.0,161629.0,11756374.0,11918003.0,12009277.0,11843138.0,896.0,12011052.0,12011052.0,12009259.0,4112.0,370.0,12006568.0,85865.0,159749.0,11759163.0,11918912.0,12009259.0,11845028.0,896.0,12011053.0,12011053.0,12009708.0,4111.0,678402.0,11328538.0,66892.0,1934012.0,9326291.0,11260303.0,12009708.0,9393183.0,672.0,12011051.0,12011051.0,12009706.0,4110.0,678391.0,11328548.0,64895.0,1919903.0,9342407.0,11262310.0,12009706.0,9407302.0,672.0,12011050.0,12011050.0,12009705.0,4107.0,678394.0,11328547.0,66571.0,1918562.0,9342071.0,11260633.0,12009705.0,9408642.0,672.0,12011050.0,12011050.0,12009705.0,4106.0,678376.0,11328566.0,65922.0,1903585.0,9357716.0,11261301.0,12009705.0,9423638.0,672.0,12011050.0,12011050.0,12009705.0,4105.0,678394.0,11328549.0,66590.0,1911168.0,9349448.0,11260616.0,12009705.0,9416038.0,672.0,12011050.0,12011050.0,12009705.0,4104.0,678353.0,11328591.0,66235.0,1895939.0,9365074.0,11261013.0,12009705.0,9431309.0,672.0,12006568.0,12011048.0,12011048.0,12011067.0,5824.0,11804547.0,79598544.0,569734.0,80168278.0,22.0,22.0,4.0,4.0,5.0,5.0,3.0,3.0,2.0,2.0,2.0,2.0,2.0,2.0,2.0,2.0
128x768x768w42-48-57,12020750.0,12020750.0,12018957.0,4126.0,392.0,12016230.0,86262.0,165097.0,11763080.0,11928177.0,12018957.0,11849342.0,896.0,12020732.0,12020732.0,12018939.0,4125.0,377.0,12016228.0,85786.0,160808.0,11767843.0,11928651.0,12018939.0,11853629.0,896.0,12020733.0,12020733.0,12019388.0,4124.0,679323.0,11337284.0,65733.0,1933777.0,9336431.0,11270208.0,12019388.0,9402164.0,672.0,12020731.0,12020731.0,12019386.0,4123.0,679292.0,11337314.0,64647.0,1918323.0,9353001.0,11271324.0,12019386.0,9417648.0,672.0,12020730.0,12020730.0,12019385.0,4120.0,679270.0,11337338.0,66099.0,1915722.0,9354174.0,11269896.0,12019385.0,9420273.0,672.0,12020730.0,12020730.0,12019385.0,4119.0,679268.0,11337341.0,66086.0,1905500.0,9364412.0,11269912.0,12019385.0,9430498.0,672.0,12020730.0,12020730.0,12019385.0,4118.0,679268.0,11337342.0,66597.0,1909282.0,9360120.0,11269402.0,12019385.0,9426717.0,672.0,12020730.0,12020730.0,12019385.0,4117.0,679252.0,11337359.0,65469.0,1899127.0,9371420.0,11270547.0,12019385.0,9436889.0,672.0,12016230.0,12020728.0,12020728.0,12020747.0,5824.0,11807636.0,79670481.0,566679.0,80237160.0,22.0,22.0,4.0,4.0,5.0,5.0,3.0,3.0,2.0,2.0,2.0,2.0,2.0,2.0,2.0,2.0
128x768x768w42-56-46,12083180.0,12083180.0,12081275.0,4097.0,434.0,12078647.0,93408.0,200635.0,11782701.0,11983336.0,12081275.0,11876109.0,952.0,12083171.0,12083171.0,12081266.0,4096.0,406.0,12078667.0,93622.0,180721.0,11802421.0,11983142.0,12081266.0,11896043.0,952.0,12083170.0,12083170.0,12081741.0,4095.0,693497.0,11385576.0,70214.0,1967141.0,9346794.0,11313935.0,12081741.0,9417008.0,714.0,12083169.0,12083169.0,12081740.0,4094.0,693484.0,11385589.0,71760.0,1954035.0,9358367.0,11312402.0,12081740.0,9430127.0,714.0,12083166.0,12083166.0,12081737.0,4091.0,693483.0,11385590.0,70316.0,1952496.0,9361351.0,11313847.0,12081737.0,9431667.0,714.0,12083165.0,12083165.0,12081736.0,4090.0,693457.0,11385616.0,70428.0,1938600.0,9375161.0,11313761.0,12081736.0,9445589.0,714.0,12083164.0,12083164.0,12081735.0,4089.0,693456.0,11385617.0,70450.0,1936001.0,9377739.0,11313740.0,12081735.0,9448189.0,714.0,12083163.0,12083163.0,12081734.0,4088.0,693415.0,11385658.0,70415.0,1911059.0,9402757.0,11313816.0,12081734.0,9473172.0,714.0,12078667.0,12083160.0,12083160.0,12083179.0,6188.0,12040688.0,79807291.0,610613.0,80417904.0,20.0,20.0,11.0,11.0,10.0,10.0,9.0,9.0,6.0,6.0,5.0,5.0,4.0,4.0,3.0,3.0
128x768x768w42-56-47,12072921.0,12072921.0,12071016.0,4098.0,410.0,12068411.0,92772.0,185273.0,11788463.0,11973736.0,12071016.0,11881235.0,952.0,12072907.0,12072907.0,12071002.0,4097.0,395.0,12068413.0,92003.0,183122.0,11791385.0,11974507.0,12071002.0,11883388.0,952.0,12072907.0,12072907.0,12071478.0,4096.0,692585.0,11376224.0,68621.0,1960954.0,9345222.0,11306176.0,12071478.0,9413843.0,714.0,12072907.0,12072907.0,12071478.0,4095.0,692576.0,11376234.0,70550.0,1946218.0,9358039.0,11304257.0,12071478.0,9428589.0,714.0,12072905.0,12072905.0,12071476.0,4092.0,692574.0,11376237.0,70887.0,1942187.0,9361736.0,11303923.0,12071476.0,9432623.0,714.0,12072905.0,12072905.0,12071476.0,4091.0,692564.0,11376248.0,70435.0,1917106.0,9387280.0,11304386.0,12071476.0,9457715.0,714.0,12072905.0,12072905.0,12071476.0,4090.0,692566.0,11376247.0,71430.0,1925895.0,9377495.0,11303390.0,12071476.0,9448925.0,714.0,12072905.0,12072905.0,12071476.0,4089.0,692531.0,11376283.0,71333.0,1914965.0,9388558.0,11303523.0,12071476.0,9459891.0,714.0,12068413.0,12072895.0,12072895.0,12072914.0,6188.0,11975720.0,79798178.0,608031.0,80406209.0,26.0,26.0,12.0,12.0,12.0,12.0,12.0,12.0,10.0,10.0,10.0,10.0,10.0,10.0,10.0,10.0
128x768x768w42-56-48,11982645.0,11982645.0,11980852.0,3990.0,366.0,11978287.0,87367.0,138865.0,11750264.0,11889129.0,11980852.0,11837631.0,896.0,11982630.0,11982630.0,11980837.0,3989.0,344.0,11978295.0,87104.0,128573.0,11760827.0,11889400.0,11980837.0,11847931.0,896.0,11982630.0,11982630.0,11981285.0,3988.0,675432.0,11303208.0,67780.0,1920977.0,9313108.0,11234085.0,11981285.0,9380888.0,672.0,11982630.0,11982630.0,11981285.0,3987.0,675429.0,11303212.0,67396.0,1892645.0,9341828.0,11234473.0,11981285.0,9409224.0,672.0,11982628.0,11982628.0,11981283.0,3984.0,675429.0,11303213.0,68255.0,1892951.0,9340664.0,11233615.0,11981283.0,9408919.0,672.0,11982628.0,11982628.0,11981283.0,3983.0,675407.0,11303236.0,67633.0,1876328.0,9357932.0,11234260.0,11981283.0,9425565.0,672.0,11982628.0,11982628.0,11981283.0,3982.0,675377.0,11303267.0,68127.0,1876452.0,9357345.0,11233797.0,11981283.0,9425472.0,672.0,11982628.0,11982628.0,11981283.0,3981.0,675347.0,11303298.0,67210.0,1870039.0,9364706.0,11234745.0,11981283.0,9431916.0,672.0,11978295.0,11982618.0,11982618.0,11982637.0,5824.0,11596830.0,79586674.0,580872.0,80167546.0,27.0,27.0,12.0,12.0,12.0,12.0,12.0,12.0,10.0,10.0,10.0,10.0,10.0,10.0,10.0,10.0
128x768x768w42-56-49,11992747.0,11992747.0,11990954.0,3994.0,364.0,11988387.0,86246.0,136931.0,11763419.0,11900350.0,11990954.0,11849665.0,896.0,11992743.0,11992743.0,11990950.0,3993.0,352.0,11988396.0,86595.0,125717.0,11774293.0,11900010.0,11990950.0,11860888.0,896.0,11992742.0,11992742.0,11991397.0,3992.0,677137.0,11311611.0,66968.0,1920357.0,9322943.0,11243300.0,11991397.0,9389911.0,672.0,11992741.0,11992741.0,11991396.0,3991.0,677127.0,11311621.0,67580.0,1892471.0,9350227.0,11242698.0,11991396.0,9417807.0,672.0,11992738.0,11992738.0,11991393.0,3988.0,677134.0,11311614.0,67735.0,1891557.0,9350979.0,11242536.0,11991393.0,9418714.0,672.0,11992737.0,11992737.0,11991392.0,3987.0,677117.0,11311631.0,67038.0,1873990.0,9369260.0,11243250.0,11991392.0,9436298.0,672.0,11992736.0,11992736.0,11991391.0,3986.0,677083.0,11311665.0,66935.0,1879398.0,9363989.0,11243387.0,11991391.0,9430924.0,672.0,11992735.0,11992735.0,11991390.0,3985.0,677076.0,11311672.0,67019.0,1872994.0,9370316.0,11243310.0,11991390.0,9437335.0,672.0,11988396.0,11992732.0,11992732.0,11992751.0,5824.0,11593415.0,79665426.0,576116.0,80241542.0,15.0,15.0,11.0,11.0,10.0,10.0,9.0,9.0,6.0,6.0,5.0,5.0,4.0,4.0,3.0,3.0
128x768x768w42-64-39,13012843.0,13012843.0,13010922.0,4041.0,407.0,13008393.0,92449.0,183815.0,12730210.0,12914025.0,13010922.0,12822659.0,960.0,13012828.0,13012828.0,13010907.0,4040.0,382.0,13008404.0,92066.0,224464.0,12689955.0,12914419.0,13010907.0,12782021.0,960.0,13012828.0,13012828.0,13011387.0,4039.0,692807.0,12315980.0,70631.0,2018282.0,10225628.0,12243910.0,13011387.0,10296259.0,720.0,13012828.0,13012828.0,13011387.0,4038.0,692839.0,12315949.0,69495.0,1939651.0,10305364.0,12245015.0,13011387.0,10374859.0,720.0,13012826.0,13012826.0,13011385.0,4035.0,692772.0,12316017.0,71647.0,1933292.0,10309639.0,12242931.0,13011385.0,10381286.0,720.0,13012826.0,13012826.0,13011385.0,4034.0,692714.0,12316076.0,71139.0,1903165.0,10340333.0,12243498.0,13011385.0,10411472.0,720.0,13012826.0,13012826.0,13011385.0,4033.0,692712.0,12316079.0,72155.0,1910028.0,10332457.0,12242485.0,13011385.0,10404612.0,720.0,13012818.0,13012818.0,13011377.0,4032.0,692718.0,12316066.0,70693.0,1903456.0,10340478.0,12243934.0,13011377.0,10411171.0,720.0,13008404.0,13012816.0,13012816.0,13012835.0,6240.0,12016153.0,87274064.0,610275.0,87884339.0,27.0,27.0,12.0,12.0,12.0,12.0,12.0,12.0,10.0,10.0,10.0,10.0,10.0,10.0,2.0,2.0
128x768x768w42-64-40,13026325.0,13026325.0,13024404.0,4051.0,395.0,13021877.0,92207.0,190533.0,12737218.0,12927751.0,13024404.0,12829425.0,960.0,13026311.0,13026311.0,13024390.0,4050.0,392.0,13021867.0,90548.0,214300.0,12715100.0,12929400.0,13024390.0,12805648.0,960.0,13026311.0,13026311.0,13024870.0,4049.0,692169.0,12330091.0,71181.0,1985332.0,10272139.0,12257471.0,13024870.0,10343320.0,720.0,13026311.0,13026311.0,13024870.0,4048.0,692144.0,12330117.0,68664.0,1942192.0,10317822.0,12260014.0,13024870.0,10386486.0,720.0,13026309.0,13026309.0,13024868.0,4045.0,692103.0,12330159.0,70972.0,1946368.0,10311380.0,12257748.0,13024868.0,10382352.0,720.0,13026309.0,13026309.0,13024868.0,4044.0,692118.0,12330145.0,71112.0,1928534.0,10329060.0,12257594.0,13024868.0,10400172.0,720.0,13026309.0,13026309.0,13024868.0,4043.0,692126.0,12330138.0,71011.0,1931527.0,10326161.0,12257688.0,13024868.0,10397172.0,720.0,13026309.0,13026309.0,13024868.0,4042.0,692152.0,12330113.0,71160.0,1926410.0,10331104.0,12257514.0,13024868.0,10402264.0,720.0,13021877.0,13026299.0,13026299.0,13026318.0,6240.0,12065196.0,87339984.0,606855.0,87946839.0,26.0,26.0,12.0,12.0,12.0,12.0,12.0,12.0,10.0,10.0,10.0,10.0,10.0,10.0,10.0,10.0
128x768x768w42-64-41,12963889.0,12963889.0,12962064.0,4058.0,383.0,12959446.0,88761.0,166902.0,12701960.0,12868862.0,12962064.0,12790721.0,912.0,12963881.0,12963881.0,12962056.0,4057.0,377.0,12959445.0,88185.0,223239.0,12646198.0,12869437.0,12962056.0,12734383.0,912.0,12963880.0,12963880.0,12962511.0,4056.0,692962.0,12266860.0,68249.0,2016207.0,10181037.0,12197244.0,12962511.0,10249286.0,684.0,12963879.0,12963879.0,12962510.0,4055.0,692842.0,12266980.0,67617.0,1902522.0,10295474.0,12197996.0,12962510.0,10363091.0,684.0,12963876.0,12963876.0,12962507.0,4052.0,692888.0,12266934.0,68835.0,1908007.0,10288725.0,12196732.0,12962507.0,10357560.0,684.0,12963875.0,12963875.0,12962506.0,4051.0,692825.0,12266997.0,67652.0,1881956.0,10316022.0,12197978.0,12962506.0,10383674.0,684.0,12963874.0,12963874.0,12962505.0,4050.0,692816.0,12267006.0,68134.0,1889042.0,10308463.0,12197505.0,12962505.0,10376597.0,684.0,12963873.0,12963873.0,12962504.0,4049.0,692821.0,12267001.0,67977.0,1885370.0,10312287.0,12197657.0,12962504.0,10380264.0,684.0,12959446.0,12963870.0,12963870.0,12963889.0,5928.0,11873245.0,87050166.0,585410.0,87635576.0,19.0,19.0,11.0,11.0,10.0,10.0,9.0,9.0,6.0,6.0,5.0,5.0,4.0,4.0,3.0,3.0
128x768x768w42-64-42,12942236.0,12942236.0,12940411.0,4124.0,409.0,12937701.0,89328.0,182025.0,12664525.0,12846550.0,12940411.0,12753853.0,912.0,12942218.0,12942218.0,12940393.0,4123.0,382.0,12937711.0,88670.0,232508.0,12614710.0,12847218.0,12940393.0,12703380.0,912.0,12942219.0,12942219.0,12940850.0,4122.0,685608.0,12252487.0,68925.0,2007691.0,10174504.0,12182195.0,12940850.0,10243429.0,684.0,12942217.0,12942217.0,12940848.0,4121.0,685493.0,12252601.0,68558.0,1909500.0,10273176.0,12182676.0,12940848.0,10341734.0,684.0,12942216.0,12942216.0,12940847.0,4118.0,685469.0,12252627.0,69091.0,1919552.0,10262617.0,12182169.0,12940847.0,10331708.0,684.0,12942216.0,12942216.0,12940847.0,4117.0,685466.0,12252631.0,69949.0,1904111.0,10277204.0,12181315.0,12940847.0,10347153.0,684.0,12942216.0,12942216.0,12940847.0,4116.0,685465.0,12252633.0,68900.0,1908571.0,10273795.0,12182366.0,12940847.0,10342695.0,684.0,12942216.0,12942216.0,12940847.0,4115.0,685461.0,12252638.0,68819.0,1901065.0,10281387.0,12182452.0,12940847.0,10350206.0,684.0,12937711.0,12942214.0,12942214.0,12942233.0,5928.0,11965023.0,86821918.0,592240.0,87414158.0,22.0,22.0,4.0,4.0,5.0,5.0,3.0,3.0,2.0,2.0,2.0,2.0,2.0,2.0,2.0,2.0
128x768x768w42-72-35,12132689.0,12132689.0,12130752.0,4104.0,409.0,12128174.0,93831.0,201243.0,11831165.0,12032408.0,12130752.0,11924996.0,968.0,12132681.0,12132681.0,12130744.0,4103.0,407.0,12128169.0,94113.0,194080.0,11838041.0,12032121.0,12130744.0,11932154.0,968.0,12132680.0,12132680.0,12131227.0,4102.0,697912.0,11430664.0,73626.0,1971943.0,9383644.0,11355587.0,12131227.0,9457270.0,726.0,12132679.0,12132679.0,12131226.0,4101.0,697888.0,11430688.0,72562.0,1946304.0,9410371.0,11356675.0,12131226.0,9482933.0,726.0,12132676.0,12132676.0,12131223.0,4098.0,697887.0,11430689.0,72253.0,1951306.0,9405679.0,11356985.0,12131223.0,9477932.0,726.0,12132675.0,12132675.0,12131222.0,4097.0,697853.0,11430723.0,73816.0,1913186.0,9442270.0,11355456.0,12131222.0,9516086.0,726.0,12132674.0,12132674.0,12131221.0,4096.0,697836.0,11430740.0,73064.0,1927703.0,9428522.0,11356225.0,12131221.0,9501586.0,726.0,12132673.0,12132673.0,12131220.0,4095.0,697843.0,11430733.0,72596.0,1917146.0,9439540.0,11356686.0,12131220.0,9512136.0,726.0,12128174.0,12132670.0,12132670.0,12132689.0,6292.0,12022911.0,80179232.0,625861.0,80805093.0,19.0,19.0,11.0,11.0,10.0,10.0,9.0,9.0,6.0,6.0,5.0,5.0,4.0,4.0,3.0,3.0
128x768x768w42-72-36,12122681.0,12122681.0,12120744.0,4120.0,416.0,12118143.0,93843.0,194747.0,11827618.0,12022365.0,12120744.0,11921461.0,968.0,12122671.0,12122671.0,12120734.0,4119.0,415.0,12118135.0,94328.0,197371.0,11824501.0,12021872.0,12120734.0,11918829.0,968.0,12122670.0,12122670.0,12121217.0,4118.0,695199.0,11423351.0,72726.0,1977613.0,9371561.0,11349174.0,12121217.0,9444287.0,726.0,12122669.0,12122669.0,12121216.0,4117.0,695196.0,11423354.0,71724.0,1960803.0,9389376.0,11350179.0,12121216.0,9461100.0,726.0,12122666.0,12122666.0,12121213.0,4114.0,695208.0,11423342.0,72598.0,1961166.0,9388127.0,11349293.0,12121213.0,9460725.0,726.0,12122665.0,12122665.0,12121212.0,4113.0,695186.0,11423364.0,73597.0,1942520.0,9405796.0,11348316.0,12121212.0,9479393.0,726.0,12122664.0,12122664.0,12121211.0,4112.0,695204.0,11423346.0,72760.0,1947706.0,9401429.0,11349135.0,12121211.0,9474189.0,726.0,12122663.0,12122663.0,12121210.0,4111.0,695189.0,11423361.0,72918.0,1926460.0,9422532.0,11348992.0,12121210.0,9495450.0,726.0,12118143.0,12122660.0,12122660.0,12122679.0,6292.0,12108386.0,80030940.0,624494.0,80655434.0,21.0,21.0,11.0,11.0,10.0,10.0,9.0,9.0,6.0,6.0,5.0,5.0,4.0,4.0,3.0,3.0
128x768x768w43-32-71,12394582.0,12394582.0,12392997.0,4131.0,674.0,12389775.0,78558.0,137859.0,12171775.0,12309634.0,12392997.0,12250333.0,792.0,12394567.0,12394567.0,12392982.0,4130.0,570.0,12389865.0,78526.0,170305.0,12139451.0,12309756.0,12392982.0,12217977.0,792.0,12394567.0,12394567.0,12392982.0,4129.0,2492.0,12387944.0,78973.0,771818.0,11535570.0,12307388.0,12392982.0,11614543.0,792.0,12394567.0,12394567.0,12392982.0,4128.0,2432.0,12388005.0,78614.0,1932831.0,10374977.0,12307808.0,12392982.0,10453591.0,792.0,12394565.0,12394565.0,12392980.0,4125.0,2449.0,12387989.0,78802.0,1948740.0,10358864.0,12307604.0,12392980.0,10437666.0,792.0,12394565.0,12394565.0,12392980.0,4124.0,2432.0,12388007.0,79299.0,1928848.0,10378277.0,12307125.0,12392980.0,10457576.0,792.0,12394565.0,12394565.0,12392980.0,4123.0,2432.0,12388008.0,79411.0,1936016.0,10370998.0,12307014.0,12392980.0,10450409.0,792.0,12394565.0,12394565.0,12392980.0,4122.0,2432.0,12388009.0,79091.0,1929518.0,10377817.0,12307335.0,12392980.0,10456908.0,792.0,12389865.0,12394555.0,12394555.0,12394574.0,6336.0,10755935.0,87707729.0,631274.0,88339003.0,27.0,27.0,12.0,12.0,12.0,12.0,12.0,12.0,10.0,10.0,10.0,10.0,10.0,10.0,10.0,10.0
128x768x768w43-32-72,12411812.0,12411812.0,12410227.0,4136.0,622.0,12407052.0,79031.0,140126.0,12186312.0,12326438.0,12410227.0,12265343.0,792.0,12411797.0,12411797.0,12410212.0,4135.0,565.0,12407095.0,78788.0,159527.0,12167197.0,12326724.0,12410212.0,12245985.0,792.0,12411797.0,12411797.0,12410212.0,4134.0,2151.0,12405510.0,79178.0,767714.0,11557035.0,12324749.0,12410212.0,11636213.0,792.0,12411797.0,12411797.0,12410212.0,4133.0,2101.0,12405561.0,78136.0,1927949.0,10397893.0,12325842.0,12410212.0,10476029.0,792.0,12411795.0,12411795.0,12410210.0,4130.0,2103.0,12405560.0,79162.0,1945154.0,10379661.0,12324815.0,12410210.0,10458823.0,792.0,12411795.0,12411795.0,12410210.0,4129.0,2077.0,12405587.0,79104.0,1925406.0,10399494.0,12324900.0,12410210.0,10478598.0,792.0,12411795.0,12411795.0,12410210.0,4128.0,2087.0,12405578.0,78895.0,1935509.0,10389591.0,12325100.0,12410210.0,10468486.0,792.0,12411795.0,12411795.0,12410210.0,4127.0,2093.0,12405573.0,78765.0,1928952.0,10396273.0,12325225.0,12410210.0,10475038.0,792.0,12407095.0,12411785.0,12411785.0,12411804.0,6336.0,10730337.0,87873456.0,631059.0,88504515.0,27.0,27.0,12.0,12.0,12.0,12.0,12.0,12.0,10.0,10.0,10.0,10.0,10.0,10.0,10.0,10.0
128x768x768w43-32-73,12462324.0,12462324.0,12460739.0,4127.0,581.0,12457614.0,78338.0,139430.0,12238263.0,12377693.0,12460739.0,12316601.0,792.0,12462309.0,12462309.0,12460724.0,4126.0,584.0,12457597.0,78576.0,167284.0,12210154.0,12377438.0,12460724.0,12288730.0,792.0,12462309.0,12462309.0,12460724.0,4125.0,1810.0,12456372.0,79103.0,772132.0,11603554.0,12375686.0,12460724.0,11682657.0,792.0,12462309.0,12462309.0,12460724.0,4124.0,1776.0,12456407.0,78223.0,1932330.0,10444271.0,12376601.0,12460724.0,10522494.0,792.0,12462307.0,12462307.0,12460722.0,4121.0,1822.0,12456362.0,78934.0,1943354.0,10432491.0,12375845.0,12460722.0,10511425.0,792.0,12462307.0,12462307.0,12460722.0,4120.0,1760.0,12456425.0,78694.0,1917915.0,10458233.0,12376148.0,12460722.0,10536927.0,792.0,12462307.0,12462307.0,12460722.0,4119.0,1762.0,12456424.0,79135.0,1926738.0,10448968.0,12375706.0,12460722.0,10528103.0,792.0,12462307.0,12462307.0,12460722.0,4118.0,1777.0,12456410.0,79192.0,1922522.0,10453113.0,12375635.0,12460722.0,10532305.0,792.0,12457614.0,12462297.0,12462297.0,12462316.0,6336.0,10721705.0,88289047.0,630195.0,88919242.0,27.0,27.0,12.0,12.0,12.0,12.0,12.0,12.0,10.0,10.0,10.0,10.0,10.0,10.0,10.0,10.0
128x768x768w43-32-75,12476944.0,12476944.0,12475359.0,4190.0,579.0,12472173.0,79038.0,137750.0,12253802.0,12391552.0,12475359.0,12332840.0,792.0,12476929.0,12476929.0,12475344.0,4189.0,563.0,12472175.0,78706.0,166339.0,12225547.0,12391886.0,12475344.0,12304253.0,792.0,12476929.0,12476929.0,12475344.0,4188.0,1162.0,12471577.0,78995.0,786191.0,11604808.0,12390999.0,12475344.0,11683803.0,792.0,12476929.0,12476929.0,12475344.0,4187.0,1254.0,12471486.0,78067.0,1934458.0,10457378.0,12391836.0,12475344.0,10535445.0,792.0,12476927.0,12476927.0,12475342.0,4184.0,1180.0,12471561.0,78857.0,1949067.0,10442054.0,12391121.0,12475342.0,10520911.0,792.0,12476927.0,12476927.0,12475342.0,4183.0,1143.0,12471599.0,79160.0,1922857.0,10467999.0,12390856.0,12475342.0,10547159.0,792.0,12476927.0,12476927.0,12475342.0,4182.0,1156.0,12471587.0,78722.0,1935723.0,10455559.0,12391282.0,12475342.0,10534281.0,792.0,12476927.0,12476927.0,12475342.0,4181.0,1141.0,12471603.0,79663.0,1931932.0,10458425.0,12390357.0,12475342.0,10538088.0,792.0,12472175.0,12476917.0,12476917.0,12476936.0,6336.0,10764317.0,88365572.0,631208.0,88996780.0,27.0,27.0,12.0,12.0,12.0,12.0,12.0,12.0,10.0,10.0,10.0,10.0,10.0,10.0,10.0,10.0
128x768x768w43-32-76,12382055.0,12382055.0,12380470.0,4195.0,586.0,12377272.0,78815.0,142156.0,12154718.0,12296874.0,12380470.0,12233533.0,792.0,12382040.0,12382040.0,12380455.0,4194.0,602.0,12377242.0,78616.0,158763.0,12138280.0,12297043.0,12380455.0,12216896.0,792.0,12382040.0,12382040.0,12380455.0,4193.0,850.0,12376995.0,79185.0,769941.0,11526286.0,12296227.0,12380455.0,11605471.0,792.0,12382040.0,12382040.0,12380455.0,4192.0,818.0,12377028.0,78289.0,1933754.0,10363402.0,12297156.0,12380455.0,10441691.0,792.0,12382038.0,12382038.0,12380453.0,4189.0,828.0,12377019.0,79511.0,1945711.0,10350214.0,12295925.0,12380453.0,10429725.0,792.0,12382038.0,12382038.0,12380453.0,4188.0,807.0,12377041.0,79180.0,1928288.0,10367990.0,12296278.0,12380453.0,10447170.0,792.0,12382038.0,12382038.0,12380453.0,4187.0,810.0,12377039.0,79344.0,1938851.0,10357261.0,12296112.0,12380453.0,10436605.0,792.0,12382038.0,12382038.0,12380453.0,4186.0,858.0,12376992.0,79638.0,1925316.0,10370455.0,12295771.0,12380453.0,10450093.0,792.0,12377272.0,12382028.0,12382028.0,12382047.0,6336.0,10742780.0,87628606.0,632578.0,88261184.0,27.0,27.0,12.0,12.0,12.0,12.0,12.0,12.0,10.0,10.0,10.0,10.0,10.0,10.0,10.0,10.0
128x768x768w43-32-77,12413029.0,12413029.0,12411588.0,4215.0,596.0,12408216.0,71481.0,125752.0,12209544.0,12335296.0,12411588.0,12281025.0,720.0,12413014.0,12413014.0,12411573.0,4214.0,563.0,12408235.0,71939.0,158713.0,12176144.0,12334857.0,12411573.0,12248083.0,720.0,12413014.0,12413014.0,12411573.0,4213.0,2994.0,12405805.0,71976.0,757749.0,11574641.0,12332390.0,12411573.0,11646617.0,720.0,12413014.0,12413014.0,12411573.0,4212.0,3005.0,12405795.0,71055.0,1921171.0,10412130.0,12333301.0,12411573.0,10483185.0,720.0,12413012.0,12413012.0,12411571.0,4209.0,2996.0,12405805.0,71531.0,1938001.0,10394834.0,12332835.0,12411571.0,10466365.0,720.0,12413012.0,12413012.0,12411571.0,4208.0,2960.0,12405842.0,71853.0,1914162.0,10418388.0,12332550.0,12411571.0,10490241.0,720.0,12413012.0,12413012.0,12411571.0,4207.0,2978.0,12405825.0,71740.0,1928139.0,10404507.0,12332646.0,12411571.0,10476247.0,720.0,12413012.0,12413012.0,12411571.0,4206.0,2978.0,12405826.0,72270.0,1919629.0,10412488.0,12332117.0,12411571.0,10484758.0,720.0,12408235.0,12413002.0,12413002.0,12413021.0,5760.0,10663316.0,88002676.0,573845.0,88576521.0,27.0,27.0,12.0,12.0,12.0,12.0,12.0,12.0,10.0,10.0,10.0,10.0,10.0,10.0,10.0,10.0
128x768x768w43-40-60,11342565.0,11342565.0,11341004.0,4061.0,538.0,11337964.0,78197.0,148230.0,11109978.0,11258208.0,11341004.0,11188175.0,780.0,11342555.0,11342555.0,11340994.0,4061.0,531.0,11337961.0,77359.0,149772.0,11109271.0,11259043.0,11340994.0,11186630.0,780.0,11342554.0,11342554.0,11340993.0,4057.0,927.0,11337568.0,77259.0,756827.0,10501923.0,11258750.0,11340993.0,10579182.0,780.0,11342553.0,11342553.0,11340992.0,4060.0,922.0,11337569.0,77060.0,1949572.0,9309378.0,11258950.0,11340992.0,9386438.0,780.0,11342550.0,11342550.0,11340989.0,4060.0,920.0,11337568.0,78270.0,1946188.0,9311551.0,11257739.0,11340989.0,9389821.0,780.0,11342549.0,11342549.0,11340988.0,4059.0,933.0,11337555.0,77700.0,1932446.0,9325850.0,11258296.0,11340988.0,9403550.0,780.0,11342548.0,11342548.0,11340987.0,4059.0,931.0,11337556.0,77594.0,1938097.0,9320306.0,11258403.0,11340987.0,9397900.0,780.0,11342547.0,11342547.0,11340986.0,4060.0,947.0,11337538.0,77588.0,1928571.0,9329820.0,11258391.0,11340986.0,9407408.0,780.0,11337966.0,11342544.0,11342544.0,11342563.0,6240.0,10749703.0,79318077.0,621027.0,79939104.0,21.0,21.0,11.0,11.0,10.0,10.0,9.0,9.0,6.0,6.0,5.0,5.0,4.0,4.0,3.0,3.0
128x768x768w43-40-61,11346125.0,11346125.0,11344564.0,4056.0,540.0,11341527.0,77972.0,147935.0,11114061.0,11261996.0,11344564.0,11192033.0,780.0,11346115.0,11346115.0,11344554.0,4056.0,530.0,11341527.0,77811.0,148815.0,11113342.0,11262157.0,11344554.0,11191153.0,780.0,11346114.0,11346114.0,11344553.0,4052.0,825.0,11341235.0,77216.0,755503.0,10506957.0,11262460.0,11344553.0,10584173.0,780.0,11346113.0,11346113.0,11344552.0,4055.0,799.0,11341257.0,77432.0,1945798.0,9316468.0,11262266.0,11344552.0,9393900.0,780.0,11346110.0,11346110.0,11344549.0,4056.0,820.0,11341232.0,78225.0,1947056.0,9314392.0,11261448.0,11344549.0,9392617.0,780.0,11346109.0,11346109.0,11344548.0,4055.0,807.0,11341245.0,77767.0,1931293.0,9330626.0,11261919.0,11344548.0,9408393.0,780.0,11346108.0,11346108.0,11344547.0,4054.0,830.0,11341222.0,77699.0,1929410.0,9332554.0,11261964.0,11344547.0,9410253.0,780.0,11346107.0,11346107.0,11344546.0,4054.0,835.0,11341216.0,77662.0,1918542.0,9343453.0,11261995.0,11344546.0,9421115.0,780.0,11341530.0,11346104.0,11346104.0,11346123.0,6240.0,10724352.0,79371853.0,621784.0,79993637.0,21.0,21.0,11.0,11.0,10.0,10.0,9.0,9.0,6.0,6.0,5.0,5.0,4.0,4.0,3.0,3.0
128x768x768w43-40-62,11342030.0,11342030.0,11340469.0,4071.0,536.0,11337421.0,78023.0,148562.0,11109277.0,11257839.0,11340469.0,11187300.0,780.0,11342020.0,11342020.0,11340459.0,4071.0,542.0,11337405.0,77430.0,151128.0,11107288.0,11258416.0,11340459.0,11184718.0,780.0,11342019.0,11342019.0,11340458.0,4067.0,744.0,11337206.0,77743.0,749453.0,10508451.0,11257904.0,11340458.0,10586194.0,780.0,11342018.0,11342018.0,11340457.0,4070.0,755.0,11337191.0,76901.0,1942072.0,9316659.0,11258731.0,11340457.0,9393560.0,780.0,11342015.0,11342015.0,11340454.0,4070.0,736.0,11337207.0,78323.0,1939820.0,9317505.0,11257325.0,11340454.0,9395828.0,780.0,11342014.0,11342014.0,11340453.0,4069.0,730.0,11337213.0,77354.0,1922100.0,9336200.0,11258300.0,11340453.0,9413554.0,780.0,11342013.0,11342013.0,11340452.0,4069.0,719.0,11337223.0,77670.0,1925387.0,9332607.0,11257994.0,11340452.0,9410277.0,780.0,11342012.0,11342012.0,11340451.0,4070.0,731.0,11337209.0,77572.0,1907181.0,9350897.0,11258078.0,11340451.0,9428469.0,780.0,11337423.0,11342009.0,11342009.0,11342028.0,6240.0,10685703.0,79378884.0,621016.0,79999900.0,21.0,21.0,11.0,11.0,10.0,10.0,9.0,9.0,6.0,6.0,5.0,5.0,4.0,4.0,3.0,3.0
128x768x768w43-40-63,11349931.0,11349931.0,11348370.0,4168.0,529.0,11345232.0,77583.0,158820.0,11107270.0,11266090.0,11348370.0,11184853.0,780.0,11349926.0,11349926.0,11348365.0,4167.0,520.0,11345237.0,76358.0,156164.0,11111156.0,11267320.0,11348365.0,11187514.0,780.0,11349925.0,11349925.0,11348364.0,4166.0,628.0,11345129.0,76019.0,759818.0,10507733.0,11267551.0,11348364.0,10583752.0,780.0,11349924.0,11349924.0,11348363.0,4165.0,620.0,11345137.0,75170.0,1941735.0,9326673.0,11268408.0,11348363.0,9401843.0,780.0,11349921.0,11349921.0,11348360.0,4162.0,652.0,11345105.0,77264.0,1945308.0,9320974.0,11266282.0,11348360.0,9398238.0,780.0,11349920.0,11349920.0,11348359.0,4161.0,617.0,11345140.0,76527.0,1921239.0,9345815.0,11267054.0,11348359.0,9422342.0,780.0,11349919.0,11349919.0,11348358.0,4160.0,636.0,11345121.0,77416.0,1926493.0,9339653.0,11266146.0,11348358.0,9417069.0,780.0,11349918.0,11349918.0,11348357.0,4159.0,638.0,11345119.0,77219.0,1904705.0,9361636.0,11266341.0,11348357.0,9438855.0,780.0,11345237.0,11349915.0,11349915.0,11349934.0,6240.0,10714282.0,79420910.0,613556.0,80034466.0,16.0,16.0,11.0,11.0,10.0,10.0,9.0,9.0,6.0,6.0,5.0,5.0,4.0,4.0,3.0,3.0
128x768x768w43-40-64,11275639.0,11275639.0,11274198.0,4044.0,480.0,11271113.0,71372.0,125293.0,11073009.0,11198302.0,11274198.0,11144381.0,720.0,11275629.0,11275629.0,11274188.0,4043.0,495.0,11271089.0,71937.0,122023.0,11075690.0,11197713.0,11274188.0,11147627.0,720.0,11275628.0,11275628.0,11274187.0,4042.0,1010.0,11270574.0,72104.0,723104.0,10473927.0,11197031.0,11274187.0,10546031.0,720.0,11275627.0,11275627.0,11274186.0,4041.0,992.0,11270592.0,70507.0,1905559.0,9293087.0,11198646.0,11274186.0,9363594.0,720.0,11275624.0,11275624.0,11274183.0,4038.0,970.0,11270614.0,71374.0,1906297.0,9291504.0,11197801.0,11274183.0,9362878.0,720.0,11275623.0,11275623.0,11274182.0,4037.0,988.0,11270596.0,71037.0,1890711.0,9307409.0,11198120.0,11274182.0,9378446.0,720.0,11275622.0,11275622.0,11274181.0,4036.0,1002.0,11270582.0,71239.0,1887248.0,9310656.0,11197904.0,11274181.0,9381895.0,720.0,11275621.0,11275621.0,11274180.0,4035.0,1000.0,11270584.0,72002.0,1878293.0,9318850.0,11197143.0,11274180.0,9390852.0,720.0,11271113.0,11275618.0,11275618.0,11275637.0,5760.0,10438528.0,79144132.0,571572.0,79715704.0,21.0,21.0,11.0,11.0,10.0,10.0,9.0,9.0,6.0,6.0,5.0,5.0,4.0,4.0,3.0,3.0
128x768x768w43-40-65,11301689.0,11301689.0,11300248.0,4093.0,539.0,11297055.0,71590.0,137888.0,11086138.0,11224026.0,11300248.0,11157728.0,720.0,11301685.0,11301685.0,11300244.0,4092.0,529.0,11297062.0,71294.0,139403.0,11084926.0,11224329.0,11300244.0,11156220.0,720.0,11301684.0,11301684.0,11300243.0,4091.0,964.0,11296627.0,71048.0,742795.0,10481345.0,11224140.0,11300243.0,10552393.0,720.0,11301683.0,11301683.0,11300242.0,4090.0,952.0,11296639.0,71423.0,1927130.0,9296647.0,11223777.0,11300242.0,9368070.0,720.0,11301680.0,11301680.0,11300239.0,4091.0,948.0,11296639.0,72651.0,1924292.0,9298257.0,11222549.0,11300239.0,9370908.0,720.0,11301679.0,11301679.0,11300238.0,4090.0,973.0,11296614.0,71465.0,1905612.0,9318098.0,11223710.0,11300238.0,9389563.0,720.0,11301678.0,11301678.0,11300237.0,4090.0,960.0,11296626.0,71875.0,1901698.0,9321614.0,11223312.0,11300237.0,9393489.0,720.0,11301677.0,11301677.0,11300236.0,4088.0,970.0,11296617.0,71419.0,1898604.0,9325155.0,11223759.0,11300236.0,9396574.0,720.0,11297062.0,11301674.0,11301674.0,11301693.0,5760.0,10577422.0,79212180.0,572765.0,79784945.0,15.0,15.0,11.0,11.0,10.0,10.0,9.0,9.0,6.0,6.0,5.0,5.0,4.0,4.0,3.0,3.0
128x768x768w43-48-48,11331534.0,11331534.0,11329997.0,3868.0,649.0,11327015.0,76970.0,86122.0,11162388.0,11248510.0,11329997.0,11239358.0,768.0,11331531.0,11331531.0,11329994.0,3867.0,643.0,11327019.0,74158.0,92938.0,11158388.0,11251326.0,11329994.0,11232546.0,768.0,11331530.0,11331530.0,11329993.0,3866.0,3023.0,11324639.0,74341.0,702435.0,10546328.0,11248763.0,11329993.0,10620669.0,768.0,11331529.0,11331529.0,11329992.0,3865.0,2982.0,11324680.0,75269.0,1883297.0,9364579.0,11247876.0,11329992.0,9439848.0,768.0,11331526.0,11331526.0,11329989.0,3862.0,2979.0,11324683.0,77124.0,1877517.0,9368507.0,11246024.0,11329989.0,9445631.0,768.0,11331525.0,11331525.0,11329988.0,3861.0,2968.0,11324694.0,76690.0,1865114.0,9381355.0,11246469.0,11329988.0,9458045.0,768.0,11331524.0,11331524.0,11329987.0,3860.0,2958.0,11324704.0,76992.0,1871885.0,9374292.0,11246177.0,11329987.0,9451284.0,768.0,11331523.0,11331523.0,11329986.0,3859.0,2953.0,11324709.0,78038.0,1850040.0,9395096.0,11245136.0,11329986.0,9473134.0,768.0,11327019.0,11331520.0,11331520.0,11331539.0,6144.0,10229348.0,79750933.0,609582.0,80360515.0,14.0,14.0,11.0,11.0,10.0,10.0,9.0,9.0,6.0,6.0,5.0,5.0,4.0,4.0,3.0,3.0
128x768x768w43-48-49,11356551.0,11356551.0,11355014.0,3937.0,648.0,11351964.0,76555.0,110746.0,11163128.0,11273874.0,11355014.0,11239683.0,768.0,11356539.0,11356539.0,11355002.0,3936.0,631.0,11351970.0,76810.0,106087.0,11167538.0,11273625.0,11355002.0,11244348.0,768.0,11356539.0,11356539.0,11355002.0,3935.0,2276.0,11350326.0,76612.0,719751.0,10552428.0,11272179.0,11355002.0,10629040.0,768.0,11356539.0,11356539.0,11355002.0,3934.0,2270.0,11350333.0,76891.0,1900457.0,9371450.0,11271907.0,11355002.0,9448341.0,768.0,11356537.0,11356537.0,11355000.0,3931.0,2256.0,11350348.0,77425.0,1899980.0,9371408.0,11271388.0,11355000.0,9448833.0,768.0,11356537.0,11356537.0,11355000.0,3930.0,2217.0,11350388.0,77271.0,1885645.0,9385937.0,11271582.0,11355000.0,9463208.0,768.0,11356537.0,11356537.0,11355000.0,3929.0,2236.0,11350370.0,77540.0,1886045.0,9385250.0,11271295.0,11355000.0,9462790.0,768.0,11356537.0,11356537.0,11355000.0,3928.0,2249.0,11350358.0,76365.0,1877451.0,9395007.0,11272458.0,11355000.0,9471372.0,768.0,11351970.0,11356535.0,11356535.0,11356554.0,6144.0,10386162.0,79792146.0,615469.0,80407615.0,16.0,16.0,4.0,4.0,4.0,4.0,4.0,4.0,2.0,2.0,2.0,2.0,2.0,2.0,2.0,2.0
128x768x768w43-48-50,11359851.0,11359851.0,11358314.0,3976.0,642.0,11355231.0,77349.0,102945.0,11173402.0,11276347.0,11358314.0,11250751.0,768.0,11359839.0,11359839.0,11358302.0,3975.0,639.0,11355223.0,76646.0,110459.0,11166583.0,11277042.0,11358302.0,11243229.0,768.0,11359839.0,11359839.0,11358302.0,3974.0,1544.0,11354319.0,77050.0,715310.0,10560424.0,11275734.0,11358302.0,10637474.0,768.0,11359839.0,11359839.0,11358302.0,3973.0,1527.0,11354337.0,76879.0,1901600.0,9374323.0,11275923.0,11358302.0,9451202.0,768.0,11359837.0,11359837.0,11358300.0,3970.0,1502.0,11354363.0,77744.0,1900296.0,9374788.0,11275084.0,11358300.0,9452532.0,768.0,11359837.0,11359837.0,11358300.0,3969.0,1511.0,11354355.0,77575.0,1888293.0,9386952.0,11275245.0,11358300.0,9464527.0,768.0,11359837.0,11359837.0,11358300.0,3968.0,1511.0,11354356.0,77701.0,1893049.0,9382071.0,11275120.0,11358300.0,9459772.0,768.0,11359837.0,11359837.0,11358300.0,3967.0,1559.0,11354309.0,76748.0,1877894.0,9398132.0,11276026.0,11358300.0,9474880.0,768.0,11355231.0,11359835.0,11359835.0,11359854.0,6144.0,10389846.0,79816675.0,617692.0,80434367.0,16.0,16.0,4.0,4.0,4.0,4.0,4.0,4.0,2.0,2.0,2.0,2.0,2.0,2.0,2.0,2.0
128x768x768w43-48-51,11359957.0,11359957.0,11358420.0,3985.0,644.0,11355326.0,77201.0,103923.0,11172667.0,11276590.0,11358420.0,11249868.0,768.0,11359945.0,11359945.0,11358408.0,3984.0,632.0,11355327.0,76138.0,106553.0,11171101.0,11277654.0,11358408.0,11247239.0,768.0,11359945.0,11359945.0,11358408.0,3983.0,853.0,11355107.0,76123.0,718713.0,10558736.0,11277449.0,11358408.0,10634859.0,768.0,11359945.0,11359945.0,11358408.0,3982.0,853.0,11355108.0,76468.0,1899929.0,9377176.0,11277105.0,11358408.0,9453644.0,768.0,11359943.0,11359943.0,11358406.0,3979.0,852.0,11355110.0,77434.0,1900971.0,9375170.0,11276141.0,11358406.0,9452604.0,768.0,11359943.0,11359943.0,11358406.0,3978.0,850.0,11355113.0,77162.0,1884211.0,9392205.0,11276416.0,11358406.0,9469367.0,768.0,11359943.0,11359943.0,11358406.0,3977.0,850.0,11355114.0,77751.0,1886237.0,9389591.0,11275828.0,11358406.0,9467342.0,768.0,11359943.0,11359943.0,11358406.0,3976.0,869.0,11355096.0,76473.0,1876680.0,9400408.0,11277088.0,11358406.0,9476881.0,768.0,11355327.0,11359941.0,11359941.0,11359960.0,6144.0,10377217.0,79837054.0,614750.0,80451804.0,16.0,16.0,4.0,4.0,4.0,4.0,4.0,4.0,2.0,2.0,2.0,2.0,2.0,2.0,2.0,2.0
128x768x768w43-48-52,11353158.0,11353158.0,11351717.0,4022.0,700.0,11348434.0,71658.0,114951.0,11160386.0,11275337.0,11351717.0,11232044.0,720.0,11353153.0,11353153.0,11351712.0,4021.0,671.0,11348459.0,72053.0,118013.0,11156954.0,11274967.0,11351712.0,11229007.0,720.0,11353152.0,11353152.0,11351711.0,4020.0,2650.0,11346480.0,70473.0,725218.0,10549350.0,11274568.0,11351711.0,10619823.0,720.0,11353151.0,11353151.0,11351710.0,4019.0,2665.0,11346465.0,71242.0,1916786.0,9356998.0,11273784.0,11351710.0,9428240.0,720.0,11353148.0,11353148.0,11351707.0,4016.0,2627.0,11346503.0,71380.0,1916627.0,9357057.0,11273684.0,11351707.0,9428437.0,720.0,11353147.0,11353147.0,11351706.0,4015.0,2621.0,11346509.0,71521.0,1906815.0,9366734.0,11273549.0,11351706.0,9438255.0,720.0,11353146.0,11353146.0,11351705.0,4014.0,2622.0,11346508.0,71314.0,1908545.0,9365210.0,11273755.0,11351705.0,9436524.0,720.0,11353145.0,11353145.0,11351704.0,4013.0,2608.0,11346522.0,71321.0,1896686.0,9377076.0,11273762.0,11351704.0,9448397.0,720.0,11348459.0,11353142.0,11353142.0,11353161.0,5760.0,10503641.0,79689765.0,570962.0,80260727.0,16.0,16.0,11.0,11.0,10.0,10.0,9.0,9.0,6.0,6.0,5.0,5.0,4.0,4.0,3.0,3.0
128x768x768w43-48-53,11360734.0,11360734.0,11359293.0,4012.0,668.0,11356052.0,71794.0,116435.0,11166384.0,11282819.0,11359293.0,11238178.0,720.0,11360729.0,11360729.0,11359288.0,4011.0,705.0,11356011.0,71876.0,117034.0,11165662.0,11282696.0,11359288.0,11237538.0,720.0,11360728.0,11360728.0,11359287.0,4010.0,1991.0,11354725.0,71216.0,726499.0,10555571.0,11282070.0,11359287.0,10626787.0,720.0,11360727.0,11360727.0,11359286.0,4009.0,1970.0,11354746.0,71596.0,1915087.0,9366624.0,11281711.0,11359286.0,9438220.0,720.0,11360724.0,11360724.0,11359283.0,4006.0,1956.0,11354760.0,72102.0,1915930.0,9365289.0,11281219.0,11359283.0,9437391.0,720.0,11360723.0,11360723.0,11359282.0,4005.0,1960.0,11354756.0,71494.0,1898829.0,9382994.0,11281823.0,11359282.0,9454488.0,720.0,11360722.0,11360722.0,11359281.0,4004.0,1961.0,11354755.0,71238.0,1907304.0,9374774.0,11282078.0,11359281.0,9446012.0,720.0,11360721.0,11360721.0,11359280.0,4003.0,1928.0,11354788.0,71252.0,1893586.0,9388511.0,11282097.0,11359280.0,9459763.0,720.0,11356052.0,11360718.0,11360718.0,11360737.0,5760.0,10490704.0,79765809.0,572568.0,80338377.0,16.0,16.0,11.0,11.0,10.0,10.0,9.0,9.0,6.0,6.0,5.0,5.0,4.0,4.0,3.0,3.0
128x768x768w43-48-54,11352813.0,11352813.0,11351372.0,4034.0,676.0,11348101.0,72346.0,117517.0,11156799.0,11274316.0,11351372.0,11229145.0,720.0,11352808.0,11352808.0,11351367.0,4033.0,670.0,11348103.0,71708.0,120370.0,11154586.0,11274956.0,11351367.0,11226294.0,720.0,11352807.0,11352807.0,11351366.0,4032.0,1299.0,11347474.0,71474.0,726172.0,10548389.0,11274561.0,11351366.0,10619863.0,720.0,11352806.0,11352806.0,11351365.0,4031.0,1247.0,11347526.0,71687.0,1913724.0,9360676.0,11274400.0,11351365.0,9432363.0,720.0,11352803.0,11352803.0,11351362.0,4028.0,1290.0,11347483.0,72110.0,1914623.0,9359311.0,11273934.0,11351362.0,9431421.0,720.0,11352802.0,11352802.0,11351361.0,4027.0,1294.0,11347479.0,71751.0,1900762.0,9373527.0,11274289.0,11351361.0,9445278.0,720.0,11352801.0,11352801.0,11351360.0,4026.0,1285.0,11347488.0,71230.0,1907464.0,9367355.0,11274819.0,11351360.0,9438585.0,720.0,11352800.0,11352800.0,11351359.0,4025.0,1293.0,11347480.0,71359.0,1889345.0,9385337.0,11274682.0,11351359.0,9456696.0,720.0,11348103.0,11352797.0,11352797.0,11352816.0,5760.0,10489977.0,79705980.0,573665.0,80279645.0,16.0,16.0,11.0,11.0,10.0,10.0,9.0,9.0,6.0,6.0,5.0,5.0,4.0,4.0,3.0,3.0
128x768x768w43-48-55,11358735.0,11358735.0,11357390.0,4105.0,751.0,11353877.0,67188.0,132650.0,11152696.0,11285346.0,11357390.0,11219884.0,672.0,11358725.0,11358725.0,11357380.0,4104.0,714.0,11353905.0,66928.0,130029.0,11155605.0,11285634.0,11357380.0,11222533.0,672.0,11358724.0,11358724.0,11357379.0,4103.0,3372.0,11351247.0,67162.0,741118.0,10541624.0,11282742.0,11357379.0,10608786.0,672.0,11358723.0,11358723.0,11357378.0,4102.0,3317.0,11351302.0,65897.0,1924716.0,9359346.0,11284062.0,11357378.0,9425243.0,672.0,11358720.0,11358720.0,11357375.0,4099.0,3330.0,11351289.0,67610.0,1926877.0,9355459.0,11282336.0,11357375.0,9423069.0,672.0,11358719.0,11358719.0,11357374.0,4098.0,3311.0,11351308.0,67248.0,1911801.0,9370916.0,11282717.0,11357374.0,9438164.0,672.0,11358718.0,11358718.0,11357373.0,4097.0,3312.0,11351307.0,67073.0,1918364.0,9364527.0,11282891.0,11357373.0,9431600.0,672.0,11358717.0,11358717.0,11357372.0,4096.0,3309.0,11351310.0,67118.0,1905907.0,9376942.0,11282849.0,11357372.0,9444060.0,672.0,11353905.0,11358714.0,11358714.0,11358733.0,5376.0,10591462.0,79677115.0,536224.0,80213339.0,21.0,21.0,11.0,11.0,10.0,10.0,9.0,9.0,6.0,6.0,5.0,5.0,4.0,4.0,3.0,3.0
128x768x768w43-48-56,11342483.0,11342483.0,11341138.0,4131.0,710.0,11337640.0,67183.0,130072.0,11139042.0,11269114.0,11341138.0,11206225.0,672.0,11342487.0,11342487.0,11341142.0,4130.0,699.0,11337656.0,66940.0,129422.0,11139951.0,11269373.0,11341142.0,11206891.0,672.0,11342486.0,11342486.0,11341141.0,4129.0,2673.0,11335682.0,67441.0,735612.0,10531286.0,11266898.0,11341141.0,10598727.0,672.0,11342485.0,11342485.0,11341140.0,4128.0,2693.0,11335662.0,65827.0,1928758.0,9339734.0,11268492.0,11341140.0,9405561.0,672.0,11342482.0,11342482.0,11341137.0,4125.0,2679.0,11335676.0,67411.0,1929489.0,9337433.0,11266922.0,11341137.0,9404844.0,672.0,11342481.0,11342481.0,11341136.0,4124.0,2668.0,11335687.0,67230.0,1917802.0,9349312.0,11267114.0,11341136.0,9416542.0,672.0,11342480.0,11342480.0,11341135.0,4123.0,2667.0,11335688.0,67572.0,1922472.0,9344301.0,11266773.0,11341135.0,9411873.0,672.0,11342479.0,11342479.0,11341134.0,4122.0,2650.0,11335705.0,67131.0,1906147.0,9361084.0,11267231.0,11341134.0,9428215.0,672.0,11337656.0,11342476.0,11342476.0,11342495.0,5376.0,10599774.0,79542143.0,536735.0,80078878.0,7.0,7.0,11.0,11.0,10.0,10.0,9.0,9.0,6.0,6.0,5.0,5.0,4.0,4.0,3.0,3.0
128x768x768w43-56-43,11403946.0,11403946.0,11402433.0,4030.0,694.0,11399220.0,76726.0,154825.0,11166158.0,11320983.0,11402433.0,11242884.0,756.0,11403932.0,11403932.0,11402419.0,4029.0,638.0,11399263.0,75389.0,147080.0,11175283.0,11322363.0,11402419.0,11250672.0,756.0,11403932.0,11403932.0,11402419.0,4028.0,2169.0,11397733.0,75261.0,764823.0,10556138.0,11320961.0,11402419.0,10631399.0,756.0,11403932.0,11403932.0,11402419.0,4027.0,2194.0,11397709.0,75695.0,1946450.0,9374053.0,11320503.0,11402419.0,9449748.0,756.0,11403930.0,11403930.0,11402417.0,4024.0,2197.0,11397707.0,75485.0,1951654.0,9369057.0,11320711.0,11402417.0,9444542.0,756.0,11403930.0,11403930.0,11402417.0,4025.0,2117.0,11397786.0,75552.0,1926768.0,9393955.0,11320723.0,11402417.0,9469507.0,756.0,11403930.0,11403930.0,11402417.0,4025.0,2180.0,11397723.0,76035.0,1926212.0,9393965.0,11320177.0,11402417.0,9470000.0,756.0,11403930.0,11403930.0,11402417.0,4025.0,2183.0,11397720.0,76089.0,1910876.0,9409244.0,11320120.0,11402417.0,9485333.0,756.0,11399263.0,11403920.0,11403920.0,11403939.0,6048.0,10728688.0,79837853.0,606232.0,80444085.0,26.0,26.0,12.0,12.0,12.0,12.0,12.0,12.0,10.0,10.0,10.0,10.0,10.0,10.0,10.0,10.0
128x768x768w43-56-44,11400389.0,11400389.0,11398876.0,4038.0,668.0,11395681.0,76718.0,153397.0,11164055.0,11317452.0,11398876.0,11240773.0,756.0,11400388.0,11400388.0,11398875.0,4037.0,639.0,11395710.0,75570.0,145923.0,11172706.0,11318629.0,11398875.0,11248276.0,756.0,11400382.0,11400382.0,11398869.0,4036.0,1512.0,11394832.0,75582.0,764475.0,10553264.0,11317739.0,11398869.0,10628846.0,756.0,11400381.0,11400381.0,11398868.0,4035.0,1506.0,11394838.0,73812.0,1949366.0,9370149.0,11319515.0,11398868.0,9443961.0,756.0,11400378.0,11400378.0,11398865.0,4032.0,1505.0,11394839.0,75431.0,1955843.0,9362054.0,11317897.0,11398865.0,9437485.0,756.0,11400377.0,11400377.0,11398864.0,4031.0,1484.0,11394860.0,75111.0,1937510.0,9380728.0,11318238.0,11398864.0,9455839.0,756.0,11400376.0,11400376.0,11398863.0,4030.0,1487.0,11394857.0,75656.0,1941202.0,9376488.0,11317690.0,11398863.0,9452144.0,756.0,11400375.0,11400375.0,11398862.0,4029.0,1449.0,11394895.0,75869.0,1916671.0,9400844.0,11317515.0,11398862.0,9476713.0,756.0,11395710.0,11400376.0,11400376.0,11400395.0,6048.0,10764387.0,79780288.0,603749.0,80384037.0,13.0,13.0,12.0,12.0,6.0,6.0,5.0,5.0,2.0,2.0,1.0,1.0,0.0,0.0,1.0,1.0
128x768x768w43-56-45,11406459.0,11406459.0,11404946.0,4100.0,640.0,11401717.0,75983.0,145677.0,11178546.0,11324223.0,11404946.0,11254529.0,756.0,11406447.0,11406447.0,11404934.0,4099.0,636.0,11401710.0,75871.0,148180.0,11176148.0,11324328.0,11404934.0,11252019.0,756.0,11406447.0,11406447.0,11404934.0,4098.0,810.0,11401537.0,75319.0,763026.0,10561681.0,11324707.0,11404934.0,10637000.0,756.0,11406447.0,11406447.0,11404934.0,4097.0,820.0,11401528.0,76092.0,1944845.0,9379080.0,11323925.0,11404934.0,9455172.0,756.0,11406445.0,11406445.0,11404932.0,4094.0,820.0,11401529.0,76009.0,1947008.0,9377001.0,11324009.0,11404932.0,9453010.0,756.0,11406445.0,11406445.0,11404932.0,4093.0,820.0,11401530.0,76183.0,1917342.0,9406494.0,11323836.0,11404932.0,9482677.0,756.0,11406437.0,11406437.0,11404924.0,4092.0,820.0,11401523.0,76301.0,1923901.0,9399810.0,11323711.0,11404924.0,9476111.0,756.0,11406444.0,11406444.0,11404931.0,4091.0,836.0,11401515.0,75871.0,1914780.0,9409353.0,11324133.0,11404931.0,9485224.0,756.0,11401717.0,11406435.0,11406435.0,11406454.0,6048.0,10704759.0,79888113.0,607629.0,80495742.0,24.0,24.0,12.0,12.0,12.0,12.0,12.0,12.0,10.0,10.0,10.0,10.0,2.0,2.0,9.0,9.0
128x768x768w43-56-46,11372211.0,11372211.0,11370782.0,4013.0,653.0,11367543.0,71265.0,125606.0,11169245.0,11294851.0,11370782.0,11240510.0,714.0,11372202.0,11372202.0,11370773.0,4012.0,641.0,11367547.0,71348.0,130329.0,11164443.0,11294772.0,11370773.0,11235791.0,714.0,11372201.0,11372201.0,11370772.0,4011.0,1957.0,11366231.0,70467.0,736841.0,10557496.0,11294337.0,11370772.0,10627963.0,714.0,11372200.0,11372200.0,11370771.0,4010.0,1946.0,11366242.0,70747.0,1929822.0,9364246.0,11294068.0,11370771.0,9434993.0,714.0,11372197.0,11372197.0,11370768.0,4010.0,1948.0,11366237.0,71536.0,1926569.0,9366705.0,11293274.0,11370768.0,9438241.0,714.0,11372196.0,11372196.0,11370767.0,4009.0,1893.0,11366292.0,70816.0,1914480.0,9379569.0,11294049.0,11370767.0,9450385.0,714.0,11372195.0,11372195.0,11370766.0,4011.0,1932.0,11366250.0,70704.0,1912782.0,9381337.0,11294119.0,11370766.0,9452041.0,714.0,11372194.0,11372194.0,11370765.0,4008.0,1954.0,11366230.0,71435.0,1904000.0,9389368.0,11293368.0,11370765.0,9460803.0,714.0,11367547.0,11372191.0,11372191.0,11372210.0,5712.0,10580429.0,79772409.0,568318.0,80340727.0,20.0,20.0,11.0,11.0,10.0,10.0,9.0,9.0,6.0,6.0,5.0,5.0,4.0,4.0,3.0,3.0
128x768x768w43-56-47,11366418.0,11366418.0,11364989.0,4017.0,642.0,11361757.0,71713.0,128123.0,11160494.0,11288617.0,11364989.0,11232207.0,714.0,11366404.0,11366404.0,11364975.0,4019.0,646.0,11361737.0,71921.0,126426.0,11161963.0,11288389.0,11364975.0,11233884.0,714.0,11366404.0,11366404.0,11364975.0,4015.0,1341.0,11361046.0,71878.0,733887.0,10553854.0,11287741.0,11364975.0,10625732.0,714.0,11366404.0,11366404.0,11364975.0,4017.0,1306.0,11361079.0,71652.0,1929924.0,9358076.0,11288000.0,11364975.0,9429728.0,714.0,11366402.0,11366402.0,11364973.0,4015.0,1306.0,11361079.0,72156.0,1928415.0,9359081.0,11287496.0,11364973.0,9431237.0,714.0,11366402.0,11366402.0,11364973.0,4015.0,1314.0,11361071.0,71954.0,1906561.0,9381129.0,11287690.0,11364973.0,9453083.0,714.0,11366402.0,11366402.0,11364973.0,4015.0,1311.0,11361074.0,72000.0,1913193.0,9374454.0,11287647.0,11364973.0,9446454.0,714.0,11366402.0,11366402.0,11364973.0,4015.0,1284.0,11361101.0,71921.0,1899863.0,9387890.0,11287753.0,11364973.0,9459811.0,714.0,11361757.0,11366392.0,11366392.0,11366411.0,5712.0,10566392.0,79736941.0,575195.0,80312136.0,26.0,26.0,12.0,12.0,12.0,12.0,12.0,12.0,10.0,10.0,10.0,10.0,10.0,10.0,10.0,10.0
128x768x768w43-56-48,11308885.0,11308885.0,11307540.0,4017.0,643.0,11304223.0,67327.0,98366.0,11137187.0,11235553.0,11307540.0,11204514.0,672.0,11308888.0,11308888.0,11307543.0,4016.0,646.0,11304224.0,67812.0,99526.0,11135543.0,11235069.0,11307543.0,11203355.0,672.0,11308887.0,11308887.0,11307542.0,4015.0,2615.0,11302255.0,67012.0,706658.0,10527242.0,11233900.0,11307542.0,10594254.0,672.0,11308886.0,11308886.0,11307541.0,4014.0,2573.0,11302297.0,67272.0,1889567.0,9344115.0,11233682.0,11307541.0,9411387.0,672.0,11308883.0,11308883.0,11307538.0,4011.0,2609.0,11302261.0,67406.0,1887170.0,9346342.0,11233512.0,11307538.0,9413748.0,672.0,11308882.0,11308882.0,11307537.0,4010.0,2584.0,11302286.0,67370.0,1866380.0,9367193.0,11233573.0,11307537.0,9434563.0,672.0,11308881.0,11308881.0,11307536.0,4009.0,2552.0,11302318.0,66887.0,1872550.0,9361538.0,11234088.0,11307536.0,9428425.0,672.0,11308880.0,11308880.0,11307535.0,4008.0,2583.0,11302287.0,67226.0,1857228.0,9376490.0,11233718.0,11307535.0,9443716.0,672.0,11304224.0,11308877.0,11308877.0,11308896.0,5376.0,10277445.0,79595650.0,538312.0,80133962.0,8.0,8.0,11.0,11.0,10.0,10.0,9.0,9.0,6.0,6.0,5.0,5.0,4.0,4.0,3.0,3.0
128x768x768w43-64-37,12310887.0,12310887.0,12309374.0,4042.0,970.0,12305873.0,75145.0,158489.0,12070728.0,12229217.0,12309374.0,12145873.0,756.0,12310888.0,12310888.0,12309375.0,4041.0,787.0,12306058.0,74972.0,210043.0,12019532.0,12229575.0,12309375.0,12094504.0,756.0,12310887.0,12310887.0,12309374.0,4040.0,2747.0,12304098.0,74532.0,814842.0,11413213.0,12228055.0,12309374.0,11487745.0,756.0,12310886.0,12310886.0,12309373.0,4039.0,2604.0,12304241.0,74270.0,1944548.0,10283912.0,12228460.0,12309373.0,10358182.0,756.0,12310883.0,12310883.0,12309370.0,4036.0,2613.0,12304232.0,74978.0,1954331.0,10273412.0,12227743.0,12309370.0,10348390.0,756.0,12310882.0,12310882.0,12309369.0,4035.0,2561.0,12304284.0,74148.0,1931236.0,10297389.0,12228625.0,12309369.0,10371537.0,756.0,12310881.0,12310881.0,12309368.0,4034.0,2560.0,12304285.0,74487.0,1935460.0,10292827.0,12228287.0,12309368.0,10367314.0,756.0,12310880.0,12310880.0,12309367.0,4033.0,2559.0,12304286.0,74716.0,1931151.0,10296908.0,12228059.0,12309367.0,10371624.0,756.0,12306058.0,12310877.0,12310877.0,12310896.0,6048.0,10880100.0,86947921.0,597248.0,87545169.0,10.0,10.0,11.0,11.0,10.0,10.0,9.0,9.0,6.0,6.0,5.0,5.0,4.0,4.0,3.0,3.0
128x768x768w43-64-38,12323531.0,12323531.0,12322018.0,4072.0,814.0,12318643.0,74872.0,154148.0,12088112.0,12242260.0,12322018.0,12162984.0,756.0,12323517.0,12323517.0,12322004.0,4071.0,798.0,12318646.0,74903.0,230587.0,12011645.0,12242232.0,12322004.0,12086548.0,756.0,12323517.0,12323517.0,12322004.0,4070.0,1313.0,12318132.0,74429.0,833129.0,11409063.0,12242192.0,12322004.0,11483492.0,756.0,12323517.0,12323517.0,12322004.0,4069.0,1279.0,12318167.0,74389.0,1934874.0,10307393.0,12242267.0,12322004.0,10381782.0,756.0,12323515.0,12323515.0,12322002.0,4066.0,1275.0,12318172.0,75143.0,1947580.0,10293938.0,12241518.0,12322002.0,10369081.0,756.0,12323515.0,12323515.0,12322002.0,4065.0,1279.0,12318169.0,74224.0,1916043.0,10326391.0,12242434.0,12322002.0,10400615.0,756.0,12323515.0,12323515.0,12322002.0,4064.0,1273.0,12318176.0,74535.0,1921680.0,10320450.0,12242130.0,12322002.0,10394985.0,756.0,12323507.0,12323507.0,12321994.0,4063.0,1279.0,12318163.0,74343.0,1918545.0,10323764.0,12242309.0,12321994.0,10398107.0,756.0,12318646.0,12323505.0,12323505.0,12323524.0,6048.0,10856586.0,87080756.0,596838.0,87677594.0,26.0,26.0,12.0,12.0,12.0,12.0,12.0,12.0,10.0,10.0,10.0,10.0,10.0,10.0,2.0,2.0
128x768x768w43-64-39,12339320.0,12339320.0,12337879.0,4054.0,1045.0,12334219.0,70421.0,140113.0,12122246.0,12262359.0,12337879.0,12192667.0,720.0,12339311.0,12339311.0,12337870.0,4053.0,787.0,12334469.0,70618.0,177744.0,12084668.0,12262412.0,12337870.0,12155286.0,720.0,12339310.0,12339310.0,12337869.0,4052.0,2618.0,12332638.0,71276.0,787138.0,11472785.0,12259923.0,12337869.0,11544061.0,720.0,12339309.0,12339309.0,12337868.0,4051.0,2529.0,12332727.0,69210.0,1942212.0,10319866.0,12262078.0,12337868.0,10389076.0,720.0,12339306.0,12339306.0,12337865.0,4048.0,2552.0,12332704.0,70786.0,1947143.0,10313336.0,12260479.0,12337865.0,10384122.0,720.0,12339305.0,12339305.0,12337864.0,4047.0,2524.0,12332732.0,71096.0,1925738.0,10334459.0,12260197.0,12337864.0,10405555.0,720.0,12339304.0,12339304.0,12337863.0,4046.0,2526.0,12332730.0,71063.0,1933333.0,10326895.0,12260228.0,12337863.0,10397958.0,720.0,12339303.0,12339303.0,12337862.0,4045.0,2517.0,12332739.0,70875.0,1926639.0,10333786.0,12260425.0,12337862.0,10404661.0,720.0,12334469.0,12339300.0,12339300.0,12339319.0,5760.0,10780060.0,87308041.0,565345.0,87873386.0,20.0,20.0,11.0,11.0,10.0,10.0,9.0,9.0,6.0,6.0,5.0,5.0,4.0,4.0,3.0,3.0
128x768x768w43-64-40,12389770.0,12389770.0,12388329.0,4063.0,804.0,12384901.0,71075.0,138494.0,12173893.0,12312387.0,12388329.0,12244968.0,720.0,12389761.0,12389761.0,12388320.0,4062.0,791.0,12384906.0,71098.0,189925.0,12122444.0,12312369.0,12388320.0,12193542.0,720.0,12389760.0,12389760.0,12388319.0,4061.0,1516.0,12384181.0,71335.0,791796.0,11519611.0,12311407.0,12388319.0,11590946.0,720.0,12389759.0,12389759.0,12388318.0,4060.0,1435.0,12384262.0,69095.0,1937053.0,10376675.0,12313728.0,12388318.0,10445770.0,720.0,12389756.0,12389756.0,12388315.0,4057.0,1373.0,12384324.0,70742.0,1945252.0,10366891.0,12312143.0,12388315.0,10437633.0,720.0,12389755.0,12389755.0,12388314.0,4056.0,1355.0,12384342.0,70636.0,1920143.0,10392124.0,12312267.0,12388314.0,10462760.0,720.0,12389754.0,12389754.0,12388313.0,4055.0,1340.0,12384357.0,71522.0,1928159.0,10383237.0,12311396.0,12388313.0,10454759.0,720.0,12389753.0,12389753.0,12388312.0,4054.0,1344.0,12384353.0,70948.0,1923706.0,10388260.0,12311966.0,12388312.0,10459208.0,720.0,12384906.0,12389750.0,12389750.0,12389769.0,5760.0,10774528.0,87723135.0,566451.0,88289586.0,20.0,20.0,11.0,11.0,10.0,10.0,9.0,9.0,6.0,6.0,5.0,5.0,4.0,4.0,3.0,3.0
128x768x768w43-64-41,12315380.0,12315380.0,12314011.0,4066.0,800.0,12310512.0,69443.0,136251.0,12103451.0,12239702.0,12314011.0,12172894.0,684.0,12315362.0,12315362.0,12313993.0,4065.0,1085.0,12310210.0,69189.0,189434.0,12050220.0,12239654.0,12313993.0,12119409.0,684.0,12315363.0,12315363.0,12313994.0,4064.0,2852.0,12308445.0,69012.0,805634.0,11432432.0,12238066.0,12313994.0,11501444.0,684.0,12315361.0,12315361.0,12313992.0,4063.0,2714.0,12308582.0,68308.0,1920145.0,10318762.0,12238907.0,12313992.0,10387070.0,684.0,12315360.0,12315360.0,12313991.0,4060.0,2713.0,12308585.0,68937.0,1924922.0,10313359.0,12238281.0,12313991.0,10382296.0,684.0,12315360.0,12315360.0,12313991.0,4059.0,2685.0,12308614.0,69343.0,1901475.0,10336429.0,12237904.0,12313991.0,10405772.0,684.0,12315360.0,12315360.0,12313991.0,4058.0,2696.0,12308604.0,68932.0,1904486.0,10333819.0,12238305.0,12313991.0,10402751.0,684.0,12315360.0,12315360.0,12313991.0,4057.0,2706.0,12308595.0,68526.0,1900097.0,10338605.0,12238702.0,12313991.0,10407131.0,684.0,12310512.0,12315358.0,12315358.0,12315377.0,5472.0,10682444.0,87227077.0,551690.0,87778767.0,22.0,22.0,4.0,4.0,5.0,5.0,3.0,3.0,2.0,2.0,2.0,2.0,2.0,2.0,2.0,2.0
128x768x768w43-72-34,11450656.0,11450656.0,11449137.0,4062.0,684.0,11445908.0,77025.0,141940.0,11225426.0,11367366.0,11449137.0,11302451.0,759.0,11450644.0,11450644.0,11449125.0,4061.0,672.0,11445909.0,76564.0,149362.0,11218466.0,11367828.0,11449125.0,11295030.0,759.0,11450644.0,11450644.0,11449125.0,4060.0,1702.0,11444880.0,76880.0,758882.0,10607601.0,11366483.0,11449125.0,10684481.0,759.0,11450644.0,11450644.0,11449125.0,4059.0,1661.0,11444922.0,77155.0,1952098.0,9414152.0,11366250.0,11449125.0,9491307.0,759.0,11450642.0,11450642.0,11449123.0,4056.0,1667.0,11444917.0,77371.0,1951557.0,9414472.0,11366029.0,11449123.0,9491843.0,759.0,11450642.0,11450642.0,11449123.0,4055.0,1659.0,11444926.0,76998.0,1926923.0,9439488.0,11366411.0,11449123.0,9516486.0,759.0,11450642.0,11450642.0,11449123.0,4059.0,1650.0,11444931.0,77608.0,1935754.0,9430052.0,11365806.0,11449123.0,9507660.0,759.0,11450642.0,11450642.0,11449123.0,4056.0,1663.0,11444921.0,77251.0,1918265.0,9447888.0,11366153.0,11449123.0,9525139.0,759.0,11445909.0,11450640.0,11450640.0,11450659.0,6072.0,10734781.0,80197545.0,616852.0,80814397.0,16.0,16.0,4.0,4.0,4.0,4.0,4.0,4.0,2.0,2.0,2.0,2.0,2.0,2.0,2.0,2.0
128x768x768w43-72-35,11432551.0,11432551.0,11431098.0,4038.0,793.0,11427718.0,70840.0,144727.0,11210700.0,11355427.0,11431098.0,11281540.0,726.0,11432542.0,11432542.0,11431089.0,4037.0,759.0,11427744.0,71627.0,137632.0,11217034.0,11354666.0,11431089.0,11288661.0,726.0,11432541.0,11432541.0,11431088.0,4036.0,2386.0,11426117.0,71235.0,753031.0,10600400.0,11353431.0,11431088.0,10671635.0,726.0,11432540.0,11432540.0,11431087.0,4035.0,2384.0,11426119.0,70230.0,1937659.0,9416779.0,11354438.0,11431087.0,9487009.0,726.0,11432537.0,11432537.0,11431084.0,4032.0,2376.0,11426127.0,72135.0,1939043.0,9413498.0,11352541.0,11431084.0,9485633.0,726.0,11432536.0,11432536.0,11431083.0,4031.0,2357.0,11426146.0,71721.0,1906962.0,9446012.0,11352974.0,11431083.0,9517733.0,726.0,11432535.0,11432535.0,11431082.0,4033.0,2373.0,11426127.0,72046.0,1908284.0,9444346.0,11352630.0,11431082.0,9516392.0,726.0,11432534.0,11432534.0,11431081.0,4031.0,2355.0,11426146.0,71619.0,1903995.0,9449081.0,11353076.0,11431081.0,9520700.0,726.0,11427744.0,11432531.0,11432531.0,11432550.0,5808.0,10631333.0,80197850.0,571453.0,80769303.0,20.0,20.0,11.0,11.0,10.0,10.0,9.0,9.0,6.0,6.0,5.0,5.0,4.0,4.0,3.0,3.0
128x768x768w43-80-30,11537086.0,11537086.0,11535525.0,4020.0,704.0,11532360.0,77909.0,151347.0,11301545.0,11452892.0,11535525.0,11379454.0,780.0,11537076.0,11537076.0,11535515.0,4020.0,693.0,11532361.0,77218.0,153126.0,11300458.0,11453584.0,11535515.0,11377676.0,780.0,11537075.0,11537075.0,11535514.0,4016.0,1609.0,11531448.0,77322.0,770511.0,10682056.0,11452567.0,11535514.0,10759378.0,780.0,11537074.0,11537074.0,11535513.0,4019.0,1596.0,11531457.0,77154.0,1954719.0,9498025.0,11452744.0,11535513.0,9575179.0,780.0,11537071.0,11537071.0,11535510.0,4019.0,1578.0,11531472.0,77846.0,1954240.0,9497827.0,11452067.0,11535510.0,9575673.0,780.0,11537070.0,11537070.0,11535509.0,4018.0,1589.0,11531461.0,77359.0,1942920.0,9509623.0,11452543.0,11535509.0,9586982.0,780.0,11537069.0,11537069.0,11535508.0,4019.0,1595.0,11531453.0,77646.0,1939827.0,9512421.0,11452248.0,11535508.0,9590067.0,780.0,11537068.0,11537068.0,11535507.0,4018.0,1622.0,11531426.0,76983.0,1928070.0,9524814.0,11452884.0,11535507.0,9601797.0,780.0,11532364.0,11537065.0,11537065.0,11537084.0,6240.0,10794760.0,80826769.0,619437.0,81446206.0,21.0,21.0,11.0,11.0,10.0,10.0,9.0,9.0,6.0,6.0,5.0,5.0,4.0,4.0,3.0,3.0
128x768x768w44-32-70,11788250.0,11788250.0,11786665.0,4163.0,618.0,11783467.0,77742.0,172078.0,11532064.0,11704142.0,11786665.0,11609806.0,792.0,11788235.0,11788235.0,11786650.0,4162.0,662.0,11783409.0,78039.0,185903.0,11517884.0,11703787.0,11786650.0,11595923.0,792.0,11788235.0,11788235.0,11786650.0,4161.0,676.0,11783396.0,78663.0,184098.0,11519052.0,11703150.0,11786650.0,11597715.0,792.0,11788235.0,11788235.0,11786650.0,4160.0,577.0,11783496.0,78085.0,150945.0,11552883.0,11703828.0,11786650.0,11630968.0,792.0,11788233.0,11788233.0,11786648.0,4157.0,620.0,11783454.0,78553.0,1375247.0,10328071.0,11703318.0,11786648.0,10406624.0,792.0,11788233.0,11788233.0,11786648.0,4156.0,595.0,11783480.0,78579.0,1353339.0,10349979.0,11703318.0,11786648.0,10428558.0,792.0,11788233.0,11788233.0,11786648.0,4155.0,604.0,11783472.0,77134.0,1367497.0,10337258.0,11704755.0,11786648.0,10414392.0,792.0,11788225.0,11788225.0,11786640.0,4154.0,604.0,11783465.0,77683.0,1360226.0,10343973.0,11704199.0,11786640.0,10421656.0,792.0,11783496.0,11788223.0,11788223.0,11788242.0,6336.0,6149333.0,87481164.0,624478.0,88105642.0,27.0,27.0,12.0,12.0,12.0,12.0,12.0,12.0,10.0,10.0,10.0,10.0,10.0,10.0,2.0,2.0
128x768x768w44-32-71,11824689.0,11824689.0,11823104.0,4169.0,631.0,11819887.0,78046.0,158411.0,11581847.0,11740258.0,11823104.0,11659893.0,792.0,11824682.0,11824682.0,11823097.0,4168.0,639.0,11819873.0,78336.0,180677.0,11559277.0,11739954.0,11823097.0,11637613.0,792.0,11824682.0,11824682.0,11823097.0,4167.0,649.0,11819864.0,77874.0,193243.0,11547164.0,11740407.0,11823097.0,11625038.0,792.0,11824682.0,11824682.0,11823097.0,4166.0,669.0,11819845.0,75751.0,154079.0,11588432.0,11742511.0,11823097.0,11664183.0,792.0,11824680.0,11824680.0,11823095.0,4163.0,618.0,11819897.0,77716.0,1377851.0,10362747.0,11740598.0,11823095.0,10440463.0,792.0,11824680.0,11824680.0,11823095.0,4162.0,582.0,11819934.0,77199.0,1364428.0,10376724.0,11741152.0,11823095.0,10453923.0,792.0,11824680.0,11824680.0,11823095.0,4161.0,592.0,11819925.0,78757.0,1371957.0,10367628.0,11739585.0,11823095.0,10446385.0,792.0,11824672.0,11824672.0,11823087.0,4160.0,578.0,11819932.0,77363.0,1362015.0,10378971.0,11740986.0,11823087.0,10456334.0,792.0,11819934.0,11824670.0,11824670.0,11824689.0,6336.0,6162661.0,87762790.0,621042.0,88383832.0,19.0,19.0,12.0,12.0,12.0,12.0,12.0,12.0,10.0,10.0,10.0,10.0,10.0,10.0,2.0,2.0
128x768x768w44-32-72,11871789.0,11871789.0,11870204.0,4179.0,582.0,11867026.0,78332.0,168535.0,11618576.0,11787111.0,11870204.0,11696908.0,792.0,11871777.0,11871777.0,11870192.0,4178.0,578.0,11867019.0,78942.0,187829.0,11598665.0,11786494.0,11870192.0,11677607.0,792.0,11871777.0,11871777.0,11870192.0,4177.0,605.0,11866993.0,78609.0,203377.0,11583424.0,11786801.0,11870192.0,11662033.0,792.0,11871777.0,11871777.0,11870192.0,4176.0,571.0,11867028.0,75963.0,160951.0,11628531.0,11789482.0,11870192.0,11704494.0,792.0,11871775.0,11871775.0,11870190.0,4173.0,614.0,11866986.0,78229.0,1381272.0,10405902.0,11787174.0,11870190.0,10484131.0,792.0,11871775.0,11871775.0,11870190.0,4172.0,587.0,11867014.0,77244.0,1360783.0,10427404.0,11788187.0,11870190.0,10504648.0,792.0,11871775.0,11871775.0,11870190.0,4171.0,573.0,11867029.0,78177.0,1367455.0,10419814.0,11787269.0,11870190.0,10497991.0,792.0,11871767.0,11871767.0,11870182.0,4170.0,595.0,11867000.0,78147.0,1364519.0,10422751.0,11787270.0,11870182.0,10500898.0,792.0,11867029.0,11871765.0,11871765.0,11871784.0,6336.0,6194721.0,88105067.0,623643.0,88728710.0,24.0,24.0,12.0,12.0,12.0,12.0,12.0,12.0,10.0,10.0,10.0,10.0,10.0,10.0,2.0,2.0
128x768x768w44-32-73,11833056.0,11833056.0,11831471.0,4189.0,630.0,11828235.0,78123.0,161381.0,11587148.0,11748529.0,11831471.0,11665271.0,792.0,11833041.0,11833041.0,11831456.0,4188.0,601.0,11828250.0,78096.0,184516.0,11564055.0,11748571.0,11831456.0,11642151.0,792.0,11833041.0,11833041.0,11831456.0,4187.0,676.0,11828176.0,77912.0,190716.0,11557965.0,11748681.0,11831456.0,11635877.0,792.0,11833041.0,11833041.0,11831456.0,4186.0,650.0,11828203.0,74828.0,156779.0,11595013.0,11751792.0,11831456.0,11669841.0,792.0,11833039.0,11833039.0,11831454.0,4183.0,634.0,11828220.0,78189.0,1376691.0,10371757.0,11748448.0,11831454.0,10449946.0,792.0,11833039.0,11833039.0,11831454.0,4182.0,582.0,11828273.0,78241.0,1356674.0,10391775.0,11748449.0,11831454.0,10470016.0,792.0,11833039.0,11833039.0,11831454.0,4181.0,590.0,11828266.0,78842.0,1364535.0,10383306.0,11747841.0,11831454.0,10462148.0,792.0,11833031.0,11833031.0,11831446.0,4180.0,592.0,11828257.0,77942.0,1355608.0,10393124.0,11748732.0,11831446.0,10471066.0,792.0,11828273.0,11833029.0,11833029.0,11833048.0,6336.0,6146900.0,87844143.0,622173.0,88466316.0,27.0,27.0,12.0,12.0,12.0,12.0,12.0,12.0,10.0,10.0,10.0,10.0,10.0,10.0,2.0,2.0
128x768x768w44-40-60,10761181.0,10761181.0,10759620.0,4131.0,527.0,10756521.0,77981.0,175391.0,10501590.0,10676981.0,10759620.0,10579571.0,780.0,10761171.0,10761171.0,10759610.0,4130.0,521.0,10756518.0,77734.0,180341.0,10496884.0,10677225.0,10759610.0,10574618.0,780.0,10761170.0,10761170.0,10759609.0,4129.0,522.0,10756517.0,77268.0,178823.0,10498867.0,10677690.0,10759609.0,10576135.0,780.0,10761169.0,10761169.0,10759608.0,4128.0,517.0,10756522.0,77466.0,160734.0,10516763.0,10677497.0,10759608.0,10594229.0,780.0,10761166.0,10761166.0,10759605.0,4125.0,532.0,10756507.0,78895.0,1374090.0,9301963.0,10676053.0,10759605.0,9380858.0,780.0,10761165.0,10761165.0,10759604.0,4124.0,525.0,10756514.0,77808.0,1360900.0,9316247.0,10677147.0,10759604.0,9394055.0,780.0,10761164.0,10761164.0,10759603.0,4123.0,526.0,10756513.0,78882.0,1362008.0,9314064.0,10676072.0,10759603.0,9392946.0,780.0,10761163.0,10761163.0,10759602.0,4122.0,539.0,10756500.0,79308.0,1353809.0,9321824.0,10675633.0,10759602.0,9401132.0,780.0,10756522.0,10761160.0,10761160.0,10761179.0,6240.0,6146096.0,79268202.0,625342.0,79893544.0,21.0,21.0,11.0,11.0,10.0,10.0,9.0,9.0,6.0,6.0,5.0,5.0,4.0,4.0,3.0,3.0
128x768x768w44-40-61,10758316.0,10758316.0,10756755.0,4142.0,550.0,10753622.0,78063.0,173439.0,10500561.0,10674000.0,10756755.0,10578624.0,780.0,10758306.0,10758306.0,10756745.0,4141.0,539.0,10753624.0,78045.0,173713.0,10500307.0,10674020.0,10756745.0,10578352.0,780.0,10758305.0,10758305.0,10756744.0,4140.0,540.0,10753623.0,77483.0,178826.0,10495755.0,10674581.0,10756744.0,10573238.0,780.0,10758304.0,10758304.0,10756743.0,4139.0,560.0,10753603.0,77936.0,161468.0,10512640.0,10674108.0,10756743.0,10590576.0,780.0,10758301.0,10758301.0,10756740.0,4136.0,550.0,10753613.0,78506.0,1375246.0,9298302.0,10673548.0,10756740.0,9376808.0,780.0,10758300.0,10758300.0,10756739.0,4135.0,542.0,10753621.0,77816.0,1360372.0,9313874.0,10674246.0,10756739.0,9391690.0,780.0,10758299.0,10758299.0,10756738.0,4134.0,513.0,10753650.0,77841.0,1359116.0,9315134.0,10674250.0,10756738.0,9392975.0,780.0,10758298.0,10758298.0,10756737.0,4133.0,544.0,10753619.0,78342.0,1348141.0,9325577.0,10673718.0,10756737.0,9403919.0,780.0,10753650.0,10758295.0,10758295.0,10758314.0,6240.0,6130321.0,79262150.0,624032.0,79886182.0,21.0,21.0,11.0,11.0,10.0,10.0,9.0,9.0,6.0,6.0,5.0,5.0,4.0,4.0,3.0,3.0
128x768x768w44-40-62,10761676.0,10761676.0,10760115.0,4150.0,529.0,10756995.0,77833.0,180280.0,10497323.0,10677603.0,10760115.0,10575156.0,780.0,10761666.0,10761666.0,10760105.0,4149.0,522.0,10756993.0,77203.0,179432.0,10498799.0,10678231.0,10760105.0,10576002.0,780.0,10761665.0,10761665.0,10760104.0,4148.0,524.0,10756991.0,77511.0,179884.0,10498037.0,10677921.0,10760104.0,10575548.0,780.0,10761664.0,10761664.0,10760103.0,4147.0,518.0,10756997.0,77792.0,160750.0,10516896.0,10677646.0,10760103.0,10594688.0,780.0,10761661.0,10761661.0,10760100.0,4144.0,536.0,10756979.0,79111.0,1373325.0,9302984.0,10676309.0,10760100.0,9382095.0,780.0,10761660.0,10761660.0,10760099.0,4143.0,526.0,10756989.0,78065.0,1353674.0,9323691.0,10677365.0,10760099.0,9401756.0,780.0,10761659.0,10761659.0,10760098.0,4142.0,525.0,10756990.0,79227.0,1361269.0,9314935.0,10676204.0,10760098.0,9394162.0,780.0,10761658.0,10761658.0,10760097.0,4141.0,545.0,10756970.0,79185.0,1348397.0,9327829.0,10676226.0,10760097.0,9407014.0,780.0,10756997.0,10761655.0,10761655.0,10761674.0,6240.0,6137011.0,79280494.0,625927.0,79906421.0,21.0,21.0,11.0,11.0,10.0,10.0,9.0,9.0,6.0,6.0,5.0,5.0,4.0,4.0,3.0,3.0
128x768x768w44-40-63,10769719.0,10769719.0,10768158.0,4137.0,546.0,10765034.0,77989.0,178312.0,10507174.0,10685486.0,10768158.0,10585163.0,780.0,10769709.0,10769709.0,10768148.0,4136.0,534.0,10765037.0,77602.0,179687.0,10506189.0,10685876.0,10768148.0,10583791.0,780.0,10769708.0,10769708.0,10768147.0,4135.0,535.0,10765036.0,77385.0,178935.0,10507157.0,10686092.0,10768147.0,10584542.0,780.0,10769707.0,10769707.0,10768146.0,4134.0,526.0,10765045.0,76864.0,157744.0,10528878.0,10686622.0,10768146.0,10605742.0,780.0,10769704.0,10769704.0,10768143.0,4131.0,528.0,10765043.0,77725.0,1370979.0,9314780.0,10685759.0,10768143.0,9392505.0,780.0,10769703.0,10769703.0,10768142.0,4130.0,532.0,10765039.0,77688.0,1347493.0,9338299.0,10685792.0,10768142.0,9415987.0,780.0,10769702.0,10769702.0,10768141.0,4129.0,538.0,10765033.0,78213.0,1352308.0,9332953.0,10685261.0,10768141.0,9411166.0,780.0,10769701.0,10769701.0,10768140.0,4128.0,539.0,10765032.0,77553.0,1333730.0,9352190.0,10685920.0,10768140.0,9429743.0,780.0,10765045.0,10769698.0,10769698.0,10769717.0,6240.0,6099188.0,79387620.0,621019.0,80008639.0,21.0,21.0,11.0,11.0,10.0,10.0,9.0,9.0,6.0,6.0,5.0,5.0,4.0,4.0,3.0,3.0
128x768x768w44-40-64,10706567.0,10706567.0,10705126.0,4076.0,500.0,10701989.0,73528.0,151806.0,10475216.0,10627022.0,10705126.0,10548744.0,720.0,10706564.0,10706564.0,10705123.0,4075.0,502.0,10701985.0,73487.0,153683.0,10473376.0,10627059.0,10705123.0,10546863.0,720.0,10706563.0,10706563.0,10705122.0,4074.0,500.0,10701987.0,72874.0,153695.0,10473979.0,10627674.0,10705122.0,10546853.0,720.0,10706562.0,10706562.0,10705121.0,4073.0,473.0,10702014.0,72778.0,129769.0,10498028.0,10627797.0,10705121.0,10570806.0,720.0,10706559.0,10706559.0,10705118.0,4073.0,487.0,10701997.0,72371.0,1343242.0,9284945.0,10628187.0,10705118.0,9357316.0,720.0,10706558.0,10706558.0,10705117.0,4072.0,482.0,10702002.0,72340.0,1326981.0,9301242.0,10628223.0,10705117.0,9373582.0,720.0,10706557.0,10706557.0,10705116.0,4072.0,483.0,10702000.0,72790.0,1321256.0,9306515.0,10627771.0,10705116.0,9379305.0,720.0,10706556.0,10706556.0,10705115.0,4072.0,517.0,10701965.0,72104.0,1314182.0,9314240.0,10628422.0,10705115.0,9386344.0,720.0,10702014.0,10706553.0,10706553.0,10706572.0,5760.0,5894614.0,79127541.0,582272.0,79709813.0,14.0,14.0,11.0,11.0,10.0,10.0,9.0,9.0,6.0,6.0,5.0,5.0,4.0,4.0,3.0,3.0
128x768x768w44-48-48,10768326.0,10768326.0,10766789.0,3890.0,673.0,10763761.0,76807.0,120096.0,10565323.0,10685419.0,10766789.0,10642130.0,768.0,10768316.0,10768316.0,10766779.0,3889.0,696.0,10763729.0,76045.0,118396.0,10567753.0,10686149.0,10766779.0,10643798.0,768.0,10768315.0,10768315.0,10766778.0,3888.0,724.0,10763701.0,76556.0,117653.0,10567957.0,10685610.0,10766778.0,10644513.0,768.0,10768314.0,10768314.0,10766777.0,3887.0,662.0,10763763.0,74178.0,95490.0,10592560.0,10688050.0,10766777.0,10666738.0,768.0,10768311.0,10768311.0,10766774.0,3884.0,655.0,10763770.0,75409.0,1311325.0,9375501.0,10686826.0,10766774.0,9450910.0,768.0,10768310.0,10768310.0,10766773.0,3883.0,632.0,10763793.0,77265.0,1291708.0,9393285.0,10684993.0,10766773.0,9470550.0,768.0,10768309.0,10768309.0,10766772.0,3882.0,634.0,10763791.0,77042.0,1293859.0,9391355.0,10685214.0,10766772.0,9468397.0,768.0,10768308.0,10768308.0,10766771.0,3881.0,618.0,10763807.0,74735.0,1274849.0,9412688.0,10687537.0,10766771.0,9487423.0,768.0,10763807.0,10768305.0,10768305.0,10768324.0,6144.0,5623376.0,79866422.0,608037.0,80474459.0,21.0,21.0,11.0,11.0,10.0,10.0,9.0,9.0,6.0,6.0,5.0,5.0,4.0,4.0,3.0,3.0
128x768x768w44-48-49,10785289.0,10785289.0,10783752.0,3939.0,685.0,10780663.0,73845.0,133865.0,10571418.0,10705283.0,10783752.0,10645263.0,768.0,10785278.0,10785278.0,10783741.0,3938.0,697.0,10780641.0,75009.0,132679.0,10571418.0,10704097.0,10783741.0,10646427.0,768.0,10785278.0,10785278.0,10783741.0,3937.0,674.0,10780665.0,74625.0,139963.0,10564542.0,10704505.0,10783741.0,10639167.0,768.0,10785278.0,10785278.0,10783741.0,3936.0,658.0,10780682.0,73743.0,114664.0,10590740.0,10705404.0,10783741.0,10664483.0,768.0,10785276.0,10785276.0,10783739.0,3933.0,655.0,10780686.0,76221.0,1330245.0,9372685.0,10702930.0,10783739.0,9448906.0,768.0,10785276.0,10785276.0,10783739.0,3932.0,631.0,10780711.0,76714.0,1312113.0,9390349.0,10702462.0,10783739.0,9467063.0,768.0,10785276.0,10785276.0,10783739.0,3931.0,634.0,10780709.0,77478.0,1315498.0,9386198.0,10701696.0,10783739.0,9463676.0,768.0,10785268.0,10785268.0,10783731.0,3930.0,611.0,10780725.0,78095.0,1304019.0,9397076.0,10701095.0,10783731.0,9475171.0,768.0,10780725.0,10785266.0,10785266.0,10785285.0,6144.0,5783046.0,79844426.0,605730.0,80450156.0,23.0,23.0,12.0,12.0,12.0,12.0,12.0,12.0,10.0,10.0,10.0,10.0,10.0,10.0,2.0,2.0
128x768x768w44-48-50,10777289.0,10777289.0,10775752.0,4002.0,632.0,10772653.0,73376.0,115759.0,10581983.0,10697742.0,10775752.0,10655359.0,768.0,10777288.0,10777288.0,10775751.0,4001.0,645.0,10772640.0,74486.0,121949.0,10574670.0,10696619.0,10775751.0,10649156.0,768.0,10777283.0,10777283.0,10775746.0,4000.0,640.0,10772641.0,75148.0,125662.0,10570296.0,10695958.0,10775746.0,10645444.0,768.0,10777282.0,10777282.0,10775745.0,3999.0,623.0,10772658.0,75251.0,109475.0,10586397.0,10695872.0,10775745.0,10661648.0,768.0,10777279.0,10777279.0,10775742.0,3996.0,621.0,10772660.0,76702.0,1329605.0,9364818.0,10694423.0,10775742.0,9441520.0,768.0,10777278.0,10777278.0,10775741.0,3995.0,614.0,10772667.0,76920.0,1314976.0,9379236.0,10694212.0,10775741.0,9456156.0,768.0,10777277.0,10777277.0,10775740.0,3994.0,615.0,10772666.0,77733.0,1322387.0,9371011.0,10693398.0,10775740.0,9448744.0,768.0,10777278.0,10777278.0,10775741.0,3993.0,601.0,10772682.0,78569.0,1306957.0,9385621.0,10692578.0,10775741.0,9464190.0,768.0,10772682.0,10777276.0,10777276.0,10777295.0,6144.0,5746770.0,79814032.0,608185.0,80422217.0,13.0,13.0,12.0,12.0,7.0,7.0,6.0,6.0,3.0,3.0,2.0,2.0,1.0,1.0,2.0,2.0
128x768x768w44-48-51,10778477.0,10778477.0,10776940.0,3990.0,652.0,10773833.0,72947.0,127485.0,10571866.0,10699351.0,10776940.0,10644813.0,768.0,10778462.0,10778462.0,10776925.0,3989.0,637.0,10773834.0,74411.0,123449.0,10574439.0,10697888.0,10776925.0,10648850.0,768.0,10778462.0,10778462.0,10776925.0,3988.0,637.0,10773835.0,75309.0,125693.0,10571298.0,10696991.0,10776925.0,10646607.0,768.0,10778462.0,10778462.0,10776925.0,3987.0,637.0,10773836.0,74651.0,111785.0,10585865.0,10697650.0,10776925.0,10660516.0,768.0,10778460.0,10778460.0,10776923.0,3984.0,628.0,10773846.0,76565.0,1323445.0,9372301.0,10695746.0,10776923.0,9448866.0,768.0,10778460.0,10778460.0,10776923.0,3983.0,628.0,10773847.0,76680.0,1316720.0,9378912.0,10695632.0,10776923.0,9455592.0,768.0,10778460.0,10778460.0,10776923.0,3982.0,628.0,10773848.0,77649.0,1316078.0,9378586.0,10694664.0,10776923.0,9456235.0,768.0,10778452.0,10778452.0,10776915.0,3981.0,620.0,10773849.0,78048.0,1305898.0,9388368.0,10694266.0,10776915.0,9466416.0,768.0,10773849.0,10778450.0,10778450.0,10778469.0,6144.0,5750553.0,79821635.0,606260.0,80427895.0,27.0,27.0,12.0,12.0,12.0,12.0,12.0,12.0,10.0,10.0,10.0,10.0,10.0,10.0,2.0,2.0
128x768x768w44-48-52,10778042.0,10778042.0,10776601.0,4039.0,708.0,10773293.0,71359.0,135861.0,10564634.0,10700495.0,10776601.0,10635993.0,720.0,10778028.0,10778028.0,10776587.0,4038.0,713.0,10773275.0,70358.0,142953.0,10558525.0,10701478.0,10776587.0,10628883.0,720.0,10778028.0,10778028.0,10776587.0,4037.0,698.0,10773291.0,70415.0,144134.0,10557303.0,10701437.0,10776587.0,10627718.0,720.0,10778028.0,10778028.0,10776587.0,4036.0,672.0,10773318.0,70912.0,125111.0,10575856.0,10700967.0,10776587.0,10646768.0,720.0,10778026.0,10778026.0,10776585.0,4033.0,691.0,10773300.0,71494.0,1339477.0,9360890.0,10700367.0,10776585.0,9432384.0,720.0,10778026.0,10778026.0,10776585.0,4032.0,696.0,10773296.0,70340.0,1329428.0,9372089.0,10701517.0,10776585.0,9442429.0,720.0,10778026.0,10778026.0,10776585.0,4031.0,682.0,10773311.0,71020.0,1330505.0,9370347.0,10700852.0,10776585.0,9441367.0,720.0,10778018.0,10778018.0,10776577.0,4030.0,640.0,10773346.0,70750.0,1321369.0,9379788.0,10701157.0,10776577.0,9450538.0,720.0,10773346.0,10778016.0,10778016.0,10778035.0,5760.0,5868838.0,79739432.0,566648.0,80306080.0,26.0,26.0,12.0,12.0,12.0,12.0,12.0,12.0,10.0,10.0,10.0,10.0,10.0,10.0,2.0,2.0
128x768x768w44-48-53,10786751.0,10786751.0,10785310.0,4053.0,689.0,10782007.0,71215.0,140954.0,10568399.0,10709353.0,10785310.0,10639614.0,720.0,10786737.0,10786737.0,10785296.0,4052.0,703.0,10781980.0,70726.0,143814.0,10566001.0,10709815.0,10785296.0,10636727.0,720.0,10786737.0,10786737.0,10785296.0,4051.0,694.0,10781990.0,70677.0,147134.0,10562740.0,10709874.0,10785296.0,10633417.0,720.0,10786737.0,10786737.0,10785296.0,4050.0,659.0,10782026.0,70874.0,124190.0,10585523.0,10709713.0,10785296.0,10656397.0,720.0,10786735.0,10786735.0,10785294.0,4047.0,656.0,10782030.0,71549.0,1340408.0,9368634.0,10709042.0,10785294.0,9440183.0,720.0,10786735.0,10786735.0,10785294.0,4046.0,667.0,10782020.0,71196.0,1328198.0,9381187.0,10709385.0,10785294.0,9452383.0,720.0,10786735.0,10786735.0,10785294.0,4045.0,669.0,10782019.0,70867.0,1331121.0,9378592.0,10709713.0,10785294.0,9449459.0,720.0,10786727.0,10786727.0,10785286.0,4044.0,644.0,10782037.0,70855.0,1320833.0,9388910.0,10709743.0,10785286.0,9459765.0,720.0,10782037.0,10786725.0,10786725.0,10786744.0,5760.0,5876652.0,79799986.0,567959.0,80367945.0,26.0,26.0,12.0,12.0,12.0,12.0,12.0,12.0,10.0,10.0,10.0,10.0,10.0,10.0,2.0,2.0
128x768x768w44-48-54,10772265.0,10772265.0,10770824.0,4078.0,695.0,10767490.0,71305.0,138101.0,10556645.0,10694746.0,10770824.0,10627950.0,720.0,10772251.0,10772251.0,10770810.0,4077.0,691.0,10767481.0,70960.0,138876.0,10556206.0,10695082.0,10770810.0,10627166.0,720.0,10772251.0,10772251.0,10770810.0,4076.0,707.0,10767466.0,70910.0,147093.0,10548024.0,10695117.0,10770810.0,10618934.0,720.0,10772251.0,10772251.0,10770810.0,4075.0,703.0,10767471.0,71313.0,123929.0,10570790.0,10694719.0,10770810.0,10642103.0,720.0,10772249.0,10772249.0,10770808.0,4072.0,703.0,10767472.0,71157.0,1343371.0,9351505.0,10694876.0,10770808.0,9422662.0,720.0,10772249.0,10772249.0,10770808.0,4071.0,713.0,10767463.0,70748.0,1331371.0,9363905.0,10695276.0,10770808.0,9434653.0,720.0,10772249.0,10772249.0,10770808.0,4070.0,699.0,10767478.0,71203.0,1337121.0,9357715.0,10694836.0,10770808.0,9428918.0,720.0,10772241.0,10772241.0,10770800.0,4069.0,642.0,10767528.0,71118.0,1322295.0,9372676.0,10694971.0,10770800.0,9443794.0,720.0,10767528.0,10772239.0,10772239.0,10772258.0,5760.0,5882157.0,79677466.0,568714.0,80246180.0,26.0,26.0,12.0,12.0,12.0,12.0,12.0,12.0,10.0,10.0,10.0,10.0,10.0,10.0,2.0,2.0
128x768x768w44-56-43,10822022.0,10822022.0,10820509.0,4101.0,779.0,10817140.0,74641.0,174878.0,10566110.0,10740988.0,10820509.0,10640751.0,756.0,10822007.0,10822007.0,10820494.0,4100.0,745.0,10817160.0,74850.0,174029.0,10566770.0,10740799.0,10820494.0,10641620.0,756.0,10822007.0,10822007.0,10820494.0,4099.0,767.0,10817139.0,74834.0,178171.0,10562623.0,10740794.0,10820494.0,10637457.0,756.0,10822007.0,10822007.0,10820494.0,4098.0,742.0,10817165.0,72275.0,151548.0,10591831.0,10743379.0,10820494.0,10664106.0,756.0,10822005.0,10822005.0,10820492.0,4095.0,734.0,10817174.0,75171.0,1376480.0,9364012.0,10740492.0,10820492.0,9439183.0,756.0,10822005.0,10822005.0,10820492.0,4094.0,655.0,10817254.0,74853.0,1355928.0,9384962.0,10740890.0,10820492.0,9459815.0,756.0,10822005.0,10822005.0,10820492.0,4093.0,754.0,10817156.0,74402.0,1365867.0,9375376.0,10741243.0,10820492.0,9449778.0,756.0,10822005.0,10822005.0,10820492.0,4092.0,756.0,10817155.0,74468.0,1349410.0,9391766.0,10741176.0,10820492.0,9466234.0,756.0,10817254.0,10821995.0,10821995.0,10822014.0,6048.0,6126311.0,79803450.0,595494.0,80398944.0,27.0,27.0,12.0,12.0,12.0,12.0,12.0,12.0,10.0,10.0,10.0,10.0,10.0,10.0,10.0,10.0
128x768x768w44-56-44,10817566.0,10817566.0,10816053.0,4105.0,651.0,10812808.0,75237.0,166930.0,10569130.0,10736060.0,10816053.0,10644367.0,756.0,10817554.0,10817554.0,10816041.0,4104.0,643.0,10812805.0,74912.0,175981.0,10560401.0,10736382.0,10816041.0,10635313.0,756.0,10817554.0,10817554.0,10816041.0,4103.0,646.0,10812803.0,76391.0,172933.0,10561968.0,10734901.0,10816041.0,10638359.0,756.0,10817554.0,10817554.0,10816041.0,4102.0,636.0,10812814.0,76741.0,152932.0,10581630.0,10734562.0,10816041.0,10658371.0,756.0,10817552.0,10817552.0,10816039.0,4099.0,636.0,10812815.0,76022.0,1374743.0,9360539.0,10735282.0,10816039.0,9436561.0,756.0,10817552.0,10817552.0,10816039.0,4098.0,651.0,10812801.0,76341.0,1354719.0,9380230.0,10734949.0,10816039.0,9456571.0,756.0,10817544.0,10817544.0,10816031.0,4097.0,646.0,10812799.0,76687.0,1355363.0,9379238.0,10734601.0,10816031.0,9455925.0,756.0,10817551.0,10817551.0,10816038.0,4096.0,646.0,10812807.0,75890.0,1346842.0,9388564.0,10735406.0,10816038.0,9464454.0,756.0,10812815.0,10817542.0,10817542.0,10817561.0,6048.0,6100443.0,79781700.0,608221.0,80389921.0,24.0,24.0,12.0,12.0,12.0,12.0,12.0,12.0,10.0,10.0,10.0,10.0,2.0,2.0,9.0,9.0
128x768x768w44-56-45,10827580.0,10827580.0,10826067.0,4119.0,668.0,10822791.0,75045.0,177397.0,10568838.0,10746235.0,10826067.0,10643883.0,756.0,10827571.0,10827571.0,10826058.0,4118.0,659.0,10822792.0,74795.0,177987.0,10568499.0,10746486.0,10826058.0,10643294.0,756.0,10827570.0,10827570.0,10826057.0,4117.0,658.0,10822793.0,74449.0,183677.0,10563156.0,10746833.0,10826057.0,10637605.0,756.0,10827569.0,10827569.0,10826056.0,4116.0,649.0,10822802.0,73921.0,155199.0,10592171.0,10747370.0,10826056.0,10666092.0,756.0,10827566.0,10827566.0,10826053.0,4113.0,666.0,10822785.0,75304.0,1379147.0,9366823.0,10745970.0,10826053.0,9442127.0,756.0,10827565.0,10827565.0,10826052.0,4112.0,665.0,10822786.0,74812.0,1363238.0,9383225.0,10746463.0,10826052.0,9458037.0,756.0,10827564.0,10827564.0,10826051.0,4111.0,661.0,10822790.0,74265.0,1362263.0,9384751.0,10747014.0,10826051.0,9459016.0,756.0,10827563.0,10827563.0,10826050.0,4110.0,670.0,10822781.0,75036.0,1344923.0,9401311.0,10746234.0,10826050.0,9476347.0,756.0,10822802.0,10827560.0,10827560.0,10827579.0,6048.0,6143831.0,79828774.0,597627.0,80426401.0,20.0,20.0,11.0,11.0,10.0,10.0,9.0,9.0,6.0,6.0,5.0,5.0,4.0,4.0,3.0,3.0
128x768x768w44-56-46,10797182.0,10797182.0,10795753.0,4119.0,678.0,10792383.0,71055.0,159161.0,10560740.0,10719901.0,10795753.0,10631795.0,714.0,10797186.0,10797186.0,10795757.0,4118.0,681.0,10792385.0,70864.0,162064.0,10558030.0,10720094.0,10795757.0,10628894.0,714.0,10797185.0,10797185.0,10795756.0,4117.0,727.0,10792339.0,69472.0,166209.0,10555231.0,10721440.0,10795756.0,10624703.0,714.0,10797184.0,10797184.0,10795755.0,4116.0,634.0,10792432.0,69953.0,141590.0,10579462.0,10721052.0,10795755.0,10649415.0,714.0,10797181.0,10797181.0,10795752.0,4113.0,667.0,10792399.0,70509.0,1365010.0,9355453.0,10720463.0,10795752.0,9425962.0,714.0,10797180.0,10797180.0,10795751.0,4112.0,625.0,10792441.0,70031.0,1342228.0,9378755.0,10720983.0,10795751.0,9448786.0,714.0,10797179.0,10797179.0,10795750.0,4111.0,656.0,10792410.0,70484.0,1349248.0,9371251.0,10720499.0,10795750.0,9441735.0,714.0,10797178.0,10797178.0,10795749.0,4110.0,687.0,10792379.0,70630.0,1327129.0,9393193.0,10720322.0,10795749.0,9463823.0,714.0,10792441.0,10797175.0,10797175.0,10797194.0,5712.0,6012639.0,79752115.0,562998.0,80315113.0,7.0,7.0,11.0,11.0,10.0,10.0,9.0,9.0,6.0,6.0,5.0,5.0,4.0,4.0,3.0,3.0
128x768x768w44-56-47,10791526.0,10791526.0,10790097.0,4104.0,665.0,10786755.0,71456.0,154026.0,10559846.0,10713872.0,10790097.0,10631302.0,714.0,10791513.0,10791513.0,10790084.0,4103.0,652.0,10786756.0,71976.0,157423.0,10555930.0,10713353.0,10790084.0,10627906.0,714.0,10791513.0,10791513.0,10790084.0,4102.0,666.0,10786743.0,71977.0,161011.0,10552328.0,10713339.0,10790084.0,10624305.0,714.0,10791513.0,10791513.0,10790084.0,4101.0,644.0,10786766.0,71611.0,137894.0,10575834.0,10713728.0,10790084.0,10647445.0,714.0,10791511.0,10791511.0,10790082.0,4098.0,642.0,10786769.0,71956.0,1354651.0,9358735.0,10713386.0,10790082.0,9430691.0,714.0,10791511.0,10791511.0,10790082.0,4097.0,628.0,10786784.0,71865.0,1336007.0,9377485.0,10713492.0,10790082.0,9449350.0,714.0,10791511.0,10791511.0,10790082.0,4096.0,627.0,10786786.0,72051.0,1343718.0,9369590.0,10713308.0,10790082.0,9441641.0,714.0,10791511.0,10791511.0,10790082.0,4095.0,609.0,10786805.0,72215.0,1332948.0,9380215.0,10713163.0,10790082.0,9452430.0,714.0,10786805.0,10791509.0,10791509.0,10791528.0,5712.0,5977678.0,79729963.0,575107.0,80305070.0,17.0,17.0,4.0,4.0,4.0,4.0,4.0,4.0,2.0,2.0,2.0,2.0,2.0,2.0,2.0,2.0
128x768x768w44-64-37,11724831.0,11724831.0,11723318.0,4068.0,878.0,11719883.0,75327.0,205009.0,11438036.0,11643045.0,11723318.0,11513363.0,756.0,11724815.0,11724815.0,11723302.0,4067.0,1166.0,11719580.0,74409.0,265381.0,11378279.0,11643660.0,11723302.0,11452688.0,756.0,11724815.0,11724815.0,11723302.0,4066.0,923.0,11719824.0,74802.0,274737.0,11368774.0,11643511.0,11723302.0,11443576.0,756.0,11724815.0,11724815.0,11723302.0,4065.0,864.0,11719884.0,74259.0,150624.0,11493490.0,11644114.0,11723302.0,11567749.0,756.0,11724813.0,11724813.0,11723300.0,4062.0,848.0,11719901.0,74997.0,1399562.0,10243831.0,11643393.0,11723300.0,10318828.0,756.0,11724813.0,11724813.0,11723300.0,4061.0,821.0,11719929.0,75001.0,1359838.0,10283579.0,11643417.0,11723300.0,10358580.0,756.0,11724813.0,11724813.0,11723300.0,4060.0,829.0,11719922.0,75307.0,1371227.0,10271877.0,11643104.0,11723300.0,10347184.0,756.0,11724805.0,11724805.0,11723292.0,4059.0,808.0,11719936.0,74873.0,1362531.0,10281021.0,11643552.0,11723292.0,10355894.0,756.0,11719936.0,11724803.0,11724803.0,11724822.0,6048.0,6388909.0,86758887.0,598975.0,87357862.0,28.0,28.0,12.0,12.0,12.0,12.0,12.0,12.0,10.0,10.0,10.0,10.0,10.0,10.0,2.0,2.0
128x768x768w44-64-38,11748621.0,11748621.0,11747108.0,4057.0,927.0,11743635.0,75302.0,195809.0,11471013.0,11666822.0,11747108.0,11546315.0,756.0,11748605.0,11748605.0,11747092.0,4056.0,818.0,11743729.0,74872.0,222340.0,11445006.0,11667346.0,11747092.0,11519878.0,756.0,11748605.0,11748605.0,11747092.0,4055.0,838.0,11743710.0,74902.0,237549.0,11429748.0,11667297.0,11747092.0,11504650.0,756.0,11748605.0,11748605.0,11747092.0,4054.0,801.0,11743748.0,74479.0,148591.0,11519167.0,11667758.0,11747092.0,11593646.0,756.0,11748603.0,11748603.0,11747090.0,4051.0,860.0,11743690.0,74807.0,1396413.0,10270959.0,11667372.0,11747090.0,10345766.0,756.0,11748603.0,11748603.0,11747090.0,4050.0,796.0,11743755.0,75204.0,1368786.0,10298254.0,11667040.0,11747090.0,10373458.0,756.0,11748603.0,11748603.0,11747090.0,4049.0,816.0,11743736.0,75415.0,1373942.0,10292868.0,11666810.0,11747090.0,10368283.0,756.0,11748595.0,11748595.0,11747082.0,4048.0,831.0,11743714.0,74885.0,1366290.0,10301028.0,11667318.0,11747082.0,10375913.0,756.0,11743755.0,11748593.0,11748593.0,11748612.0,6048.0,6309720.0,87028043.0,599866.0,87627909.0,28.0,28.0,12.0,12.0,12.0,12.0,12.0,12.0,10.0,10.0,10.0,10.0,10.0,10.0,2.0,2.0
128x768x768w44-64-39,11758958.0,11758958.0,11757517.0,4075.0,870.0,11754011.0,71464.0,162412.0,11518696.0,11681108.0,11757517.0,11590160.0,720.0,11758943.0,11758943.0,11757502.0,4074.0,866.0,11754001.0,71149.0,191577.0,11489836.0,11681413.0,11757502.0,11560985.0,720.0,11758943.0,11758943.0,11757502.0,4073.0,833.0,11754035.0,71197.0,208722.0,11472677.0,11681399.0,11757502.0,11543874.0,720.0,11758943.0,11758943.0,11757502.0,4072.0,856.0,11754013.0,68849.0,150161.0,11533564.0,11683725.0,11757502.0,11602413.0,720.0,11758941.0,11758941.0,11757500.0,4069.0,815.0,11754055.0,70656.0,1372470.0,10309490.0,11681960.0,11757500.0,10380146.0,720.0,11758941.0,11758941.0,11757500.0,4068.0,775.0,11754096.0,70898.0,1354532.0,10327227.0,11681759.0,11757500.0,10398125.0,720.0,11758941.0,11758941.0,11757500.0,4067.0,778.0,11754094.0,71718.0,1359245.0,10321692.0,11680937.0,11757500.0,10393410.0,720.0,11758933.0,11758933.0,11757492.0,4066.0,760.0,11754105.0,71176.0,1349523.0,10331967.0,11681490.0,11757492.0,10403143.0,720.0,11754105.0,11758931.0,11758931.0,11758950.0,5760.0,6148642.0,87305149.0,567107.0,87872256.0,27.0,27.0,12.0,12.0,12.0,12.0,12.0,12.0,10.0,10.0,10.0,10.0,10.0,10.0,2.0,2.0
128x768x768w44-64-40,11779032.0,11779032.0,11777591.0,4101.0,790.0,11774139.0,70964.0,167335.0,11534401.0,11701736.0,11777591.0,11605365.0,720.0,11779017.0,11779017.0,11777576.0,4100.0,784.0,11774131.0,72232.0,279338.0,11421122.0,11700460.0,11777576.0,11493354.0,720.0,11779017.0,11779017.0,11777576.0,4099.0,798.0,11774118.0,71290.0,256366.0,11445023.0,11701389.0,11777576.0,11516313.0,720.0,11779017.0,11779017.0,11777576.0,4098.0,918.0,11773999.0,72035.0,144808.0,11555717.0,11700525.0,11777576.0,11627752.0,720.0,11779015.0,11779015.0,11777574.0,4095.0,789.0,11774129.0,70056.0,1385689.0,10316945.0,11702634.0,11777574.0,10387001.0,720.0,11779015.0,11779015.0,11777574.0,4094.0,769.0,11774150.0,71567.0,1351234.0,10349910.0,11701144.0,11777574.0,10421477.0,720.0,11779015.0,11779015.0,11777574.0,4093.0,752.0,11774168.0,70723.0,1355230.0,10346776.0,11702006.0,11777574.0,10417499.0,720.0,11779007.0,11779007.0,11777566.0,4092.0,753.0,11774160.0,71049.0,1346544.0,10355128.0,11701672.0,11777566.0,10426177.0,720.0,11774168.0,11779005.0,11779005.0,11779024.0,5760.0,6286544.0,87325022.0,569916.0,87894938.0,27.0,27.0,12.0,12.0,12.0,12.0,12.0,12.0,10.0,10.0,10.0,10.0,10.0,10.0,2.0,2.0
128x768x768w44-72-32,10871789.0,10871789.0,10870204.0,3945.0,721.0,10867121.0,80613.0,172994.0,10611931.0,10784925.0,10870204.0,10692544.0,792.0,10871784.0,10871784.0,10870199.0,3944.0,711.0,10867127.0,79868.0,173443.0,10612233.0,10785676.0,10870199.0,10692101.0,792.0,10871783.0,10871783.0,10870198.0,3943.0,750.0,10867088.0,79606.0,169310.0,10616589.0,10785899.0,10870198.0,10696195.0,792.0,10871782.0,10871782.0,10870197.0,3942.0,730.0,10867108.0,80373.0,142210.0,10642942.0,10785152.0,10870197.0,10723315.0,792.0,10871779.0,10871779.0,10870194.0,3942.0,712.0,10867123.0,81249.0,1367869.0,9416422.0,10784291.0,10870194.0,9497671.0,792.0,10871778.0,10871778.0,10870193.0,3941.0,722.0,10867113.0,80496.0,1355772.0,9429262.0,10785034.0,10870193.0,9509758.0,792.0,10871777.0,10871777.0,10870192.0,3941.0,706.0,10867128.0,80586.0,1345923.0,9439036.0,10784959.0,10870192.0,9519622.0,792.0,10871776.0,10871776.0,10870191.0,3941.0,687.0,10867146.0,82157.0,1346144.0,9437262.0,10783406.0,10870191.0,9519419.0,792.0,10867151.0,10871773.0,10871773.0,10871792.0,6336.0,6073665.0,80205677.0,644948.0,80850625.0,16.0,16.0,11.0,11.0,10.0,10.0,9.0,9.0,6.0,6.0,5.0,5.0,4.0,4.0,3.0,3.0
128x768x768w44-72-33,10891682.0,10891682.0,10890097.0,4053.0,665.0,10886962.0,79688.0,189399.0,10616292.0,10805691.0,10890097.0,10695980.0,792.0,10891686.0,10891686.0,10890101.0,4052.0,689.0,10886943.0,79528.0,190924.0,10614908.0,10805832.0,10890101.0,10694436.0,792.0,10891685.0,10891685.0,10890100.0,4051.0,690.0,10886942.0,79893.0,193360.0,10612106.0,10805466.0,10890100.0,10691999.0,792.0,10891684.0,10891684.0,10890099.0,4050.0,685.0,10886947.0,80178.0,163591.0,10641595.0,10805186.0,10890099.0,10721773.0,792.0,10891681.0,10891681.0,10890096.0,4047.0,683.0,10886949.0,80584.0,1392637.0,9412145.0,10804782.0,10890096.0,9492729.0,792.0,10891680.0,10891680.0,10890095.0,4046.0,663.0,10886969.0,79764.0,1369606.0,9436016.0,10805622.0,10890095.0,9515780.0,792.0,10891679.0,10891679.0,10890094.0,4045.0,662.0,10886970.0,80393.0,1364498.0,9440496.0,10804994.0,10890094.0,9520889.0,792.0,10891678.0,10891678.0,10890093.0,4044.0,676.0,10886956.0,80751.0,1359211.0,9445411.0,10804622.0,10890093.0,9526162.0,792.0,10886970.0,10891675.0,10891675.0,10891694.0,6336.0,6223226.0,80218969.0,640779.0,80859748.0,7.0,7.0,11.0,11.0,10.0,10.0,9.0,9.0,6.0,6.0,5.0,5.0,4.0,4.0,3.0,3.0
128x768x768w44-72-34,10868331.0,10868331.0,10866812.0,4144.0,728.0,10863457.0,74830.0,183799.0,10603311.0,10787110.0,10866812.0,10678141.0,759.0,10868321.0,10868321.0,10866802.0,4143.0,721.0,10863455.0,74803.0,181150.0,10605985.0,10787135.0,10866802.0,10680788.0,759.0,10868320.0,10868320.0,10866801.0,4142.0,720.0,10863456.0,75154.0,185086.0,10601699.0,10786785.0,10866801.0,10676853.0,759.0,10868319.0,10868319.0,10866800.0,4141.0,739.0,10863437.0,73034.0,158324.0,10630562.0,10788886.0,10866800.0,10703596.0,759.0,10868316.0,10868316.0,10866797.0,4138.0,722.0,10863454.0,75382.0,1387604.0,9398951.0,10786555.0,10866797.0,9474333.0,759.0,10868315.0,10868315.0,10866796.0,4137.0,694.0,10863482.0,75239.0,1355436.0,9431290.0,10786726.0,10866796.0,9506529.0,759.0,10868314.0,10868314.0,10866795.0,4136.0,702.0,10863474.0,75184.0,1367992.0,9418781.0,10786773.0,10866795.0,9493965.0,759.0,10868313.0,10868313.0,10866794.0,4135.0,712.0,10863464.0,74818.0,1351454.0,9435675.0,10787129.0,10866794.0,9510493.0,759.0,10863482.0,10868310.0,10868310.0,10868329.0,6072.0,6170845.0,80126254.0,598444.0,80724698.0,21.0,21.0,11.0,11.0,10.0,10.0,9.0,9.0,6.0,6.0,5.0,5.0,4.0,4.0,3.0,3.0
128x768x768w45-32-70,11714184.0,11714184.0,11712599.0,4130.0,628.0,11709424.0,78871.0,154668.0,11474302.0,11628970.0,11712599.0,11553173.0,792.0,11714188.0,11714188.0,11712603.0,4129.0,736.0,11709321.0,78467.0,182798.0,11446473.0,11629271.0,11712603.0,11524940.0,792.0,11714187.0,11714187.0,11712602.0,4128.0,634.0,11709423.0,78714.0,184477.0,11444649.0,11629126.0,11712602.0,11523363.0,792.0,11714186.0,11714186.0,11712601.0,4127.0,608.0,11709449.0,78206.0,150692.0,11478968.0,11629660.0,11712601.0,11557174.0,792.0,11714183.0,11714183.0,11712598.0,4124.0,601.0,11709456.0,79205.0,157070.0,11471598.0,11628668.0,11712598.0,11550803.0,792.0,11714182.0,11714182.0,11712597.0,4123.0,558.0,11709499.0,79122.0,1353440.0,10275354.0,11628794.0,11712597.0,10354476.0,792.0,11714181.0,11714181.0,11712596.0,4122.0,2857.0,11707200.0,79592.0,1976871.0,9649154.0,11626025.0,11712596.0,9728746.0,792.0,11714180.0,11714180.0,11712595.0,4121.0,2872.0,11707185.0,78898.0,1970919.0,9655785.0,11626704.0,11712595.0,9734683.0,792.0,11709499.0,11714177.0,11714177.0,11714196.0,6336.0,6130935.0,86896283.0,631075.0,87527358.0,7.0,7.0,11.0,11.0,10.0,10.0,9.0,9.0,6.0,6.0,5.0,5.0,4.0,4.0,3.0,3.0
128x768x768w45-32-71,11805283.0,11805283.0,11803698.0,4136.0,631.0,11800514.0,78831.0,159480.0,11560620.0,11720100.0,11803698.0,11639451.0,792.0,11805265.0,11805265.0,11803680.0,4135.0,661.0,11800467.0,78602.0,185395.0,11534887.0,11720282.0,11803680.0,11613489.0,792.0,11805266.0,11805266.0,11803681.0,4134.0,662.0,11800468.0,78909.0,200720.0,11519256.0,11719976.0,11803681.0,11598165.0,792.0,11805264.0,11805264.0,11803679.0,4133.0,595.0,11800534.0,78436.0,158433.0,11562082.0,11720515.0,11803679.0,11640518.0,792.0,11805263.0,11805263.0,11803678.0,4130.0,587.0,11800544.0,79616.0,161207.0,11558138.0,11719345.0,11803678.0,11637754.0,792.0,11805263.0,11805263.0,11803678.0,4129.0,554.0,11800578.0,78949.0,1352966.0,10367080.0,11720046.0,11803678.0,10446029.0,792.0,11805263.0,11805263.0,11803678.0,4128.0,2518.0,11798615.0,79312.0,1980579.0,9737141.0,11717720.0,11803678.0,9816453.0,792.0,11805263.0,11805263.0,11803678.0,4127.0,2536.0,11798598.0,78906.0,1979056.0,9739053.0,11718109.0,11803678.0,9817959.0,792.0,11800578.0,11805261.0,11805261.0,11805280.0,6336.0,6177836.0,87578257.0,631561.0,88209818.0,22.0,22.0,4.0,4.0,5.0,5.0,3.0,3.0,2.0,2.0,2.0,2.0,2.0,2.0,2.0,2.0
128x768x768w45-32-72,11817847.0,11817847.0,11816262.0,4141.0,633.0,11813071.0,78705.0,159633.0,11573150.0,11732783.0,11816262.0,11651855.0,792.0,11817829.0,11817829.0,11816244.0,4140.0,691.0,11812996.0,78537.0,196004.0,11536872.0,11732876.0,11816244.0,11615409.0,792.0,11817830.0,11817830.0,11816245.0,4139.0,675.0,11813014.0,78912.0,193469.0,11539050.0,11732519.0,11816245.0,11617962.0,792.0,11817828.0,11817828.0,11816243.0,4138.0,599.0,11813089.0,77527.0,149844.0,11584135.0,11733979.0,11816243.0,11661662.0,792.0,11817827.0,11817827.0,11816242.0,4135.0,577.0,11813113.0,79072.0,164473.0,11567985.0,11732458.0,11816242.0,11647057.0,792.0,11817827.0,11817827.0,11816242.0,4134.0,553.0,11813138.0,79414.0,1353067.0,10379074.0,11732141.0,11816242.0,10458488.0,792.0,11817827.0,11817827.0,11816242.0,4133.0,2177.0,11811515.0,79137.0,1984278.0,9746517.0,11730795.0,11816242.0,9825654.0,792.0,11817827.0,11817827.0,11816242.0,4132.0,2188.0,11811505.0,78862.0,1980218.0,9750842.0,11731060.0,11816242.0,9829704.0,792.0,11813138.0,11817825.0,11817825.0,11817844.0,6336.0,6180986.0,87677625.0,630166.0,88307791.0,22.0,22.0,4.0,4.0,5.0,5.0,3.0,3.0,2.0,2.0,2.0,2.0,2.0,2.0,2.0,2.0
128x768x768w45-32-74,11792371.0,11792371.0,11790786.0,4197.0,656.0,11787516.0,78529.0,169930.0,11537474.0,11707404.0,11790786.0,11616003.0,792.0,11792353.0,11792353.0,11790768.0,4196.0,601.0,11787554.0,78364.0,190381.0,11517226.0,11707607.0,11790768.0,11595590.0,792.0,11792354.0,11792354.0,11790769.0,4195.0,612.0,11787545.0,78727.0,206705.0,11500530.0,11707235.0,11790769.0,11579257.0,792.0,11792352.0,11792352.0,11790767.0,4194.0,582.0,11787574.0,78287.0,148638.0,11559066.0,11707704.0,11790767.0,11637353.0,792.0,11792351.0,11792351.0,11790766.0,4191.0,600.0,11787558.0,79337.0,164221.0,11542417.0,11706638.0,11790766.0,11621754.0,792.0,11792351.0,11792351.0,11790766.0,4190.0,560.0,11787599.0,79065.0,1347906.0,10359045.0,11706951.0,11790766.0,10438110.0,792.0,11792351.0,11792351.0,11790766.0,4189.0,1528.0,11786632.0,79209.0,1982032.0,9723808.0,11705840.0,11790766.0,9803017.0,792.0,11792351.0,11792351.0,11790766.0,4188.0,1530.0,11786631.0,79080.0,1974095.0,9731873.0,11705968.0,11790766.0,9810953.0,792.0,11787599.0,11792349.0,11792349.0,11792368.0,6336.0,6183908.0,87471439.0,630598.0,88102037.0,22.0,22.0,4.0,4.0,5.0,5.0,3.0,3.0,2.0,2.0,2.0,2.0,2.0,2.0,2.0,2.0
128x768x768w45-40-60,10778349.0,10778349.0,10776788.0,4193.0,543.0,10773611.0,77017.0,187971.0,10507064.0,10695035.0,10776788.0,10584081.0,780.0,10778335.0,10778335.0,10776774.0,4192.0,534.0,10773607.0,76843.0,192327.0,10502878.0,10695205.0,10776774.0,10579721.0,780.0,10778335.0,10778335.0,10776774.0,4191.0,526.0,10773616.0,75528.0,195826.0,10500703.0,10696529.0,10776774.0,10576231.0,780.0,10778335.0,10778335.0,10776774.0,4190.0,520.0,10773623.0,75641.0,176549.0,10519874.0,10696423.0,10776774.0,10595515.0,780.0,10778333.0,10778333.0,10776772.0,4187.0,548.0,10773596.0,76356.0,177157.0,10518524.0,10695681.0,10776772.0,10594880.0,780.0,10778333.0,10778333.0,10776772.0,4186.0,513.0,10773632.0,76365.0,1374163.0,9321545.0,10695708.0,10776772.0,9397910.0,780.0,10778333.0,10778333.0,10776772.0,4185.0,936.0,10773210.0,76416.0,1986239.0,8708996.0,10695235.0,10776772.0,8785412.0,780.0,10778333.0,10778333.0,10776772.0,4184.0,940.0,10773207.0,76440.0,1976695.0,8718513.0,10695208.0,10776772.0,8794953.0,780.0,10773632.0,10778323.0,10778323.0,10778342.0,6240.0,6266927.0,79298097.0,610606.0,79908703.0,26.0,26.0,12.0,12.0,12.0,12.0,12.0,12.0,10.0,10.0,10.0,10.0,10.0,10.0,10.0,10.0
128x768x768w45-40-61,10783363.0,10783363.0,10781802.0,4211.0,547.0,10778603.0,76734.0,187936.0,10512374.0,10700310.0,10781802.0,10589108.0,780.0,10783349.0,10783349.0,10781788.0,4210.0,532.0,10778605.0,76174.0,196076.0,10504796.0,10700872.0,10781788.0,10580970.0,780.0,10783349.0,10783349.0,10781788.0,4209.0,528.0,10778610.0,75520.0,195093.0,10506438.0,10701531.0,10781788.0,10581958.0,780.0,10783349.0,10783349.0,10781788.0,4208.0,516.0,10778623.0,75813.0,179331.0,10521920.0,10701251.0,10781788.0,10597733.0,780.0,10783347.0,10783347.0,10781786.0,4205.0,545.0,10778595.0,76572.0,181284.0,10519180.0,10700464.0,10781786.0,10595752.0,780.0,10783347.0,10783347.0,10781786.0,4204.0,517.0,10778624.0,76218.0,1373261.0,9327586.0,10700847.0,10781786.0,9403804.0,780.0,10783347.0,10783347.0,10781786.0,4203.0,830.0,10778312.0,76417.0,1991886.0,8708450.0,10700336.0,10781786.0,8784867.0,780.0,10783347.0,10783347.0,10781786.0,4202.0,833.0,10778310.0,76621.0,1971708.0,8728422.0,10700130.0,10781786.0,8805043.0,780.0,10778624.0,10783337.0,10783337.0,10783356.0,6240.0,6276575.0,79329166.0,610069.0,79939235.0,26.0,26.0,12.0,12.0,12.0,12.0,12.0,12.0,10.0,10.0,10.0,10.0,10.0,10.0,10.0,10.0
128x768x768w45-40-62,10785889.0,10785889.0,10784328.0,4213.0,522.0,10781152.0,77307.0,190768.0,10511518.0,10702286.0,10784328.0,10588825.0,780.0,10785887.0,10785887.0,10784326.0,4212.0,520.0,10781153.0,76680.0,194348.0,10508566.0,10702914.0,10784326.0,10585246.0,780.0,10785887.0,10785887.0,10784326.0,4211.0,518.0,10781156.0,75272.0,200318.0,10504007.0,10704325.0,10784326.0,10579279.0,780.0,10785880.0,10785880.0,10784319.0,4210.0,505.0,10781163.0,76439.0,176514.0,10526651.0,10703165.0,10784319.0,10603090.0,780.0,10785877.0,10785877.0,10784316.0,4207.0,535.0,10781133.0,76463.0,179759.0,10523352.0,10703111.0,10784316.0,10599815.0,780.0,10785876.0,10785876.0,10784315.0,4206.0,517.0,10781151.0,76366.0,1366060.0,9337166.0,10703226.0,10784315.0,9413532.0,780.0,10785875.0,10785875.0,10784314.0,4205.0,725.0,10780943.0,76606.0,1984815.0,8717963.0,10702778.0,10784314.0,8794569.0,780.0,10785874.0,10785874.0,10784313.0,4204.0,724.0,10780944.0,76518.0,1978370.0,8724497.0,10702867.0,10784313.0,8801015.0,780.0,10781163.0,10785875.0,10785875.0,10785894.0,6240.0,6270952.0,79353720.0,611651.0,79965371.0,14.0,14.0,12.0,12.0,12.0,12.0,5.0,5.0,2.0,2.0,1.0,1.0,0.0,0.0,1.0,1.0
128x768x768w45-40-63,10791381.0,10791381.0,10789820.0,4222.0,521.0,10786636.0,78403.0,190620.0,10516054.0,10706674.0,10789820.0,10594457.0,780.0,10791368.0,10791368.0,10789807.0,4221.0,519.0,10786626.0,77389.0,190081.0,10517597.0,10707678.0,10789807.0,10594986.0,780.0,10791368.0,10791368.0,10789807.0,4220.0,509.0,10786637.0,76868.0,198455.0,10509755.0,10708210.0,10789807.0,10586623.0,780.0,10791368.0,10791368.0,10789807.0,4219.0,514.0,10786633.0,78591.0,171462.0,10535021.0,10706483.0,10789807.0,10613612.0,780.0,10791366.0,10791366.0,10789805.0,4216.0,510.0,10786638.0,78177.0,172819.0,10534083.0,10706902.0,10789805.0,10612260.0,780.0,10791366.0,10791366.0,10789805.0,4215.0,506.0,10786643.0,78237.0,1351867.0,9354980.0,10706847.0,10789805.0,9433217.0,780.0,10791366.0,10791366.0,10789805.0,4214.0,614.0,10786536.0,78855.0,1973191.0,8732931.0,10706122.0,10789805.0,8811786.0,780.0,10791366.0,10791366.0,10789805.0,4213.0,613.0,10786538.0,78475.0,1961326.0,8745178.0,10706504.0,10789805.0,8823653.0,780.0,10786643.0,10791364.0,10791364.0,10791383.0,6240.0,6209821.0,79445599.0,624995.0,80070594.0,17.0,17.0,4.0,4.0,4.0,4.0,4.0,4.0,2.0,2.0,2.0,2.0,2.0,2.0,2.0,2.0
128x768x768w45-48-48,10767668.0,10767668.0,10766131.0,3922.0,654.0,10763090.0,76283.0,112651.0,10572621.0,10685272.0,10766131.0,10648904.0,768.0,10767665.0,10767665.0,10766128.0,3921.0,711.0,10763031.0,76322.0,123960.0,10561214.0,10685174.0,10766128.0,10637536.0,768.0,10767664.0,10767664.0,10766127.0,3920.0,696.0,10763046.0,77415.0,119931.0,10564165.0,10684096.0,10766127.0,10641580.0,768.0,10767663.0,10767663.0,10766126.0,3919.0,634.0,10763108.0,76067.0,100592.0,10584914.0,10685506.0,10766126.0,10660981.0,768.0,10767660.0,10767660.0,10766123.0,3916.0,648.0,10763094.0,75714.0,100301.0,10585544.0,10685845.0,10766123.0,10661258.0,768.0,10767659.0,10767659.0,10766122.0,3915.0,619.0,10763123.0,73995.0,1301144.0,9386449.0,10687593.0,10766122.0,9460444.0,768.0,10767658.0,10767658.0,10766121.0,3914.0,3034.0,10760708.0,76034.0,1919879.0,8763260.0,10683139.0,10766121.0,8839294.0,768.0,10767657.0,10767657.0,10766120.0,3913.0,3049.0,10760693.0,75072.0,1908560.0,8775526.0,10684086.0,10766120.0,8850598.0,768.0,10763123.0,10767654.0,10767654.0,10767673.0,6144.0,5687018.0,79793693.0,606902.0,80400595.0,14.0,14.0,11.0,11.0,10.0,10.0,9.0,9.0,6.0,6.0,5.0,5.0,4.0,4.0,3.0,3.0
128x768x768w45-48-49,10803089.0,10803089.0,10801552.0,3983.0,672.0,10798432.0,75352.0,151524.0,10570021.0,10721545.0,10801552.0,10645373.0,768.0,10803072.0,10803072.0,10801535.0,3982.0,658.0,10798430.0,76335.0,151379.0,10569181.0,10720560.0,10801535.0,10645516.0,768.0,10803073.0,10803073.0,10801536.0,3981.0,671.0,10798419.0,76748.0,156648.0,10563488.0,10720136.0,10801536.0,10640236.0,768.0,10803071.0,10803071.0,10801534.0,3980.0,628.0,10798461.0,76615.0,128852.0,10591459.0,10720311.0,10801534.0,10668074.0,768.0,10803070.0,10803070.0,10801533.0,3977.0,637.0,10798454.0,76918.0,128560.0,10591441.0,10720001.0,10801533.0,10668359.0,768.0,10803070.0,10803070.0,10801533.0,3976.0,600.0,10798492.0,76866.0,1320363.0,9399728.0,10720091.0,10801533.0,9476594.0,768.0,10803070.0,10803070.0,10801533.0,3975.0,2292.0,10796801.0,76635.0,1943766.0,8774865.0,10718631.0,10801533.0,8851500.0,768.0,10803070.0,10803070.0,10801533.0,3974.0,2292.0,10796802.0,77348.0,1935710.0,8782209.0,10717919.0,10801533.0,8859557.0,768.0,10798492.0,10803068.0,10803068.0,10803087.0,6144.0,5916802.0,79842392.0,612817.0,80455209.0,21.0,21.0,4.0,4.0,5.0,5.0,3.0,3.0,2.0,2.0,2.0,2.0,2.0,2.0,2.0,2.0
128x768x768w45-48-50,10795487.0,10795487.0,10793950.0,4032.0,669.0,10790784.0,76766.0,146253.0,10566230.0,10712483.0,10793950.0,10642996.0,768.0,10795469.0,10795469.0,10793932.0,4031.0,635.0,10790801.0,75952.0,146982.0,10566332.0,10713314.0,10793932.0,10642284.0,768.0,10795470.0,10795470.0,10793933.0,4030.0,652.0,10790786.0,76596.0,150333.0,10562322.0,10712655.0,10793933.0,10638918.0,768.0,10795468.0,10795468.0,10793931.0,4029.0,628.0,10790809.0,76672.0,122736.0,10589866.0,10712602.0,10793931.0,10666538.0,768.0,10795467.0,10795467.0,10793930.0,4026.0,635.0,10790804.0,78249.0,124205.0,10586815.0,10711020.0,10793930.0,10665064.0,768.0,10795467.0,10795467.0,10793930.0,4025.0,598.0,10790842.0,77072.0,1325245.0,9386990.0,10712235.0,10793930.0,9464062.0,768.0,10795467.0,10795467.0,10793930.0,4024.0,1548.0,10789893.0,78471.0,1942034.0,8767853.0,10709887.0,10793930.0,8846324.0,768.0,10795467.0,10795467.0,10793930.0,4023.0,1509.0,10789933.0,78327.0,1935021.0,8775050.0,10710071.0,10793930.0,8853377.0,768.0,10790842.0,10795465.0,10795465.0,10795484.0,6144.0,5892809.0,79801458.0,618105.0,80419563.0,22.0,22.0,4.0,4.0,5.0,5.0,3.0,3.0,2.0,2.0,2.0,2.0,2.0,2.0,2.0,2.0
128x768x768w45-48-51,10792475.0,10792475.0,10790938.0,4022.0,628.0,10787823.0,76134.0,134677.0,10575477.0,10710154.0,10790938.0,10651611.0,768.0,10792457.0,10792457.0,10790920.0,4021.0,602.0,10787832.0,75562.0,145826.0,10564909.0,10710735.0,10790920.0,10640471.0,768.0,10792458.0,10792458.0,10790921.0,4020.0,603.0,10787833.0,76798.0,142069.0,10567431.0,10709500.0,10790921.0,10644229.0,768.0,10792456.0,10792456.0,10790919.0,4019.0,601.0,10787834.0,76473.0,120309.0,10589517.0,10709826.0,10790919.0,10665990.0,768.0,10792455.0,10792455.0,10790918.0,4016.0,598.0,10787839.0,77984.0,123556.0,10584764.0,10708320.0,10790918.0,10662748.0,768.0,10792455.0,10792455.0,10790918.0,4015.0,598.0,10787840.0,76732.0,1323287.0,9386286.0,10709573.0,10790918.0,9463018.0,768.0,10792455.0,10792455.0,10790918.0,4014.0,822.0,10787617.0,79062.0,1942248.0,8764772.0,10707020.0,10790918.0,8843834.0,768.0,10792455.0,10792455.0,10790918.0,4013.0,822.0,10787618.0,78249.0,1936660.0,8771174.0,10707834.0,10790918.0,8849423.0,768.0,10787840.0,10792453.0,10792453.0,10792472.0,6144.0,5868632.0,79804330.0,616994.0,80421324.0,22.0,22.0,4.0,4.0,5.0,5.0,3.0,3.0,2.0,2.0,2.0,2.0,2.0,2.0,2.0,2.0
128x768x768w45-48-52,10781041.0,10781041.0,10779600.0,4087.0,720.0,10776232.0,72024.0,138819.0,10563950.0,10702769.0,10779600.0,10635974.0,720.0,10781031.0,10781031.0,10779590.0,4086.0,709.0,10776234.0,70755.0,144070.0,10559970.0,10704040.0,10779590.0,10630725.0,720.0,10781030.0,10781030.0,10779589.0,4085.0,713.0,10776230.0,71067.0,145971.0,10557753.0,10703724.0,10779589.0,10628820.0,720.0,10781029.0,10781029.0,10779588.0,4084.0,716.0,10776227.0,70900.0,132583.0,10571305.0,10703888.0,10779588.0,10642205.0,720.0,10781026.0,10781026.0,10779585.0,4081.0,697.0,10776246.0,71663.0,129783.0,10573361.0,10703144.0,10779585.0,10645024.0,720.0,10781025.0,10781025.0,10779584.0,4080.0,669.0,10776274.0,70910.0,1335127.0,9368798.0,10703925.0,10779584.0,9439708.0,720.0,10781024.0,10781024.0,10779583.0,4079.0,2711.0,10774232.0,70568.0,1957166.0,8745059.0,10702225.0,10779583.0,8815627.0,720.0,10781023.0,10781023.0,10779582.0,4078.0,2693.0,10774250.0,70725.0,1940152.0,8761934.0,10702086.0,10779582.0,8832659.0,720.0,10776274.0,10781020.0,10781020.0,10781039.0,5760.0,5923671.0,79702130.0,568612.0,80270742.0,21.0,21.0,11.0,11.0,10.0,10.0,9.0,9.0,6.0,6.0,5.0,5.0,4.0,4.0,3.0,3.0
128x768x768w45-48-53,10791876.0,10791876.0,10790435.0,4094.0,714.0,10787066.0,71154.0,146455.0,10568018.0,10714473.0,10790435.0,10639172.0,720.0,10791866.0,10791866.0,10790425.0,4093.0,704.0,10787067.0,70643.0,153929.0,10561056.0,10714985.0,10790425.0,10631699.0,720.0,10791865.0,10791865.0,10790424.0,4092.0,722.0,10787049.0,71167.0,152205.0,10562238.0,10714443.0,10790424.0,10633405.0,720.0,10791864.0,10791864.0,10790423.0,4091.0,711.0,10787060.0,70670.0,136455.0,10578496.0,10714951.0,10790423.0,10649166.0,720.0,10791861.0,10791861.0,10790420.0,4088.0,679.0,10787092.0,71460.0,132768.0,10581425.0,10714193.0,10790420.0,10652885.0,720.0,10791860.0,10791860.0,10790419.0,4087.0,670.0,10787101.0,70960.0,1333921.0,9380781.0,10714702.0,10790419.0,9451741.0,720.0,10791859.0,10791859.0,10790418.0,4086.0,2008.0,10785763.0,70741.0,1956987.0,8756596.0,10713583.0,10790418.0,8827337.0,720.0,10791858.0,10791858.0,10790417.0,4085.0,1991.0,10785780.0,70902.0,1942040.0,8771399.0,10713439.0,10790417.0,8842301.0,720.0,10787101.0,10791855.0,10791855.0,10791874.0,5760.0,5954760.0,79760009.0,567697.0,80327706.0,21.0,21.0,11.0,11.0,10.0,10.0,9.0,9.0,6.0,6.0,5.0,5.0,4.0,4.0,3.0,3.0
128x768x768w45-56-43,10839488.0,10839488.0,10837975.0,4117.0,665.0,10834704.0,75560.0,187808.0,10569825.0,10757633.0,10837975.0,10645385.0,756.0,10839479.0,10839479.0,10837966.0,4116.0,655.0,10834706.0,74327.0,192711.0,10566157.0,10758868.0,10837966.0,10640484.0,756.0,10839478.0,10839478.0,10837965.0,4115.0,659.0,10834702.0,73791.0,195742.0,10563658.0,10759400.0,10837965.0,10637449.0,756.0,10839477.0,10839477.0,10837964.0,4114.0,638.0,10834723.0,71986.0,166579.0,10594647.0,10761226.0,10837964.0,10666633.0,756.0,10839474.0,10839474.0,10837961.0,4111.0,637.0,10834724.0,75392.0,169621.0,10588200.0,10757821.0,10837961.0,10663592.0,756.0,10839473.0,10839473.0,10837960.0,4110.0,642.0,10834719.0,73824.0,1370720.0,9388664.0,10759384.0,10837960.0,9462488.0,756.0,10839472.0,10839472.0,10837959.0,4109.0,2197.0,10833164.0,75168.0,1987170.0,8769315.0,10756485.0,10837959.0,8844483.0,756.0,10839471.0,10839471.0,10837958.0,4108.0,2183.0,10833178.0,74930.0,1979821.0,8776916.0,10756737.0,10837958.0,8851846.0,756.0,10834724.0,10839468.0,10839468.0,10839487.0,6048.0,6250172.0,79817382.0,594978.0,80412360.0,20.0,20.0,11.0,11.0,10.0,10.0,9.0,9.0,6.0,6.0,5.0,5.0,4.0,4.0,3.0,3.0
128x768x768w45-56-44,10835161.0,10835161.0,10833648.0,4141.0,677.0,10830341.0,75303.0,181599.0,10571928.0,10753527.0,10833648.0,10647231.0,756.0,10835152.0,10835152.0,10833639.0,4140.0,674.0,10830336.0,74153.0,189048.0,10565624.0,10754672.0,10833639.0,10639777.0,756.0,10835151.0,10835151.0,10833638.0,4139.0,672.0,10830338.0,73594.0,192537.0,10562696.0,10755233.0,10833638.0,10636290.0,756.0,10835150.0,10835150.0,10833637.0,4138.0,660.0,10830350.0,71928.0,167182.0,10589729.0,10756911.0,10833637.0,10661657.0,756.0,10835147.0,10835147.0,10833634.0,4135.0,656.0,10830354.0,74297.0,168466.0,10586080.0,10754546.0,10833634.0,10660377.0,756.0,10835146.0,10835146.0,10833633.0,4134.0,629.0,10830381.0,73352.0,1374374.0,9381144.0,10755518.0,10833633.0,9454496.0,756.0,10835145.0,10835145.0,10833632.0,4133.0,1493.0,10829517.0,74711.0,1988501.0,8764794.0,10753295.0,10833632.0,8839505.0,756.0,10835144.0,10835144.0,10833631.0,4132.0,1482.0,10829528.0,74338.0,1977109.0,8776570.0,10753679.0,10833631.0,8850908.0,756.0,10830381.0,10835141.0,10835141.0,10835160.0,6048.0,6238816.0,79798565.0,591676.0,80390241.0,20.0,20.0,11.0,11.0,10.0,10.0,9.0,9.0,6.0,6.0,5.0,5.0,4.0,4.0,3.0,3.0
128x768x768w45-56-45,10850222.0,10850222.0,10848709.0,4198.0,663.0,10845359.0,74669.0,196251.0,10572928.0,10769179.0,10848709.0,10647597.0,756.0,10850207.0,10850207.0,10848694.0,4197.0,642.0,10845366.0,73737.0,206942.0,10563176.0,10770118.0,10848694.0,10636913.0,756.0,10850207.0,10850207.0,10848694.0,4196.0,635.0,10845374.0,73562.0,203703.0,10566598.0,10770301.0,10848694.0,10640160.0,756.0,10850207.0,10850207.0,10848694.0,4195.0,642.0,10845368.0,71957.0,177555.0,10594345.0,10771900.0,10848694.0,10666302.0,756.0,10850205.0,10850205.0,10848692.0,4192.0,635.0,10845376.0,74937.0,177306.0,10591622.0,10768928.0,10848692.0,10666559.0,756.0,10850205.0,10850205.0,10848692.0,4191.0,635.0,10845377.0,73969.0,1382413.0,9387484.0,10769897.0,10848692.0,9461453.0,756.0,10850205.0,10850205.0,10848692.0,4190.0,834.0,10845179.0,74650.0,2002531.0,8766487.0,10769018.0,10848692.0,8841137.0,756.0,10850197.0,10850197.0,10848684.0,4189.0,838.0,10845168.0,74279.0,1978201.0,8791177.0,10769378.0,10848684.0,8865456.0,756.0,10845377.0,10850195.0,10850195.0,10850214.0,6048.0,6324902.0,79833817.0,591760.0,80425577.0,27.0,27.0,12.0,12.0,12.0,12.0,12.0,12.0,10.0,10.0,10.0,10.0,10.0,10.0,2.0,2.0
128x768x768w45-56-46,10805961.0,10805961.0,10804532.0,4142.0,677.0,10801140.0,70543.0,165811.0,10563359.0,10729170.0,10804532.0,10633902.0,714.0,10805952.0,10805952.0,10804523.0,4141.0,667.0,10801142.0,70779.0,166304.0,10562632.0,10728936.0,10804523.0,10633411.0,714.0,10805951.0,10805951.0,10804522.0,4140.0,673.0,10801136.0,70800.0,169809.0,10559100.0,10728909.0,10804522.0,10629900.0,714.0,10805950.0,10805950.0,10804521.0,4139.0,618.0,10801191.0,70538.0,149837.0,10579389.0,10729226.0,10804521.0,10649927.0,714.0,10805947.0,10805947.0,10804518.0,4136.0,645.0,10801164.0,70869.0,146573.0,10582295.0,10728868.0,10804518.0,10653164.0,714.0,10805946.0,10805946.0,10804517.0,4135.0,629.0,10801180.0,70092.0,1346514.0,9383147.0,10729661.0,10804517.0,9453239.0,714.0,10805945.0,10805945.0,10804516.0,4134.0,1925.0,10799884.0,70837.0,1967976.0,8759644.0,10727620.0,10804516.0,8830481.0,714.0,10805944.0,10805944.0,10804515.0,4133.0,1980.0,10799829.0,70995.0,1949943.0,8777464.0,10727407.0,10804515.0,8848459.0,714.0,10801191.0,10805941.0,10805941.0,10805960.0,5712.0,6062767.0,79767030.0,565453.0,80332483.0,20.0,20.0,11.0,11.0,10.0,10.0,9.0,9.0,6.0,6.0,5.0,5.0,4.0,4.0,3.0,3.0
128x768x768w45-64-35,11725253.0,11725253.0,11723668.0,4027.0,977.0,11720247.0,78451.0,180539.0,11459674.0,11640213.0,11723668.0,11538125.0,792.0,11725243.0,11725243.0,11723658.0,4026.0,838.0,11720377.0,78314.0,239475.0,11401005.0,11640480.0,11723658.0,11479319.0,792.0,11725242.0,11725242.0,11723657.0,4025.0,831.0,11720384.0,78531.0,221021.0,11419249.0,11640270.0,11723657.0,11497780.0,792.0,11725241.0,11725241.0,11723656.0,4024.0,771.0,11720444.0,78083.0,150956.0,11489822.0,11640778.0,11723656.0,11567905.0,792.0,11725238.0,11725238.0,11723653.0,4021.0,785.0,11720430.0,78306.0,162752.0,11477789.0,11640541.0,11723653.0,11556095.0,792.0,11725237.0,11725237.0,11723652.0,4020.0,755.0,11720460.0,77807.0,1370166.0,10270904.0,11641070.0,11723652.0,10348711.0,792.0,11725236.0,11725236.0,11723651.0,4019.0,3014.0,11718201.0,79453.0,2007310.0,9629855.0,11637165.0,11723651.0,9709308.0,792.0,11725235.0,11725235.0,11723650.0,4018.0,3021.0,11718194.0,78954.0,1998241.0,9639416.0,11637657.0,11723650.0,9718370.0,792.0,11720460.0,11725232.0,11725232.0,11725251.0,6336.0,6330460.0,86787714.0,627899.0,87415613.0,21.0,21.0,11.0,11.0,10.0,10.0,9.0,9.0,6.0,6.0,5.0,5.0,4.0,4.0,3.0,3.0
128x768x768w45-64-36,11723989.0,11723989.0,11722404.0,4034.0,843.0,11719110.0,79073.0,181548.0,11456906.0,11638454.0,11722404.0,11535979.0,792.0,11723983.0,11723983.0,11722398.0,4033.0,806.0,11719142.0,78746.0,202942.0,11435871.0,11638813.0,11722398.0,11514617.0,792.0,11723982.0,11723982.0,11722397.0,4032.0,780.0,11719168.0,79686.0,208502.0,11429397.0,11637899.0,11722397.0,11509083.0,792.0,11723981.0,11723981.0,11722396.0,4031.0,867.0,11719081.0,78396.0,157351.0,11481751.0,11639102.0,11722396.0,11560147.0,792.0,11723978.0,11723978.0,11722393.0,4028.0,787.0,11719161.0,79161.0,159237.0,11479180.0,11638417.0,11722393.0,11558341.0,792.0,11723977.0,11723977.0,11722392.0,4027.0,752.0,11719196.0,78423.0,1368483.0,10270707.0,11639190.0,11722392.0,10349130.0,792.0,11723976.0,11723976.0,11722391.0,4026.0,1615.0,11718333.0,79050.0,1999090.0,9638610.0,11637700.0,11722391.0,9717660.0,792.0,11723975.0,11723975.0,11722390.0,4025.0,1619.0,11718329.0,78794.0,1996094.0,9641858.0,11637952.0,11722390.0,9720652.0,792.0,11719196.0,11723972.0,11723972.0,11723991.0,6336.0,6273247.0,86834280.0,631329.0,87465609.0,17.0,17.0,11.0,11.0,10.0,10.0,9.0,9.0,6.0,6.0,5.0,5.0,4.0,4.0,3.0,3.0
128x768x768w45-64-37,11698484.0,11698484.0,11696971.0,4062.0,847.0,11693573.0,76658.0,198499.0,11416905.0,11615404.0,11696971.0,11493563.0,756.0,11698488.0,11698488.0,11696975.0,4061.0,1177.0,11693248.0,76420.0,304645.0,11310672.0,11615317.0,11696975.0,11387092.0,756.0,11698487.0,11698487.0,11696974.0,4060.0,909.0,11693516.0,75987.0,254574.0,11361444.0,11616018.0,11696974.0,11437431.0,756.0,11698486.0,11698486.0,11696973.0,4059.0,833.0,11693592.0,75397.0,155136.0,11461548.0,11616684.0,11696973.0,11536945.0,756.0,11698483.0,11698483.0,11696970.0,4056.0,842.0,11693583.0,76618.0,159658.0,11455796.0,11615454.0,11696970.0,11532414.0,756.0,11698482.0,11698482.0,11696969.0,4055.0,785.0,11693640.0,76842.0,1357782.0,10257505.0,11615287.0,11696969.0,10334347.0,756.0,11698481.0,11698481.0,11696968.0,4054.0,2719.0,11691706.0,75950.0,1988867.0,9625378.0,11614245.0,11696968.0,9701328.0,756.0,11698480.0,11698480.0,11696967.0,4053.0,2709.0,11691716.0,76042.0,1984316.0,9629847.0,11614163.0,11696967.0,9705889.0,756.0,11693640.0,11698477.0,11698477.0,11698496.0,6048.0,6403477.0,86519095.0,609914.0,87129009.0,7.0,7.0,11.0,11.0,10.0,10.0,9.0,9.0,6.0,6.0,5.0,5.0,4.0,4.0,3.0,3.0
128x768x768w45-64-38,11726287.0,11726287.0,11724774.0,4092.0,834.0,11721359.0,75927.0,169341.0,11474580.0,11643921.0,11724774.0,11550507.0,756.0,11726269.0,11726269.0,11724756.0,4091.0,813.0,11721363.0,75931.0,220545.0,11423376.0,11643921.0,11724756.0,11499307.0,756.0,11726270.0,11726270.0,11724757.0,4090.0,962.0,11721216.0,76153.0,232138.0,11411414.0,11643552.0,11724757.0,11487567.0,756.0,11726268.0,11726268.0,11724755.0,4089.0,776.0,11721401.0,75804.0,150482.0,11493604.0,11644086.0,11724755.0,11569408.0,756.0,11726267.0,11726267.0,11724754.0,4086.0,840.0,11721339.0,76502.0,153519.0,11489807.0,11643326.0,11724754.0,11566309.0,756.0,11726267.0,11726267.0,11724754.0,4085.0,768.0,11721412.0,76097.0,1364432.0,10279372.0,11643804.0,11724754.0,10355469.0,756.0,11726267.0,11726267.0,11724754.0,4084.0,1346.0,11720835.0,76444.0,1997189.0,9645691.0,11642880.0,11724754.0,9722135.0,756.0,11726267.0,11726267.0,11724754.0,4083.0,1356.0,11720826.0,76418.0,1989002.0,9653895.0,11642897.0,11724754.0,9730313.0,756.0,11721412.0,11726265.0,11726265.0,11726284.0,6048.0,6276648.0,86871739.0,609276.0,87481015.0,22.0,22.0,4.0,4.0,5.0,5.0,3.0,3.0,2.0,2.0,2.0,2.0,2.0,2.0,2.0,2.0
128x768x768w45-64-39,11754072.0,11754072.0,11752631.0,4079.0,819.0,11749172.0,72378.0,170371.0,11504984.0,11675355.0,11752631.0,11577362.0,720.0,11754054.0,11754054.0,11752613.0,4078.0,925.0,11749049.0,71549.0,229416.0,11446645.0,11676061.0,11752613.0,11518194.0,720.0,11754055.0,11754055.0,11752614.0,4077.0,1024.0,11748952.0,72770.0,239705.0,11435038.0,11674743.0,11752614.0,11507808.0,720.0,11754053.0,11754053.0,11752612.0,4076.0,791.0,11749184.0,72795.0,144787.0,11530163.0,11674950.0,11752612.0,11602958.0,720.0,11754052.0,11754052.0,11752611.0,4073.0,803.0,11749174.0,72930.0,152974.0,11521831.0,11674805.0,11752611.0,11594761.0,720.0,11754052.0,11754052.0,11752611.0,4072.0,750.0,11749228.0,72628.0,1355959.0,10319202.0,11675161.0,11752611.0,10391830.0,720.0,11754052.0,11754052.0,11752611.0,4071.0,2620.0,11747359.0,72068.0,1987363.0,9686489.0,11673852.0,11752611.0,9758557.0,720.0,11754052.0,11754052.0,11752611.0,4070.0,2614.0,11747366.0,72376.0,1982908.0,9690643.0,11673551.0,11752611.0,9763019.0,720.0,11749228.0,11754050.0,11754050.0,11754069.0,5760.0,6263483.0,87134995.0,579494.0,87714489.0,22.0,22.0,4.0,4.0,5.0,5.0,3.0,3.0,2.0,2.0,2.0,2.0,2.0,2.0,2.0,2.0
128x768x768w45-72-32,10877368.0,10877368.0,10875783.0,4012.0,716.0,10872638.0,80823.0,180655.0,10609577.0,10790232.0,10875783.0,10690400.0,792.0,10877355.0,10877355.0,10875770.0,4011.0,730.0,10872612.0,80242.0,178716.0,10612071.0,10790787.0,10875770.0,10692313.0,792.0,10877355.0,10877355.0,10875770.0,4010.0,722.0,10872621.0,80795.0,175780.0,10614463.0,10790243.0,10875770.0,10695258.0,792.0,10877355.0,10877355.0,10875770.0,4009.0,709.0,10872635.0,80294.0,147656.0,10643102.0,10790758.0,10875770.0,10723396.0,792.0,10877353.0,10877353.0,10875768.0,4006.0,716.0,10872629.0,80132.0,146227.0,10644687.0,10790914.0,10875768.0,10724819.0,792.0,10877353.0,10877353.0,10875768.0,4005.0,683.0,10872663.0,80116.0,1345509.0,9445455.0,10790964.0,10875768.0,9525571.0,792.0,10877353.0,10877353.0,10875768.0,4004.0,2318.0,10871029.0,80360.0,1964260.0,8824826.0,10789086.0,10875768.0,8905186.0,792.0,10877345.0,10877345.0,10875760.0,4003.0,2296.0,10871044.0,80397.0,1963294.0,8825770.0,10789064.0,10875760.0,8906167.0,792.0,10872663.0,10877343.0,10877343.0,10877362.0,6336.0,6102097.0,80219951.0,643159.0,80863110.0,25.0,25.0,12.0,12.0,12.0,12.0,12.0,12.0,10.0,10.0,10.0,10.0,10.0,10.0,2.0,2.0
128x768x768w46-32-70,11730865.0,11730865.0,11729280.0,4141.0,611.0,11726111.0,78714.0,167630.0,11478184.0,11645814.0,11729280.0,11556898.0,792.0,11730847.0,11730847.0,11729262.0,4140.0,604.0,11726101.0,78601.0,185838.0,11460079.0,11645917.0,11729262.0,11538680.0,792.0,11730848.0,11730848.0,11729263.0,4139.0,654.0,11726053.0,78574.0,198586.0,11447310.0,11645896.0,11729263.0,11525884.0,792.0,11730846.0,11730846.0,11729261.0,4138.0,545.0,11726161.0,78165.0,161100.0,11485313.0,11646413.0,11729261.0,11563478.0,792.0,11730845.0,11730845.0,11729260.0,4135.0,2820.0,11723888.0,79085.0,768994.0,10874226.0,11643220.0,11729260.0,10953311.0,792.0,11730845.0,11730845.0,11729260.0,4134.0,2799.0,11723910.0,79232.0,741170.0,10901925.0,11643095.0,11729260.0,10981157.0,792.0,11730845.0,11730845.0,11729260.0,4133.0,2809.0,11723901.0,79453.0,1989828.0,9653037.0,11642865.0,11729260.0,9732490.0,792.0,11730845.0,11730845.0,11729260.0,4132.0,2792.0,11723919.0,78967.0,1985629.0,9657740.0,11643369.0,11729260.0,9736707.0,792.0,11726161.0,11730843.0,11730843.0,11730862.0,6336.0,6198775.0,86957814.0,630791.0,87588605.0,22.0,22.0,4.0,4.0,5.0,5.0,3.0,3.0,2.0,2.0,2.0,2.0,2.0,2.0,2.0,2.0
128x768x768w46-32-71,11853544.0,11853544.0,11851959.0,4144.0,632.0,11848766.0,78443.0,174737.0,11594003.0,11768740.0,11851959.0,11672446.0,792.0,11853526.0,11853526.0,11851941.0,4143.0,591.0,11848790.0,78892.0,203669.0,11564646.0,11768315.0,11851941.0,11643538.0,792.0,11853527.0,11853527.0,11851942.0,4142.0,591.0,11848792.0,78772.0,216896.0,11551541.0,11768437.0,11851942.0,11630313.0,792.0,11853525.0,11853525.0,11851940.0,4141.0,547.0,11848835.0,78473.0,161271.0,11607508.0,11768779.0,11851940.0,11685981.0,792.0,11853524.0,11853524.0,11851939.0,4138.0,2493.0,11846891.0,79874.0,774532.0,10990902.0,11765434.0,11851939.0,11070776.0,792.0,11853524.0,11853524.0,11851939.0,4137.0,2465.0,11846920.0,79097.0,739883.0,11026357.0,11766240.0,11851939.0,11105454.0,792.0,11853524.0,11853524.0,11851939.0,4136.0,2473.0,11846913.0,79737.0,1991752.0,9773841.0,11765593.0,11851939.0,9853578.0,792.0,11853524.0,11853524.0,11851939.0,4135.0,2465.0,11846922.0,78751.0,1985520.0,9781068.0,11766588.0,11851939.0,9859819.0,792.0,11848835.0,11853522.0,11853522.0,11853541.0,6336.0,6248260.0,87889866.0,632039.0,88521905.0,22.0,22.0,4.0,4.0,5.0,5.0,3.0,3.0,2.0,2.0,2.0,2.0,2.0,2.0,2.0,2.0
128x768x768w46-32-72,11788760.0,11788760.0,11787175.0,4155.0,629.0,11783974.0,78870.0,172432.0,11531089.0,11703521.0,11787175.0,11609959.0,792.0,11788742.0,11788742.0,11787157.0,4154.0,575.0,11784011.0,78964.0,193804.0,11509660.0,11703464.0,11787157.0,11588624.0,792.0,11788743.0,11788743.0,11787158.0,4153.0,658.0,11783930.0,78713.0,196270.0,11507364.0,11703634.0,11787158.0,11586077.0,792.0,11788741.0,11788741.0,11787156.0,4152.0,536.0,11784051.0,78594.0,159393.0,11544481.0,11703874.0,11787156.0,11623075.0,792.0,11788740.0,11788740.0,11787155.0,4149.0,2149.0,11782440.0,79284.0,778973.0,10922600.0,11701573.0,11787155.0,11001884.0,792.0,11788740.0,11788740.0,11787155.0,4148.0,2120.0,11782470.0,78779.0,742436.0,10959672.0,11702108.0,11787155.0,11038451.0,792.0,11788740.0,11788740.0,11787155.0,4147.0,2140.0,11782451.0,79073.0,1993433.0,9708362.0,11701795.0,11787155.0,9787435.0,792.0,11788740.0,11788740.0,11787155.0,4146.0,2171.0,11782421.0,79190.0,1991052.0,9710596.0,11701648.0,11787155.0,9789786.0,792.0,11784051.0,11788738.0,11788738.0,11788757.0,6336.0,6227793.0,87393824.0,631467.0,88025291.0,22.0,22.0,4.0,4.0,5.0,5.0,3.0,3.0,2.0,2.0,2.0,2.0,2.0,2.0,2.0,2.0
128x768x768w46-32-73,11827240.0,11827240.0,11825655.0,4178.0,605.0,11822455.0,79424.0,176397.0,11565051.0,11741448.0,11825655.0,11644475.0,792.0,11827222.0,11827222.0,11825637.0,4177.0,578.0,11822465.0,78526.0,203585.0,11538771.0,11742356.0,11825637.0,11617297.0,792.0,11827223.0,11827223.0,11825638.0,4176.0,588.0,11822457.0,78475.0,214961.0,11527438.0,11742399.0,11825638.0,11605913.0,792.0,11827221.0,11827221.0,11825636.0,4175.0,546.0,11822498.0,77848.0,161274.0,11581793.0,11743067.0,11825636.0,11659641.0,792.0,11827220.0,11827220.0,11825635.0,4172.0,1815.0,11821231.0,79004.0,776366.0,10964278.0,11740644.0,11825635.0,11043282.0,792.0,11827220.0,11827220.0,11825635.0,4171.0,1789.0,11821258.0,78521.0,739246.0,11001908.0,11741154.0,11825635.0,11080429.0,792.0,11827220.0,11827220.0,11825635.0,4170.0,1788.0,11821260.0,79767.0,1990445.0,9749465.0,11739910.0,11825635.0,9829232.0,792.0,11827220.0,11827220.0,11825635.0,4169.0,1804.0,11821245.0,79207.0,1987975.0,9752480.0,11740455.0,11825635.0,9831687.0,792.0,11822498.0,11827218.0,11827218.0,11827237.0,6336.0,6250249.0,87681184.0,630772.0,88311956.0,22.0,22.0,4.0,4.0,5.0,5.0,3.0,3.0,2.0,2.0,2.0,2.0,2.0,2.0,2.0,2.0
128x768x768w46-40-60,10781820.0,10781820.0,10780259.0,4212.0,517.0,10777089.0,76291.0,201816.0,10497423.0,10699239.0,10780259.0,10573714.0,780.0,10781806.0,10781806.0,10780245.0,4211.0,503.0,10777090.0,76459.0,202646.0,10496426.0,10699072.0,10780245.0,10572885.0,780.0,10781806.0,10781806.0,10780245.0,4210.0,530.0,10777064.0,75782.0,205434.0,10494289.0,10699723.0,10780245.0,10570071.0,780.0,10781806.0,10781806.0,10780245.0,4209.0,502.0,10777093.0,75191.0,187484.0,10512859.0,10700343.0,10780245.0,10588050.0,780.0,10781804.0,10781804.0,10780243.0,4206.0,923.0,10776673.0,76173.0,788535.0,9910406.0,10698941.0,10780243.0,9986579.0,780.0,10781804.0,10781804.0,10780243.0,4205.0,912.0,10776685.0,76745.0,764376.0,9934005.0,10698381.0,10780243.0,10010750.0,780.0,10781804.0,10781804.0,10780243.0,4204.0,912.0,10776686.0,77585.0,1995915.0,8701627.0,10697542.0,10780243.0,8779212.0,780.0,10781804.0,10781804.0,10780243.0,4203.0,912.0,10776687.0,76700.0,1984437.0,8713991.0,10698428.0,10780243.0,8790691.0,780.0,10777093.0,10781794.0,10781794.0,10781813.0,6240.0,6330643.0,79261026.0,610926.0,79871952.0,26.0,26.0,12.0,12.0,12.0,12.0,12.0,12.0,10.0,10.0,10.0,10.0,10.0,10.0,10.0,10.0
128x768x768w46-40-61,10797144.0,10797144.0,10795583.0,4223.0,518.0,10792401.0,76313.0,208337.0,10506192.0,10714529.0,10795583.0,10582505.0,780.0,10797130.0,10797130.0,10795569.0,4222.0,503.0,10792403.0,76627.0,209887.0,10504330.0,10714217.0,10795569.0,10580957.0,780.0,10797130.0,10797130.0,10795569.0,4221.0,534.0,10792373.0,76553.0,215782.0,10498479.0,10714261.0,10795569.0,10575032.0,780.0,10797130.0,10797130.0,10795569.0,4220.0,501.0,10792407.0,76665.0,192532.0,10521651.0,10714183.0,10795569.0,10598316.0,780.0,10797128.0,10797128.0,10795567.0,4217.0,833.0,10792076.0,76420.0,799576.0,9914521.0,10714097.0,10795567.0,9990941.0,780.0,10797128.0,10797128.0,10795567.0,4216.0,815.0,10792095.0,77428.0,763268.0,9949840.0,10713108.0,10795567.0,10027268.0,780.0,10797128.0,10797128.0,10795567.0,4215.0,818.0,10792093.0,76453.0,1998371.0,8715710.0,10714081.0,10795567.0,8792163.0,780.0,10797128.0,10797128.0,10795567.0,4214.0,820.0,10792092.0,77231.0,2000240.0,8713062.0,10713302.0,10795567.0,8790293.0,780.0,10792407.0,10797118.0,10797118.0,10797137.0,6240.0,6387993.0,79323785.0,613690.0,79937475.0,26.0,26.0,12.0,12.0,12.0,12.0,12.0,12.0,10.0,10.0,10.0,10.0,10.0,10.0,10.0,10.0
128x768x768w46-48-48,10783545.0,10783545.0,10782008.0,3947.0,633.0,10778963.0,76259.0,127539.0,10573630.0,10701169.0,10782008.0,10649889.0,768.0,10783542.0,10783542.0,10782005.0,3946.0,609.0,10778985.0,76119.0,147871.0,10553460.0,10701331.0,10782005.0,10629579.0,768.0,10783541.0,10783541.0,10782004.0,3945.0,649.0,10778945.0,77098.0,145233.0,10555079.0,10700312.0,10782004.0,10632177.0,768.0,10783540.0,10783540.0,10782003.0,3944.0,594.0,10779000.0,75837.0,116194.0,10585434.0,10701628.0,10782003.0,10661271.0,768.0,10783537.0,10783537.0,10782000.0,3941.0,2985.0,10776609.0,76299.0,717605.0,9981170.0,10698775.0,10782000.0,10057469.0,768.0,10783536.0,10783536.0,10781999.0,3940.0,2960.0,10776634.0,74130.0,689884.0,10011085.0,10700969.0,10781999.0,10085215.0,768.0,10783535.0,10783535.0,10781998.0,3939.0,2959.0,10776635.0,73589.0,1935597.0,8765914.0,10701511.0,10781998.0,8839503.0,768.0,10783534.0,10783534.0,10781997.0,3938.0,2958.0,10776636.0,74537.0,1919925.0,8780639.0,10700564.0,10781997.0,8855176.0,768.0,10779000.0,10783531.0,10783531.0,10783550.0,6144.0,5799848.0,79806411.0,603868.0,80410279.0,14.0,14.0,11.0,11.0,10.0,10.0,9.0,9.0,6.0,6.0,5.0,5.0,4.0,4.0,3.0,3.0
128x768x768w46-48-49,10812248.0,10812248.0,10810711.0,3996.0,623.0,10807627.0,75194.0,161839.0,10569059.0,10730898.0,10810711.0,10644253.0,768.0,10812230.0,10812230.0,10810693.0,3995.0,608.0,10807625.0,76216.0,160530.0,10569344.0,10729874.0,10810693.0,10645560.0,768.0,10812231.0,10812231.0,10810694.0,3994.0,609.0,10807626.0,76741.0,166622.0,10562728.0,10729350.0,10810694.0,10639469.0,768.0,10812229.0,10812229.0,10810692.0,3993.0,579.0,10807655.0,76982.0,139532.0,10589606.0,10729138.0,10810692.0,10666588.0,768.0,10812228.0,10812228.0,10810691.0,3990.0,2247.0,10805989.0,77315.0,744773.0,9982366.0,10727139.0,10810691.0,10059681.0,768.0,10812228.0,10812228.0,10810691.0,3989.0,2207.0,10806030.0,77081.0,716769.0,10010645.0,10727414.0,10810691.0,10087726.0,768.0,10812228.0,10812228.0,10810691.0,3988.0,2241.0,10805997.0,76431.0,1960953.0,8767078.0,10728031.0,10810691.0,8843509.0,768.0,10812228.0,10812228.0,10810691.0,3987.0,2207.0,10806032.0,77413.0,1949102.0,8777982.0,10727084.0,10810691.0,8855395.0,768.0,10807655.0,10812226.0,10812226.0,10812245.0,6144.0,6000120.0,79828808.0,613373.0,80442181.0,22.0,22.0,4.0,4.0,5.0,5.0,3.0,3.0,2.0,2.0,2.0,2.0,2.0,2.0,2.0,2.0
128x768x768w46-48-50,10802319.0,10802319.0,10800782.0,4052.0,632.0,10797633.0,76342.0,146534.0,10573222.0,10719756.0,10800782.0,10649564.0,768.0,10802301.0,10802301.0,10800764.0,4051.0,607.0,10797641.0,75952.0,152631.0,10567523.0,10720154.0,10800764.0,10643475.0,768.0,10802302.0,10802302.0,10800765.0,4050.0,611.0,10797639.0,76349.0,151712.0,10568043.0,10719755.0,10800765.0,10644392.0,768.0,10802300.0,10802300.0,10800763.0,4049.0,582.0,10797667.0,77107.0,130366.0,10588659.0,10719025.0,10800763.0,10665766.0,768.0,10802299.0,10802299.0,10800762.0,4046.0,1521.0,10796730.0,78251.0,742905.0,9974039.0,10716944.0,10800762.0,10052290.0,768.0,10802299.0,10802299.0,10800762.0,4045.0,1494.0,10796758.0,76839.0,717481.0,10000903.0,10718384.0,10800762.0,10077742.0,768.0,10802299.0,10802299.0,10800762.0,4044.0,1494.0,10796759.0,78694.0,1954459.0,8762071.0,10716530.0,10800762.0,8840765.0,768.0,10802299.0,10802299.0,10800762.0,4043.0,1478.0,10796776.0,78344.0,1939320.0,8777577.0,10716897.0,10800762.0,8855921.0,768.0,10797667.0,10802297.0,10802297.0,10802316.0,6144.0,5935408.0,79812037.0,617878.0,80429915.0,22.0,22.0,4.0,4.0,5.0,5.0,3.0,3.0,2.0,2.0,2.0,2.0,2.0,2.0,2.0,2.0
128x768x768w46-48-51,10807468.0,10807468.0,10805931.0,4062.0,609.0,10802795.0,76654.0,153555.0,10571051.0,10724606.0,10805931.0,10647705.0,768.0,10807450.0,10807450.0,10805913.0,4061.0,583.0,10802804.0,75629.0,153930.0,10571710.0,10725640.0,10805913.0,10647339.0,768.0,10807451.0,10807451.0,10805914.0,4060.0,584.0,10802805.0,76863.0,160624.0,10563783.0,10724407.0,10805914.0,10640646.0,768.0,10807449.0,10807449.0,10805912.0,4059.0,582.0,10802806.0,76589.0,133494.0,10591188.0,10724682.0,10805912.0,10667777.0,768.0,10807448.0,10807448.0,10805911.0,4056.0,803.0,10802587.0,77939.0,742923.0,9980190.0,10723113.0,10805911.0,10058129.0,768.0,10807448.0,10807448.0,10805911.0,4055.0,803.0,10802588.0,76972.0,715791.0,10008290.0,10724081.0,10805911.0,10085262.0,768.0,10807448.0,10807448.0,10805911.0,4054.0,803.0,10802589.0,78531.0,1953571.0,8768952.0,10722523.0,10805911.0,8847483.0,768.0,10807448.0,10807448.0,10805911.0,4053.0,803.0,10802590.0,78232.0,1946771.0,8776052.0,10722823.0,10805911.0,8854284.0,768.0,10802806.0,10807446.0,10807446.0,10807465.0,6144.0,5960659.0,79831216.0,617409.0,80448625.0,22.0,22.0,4.0,4.0,5.0,5.0,3.0,3.0,2.0,2.0,2.0,2.0,2.0,2.0,2.0,2.0
128x768x768w46-48-52,10777654.0,10777654.0,10776213.0,4076.0,690.0,10772886.0,70970.0,141735.0,10558742.0,10700477.0,10776213.0,10629712.0,720.0,10777636.0,10777636.0,10776195.0,4075.0,671.0,10772888.0,70224.0,147368.0,10553857.0,10701225.0,10776195.0,10624081.0,720.0,10777637.0,10777637.0,10776196.0,4074.0,691.0,10772870.0,70297.0,146747.0,10554387.0,10701134.0,10776196.0,10624684.0,720.0,10777635.0,10777635.0,10776194.0,4073.0,632.0,10772928.0,70529.0,131924.0,10569036.0,10700960.0,10776194.0,10639565.0,720.0,10777634.0,10777634.0,10776193.0,4070.0,2639.0,10770923.0,72029.0,737654.0,9959801.0,10697455.0,10776193.0,10031830.0,720.0,10777634.0,10777634.0,10776193.0,4069.0,2616.0,10770947.0,71104.0,715473.0,9982931.0,10698404.0,10776193.0,10054035.0,720.0,10777634.0,10777634.0,10776193.0,4068.0,2616.0,10770948.0,71299.0,1954774.0,8743436.0,10698210.0,10776193.0,8814735.0,720.0,10777634.0,10777634.0,10776193.0,4067.0,2584.0,10770981.0,70835.0,1943788.0,8754919.0,10698707.0,10776193.0,8825754.0,720.0,10772928.0,10777632.0,10777632.0,10777651.0,5760.0,5919463.0,79677109.0,567287.0,80244396.0,22.0,22.0,4.0,4.0,5.0,5.0,3.0,3.0,2.0,2.0,2.0,2.0,2.0,2.0,2.0,2.0
128x768x768w46-56-43,10841325.0,10841325.0,10839812.0,4067.0,649.0,10836607.0,75822.0,196734.0,10562540.0,10759274.0,10839812.0,10638362.0,756.0,10841307.0,10841307.0,10839794.0,4066.0,635.0,10836604.0,74557.0,192966.0,10567570.0,10760536.0,10839794.0,10642127.0,756.0,10841308.0,10841308.0,10839795.0,4065.0,636.0,10836605.0,75554.0,200132.0,10559408.0,10759540.0,10839795.0,10634962.0,756.0,10841306.0,10841306.0,10839793.0,4067.0,612.0,10836625.0,75126.0,166706.0,10593282.0,10759988.0,10839793.0,10668408.0,756.0,10841305.0,10841305.0,10839792.0,4065.0,2128.0,10835110.0,75818.0,772849.0,9984932.0,10757781.0,10839792.0,10060750.0,756.0,10841305.0,10841305.0,10839792.0,4065.0,2116.0,10835122.0,75501.0,743922.0,10014188.0,10758110.0,10839792.0,10089689.0,756.0,10841305.0,10841305.0,10839792.0,4065.0,2151.0,10835087.0,75627.0,1986044.0,8771905.0,10757949.0,10839792.0,8847532.0,756.0,10841305.0,10841305.0,10839792.0,4065.0,2106.0,10835132.0,75247.0,1971017.0,8787357.0,10758374.0,10839792.0,8862604.0,756.0,10836628.0,10841303.0,10841303.0,10841322.0,6048.0,6230370.0,79841182.0,603252.0,80444434.0,22.0,22.0,4.0,4.0,5.0,5.0,3.0,3.0,2.0,2.0,2.0,2.0,2.0,2.0,2.0,2.0
128x768x768w46-56-44,10828339.0,10828339.0,10826826.0,4090.0,634.0,10823613.0,76008.0,180797.0,10565297.0,10746094.0,10826826.0,10641305.0,756.0,10828329.0,10828329.0,10826816.0,4089.0,672.0,10823566.0,75814.0,184248.0,10561993.0,10746241.0,10826816.0,10637807.0,756.0,10828328.0,10828328.0,10826815.0,4088.0,674.0,10823564.0,75043.0,190183.0,10556827.0,10747010.0,10826815.0,10631870.0,756.0,10828327.0,10828327.0,10826814.0,4087.0,671.0,10823567.0,74072.0,169962.0,10578022.0,10747984.0,10826814.0,10652094.0,756.0,10828324.0,10828324.0,10826811.0,4087.0,1515.0,10822720.0,75538.0,773186.0,9972485.0,10745671.0,10826811.0,10048023.0,756.0,10828323.0,10828323.0,10826810.0,4086.0,1494.0,10822741.0,75634.0,748421.0,9997175.0,10745596.0,10826810.0,10072809.0,756.0,10828322.0,10828322.0,10826809.0,4088.0,1492.0,10822740.0,75696.0,1989814.0,8755719.0,10745533.0,10826809.0,8831415.0,756.0,10828321.0,10828321.0,10826808.0,4085.0,1469.0,10822765.0,75199.0,1972922.0,8773133.0,10746055.0,10826808.0,8848332.0,756.0,10823613.0,10828318.0,10828318.0,10828337.0,6048.0,6209533.0,79760651.0,603004.0,80363655.0,21.0,21.0,11.0,11.0,10.0,10.0,9.0,9.0,6.0,6.0,5.0,5.0,4.0,4.0,3.0,3.0
128x768x768w46-56-45,10845571.0,10845571.0,10844058.0,4100.0,634.0,10840835.0,76432.0,189098.0,10573794.0,10762892.0,10844058.0,10650226.0,756.0,10845561.0,10845561.0,10844048.0,4099.0,624.0,10840836.0,75865.0,193554.0,10569906.0,10763460.0,10844048.0,10645771.0,756.0,10845560.0,10845560.0,10844047.0,4098.0,638.0,10840822.0,75077.0,200555.0,10563679.0,10764234.0,10844047.0,10638756.0,756.0,10845559.0,10845559.0,10844046.0,4097.0,646.0,10840814.0,73807.0,172665.0,10592831.0,10765496.0,10844046.0,10666638.0,756.0,10845556.0,10845556.0,10844043.0,4097.0,822.0,10840635.0,75232.0,779052.0,9984840.0,10763892.0,10844043.0,10060072.0,756.0,10845555.0,10845555.0,10844042.0,4096.0,821.0,10840636.0,75338.0,748142.0,10015645.0,10763787.0,10844042.0,10090983.0,756.0,10845554.0,10845554.0,10844041.0,4098.0,820.0,10840634.0,75924.0,1989439.0,8773760.0,10763199.0,10844041.0,8849684.0,756.0,10845553.0,10845553.0,10844040.0,4095.0,819.0,10840637.0,74891.0,1972838.0,8791397.0,10764235.0,10844040.0,8866288.0,756.0,10840836.0,10845550.0,10845550.0,10845569.0,6048.0,6245343.0,79865852.0,602566.0,80468418.0,21.0,21.0,11.0,11.0,10.0,10.0,9.0,9.0,6.0,6.0,5.0,5.0,4.0,4.0,3.0,3.0
128x768x768w46-64-35,11691758.0,11691758.0,11690173.0,4047.0,808.0,11686901.0,78089.0,204829.0,11402400.0,11607229.0,11690173.0,11480489.0,792.0,11691748.0,11691748.0,11690163.0,4046.0,778.0,11686922.0,78475.0,221837.0,11385027.0,11606864.0,11690163.0,11463502.0,792.0,11691747.0,11691747.0,11690162.0,4045.0,787.0,11686913.0,78717.0,222627.0,11383986.0,11606613.0,11690162.0,11462703.0,792.0,11691746.0,11691746.0,11690161.0,4044.0,730.0,11686970.0,78835.0,162062.0,11444490.0,11606552.0,11690161.0,11523325.0,792.0,11691743.0,11691743.0,11690158.0,4041.0,2970.0,11684730.0,78984.0,780041.0,10824122.0,11604163.0,11690158.0,10903106.0,792.0,11691742.0,11691742.0,11690157.0,4040.0,2949.0,11684751.0,78308.0,747535.0,10857325.0,11604860.0,11690157.0,10935633.0,792.0,11691741.0,11691741.0,11690156.0,4039.0,2950.0,11684750.0,79358.0,2011024.0,9592785.0,11603809.0,11690156.0,9672143.0,792.0,11691740.0,11691740.0,11690155.0,4038.0,2955.0,11684745.0,78169.0,2002888.0,9602105.0,11604993.0,11690155.0,9680274.0,792.0,11686970.0,11691737.0,11691737.0,11691756.0,6336.0,6352843.0,86492240.0,628935.0,87121175.0,21.0,21.0,11.0,11.0,10.0,10.0,9.0,9.0,6.0,6.0,5.0,5.0,4.0,4.0,3.0,3.0
128x768x768w46-64-36,11713428.0,11713428.0,11711843.0,4059.0,922.0,11708445.0,79106.0,181005.0,11446751.0,11627756.0,11711843.0,11525857.0,792.0,11713418.0,11713418.0,11711833.0,4058.0,811.0,11708547.0,78368.0,235530.0,11393066.0,11628596.0,11711833.0,11471434.0,792.0,11713417.0,11713417.0,11711832.0,4057.0,779.0,11708579.0,78932.0,242378.0,11385686.0,11628064.0,11711832.0,11464618.0,792.0,11713416.0,11713416.0,11711831.0,4056.0,733.0,11708625.0,77690.0,156689.0,11472663.0,11629352.0,11711831.0,11550353.0,792.0,11713413.0,11713413.0,11711828.0,4053.0,1587.0,11707771.0,79056.0,781753.0,10845379.0,11627132.0,11711828.0,10924435.0,792.0,11713412.0,11713412.0,11711827.0,4052.0,1557.0,11707801.0,78194.0,749603.0,10878421.0,11628024.0,11711827.0,10956615.0,792.0,11713411.0,11713411.0,11711826.0,4051.0,1554.0,11707804.0,78953.0,2005234.0,9622034.0,11627268.0,11711826.0,9700987.0,792.0,11713410.0,11713410.0,11711825.0,4050.0,1558.0,11707800.0,79044.0,1999819.0,9627354.0,11627173.0,11711825.0,9706398.0,792.0,11708625.0,11713407.0,11713407.0,11713426.0,6336.0,6352011.0,86671354.0,629343.0,87300697.0,21.0,21.0,11.0,11.0,10.0,10.0,9.0,9.0,6.0,6.0,5.0,5.0,4.0,4.0,3.0,3.0
128x768x768w46-64-37,11709266.0,11709266.0,11707753.0,4091.0,837.0,11704336.0,76098.0,215502.0,11411225.0,11626727.0,11707753.0,11487323.0,756.0,11709256.0,11709256.0,11707743.0,4090.0,902.0,11704262.0,77178.0,274153.0,11351420.0,11625573.0,11707743.0,11428598.0,756.0,11709255.0,11709255.0,11707742.0,4089.0,877.0,11704287.0,76334.0,300910.0,11325532.0,11626442.0,11707742.0,11401866.0,756.0,11709254.0,11709254.0,11707741.0,4088.0,764.0,11704400.0,75895.0,162800.0,11464194.0,11626994.0,11707741.0,11540089.0,756.0,11709251.0,11709251.0,11707738.0,4085.0,2628.0,11702536.0,76046.0,789624.0,10835355.0,11624979.0,11707738.0,10911401.0,756.0,11709250.0,11709250.0,11707737.0,4084.0,2617.0,11702547.0,76380.0,745184.0,10879472.0,11624656.0,11707737.0,10955852.0,756.0,11709249.0,11709249.0,11707736.0,4083.0,2627.0,11702537.0,76250.0,2000559.0,9624217.0,11624776.0,11707736.0,9700467.0,756.0,11709248.0,11709248.0,11707735.0,4082.0,2624.0,11702540.0,76261.0,1997961.0,9626807.0,11624768.0,11707735.0,9703068.0,756.0,11704400.0,11709245.0,11709245.0,11709264.0,6048.0,6486693.0,86518222.0,610442.0,87128664.0,21.0,21.0,11.0,11.0,10.0,10.0,9.0,9.0,6.0,6.0,5.0,5.0,4.0,4.0,3.0,3.0
128x768x768w46-64-38,11741861.0,11741861.0,11740348.0,4087.0,780.0,11736992.0,76275.0,182234.0,11476972.0,11659206.0,11740348.0,11553247.0,756.0,11741843.0,11741843.0,11740330.0,4086.0,797.0,11736958.0,75575.0,251735.0,11408137.0,11659872.0,11740330.0,11483712.0,756.0,11741844.0,11741844.0,11740331.0,4085.0,905.0,11736852.0,75813.0,241255.0,11418273.0,11659528.0,11740331.0,11494086.0,756.0,11741842.0,11741842.0,11740329.0,4084.0,746.0,11737010.0,75040.0,166123.0,11494336.0,11660459.0,11740329.0,11569376.0,756.0,11741841.0,11741841.0,11740328.0,4081.0,1345.0,11736413.0,76515.0,782394.0,10875993.0,11658387.0,11740328.0,10952508.0,756.0,11741841.0,11741841.0,11740328.0,4080.0,1308.0,11736451.0,76008.0,748091.0,10910841.0,11658932.0,11740328.0,10986849.0,756.0,11741841.0,11741841.0,11740328.0,4079.0,1302.0,11736458.0,76430.0,2006987.0,9651530.0,11658517.0,11740328.0,9727960.0,756.0,11741841.0,11741841.0,11740328.0,4078.0,1300.0,11736461.0,76803.0,2001171.0,9656976.0,11658147.0,11740328.0,9733779.0,756.0,11737010.0,11741839.0,11741839.0,11741858.0,6048.0,6379990.0,86893058.0,608459.0,87501517.0,22.0,22.0,4.0,4.0,5.0,5.0,3.0,3.0,2.0,2.0,2.0,2.0,2.0,2.0,2.0,2.0
128x768x768w47-32-71,11777956.0,11777956.0,11776371.0,4200.0,550.0,11773204.0,78016.0,155659.0,11537946.0,11693605.0,11776371.0,11615962.0,792.0,11777946.0,11777946.0,11776361.0,4199.0,538.0,11773207.0,78872.0,176405.0,11516347.0,11692752.0,11776361.0,11595219.0,792.0,11777945.0,11777945.0,11776360.0,4198.0,2457.0,11771288.0,79461.0,777114.0,10913130.0,11690244.0,11776360.0,10992591.0,792.0,11777944.0,11777944.0,11776359.0,4197.0,2463.0,11771282.0,78207.0,746065.0,10945427.0,11691492.0,11776359.0,11023634.0,792.0,11777941.0,11777941.0,11776356.0,4194.0,2471.0,11771274.0,78483.0,751038.0,10940170.0,11691208.0,11776356.0,11018653.0,792.0,11777940.0,11777940.0,11776355.0,4193.0,2420.0,11771325.0,78675.0,735397.0,10955670.0,11691067.0,11776355.0,11034345.0,792.0,11777939.0,11777939.0,11776354.0,4192.0,2429.0,11771316.0,78534.0,742707.0,10948492.0,11691199.0,11776354.0,11027026.0,792.0,11777938.0,11777938.0,11776353.0,4191.0,2418.0,11771327.0,78504.0,2001494.0,9689746.0,11691240.0,11776353.0,9768250.0,792.0,11773207.0,11777935.0,11777935.0,11777954.0,6336.0,6085879.0,87446928.0,628752.0,88075680.0,21.0,21.0,11.0,11.0,10.0,10.0,9.0,9.0,6.0,6.0,5.0,5.0,4.0,4.0,3.0,3.0
128x768x768w47-40-60,10779841.0,10779841.0,10778280.0,4232.0,542.0,10775065.0,76145.0,193555.0,10503806.0,10697361.0,10778280.0,10579951.0,780.0,10779827.0,10779827.0,10778266.0,4231.0,497.0,10775097.0,76487.0,191829.0,10505222.0,10697051.0,10778266.0,10581709.0,780.0,10779827.0,10779827.0,10778266.0,4230.0,928.0,10774667.0,75577.0,799489.0,9898042.0,10697531.0,10778266.0,9973619.0,780.0,10779827.0,10779827.0,10778266.0,4229.0,932.0,10774664.0,74096.0,782510.0,9916499.0,10699009.0,10778266.0,9990595.0,780.0,10779825.0,10779825.0,10778264.0,4226.0,927.0,10774670.0,77024.0,781645.0,9914442.0,10696087.0,10778264.0,9991466.0,780.0,10779825.0,10779825.0,10778264.0,4225.0,915.0,10774683.0,76703.0,764624.0,9931797.0,10696421.0,10778264.0,10008500.0,780.0,10779825.0,10779825.0,10778264.0,4224.0,909.0,10774690.0,76962.0,765264.0,9930905.0,10696169.0,10778264.0,10007867.0,780.0,10779825.0,10779825.0,10778264.0,4223.0,909.0,10774691.0,76323.0,1975591.0,8721218.0,10696809.0,10778264.0,8797541.0,780.0,10775097.0,10779815.0,10779815.0,10779834.0,6240.0,6254507.0,79321931.0,609317.0,79931248.0,26.0,26.0,12.0,12.0,12.0,12.0,12.0,12.0,10.0,10.0,10.0,10.0,10.0,10.0,10.0,10.0
128x768x768w47-48-48,10770334.0,10770334.0,10768797.0,3962.0,580.0,10765790.0,75803.0,121760.0,10566692.0,10688452.0,10768797.0,10642495.0,768.0,10770331.0,10770331.0,10768794.0,3961.0,606.0,10765762.0,74648.0,127134.0,10562445.0,10689579.0,10768794.0,10637093.0,768.0,10770330.0,10770330.0,10768793.0,3960.0,2968.0,10763400.0,76594.0,727691.0,9957580.0,10685271.0,10768793.0,10034174.0,768.0,10770329.0,10770329.0,10768792.0,3959.0,2940.0,10763428.0,75254.0,703019.0,9983620.0,10686639.0,10768792.0,10058874.0,768.0,10770326.0,10770326.0,10768789.0,3956.0,2920.0,10763448.0,76589.0,701210.0,9984114.0,10685324.0,10768789.0,10060703.0,768.0,10770325.0,10770325.0,10768788.0,3955.0,2933.0,10763435.0,75247.0,685022.0,10001631.0,10686653.0,10768788.0,10076878.0,768.0,10770324.0,10770324.0,10768787.0,3954.0,2944.0,10763424.0,74439.0,687536.0,9999914.0,10687450.0,10768787.0,10074353.0,768.0,10770323.0,10770323.0,10768786.0,3953.0,2880.0,10763488.0,74882.0,1910171.0,8776900.0,10687071.0,10768786.0,8851782.0,768.0,10765790.0,10770320.0,10770320.0,10770339.0,6144.0,5663543.0,79832896.0,603456.0,80436352.0,14.0,14.0,11.0,11.0,10.0,10.0,9.0,9.0,6.0,6.0,5.0,5.0,4.0,4.0,3.0,3.0
128x768x768w47-48-49,10788680.0,10788680.0,10787143.0,3964.0,614.0,10784100.0,72323.0,144790.0,10565452.0,10710242.0,10787143.0,10637775.0,768.0,10788662.0,10788662.0,10787125.0,3963.0,571.0,10784126.0,71652.0,138627.0,10572312.0,10710939.0,10787125.0,10643964.0,768.0,10788663.0,10788663.0,10787126.0,3962.0,2209.0,10782490.0,74357.0,752204.0,9954394.0,10706598.0,10787126.0,10028751.0,768.0,10788661.0,10788661.0,10787124.0,3961.0,2195.0,10782503.0,74796.0,722073.0,9984099.0,10706172.0,10787124.0,10058895.0,768.0,10788660.0,10788660.0,10787123.0,3958.0,2188.0,10782512.0,75729.0,724354.0,9980894.0,10705248.0,10787123.0,10056623.0,768.0,10788660.0,10788660.0,10787123.0,3957.0,2172.0,10782529.0,75507.0,701910.0,10003577.0,10705487.0,10787123.0,10079084.0,768.0,10788660.0,10788660.0,10787123.0,3956.0,2175.0,10782527.0,77394.0,706585.0,9997013.0,10703598.0,10787123.0,10074407.0,768.0,10788660.0,10788660.0,10787123.0,3955.0,2190.0,10782513.0,76047.0,1932807.0,8772124.0,10704931.0,10787123.0,8848171.0,768.0,10784126.0,10788658.0,10788658.0,10788677.0,6144.0,5823350.0,79829865.0,597805.0,80427670.0,22.0,22.0,4.0,4.0,5.0,5.0,3.0,3.0,2.0,2.0,2.0,2.0,2.0,2.0,2.0,2.0
128x768x768w47-48-50,10797257.0,10797257.0,10795720.0,4071.0,588.0,10792596.0,75491.0,137136.0,10578434.0,10715570.0,10795720.0,10653925.0,768.0,10797239.0,10797239.0,10795702.0,4070.0,581.0,10792586.0,75110.0,141726.0,10574215.0,10715941.0,10795702.0,10649325.0,768.0,10797240.0,10797240.0,10795703.0,4069.0,1495.0,10791674.0,77592.0,751121.0,9961426.0,10712547.0,10795703.0,10039018.0,768.0,10797238.0,10797238.0,10795701.0,4068.0,1468.0,10791700.0,76311.0,724549.0,9989305.0,10713854.0,10795701.0,10065616.0,768.0,10797237.0,10797237.0,10795700.0,4065.0,1477.0,10791693.0,78058.0,724682.0,9987418.0,10712100.0,10795700.0,10065476.0,768.0,10797237.0,10797237.0,10795700.0,4064.0,1469.0,10791702.0,76927.0,712747.0,10000493.0,10713240.0,10795700.0,10077420.0,768.0,10797237.0,10797237.0,10795700.0,4063.0,1455.0,10791717.0,77863.0,714599.0,9997720.0,10712319.0,10795700.0,10075583.0,768.0,10797237.0,10797237.0,10795700.0,4062.0,1459.0,10791714.0,77946.0,1927528.0,8784705.0,10712233.0,10795700.0,8862651.0,768.0,10792596.0,10797235.0,10797235.0,10797254.0,6144.0,5834088.0,79873716.0,615298.0,80489014.0,22.0,22.0,4.0,4.0,5.0,5.0,3.0,3.0,2.0,2.0,2.0,2.0,2.0,2.0,2.0,2.0
128x768x768w47-48-51,10795086.0,10795086.0,10793549.0,4090.0,566.0,10790428.0,76241.0,137021.0,10575631.0,10712652.0,10793549.0,10651872.0,768.0,10795088.0,10795088.0,10793551.0,4089.0,560.0,10790437.0,75335.0,140845.0,10572722.0,10713567.0,10793551.0,10648057.0,768.0,10795087.0,10795087.0,10793550.0,4088.0,780.0,10790217.0,77018.0,745501.0,9966163.0,10711664.0,10793550.0,10043181.0,768.0,10795086.0,10795086.0,10793549.0,4087.0,779.0,10790218.0,76417.0,727175.0,9985091.0,10712266.0,10793549.0,10061508.0,768.0,10795083.0,10795083.0,10793546.0,4084.0,776.0,10790221.0,78217.0,723686.0,9986783.0,10710469.0,10793546.0,10065000.0,768.0,10795082.0,10795082.0,10793545.0,4083.0,775.0,10790222.0,77150.0,712801.0,9998736.0,10711537.0,10793545.0,10075886.0,768.0,10795081.0,10795081.0,10793544.0,4082.0,774.0,10790223.0,78764.0,708641.0,10001283.0,10709924.0,10793544.0,10080047.0,768.0,10795080.0,10795080.0,10793543.0,4081.0,773.0,10790224.0,78251.0,1936869.0,8773569.0,10710438.0,10793543.0,8851820.0,768.0,10790437.0,10795077.0,10795077.0,10795096.0,6144.0,5832539.0,79859978.0,617393.0,80477371.0,9.0,9.0,11.0,11.0,10.0,10.0,9.0,9.0,6.0,6.0,5.0,5.0,4.0,4.0,3.0,3.0
128x768x768w47-56-43,10831623.0,10831623.0,10830110.0,4087.0,628.0,10826906.0,75684.0,185244.0,10564467.0,10749711.0,10830110.0,10640151.0,756.0,10831605.0,10831605.0,10830092.0,4086.0,667.0,10826850.0,74568.0,183556.0,10567215.0,10750771.0,10830092.0,10641783.0,756.0,10831606.0,10831606.0,10830093.0,4085.0,2190.0,10825329.0,75304.0,789748.0,9958766.0,10748514.0,10830093.0,10034070.0,756.0,10831604.0,10831604.0,10830091.0,4087.0,2181.0,10825334.0,75281.0,767032.0,9981510.0,10748542.0,10830091.0,10056791.0,756.0,10831603.0,10831603.0,10830090.0,4085.0,2184.0,10825332.0,76115.0,765583.0,9982123.0,10747706.0,10830090.0,10058238.0,756.0,10831603.0,10831603.0,10830090.0,4085.0,2166.0,10825350.0,75736.0,738894.0,10009209.0,10748103.0,10830090.0,10084945.0,756.0,10831603.0,10831603.0,10830090.0,4085.0,2169.0,10825347.0,75413.0,744662.0,10003761.0,10748423.0,10830090.0,10079174.0,756.0,10831603.0,10831603.0,10830090.0,4085.0,2135.0,10825381.0,74741.0,1960933.0,8788196.0,10749129.0,10830090.0,8862937.0,756.0,10826906.0,10831601.0,10831601.0,10831620.0,6048.0,6135652.0,79855247.0,602842.0,80458089.0,22.0,22.0,4.0,4.0,5.0,5.0,3.0,3.0,2.0,2.0,2.0,2.0,2.0,2.0,2.0,2.0
128x768x768w47-56-44,10825916.0,10825916.0,10824403.0,4092.0,618.0,10821204.0,75504.0,176249.0,10567940.0,10744189.0,10824403.0,10643444.0,756.0,10825898.0,10825898.0,10824385.0,4091.0,596.0,10821209.0,74913.0,179696.0,10565089.0,10744785.0,10824385.0,10640002.0,756.0,10825899.0,10825899.0,10824386.0,4090.0,1450.0,10820357.0,75848.0,790861.0,9952137.0,10742998.0,10824386.0,10027985.0,756.0,10825897.0,10825897.0,10824384.0,4092.0,1432.0,10820371.0,75304.0,768125.0,9975431.0,10743556.0,10824384.0,10050735.0,756.0,10825896.0,10825896.0,10824383.0,4090.0,1432.0,10820372.0,76120.0,765913.0,9976828.0,10742741.0,10824383.0,10052948.0,756.0,10825896.0,10825896.0,10824383.0,4090.0,1398.0,10820406.0,75684.0,746819.0,9996392.0,10743211.0,10824383.0,10072076.0,756.0,10825896.0,10825896.0,10824383.0,4090.0,1456.0,10820348.0,76247.0,749210.0,9993380.0,10742590.0,10824383.0,10069627.0,756.0,10825896.0,10825896.0,10824383.0,4090.0,1458.0,10820346.0,75595.0,1969410.0,8773830.0,10743240.0,10824383.0,8849425.0,756.0,10821209.0,10825894.0,10825894.0,10825913.0,6048.0,6146283.0,79801027.0,605215.0,80406242.0,22.0,22.0,4.0,4.0,5.0,5.0,3.0,3.0,2.0,2.0,2.0,2.0,2.0,2.0,2.0,2.0
128x768x768w47-64-36,11757920.0,11757920.0,11756335.0,4083.0,829.0,11753006.0,79527.0,176263.0,11495633.0,11671896.0,11756335.0,11575160.0,792.0,11757910.0,11757910.0,11756325.0,4082.0,715.0,11753111.0,78700.0,228662.0,11444166.0,11672828.0,11756325.0,11522866.0,792.0,11757909.0,11757909.0,11756324.0,4081.0,1581.0,11752245.0,78797.0,830504.0,10841361.0,11671865.0,11756324.0,10920158.0,792.0,11757908.0,11757908.0,11756323.0,4080.0,1537.0,11752289.0,77604.0,768331.0,10904771.0,11673102.0,11756323.0,10982375.0,792.0,11757905.0,11757905.0,11756320.0,4077.0,1544.0,11752282.0,78649.0,760141.0,10911909.0,11672050.0,11756320.0,10990558.0,792.0,11757904.0,11757904.0,11756319.0,4076.0,1517.0,11752309.0,78082.0,738593.0,10934051.0,11672644.0,11756319.0,11012133.0,792.0,11757903.0,11757903.0,11756318.0,4075.0,1510.0,11752316.0,78776.0,743183.0,10928774.0,11671957.0,11756318.0,11007550.0,792.0,11757902.0,11757902.0,11756317.0,4074.0,1543.0,11752283.0,78839.0,2011457.0,9660404.0,11671861.0,11756317.0,9739243.0,792.0,11753111.0,11757899.0,11757899.0,11757918.0,6336.0,6257134.0,87121069.0,628974.0,87750043.0,21.0,21.0,11.0,11.0,10.0,10.0,9.0,9.0,6.0,6.0,5.0,5.0,4.0,4.0,3.0,3.0
128x768x768w47-64-37,11693582.0,11693582.0,11692069.0,4100.0,720.0,11688760.0,76150.0,181635.0,11429464.0,11611099.0,11692069.0,11505614.0,756.0,11693586.0,11693586.0,11692073.0,4099.0,911.0,11688574.0,76584.0,254130.0,11356349.0,11610479.0,11692073.0,11432933.0,756.0,11693585.0,11693585.0,11692072.0,4098.0,2608.0,11686877.0,76135.0,838286.0,10770945.0,11609231.0,11692072.0,10847080.0,756.0,11693584.0,11693584.0,11692071.0,4097.0,2534.0,11686951.0,75956.0,752179.0,10857305.0,11609484.0,11692071.0,10933261.0,756.0,11693581.0,11693581.0,11692068.0,4094.0,2533.0,11686952.0,76435.0,758367.0,10850639.0,11609006.0,11692068.0,10927074.0,756.0,11693580.0,11693580.0,11692067.0,4093.0,2521.0,11686964.0,76864.0,733203.0,10875386.0,11608589.0,11692067.0,10952250.0,756.0,11693579.0,11693579.0,11692066.0,4092.0,2530.0,11686955.0,76352.0,739101.0,10869991.0,11609092.0,11692066.0,10946343.0,756.0,11693578.0,11693578.0,11692065.0,4091.0,2503.0,11686982.0,76398.0,1996341.0,9612732.0,11609073.0,11692065.0,9689130.0,756.0,11688760.0,11693575.0,11693575.0,11693594.0,6048.0,6253242.0,86622811.0,610874.0,87233685.0,7.0,7.0,11.0,11.0,10.0,10.0,9.0,9.0,6.0,6.0,5.0,5.0,4.0,4.0,3.0,3.0
128x768x768w48-48-48,10185274.0,10185274.0,10183737.0,3902.0,636.0,10180734.0,76416.0,134892.0,9967891.0,10102783.0,10183737.0,10044307.0,768.0,10185259.0,10185259.0,10183722.0,3901.0,639.0,10180717.0,73637.0,148836.0,9956709.0,10105545.0,10183722.0,10030346.0,768.0,10185259.0,10185259.0,10183722.0,3900.0,622.0,10180735.0,76316.0,137302.0,9965582.0,10102884.0,10183722.0,10041898.0,768.0,10185259.0,10185259.0,10183722.0,3899.0,603.0,10180755.0,77606.0,108323.0,9993291.0,10101614.0,10183722.0,10070897.0,768.0,10185257.0,10185257.0,10183720.0,3896.0,606.0,10180753.0,78251.0,115046.0,9985921.0,10100967.0,10183720.0,10064172.0,768.0,10185257.0,10185257.0,10183720.0,3895.0,568.0,10180792.0,76820.0,91051.0,10011386.0,10102437.0,10183720.0,10088206.0,768.0,10185257.0,10185257.0,10183720.0,3894.0,618.0,10180743.0,75608.0,101513.0,10002087.0,10103600.0,10183720.0,10077695.0,768.0,10185257.0,10185257.0,10183720.0,3893.0,598.0,10180764.0,76674.0,89506.0,10013049.0,10102555.0,10183720.0,10089723.0,768.0,10180792.0,10185247.0,10185247.0,10185266.0,6144.0,926469.0,79895916.0,611328.0,80507244.0,27.0,27.0,12.0,12.0,12.0,12.0,12.0,12.0,10.0,10.0,10.0,10.0,10.0,10.0,10.0,10.0
128x768x768w48-48-49,10184716.0,10184716.0,10183179.0,3946.0,627.0,10180141.0,76306.0,126299.0,9976001.0,10102300.0,10183179.0,10052307.0,768.0,10184702.0,10184702.0,10183165.0,3945.0,605.0,10180150.0,76511.0,126752.0,9975352.0,10102104.0,10183165.0,10051863.0,768.0,10184702.0,10184702.0,10183165.0,3944.0,607.0,10180149.0,75999.0,128751.0,9973864.0,10102615.0,10183165.0,10049863.0,768.0,10184702.0,10184702.0,10183165.0,3943.0,583.0,10180174.0,75978.0,113744.0,9988917.0,10102661.0,10183165.0,10064895.0,768.0,10184700.0,10184700.0,10183163.0,3940.0,622.0,10180136.0,76115.0,116646.0,9985840.0,10102486.0,10183163.0,10061955.0,768.0,10184700.0,10184700.0,10183163.0,3939.0,564.0,10180195.0,73728.0,104503.0,10000429.0,10104932.0,10183163.0,10074157.0,768.0,10184700.0,10184700.0,10183163.0,3938.0,615.0,10180145.0,75475.0,106975.0,9996160.0,10103135.0,10183163.0,10071635.0,768.0,10184692.0,10184692.0,10183155.0,3937.0,593.0,10180160.0,76185.0,99041.0,10003399.0,10102440.0,10183155.0,10079584.0,768.0,10180195.0,10184690.0,10184690.0,10184709.0,6144.0,922711.0,79899962.0,606297.0,80506259.0,26.0,26.0,12.0,12.0,12.0,12.0,12.0,12.0,10.0,10.0,10.0,10.0,10.0,10.0,2.0,2.0
128x768x768w48-48-50,10187714.0,10187714.0,10186177.0,4015.0,630.0,10183067.0,75869.0,123401.0,9982262.0,10105663.0,10186177.0,10058131.0,768.0,10187700.0,10187700.0,10186163.0,4014.0,601.0,10183083.0,76068.0,130381.0,9975099.0,10105480.0,10186163.0,10051167.0,768.0,10187700.0,10187700.0,10186163.0,4013.0,609.0,10183076.0,76183.0,128028.0,9977330.0,10105358.0,10186163.0,10053513.0,768.0,10187700.0,10187700.0,10186163.0,4012.0,562.0,10183124.0,75926.0,120546.0,9985117.0,10105663.0,10186163.0,10061043.0,768.0,10187698.0,10187698.0,10186161.0,4009.0,597.0,10183090.0,77604.0,120059.0,9983892.0,10103951.0,10186161.0,10061496.0,768.0,10187698.0,10187698.0,10186161.0,4008.0,591.0,10183097.0,76439.0,114061.0,9991062.0,10105123.0,10186161.0,10067501.0,768.0,10187698.0,10187698.0,10186161.0,4007.0,587.0,10183102.0,74249.0,117443.0,9989875.0,10107318.0,10186161.0,10064124.0,768.0,10187690.0,10187690.0,10186153.0,4006.0,570.0,10183112.0,76048.0,96910.0,10008619.0,10105529.0,10186153.0,10084667.0,768.0,10183124.0,10187688.0,10187688.0,10187707.0,6144.0,950829.0,79893256.0,608386.0,80501642.0,26.0,26.0,12.0,12.0,12.0,12.0,12.0,12.0,10.0,10.0,10.0,10.0,10.0,10.0,2.0,2.0
128x768x768w48-56-43,10241617.0,10241617.0,10240104.0,4172.0,670.0,10236773.0,75398.0,193864.0,9966000.0,10159864.0,10240104.0,10041398.0,756.0,10241605.0,10241605.0,10240092.0,4171.0,690.0,10236742.0,75706.0,196074.0,9963451.0,10159525.0,10240092.0,10039157.0,756.0,10241605.0,10241605.0,10240092.0,4170.0,693.0,10236740.0,75712.0,204633.0,9954884.0,10159517.0,10240092.0,10030596.0,756.0,10241605.0,10241605.0,10240092.0,4169.0,665.0,10236769.0,71925.0,174875.0,9988458.0,10163333.0,10240092.0,10060383.0,756.0,10241603.0,10241603.0,10240090.0,4166.0,665.0,10236770.0,75008.0,180311.0,9979940.0,10160251.0,10240090.0,10054948.0,756.0,10241603.0,10241603.0,10240090.0,4165.0,638.0,10236798.0,74491.0,159498.0,10001298.0,10160796.0,10240090.0,10075789.0,756.0,10241603.0,10241603.0,10240090.0,4164.0,606.0,10236831.0,75644.0,162193.0,9997483.0,10159676.0,10240090.0,10073127.0,756.0,10241603.0,10241603.0,10240090.0,4163.0,605.0,10236833.0,75643.0,150312.0,10009367.0,10159679.0,10240090.0,10085010.0,756.0,10236833.0,10241601.0,10241601.0,10241620.0,6048.0,1421760.0,79860881.0,599527.0,80460408.0,16.0,16.0,4.0,4.0,4.0,4.0,4.0,4.0,2.0,2.0,2.0,2.0,2.0,2.0,2.0,2.0
128x768x768w48-64-35,11114479.0,11114479.0,11112894.0,4101.0,721.0,11109655.0,78468.0,192024.0,10837580.0,11029604.0,11112894.0,10916048.0,792.0,11114467.0,11114467.0,11112882.0,4100.0,743.0,11109622.0,78024.0,216113.0,10813902.0,11030015.0,11112882.0,10891926.0,792.0,11114467.0,11114467.0,11112882.0,4099.0,750.0,11109616.0,78474.0,215352.0,10814207.0,11029559.0,11112882.0,10892681.0,792.0,11114467.0,11114467.0,11112882.0,4098.0,702.0,11109665.0,77250.0,155892.0,10874940.0,11030832.0,11112882.0,10952190.0,792.0,11114465.0,11114465.0,11112880.0,4095.0,718.0,11109650.0,77562.0,162527.0,10867978.0,11030505.0,11112880.0,10945540.0,792.0,11114465.0,11114465.0,11112880.0,4094.0,685.0,11109684.0,77845.0,148577.0,10881679.0,11030256.0,11112880.0,10959524.0,792.0,11114465.0,11114465.0,11112880.0,4093.0,694.0,11109676.0,77827.0,151149.0,10879117.0,11030266.0,11112880.0,10956944.0,792.0,11114465.0,11114465.0,11112880.0,4092.0,694.0,11109677.0,77243.0,142905.0,10887946.0,11030851.0,11112880.0,10965189.0,792.0,11109684.0,11114463.0,11114463.0,11114482.0,6336.0,1384539.0,86857349.0,622693.0,87480042.0,16.0,16.0,4.0,4.0,4.0,4.0,4.0,4.0,2.0,2.0,2.0,2.0,2.0,2.0,2.0,2.0
128x768x768w49-48-48,11337137.0,11337137.0,11335600.0,3997.0,595.0,11332543.0,74273.0,100129.0,11156606.0,11256735.0,11335600.0,11230879.0,768.0,11337134.0,11337134.0,11335597.0,3996.0,628.0,11332508.0,74166.0,1300779.0,9956028.0,11256807.0,11335597.0,10030194.0,768.0,11337133.0,11337133.0,11335596.0,3995.0,611.0,11332525.0,77237.0,1306826.0,9946927.0,11253753.0,11335596.0,10024164.0,768.0,11337132.0,11337132.0,11335595.0,3994.0,587.0,11332549.0,75185.0,1277219.0,9978610.0,11255829.0,11335595.0,10053795.0,768.0,11337129.0,11337129.0,11335592.0,3991.0,572.0,11332564.0,76095.0,1263197.0,9991737.0,11254934.0,11335592.0,10067832.0,768.0,11337128.0,11337128.0,11335591.0,3990.0,543.0,11332593.0,75950.0,1250815.0,10004293.0,11255108.0,11335591.0,10080243.0,768.0,11337127.0,11337127.0,11335590.0,3989.0,2965.0,11330171.0,75746.0,1874034.0,9378856.0,11252890.0,11335590.0,9454602.0,768.0,11337126.0,11337126.0,11335589.0,3988.0,2993.0,11330143.0,76484.0,1849811.0,9402313.0,11252124.0,11335589.0,9478797.0,768.0,11332593.0,11337123.0,11337123.0,11337142.0,6144.0,10222810.0,79815370.0,605136.0,80420506.0,14.0,14.0,11.0,11.0,10.0,10.0,9.0,9.0,6.0,6.0,5.0,5.0,4.0,4.0,3.0,3.0
128x768x768w49-48-49,11366178.0,11366178.0,11364641.0,4006.0,653.0,11361517.0,72813.0,115902.0,11171267.0,11287169.0,11364641.0,11244080.0,768.0,11366168.0,11366168.0,11364631.0,4005.0,626.0,11361535.0,71810.0,1323352.0,9964838.0,11288190.0,11364631.0,10036648.0,768.0,11366167.0,11366167.0,11364630.0,4004.0,630.0,11361531.0,74627.0,1328016.0,9957353.0,11285369.0,11364630.0,10031980.0,768.0,11366166.0,11366166.0,11364629.0,4003.0,623.0,11361538.0,74996.0,1290739.0,9994268.0,11285007.0,11364629.0,10069264.0,768.0,11366163.0,11366163.0,11364626.0,4000.0,619.0,11361542.0,75843.0,1293669.0,9990495.0,11284164.0,11364626.0,10066338.0,768.0,11366162.0,11366162.0,11364625.0,3999.0,542.0,11361619.0,74884.0,1267759.0,10017441.0,11285200.0,11364625.0,10092325.0,768.0,11366161.0,11366161.0,11364624.0,3998.0,2237.0,11359924.0,76948.0,1890102.0,9391339.0,11281441.0,11364624.0,9468287.0,768.0,11366160.0,11366160.0,11364623.0,3997.0,2245.0,11359916.0,76420.0,1886339.0,9395622.0,11281961.0,11364623.0,9472042.0,768.0,11361619.0,11366157.0,11366157.0,11366176.0,6144.0,10395878.0,79882623.0,598341.0,80480964.0,21.0,21.0,11.0,11.0,10.0,10.0,9.0,9.0,6.0,6.0,5.0,5.0,4.0,4.0,3.0,3.0
128x768x768w49-64-35,12303939.0,12303939.0,12302354.0,4092.0,754.0,12299091.0,78906.0,152340.0,12066262.0,12218602.0,12302354.0,12145168.0,792.0,12303929.0,12303929.0,12302344.0,4091.0,736.0,12299100.0,79346.0,1395319.0,10822852.0,12218171.0,12302344.0,10902198.0,792.0,12303928.0,12303928.0,12302343.0,4090.0,747.0,12299089.0,78886.0,1414479.0,10804141.0,12218620.0,12302343.0,10883027.0,792.0,12303927.0,12303927.0,12302342.0,4089.0,723.0,12299113.0,77924.0,1339590.0,10880016.0,12219606.0,12302342.0,10957940.0,792.0,12303924.0,12303924.0,12302339.0,4086.0,735.0,12299101.0,78790.0,1346944.0,10871784.0,12218728.0,12302339.0,10950574.0,792.0,12303923.0,12303923.0,12302338.0,4085.0,671.0,12299165.0,77837.0,1324542.0,10895203.0,12219745.0,12302338.0,10973040.0,792.0,12303922.0,12303922.0,12302337.0,4084.0,2994.0,12296842.0,79976.0,1954534.0,10260749.0,12215283.0,12302337.0,10340725.0,792.0,12303921.0,12303921.0,12302336.0,4083.0,2985.0,12296851.0,78091.0,1948114.0,10269063.0,12217177.0,12302336.0,10347154.0,792.0,12299165.0,12303918.0,12303918.0,12303937.0,6336.0,10875862.0,86870070.0,629756.0,87499826.0,21.0,21.0,11.0,11.0,10.0,10.0,9.0,9.0,6.0,6.0,5.0,5.0,4.0,4.0,3.0,3.0
128x768x768w50-48-48,11341131.0,11341131.0,11339594.0,4017.0,541.0,11336571.0,74728.0,92546.0,11167762.0,11260308.0,11339594.0,11242490.0,768.0,11341128.0,11341128.0,11339591.0,4016.0,533.0,11336577.0,73159.0,105915.0,11155968.0,11261883.0,11339591.0,11229127.0,768.0,11341127.0,11341127.0,11339590.0,4015.0,566.0,11336544.0,76731.0,1312336.0,9945942.0,11258278.0,11339590.0,10022673.0,768.0,11341126.0,11341126.0,11339589.0,4014.0,523.0,11336587.0,73561.0,1288655.0,9972836.0,11261491.0,11339589.0,10046397.0,768.0,11341123.0,11341123.0,11339586.0,4011.0,2903.0,11334207.0,75827.0,1883664.0,9373181.0,11256845.0,11339586.0,9449008.0,768.0,11341122.0,11341122.0,11339585.0,4010.0,2873.0,11334237.0,76468.0,1870802.0,9385432.0,11256234.0,11339585.0,9461900.0,768.0,11341121.0,11341121.0,11339584.0,4009.0,2874.0,11334236.0,76823.0,1880662.0,9375216.0,11255878.0,11339584.0,9452039.0,768.0,11341120.0,11341120.0,11339583.0,4008.0,2878.0,11334232.0,76505.0,1856110.0,9400082.0,11256192.0,11339583.0,9476587.0,768.0,11336587.0,11341117.0,11341117.0,11341136.0,6144.0,10290690.0,79776419.0,603802.0,80380221.0,14.0,14.0,11.0,11.0,10.0,10.0,9.0,9.0,6.0,6.0,5.0,5.0,4.0,4.0,3.0,3.0
128x768x768w63-48-35,11011849.0,11011849.0,11009736.0,4202.0,369.0,11007276.0,101233.0,246186.0,10657746.0,10903932.0,11009736.0,10758979.0,1056.0,11011839.0,11011839.0,11009726.0,4201.0,367.0,11007269.0,100754.0,244425.0,10659979.0,10904404.0,11009726.0,10760733.0,1056.0,11011838.0,11011838.0,11010429.0,4200.0,715947.0,10291689.0,70182.0,192408.0,10027692.0,10220100.0,11010429.0,10097874.0,704.0,11011837.0,11011837.0,11010428.0,4199.0,715895.0,10291741.0,69500.0,160462.0,10060372.0,10220834.0,11010428.0,10129872.0,704.0,11011834.0,11011834.0,11010425.0,4196.0,715958.0,10291678.0,70137.0,162038.0,10058096.0,10220134.0,11010425.0,10128233.0,704.0,11011833.0,11011833.0,11010424.0,4195.0,715886.0,10291750.0,69992.0,138692.0,10081659.0,10220351.0,11010424.0,10151651.0,704.0,11011832.0,11011832.0,11010423.0,4194.0,715903.0,10291733.0,70458.0,139451.0,10080417.0,10219868.0,11010423.0,10150875.0,704.0,11011831.0,11011831.0,11010422.0,4193.0,717585.0,10290051.0,70252.0,1373999.0,8844393.0,10218392.0,11010422.0,8914645.0,704.0,11007276.0,11011828.0,11011828.0,11011847.0,6336.0,2657661.0,80470354.0,622508.0,81092862.0,21.0,21.0,11.0,11.0,10.0,10.0,9.0,9.0,6.0,6.0,5.0,5.0,4.0,4.0,3.0,3.0
128x768x768w63-48-36,10997885.0,10997885.0,10995772.0,4206.0,346.0,10993331.0,100851.0,234845.0,10655524.0,10890369.0,10995772.0,10756375.0,1056.0,10997888.0,10997888.0,10995775.0,4205.0,357.0,10993324.0,101651.0,237206.0,10652356.0,10889562.0,10995775.0,10754007.0,1056.0,10997887.0,10997887.0,10996478.0,4204.0,716014.0,10277667.0,70327.0,181263.0,10024670.0,10205933.0,10996478.0,10094997.0,704.0,10997886.0,10997886.0,10996477.0,4203.0,715975.0,10277706.0,70331.0,155306.0,10050662.0,10205968.0,10996477.0,10120993.0,704.0,10997883.0,10997883.0,10996474.0,4200.0,715976.0,10277705.0,70661.0,158729.0,10046908.0,10205637.0,10996474.0,10117569.0,704.0,10997882.0,10997882.0,10996473.0,4199.0,715964.0,10277717.0,69875.0,141446.0,10064989.0,10206435.0,10996473.0,10134864.0,704.0,10997881.0,10997881.0,10996472.0,4198.0,715965.0,10277716.0,70498.0,142017.0,10063794.0,10205811.0,10996472.0,10134292.0,704.0,10997880.0,10997880.0,10996471.0,4197.0,716625.0,10277056.0,70841.0,1369676.0,8835132.0,10204808.0,10996471.0,8905973.0,704.0,10993331.0,10997877.0,10997877.0,10997896.0,6336.0,2620488.0,80394035.0,625035.0,81019070.0,8.0,8.0,11.0,11.0,10.0,10.0,9.0,9.0,6.0,6.0,5.0,5.0,4.0,4.0,3.0,3.0
128x768x768w63-48-37,10977182.0,10977182.0,10975165.0,4290.0,409.0,10972481.0,96686.0,234816.0,10638964.0,10873780.0,10975165.0,10735650.0,1008.0,10977179.0,10977179.0,10975162.0,4289.0,389.0,10972499.0,95841.0,235471.0,10639172.0,10874643.0,10975162.0,10735013.0,1008.0,10977178.0,10977178.0,10975833.0,4288.0,716252.0,10256636.0,66632.0,174432.0,10014229.0,10188661.0,10975833.0,10080861.0,672.0,10977177.0,10977177.0,10975832.0,4287.0,716275.0,10256613.0,66646.0,150575.0,10038049.0,10188624.0,10975832.0,10104695.0,672.0,10977174.0,10977174.0,10975829.0,4284.0,716259.0,10256629.0,66110.0,151503.0,10037673.0,10189176.0,10975829.0,10103783.0,672.0,10977173.0,10977173.0,10975828.0,4283.0,716199.0,10256689.0,66265.0,129516.0,10059565.0,10189081.0,10975828.0,10125830.0,672.0,10977172.0,10977172.0,10975827.0,4282.0,716183.0,10256705.0,66801.0,136866.0,10051695.0,10188561.0,10975827.0,10118496.0,672.0,10977171.0,10977171.0,10975826.0,4281.0,717610.0,10255278.0,66681.0,1367127.0,8820127.0,10187254.0,10975826.0,8886808.0,672.0,10972499.0,10977168.0,10977168.0,10977187.0,6048.0,2580306.0,80299474.0,591662.0,80891136.0,14.0,14.0,11.0,11.0,10.0,10.0,9.0,9.0,6.0,6.0,5.0,5.0,4.0,4.0,3.0,3.0
128x768x768w64-24-64,10180024.0,10180024.0,10178487.0,4135.0,778.0,10175109.0,76394.0,165210.0,9931970.0,10097180.0,10178487.0,10008364.0,768.0,10180021.0,10180021.0,10178484.0,4134.0,779.0,10175106.0,75383.0,169253.0,9928935.0,10098188.0,10178484.0,10004318.0,768.0,10180020.0,10180020.0,10178483.0,4133.0,798.0,10175087.0,74369.0,171344.0,9927839.0,10099183.0,10178483.0,10002208.0,768.0,10180019.0,10180019.0,10178482.0,4132.0,802.0,10175083.0,74808.0,145154.0,9953586.0,10098740.0,10178482.0,10028394.0,768.0,10180016.0,10180016.0,10178479.0,4129.0,768.0,10175117.0,76269.0,138625.0,9958688.0,10097313.0,10178479.0,10034957.0,768.0,10180015.0,10180015.0,10178478.0,4128.0,751.0,10175134.0,75497.0,120841.0,9977261.0,10098102.0,10178478.0,10052758.0,768.0,10180014.0,10180014.0,10178477.0,4127.0,695.0,10175190.0,76275.0,114471.0,9982909.0,10097380.0,10178477.0,10059184.0,768.0,10180013.0,10180013.0,10178476.0,4126.0,684.0,10175201.0,76138.0,112646.0,9984882.0,10097528.0,10178476.0,10061020.0,768.0,10175201.0,10180010.0,10180010.0,10180029.0,6144.0,1137544.0,79646070.0,605133.0,80251203.0,14.0,14.0,11.0,11.0,10.0,10.0,9.0,9.0,6.0,6.0,5.0,5.0,4.0,4.0,3.0,3.0
128x768x768w64-32-48,11255875.0,11255875.0,11254338.0,3976.0,845.0,11251052.0,76463.0,125657.0,11047397.0,11173054.0,11254338.0,11123860.0,768.0,11255857.0,11255857.0,11254320.0,3975.0,791.0,11251089.0,76909.0,158148.0,11014497.0,11172645.0,11254320.0,11091406.0,768.0,11255858.0,11255858.0,11254321.0,3974.0,789.0,11251093.0,78351.0,177673.0,10993534.0,11171207.0,11254321.0,11071885.0,768.0,11255856.0,11255856.0,11254319.0,3973.0,698.0,11251183.0,77314.0,96899.0,11075435.0,11172334.0,11254319.0,11152749.0,768.0,11255855.0,11255855.0,11254318.0,3970.0,735.0,11251148.0,77229.0,116075.0,11056309.0,11172384.0,11254318.0,11133538.0,768.0,11255855.0,11255855.0,11254318.0,3969.0,690.0,11251194.0,76161.0,89065.0,11084433.0,11173498.0,11254318.0,11160594.0,768.0,11255855.0,11255855.0,11254318.0,3968.0,700.0,11251185.0,76004.0,108706.0,11064940.0,11173646.0,11254318.0,11140944.0,768.0,11255855.0,11255855.0,11254318.0,3967.0,697.0,11251189.0,75175.0,94419.0,11080060.0,11174479.0,11254318.0,11155235.0,768.0,11251194.0,11255853.0,11255853.0,11255872.0,6144.0,966642.0,88416605.0,613606.0,89030211.0,22.0,22.0,4.0,4.0,5.0,5.0,3.0,3.0,2.0,2.0,2.0,2.0,2.0,2.0,2.0,2.0
128x768x768w64-32-49,11215948.0,11215948.0,11214411.0,4008.0,823.0,11211115.0,75703.0,138592.0,10995285.0,11133877.0,11214411.0,11070988.0,768.0,11215938.0,11215938.0,11214401.0,4007.0,793.0,11211136.0,75872.0,179990.0,10953739.0,11133729.0,11214401.0,11029611.0,768.0,11215937.0,11215937.0,11214400.0,4006.0,771.0,11211158.0,76673.0,210461.0,10922489.0,11132950.0,11214400.0,10999162.0,768.0,11215936.0,11215936.0,11214399.0,4005.0,743.0,11211186.0,77488.0,104932.0,11027231.0,11132163.0,11214399.0,11104719.0,768.0,11215933.0,11215933.0,11214396.0,4002.0,743.0,11211186.0,78781.0,123456.0,11007414.0,11130870.0,11214396.0,11086195.0,768.0,11215932.0,11215932.0,11214395.0,4001.0,714.0,11211215.0,76443.0,92114.0,11041123.0,11133237.0,11214395.0,11117566.0,768.0,11215931.0,11215931.0,11214394.0,4000.0,722.0,11211207.0,78658.0,105734.0,11025280.0,11131014.0,11214394.0,11103938.0,768.0,11215930.0,11215930.0,11214393.0,3999.0,721.0,11211208.0,75520.0,97897.0,11036256.0,11134153.0,11214393.0,11111776.0,768.0,11211215.0,11215927.0,11215927.0,11215946.0,6144.0,1053176.0,88008817.0,615138.0,88623955.0,21.0,21.0,11.0,11.0,10.0,10.0,9.0,9.0,6.0,6.0,5.0,5.0,4.0,4.0,3.0,3.0
128x768x768w64-32-50,11207385.0,11207385.0,11205848.0,4083.0,761.0,11202539.0,75763.0,151755.0,10973486.0,11125241.0,11205848.0,11049249.0,768.0,11207388.0,11207388.0,11205851.0,4082.0,899.0,11202405.0,75752.0,175518.0,10949600.0,11125118.0,11205851.0,11025352.0,768.0,11207387.0,11207387.0,11205850.0,4081.0,786.0,11202518.0,76485.0,204343.0,10920155.0,11124498.0,11205850.0,10996640.0,768.0,11207386.0,11207386.0,11205849.0,4080.0,706.0,11202598.0,76824.0,108458.0,11015781.0,11124239.0,11205849.0,11092605.0,768.0,11207383.0,11207383.0,11205846.0,4077.0,715.0,11202589.0,78955.0,124140.0,10997959.0,11122099.0,11205846.0,11076914.0,768.0,11207382.0,11207382.0,11205845.0,4076.0,709.0,11202595.0,77521.0,95738.0,11027801.0,11123539.0,11205845.0,11105322.0,768.0,11207381.0,11207381.0,11205844.0,4075.0,703.0,11202601.0,77436.0,104820.0,11018810.0,11123630.0,11205844.0,11096246.0,768.0,11207380.0,11207380.0,11205843.0,4074.0,705.0,11202599.0,75382.0,95526.0,11030156.0,11125682.0,11205843.0,11105538.0,768.0,11202601.0,11207377.0,11207377.0,11207396.0,6144.0,1060298.0,87933748.0,614118.0,88547866.0,8.0,8.0,11.0,11.0,10.0,10.0,9.0,9.0,6.0,6.0,5.0,5.0,4.0,4.0,3.0,3.0
128x768x768w64-32-51,11217342.0,11217342.0,11215805.0,4080.0,751.0,11212509.0,76322.0,155374.0,10979278.0,11134652.0,11215805.0,11055600.0,768.0,11217332.0,11217332.0,11215795.0,4079.0,733.0,11212518.0,76947.0,179540.0,10954496.0,11134036.0,11215795.0,11031443.0,768.0,11217331.0,11217331.0,11215794.0,4078.0,731.0,11212520.0,77379.0,230591.0,10903015.0,11133606.0,11215794.0,10980394.0,768.0,11217330.0,11217330.0,11215793.0,4077.0,732.0,11212519.0,76635.0,109106.0,11025243.0,11134349.0,11215793.0,11101878.0,768.0,11217327.0,11217327.0,11215790.0,4074.0,726.0,11212525.0,78241.0,116921.0,11015828.0,11132749.0,11215790.0,11094069.0,768.0,11217326.0,11217326.0,11215789.0,4073.0,725.0,11212526.0,77109.0,96254.0,11037628.0,11133882.0,11215789.0,11114737.0,768.0,11217325.0,11217325.0,11215788.0,4072.0,719.0,11212532.0,77029.0,101021.0,11032947.0,11133968.0,11215788.0,11109976.0,768.0,11217324.0,11217324.0,11215787.0,4071.0,737.0,11212514.0,75404.0,93999.0,11041576.0,11135575.0,11215787.0,11116980.0,768.0,11212532.0,11217321.0,11217321.0,11217340.0,6144.0,1082806.0,87990011.0,615066.0,88605077.0,21.0,21.0,11.0,11.0,10.0,10.0,9.0,9.0,6.0,6.0,5.0,5.0,4.0,4.0,3.0,3.0
128x768x768w64-32-52,11191589.0,11191589.0,11190148.0,4128.0,846.0,11186613.0,72717.0,145473.0,10966984.0,11112457.0,11190148.0,11039701.0,720.0,11191582.0,11191582.0,11190141.0,4127.0,902.0,11186551.0,71896.0,221685.0,10891531.0,11113216.0,11190141.0,10963427.0,720.0,11191581.0,11191581.0,11190140.0,4126.0,814.0,11186639.0,71657.0,215861.0,10897682.0,11113543.0,11190140.0,10969339.0,720.0,11191580.0,11191580.0,11190139.0,4125.0,794.0,11186659.0,71791.0,121102.0,10992327.0,11113429.0,11190139.0,11064118.0,720.0,11191577.0,11191577.0,11190136.0,4122.0,806.0,11186647.0,72118.0,136076.0,10977014.0,11113090.0,11190136.0,11049132.0,720.0,11191576.0,11191576.0,11190135.0,4121.0,771.0,11186682.0,72310.0,109790.0,11003143.0,11112933.0,11190135.0,11075453.0,720.0,11191575.0,11191575.0,11190134.0,4120.0,781.0,11186672.0,71757.0,113465.0,11000011.0,11113476.0,11190134.0,11071768.0,720.0,11191574.0,11191574.0,11190133.0,4119.0,764.0,11186689.0,71507.0,111198.0,11002545.0,11113743.0,11190133.0,11074052.0,720.0,11186689.0,11191571.0,11191571.0,11191590.0,5760.0,1174650.0,87731237.0,575753.0,88306990.0,18.0,18.0,11.0,11.0,10.0,10.0,9.0,9.0,6.0,6.0,5.0,5.0,4.0,4.0,3.0,3.0
128x768x768w64-32-53,11243489.0,11243489.0,11242048.0,4128.0,785.0,11238574.0,72111.0,143944.0,11021080.0,11165024.0,11242048.0,11093191.0,720.0,11243482.0,11243482.0,11242041.0,4127.0,784.0,11238569.0,71908.0,225061.0,10940161.0,11165222.0,11242041.0,11012069.0,720.0,11243481.0,11243481.0,11242040.0,4126.0,958.0,11238395.0,71985.0,205010.0,10959961.0,11164971.0,11242040.0,11031946.0,720.0,11243480.0,11243480.0,11242039.0,4125.0,794.0,11238559.0,70999.0,127264.0,11038857.0,11166121.0,11242039.0,11109856.0,720.0,11243477.0,11243477.0,11242036.0,4122.0,801.0,11238552.0,72290.0,141491.0,11023332.0,11164823.0,11242036.0,11095622.0,720.0,11243476.0,11243476.0,11242035.0,4121.0,765.0,11238588.0,72160.0,109210.0,11055779.0,11164989.0,11242035.0,11127939.0,720.0,11243475.0,11243475.0,11242034.0,4120.0,773.0,11238580.0,71772.0,122767.0,11042602.0,11165369.0,11242034.0,11114374.0,720.0,11243474.0,11243474.0,11242033.0,4119.0,772.0,11238581.0,72214.0,113450.0,11051478.0,11164928.0,11242033.0,11123692.0,720.0,11238588.0,11243471.0,11243471.0,11243490.0,5760.0,1188197.0,88133250.0,575439.0,88708689.0,18.0,18.0,11.0,11.0,10.0,10.0,9.0,9.0,6.0,6.0,5.0,5.0,4.0,4.0,3.0,3.0
128x768x768w64-40-41,10209420.0,10209420.0,10207899.0,4099.0,609.0,10204710.0,75452.0,178700.0,9949039.0,10127739.0,10207899.0,10024491.0,760.0,10209411.0,10209411.0,10207890.0,4098.0,599.0,10204712.0,75020.0,183938.0,9944235.0,10128173.0,10207890.0,10019255.0,760.0,10209410.0,10209410.0,10207889.0,4097.0,629.0,10204682.0,75726.0,187423.0,9940014.0,10127437.0,10207889.0,10015740.0,760.0,10209409.0,10209409.0,10207888.0,4096.0,616.0,10204695.0,75943.0,169165.0,9958068.0,10127233.0,10207888.0,10034011.0,760.0,10209406.0,10209406.0,10207885.0,4093.0,626.0,10204685.0,76154.0,174110.0,9952902.0,10127012.0,10207885.0,10029056.0,760.0,10209405.0,10209405.0,10207884.0,4092.0,603.0,10204708.0,75710.0,151579.0,9975900.0,10127479.0,10207884.0,10051610.0,760.0,10209404.0,10209404.0,10207883.0,4091.0,604.0,10204707.0,76344.0,154114.0,9972730.0,10126844.0,10207883.0,10049074.0,760.0,10209403.0,10209403.0,10207882.0,4090.0,591.0,10204720.0,75475.0,145903.0,9981823.0,10127726.0,10207882.0,10057298.0,760.0,10204720.0,10209400.0,10209400.0,10209419.0,6080.0,1344932.0,79674711.0,605824.0,80280535.0,20.0,20.0,11.0,11.0,10.0,10.0,9.0,9.0,6.0,6.0,5.0,5.0,4.0,4.0,3.0,3.0
128x768x768w64-40-42,10249585.0,10249585.0,10248064.0,4173.0,587.0,10244823.0,75912.0,203225.0,9964167.0,10167392.0,10248064.0,10040079.0,760.0,10249588.0,10249588.0,10248067.0,4172.0,596.0,10244818.0,75026.0,208954.0,9959319.0,10168273.0,10248067.0,10034345.0,760.0,10249587.0,10249587.0,10248066.0,4171.0,586.0,10244828.0,75278.0,209552.0,9958479.0,10168031.0,10248066.0,10033757.0,760.0,10249586.0,10249586.0,10248065.0,4170.0,585.0,10244829.0,76519.0,182524.0,9984267.0,10166791.0,10248065.0,10060786.0,760.0,10249583.0,10249583.0,10248062.0,4167.0,597.0,10244817.0,76044.0,182565.0,9984689.0,10167254.0,10248062.0,10060733.0,760.0,10249582.0,10249582.0,10248061.0,4166.0,610.0,10244804.0,75798.0,157020.0,10010467.0,10167487.0,10248061.0,10086265.0,760.0,10249581.0,10249581.0,10248060.0,4165.0,578.0,10244836.0,77049.0,163045.0,10003223.0,10166268.0,10248060.0,10080272.0,760.0,10249580.0,10249580.0,10248059.0,4164.0,588.0,10244826.0,76088.0,141320.0,10025899.0,10167219.0,10248059.0,10101987.0,760.0,10244836.0,10249577.0,10249577.0,10249596.0,6080.0,1448205.0,79890510.0,607714.0,80498224.0,8.0,8.0,11.0,11.0,10.0,10.0,9.0,9.0,6.0,6.0,5.0,5.0,4.0,4.0,3.0,3.0
128x768x768w64-40-43,10226285.0,10226285.0,10224844.0,4146.0,652.0,10221485.0,72136.0,196477.0,9951433.0,10147910.0,10224844.0,10023569.0,720.0,10226270.0,10226270.0,10224829.0,4145.0,636.0,10221487.0,72580.0,196459.0,9951009.0,10147468.0,10224829.0,10023589.0,720.0,10226270.0,10226270.0,10224829.0,4144.0,636.0,10221488.0,72312.0,202399.0,9945338.0,10147737.0,10224829.0,10017650.0,720.0,10226270.0,10226270.0,10224829.0,4143.0,627.0,10221498.0,72251.0,169993.0,9977815.0,10147808.0,10224829.0,10050066.0,720.0,10226268.0,10226268.0,10224827.0,4143.0,603.0,10221520.0,72422.0,172469.0,9975190.0,10147659.0,10224827.0,10047612.0,720.0,10226268.0,10226268.0,10224827.0,4142.0,611.0,10221513.0,72885.0,150078.0,9997111.0,10147189.0,10224827.0,10069996.0,720.0,10226268.0,10226268.0,10224827.0,4144.0,583.0,10221539.0,72764.0,148824.0,9998512.0,10147336.0,10224827.0,10071276.0,720.0,10226268.0,10226268.0,10224827.0,4141.0,647.0,10221478.0,71869.0,132998.0,10015172.0,10148170.0,10224827.0,10087041.0,720.0,10221545.0,10226258.0,10226258.0,10226277.0,5760.0,1369697.0,79811580.0,579219.0,80390799.0,27.0,27.0,12.0,12.0,12.0,12.0,12.0,12.0,10.0,10.0,10.0,10.0,10.0,10.0,10.0,10.0
128x768x768w64-40-44,10180316.0,10180316.0,10178875.0,4151.0,629.0,10175534.0,72442.0,165894.0,9935759.0,10101653.0,10178875.0,10008201.0,720.0,10180301.0,10180301.0,10178860.0,4150.0,613.0,10175536.0,71552.0,174323.0,9928222.0,10102545.0,10178860.0,9999774.0,720.0,10180301.0,10180301.0,10178860.0,4149.0,611.0,10175539.0,72715.0,170975.0,9930410.0,10101385.0,10178860.0,10003125.0,720.0,10180301.0,10180301.0,10178860.0,4148.0,591.0,10175560.0,72359.0,160344.0,9941418.0,10101762.0,10178860.0,10013777.0,720.0,10180299.0,10180299.0,10178858.0,4148.0,583.0,10175566.0,72282.0,162066.0,9939779.0,10101845.0,10178858.0,10012061.0,720.0,10180299.0,10180299.0,10178858.0,4147.0,622.0,10175528.0,72238.0,143402.0,9958449.0,10101851.0,10178858.0,10030687.0,720.0,10180299.0,10180299.0,10178858.0,4149.0,587.0,10175561.0,72800.0,145965.0,9955357.0,10101322.0,10178858.0,10028157.0,720.0,10180299.0,10180299.0,10178858.0,4146.0,626.0,10175525.0,72230.0,127818.0,9974038.0,10101856.0,10178858.0,10046268.0,720.0,10175569.0,10180289.0,10180289.0,10180308.0,5760.0,1250787.0,79563432.0,578618.0,80142050.0,27.0,27.0,12.0,12.0,12.0,12.0,12.0,12.0,10.0,10.0,10.0,10.0,10.0,10.0,10.0,10.0
128x768x768w64-48-32,10332873.0,10332873.0,10331336.0,3959.0,893.0,10328019.0,76228.0,178780.0,10071476.0,10250256.0,10331336.0,10147704.0,768.0,10332869.0,10332869.0,10331332.0,3958.0,937.0,10327972.0,77071.0,185371.0,10063995.0,10249366.0,10331332.0,10141066.0,768.0,10332868.0,10332868.0,10331331.0,3957.0,955.0,10327954.0,76018.0,193491.0,10056910.0,10250401.0,10331331.0,10132928.0,768.0,10332867.0,10332867.0,10331330.0,3956.0,894.0,10328015.0,75026.0,153736.0,10097718.0,10251454.0,10331330.0,10172744.0,768.0,10332864.0,10332864.0,10331327.0,3953.0,884.0,10328025.0,75868.0,139767.0,10110855.0,10250622.0,10331327.0,10186723.0,768.0,10332863.0,10332863.0,10331326.0,3952.0,860.0,10328049.0,73943.0,113959.0,10138612.0,10252571.0,10331326.0,10212555.0,768.0,10332862.0,10332862.0,10331325.0,3951.0,864.0,10328045.0,76195.0,113220.0,10137095.0,10250315.0,10331325.0,10213290.0,768.0,10332861.0,10332861.0,10331324.0,3950.0,842.0,10328067.0,75421.0,113594.0,10137517.0,10251111.0,10331324.0,10212938.0,768.0,10328067.0,10332858.0,10332858.0,10332877.0,6144.0,1191918.0,80814178.0,605770.0,81419948.0,15.0,15.0,11.0,11.0,10.0,10.0,9.0,9.0,6.0,6.0,5.0,5.0,4.0,4.0,3.0,3.0
128x768x768w64-48-33,10350666.0,10350666.0,10349129.0,4036.0,926.0,10345702.0,75747.0,184959.0,10083461.0,10268420.0,10349129.0,10159208.0,768.0,10350651.0,10350651.0,10349114.0,4035.0,903.0,10345711.0,76203.0,191966.0,10076007.0,10267973.0,10349114.0,10152210.0,768.0,10350651.0,10350651.0,10349114.0,4034.0,912.0,10345703.0,77134.0,190995.0,10076039.0,10267034.0,10349114.0,10153173.0,768.0,10350651.0,10350651.0,10349114.0,4033.0,938.0,10345678.0,76883.0,157845.0,10109415.0,10267260.0,10349114.0,10186298.0,768.0,10350649.0,10350649.0,10349112.0,4030.0,920.0,10345697.0,76885.0,160923.0,10106354.0,10267277.0,10349112.0,10183239.0,768.0,10350649.0,10350649.0,10349112.0,4029.0,894.0,10345724.0,75994.0,139493.0,10128702.0,10268195.0,10349112.0,10204696.0,768.0,10350649.0,10350649.0,10349112.0,4028.0,895.0,10345724.0,76136.0,140074.0,10127979.0,10268053.0,10349112.0,10204115.0,768.0,10350649.0,10350649.0,10349112.0,4027.0,862.0,10345758.0,75964.0,125886.0,10142373.0,10268259.0,10349112.0,10218337.0,768.0,10345758.0,10350639.0,10350639.0,10350658.0,6144.0,1292141.0,80850330.0,610946.0,81461276.0,27.0,27.0,12.0,12.0,12.0,12.0,12.0,12.0,10.0,10.0,10.0,10.0,10.0,10.0,10.0,10.0
128x768x768w64-48-34,10304316.0,10304316.0,10302843.0,4112.0,932.0,10299270.0,72655.0,165038.0,10060106.0,10225144.0,10302843.0,10132761.0,736.0,10304306.0,10304306.0,10302833.0,4111.0,931.0,10299262.0,72899.0,171075.0,10053817.0,10224892.0,10302833.0,10126716.0,736.0,10304305.0,10304305.0,10302832.0,4110.0,940.0,10299253.0,73968.0,174645.0,10049169.0,10223814.0,10302832.0,10123137.0,736.0,10304304.0,10304304.0,10302831.0,4109.0,943.0,10299250.0,72821.0,145756.0,10079202.0,10224958.0,10302831.0,10152023.0,736.0,10304301.0,10304301.0,10302828.0,4106.0,944.0,10299249.0,73423.0,152482.0,10071873.0,10224355.0,10302828.0,10145296.0,736.0,10304300.0,10304300.0,10302827.0,4105.0,934.0,10299259.0,72731.0,134513.0,10090544.0,10225057.0,10302827.0,10163275.0,736.0,10304299.0,10304299.0,10302826.0,4104.0,933.0,10299260.0,72728.0,135194.0,10089867.0,10225061.0,10302826.0,10162595.0,736.0,10304298.0,10304298.0,10302825.0,4103.0,857.0,10299336.0,73109.0,121161.0,10103595.0,10224756.0,10302825.0,10176704.0,736.0,10299336.0,10304295.0,10304295.0,10304314.0,5888.0,1199864.0,80598173.0,584334.0,81182507.0,21.0,21.0,11.0,11.0,10.0,10.0,9.0,9.0,6.0,6.0,5.0,5.0,4.0,4.0,3.0,3.0
128x768x768w64-48-35,10288235.0,10288235.0,10286826.0,4113.0,999.0,10283121.0,69766.0,170317.0,10041631.0,10211948.0,10286826.0,10111397.0,704.0,10288220.0,10288220.0,10286811.0,4112.0,914.0,10283192.0,69738.0,173481.0,10038566.0,10212047.0,10286811.0,10108304.0,704.0,10288220.0,10288220.0,10286811.0,4111.0,940.0,10283167.0,70078.0,176289.0,10035393.0,10211682.0,10286811.0,10105471.0,704.0,10288220.0,10288220.0,10286811.0,4110.0,892.0,10283216.0,70370.0,136478.0,10074961.0,10211439.0,10286811.0,10145331.0,704.0,10288218.0,10288218.0,10286809.0,4107.0,899.0,10283210.0,70918.0,142946.0,10067939.0,10210885.0,10286809.0,10138857.0,704.0,10288218.0,10288218.0,10286809.0,4106.0,857.0,10283253.0,70040.0,124651.0,10087155.0,10211806.0,10286809.0,10157195.0,704.0,10288218.0,10288218.0,10286809.0,4105.0,873.0,10283238.0,69598.0,125820.0,10086413.0,10212233.0,10286809.0,10156011.0,704.0,10288218.0,10288218.0,10286809.0,4104.0,917.0,10283195.0,69443.0,114851.0,10097494.0,10212345.0,10286809.0,10166937.0,704.0,10283253.0,10288208.0,10288208.0,10288227.0,5632.0,1164833.0,80529552.0,559951.0,81089503.0,27.0,27.0,12.0,12.0,12.0,12.0,12.0,12.0,10.0,10.0,10.0,10.0,10.0,10.0,10.0,10.0
128x768x768w64-48-36,10278337.0,10278337.0,10276928.0,4124.0,911.0,10273300.0,69318.0,159127.0,10043448.0,10202575.0,10276928.0,10112766.0,704.0,10278322.0,10278322.0,10276913.0,4123.0,937.0,10273260.0,70483.0,167098.0,10034272.0,10201370.0,10276913.0,10104755.0,704.0,10278322.0,10278322.0,10276913.0,4122.0,902.0,10273296.0,70278.0,167303.0,10034308.0,10201611.0,10276913.0,10104586.0,704.0,10278322.0,10278322.0,10276913.0,4121.0,904.0,10273295.0,69257.0,151749.0,10050882.0,10202631.0,10276913.0,10120139.0,704.0,10278320.0,10278320.0,10276911.0,4118.0,881.0,10273319.0,70601.0,145892.0,10055419.0,10201311.0,10276911.0,10126020.0,704.0,10278320.0,10278320.0,10276911.0,4117.0,880.0,10273321.0,69939.0,127464.0,10074511.0,10201975.0,10276911.0,10144450.0,704.0,10278320.0,10278320.0,10276911.0,4116.0,863.0,10273339.0,71288.0,121824.0,10078820.0,10200644.0,10276911.0,10150108.0,704.0,10278320.0,10278320.0,10276911.0,4115.0,862.0,10273341.0,69330.0,109944.0,10092660.0,10202604.0,10276911.0,10161990.0,704.0,10273341.0,10278310.0,10278310.0,10278329.0,5632.0,1150401.0,80464320.0,560494.0,81024814.0,27.0,27.0,12.0,12.0,12.0,12.0,12.0,12.0,10.0,10.0,10.0,10.0,10.0,10.0,10.0,10.0
128x768x768w64-56-28,10377568.0,10377568.0,10375999.0,4084.0,802.0,10372680.0,77436.0,213035.0,10080642.0,10293677.0,10375999.0,10158078.0,784.0,10377559.0,10377559.0,10375990.0,4083.0,802.0,10372672.0,77355.0,226367.0,10067383.0,10293750.0,10375990.0,10144738.0,784.0,10377558.0,10377558.0,10375989.0,4082.0,790.0,10372684.0,77282.0,224202.0,10069633.0,10293835.0,10375989.0,10146915.0,784.0,10377557.0,10377557.0,10375988.0,4081.0,818.0,10372656.0,76945.0,191027.0,10103117.0,10294144.0,10375988.0,10180062.0,784.0,10377554.0,10377554.0,10375985.0,4078.0,799.0,10372675.0,78130.0,186489.0,10106489.0,10292978.0,10375985.0,10184619.0,784.0,10377553.0,10377553.0,10375984.0,4079.0,804.0,10372668.0,77631.0,173381.0,10120089.0,10293470.0,10375984.0,10197720.0,784.0,10377552.0,10377552.0,10375983.0,4080.0,778.0,10372692.0,78199.0,167971.0,10124955.0,10292926.0,10375983.0,10203154.0,784.0,10377551.0,10377551.0,10375982.0,4080.0,809.0,10372660.0,77624.0,147414.0,10146055.0,10293469.0,10375982.0,10223679.0,784.0,10372696.0,10377548.0,10377548.0,10377567.0,6272.0,1529886.0,80818363.0,620602.0,81438965.0,20.0,20.0,11.0,11.0,10.0,10.0,9.0,9.0,6.0,6.0,5.0,5.0,4.0,4.0,3.0,3.0
128x768x768w64-56-29,10353067.0,10353067.0,10351554.0,4106.0,835.0,10348124.0,76090.0,205907.0,10064616.0,10270523.0,10351554.0,10140706.0,756.0,10353051.0,10353051.0,10351538.0,4105.0,811.0,10348133.0,75064.0,219847.0,10051711.0,10271558.0,10351538.0,10126775.0,756.0,10353051.0,10353051.0,10351538.0,4104.0,819.0,10348126.0,75842.0,211935.0,10058838.0,10270773.0,10351538.0,10134680.0,756.0,10353051.0,10353051.0,10351538.0,4103.0,801.0,10348145.0,75084.0,177796.0,10093754.0,10271550.0,10351538.0,10168838.0,756.0,10353049.0,10353049.0,10351536.0,4100.0,788.0,10348159.0,75756.0,179247.0,10091645.0,10270892.0,10351536.0,10167401.0,756.0,10353049.0,10353049.0,10351536.0,4099.0,793.0,10348155.0,76071.0,155417.0,10115156.0,10270573.0,10351536.0,10191227.0,756.0,10353049.0,10353049.0,10351536.0,4098.0,779.0,10348170.0,76017.0,163939.0,10106703.0,10270642.0,10351536.0,10182720.0,756.0,10353041.0,10353041.0,10351528.0,4097.0,775.0,10348167.0,75834.0,141069.0,10129753.0,10270822.0,10351528.0,10205587.0,756.0,10348170.0,10353039.0,10353039.0,10353058.0,6048.0,1455157.0,80712176.0,605758.0,81317934.0,28.0,28.0,12.0,12.0,12.0,12.0,12.0,12.0,10.0,10.0,10.0,10.0,10.0,10.0,2.0,2.0
128x768x768w64-64-24,10973112.0,10973112.0,10971575.0,3956.0,1106.0,10968048.0,75749.0,223830.0,10666934.0,10890764.0,10971575.0,10742683.0,768.0,10973102.0,10973102.0,10971565.0,3955.0,1629.0,10967516.0,74597.0,357631.0,10533753.0,10891384.0,10971565.0,10608350.0,768.0,10973101.0,10973101.0,10971564.0,3954.0,1113.0,10968032.0,76352.0,310358.0,10579787.0,10890145.0,10971564.0,10656139.0,768.0,10973100.0,10973100.0,10971563.0,3953.0,989.0,10968156.0,75917.0,115992.0,10774712.0,10890704.0,10971563.0,10850629.0,768.0,10973097.0,10973097.0,10971560.0,3950.0,1024.0,10968121.0,77040.0,132930.0,10756616.0,10889546.0,10971560.0,10833656.0,768.0,10973096.0,10973096.0,10971559.0,3949.0,964.0,10968181.0,76966.0,96828.0,10792852.0,10889680.0,10971559.0,10869818.0,768.0,10973095.0,10973095.0,10971558.0,3948.0,963.0,10968182.0,77745.0,92637.0,10796265.0,10888902.0,10971558.0,10874010.0,768.0,10973094.0,10973094.0,10971557.0,3947.0,967.0,10968178.0,75672.0,79926.0,10811045.0,10890971.0,10971557.0,10886717.0,768.0,10968182.0,10973091.0,10973091.0,10973110.0,6144.0,1410132.0,85711964.0,610038.0,86322002.0,21.0,21.0,11.0,11.0,10.0,10.0,9.0,9.0,6.0,6.0,5.0,5.0,4.0,4.0,3.0,3.0
128x768x768w65-32-48,11789148.0,11789148.0,11787611.0,4061.0,839.0,11784246.0,78188.0,110200.0,11594323.0,11704523.0,11787611.0,11672511.0,768.0,11789138.0,11789138.0,11787601.0,4060.0,858.0,11784218.0,75637.0,725800.0,10981246.0,11707046.0,11787601.0,11056883.0,768.0,11789137.0,11789137.0,11787600.0,4059.0,779.0,11784297.0,76991.0,742148.0,10963623.0,11705771.0,11787600.0,11040614.0,768.0,11789136.0,11789136.0,11787599.0,4058.0,712.0,11784364.0,77422.0,677733.0,11027674.0,11705407.0,11787599.0,11105096.0,768.0,11789133.0,11789133.0,11787596.0,4055.0,744.0,11784332.0,77977.0,700130.0,11004690.0,11704820.0,11787596.0,11082667.0,768.0,11789132.0,11789132.0,11787595.0,4054.0,710.0,11784366.0,76390.0,663816.0,11042625.0,11706441.0,11787595.0,11119015.0,768.0,11789131.0,11789131.0,11787594.0,4053.0,716.0,11784360.0,77603.0,673824.0,11031398.0,11705222.0,11787594.0,11109001.0,768.0,11789130.0,11789130.0,11787593.0,4052.0,2398.0,11782678.0,77461.0,1315352.0,10388330.0,11703682.0,11787593.0,10465791.0,768.0,11784366.0,11789127.0,11789127.0,11789146.0,6144.0,5609003.0,88033909.0,617669.0,88651578.0,21.0,21.0,11.0,11.0,10.0,10.0,9.0,9.0,6.0,6.0,5.0,5.0,4.0,4.0,3.0,3.0
128x768x768w65-32-49,11750313.0,11750313.0,11748776.0,4156.0,816.0,11745339.0,76953.0,125874.0,11540977.0,11666851.0,11748776.0,11617930.0,768.0,11750303.0,11750303.0,11748766.0,4155.0,758.0,11745388.0,76612.0,752432.0,10914809.0,11667241.0,11748766.0,10991421.0,768.0,11750302.0,11750302.0,11748765.0,4154.0,782.0,11745364.0,77030.0,771196.0,10895603.0,11666799.0,11748765.0,10972633.0,768.0,11750301.0,11750301.0,11748764.0,4153.0,665.0,11745481.0,77051.0,700362.0,10966533.0,11666895.0,11748764.0,11043584.0,768.0,11750298.0,11750298.0,11748761.0,4150.0,696.0,11745450.0,77365.0,713337.0,10953213.0,11666550.0,11748761.0,11030578.0,768.0,11750297.0,11750297.0,11748760.0,4149.0,660.0,11745486.0,78063.0,695489.0,10970399.0,11665888.0,11748760.0,11048462.0,768.0,11750296.0,11750296.0,11748759.0,4148.0,637.0,11745509.0,77781.0,700189.0,10966004.0,11666193.0,11748759.0,11043785.0,768.0,11750295.0,11750295.0,11748758.0,4147.0,1802.0,11744344.0,78159.0,1335834.0,10328816.0,11664650.0,11748758.0,10406975.0,768.0,11745509.0,11750292.0,11750292.0,11750311.0,6144.0,5794713.0,87536354.0,619014.0,88155368.0,21.0,21.0,11.0,11.0,10.0,10.0,9.0,9.0,6.0,6.0,5.0,5.0,4.0,4.0,3.0,3.0
128x768x768w65-32-50,11728235.0,11728235.0,11726698.0,4225.0,783.0,11723225.0,76562.0,130422.0,11514706.0,11645128.0,11726698.0,11591268.0,768.0,11728225.0,11728225.0,11726688.0,4224.0,715.0,11723284.0,76524.0,734627.0,10910598.0,11645225.0,11726688.0,10987122.0,768.0,11728224.0,11728224.0,11726687.0,4223.0,885.0,11723114.0,77432.0,746335.0,10897812.0,11644147.0,11726687.0,10975244.0,768.0,11728223.0,11728223.0,11726686.0,4222.0,646.0,11723353.0,77263.0,693980.0,10950575.0,11644555.0,11726686.0,11027838.0,768.0,11728220.0,11728220.0,11726683.0,4219.0,693.0,11723306.0,77600.0,709978.0,10934193.0,11644171.0,11726683.0,11011793.0,768.0,11728219.0,11728219.0,11726682.0,4218.0,642.0,11723357.0,77932.0,688570.0,10955320.0,11643890.0,11726682.0,11033252.0,768.0,11728218.0,11728218.0,11726681.0,4217.0,632.0,11723367.0,78122.0,691135.0,10952575.0,11643710.0,11726681.0,11030697.0,768.0,11728217.0,11728217.0,11726680.0,4216.0,1272.0,11722727.0,78299.0,1320583.0,10322310.0,11642893.0,11726680.0,10400609.0,768.0,11723367.0,11728214.0,11728214.0,11728233.0,6144.0,5715630.0,87438089.0,619734.0,88057823.0,21.0,21.0,11.0,11.0,10.0,10.0,9.0,9.0,6.0,6.0,5.0,5.0,4.0,4.0,3.0,3.0
128x768x768w65-32-51,11742279.0,11742279.0,11740742.0,4236.0,673.0,11737368.0,77300.0,132856.0,11525677.0,11658533.0,11740742.0,11602977.0,768.0,11742269.0,11742269.0,11740732.0,4235.0,655.0,11737377.0,76368.0,747362.0,10912112.0,11659474.0,11740732.0,10988480.0,768.0,11742268.0,11742268.0,11740731.0,4234.0,654.0,11737378.0,76887.0,760504.0,10898452.0,11658956.0,11740731.0,10975339.0,768.0,11742267.0,11742267.0,11740730.0,4233.0,653.0,11737379.0,77338.0,705988.0,10952518.0,11658506.0,11740730.0,11029856.0,768.0,11742264.0,11742264.0,11740727.0,4230.0,648.0,11737384.0,78157.0,709122.0,10948570.0,11657692.0,11740727.0,11026727.0,768.0,11742263.0,11742263.0,11740726.0,4229.0,642.0,11737390.0,77906.0,692203.0,10965746.0,11657949.0,11740726.0,11043652.0,768.0,11742262.0,11742262.0,11740725.0,4228.0,643.0,11737389.0,78134.0,695732.0,10961988.0,11657720.0,11740725.0,11040122.0,768.0,11742261.0,11742261.0,11740724.0,4227.0,784.0,11737248.0,77896.0,1325080.0,10332737.0,11657817.0,11740724.0,10410633.0,768.0,11737390.0,11742258.0,11742258.0,11742277.0,6144.0,5768847.0,87497800.0,619986.0,88117786.0,21.0,21.0,11.0,11.0,10.0,10.0,9.0,9.0,6.0,6.0,5.0,5.0,4.0,4.0,3.0,3.0
128x768x768w65-32-52,11732089.0,11732089.0,11730648.0,4195.0,698.0,11727194.0,71928.0,125445.0,11528382.0,11653827.0,11730648.0,11600310.0,720.0,11732073.0,11732073.0,11730632.0,4194.0,778.0,11727099.0,71888.0,756443.0,10897329.0,11653772.0,11730632.0,10969217.0,720.0,11732074.0,11732074.0,11730633.0,4193.0,818.0,11727061.0,71750.0,766581.0,10887291.0,11653872.0,11730633.0,10959041.0,720.0,11732072.0,11732072.0,11730631.0,4192.0,697.0,11727181.0,71557.0,708085.0,10946100.0,11654185.0,11730631.0,11017657.0,720.0,11732071.0,11732071.0,11730630.0,4189.0,722.0,11727158.0,71877.0,715435.0,10938407.0,11653842.0,11730630.0,11010284.0,720.0,11732071.0,11732071.0,11730630.0,4188.0,670.0,11727211.0,71913.0,695458.0,10958401.0,11653859.0,11730630.0,11030314.0,720.0,11732071.0,11732071.0,11730630.0,4187.0,681.0,11727201.0,71601.0,702647.0,10951514.0,11654161.0,11730630.0,11023115.0,720.0,11732071.0,11732071.0,11730630.0,4186.0,2066.0,11725817.0,71696.0,1327636.0,10325046.0,11652682.0,11730630.0,10396742.0,720.0,11727211.0,11732069.0,11732069.0,11732088.0,5760.0,5797730.0,87432470.0,574210.0,88006680.0,20.0,20.0,4.0,4.0,5.0,5.0,3.0,3.0,2.0,2.0,2.0,2.0,2.0,2.0,2.0,2.0
128x768x768w65-40-41,10811077.0,10811077.0,10809556.0,4264.0,634.0,10806177.0,74656.0,175571.0,10554431.0,10730002.0,10809556.0,10629087.0,760.0,10811062.0,10811062.0,10809541.0,4263.0,615.0,10806182.0,74373.0,783541.0,9946749.0,10730290.0,10809541.0,10021122.0,760.0,10811062.0,10811062.0,10809541.0,4262.0,650.0,10806148.0,73965.0,787070.0,9943594.0,10730664.0,10809541.0,10017559.0,760.0,10811062.0,10811062.0,10809541.0,4261.0,639.0,10806160.0,74733.0,767292.0,9962616.0,10729908.0,10809541.0,10037349.0,760.0,10811060.0,10811060.0,10809539.0,4258.0,627.0,10806173.0,75299.0,765098.0,9964257.0,10729355.0,10809539.0,10039556.0,760.0,10811060.0,10811060.0,10809539.0,4257.0,634.0,10806167.0,74754.0,752163.0,9977731.0,10729894.0,10809539.0,10052485.0,760.0,10811060.0,10811060.0,10809539.0,4256.0,621.0,10806181.0,74483.0,754306.0,9975873.0,10730179.0,10809539.0,10050356.0,760.0,10811052.0,10811052.0,10809531.0,4255.0,873.0,10805922.0,74619.0,1354874.0,9374910.0,10729784.0,10809531.0,9449529.0,760.0,10806182.0,10811050.0,10811050.0,10811069.0,6080.0,6139915.0,79700161.0,596882.0,80297043.0,27.0,27.0,12.0,12.0,12.0,12.0,12.0,12.0,10.0,10.0,10.0,10.0,10.0,10.0,2.0,2.0
128x768x768w65-40-42,10833289.0,10833289.0,10831768.0,4332.0,638.0,10828317.0,75265.0,182283.0,10569250.0,10751533.0,10831768.0,10644515.0,760.0,10833279.0,10833279.0,10831758.0,4331.0,628.0,10828318.0,75188.0,785618.0,9965993.0,10751611.0,10831758.0,10041181.0,760.0,10833279.0,10833279.0,10831758.0,4330.0,627.0,10828320.0,74555.0,788600.0,9963646.0,10752246.0,10831758.0,10038201.0,760.0,10833279.0,10833279.0,10831758.0,4329.0,625.0,10828323.0,74980.0,771137.0,9980687.0,10751824.0,10831758.0,10055667.0,760.0,10833277.0,10833277.0,10831756.0,4326.0,614.0,10828335.0,75358.0,770089.0,9981369.0,10751458.0,10831756.0,10056727.0,760.0,10833277.0,10833277.0,10831756.0,4325.0,640.0,10828310.0,75219.0,745641.0,10005931.0,10751572.0,10831756.0,10081150.0,760.0,10833277.0,10833277.0,10831756.0,4324.0,623.0,10828328.0,74927.0,748863.0,10003019.0,10751882.0,10831756.0,10077946.0,760.0,10833269.0,10833269.0,10831748.0,4323.0,732.0,10828212.0,74478.0,1356749.0,9395466.0,10752215.0,10831748.0,9469944.0,760.0,10828335.0,10833267.0,10833267.0,10833286.0,6080.0,6148980.0,79865361.0,599970.0,80465331.0,22.0,22.0,12.0,12.0,12.0,12.0,12.0,12.0,10.0,10.0,10.0,10.0,10.0,10.0,2.0,2.0
128x768x768w65-40-43,10803865.0,10803865.0,10802424.0,4304.0,660.0,10798899.0,71126.0,169247.0,10557087.0,10726334.0,10802424.0,10628213.0,720.0,10803851.0,10803851.0,10802410.0,4303.0,639.0,10798907.0,70889.0,772999.0,9953580.0,10726579.0,10802410.0,10024469.0,720.0,10803851.0,10803851.0,10802410.0,4302.0,626.0,10798921.0,70360.0,780865.0,9946257.0,10727122.0,10802410.0,10016617.0,720.0,10803851.0,10803851.0,10802410.0,4301.0,661.0,10798887.0,68828.0,751808.0,9976812.0,10728620.0,10802410.0,10045640.0,720.0,10803849.0,10803849.0,10802408.0,4298.0,661.0,10798888.0,71013.0,747449.0,9978987.0,10726436.0,10802408.0,10050000.0,720.0,10803849.0,10803849.0,10802408.0,4297.0,613.0,10798937.0,70297.0,723588.0,10003613.0,10727201.0,10802408.0,10073910.0,720.0,10803849.0,10803849.0,10802408.0,4296.0,653.0,10798898.0,70678.0,730709.0,9996072.0,10726781.0,10802408.0,10066750.0,720.0,10803849.0,10803849.0,10802408.0,4295.0,961.0,10798591.0,71016.0,1320363.0,9405773.0,10726136.0,10802408.0,9476789.0,720.0,10798937.0,10803839.0,10803839.0,10803858.0,5760.0,5997028.0,79818181.0,564207.0,80382388.0,26.0,26.0,12.0,12.0,12.0,12.0,12.0,12.0,10.0,10.0,10.0,10.0,10.0,10.0,10.0,10.0
128x768x768w65-48-32,10907689.0,10907689.0,10906152.0,4072.0,943.0,10902672.0,76000.0,151733.0,10673404.0,10825137.0,10906152.0,10749404.0,768.0,10907683.0,10907683.0,10906146.0,4071.0,929.0,10902681.0,75454.0,766688.0,10059004.0,10825692.0,10906146.0,10134458.0,768.0,10907682.0,10907682.0,10906145.0,4070.0,921.0,10902689.0,75811.0,771370.0,10053973.0,10825343.0,10906145.0,10129784.0,768.0,10907681.0,10907681.0,10906144.0,4069.0,869.0,10902741.0,75337.0,726235.0,10099634.0,10825869.0,10906144.0,10174971.0,768.0,10907678.0,10907678.0,10906141.0,4066.0,895.0,10902715.0,74862.0,729666.0,10096652.0,10826318.0,10906141.0,10171514.0,768.0,10907677.0,10907677.0,10906140.0,4065.0,839.0,10902771.0,76118.0,699955.0,10125163.0,10825118.0,10906140.0,10201281.0,768.0,10907676.0,10907676.0,10906139.0,4064.0,813.0,10902797.0,74344.0,700055.0,10126863.0,10826918.0,10906139.0,10201207.0,768.0,10907675.0,10907675.0,10906138.0,4063.0,2449.0,10901161.0,75382.0,1320080.0,9504164.0,10824244.0,10906138.0,9579546.0,768.0,10902797.0,10907672.0,10907672.0,10907691.0,6144.0,5865782.0,80738857.0,603308.0,81342165.0,17.0,17.0,11.0,11.0,10.0,10.0,9.0,9.0,6.0,6.0,5.0,5.0,4.0,4.0,3.0,3.0
128x768x768w65-48-33,10936749.0,10936749.0,10935212.0,4101.0,922.0,10931724.0,75105.0,167140.0,10687944.0,10855084.0,10935212.0,10763049.0,768.0,10936740.0,10936740.0,10935203.0,4100.0,949.0,10931689.0,75397.0,776268.0,10078489.0,10854757.0,10935203.0,10153886.0,768.0,10936739.0,10936739.0,10935202.0,4099.0,922.0,10931716.0,75852.0,786123.0,10068206.0,10854329.0,10935202.0,10144058.0,768.0,10936738.0,10936738.0,10935201.0,4098.0,886.0,10931752.0,74203.0,742964.0,10113050.0,10856014.0,10935201.0,10187253.0,768.0,10936735.0,10936735.0,10935198.0,4095.0,883.0,10931755.0,75985.0,745371.0,10108864.0,10854235.0,10935198.0,10184849.0,768.0,10936734.0,10936734.0,10935197.0,4094.0,890.0,10931748.0,75779.0,718865.0,10135569.0,10854434.0,10935197.0,10211348.0,768.0,10936733.0,10936733.0,10935196.0,4093.0,872.0,10931766.0,75956.0,721992.0,10132283.0,10854275.0,10935196.0,10208239.0,768.0,10936732.0,10936732.0,10935195.0,4092.0,1396.0,10931242.0,74955.0,1335649.0,9519103.0,10854752.0,10935195.0,9594058.0,768.0,10931766.0,10936729.0,10936729.0,10936748.0,6144.0,5994372.0,80843508.0,603232.0,81446740.0,20.0,20.0,11.0,11.0,10.0,10.0,9.0,9.0,6.0,6.0,5.0,5.0,4.0,4.0,3.0,3.0
128x768x768w65-48-34,10895332.0,10895332.0,10893859.0,4197.0,921.0,10890212.0,73382.0,157992.0,10657367.0,10815359.0,10893859.0,10730749.0,736.0,10895320.0,10895320.0,10893847.0,4196.0,912.0,10890210.0,73200.0,770396.0,10045143.0,10815539.0,10893847.0,10118343.0,736.0,10895320.0,10895320.0,10893847.0,4195.0,912.0,10890211.0,73569.0,770485.0,10044686.0,10815171.0,10893847.0,10118255.0,736.0,10895320.0,10895320.0,10893847.0,4194.0,906.0,10890218.0,73120.0,742296.0,10073331.0,10815627.0,10893847.0,10146451.0,736.0,10895318.0,10895318.0,10893845.0,4191.0,890.0,10890235.0,73464.0,739709.0,10075591.0,10815300.0,10893845.0,10149055.0,736.0,10895318.0,10895318.0,10893845.0,4190.0,919.0,10890207.0,73477.0,718918.0,10096341.0,10815259.0,10893845.0,10169818.0,736.0,10895310.0,10895310.0,10893837.0,4189.0,897.0,10890222.0,73648.0,718129.0,10096974.0,10815103.0,10893837.0,10170622.0,736.0,10895317.0,10895317.0,10893844.0,4188.0,1946.0,10889181.0,73068.0,1335724.0,9478918.0,10814642.0,10893844.0,9551986.0,736.0,10890235.0,10895308.0,10895308.0,10895327.0,5888.0,5953649.0,80568351.0,586928.0,81155279.0,24.0,24.0,12.0,12.0,12.0,12.0,12.0,12.0,10.0,10.0,10.0,10.0,2.0,2.0,9.0,9.0
128x768x768w65-48-35,10871821.0,10871821.0,10870412.0,4199.0,984.0,10866636.0,69138.0,152371.0,10643720.0,10796091.0,10870412.0,10712858.0,704.0,10871811.0,10871811.0,10870402.0,4198.0,959.0,10866652.0,69220.0,753797.0,10042228.0,10796025.0,10870402.0,10111448.0,704.0,10871810.0,10871810.0,10870401.0,4197.0,994.0,10866617.0,69224.0,762320.0,10033666.0,10795986.0,10870401.0,10102890.0,704.0,10871809.0,10871809.0,10870400.0,4196.0,914.0,10866697.0,68204.0,727207.0,10069879.0,10797086.0,10870400.0,10138083.0,704.0,10871806.0,10871806.0,10870397.0,4193.0,917.0,10866694.0,69131.0,729534.0,10066622.0,10796156.0,10870397.0,10135753.0,704.0,10871805.0,10871805.0,10870396.0,4192.0,885.0,10866726.0,68312.0,707905.0,10089102.0,10797007.0,10870396.0,10157414.0,704.0,10871804.0,10871804.0,10870395.0,4191.0,951.0,10866660.0,68698.0,711966.0,10084589.0,10796555.0,10870395.0,10153287.0,704.0,10871803.0,10871803.0,10870394.0,4190.0,2569.0,10865042.0,68749.0,1323885.0,9471001.0,10794886.0,10870394.0,9539750.0,704.0,10866726.0,10871800.0,10871800.0,10871819.0,5632.0,5868985.0,80500807.0,550676.0,81051483.0,21.0,21.0,11.0,11.0,10.0,10.0,9.0,9.0,6.0,6.0,5.0,5.0,4.0,4.0,3.0,3.0
128x768x768w65-56-28,10957324.0,10957324.0,10955755.0,4237.0,882.0,10952203.0,76696.0,187483.0,10686457.0,10873940.0,10955755.0,10763153.0,784.0,10957315.0,10957315.0,10955746.0,4236.0,831.0,10952246.0,77506.0,799098.0,10074075.0,10873173.0,10955746.0,10151581.0,784.0,10957314.0,10957314.0,10955745.0,4235.0,848.0,10952229.0,77034.0,808497.0,10065131.0,10873628.0,10955745.0,10142165.0,784.0,10957313.0,10957313.0,10955744.0,4234.0,827.0,10952250.0,75254.0,769202.0,10106227.0,10875429.0,10955744.0,10181481.0,784.0,10957310.0,10957310.0,10955741.0,4231.0,796.0,10952281.0,76007.0,767192.0,10107515.0,10874707.0,10955741.0,10183522.0,784.0,10957309.0,10957309.0,10955740.0,4230.0,839.0,10952238.0,77489.0,740623.0,10132559.0,10873182.0,10955740.0,10210048.0,784.0,10957308.0,10957308.0,10955739.0,4229.0,804.0,10952273.0,77570.0,750898.0,10122238.0,10873136.0,10955739.0,10199808.0,784.0,10957307.0,10957307.0,10955738.0,4228.0,1354.0,10951723.0,76962.0,1349419.0,9523775.0,10873194.0,10955738.0,9600737.0,784.0,10952281.0,10957304.0,10957304.0,10957323.0,6272.0,6172412.0,80817977.0,614518.0,81432495.0,20.0,20.0,11.0,11.0,10.0,10.0,9.0,9.0,6.0,6.0,5.0,5.0,4.0,4.0,3.0,3.0
128x768x768w65-56-29,10947989.0,10947989.0,10946476.0,4268.0,850.0,10942869.0,76401.0,193530.0,10671427.0,10864957.0,10946476.0,10747828.0,756.0,10947987.0,10947987.0,10946474.0,4267.0,831.0,10942887.0,75474.0,802870.0,10063032.0,10865902.0,10946474.0,10138506.0,756.0,10947987.0,10947987.0,10946474.0,4266.0,853.0,10942866.0,76088.0,812383.0,10052884.0,10865267.0,10946474.0,10128972.0,756.0,10947982.0,10947982.0,10946469.0,4265.0,806.0,10942909.0,76167.0,769895.0,10095336.0,10865231.0,10946469.0,10171503.0,756.0,10947979.0,10947979.0,10946466.0,4262.0,856.0,10942859.0,75157.0,771500.0,10094691.0,10866191.0,10946466.0,10169848.0,756.0,10947978.0,10947978.0,10946465.0,4261.0,787.0,10942928.0,75871.0,738872.0,10126674.0,10865546.0,10946465.0,10202545.0,756.0,10947978.0,10947978.0,10946465.0,4260.0,820.0,10942896.0,74817.0,745130.0,10121438.0,10866568.0,10946465.0,10196255.0,756.0,10947976.0,10947976.0,10946463.0,4259.0,1427.0,10942288.0,75382.0,1358133.0,9507262.0,10865395.0,10946463.0,9582644.0,756.0,10942928.0,10947975.0,10947975.0,10947994.0,6048.0,6192313.0,80732744.0,605357.0,81338101.0,14.0,14.0,12.0,12.0,12.0,12.0,7.0,7.0,4.0,4.0,3.0,3.0,3.0,3.0,1.0,1.0
128x768x768w66-32-48,11750189.0,11750189.0,11748652.0,4066.0,805.0,11745316.0,78863.0,131920.0,11532998.0,11664918.0,11748652.0,11611861.0,768.0,11750181.0,11750181.0,11748644.0,4065.0,936.0,11745178.0,74318.0,231290.0,11438035.0,11669325.0,11748644.0,11512353.0,768.0,11750180.0,11750180.0,11748643.0,4064.0,822.0,11745292.0,76736.0,779098.0,10887923.0,11667021.0,11748643.0,10964659.0,768.0,11750179.0,11750179.0,11748642.0,4063.0,746.0,11745368.0,76640.0,701521.0,10965672.0,11667193.0,11748642.0,11042312.0,768.0,11750176.0,11750176.0,11748639.0,4060.0,744.0,11745370.0,76925.0,722461.0,10944449.0,11666910.0,11748639.0,11021374.0,768.0,11750175.0,11750175.0,11748638.0,4059.0,696.0,11745418.0,77543.0,675447.0,10990893.0,11666340.0,11748638.0,11068436.0,768.0,11750174.0,11750174.0,11748637.0,4058.0,2341.0,11743773.0,77631.0,1328698.0,10335909.0,11664607.0,11748637.0,10413540.0,768.0,11750173.0,11750173.0,11748636.0,4057.0,2333.0,11743781.0,77682.0,1323866.0,10340698.0,11664564.0,11748636.0,10418380.0,768.0,11745418.0,11750170.0,11750170.0,11750189.0,6144.0,5894301.0,87436577.0,616338.0,88052915.0,19.0,19.0,11.0,11.0,10.0,10.0,9.0,9.0,6.0,6.0,5.0,5.0,4.0,4.0,3.0,3.0
128x768x768w66-32-49,11786326.0,11786326.0,11784789.0,4171.0,740.0,11781413.0,76777.0,156689.0,11546412.0,11703101.0,11784789.0,11623189.0,768.0,11786316.0,11786316.0,11784779.0,4170.0,765.0,11781379.0,76804.0,174043.0,11528997.0,11703040.0,11784779.0,11605801.0,768.0,11786315.0,11786315.0,11784778.0,4169.0,782.0,11781362.0,76857.0,816142.0,10886828.0,11702970.0,11784778.0,10963685.0,768.0,11786314.0,11786314.0,11784777.0,4168.0,681.0,11781463.0,77153.0,713251.0,10989524.0,11702775.0,11784777.0,11066677.0,768.0,11786311.0,11786311.0,11784774.0,4165.0,693.0,11781451.0,77955.0,726597.0,10975364.0,11701961.0,11784774.0,11053319.0,768.0,11786310.0,11786310.0,11784773.0,4164.0,633.0,11781511.0,78059.0,691579.0,11010338.0,11701917.0,11784773.0,11088397.0,768.0,11786309.0,11786309.0,11784772.0,4163.0,1781.0,11780363.0,77882.0,1324635.0,10376311.0,11700946.0,11784772.0,10454193.0,768.0,11786308.0,11786308.0,11784771.0,4162.0,1783.0,11780361.0,78319.0,1320527.0,10379980.0,11700507.0,11784771.0,10458299.0,768.0,11781511.0,11786305.0,11786305.0,11786324.0,6144.0,5923463.0,87693754.0,619806.0,88313560.0,21.0,21.0,11.0,11.0,10.0,10.0,9.0,9.0,6.0,6.0,5.0,5.0,4.0,4.0,3.0,3.0
128x768x768w66-32-50,11745446.0,11745446.0,11743909.0,4254.0,834.0,11740356.0,76835.0,165011.0,11496975.0,11661986.0,11743909.0,11573810.0,768.0,11745436.0,11745436.0,11743899.0,4253.0,713.0,11740468.0,76798.0,174088.0,11488047.0,11662135.0,11743899.0,11564845.0,768.0,11745435.0,11745435.0,11743898.0,4252.0,688.0,11740493.0,76942.0,801683.0,10860333.0,11662016.0,11743898.0,10937275.0,768.0,11745434.0,11745434.0,11743897.0,4251.0,660.0,11740521.0,77350.0,709286.0,10952350.0,11661636.0,11743897.0,11029700.0,768.0,11745431.0,11745431.0,11743894.0,4248.0,670.0,11740511.0,78164.0,722613.0,10938199.0,11660812.0,11743894.0,11016363.0,768.0,11745430.0,11745430.0,11743893.0,4247.0,628.0,11740553.0,77883.0,691907.0,10969228.0,11661135.0,11743893.0,11047111.0,768.0,11745429.0,11745429.0,11743892.0,4246.0,1257.0,11739924.0,78038.0,1323781.0,10336570.0,11660351.0,11743892.0,10414608.0,768.0,11745428.0,11745428.0,11743891.0,4245.0,1262.0,11739919.0,78233.0,1317940.0,10342211.0,11660151.0,11743891.0,10420444.0,768.0,11740553.0,11745425.0,11745425.0,11745444.0,6144.0,5906309.0,87383913.0,620243.0,88004156.0,21.0,21.0,11.0,11.0,10.0,10.0,9.0,9.0,6.0,6.0,5.0,5.0,4.0,4.0,3.0,3.0
128x768x768w66-32-51,11776053.0,11776053.0,11774516.0,4251.0,654.0,11771146.0,76848.0,155048.0,11537715.0,11692763.0,11774516.0,11614563.0,768.0,11776043.0,11776043.0,11774506.0,4250.0,636.0,11771155.0,76766.0,181459.0,11511395.0,11692854.0,11774506.0,11588161.0,768.0,11776042.0,11776042.0,11774505.0,4249.0,635.0,11771156.0,76955.0,802932.0,10889734.0,11692666.0,11774505.0,10966689.0,768.0,11776041.0,11776041.0,11774504.0,4248.0,634.0,11771157.0,77407.0,717226.0,10974989.0,11692215.0,11774504.0,11052396.0,768.0,11776038.0,11776038.0,11774501.0,4245.0,629.0,11771162.0,78156.0,730156.0,10961315.0,11691471.0,11774501.0,11039471.0,768.0,11776037.0,11776037.0,11774500.0,4244.0,628.0,11771163.0,78016.0,694217.0,10997395.0,11691612.0,11774500.0,11075411.0,768.0,11776036.0,11776036.0,11774499.0,4243.0,769.0,11771022.0,78315.0,1329909.0,10361263.0,11691172.0,11774499.0,10439578.0,768.0,11776035.0,11776035.0,11774498.0,4242.0,772.0,11771019.0,78163.0,1325902.0,10365419.0,11691321.0,11774498.0,10443582.0,768.0,11771163.0,11776032.0,11776032.0,11776051.0,6144.0,5936849.0,87599225.0,620626.0,88219851.0,21.0,21.0,11.0,11.0,10.0,10.0,9.0,9.0,6.0,6.0,5.0,5.0,4.0,4.0,3.0,3.0
128x768x768w66-40-41,10815926.0,10815926.0,10814405.0,4280.0,660.0,10810984.0,74590.0,183184.0,10551691.0,10734875.0,10814405.0,10626281.0,760.0,10815911.0,10815911.0,10814390.0,4279.0,642.0,10810988.0,74515.0,182591.0,10552363.0,10734954.0,10814390.0,10626878.0,760.0,10815911.0,10815911.0,10814390.0,4278.0,644.0,10810987.0,74977.0,793139.0,9941352.0,10734491.0,10814390.0,10016329.0,760.0,10815911.0,10815911.0,10814390.0,4277.0,627.0,10811005.0,74224.0,774034.0,9961228.0,10735262.0,10814390.0,10035452.0,760.0,10815909.0,10815909.0,10814388.0,4274.0,609.0,10811024.0,75251.0,770309.0,9963945.0,10734254.0,10814388.0,10039196.0,760.0,10815909.0,10815909.0,10814388.0,4273.0,622.0,10811012.0,74874.0,749147.0,9985472.0,10734619.0,10814388.0,10060346.0,760.0,10815909.0,10815909.0,10814388.0,4272.0,873.0,10810762.0,74468.0,1369489.0,9365286.0,10734775.0,10814388.0,9439754.0,760.0,10815901.0,10815901.0,10814380.0,4271.0,862.0,10810766.0,74340.0,1355695.0,9379212.0,10734907.0,10814380.0,9453552.0,760.0,10811024.0,10815899.0,10815899.0,10815918.0,6080.0,6177588.0,79700549.0,597239.0,80297788.0,27.0,27.0,12.0,12.0,12.0,12.0,12.0,12.0,10.0,10.0,10.0,10.0,10.0,10.0,2.0,2.0
128x768x768w66-40-42,10830655.0,10830655.0,10829134.0,4347.0,625.0,10825681.0,75582.0,182164.0,10566416.0,10748580.0,10829134.0,10641998.0,760.0,10830640.0,10830640.0,10829119.0,4346.0,609.0,10825683.0,74643.0,186203.0,10563318.0,10749521.0,10829119.0,10637961.0,760.0,10830640.0,10830640.0,10829119.0,4345.0,626.0,10825667.0,74832.0,794886.0,9954430.0,10749316.0,10829119.0,10029262.0,760.0,10830640.0,10830640.0,10829119.0,4344.0,623.0,10825671.0,74768.0,769242.0,9980142.0,10749384.0,10829119.0,10054910.0,760.0,10830638.0,10830638.0,10829117.0,4341.0,626.0,10825669.0,75329.0,770678.0,9978143.0,10748821.0,10829117.0,10053472.0,760.0,10830638.0,10830638.0,10829117.0,4340.0,623.0,10825673.0,75266.0,744078.0,10004810.0,10748888.0,10829117.0,10080076.0,760.0,10830638.0,10830638.0,10829117.0,4339.0,725.0,10825572.0,74482.0,1369794.0,9379777.0,10749571.0,10829117.0,9454259.0,760.0,10830630.0,10830630.0,10829109.0,4338.0,716.0,10825574.0,74146.0,1344950.0,9404959.0,10749909.0,10829109.0,9479105.0,760.0,10825683.0,10830628.0,10830628.0,10830647.0,6080.0,6161995.0,79831995.0,599048.0,80431043.0,27.0,27.0,12.0,12.0,12.0,12.0,12.0,12.0,10.0,10.0,10.0,10.0,10.0,10.0,2.0,2.0
128x768x768w66-48-32,10904989.0,10904989.0,10903452.0,4087.0,853.0,10900047.0,75699.0,150092.0,10672721.0,10822813.0,10903452.0,10748420.0,768.0,10904982.0,10904982.0,10903445.0,4086.0,864.0,10900030.0,75144.0,156527.0,10666824.0,10823351.0,10903445.0,10741968.0,768.0,10904981.0,10904981.0,10903444.0,4085.0,886.0,10900008.0,76281.0,769816.0,10052376.0,10822192.0,10903444.0,10128657.0,768.0,10904980.0,10904980.0,10903443.0,4084.0,808.0,10900086.0,75635.0,726629.0,10096287.0,10822916.0,10903443.0,10171922.0,768.0,10904977.0,10904977.0,10903440.0,4081.0,799.0,10900095.0,76927.0,719399.0,10102234.0,10821633.0,10903440.0,10179161.0,768.0,10904976.0,10904976.0,10903439.0,4080.0,807.0,10900087.0,76413.0,700983.0,10121156.0,10822139.0,10903439.0,10197569.0,768.0,10904975.0,10904975.0,10903438.0,4079.0,2386.0,10898508.0,74771.0,1325272.0,9496930.0,10822202.0,10903438.0,9571701.0,768.0,10904974.0,10904974.0,10903437.0,4078.0,2382.0,10898512.0,74561.0,1320592.0,9501824.0,10822416.0,10903437.0,9576385.0,768.0,10900095.0,10904971.0,10904971.0,10904990.0,6144.0,5869310.0,80710352.0,605431.0,81315783.0,18.0,18.0,11.0,11.0,10.0,10.0,9.0,9.0,6.0,6.0,5.0,5.0,4.0,4.0,3.0,3.0
128x768x768w66-48-33,10940362.0,10940362.0,10938825.0,4117.0,927.0,10935316.0,74702.0,176941.0,10682138.0,10859079.0,10938825.0,10756840.0,768.0,10940353.0,10940353.0,10938816.0,4116.0,918.0,10935317.0,75442.0,178208.0,10680132.0,10858340.0,10938816.0,10755574.0,768.0,10940352.0,10940352.0,10938815.0,4115.0,930.0,10935305.0,75708.0,791532.0,10066530.0,10858062.0,10938815.0,10142238.0,768.0,10940351.0,10940351.0,10938814.0,4114.0,873.0,10935362.0,74446.0,752553.0,10106828.0,10859381.0,10938814.0,10181274.0,768.0,10940348.0,10940348.0,10938811.0,4111.0,878.0,10935357.0,75362.0,755785.0,10102675.0,10858460.0,10938811.0,10178037.0,768.0,10940347.0,10940347.0,10938810.0,4110.0,864.0,10935371.0,75224.0,723332.0,10135280.0,10858612.0,10938810.0,10210504.0,768.0,10940346.0,10940346.0,10938809.0,4109.0,1370.0,10934865.0,76050.0,1353585.0,9503695.0,10857280.0,10938809.0,9579745.0,768.0,10940345.0,10940345.0,10938808.0,4108.0,1345.0,10934890.0,75168.0,1338774.0,9519413.0,10858187.0,10938808.0,9594581.0,768.0,10935371.0,10940342.0,10940342.0,10940361.0,6144.0,6070710.0,80796691.0,602102.0,81398793.0,20.0,20.0,11.0,11.0,10.0,10.0,9.0,9.0,6.0,6.0,5.0,5.0,4.0,4.0,3.0,3.0
128x768x768w66-48-34,10896955.0,10896955.0,10895482.0,4212.0,908.0,10891833.0,73203.0,159332.0,10657827.0,10817159.0,10895482.0,10731030.0,736.0,10896943.0,10896943.0,10895470.0,4211.0,905.0,10891825.0,73094.0,165882.0,10651378.0,10817260.0,10895470.0,10724472.0,736.0,10896943.0,10896943.0,10895470.0,4210.0,899.0,10891832.0,73840.0,774610.0,10041911.0,10816521.0,10895470.0,10115751.0,736.0,10896943.0,10896943.0,10895470.0,4209.0,913.0,10891819.0,73456.0,738224.0,10078668.0,10816892.0,10895470.0,10152124.0,736.0,10896941.0,10896941.0,10895468.0,4206.0,903.0,10891830.0,73499.0,743112.0,10073748.0,10816860.0,10895468.0,10147247.0,736.0,10896941.0,10896941.0,10895468.0,4205.0,882.0,10891852.0,73838.0,720784.0,10095759.0,10816543.0,10895468.0,10169597.0,736.0,10896933.0,10896933.0,10895460.0,4204.0,1913.0,10890814.0,73624.0,1341957.0,9473762.0,10815719.0,10895460.0,9547386.0,736.0,10896940.0,10896940.0,10895467.0,4203.0,1903.0,10890832.0,72830.0,1332855.0,9483676.0,10816531.0,10895467.0,9556506.0,736.0,10891852.0,10896931.0,10896931.0,10896950.0,5888.0,5976756.0,80556729.0,587384.0,81144113.0,24.0,24.0,12.0,12.0,12.0,12.0,12.0,12.0,10.0,10.0,10.0,10.0,2.0,2.0,9.0,9.0
128x768x768w66-48-35,10869462.0,10869462.0,10868053.0,4220.0,945.0,10864295.0,69572.0,147022.0,10646294.0,10793316.0,10868053.0,10715866.0,704.0,10869452.0,10869452.0,10868043.0,4219.0,942.0,10864289.0,68724.0,153124.0,10641034.0,10794158.0,10868043.0,10709758.0,704.0,10869451.0,10869451.0,10868042.0,4218.0,971.0,10864260.0,68946.0,763533.0,10030374.0,10793907.0,10868042.0,10099320.0,704.0,10869450.0,10869450.0,10868041.0,4217.0,930.0,10864301.0,68182.0,737538.0,10057174.0,10794712.0,10868041.0,10125356.0,704.0,10869447.0,10869447.0,10868038.0,4214.0,899.0,10864332.0,68915.0,736951.0,10057059.0,10794010.0,10868038.0,10125974.0,704.0,10869446.0,10869446.0,10868037.0,4213.0,874.0,10864357.0,68350.0,713348.0,10081252.0,10794600.0,10868037.0,10149602.0,704.0,10869445.0,10869445.0,10868036.0,4212.0,2560.0,10862671.0,69426.0,1335420.0,9456418.0,10791838.0,10868036.0,9525844.0,704.0,10869444.0,10869444.0,10868035.0,4211.0,2554.0,10862677.0,68560.0,1327905.0,9464805.0,10792710.0,10868035.0,9533365.0,704.0,10864357.0,10869441.0,10869441.0,10869460.0,5632.0,5914841.0,80434410.0,550675.0,80985085.0,21.0,21.0,11.0,11.0,10.0,10.0,9.0,9.0,6.0,6.0,5.0,5.0,4.0,4.0,3.0,3.0
128x768x768w66-56-28,10961989.0,10961989.0,10960420.0,4252.0,803.0,10956932.0,76633.0,189523.0,10689209.0,10878732.0,10960420.0,10765842.0,784.0,10961982.0,10961982.0,10960413.0,4251.0,795.0,10956934.0,77009.0,200224.0,10678134.0,10878358.0,10960413.0,10755143.0,784.0,10961981.0,10961981.0,10960412.0,4250.0,803.0,10956926.0,77427.0,813155.0,10064777.0,10877932.0,10960412.0,10142204.0,784.0,10961980.0,10961980.0,10960411.0,4249.0,789.0,10956940.0,74763.0,783364.0,10097246.0,10880610.0,10960411.0,10172009.0,784.0,10961977.0,10961977.0,10960408.0,4246.0,815.0,10956914.0,76171.0,774606.0,10104570.0,10879176.0,10960408.0,10180741.0,784.0,10961976.0,10961976.0,10960407.0,4245.0,801.0,10956928.0,77288.0,748179.0,10129894.0,10878073.0,10960407.0,10207182.0,784.0,10961975.0,10961975.0,10960406.0,4244.0,1292.0,10956437.0,77376.0,1372564.0,9504930.0,10877494.0,10960406.0,9582306.0,784.0,10961974.0,10961974.0,10960405.0,4243.0,1270.0,10956459.0,77002.0,1364676.0,9513214.0,10877890.0,10960405.0,9590216.0,784.0,10956940.0,10961971.0,10961971.0,10961990.0,6272.0,6246291.0,80781974.0,613669.0,81395643.0,18.0,18.0,11.0,11.0,10.0,10.0,9.0,9.0,6.0,6.0,5.0,5.0,4.0,4.0,3.0,3.0
128x768x768w67-32-48,11729820.0,11729820.0,11728283.0,4089.0,755.0,11724974.0,78964.0,106667.0,11537808.0,11644475.0,11728283.0,11616772.0,768.0,11729810.0,11729810.0,11728273.0,4088.0,722.0,11724998.0,76096.0,147866.0,11499501.0,11647367.0,11728273.0,11575597.0,768.0,11729809.0,11729809.0,11728272.0,4087.0,797.0,11724923.0,76384.0,170292.0,11476712.0,11647004.0,11728272.0,11553096.0,768.0,11729808.0,11729808.0,11728271.0,4086.0,695.0,11725025.0,76443.0,688520.0,10958527.0,11647047.0,11728271.0,11034970.0,768.0,11729805.0,11729805.0,11728268.0,4083.0,720.0,11725000.0,76942.0,712835.0,10933688.0,11646523.0,11728268.0,11010630.0,768.0,11729804.0,11729804.0,11728267.0,4082.0,2293.0,11723427.0,76927.0,1291460.0,10353505.0,11644965.0,11728267.0,10430432.0,768.0,11729803.0,11729803.0,11728266.0,4081.0,2286.0,11723434.0,77832.0,1300232.0,10343835.0,11644067.0,11728266.0,10421667.0,768.0,11729802.0,11729802.0,11728265.0,4080.0,2275.0,11723445.0,77810.0,1297316.0,10346784.0,11644100.0,11728265.0,10424594.0,768.0,11725025.0,11729799.0,11729799.0,11729818.0,6144.0,5715188.0,87450360.0,617398.0,88067758.0,21.0,21.0,11.0,11.0,10.0,10.0,9.0,9.0,6.0,6.0,5.0,5.0,4.0,4.0,3.0,3.0
128x768x768w67-32-49,11755162.0,11755162.0,11753625.0,4187.0,670.0,11750303.0,77047.0,124732.0,11546989.0,11671721.0,11753625.0,11624036.0,768.0,11755152.0,11755152.0,11753615.0,4186.0,778.0,11750186.0,76402.0,154789.0,11517460.0,11672249.0,11753615.0,11593862.0,768.0,11755151.0,11755151.0,11753614.0,4185.0,751.0,11750213.0,77423.0,170788.0,11500467.0,11671255.0,11753614.0,11577890.0,768.0,11755150.0,11755150.0,11753613.0,4184.0,625.0,11750339.0,76824.0,712607.0,10959373.0,11671980.0,11753613.0,11036197.0,768.0,11755147.0,11755147.0,11753610.0,4181.0,636.0,11750328.0,77671.0,723976.0,10947146.0,11671122.0,11753610.0,11024817.0,768.0,11755146.0,11755146.0,11753609.0,4180.0,1711.0,11749253.0,77925.0,1310036.0,10359757.0,11669793.0,11753609.0,10437682.0,768.0,11755145.0,11755145.0,11753608.0,4179.0,1718.0,11749246.0,77897.0,1320434.0,10349380.0,11669814.0,11753608.0,10427277.0,768.0,11755144.0,11755144.0,11753607.0,4178.0,1714.0,11749250.0,78169.0,1317162.0,10352384.0,11669546.0,11753607.0,10430553.0,768.0,11750339.0,11755141.0,11755141.0,11755160.0,6144.0,5834524.0,87532956.0,619358.0,88152314.0,21.0,21.0,11.0,11.0,10.0,10.0,9.0,9.0,6.0,6.0,5.0,5.0,4.0,4.0,3.0,3.0
128x768x768w67-32-50,11724389.0,11724389.0,11722852.0,4262.0,762.0,11719363.0,77195.0,120691.0,11519942.0,11640633.0,11722852.0,11597137.0,768.0,11724383.0,11724383.0,11722846.0,4261.0,679.0,11719441.0,76836.0,151493.0,11489577.0,11641070.0,11722846.0,11566413.0,768.0,11724382.0,11724382.0,11722845.0,4260.0,672.0,11719448.0,76712.0,175227.0,11465974.0,11641201.0,11722845.0,11542686.0,768.0,11724381.0,11724381.0,11722844.0,4259.0,628.0,11719492.0,77078.0,714435.0,10926444.0,11640879.0,11722844.0,11003522.0,768.0,11724378.0,11724378.0,11722841.0,4256.0,624.0,11719496.0,77938.0,718742.0,10921281.0,11640023.0,11722841.0,10999219.0,768.0,11724377.0,11724377.0,11722840.0,4255.0,1225.0,11718895.0,77806.0,1320039.0,10319515.0,11639554.0,11722840.0,10397321.0,768.0,11724376.0,11724376.0,11722839.0,4254.0,1222.0,11718898.0,78036.0,1325686.0,10313641.0,11639327.0,11722839.0,10391677.0,768.0,11724375.0,11724375.0,11722838.0,4253.0,1235.0,11718885.0,77966.0,1318246.0,10321138.0,11639384.0,11722838.0,10399104.0,768.0,11719496.0,11724372.0,11724372.0,11724391.0,6144.0,5844559.0,87277512.0,619567.0,87897079.0,17.0,17.0,11.0,11.0,10.0,10.0,9.0,9.0,6.0,6.0,5.0,5.0,4.0,4.0,3.0,3.0
128x768x768w67-40-41,10807089.0,10807089.0,10805568.0,4286.0,633.0,10802168.0,74697.0,169916.0,10556036.0,10725952.0,10805568.0,10630733.0,760.0,10807076.0,10807076.0,10805555.0,4285.0,624.0,10802165.0,74828.0,175527.0,10550291.0,10725818.0,10805555.0,10625119.0,760.0,10807076.0,10807076.0,10805555.0,4284.0,624.0,10802166.0,74075.0,180391.0,10546181.0,10726572.0,10805555.0,10620256.0,760.0,10807076.0,10807076.0,10805555.0,4283.0,609.0,10802182.0,74746.0,766367.0,9959550.0,10725917.0,10805555.0,10034296.0,760.0,10807074.0,10807074.0,10805553.0,4280.0,622.0,10802170.0,75268.0,760922.0,9964461.0,10725383.0,10805553.0,10039729.0,760.0,10807074.0,10807074.0,10805553.0,4279.0,884.0,10801909.0,74726.0,1356788.0,9368876.0,10725664.0,10805553.0,9443602.0,760.0,10807074.0,10807074.0,10805553.0,4278.0,887.0,10801907.0,74651.0,1361460.0,9364277.0,10725737.0,10805553.0,9438928.0,760.0,10807066.0,10807066.0,10805545.0,4277.0,849.0,10801938.0,74554.0,1350631.0,9375234.0,10725865.0,10805545.0,9449788.0,760.0,10802182.0,10807064.0,10807064.0,10807083.0,6080.0,6122002.0,79684906.0,597545.0,80282451.0,25.0,25.0,12.0,12.0,12.0,12.0,12.0,12.0,10.0,10.0,10.0,10.0,10.0,10.0,2.0,2.0
128x768x768w67-48-32,10899176.0,10899176.0,10897639.0,4101.0,867.0,10894206.0,75896.0,144139.0,10672636.0,10816775.0,10897639.0,10748532.0,768.0,10899166.0,10899166.0,10897629.0,4100.0,839.0,10894225.0,75389.0,154749.0,10662552.0,10817301.0,10897629.0,10737941.0,768.0,10899165.0,10899165.0,10897628.0,4099.0,840.0,10894224.0,75819.0,149251.0,10667619.0,10816870.0,10897628.0,10743438.0,768.0,10899164.0,10899164.0,10897627.0,4098.0,798.0,10894266.0,75378.0,719055.0,10098298.0,10817353.0,10897627.0,10173676.0,768.0,10899161.0,10899161.0,10897624.0,4095.0,815.0,10894249.0,74882.0,716169.0,10101663.0,10817832.0,10897624.0,10176545.0,768.0,10899160.0,10899160.0,10897623.0,4094.0,2377.0,10892687.0,76132.0,1311539.0,9503481.0,10815020.0,10897623.0,9579613.0,768.0,10899159.0,10899159.0,10897622.0,4093.0,2345.0,10892719.0,74237.0,1309716.0,9507231.0,10816947.0,10897622.0,9581468.0,768.0,10899158.0,10899158.0,10897621.0,4092.0,2358.0,10892706.0,75446.0,1305453.0,9510272.0,10815725.0,10897621.0,9585718.0,768.0,10894266.0,10899155.0,10899155.0,10899174.0,6144.0,5810071.0,80723752.0,603179.0,81326931.0,21.0,21.0,11.0,11.0,10.0,10.0,9.0,9.0,6.0,6.0,5.0,5.0,4.0,4.0,3.0,3.0
128x768x768w67-48-33,10928779.0,10928779.0,10927242.0,4126.0,872.0,10923779.0,75243.0,164123.0,10682878.0,10847001.0,10927242.0,10758121.0,768.0,10928770.0,10928770.0,10927233.0,4125.0,862.0,10923781.0,75266.0,162123.0,10684857.0,10846980.0,10927233.0,10760123.0,768.0,10928769.0,10928769.0,10927232.0,4124.0,861.0,10923782.0,76119.0,172823.0,10673305.0,10846128.0,10927232.0,10749424.0,768.0,10928768.0,10928768.0,10927231.0,4123.0,873.0,10923770.0,74372.0,740905.0,10106958.0,10847863.0,10927231.0,10181330.0,768.0,10928765.0,10928765.0,10927228.0,4120.0,858.0,10923785.0,75735.0,739724.0,10106791.0,10846515.0,10927228.0,10182526.0,768.0,10928764.0,10928764.0,10927227.0,4119.0,1322.0,10923321.0,75615.0,1330278.0,9515893.0,10846171.0,10927227.0,9591508.0,768.0,10928763.0,10928763.0,10927226.0,4118.0,1317.0,10923326.0,75858.0,1334394.0,9511539.0,10845933.0,10927226.0,9587397.0,768.0,10928762.0,10928762.0,10927225.0,4117.0,1309.0,10923334.0,74668.0,1326147.0,9520984.0,10847131.0,10927225.0,9595652.0,768.0,10923785.0,10928759.0,10928759.0,10928778.0,6144.0,5970517.0,80803205.0,602876.0,81406081.0,20.0,20.0,11.0,11.0,10.0,10.0,9.0,9.0,6.0,6.0,5.0,5.0,4.0,4.0,3.0,3.0
128x768x768w67-48-34,10887187.0,10887187.0,10885714.0,4247.0,860.0,10882078.0,73433.0,145008.0,10662166.0,10807174.0,10885714.0,10735599.0,736.0,10887188.0,10887188.0,10885715.0,4246.0,928.0,10882012.0,73125.0,156900.0,10650516.0,10807416.0,10885715.0,10723641.0,736.0,10887187.0,10887187.0,10885714.0,4245.0,908.0,10882032.0,74048.0,159428.0,10647085.0,10806513.0,10885714.0,10721133.0,736.0,10887186.0,10887186.0,10885713.0,4244.0,869.0,10882071.0,73104.0,737733.0,10069763.0,10807496.0,10885713.0,10142867.0,736.0,10887183.0,10887183.0,10885710.0,4241.0,867.0,10882073.0,73520.0,737321.0,10069761.0,10807082.0,10885710.0,10143281.0,736.0,10887182.0,10887182.0,10885709.0,4240.0,1866.0,10881074.0,73344.0,1339719.0,9466540.0,10806259.0,10885709.0,9539884.0,736.0,10887181.0,10887181.0,10885708.0,4239.0,1876.0,10881064.0,73556.0,1336351.0,9469686.0,10806037.0,10885708.0,9543242.0,736.0,10887180.0,10887180.0,10885707.0,4238.0,1877.0,10881063.0,72952.0,1328893.0,9477747.0,10806640.0,10885707.0,9550699.0,736.0,10882078.0,10887177.0,10887177.0,10887196.0,5888.0,5941353.0,80513264.0,587082.0,81100346.0,10.0,10.0,11.0,11.0,10.0,10.0,9.0,9.0,6.0,6.0,5.0,5.0,4.0,4.0,3.0,3.0
128x768x768w68-32-48,11751189.0,11751189.0,11749652.0,4087.0,705.0,11746395.0,76405.0,149207.0,11519248.0,11668455.0,11749652.0,11595653.0,768.0,11751179.0,11751179.0,11749642.0,4086.0,676.0,11746415.0,75257.0,157629.0,11511994.0,11669623.0,11749642.0,11587251.0,768.0,11751180.0,11751180.0,11749643.0,4085.0,719.0,11746374.0,76074.0,166318.0,11502447.0,11668765.0,11749643.0,11578521.0,768.0,11751178.0,11751178.0,11749641.0,4084.0,732.0,11746360.0,73128.0,109404.0,11562293.0,11671697.0,11749641.0,11635421.0,768.0,11751177.0,11751177.0,11749640.0,4081.0,2278.0,11744816.0,76016.0,1328962.0,10338303.0,11667265.0,11749640.0,10414319.0,768.0,11751177.0,11751177.0,11749640.0,4080.0,2208.0,11744887.0,74784.0,1296983.0,10371585.0,11668568.0,11749640.0,10446369.0,768.0,11751177.0,11751177.0,11749640.0,4079.0,2235.0,11744861.0,76354.0,1304863.0,10362109.0,11666972.0,11749640.0,10438463.0,768.0,11751177.0,11751177.0,11749640.0,4078.0,2209.0,11744888.0,76259.0,1299078.0,10368016.0,11667094.0,11749640.0,10444275.0,768.0,11746415.0,11751175.0,11751175.0,11751194.0,6144.0,5812444.0,87535995.0,604277.0,88140272.0,14.0,14.0,4.0,4.0,5.0,5.0,3.0,3.0,2.0,2.0,2.0,2.0,2.0,2.0,2.0,2.0
128x768x768w68-32-49,11730811.0,11730811.0,11729274.0,4127.0,875.0,11725807.0,76872.0,131052.0,11516348.0,11647400.0,11729274.0,11593220.0,768.0,11730798.0,11730798.0,11729261.0,4126.0,786.0,11725884.0,75033.0,187244.0,11462072.0,11649316.0,11729261.0,11537105.0,768.0,11730798.0,11730798.0,11729261.0,4125.0,820.0,11725851.0,75667.0,202832.0,11445817.0,11648649.0,11729261.0,11521484.0,768.0,11730798.0,11730798.0,11729261.0,4124.0,721.0,11725951.0,76984.0,101549.0,11545883.0,11647432.0,11729261.0,11622867.0,768.0,11730796.0,11730796.0,11729259.0,4121.0,1834.0,11724839.0,77504.0,1333813.0,10311987.0,11645800.0,11729259.0,10389491.0,768.0,11730796.0,11730796.0,11729259.0,4120.0,1831.0,11724843.0,78012.0,1304351.0,10340945.0,11645296.0,11729259.0,10418957.0,768.0,11730796.0,11730796.0,11729259.0,4119.0,1822.0,11724853.0,78173.0,1310801.0,10334344.0,11645145.0,11729259.0,10412517.0,768.0,11730788.0,11730788.0,11729251.0,4118.0,1810.0,11724858.0,78167.0,1308021.0,10337135.0,11645156.0,11729251.0,10415302.0,768.0,11725951.0,11730786.0,11730786.0,11730805.0,6144.0,5879663.0,87294531.0,616412.0,87910943.0,25.0,25.0,12.0,12.0,12.0,12.0,12.0,12.0,10.0,10.0,10.0,10.0,10.0,10.0,2.0,2.0
128x768x768w68-40-41,10793689.0,10793689.0,10792168.0,4236.0,591.0,10788860.0,76478.0,160652.0,10550211.0,10710863.0,10792168.0,10626689.0,760.0,10793677.0,10793677.0,10792156.0,4235.0,584.0,10788856.0,76484.0,163441.0,10547412.0,10710853.0,10792156.0,10623896.0,760.0,10793677.0,10793677.0,10792156.0,4234.0,583.0,10788858.0,75657.0,168793.0,10542889.0,10711682.0,10792156.0,10618546.0,760.0,10793677.0,10793677.0,10792156.0,4233.0,602.0,10788840.0,75431.0,147631.0,10564259.0,10711890.0,10792156.0,10639690.0,760.0,10793675.0,10793675.0,10792154.0,4230.0,850.0,10788593.0,76367.0,1368433.0,9342274.0,10710707.0,10792154.0,9418641.0,760.0,10793675.0,10793675.0,10792154.0,4229.0,841.0,10788603.0,75929.0,1351524.0,9359631.0,10711155.0,10792154.0,9435560.0,760.0,10793675.0,10793675.0,10792154.0,4228.0,844.0,10788601.0,76163.0,1354963.0,9355956.0,10710919.0,10792154.0,9432119.0,760.0,10793675.0,10793675.0,10792154.0,4227.0,841.0,10788605.0,75933.0,1337069.0,9374084.0,10711153.0,10792154.0,9450017.0,760.0,10788860.0,10793673.0,10793673.0,10793692.0,6080.0,6052506.0,79636716.0,608442.0,80245158.0,16.0,16.0,4.0,4.0,4.0,4.0,4.0,4.0,2.0,2.0,2.0,2.0,2.0,2.0,2.0,2.0
128x768x768w68-48-32,10901643.0,10901643.0,10900106.0,4078.0,795.0,10896768.0,76850.0,146586.0,10671797.0,10818383.0,10900106.0,10748647.0,768.0,10901628.0,10901628.0,10900091.0,4077.0,795.0,10896754.0,75998.0,153516.0,10665705.0,10819221.0,10900091.0,10741703.0,768.0,10901628.0,10901628.0,10900091.0,4076.0,797.0,10896753.0,75304.0,158267.0,10661647.0,10819914.0,10900091.0,10736951.0,768.0,10901628.0,10901628.0,10900091.0,4075.0,802.0,10896749.0,75654.0,113456.0,10706104.0,10819560.0,10900091.0,10781758.0,768.0,10901626.0,10901626.0,10900089.0,4072.0,2401.0,10895151.0,76534.0,1339620.0,9477462.0,10817082.0,10900089.0,9553996.0,768.0,10901626.0,10901626.0,10900089.0,4071.0,2396.0,10895157.0,76210.0,1322232.0,9495180.0,10817412.0,10900089.0,9571390.0,768.0,10901626.0,10901626.0,10900089.0,4070.0,2350.0,10895204.0,77016.0,1315672.0,9500981.0,10816653.0,10900089.0,9577997.0,768.0,10901618.0,10901618.0,10900081.0,4069.0,2324.0,10895223.0,76888.0,1307815.0,9508985.0,10816800.0,10900081.0,9585873.0,768.0,10896768.0,10901616.0,10901616.0,10901635.0,6144.0,5857164.0,80687861.0,610454.0,81298315.0,27.0,27.0,12.0,12.0,12.0,12.0,12.0,12.0,10.0,10.0,10.0,10.0,10.0,10.0,2.0,2.0
128x768x768w68-48-33,10929436.0,10929436.0,10927899.0,4141.0,871.0,10924422.0,76228.0,163536.0,10683123.0,10846659.0,10927899.0,10759351.0,768.0,10929433.0,10929433.0,10927896.0,4140.0,852.0,10924439.0,75945.0,166935.0,10680024.0,10846959.0,10927896.0,10755969.0,768.0,10929432.0,10929432.0,10927895.0,4139.0,850.0,10924441.0,76460.0,177034.0,10669412.0,10846446.0,10927895.0,10745872.0,768.0,10929431.0,10929431.0,10927894.0,4138.0,837.0,10924454.0,75290.0,131120.0,10716509.0,10847629.0,10927894.0,10791799.0,768.0,10929428.0,10929428.0,10927891.0,4135.0,1300.0,10923991.0,77082.0,1360145.0,9485229.0,10845374.0,10927891.0,9562311.0,768.0,10929427.0,10929427.0,10927890.0,4134.0,1281.0,10924010.0,76655.0,1337797.0,9508023.0,10845820.0,10927890.0,9584678.0,768.0,10929426.0,10929426.0,10927889.0,4133.0,1287.0,10924004.0,76617.0,1333953.0,9511899.0,10845852.0,10927889.0,9588516.0,768.0,10929425.0,10929425.0,10927888.0,4132.0,1279.0,10924012.0,76461.0,1329906.0,9516110.0,10846016.0,10927888.0,9592571.0,768.0,10924454.0,10929422.0,10929422.0,10929441.0,6144.0,6000426.0,80770329.0,610738.0,81381067.0,14.0,14.0,11.0,11.0,10.0,10.0,9.0,9.0,6.0,6.0,5.0,5.0,4.0,4.0,3.0,3.0
128x768x768w69-32-48,11719666.0,11719666.0,11718129.0,4113.0,778.0,11714773.0,79192.0,117626.0,11516420.0,11634046.0,11718129.0,11595612.0,768.0,11719656.0,11719656.0,11718119.0,4112.0,685.0,11714857.0,76765.0,142216.0,11494341.0,11636557.0,11718119.0,11571106.0,768.0,11719655.0,11719655.0,11718118.0,4111.0,707.0,11714835.0,76737.0,161214.0,11475349.0,11636563.0,11718118.0,11552086.0,768.0,11719654.0,11719654.0,11718117.0,4110.0,2203.0,11713339.0,75960.0,685808.0,10950036.0,11635844.0,11718117.0,11025996.0,768.0,11719651.0,11719651.0,11718114.0,4107.0,2233.0,11713309.0,77139.0,707361.0,10927274.0,11634635.0,11718114.0,11004413.0,768.0,11719650.0,11719650.0,11718113.0,4106.0,2175.0,11713367.0,76991.0,1287035.0,10347806.0,11634841.0,11718113.0,10424797.0,768.0,11719649.0,11719649.0,11718112.0,4105.0,2188.0,11713354.0,77222.0,1296824.0,10337773.0,11634597.0,11718112.0,10414995.0,768.0,11719648.0,11719648.0,11718111.0,4104.0,2197.0,11713345.0,77520.0,1294273.0,10340017.0,11634290.0,11718111.0,10417537.0,768.0,11714857.0,11719645.0,11719645.0,11719664.0,6144.0,5692357.0,87389016.0,617526.0,88006542.0,21.0,21.0,11.0,11.0,10.0,10.0,9.0,9.0,6.0,6.0,5.0,5.0,4.0,4.0,3.0,3.0
128x768x768w69-32-49,11741759.0,11741759.0,11740222.0,4217.0,638.0,11736902.0,77225.0,124400.0,11533742.0,11658142.0,11740222.0,11610967.0,768.0,11741749.0,11741749.0,11740212.0,4216.0,728.0,11736803.0,76635.0,163491.0,11495142.0,11658633.0,11740212.0,11571777.0,768.0,11741748.0,11741748.0,11740211.0,4215.0,616.0,11736915.0,76968.0,179857.0,11478555.0,11658412.0,11740211.0,11555523.0,768.0,11741747.0,11741747.0,11740210.0,4214.0,1691.0,11735840.0,77054.0,712065.0,10945186.0,11657251.0,11740210.0,11022240.0,768.0,11741744.0,11741744.0,11740207.0,4211.0,1667.0,11735864.0,77927.0,724433.0,10931969.0,11656402.0,11740207.0,11009896.0,768.0,11741743.0,11741743.0,11740206.0,4210.0,1671.0,11735860.0,77885.0,1315377.0,10341063.0,11656440.0,11740206.0,10418948.0,768.0,11741742.0,11741742.0,11740205.0,4209.0,1670.0,11735861.0,78058.0,1320826.0,10335442.0,11656268.0,11740205.0,10413500.0,768.0,11741741.0,11741741.0,11740204.0,4208.0,1661.0,11735870.0,78122.0,1319770.0,10336443.0,11656213.0,11740204.0,10414565.0,768.0,11736915.0,11741738.0,11741738.0,11741757.0,6144.0,5860219.0,87397542.0,619874.0,88017416.0,21.0,21.0,11.0,11.0,10.0,10.0,9.0,9.0,6.0,6.0,5.0,5.0,4.0,4.0,3.0,3.0
128x768x768w69-48-32,10897322.0,10897322.0,10895785.0,4131.0,819.0,10892370.0,75655.0,147494.0,10667686.0,10815180.0,10895785.0,10743341.0,768.0,10897312.0,10897312.0,10895775.0,4130.0,790.0,10892390.0,75378.0,153150.0,10662327.0,10815477.0,10895775.0,10737705.0,768.0,10897311.0,10897311.0,10895774.0,4129.0,783.0,10892397.0,75903.0,153167.0,10661792.0,10814959.0,10895774.0,10737695.0,768.0,10897310.0,10897310.0,10895773.0,4128.0,2337.0,10890843.0,75402.0,723471.0,10090435.0,10813906.0,10895773.0,10165837.0,768.0,10897307.0,10897307.0,10895770.0,4125.0,2357.0,10890823.0,74783.0,720614.0,10093891.0,10814505.0,10895770.0,10168674.0,768.0,10897306.0,10897306.0,10895769.0,4124.0,2312.0,10890868.0,76011.0,1313697.0,9499625.0,10813322.0,10895769.0,9575636.0,768.0,10897305.0,10897305.0,10895768.0,4123.0,2280.0,10890900.0,74236.0,1316526.0,9498603.0,10815129.0,10895768.0,9572839.0,768.0,10897304.0,10897304.0,10895767.0,4122.0,2293.0,10890887.0,75609.0,1311414.0,9502329.0,10813743.0,10895767.0,9577938.0,768.0,10892397.0,10897301.0,10897301.0,10897320.0,6144.0,5839533.0,80676688.0,602977.0,81279665.0,21.0,21.0,11.0,11.0,10.0,10.0,9.0,9.0,6.0,6.0,5.0,5.0,4.0,4.0,3.0,3.0
128x768x768w70-32-48,11778183.0,11778183.0,11776646.0,4123.0,684.0,11773374.0,77195.0,138880.0,11555764.0,11694644.0,11776646.0,11632959.0,768.0,11778173.0,11778173.0,11776636.0,4122.0,740.0,11773309.0,76598.0,174996.0,11520180.0,11695176.0,11776636.0,11596778.0,768.0,11778172.0,11778172.0,11776635.0,4121.0,2293.0,11771756.0,76581.0,787546.0,10906094.0,11693640.0,11776635.0,10982675.0,768.0,11778171.0,11778171.0,11776634.0,4120.0,2214.0,11771835.0,76177.0,694000.0,11000123.0,11694123.0,11776634.0,11076300.0,768.0,11778168.0,11778168.0,11776631.0,4117.0,2224.0,11771825.0,76768.0,709668.0,10983854.0,11693522.0,11776631.0,11060622.0,768.0,11778167.0,11778167.0,11776630.0,4116.0,2167.0,11771882.0,76895.0,665478.0,11027974.0,11693452.0,11776630.0,11104869.0,768.0,11778166.0,11778166.0,11776629.0,4115.0,2176.0,11771873.0,77037.0,1303985.0,10389316.0,11693301.0,11776629.0,10466353.0,768.0,11778165.0,11778165.0,11776628.0,4114.0,2165.0,11771884.0,78183.0,1307957.0,10384209.0,11692166.0,11776628.0,10462392.0,768.0,11773374.0,11778162.0,11778162.0,11778181.0,6144.0,5782510.0,87767514.0,615434.0,88382948.0,21.0,21.0,11.0,11.0,10.0,10.0,9.0,9.0,6.0,6.0,5.0,5.0,4.0,4.0,3.0,3.0
128x768x768w70-48-32,10911275.0,10911275.0,10909738.0,4152.0,781.0,10906340.0,75833.0,155471.0,10673501.0,10828972.0,10909738.0,10749334.0,768.0,10911265.0,10911265.0,10909728.0,4151.0,789.0,10906323.0,75007.0,159913.0,10669868.0,10829781.0,10909728.0,10744875.0,768.0,10911264.0,10911264.0,10909727.0,4150.0,2393.0,10904719.0,76295.0,775054.0,10051835.0,10826889.0,10909727.0,10128130.0,768.0,10911263.0,10911263.0,10909726.0,4149.0,2328.0,10904784.0,75470.0,726500.0,10101279.0,10827779.0,10909726.0,10176749.0,768.0,10911260.0,10911260.0,10909723.0,4146.0,2331.0,10904781.0,76929.0,722713.0,10103604.0,10826317.0,10909723.0,10180533.0,768.0,10911259.0,10911259.0,10909722.0,4145.0,2355.0,10904757.0,76203.0,699434.0,10127585.0,10827019.0,10909722.0,10203788.0,768.0,10911258.0,10911258.0,10909721.0,4144.0,2292.0,10904820.0,74858.0,1318107.0,9510320.0,10828427.0,10909721.0,9585178.0,768.0,10911257.0,10911257.0,10909720.0,4143.0,2288.0,10904824.0,74515.0,1319361.0,9509413.0,10828774.0,10909720.0,9583928.0,768.0,10906340.0,10911254.0,10911254.0,10911273.0,6144.0,5876553.0,80747405.0,605110.0,81352515.0,21.0,21.0,11.0,11.0,10.0,10.0,9.0,9.0,6.0,6.0,5.0,5.0,4.0,4.0,3.0,3.0
128x768x768w26-48-77,11965282.0,11965282.0,11963681.0,4048.0,580.0,11960652.0,77527.0,153356.0,11728170.0,11881526.0,11963681.0,11805697.0,800.0,11965286.0,11965286.0,11963685.0,4047.0,578.0,11960659.0,77710.0,152100.0,11729250.0,11881350.0,11963685.0,11806960.0,800.0,11965285.0,11965285.0,11963684.0,4046.0,570.0,11960667.0,78586.0,2556343.0,9324139.0,11880482.0,11963684.0,9402725.0,800.0,11965284.0,11965284.0,11963683.0,4045.0,557.0,11960680.0,77089.0,2541293.0,9340699.0,11881992.0,11963683.0,9417788.0,800.0,11965281.0,11965281.0,11963680.0,4042.0,542.0,11960695.0,78660.0,2539462.0,9340974.0,11880436.0,11963680.0,9419634.0,800.0,11965280.0,11965280.0,11963679.0,4041.0,549.0,11960688.0,78440.0,2530124.0,9350525.0,11880649.0,11963679.0,9428965.0,800.0,11965279.0,11965279.0,11963678.0,4040.0,533.0,11960704.0,78676.0,2535908.0,9344521.0,11880429.0,11963678.0,9423197.0,800.0,11965278.0,11965278.0,11963677.0,4039.0,531.0,11960706.0,77335.0,2520087.0,9361685.0,11881772.0,11963677.0,9439020.0,800.0,11960706.0,11965275.0,11965275.0,11965294.0,6400.0,15528673.0,79519963.0,624023.0,80143986.0,7.0,7.0,11.0,11.0,10.0,10.0,9.0,9.0,6.0,6.0,5.0,5.0,4.0,4.0,3.0,3.0
128x768x768w26-48-78,11964117.0,11964117.0,11962516.0,4074.0,580.0,11959461.0,77709.0,156044.0,11724109.0,11880153.0,11962516.0,11801818.0,800.0,11964103.0,11964103.0,11962502.0,4073.0,566.0,11959462.0,78635.0,152898.0,11726330.0,11879228.0,11962502.0,11804965.0,800.0,11964103.0,11964103.0,11962502.0,4072.0,566.0,11959463.0,78192.0,2557094.0,9322578.0,11879672.0,11962502.0,9400770.0,800.0,11964103.0,11964103.0,11962502.0,4071.0,546.0,11959484.0,75749.0,2544547.0,9337589.0,11882136.0,11962502.0,9413338.0,800.0,11964101.0,11964101.0,11962500.0,4068.0,565.0,11959466.0,78275.0,2547737.0,9331855.0,11879592.0,11962500.0,9410130.0,800.0,11964101.0,11964101.0,11962500.0,4067.0,574.0,11959458.0,78657.0,2539532.0,9339670.0,11879202.0,11962500.0,9418327.0,800.0,11964101.0,11964101.0,11962500.0,4066.0,560.0,11959473.0,78442.0,2541984.0,9337448.0,11879432.0,11962500.0,9415890.0,800.0,11964093.0,11964093.0,11962492.0,4065.0,534.0,11959492.0,77743.0,2522554.0,9357596.0,11880150.0,11962492.0,9435339.0,800.0,11959492.0,11964091.0,11964091.0,11964110.0,6400.0,15562390.0,79477175.0,623402.0,80100577.0,26.0,26.0,12.0,12.0,12.0,12.0,12.0,12.0,10.0,10.0,10.0,10.0,10.0,10.0,2.0,2.0
128x768x768w26-48-79,11967375.0,11967375.0,11965774.0,4080.0,566.0,11962727.0,77465.0,154382.0,11729281.0,11883663.0,11965774.0,11806746.0,800.0,11967361.0,11967361.0,11965760.0,4079.0,552.0,11962728.0,78668.0,150496.0,11731965.0,11882461.0,11965760.0,11810633.0,800.0,11967361.0,11967361.0,11965760.0,4078.0,580.0,11962701.0,78311.0,2556033.0,9326758.0,11882791.0,11965760.0,9405069.0,800.0,11967361.0,11967361.0,11965760.0,4077.0,583.0,11962699.0,76902.0,2545185.0,9339013.0,11884198.0,11965760.0,9415915.0,800.0,11967359.0,11967359.0,11965758.0,4074.0,570.0,11962713.0,78666.0,2545261.0,9337187.0,11882448.0,11965758.0,9415853.0,800.0,11967359.0,11967359.0,11965758.0,4073.0,544.0,11962740.0,78108.0,2535114.0,9347919.0,11883033.0,11965758.0,9426027.0,800.0,11967359.0,11967359.0,11965758.0,4072.0,546.0,11962739.0,79039.0,2538410.0,9343691.0,11882101.0,11965758.0,9422730.0,800.0,11967351.0,11967351.0,11965750.0,4071.0,536.0,11962742.0,76461.0,2524515.0,9360167.0,11884682.0,11965750.0,9436628.0,800.0,11962742.0,11967349.0,11967349.0,11967368.0,6400.0,15549396.0,79515981.0,623620.0,80139601.0,26.0,26.0,12.0,12.0,12.0,12.0,12.0,12.0,10.0,10.0,10.0,10.0,10.0,10.0,2.0,2.0
128x768x768w26-48-80,11949752.0,11949752.0,11948151.0,4090.0,588.0,11945072.0,79858.0,157352.0,11706263.0,11863615.0,11948151.0,11786121.0,800.0,11949749.0,11949749.0,11948148.0,4089.0,604.0,11945054.0,79685.0,153550.0,11710220.0,11863770.0,11948148.0,11789905.0,800.0,11949748.0,11949748.0,11948147.0,4088.0,587.0,11945071.0,79823.0,2553363.0,9310286.0,11863649.0,11948147.0,9390109.0,800.0,11949747.0,11949747.0,11948146.0,4087.0,595.0,11945063.0,79067.0,2540970.0,9323427.0,11864397.0,11948146.0,9402494.0,800.0,11949744.0,11949744.0,11948143.0,4084.0,562.0,11945096.0,79831.0,2538010.0,9325656.0,11863666.0,11948143.0,9405487.0,800.0,11949743.0,11949743.0,11948142.0,4083.0,533.0,11945125.0,79384.0,2528212.0,9335930.0,11864142.0,11948142.0,9415314.0,800.0,11949742.0,11949742.0,11948141.0,4082.0,538.0,11945120.0,79821.0,2531650.0,9332050.0,11863700.0,11948141.0,9411871.0,800.0,11949741.0,11949741.0,11948140.0,4081.0,532.0,11945126.0,79427.0,2511709.0,9352391.0,11864100.0,11948140.0,9431818.0,800.0,11945126.0,11949738.0,11949738.0,11949757.0,6400.0,15514816.0,79396223.0,636896.0,80033119.0,14.0,14.0,11.0,11.0,10.0,10.0,9.0,9.0,6.0,6.0,5.0,5.0,4.0,4.0,3.0,3.0
128x768x768w26-80-48,11997774.0,11997774.0,11996173.0,3923.0,565.0,11993284.0,79962.0,130944.0,11780779.0,11911723.0,11996173.0,11860741.0,800.0,11997764.0,11997764.0,11996163.0,3922.0,548.0,11993292.0,79429.0,126899.0,11785365.0,11912264.0,11996163.0,11864794.0,800.0,11997763.0,11997763.0,11996162.0,3921.0,555.0,11993285.0,78725.0,2547371.0,9365590.0,11912961.0,11996162.0,9444315.0,800.0,11997762.0,11997762.0,11996161.0,3920.0,568.0,11993272.0,78357.0,2529570.0,9383746.0,11913316.0,11996161.0,9462103.0,800.0,11997759.0,11997759.0,11996158.0,3917.0,570.0,11993270.0,78256.0,2529994.0,9383421.0,11913415.0,11996158.0,9461677.0,800.0,11997758.0,11997758.0,11996157.0,3916.0,526.0,11993314.0,78669.0,2513278.0,9399768.0,11913046.0,11996157.0,9478437.0,800.0,11997757.0,11997757.0,11996156.0,3915.0,543.0,11993297.0,79820.0,2517178.0,9394700.0,11911878.0,11996156.0,9474520.0,800.0,11997756.0,11997756.0,11996155.0,3914.0,523.0,11993317.0,78662.0,2497814.0,9415242.0,11913056.0,11996155.0,9493904.0,800.0,11993317.0,11997753.0,11997753.0,11997772.0,6400.0,15393048.0,79908611.0,631880.0,80540491.0,21.0,21.0,11.0,11.0,10.0,10.0,9.0,9.0,6.0,6.0,5.0,5.0,4.0,4.0,3.0,3.0
128x768x768w27-48-77,11959855.0,11959855.0,11958254.0,4128.0,561.0,11955164.0,79667.0,157444.0,11716454.0,11873898.0,11958254.0,11796121.0,800.0,11959845.0,11959845.0,11958244.0,4127.0,533.0,11955183.0,79488.0,157106.0,11716990.0,11874096.0,11958244.0,11796478.0,800.0,11959844.0,11959844.0,11958243.0,4126.0,534.0,11955182.0,79795.0,165994.0,11707794.0,11873788.0,11958243.0,11787589.0,800.0,11959843.0,11959843.0,11958242.0,4125.0,509.0,11955207.0,79968.0,2548974.0,9324666.0,11873640.0,11958242.0,9404634.0,800.0,11959840.0,11959840.0,11958239.0,4122.0,4201.0,11951515.0,80095.0,3155574.0,8714247.0,11869821.0,11958239.0,8794342.0,800.0,11959839.0,11959839.0,11958238.0,4121.0,4211.0,11951505.0,80155.0,3140864.0,8728887.0,11869751.0,11958238.0,8809042.0,800.0,11959838.0,11959838.0,11958237.0,4120.0,4180.0,11951536.0,80219.0,3146844.0,8722874.0,11869718.0,11958237.0,8803093.0,800.0,11959837.0,11959837.0,11958236.0,4119.0,4213.0,11951503.0,80234.0,3132324.0,8737346.0,11869670.0,11958236.0,8817580.0,800.0,11955207.0,11959834.0,11959834.0,11959853.0,6400.0,15605124.0,79369258.0,639621.0,80008879.0,21.0,21.0,11.0,11.0,10.0,10.0,9.0,9.0,6.0,6.0,5.0,5.0,4.0,4.0,3.0,3.0
128x768x768w27-48-78,11960943.0,11960943.0,11959342.0,4160.0,539.0,11956242.0,79445.0,152999.0,11722199.0,11875198.0,11959342.0,11801644.0,800.0,11960933.0,11960933.0,11959332.0,4159.0,543.0,11956229.0,80661.0,160711.0,11713258.0,11873969.0,11959332.0,11793919.0,800.0,11960932.0,11960932.0,11959331.0,4158.0,513.0,11956259.0,80075.0,163119.0,11711466.0,11874585.0,11959331.0,11791541.0,800.0,11960931.0,11960931.0,11959330.0,4157.0,525.0,11956247.0,79461.0,2555496.0,9319691.0,11875187.0,11959330.0,9399152.0,800.0,11960928.0,11960928.0,11959327.0,4154.0,3770.0,11953002.0,79945.0,3156722.0,8714736.0,11871458.0,11959327.0,8794681.0,800.0,11960927.0,11960927.0,11959326.0,4153.0,3762.0,11953010.0,80821.0,3145069.0,8725521.0,11870590.0,11959326.0,8806342.0,800.0,11960926.0,11960926.0,11959325.0,4152.0,3763.0,11953009.0,80571.0,3152750.0,8718089.0,11870839.0,11959325.0,8798660.0,800.0,11960925.0,11960925.0,11959324.0,4151.0,3743.0,11953029.0,79714.0,3137771.0,8733945.0,11871716.0,11959324.0,8813659.0,800.0,11956259.0,11960922.0,11960922.0,11960941.0,6400.0,15624637.0,79358905.0,640693.0,79999598.0,21.0,21.0,11.0,11.0,10.0,10.0,9.0,9.0,6.0,6.0,5.0,5.0,4.0,4.0,3.0,3.0
128x768x768w31-48-70,10822321.0,10822321.0,10820560.0,4140.0,396.0,10817783.0,85661.0,193407.0,10536956.0,10730363.0,10820560.0,10622617.0,880.0,10822303.0,10822303.0,10820542.0,4139.0,382.0,10817780.0,85831.0,195845.0,10534345.0,10730190.0,10820542.0,10620176.0,880.0,10822304.0,10822304.0,10820543.0,4138.0,386.0,10817778.0,86159.0,196828.0,10533032.0,10729860.0,10820543.0,10619191.0,880.0,10822302.0,10822302.0,10820541.0,4137.0,387.0,10817776.0,86092.0,179892.0,10550033.0,10729925.0,10820541.0,10636125.0,880.0,10822301.0,10822301.0,10820892.0,4134.0,667554.0,10150611.0,70233.0,150639.0,9928332.0,10078971.0,10820892.0,9998565.0,704.0,10822301.0,10822301.0,10820892.0,4133.0,667561.0,10150605.0,70453.0,138275.0,9940470.0,10078745.0,10820892.0,10010923.0,704.0,10822301.0,10822301.0,10820892.0,4132.0,667527.0,10150640.0,70524.0,141346.0,9937363.0,10078709.0,10820892.0,10007887.0,704.0,10822301.0,10822301.0,10820892.0,4131.0,670943.0,10147225.0,70812.0,2576243.0,7498763.0,10075006.0,10820892.0,7569575.0,704.0,10817783.0,10822299.0,10822299.0,10822318.0,6336.0,3772475.0,79459294.0,625765.0,80085059.0,22.0,22.0,4.0,4.0,5.0,5.0,3.0,3.0,2.0,2.0,2.0,2.0,2.0,2.0,2.0,2.0
128x768x768w31-64-54,11792889.0,11792889.0,11791088.0,4037.0,396.0,11788454.0,88321.0,192936.0,11505398.0,11698334.0,11791088.0,11593719.0,900.0,11792883.0,11792883.0,11791082.0,4036.0,386.0,11788459.0,87624.0,207624.0,11491412.0,11699036.0,11791082.0,11579036.0,900.0,11792884.0,11792884.0,11791083.0,4035.0,387.0,11788460.0,88114.0,235594.0,11462953.0,11698547.0,11791083.0,11551067.0,900.0,11792882.0,11792882.0,11791081.0,4034.0,397.0,11788449.0,88171.0,168972.0,11529507.0,11698479.0,11791081.0,11617678.0,900.0,11792881.0,11792881.0,11791440.0,4031.0,680303.0,11108545.0,72186.0,151684.0,10883236.0,11034920.0,11791440.0,10955422.0,720.0,11792881.0,11792881.0,11791440.0,4030.0,680266.0,11108583.0,71283.0,125379.0,10910482.0,11035861.0,11791440.0,10981765.0,720.0,11792881.0,11792881.0,11791440.0,4029.0,680266.0,11108584.0,71893.0,130455.0,10904797.0,11035252.0,11791440.0,10976690.0,720.0,11792874.0,11792874.0,11791433.0,4028.0,681127.0,11107717.0,72406.0,2667955.0,8365917.0,11033872.0,11791433.0,8438323.0,720.0,11788460.0,11792871.0,11792871.0,11792890.0,6480.0,3880599.0,87053702.0,639998.0,87693700.0,18.0,18.0,12.0,12.0,13.0,13.0,11.0,11.0,10.0,10.0,10.0,10.0,10.0,10.0,3.0,3.0
128x768x768w32-40-77,10136447.0,10136447.0,10134846.0,4020.0,502.0,10131923.0,81187.0,171032.0,9878105.0,10049137.0,10134846.0,9959292.0,800.0,10136435.0,10136435.0,10134834.0,4022.0,493.0,10131918.0,81355.0,178355.0,9870609.0,10048964.0,10134834.0,9951964.0,800.0,10136435.0,10136435.0,10134834.0,4018.0,497.0,10131918.0,79755.0,180639.0,9869925.0,10050564.0,10134834.0,9949680.0,800.0,10136435.0,10136435.0,10134834.0,4020.0,487.0,10131926.0,81498.0,164501.0,9884328.0,10048829.0,10134834.0,9965826.0,800.0,10136433.0,10136433.0,10134832.0,4018.0,488.0,10131925.0,82409.0,161375.0,9886542.0,10047917.0,10134832.0,9968951.0,800.0,10136433.0,10136433.0,10134832.0,4018.0,461.0,10131952.0,81657.0,145773.0,9902923.0,10048696.0,10134832.0,9984580.0,800.0,10136425.0,10136425.0,10134824.0,4018.0,462.0,10131943.0,81616.0,150526.0,9898202.0,10048728.0,10134824.0,9979818.0,800.0,10136432.0,10136432.0,10134831.0,4018.0,468.0,10131944.0,82311.0,140231.0,9907803.0,10048034.0,10134831.0,9990114.0,800.0,10131957.0,10136423.0,10136423.0,10136442.0,6400.0,1292432.0,79098437.0,651788.0,79750225.0,24.0,24.0,12.0,12.0,12.0,12.0,12.0,12.0,10.0,10.0,10.0,10.0,2.0,2.0,9.0,9.0
128x768x768w32-40-78,10168861.0,10168861.0,10167260.0,4030.0,502.0,10164327.0,81675.0,193466.0,9887587.0,10081053.0,10167260.0,9969262.0,800.0,10168849.0,10168849.0,10167248.0,4032.0,492.0,10164323.0,81466.0,197351.0,9883907.0,10081258.0,10167248.0,9965373.0,800.0,10168849.0,10168849.0,10167248.0,4028.0,494.0,10164325.0,79944.0,201123.0,9881659.0,10082782.0,10167248.0,9961603.0,800.0,10168849.0,10168849.0,10167248.0,4030.0,492.0,10164325.0,81483.0,175163.0,9906080.0,10081243.0,10167248.0,9987563.0,800.0,10168847.0,10168847.0,10167246.0,4028.0,460.0,10164357.0,81355.0,186610.0,9894793.0,10081403.0,10167246.0,9976148.0,800.0,10168847.0,10168847.0,10167246.0,4028.0,469.0,10164348.0,81401.0,152897.0,9928451.0,10081348.0,10167246.0,10009852.0,800.0,10168839.0,10168839.0,10167238.0,4028.0,460.0,10164349.0,81499.0,167377.0,9913874.0,10081251.0,10167238.0,9995373.0,800.0,10168846.0,10168846.0,10167245.0,4028.0,499.0,10164317.0,81149.0,141991.0,9939578.0,10081569.0,10167245.0,10020727.0,800.0,10164361.0,10168837.0,10168837.0,10168856.0,6400.0,1415978.0,79235929.0,649972.0,79885901.0,24.0,24.0,12.0,12.0,12.0,12.0,12.0,12.0,10.0,10.0,10.0,10.0,2.0,2.0,9.0,9.0
128x768x768w32-40-79,10159889.0,10159889.0,10158288.0,4035.0,477.0,10155375.0,81729.0,183738.0,9888309.0,10072047.0,10158288.0,9970038.0,800.0,10159888.0,10159888.0,10158287.0,4037.0,480.0,10155369.0,80724.0,186635.0,9886411.0,10073046.0,10158287.0,9967135.0,800.0,10159880.0,10159880.0,10158279.0,4033.0,471.0,10155374.0,79619.0,189438.0,9884718.0,10074156.0,10158279.0,9964337.0,800.0,10159879.0,10159879.0,10158278.0,4035.0,477.0,10155365.0,81631.0,174154.0,9897981.0,10072135.0,10158278.0,9979612.0,800.0,10159876.0,10159876.0,10158275.0,4033.0,468.0,10155373.0,81829.0,174185.0,9897760.0,10071945.0,10158275.0,9979589.0,800.0,10159875.0,10159875.0,10158274.0,4033.0,454.0,10155386.0,81801.0,155320.0,9916666.0,10071986.0,10158274.0,9998467.0,800.0,10159878.0,10159878.0,10158277.0,4033.0,457.0,10155386.0,81676.0,159222.0,9912889.0,10072111.0,10158277.0,9994565.0,800.0,10159874.0,10159874.0,10158273.0,4033.0,450.0,10155389.0,81119.0,140143.0,9932528.0,10072671.0,10158273.0,10013647.0,800.0,10155396.0,10159876.0,10159876.0,10159895.0,6400.0,1362835.0,79217262.0,650128.0,79867390.0,13.0,13.0,12.0,12.0,4.0,4.0,3.0,3.0,0.0,0.0,1.0,1.0,2.0,2.0,2.0,2.0
128x768x768w32-40-80,10135347.0,10135347.0,10133746.0,4043.0,486.0,10130816.0,81130.0,179839.0,9868248.0,10048087.0,10133746.0,9949378.0,800.0,10135337.0,10135337.0,10133736.0,4043.0,479.0,10130813.0,79814.0,186468.0,9862932.0,10049400.0,10133736.0,9942746.0,800.0,10135336.0,10135336.0,10133735.0,4030.0,505.0,10130799.0,78498.0,190629.0,9860073.0,10050702.0,10133735.0,9938571.0,800.0,10135335.0,10135335.0,10133734.0,4029.0,496.0,10130808.0,79311.0,173360.0,9876538.0,10049898.0,10133734.0,9955849.0,800.0,10135332.0,10135332.0,10133731.0,4040.0,495.0,10130795.0,80954.0,169951.0,9878291.0,10048242.0,10133731.0,9959245.0,800.0,10135331.0,10135331.0,10133730.0,4040.0,482.0,10130807.0,80174.0,158008.0,9891026.0,10049034.0,10133730.0,9971200.0,800.0,10135330.0,10135330.0,10133729.0,4039.0,481.0,10130808.0,80896.0,166856.0,9881457.0,10048313.0,10133729.0,9962353.0,800.0,10135329.0,10135329.0,10133728.0,4039.0,480.0,10130808.0,82037.0,146039.0,9901133.0,10047172.0,10133728.0,9983170.0,800.0,10130827.0,10135326.0,10135326.0,10135345.0,6400.0,1371150.0,79019698.0,642814.0,79662512.0,21.0,21.0,11.0,11.0,10.0,10.0,9.0,9.0,6.0,6.0,5.0,5.0,4.0,4.0,3.0,3.0
128x768x768w32-40-81,10139986.0,10139986.0,10138385.0,4055.0,493.0,10135436.0,81691.0,172764.0,9879382.0,10052146.0,10138385.0,9961073.0,800.0,10139974.0,10139974.0,10138373.0,4057.0,485.0,10135430.0,81637.0,177557.0,9874637.0,10052194.0,10138373.0,9956274.0,800.0,10139974.0,10139974.0,10138373.0,4053.0,482.0,10135437.0,79864.0,179149.0,9874825.0,10053974.0,10138373.0,9954689.0,800.0,10139974.0,10139974.0,10138373.0,4055.0,480.0,10135437.0,81654.0,167346.0,9884838.0,10052184.0,10138373.0,9966492.0,800.0,10139972.0,10139972.0,10138371.0,4053.0,460.0,10135457.0,81773.0,170277.0,9881808.0,10052085.0,10138371.0,9963581.0,800.0,10139972.0,10139972.0,10138371.0,4053.0,464.0,10135453.0,81737.0,155132.0,9896985.0,10052117.0,10138371.0,9978722.0,800.0,10139964.0,10139964.0,10138363.0,4053.0,458.0,10135451.0,81249.0,161407.0,9891196.0,10052603.0,10138363.0,9972445.0,800.0,10139971.0,10139971.0,10138370.0,4053.0,496.0,10135420.0,81587.0,138452.0,9913782.0,10052234.0,10138370.0,9995369.0,800.0,10135461.0,10139962.0,10139962.0,10139981.0,6400.0,1322084.0,79097453.0,651192.0,79748645.0,24.0,24.0,12.0,12.0,12.0,12.0,12.0,12.0,10.0,10.0,10.0,10.0,2.0,2.0,9.0,9.0
128x768x768w32-80-39,10307071.0,10307071.0,10305470.0,3913.0,687.0,10302469.0,81587.0,182631.0,10036652.0,10219283.0,10305470.0,10118239.0,800.0,10307059.0,10307059.0,10305458.0,3915.0,649.0,10302493.0,81285.0,188245.0,10031364.0,10219609.0,10305458.0,10112649.0,800.0,10307059.0,10307059.0,10305458.0,3911.0,651.0,10302495.0,81057.0,197529.0,10022310.0,10219839.0,10305458.0,10103367.0,800.0,10307059.0,10307059.0,10305458.0,3913.0,632.0,10302512.0,81386.0,166028.0,10053499.0,10219527.0,10305458.0,10134885.0,800.0,10307057.0,10307057.0,10305456.0,3911.0,632.0,10302512.0,81509.0,166708.0,10052696.0,10219404.0,10305456.0,10134205.0,800.0,10307057.0,10307057.0,10305456.0,3911.0,641.0,10302503.0,81313.0,150122.0,10069469.0,10219591.0,10305456.0,10150782.0,800.0,10307049.0,10307049.0,10305448.0,3911.0,635.0,10302501.0,81560.0,149772.0,10069570.0,10219342.0,10305448.0,10151130.0,800.0,10307056.0,10307056.0,10305455.0,3911.0,628.0,10302515.0,82574.0,133583.0,10084759.0,10218342.0,10305455.0,10167333.0,800.0,10302522.0,10307047.0,10307047.0,10307066.0,6400.0,1334618.0,80420319.0,652271.0,81072590.0,24.0,24.0,12.0,12.0,12.0,12.0,12.0,12.0,10.0,10.0,10.0,10.0,2.0,2.0,9.0,9.0
128x768x768w32-80-40,10308275.0,10308275.0,10306674.0,3923.0,671.0,10303679.0,82774.0,190614.0,10028692.0,10219306.0,10306674.0,10111466.0,800.0,10308263.0,10308263.0,10306662.0,3925.0,669.0,10303667.0,81462.0,193016.0,10027590.0,10220606.0,10306662.0,10109052.0,800.0,10308263.0,10308263.0,10306662.0,3921.0,651.0,10303689.0,80710.0,203695.0,10017685.0,10221380.0,10306662.0,10098395.0,800.0,10308263.0,10308263.0,10306662.0,3923.0,653.0,10303685.0,81555.0,167607.0,10052924.0,10220531.0,10306662.0,10134479.0,800.0,10308261.0,10308261.0,10306660.0,3921.0,629.0,10303709.0,81463.0,174413.0,10046234.0,10220647.0,10306660.0,10127697.0,800.0,10308261.0,10308261.0,10306660.0,3921.0,636.0,10303702.0,81041.0,159043.0,10062019.0,10221062.0,10306660.0,10143060.0,800.0,10308253.0,10308253.0,10306652.0,3921.0,618.0,10303712.0,81971.0,162260.0,10057882.0,10220142.0,10306652.0,10139853.0,800.0,10308260.0,10308260.0,10306659.0,3921.0,634.0,10303703.0,82289.0,132442.0,10087373.0,10219815.0,10306659.0,10169662.0,800.0,10303718.0,10308251.0,10308251.0,10308270.0,6400.0,1383090.0,80380399.0,653265.0,81033664.0,24.0,24.0,12.0,12.0,12.0,12.0,12.0,12.0,10.0,10.0,10.0,10.0,2.0,2.0,9.0,9.0
128x768x768w32-96-31,11098589.0,11098589.0,11096988.0,3902.0,860.0,11093825.0,80204.0,254538.0,10757484.0,11012022.0,11096988.0,10837688.0,800.0,11098588.0,11098588.0,11096987.0,3901.0,883.0,11093802.0,80047.0,272600.0,10739556.0,11012156.0,11096987.0,10819603.0,800.0,11098583.0,11098583.0,11096982.0,3900.0,946.0,11093735.0,80109.0,273735.0,10738292.0,11012027.0,11096982.0,10818401.0,800.0,11098582.0,11098582.0,11096981.0,3899.0,1136.0,11093545.0,79617.0,166047.0,10846282.0,11012329.0,11096981.0,10925899.0,800.0,11098579.0,11098579.0,11096978.0,3896.0,803.0,11093878.0,80449.0,169813.0,10842017.0,11011830.0,11096978.0,10922466.0,800.0,11098578.0,11098578.0,11096977.0,3895.0,783.0,11093898.0,80204.0,134642.0,10877453.0,11012095.0,11096977.0,10957657.0,800.0,11098577.0,11098577.0,11096976.0,3894.0,780.0,11093901.0,79968.0,136657.0,10875677.0,11012334.0,11096976.0,10955645.0,800.0,11098576.0,11098576.0,11096975.0,3893.0,789.0,11093892.0,80431.0,132165.0,10879697.0,11011862.0,11096975.0,10960128.0,800.0,11093901.0,11098576.0,11098576.0,11098595.0,6400.0,1540197.0,86556458.0,641029.0,87197487.0,13.0,13.0,12.0,12.0,7.0,7.0,6.0,6.0,3.0,3.0,2.0,2.0,1.0,1.0,0.0,0.0
128x768x768w33-40-77,11912845.0,11912845.0,11911244.0,4162.0,500.0,11908181.0,80062.0,156209.0,11670311.0,11826520.0,11911244.0,11750373.0,800.0,11912833.0,11912833.0,11911232.0,4161.0,486.0,11908184.0,79608.0,1952798.0,9874179.0,11826977.0,11911232.0,9953787.0,800.0,11912833.0,11912833.0,11911232.0,4160.0,485.0,11908186.0,79215.0,1952394.0,9874978.0,11827372.0,11911232.0,9954193.0,800.0,11912833.0,11912833.0,11911232.0,4159.0,475.0,11908197.0,78391.0,1937127.0,9891080.0,11828207.0,11911232.0,9969471.0,800.0,11912831.0,11912831.0,11911230.0,4156.0,475.0,11908198.0,80037.0,1943049.0,9883513.0,11826562.0,11911230.0,9963550.0,800.0,11912831.0,11912831.0,11911230.0,4155.0,1074.0,11907600.0,79921.0,2530629.0,9295451.0,11826080.0,11911230.0,9375372.0,800.0,11912823.0,11912823.0,11911222.0,4154.0,1068.0,11907599.0,80505.0,2527103.0,9298392.0,11825495.0,11911222.0,9378897.0,800.0,11912830.0,11912830.0,11911229.0,4153.0,1111.0,11907564.0,80947.0,2515970.0,9309048.0,11825018.0,11911229.0,9389995.0,800.0,11908198.0,11912821.0,11912821.0,11912840.0,6400.0,15515279.0,79096952.0,638686.0,79735638.0,24.0,24.0,12.0,12.0,12.0,12.0,12.0,12.0,10.0,10.0,10.0,10.0,2.0,2.0,9.0,9.0
128x768x768w33-40-78,11927189.0,11927189.0,11925588.0,4171.0,475.0,11922541.0,79773.0,156799.0,11684370.0,11841169.0,11925588.0,11764143.0,800.0,11927187.0,11927187.0,11925586.0,4170.0,473.0,11922542.0,79487.0,1949174.0,9892282.0,11841456.0,11925586.0,9971769.0,800.0,11927187.0,11927187.0,11925586.0,4169.0,480.0,11922536.0,78870.0,1950849.0,9891218.0,11842067.0,11925586.0,9970088.0,800.0,11927178.0,11927178.0,11925577.0,4168.0,470.0,11922538.0,79577.0,1933035.0,9908327.0,11841362.0,11925577.0,9987904.0,800.0,11927175.0,11927175.0,11925574.0,4165.0,464.0,11922544.0,79631.0,1937258.0,9904056.0,11841314.0,11925574.0,9983687.0,800.0,11927174.0,11927174.0,11925573.0,4164.0,987.0,11922021.0,79455.0,2516550.0,9324417.0,11840967.0,11925573.0,9403872.0,800.0,11927177.0,11927177.0,11925576.0,4163.0,999.0,11922013.0,81172.0,2522551.0,9316691.0,11839242.0,11925576.0,9397863.0,800.0,11927173.0,11927173.0,11925572.0,4162.0,995.0,11922014.0,81684.0,2505183.0,9333548.0,11838731.0,11925572.0,9415232.0,800.0,11922544.0,11927175.0,11927175.0,11927194.0,6400.0,15471399.0,79254909.0,639649.0,79894558.0,14.0,14.0,12.0,12.0,12.0,12.0,3.0,3.0,0.0,0.0,1.0,1.0,2.0,2.0,2.0,2.0
128x768x768w33-40-79,11923356.0,11923356.0,11921755.0,4170.0,486.0,11918698.0,80065.0,156122.0,11680912.0,11837034.0,11921755.0,11760977.0,800.0,11923344.0,11923344.0,11921743.0,4169.0,479.0,11918694.0,80025.0,1949300.0,9887770.0,11837070.0,11921743.0,9967795.0,800.0,11923344.0,11923344.0,11921743.0,4168.0,478.0,11918696.0,78909.0,1953400.0,9884788.0,11838188.0,11921743.0,9963697.0,800.0,11923344.0,11923344.0,11921743.0,4167.0,491.0,11918684.0,78332.0,1933297.0,9905456.0,11838753.0,11921743.0,9983788.0,800.0,11923342.0,11923342.0,11921741.0,4164.0,475.0,11918701.0,79728.0,1937975.0,9899399.0,11837374.0,11921741.0,9979127.0,800.0,11923342.0,11923342.0,11921741.0,4163.0,936.0,11918241.0,79845.0,2518053.0,9318744.0,11836797.0,11921741.0,9398589.0,800.0,11923334.0,11923334.0,11921733.0,4162.0,928.0,11918242.0,80472.0,2523887.0,9312284.0,11836171.0,11921733.0,9392756.0,800.0,11923341.0,11923341.0,11921740.0,4161.0,935.0,11918243.0,80498.0,2505188.0,9330958.0,11836146.0,11921740.0,9411456.0,800.0,11918701.0,11923332.0,11923332.0,11923351.0,6400.0,15477222.0,79220311.0,637874.0,79858185.0,24.0,24.0,12.0,12.0,12.0,12.0,12.0,12.0,10.0,10.0,10.0,10.0,2.0,2.0,9.0,9.0
128x768x768w33-40-80,11895254.0,11895254.0,11893653.0,4189.0,499.0,11890564.0,80959.0,156537.0,11651469.0,11808006.0,11893653.0,11732428.0,800.0,11895242.0,11895242.0,11893641.0,4188.0,480.0,11890572.0,80330.0,1952760.0,9855883.0,11808643.0,11893641.0,9936213.0,800.0,11895242.0,11895242.0,11893641.0,4187.0,482.0,11890571.0,78903.0,1952584.0,9857485.0,11810069.0,11893641.0,9936388.0,800.0,11895242.0,11895242.0,11893641.0,4186.0,506.0,11890548.0,80369.0,1935574.0,9873006.0,11808580.0,11893641.0,9953375.0,800.0,11895240.0,11895240.0,11893639.0,4183.0,508.0,11890547.0,80896.0,1934202.0,9873850.0,11808052.0,11893639.0,9954746.0,800.0,11895240.0,11895240.0,11893639.0,4182.0,889.0,11890167.0,80430.0,2524158.0,9283980.0,11808138.0,11893639.0,9364410.0,800.0,11895240.0,11895240.0,11893639.0,4181.0,891.0,11890166.0,81051.0,2518124.0,9289392.0,11807516.0,11893639.0,9370443.0,800.0,11895240.0,11895240.0,11893639.0,4180.0,890.0,11890168.0,80567.0,2510079.0,9297923.0,11808002.0,11893639.0,9378490.0,800.0,11890572.0,11895238.0,11895238.0,11895257.0,6400.0,15484018.0,78982988.0,643505.0,79626493.0,16.0,16.0,4.0,4.0,4.0,4.0,4.0,4.0,2.0,2.0,2.0,2.0,2.0,2.0,2.0,2.0
128x768x768w33-80-39,12084834.0,12084834.0,12083233.0,4030.0,604.0,12080198.0,80390.0,156456.0,11841753.0,11998209.0,12083233.0,11922143.0,800.0,12084822.0,12084822.0,12083221.0,4029.0,591.0,12080200.0,80103.0,1973650.0,10024848.0,11998498.0,12083221.0,10104951.0,800.0,12084822.0,12084822.0,12083221.0,4028.0,593.0,12080199.0,79202.0,1979504.0,10019894.0,11999398.0,12083221.0,10099096.0,800.0,12084822.0,12084822.0,12083221.0,4027.0,605.0,12080188.0,77892.0,1956159.0,10044538.0,12000697.0,12083221.0,10122430.0,800.0,12084820.0,12084820.0,12083219.0,4024.0,608.0,12080186.0,79722.0,1958299.0,10040566.0,11998865.0,12083219.0,10120288.0,800.0,12084820.0,12084820.0,12083219.0,4023.0,1943.0,12078852.0,80220.0,2554468.0,9442565.0,11997033.0,12083219.0,9522785.0,800.0,12084812.0,12084812.0,12083211.0,4022.0,1937.0,12078851.0,80659.0,2559377.0,9437216.0,11996593.0,12083211.0,9517875.0,800.0,12084819.0,12084819.0,12083218.0,4021.0,1929.0,12078867.0,80425.0,2541611.0,9455232.0,11996843.0,12083218.0,9535657.0,800.0,12080200.0,12084810.0,12084810.0,12084829.0,6400.0,15679524.0,80306612.0,638613.0,80945225.0,24.0,24.0,12.0,12.0,12.0,12.0,12.0,12.0,10.0,10.0,10.0,10.0,2.0,2.0,9.0,9.0
128x768x768w33-80-40,12075042.0,12075042.0,12073441.0,4069.0,602.0,12070369.0,80097.0,155867.0,11832806.0,11988673.0,12073441.0,11912903.0,800.0,12075030.0,12075030.0,12073429.0,4068.0,589.0,12070371.0,80191.0,1973325.0,10015256.0,11988581.0,12073429.0,10095447.0,800.0,12075030.0,12075030.0,12073429.0,4067.0,590.0,12070371.0,79182.0,1980847.0,10008743.0,11989590.0,12073429.0,10087925.0,800.0,12075030.0,12075030.0,12073429.0,4066.0,622.0,12070340.0,78259.0,1956774.0,10033708.0,11990482.0,12073429.0,10111967.0,800.0,12075028.0,12075028.0,12073427.0,4063.0,605.0,12070358.0,80210.0,1957743.0,10030806.0,11988549.0,12073427.0,10111016.0,800.0,12075028.0,12075028.0,12073427.0,4062.0,1042.0,12069922.0,80374.0,2557148.0,9430801.0,11987949.0,12073427.0,9511175.0,800.0,12075020.0,12075020.0,12073419.0,4061.0,1033.0,12069924.0,81229.0,2558543.0,9428553.0,11987096.0,12073419.0,9509782.0,800.0,12075027.0,12075027.0,12073426.0,4060.0,1042.0,12069923.0,80831.0,2545687.0,9441806.0,11987493.0,12073426.0,9522637.0,800.0,12070371.0,12075018.0,12075018.0,12075037.0,6400.0,15685934.0,80222479.0,640373.0,80862852.0,24.0,24.0,12.0,12.0,12.0,12.0,12.0,12.0,10.0,10.0,10.0,10.0,2.0,2.0,9.0,9.0
128x768x768w33-88-35,12145688.0,12145688.0,12144103.0,4033.0,713.0,12140940.0,79343.0,154206.0,11905808.0,12060014.0,12144103.0,11985151.0,792.0,12145678.0,12145678.0,12144093.0,4032.0,719.0,12140925.0,78662.0,1976111.0,10084569.0,12060680.0,12144093.0,10163231.0,792.0,12145677.0,12145677.0,12144092.0,4031.0,718.0,12140926.0,79839.0,1981232.0,10078272.0,12059504.0,12144092.0,10158111.0,792.0,12145676.0,12145676.0,12144091.0,4030.0,708.0,12140936.0,77720.0,1958360.0,10103273.0,12061633.0,12144091.0,10180993.0,792.0,12145673.0,12145673.0,12144088.0,4027.0,707.0,12140937.0,79608.0,1963442.0,10096304.0,12059746.0,12144088.0,10175912.0,792.0,12145672.0,12145672.0,12144087.0,4026.0,2908.0,12138736.0,78839.0,2541839.0,9516475.0,12058314.0,12144087.0,9595314.0,792.0,12145671.0,12145671.0,12144086.0,4025.0,2907.0,12138737.0,80466.0,2557109.0,9499579.0,12056688.0,12144086.0,9580045.0,792.0,12145670.0,12145670.0,12144085.0,4024.0,2906.0,12138738.0,78722.0,2546590.0,9511843.0,12058433.0,12144085.0,9590565.0,792.0,12140940.0,12145667.0,12145667.0,12145686.0,6336.0,15678889.0,80796123.0,633199.0,81429322.0,21.0,21.0,11.0,11.0,10.0,10.0,9.0,9.0,6.0,6.0,5.0,5.0,4.0,4.0,3.0,3.0
128x768x768w33-96-31,12861566.0,12861566.0,12859965.0,3968.0,755.0,12856841.0,79202.0,151274.0,12624766.0,12776040.0,12859965.0,12703968.0,800.0,12861548.0,12861548.0,12859947.0,3967.0,812.0,12856767.0,78755.0,2057977.0,10718436.0,12776413.0,12859947.0,10797191.0,800.0,12861549.0,12861549.0,12859948.0,3966.0,846.0,12856735.0,79341.0,2030402.0,10745393.0,12775795.0,12859948.0,10824734.0,800.0,12861547.0,12861547.0,12859946.0,3965.0,752.0,12856828.0,77934.0,1935989.0,10841306.0,12777295.0,12859946.0,10919240.0,800.0,12861546.0,12861546.0,12859945.0,3962.0,868.0,12856714.0,78972.0,1937605.0,10838538.0,12776143.0,12859945.0,10917510.0,800.0,12861546.0,12861546.0,12859945.0,3961.0,3181.0,12854402.0,79737.0,2519972.0,10253094.0,12773066.0,12859945.0,10332831.0,800.0,12861546.0,12861546.0,12859945.0,3960.0,3174.0,12854410.0,79591.0,2523575.0,10249645.0,12773220.0,12859945.0,10329236.0,800.0,12861546.0,12861546.0,12859945.0,3959.0,3175.0,12854410.0,79038.0,2519730.0,10254043.0,12773773.0,12859945.0,10333081.0,800.0,12856841.0,12861544.0,12861544.0,12861563.0,6400.0,15676524.0,86525221.0,632570.0,87157791.0,22.0,22.0,4.0,4.0,5.0,5.0,3.0,3.0,2.0,2.0,2.0,2.0,2.0,2.0,2.0,2.0
128x768x768w34-40-77,11908379.0,11908379.0,11906778.0,4072.0,494.0,11903811.0,79846.0,149323.0,11673043.0,11822366.0,11906778.0,11752889.0,800.0,11908361.0,11908361.0,11906760.0,4071.0,473.0,11903815.0,80095.0,148387.0,11673734.0,11822121.0,11906760.0,11753829.0,800.0,11908362.0,11908362.0,11906761.0,4070.0,1089.0,11903201.0,78708.0,2546177.0,9276717.0,11822894.0,11906761.0,9355425.0,800.0,11908360.0,11908360.0,11906759.0,4069.0,1076.0,11903213.0,79272.0,2536536.0,9285806.0,11822342.0,11906759.0,9365078.0,800.0,11908359.0,11908359.0,11906758.0,4069.0,1080.0,11903208.0,80335.0,2537524.0,9283750.0,11821274.0,11906758.0,9364085.0,800.0,11908359.0,11908359.0,11906758.0,4068.0,1062.0,11903227.0,79851.0,2519860.0,9301917.0,11821777.0,11906758.0,9381768.0,800.0,11908359.0,11908359.0,11906758.0,4070.0,1065.0,11903222.0,80512.0,2525756.0,9295355.0,11821111.0,11906758.0,9375867.0,800.0,11908359.0,11908359.0,11906758.0,4067.0,1096.0,11903194.0,79645.0,2503257.0,9318693.0,11821950.0,11906758.0,9398338.0,800.0,11903815.0,11908357.0,11908357.0,11908376.0,6400.0,15466820.0,79109015.0,638264.0,79747279.0,22.0,22.0,4.0,4.0,5.0,5.0,3.0,3.0,2.0,2.0,2.0,2.0,2.0,2.0,2.0,2.0
128x768x768w34-40-78,11921234.0,11921234.0,11919633.0,4082.0,486.0,11916664.0,80050.0,154009.0,11681006.0,11835015.0,11919633.0,11761056.0,800.0,11921216.0,11921216.0,11919615.0,4081.0,470.0,11916663.0,79340.0,146590.0,11689134.0,11835724.0,11919615.0,11768474.0,800.0,11921217.0,11921217.0,11919616.0,4080.0,1011.0,11916124.0,78026.0,2554414.0,9282085.0,11836499.0,11919616.0,9360111.0,800.0,11921215.0,11921215.0,11919614.0,4079.0,1038.0,11916096.0,79096.0,2533321.0,9302080.0,11835401.0,11919614.0,9381176.0,800.0,11921214.0,11921214.0,11919613.0,4079.0,1039.0,11916094.0,80310.0,2534827.0,9299358.0,11834185.0,11919613.0,9379668.0,800.0,11921214.0,11921214.0,11919613.0,4078.0,1018.0,11916116.0,79624.0,2515420.0,9319473.0,11834893.0,11919613.0,9399097.0,800.0,11921214.0,11921214.0,11919613.0,4080.0,1021.0,11916111.0,80157.0,2522609.0,9311746.0,11834355.0,11919613.0,9391903.0,800.0,11921214.0,11921214.0,11919613.0,4077.0,1018.0,11916117.0,79024.0,2506487.0,9329007.0,11835494.0,11919613.0,9408031.0,800.0,11916664.0,11921212.0,11921212.0,11921231.0,6400.0,15467677.0,79213889.0,635627.0,79849516.0,22.0,22.0,4.0,4.0,5.0,5.0,3.0,3.0,2.0,2.0,2.0,2.0,2.0,2.0,2.0,2.0
128x768x768w34-80-39,12081624.0,12081624.0,12080023.0,3975.0,602.0,12077045.0,79832.0,159641.0,11835973.0,11995614.0,12080023.0,11915805.0,800.0,12081606.0,12081606.0,12080005.0,3974.0,579.0,12077051.0,79558.0,147712.0,11848182.0,11995894.0,12080005.0,11927740.0,800.0,12081607.0,12081607.0,12080006.0,3973.0,1935.0,12075697.0,78501.0,2593637.0,9401960.0,11995597.0,12080006.0,9480461.0,800.0,12081605.0,12081605.0,12080004.0,3972.0,1952.0,12075679.0,77818.0,2558196.0,9438066.0,11996262.0,12080004.0,9515884.0,800.0,12081604.0,12081604.0,12080003.0,3972.0,1953.0,12075677.0,79345.0,2562101.0,9432632.0,11994733.0,12080003.0,9511977.0,800.0,12081604.0,12081604.0,12080003.0,3971.0,1947.0,12075684.0,79533.0,2542415.0,9452137.0,11994552.0,12080003.0,9531670.0,800.0,12081604.0,12081604.0,12080003.0,3973.0,1947.0,12075682.0,80722.0,2546024.0,9447337.0,11993361.0,12080003.0,9528059.0,800.0,12081604.0,12081604.0,12080003.0,3970.0,1947.0,12075685.0,79400.0,2536893.0,9457793.0,11994686.0,12080003.0,9537193.0,800.0,12077051.0,12081602.0,12081602.0,12081621.0,6400.0,15646619.0,80314080.0,634709.0,80948789.0,22.0,22.0,4.0,4.0,5.0,5.0,3.0,3.0,2.0,2.0,2.0,2.0,2.0,2.0,2.0,2.0
128x768x768w43-32-70,12427851.0,12427851.0,12426266.0,4124.0,596.0,12423129.0,78977.0,139153.0,12203416.0,12342569.0,12426266.0,12282393.0,792.0,12427836.0,12427836.0,12426251.0,4123.0,565.0,12423146.0,78930.0,162480.0,12180153.0,12342633.0,12426251.0,12259083.0,792.0,12427836.0,12427836.0,12426251.0,4122.0,2777.0,12420935.0,78742.0,777367.0,11563243.0,12340610.0,12426251.0,11641985.0,792.0,12427836.0,12427836.0,12426251.0,4121.0,2769.0,12420944.0,78795.0,1932624.0,10407942.0,12340566.0,12426251.0,10486737.0,792.0,12427834.0,12427834.0,12426249.0,4118.0,2796.0,12420918.0,78990.0,1942789.0,10397556.0,12340345.0,12426249.0,10476546.0,792.0,12427834.0,12427834.0,12426249.0,4117.0,2769.0,12420946.0,78733.0,1918552.0,10422078.0,12340630.0,12426249.0,10500811.0,792.0,12427834.0,12427834.0,12426249.0,4116.0,2763.0,12420953.0,78805.0,1927598.0,10412967.0,12340565.0,12426249.0,10491772.0,792.0,12427834.0,12427834.0,12426249.0,4115.0,2752.0,12420965.0,79443.0,1923620.0,10416319.0,12339939.0,12426249.0,10495762.0,792.0,12423146.0,12427824.0,12427824.0,12427843.0,6336.0,10724183.0,88003674.0,631415.0,88635089.0,27.0,27.0,12.0,12.0,12.0,12.0,12.0,12.0,10.0,10.0,10.0,10.0,10.0,10.0,10.0,10.0
128x768x768w43-32-74,12384829.0,12384829.0,12383244.0,4190.0,601.0,12380036.0,79071.0,140363.0,12159019.0,12299382.0,12383244.0,12238090.0,792.0,12384814.0,12384814.0,12383229.0,4189.0,563.0,12380060.0,78656.0,163476.0,12136345.0,12299821.0,12383229.0,12215001.0,792.0,12384814.0,12384814.0,12383229.0,4188.0,1481.0,12379143.0,78835.0,769985.0,11528740.0,12298725.0,12383229.0,11607575.0,792.0,12384814.0,12384814.0,12383229.0,4187.0,1532.0,12379093.0,78101.0,1931502.0,10367907.0,12299409.0,12383229.0,10446008.0,792.0,12384812.0,12384812.0,12383227.0,4184.0,1473.0,12379153.0,79156.0,1940614.0,10357800.0,12298414.0,12383227.0,10436956.0,792.0,12384812.0,12384812.0,12383227.0,4183.0,1453.0,12379174.0,78942.0,1922839.0,10375810.0,12298649.0,12383227.0,10454752.0,792.0,12384812.0,12384812.0,12383227.0,4182.0,1456.0,12379172.0,79055.0,1931903.0,10366631.0,12298534.0,12383227.0,10445686.0,792.0,12384812.0,12384812.0,12383227.0,4181.0,1466.0,12379163.0,79067.0,1927977.0,10370536.0,12298513.0,12383227.0,10449603.0,792.0,12380060.0,12384802.0,12384802.0,12384821.0,6336.0,10728659.0,87662788.0,630883.0,88293671.0,27.0,27.0,12.0,12.0,12.0,12.0,12.0,12.0,10.0,10.0,10.0,10.0,10.0,10.0,10.0,10.0
128x768x768w43-56-41,11425656.0,11425656.0,11424059.0,4019.0,665.0,11420970.0,78910.0,153153.0,11187312.0,11340465.0,11424059.0,11266222.0,798.0,11425641.0,11425641.0,11424044.0,4018.0,685.0,11420936.0,77634.0,157523.0,11184184.0,11341707.0,11424044.0,11261818.0,798.0,11425641.0,11425641.0,11424044.0,4017.0,1925.0,11419697.0,78116.0,766438.0,10573548.0,11339986.0,11424044.0,10651664.0,798.0,11425641.0,11425641.0,11424044.0,4016.0,1897.0,11419726.0,78694.0,1954281.0,9385156.0,11339437.0,11424044.0,9463850.0,798.0,11425639.0,11425639.0,11424042.0,4013.0,1898.0,11419726.0,79339.0,1944671.0,9394121.0,11338792.0,11424042.0,9473460.0,798.0,11425639.0,11425639.0,11424042.0,4012.0,1874.0,11419751.0,78384.0,1934591.0,9405181.0,11339772.0,11424042.0,9483565.0,798.0,11425639.0,11425639.0,11424042.0,4011.0,1874.0,11419752.0,78561.0,1936410.0,9403186.0,11339596.0,11424042.0,9481747.0,798.0,11425639.0,11425639.0,11424042.0,4010.0,1874.0,11419753.0,78224.0,1920388.0,9419546.0,11339934.0,11424042.0,9497770.0,798.0,11420970.0,11425629.0,11425629.0,11425648.0,6384.0,10767455.0,79952234.0,627862.0,80580096.0,27.0,27.0,12.0,12.0,12.0,12.0,12.0,12.0,10.0,10.0,10.0,10.0,10.0,10.0,10.0,10.0
128x768x768w43-56-42,11432063.0,11432063.0,11430466.0,4083.0,662.0,11427316.0,79207.0,149542.0,11196972.0,11346514.0,11430466.0,11276179.0,798.0,11432048.0,11432048.0,11430451.0,4082.0,647.0,11427317.0,77953.0,156872.0,11190897.0,11347769.0,11430451.0,11268850.0,798.0,11432048.0,11432048.0,11430451.0,4081.0,1155.0,11426810.0,78172.0,768015.0,10579028.0,11347043.0,11430451.0,10657200.0,798.0,11432048.0,11432048.0,11430451.0,4080.0,1164.0,11426802.0,78771.0,1960264.0,9386172.0,11346436.0,11430451.0,9464943.0,798.0,11432046.0,11432046.0,11430449.0,4077.0,1146.0,11426821.0,79254.0,1957211.0,9388761.0,11345972.0,11430449.0,9468015.0,798.0,11432046.0,11432046.0,11430449.0,4076.0,1170.0,11426798.0,78863.0,1940544.0,9405796.0,11346340.0,11430449.0,9484659.0,798.0,11432046.0,11432046.0,11430449.0,4075.0,1184.0,11426785.0,78745.0,1941437.0,9405008.0,11346445.0,11430449.0,9483753.0,798.0,11432046.0,11432046.0,11430449.0,4074.0,1186.0,11426784.0,77952.0,1924714.0,9422523.0,11347237.0,11430449.0,9500475.0,798.0,11427317.0,11432036.0,11432036.0,11432055.0,6384.0,10798599.0,79975157.0,628917.0,80604074.0,27.0,27.0,12.0,12.0,12.0,12.0,12.0,12.0,10.0,10.0,10.0,10.0,10.0,10.0,10.0,10.0
128x768x768w43-64-35,12294774.0,12294774.0,12293189.0,3969.0,797.0,12290006.0,78138.0,149627.0,12060658.0,12210285.0,12293189.0,12138796.0,792.0,12294765.0,12294765.0,12293180.0,3968.0,1011.0,12289784.0,78093.0,212233.0,11997875.0,12210108.0,12293180.0,12075968.0,792.0,12294764.0,12294764.0,12293179.0,3967.0,3065.0,12287730.0,77967.0,805230.0,11402950.0,12208180.0,12293179.0,11480917.0,792.0,12294763.0,12294763.0,12293178.0,3966.0,2908.0,12287887.0,77727.0,1939323.0,10269254.0,12208577.0,12293178.0,10346981.0,792.0,12294760.0,12294760.0,12293175.0,3963.0,2940.0,12287855.0,78209.0,1943008.0,10265055.0,12208063.0,12293175.0,10343264.0,792.0,12294759.0,12294759.0,12293174.0,3962.0,2913.0,12287882.0,77532.0,1919181.0,10289586.0,12208767.0,12293174.0,10367118.0,792.0,12294758.0,12294758.0,12293173.0,3961.0,2904.0,12287891.0,79290.0,1920633.0,10286385.0,12207018.0,12293173.0,10365675.0,792.0,12294757.0,12294757.0,12293172.0,3960.0,2895.0,12287900.0,78351.0,1917537.0,10290429.0,12207966.0,12293172.0,10368780.0,792.0,12290006.0,12294754.0,12294754.0,12294773.0,6336.0,10806772.0,86862192.0,625307.0,87487499.0,20.0,20.0,11.0,11.0,10.0,10.0,9.0,9.0,6.0,6.0,5.0,5.0,4.0,4.0,3.0,3.0
128x768x768w43-64-36,12323348.0,12323348.0,12321763.0,3963.0,954.0,12318429.0,78785.0,143332.0,12094729.0,12238061.0,12321763.0,12173514.0,792.0,12323339.0,12323339.0,12321754.0,3962.0,784.0,12318591.0,78566.0,172216.0,12066226.0,12238442.0,12321754.0,12144792.0,792.0,12323338.0,12323338.0,12321753.0,3961.0,1684.0,12317691.0,77800.0,780820.0,11457488.0,12238308.0,12321753.0,11535288.0,792.0,12323337.0,12323337.0,12321752.0,3960.0,1571.0,12317804.0,77573.0,1947852.0,10290796.0,12238648.0,12321752.0,10368369.0,792.0,12323334.0,12323334.0,12321749.0,3957.0,1582.0,12317793.0,78370.0,1950146.0,10287694.0,12237840.0,12321749.0,10366064.0,792.0,12323333.0,12323333.0,12321748.0,3956.0,1569.0,12317806.0,77866.0,1938198.0,10300159.0,12238357.0,12321748.0,10378025.0,792.0,12323332.0,12323332.0,12321747.0,3955.0,1578.0,12317797.0,78595.0,1941151.0,10296468.0,12237619.0,12321747.0,10375063.0,792.0,12323331.0,12323331.0,12321746.0,3954.0,1573.0,12317802.0,78534.0,1933269.0,10304416.0,12237685.0,12321746.0,10382950.0,792.0,12318591.0,12323328.0,12323328.0,12323347.0,6336.0,10806984.0,87097976.0,626089.0,87724065.0,20.0,20.0,11.0,11.0,10.0,10.0,9.0,9.0,6.0,6.0,5.0,5.0,4.0,4.0,3.0,3.0
128x768x768w43-72-32,11444877.0,11444877.0,11443292.0,3926.0,720.0,11440229.0,80352.0,143838.0,11214456.0,11358294.0,11443292.0,11294808.0,792.0,11444874.0,11444874.0,11443289.0,3925.0,714.0,11440233.0,79457.0,139587.0,11219606.0,11359193.0,11443289.0,11299063.0,792.0,11444873.0,11444873.0,11443288.0,3927.0,2309.0,11438635.0,79714.0,748909.0,10608429.0,11357338.0,11443288.0,10688143.0,792.0,11444872.0,11444872.0,11443287.0,3923.0,2323.0,11438624.0,79383.0,1940909.0,9416749.0,11357658.0,11443287.0,9496132.0,792.0,11444869.0,11444869.0,11443284.0,3923.0,2322.0,11438622.0,80541.0,1937024.0,9419474.0,11356498.0,11443284.0,9500015.0,792.0,11444868.0,11444868.0,11443283.0,3923.0,2316.0,11438627.0,80913.0,1915381.0,9440750.0,11356131.0,11443283.0,9521663.0,792.0,11444867.0,11444867.0,11443282.0,3923.0,2280.0,11438662.0,80863.0,1913165.0,9443051.0,11356216.0,11443282.0,9523914.0,792.0,11444866.0,11444866.0,11443281.0,3923.0,2297.0,11438644.0,80794.0,1914907.0,9441360.0,11356267.0,11443281.0,9522154.0,792.0,11440233.0,11444863.0,11444863.0,11444882.0,6336.0,10653720.0,80203875.0,642017.0,80845892.0,14.0,14.0,11.0,11.0,10.0,10.0,9.0,9.0,6.0,6.0,5.0,5.0,4.0,4.0,3.0,3.0
128x768x768w43-72-33,11471384.0,11471384.0,11469799.0,4004.0,691.0,11466687.0,78956.0,155033.0,11231115.0,11386148.0,11469799.0,11310071.0,792.0,11471366.0,11471366.0,11469781.0,4003.0,677.0,11466684.0,79484.0,152898.0,11232719.0,11385617.0,11469781.0,11312203.0,792.0,11471367.0,11471367.0,11469782.0,4002.0,1158.0,11466205.0,79475.0,764882.0,10620265.0,11385147.0,11469782.0,10699740.0,792.0,11471365.0,11471365.0,11469780.0,4001.0,1135.0,11466227.0,77896.0,1959793.0,9426955.0,11386748.0,11469780.0,9504851.0,792.0,11471364.0,11471364.0,11469779.0,3998.0,1164.0,11466200.0,79520.0,1962112.0,9422985.0,11385097.0,11469779.0,9502505.0,792.0,11471364.0,11471364.0,11469779.0,3997.0,1147.0,11466218.0,79295.0,1932599.0,9452741.0,11385340.0,11469779.0,9532036.0,792.0,11471364.0,11471364.0,11469779.0,3996.0,1150.0,11466216.0,79071.0,1928236.0,9457326.0,11385562.0,11469779.0,9536397.0,792.0,11471364.0,11471364.0,11469779.0,3995.0,1170.0,11466197.0,77455.0,1926033.0,9461126.0,11387159.0,11469779.0,9538581.0,792.0,11466687.0,11471362.0,11471362.0,11471381.0,6336.0,10781586.0,80305232.0,631152.0,80936384.0,22.0,22.0,4.0,4.0,5.0,5.0,3.0,3.0,2.0,2.0,2.0,2.0,2.0,2.0,2.0,2.0
128x768x768w44-32-74,11810717.0,11810717.0,11809132.0,4255.0,698.0,11805762.0,78265.0,167224.0,11558690.0,11725914.0,11809132.0,11636955.0,792.0,11810702.0,11810702.0,11809117.0,4254.0,628.0,11805818.0,77722.0,182562.0,11543951.0,11726513.0,11809117.0,11621673.0,792.0,11810702.0,11810702.0,11809117.0,4253.0,630.0,11805817.0,77456.0,190491.0,11536287.0,11726778.0,11809117.0,11613743.0,792.0,11810702.0,11810702.0,11809117.0,4252.0,579.0,11805869.0,75851.0,153649.0,11574786.0,11728435.0,11809117.0,11650637.0,792.0,11810700.0,11810700.0,11809115.0,4249.0,598.0,11805851.0,77532.0,1382265.0,10344471.0,11726736.0,11809115.0,10422003.0,792.0,11810700.0,11810700.0,11809115.0,4248.0,606.0,11805844.0,76950.0,1360187.0,10367124.0,11727311.0,11809115.0,10444074.0,792.0,11810700.0,11810700.0,11809115.0,4247.0,589.0,11805862.0,78326.0,1369363.0,10356590.0,11725953.0,11809115.0,10434916.0,792.0,11810692.0,11810692.0,11809107.0,4246.0,573.0,11805871.0,77354.0,1363786.0,10363148.0,11726934.0,11809107.0,10440502.0,792.0,11805871.0,11810690.0,11810690.0,11810709.0,6336.0,6169527.0,87645047.0,619456.0,88264503.0,27.0,27.0,12.0,12.0,12.0,12.0,12.0,12.0,10.0,10.0,10.0,10.0,10.0,10.0,2.0,2.0
128x768x768w44-32-75,11901789.0,11901789.0,11900204.0,4247.0,606.0,11896934.0,77833.0,169047.0,11648471.0,11817518.0,11900204.0,11726304.0,792.0,11901780.0,11901780.0,11900195.0,4246.0,588.0,11896944.0,77538.0,197839.0,11619984.0,11817823.0,11900195.0,11697522.0,792.0,11901780.0,11901780.0,11900195.0,4245.0,619.0,11896914.0,78178.0,207493.0,11609660.0,11817153.0,11900195.0,11687838.0,792.0,11901780.0,11901780.0,11900195.0,4244.0,583.0,11896951.0,75120.0,160582.0,11659666.0,11820248.0,11900195.0,11734786.0,792.0,11901778.0,11901778.0,11900193.0,4241.0,626.0,11896909.0,77691.0,1392581.0,10425054.0,11817635.0,11900193.0,10502745.0,792.0,11901778.0,11901778.0,11900193.0,4240.0,582.0,11896954.0,77889.0,1362814.0,10454668.0,11817482.0,11900193.0,10532557.0,792.0,11901778.0,11901778.0,11900193.0,4239.0,582.0,11896955.0,79114.0,1376364.0,10439894.0,11816258.0,11900193.0,10519008.0,792.0,11901770.0,11901770.0,11900185.0,4238.0,581.0,11896949.0,77425.0,1373380.0,10444561.0,11817941.0,11900185.0,10521986.0,792.0,11896955.0,11901768.0,11901768.0,11901787.0,6336.0,6240100.0,88301958.0,620788.0,88922746.0,21.0,21.0,12.0,12.0,12.0,12.0,12.0,12.0,10.0,10.0,10.0,10.0,10.0,10.0,2.0,2.0
128x768x768w44-56-41,10871444.0,10871444.0,10869847.0,4034.0,718.0,10866690.0,79618.0,201912.0,10583565.0,10785477.0,10869847.0,10663183.0,798.0,10871435.0,10871435.0,10869838.0,4033.0,708.0,10866692.0,78608.0,208042.0,10578447.0,10786489.0,10869838.0,10657055.0,798.0,10871434.0,10871434.0,10869837.0,4032.0,707.0,10866693.0,79733.0,208742.0,10576623.0,10785365.0,10869837.0,10656356.0,798.0,10871433.0,10871433.0,10869836.0,4031.0,691.0,10866709.0,79098.0,178598.0,10607418.0,10786016.0,10869836.0,10686516.0,798.0,10871430.0,10871430.0,10869833.0,4028.0,689.0,10866711.0,78821.0,1404499.0,9381796.0,10786295.0,10869833.0,9460617.0,798.0,10871429.0,10871429.0,10869832.0,4027.0,650.0,10866750.0,78233.0,1388740.0,9398182.0,10786922.0,10869832.0,9476415.0,798.0,10871428.0,10871428.0,10869831.0,4026.0,684.0,10866716.0,79043.0,1386472.0,9399606.0,10786078.0,10869831.0,9478649.0,798.0,10871427.0,10871427.0,10869830.0,4025.0,700.0,10866700.0,78702.0,1372406.0,9413997.0,10786403.0,10869830.0,9492699.0,798.0,10866750.0,10871424.0,10871424.0,10871443.0,6384.0,6349411.0,79939634.0,631856.0,80571490.0,20.0,20.0,11.0,11.0,10.0,10.0,9.0,9.0,6.0,6.0,5.0,5.0,4.0,4.0,3.0,3.0
128x768x768w44-56-42,10854369.0,10854369.0,10852772.0,4103.0,709.0,10849555.0,79301.0,175729.0,10592930.0,10768659.0,10852772.0,10672231.0,798.0,10854360.0,10854360.0,10852763.0,4102.0,699.0,10849557.0,78699.0,180673.0,10588590.0,10769263.0,10852763.0,10667289.0,798.0,10854359.0,10854359.0,10852762.0,4101.0,691.0,10849565.0,78620.0,183812.0,10585538.0,10769350.0,10852762.0,10664158.0,798.0,10854358.0,10854358.0,10852761.0,4100.0,679.0,10849577.0,78535.0,167071.0,10602376.0,10769447.0,10852761.0,10680911.0,798.0,10854355.0,10854355.0,10852758.0,4097.0,666.0,10849590.0,79045.0,1388161.0,9380789.0,10768950.0,10852758.0,9459834.0,798.0,10854354.0,10854354.0,10852757.0,4096.0,650.0,10849606.0,78997.0,1369375.0,9399639.0,10769014.0,10852757.0,9478636.0,798.0,10854353.0,10854353.0,10852756.0,4095.0,645.0,10849611.0,79244.0,1375980.0,9392792.0,10768772.0,10852756.0,9472036.0,798.0,10854352.0,10854352.0,10852755.0,4094.0,673.0,10849583.0,79009.0,1360508.0,9408471.0,10768979.0,10852755.0,9487480.0,798.0,10849611.0,10854349.0,10854349.0,10854368.0,6384.0,6201309.0,79951125.0,631450.0,80582575.0,20.0,20.0,11.0,11.0,10.0,10.0,9.0,9.0,6.0,6.0,5.0,5.0,4.0,4.0,3.0,3.0
128x768x768w44-64-35,11712123.0,11712123.0,11710538.0,3996.0,818.0,11707307.0,78620.0,183379.0,11443725.0,11627104.0,11710538.0,11522345.0,792.0,11712114.0,11712114.0,11710529.0,3995.0,811.0,11707306.0,78707.0,219495.0,11407521.0,11627016.0,11710529.0,11486228.0,792.0,11712113.0,11712113.0,11710528.0,3994.0,1140.0,11706977.0,76212.0,320901.0,11308281.0,11629182.0,11710528.0,11384493.0,792.0,11712112.0,11712112.0,11710527.0,3993.0,777.0,11707340.0,78051.0,152613.0,11475093.0,11627706.0,11710527.0,11553144.0,792.0,11712109.0,11712109.0,11710524.0,3990.0,850.0,11707267.0,77258.0,1399425.0,10229001.0,11628426.0,11710524.0,10306259.0,792.0,11712108.0,11712108.0,11710523.0,3989.0,775.0,11707342.0,76480.0,1375515.0,10253764.0,11629279.0,11710523.0,10330244.0,792.0,11712107.0,11712107.0,11710522.0,3988.0,789.0,11707328.0,77778.0,1383136.0,10244831.0,11627967.0,11710522.0,10322609.0,792.0,11712106.0,11712106.0,11710521.0,3987.0,798.0,11707319.0,78311.0,1371440.0,10255985.0,11627425.0,11710521.0,10334296.0,792.0,11707342.0,11712103.0,11712103.0,11712122.0,6336.0,6405904.0,86618201.0,621417.0,87239618.0,20.0,20.0,11.0,11.0,10.0,10.0,9.0,9.0,6.0,6.0,5.0,5.0,4.0,4.0,3.0,3.0
128x768x768w44-64-36,11724285.0,11724285.0,11722700.0,4008.0,886.0,11719389.0,78119.0,176105.0,11463582.0,11639687.0,11722700.0,11541701.0,792.0,11724276.0,11724276.0,11722691.0,4007.0,1045.0,11719222.0,79121.0,206259.0,11432259.0,11638518.0,11722691.0,11511380.0,792.0,11724275.0,11724275.0,11722690.0,4006.0,825.0,11719442.0,76245.0,271225.0,11370389.0,11641614.0,11722690.0,11446634.0,792.0,11724274.0,11724274.0,11722689.0,4005.0,808.0,11719459.0,78971.0,149052.0,11489853.0,11638905.0,11722689.0,11568824.0,792.0,11724271.0,11724271.0,11722686.0,4002.0,799.0,11719468.0,77505.0,1390590.0,10249790.0,11640380.0,11722686.0,10327295.0,792.0,11724270.0,11724270.0,11722685.0,4001.0,778.0,11719489.0,77617.0,1371069.0,10269220.0,11640289.0,11722685.0,10346837.0,792.0,11724269.0,11724269.0,11722684.0,4000.0,771.0,11719496.0,77804.0,1374788.0,10265321.0,11640109.0,11722684.0,10343125.0,792.0,11724268.0,11724268.0,11722683.0,3999.0,782.0,11719485.0,78392.0,1369896.0,10269614.0,11639510.0,11722683.0,10348006.0,792.0,11719496.0,11724265.0,11724265.0,11724284.0,6336.0,6308984.0,86810028.0,623774.0,87433802.0,20.0,20.0,11.0,11.0,10.0,10.0,9.0,9.0,6.0,6.0,5.0,5.0,4.0,4.0,3.0,3.0
128x768x768w44-80-29,10985347.0,10985347.0,10983726.0,4131.0,749.0,10980465.0,80413.0,201278.0,10697155.0,10898433.0,10983726.0,10777568.0,810.0,10985329.0,10985329.0,10983708.0,4130.0,727.0,10980470.0,79444.0,199709.0,10699698.0,10899407.0,10983708.0,10779142.0,810.0,10985330.0,10985330.0,10983709.0,4129.0,732.0,10980467.0,79891.0,208132.0,10690825.0,10898957.0,10983709.0,10770716.0,810.0,10985328.0,10985328.0,10983707.0,4128.0,709.0,10980489.0,78813.0,172823.0,10727234.0,10900057.0,10983707.0,10806047.0,810.0,10985327.0,10985327.0,10983706.0,4125.0,685.0,10980515.0,80487.0,1407043.0,9491366.0,10898409.0,10983706.0,9571853.0,810.0,10985327.0,10985327.0,10983706.0,4124.0,706.0,10980495.0,79926.0,1391489.0,9507461.0,10898950.0,10983706.0,9587387.0,810.0,10985327.0,10985327.0,10983706.0,4123.0,695.0,10980507.0,80720.0,1394166.0,9504002.0,10898168.0,10983706.0,9584722.0,810.0,10985327.0,10985327.0,10983706.0,4122.0,726.0,10980477.0,79468.0,1381085.0,9518305.0,10899390.0,10983706.0,9597773.0,810.0,10980515.0,10985325.0,10985325.0,10985344.0,6480.0,6355725.0,80836046.0,639162.0,81475208.0,22.0,22.0,4.0,4.0,5.0,5.0,3.0,3.0,2.0,2.0,2.0,2.0,2.0,2.0,2.0,2.0
128x768x768w45-32-73,11793771.0,11793771.0,11792186.0,4141.0,644.0,11788984.0,78875.0,156386.0,11552140.0,11708526.0,11792186.0,11631015.0,792.0,11793753.0,11793753.0,11792168.0,4140.0,686.0,11788925.0,78382.0,181851.0,11527109.0,11708960.0,11792168.0,11605491.0,792.0,11793754.0,11793754.0,11792169.0,4139.0,613.0,11789000.0,78370.0,190575.0,11518472.0,11709047.0,11792169.0,11596842.0,792.0,11793752.0,11793752.0,11792167.0,4138.0,578.0,11789034.0,78166.0,154372.0,11554913.0,11709285.0,11792167.0,11633079.0,792.0,11793751.0,11793751.0,11792166.0,4135.0,595.0,11789019.0,78874.0,160563.0,11547999.0,11708562.0,11792166.0,11626873.0,792.0,11793751.0,11793751.0,11792166.0,4134.0,563.0,11789052.0,79154.0,1348914.0,10359401.0,11708315.0,11792166.0,10438555.0,792.0,11793751.0,11793751.0,11792166.0,4133.0,1865.0,11787751.0,79011.0,1976849.0,9730308.0,11707157.0,11792166.0,9809319.0,792.0,11793751.0,11793751.0,11792166.0,4132.0,1865.0,11787752.0,79432.0,1972931.0,9733806.0,11706737.0,11792166.0,9813238.0,792.0,11789052.0,11793749.0,11793749.0,11793768.0,6336.0,6142441.0,87524148.0,630264.0,88154412.0,22.0,22.0,4.0,4.0,5.0,5.0,3.0,3.0,2.0,2.0,2.0,2.0,2.0,2.0,2.0,2.0
128x768x768w45-56-41,10860216.0,10860216.0,10858619.0,4049.0,703.0,10855462.0,79654.0,188822.0,10585391.0,10774213.0,10858619.0,10665045.0,798.0,10860206.0,10860206.0,10858609.0,4048.0,693.0,10855463.0,79386.0,198004.0,10576478.0,10774482.0,10858609.0,10655864.0,798.0,10860205.0,10860205.0,10858608.0,4047.0,691.0,10855465.0,79472.0,195629.0,10578769.0,10774398.0,10858608.0,10658241.0,798.0,10860204.0,10860204.0,10858607.0,4046.0,669.0,10855487.0,79323.0,163983.0,10610586.0,10774569.0,10858607.0,10689909.0,798.0,10860201.0,10860201.0,10858604.0,4043.0,670.0,10855486.0,80323.0,165078.0,10608490.0,10773568.0,10858604.0,10688813.0,798.0,10860200.0,10860200.0,10858603.0,4042.0,632.0,10855524.0,79032.0,1366297.0,9408600.0,10774897.0,10858603.0,9487632.0,798.0,10860199.0,10860199.0,10858602.0,4041.0,1917.0,10854239.0,79613.0,1985397.0,8787634.0,10773031.0,10858602.0,8867247.0,798.0,10860198.0,10860198.0,10858601.0,4040.0,1916.0,10854240.0,79147.0,1977784.0,8795714.0,10773498.0,10858601.0,8874861.0,798.0,10855524.0,10860195.0,10860195.0,10860214.0,6384.0,6240994.0,79951662.0,635950.0,80587612.0,21.0,21.0,11.0,11.0,10.0,10.0,9.0,9.0,6.0,6.0,5.0,5.0,4.0,4.0,3.0,3.0
128x768x768w45-56-42,10860913.0,10860913.0,10859316.0,4110.0,693.0,10856108.0,79623.0,183895.0,10590995.0,10774890.0,10859316.0,10670618.0,798.0,10860903.0,10860903.0,10859306.0,4109.0,680.0,10856112.0,78948.0,187612.0,10587957.0,10775569.0,10859306.0,10666905.0,798.0,10860902.0,10860902.0,10859305.0,4108.0,675.0,10856117.0,78999.0,190440.0,10585083.0,10775523.0,10859305.0,10664082.0,798.0,10860901.0,10860901.0,10859304.0,4107.0,635.0,10856157.0,79070.0,166402.0,10609090.0,10775492.0,10859304.0,10688160.0,798.0,10860898.0,10860898.0,10859301.0,4104.0,679.0,10856113.0,79814.0,170325.0,10604379.0,10774704.0,10859301.0,10684193.0,798.0,10860897.0,10860897.0,10859300.0,4103.0,692.0,10856100.0,79352.0,1363858.0,9411295.0,10775153.0,10859300.0,9490647.0,798.0,10860896.0,10860896.0,10859299.0,4102.0,1182.0,10855610.0,79889.0,1987061.0,8787065.0,10774126.0,10859299.0,8866954.0,798.0,10860895.0,10860895.0,10859298.0,4101.0,1213.0,10855579.0,79471.0,1977982.0,8796531.0,10774513.0,10859298.0,8876002.0,798.0,10856157.0,10860892.0,10860892.0,10860911.0,6384.0,6227575.0,79972395.0,635166.0,80607561.0,21.0,21.0,11.0,11.0,10.0,10.0,9.0,9.0,6.0,6.0,5.0,5.0,4.0,4.0,3.0,3.0
128x768x768w45-72-33,10904031.0,10904031.0,10902446.0,4124.0,720.0,10899185.0,78393.0,200974.0,10618235.0,10819209.0,10902446.0,10696628.0,792.0,10904022.0,10904022.0,10902437.0,4123.0,706.0,10899191.0,78032.0,202153.0,10617423.0,10819576.0,10902437.0,10695455.0,792.0,10904021.0,10904021.0,10902436.0,4122.0,710.0,10899187.0,76587.0,207296.0,10613721.0,10821017.0,10902436.0,10690308.0,792.0,10904020.0,10904020.0,10902435.0,4121.0,699.0,10899198.0,76878.0,174286.0,10646451.0,10820737.0,10902435.0,10723329.0,792.0,10904017.0,10904017.0,10902432.0,4118.0,701.0,10899196.0,78149.0,176684.0,10642780.0,10819464.0,10902432.0,10720929.0,792.0,10904016.0,10904016.0,10902431.0,4117.0,677.0,10899220.0,77380.0,1380403.0,9439854.0,10820257.0,10902431.0,9517234.0,792.0,10904015.0,10904015.0,10902430.0,4116.0,1198.0,10898699.0,77910.0,1995259.0,8823947.0,10819206.0,10902430.0,8901857.0,792.0,10904014.0,10904014.0,10902429.0,4115.0,1195.0,10898702.0,77680.0,1995493.0,8823946.0,10819439.0,10902429.0,8901626.0,792.0,10899220.0,10904011.0,10904011.0,10904030.0,6336.0,6332548.0,80226357.0,621009.0,80847366.0,20.0,20.0,11.0,11.0,10.0,10.0,9.0,9.0,6.0,6.0,5.0,5.0,4.0,4.0,3.0,3.0
128x768x768w46-56-41,10867489.0,10867489.0,10865892.0,4069.0,669.0,10862749.0,79687.0,199396.0,10582071.0,10781467.0,10865892.0,10661758.0,798.0,10867482.0,10867482.0,10865885.0,4068.0,655.0,10862757.0,79265.0,204529.0,10577368.0,10781897.0,10865885.0,10656633.0,798.0,10867481.0,10867481.0,10865884.0,4067.0,656.0,10862756.0,79677.0,206953.0,10574531.0,10781484.0,10865884.0,10654208.0,798.0,10867480.0,10867480.0,10865883.0,4066.0,613.0,10862799.0,79422.0,173833.0,10607949.0,10781782.0,10865883.0,10687371.0,798.0,10867477.0,10867477.0,10865880.0,4063.0,1862.0,10861550.0,80167.0,783114.0,9996674.0,10779788.0,10865880.0,10076841.0,798.0,10867476.0,10867476.0,10865879.0,4062.0,1848.0,10861564.0,79241.0,756753.0,10023975.0,10780728.0,10865879.0,10103216.0,798.0,10867475.0,10867475.0,10865878.0,4061.0,1850.0,10861562.0,79712.0,1998850.0,8781405.0,10780255.0,10865878.0,8861117.0,798.0,10867474.0,10867474.0,10865877.0,4060.0,1852.0,10861560.0,79083.0,1985983.0,8794899.0,10780882.0,10865877.0,8873982.0,798.0,10862799.0,10867471.0,10867471.0,10867490.0,6384.0,6309411.0,79938872.0,636254.0,80575126.0,18.0,18.0,11.0,11.0,10.0,10.0,9.0,9.0,6.0,6.0,5.0,5.0,4.0,4.0,3.0,3.0
128x768x768w46-56-42,10867789.0,10867789.0,10866192.0,4130.0,631.0,10863026.0,79602.0,194751.0,10587078.0,10781829.0,10866192.0,10666680.0,798.0,10867784.0,10867784.0,10866187.0,4129.0,625.0,10863028.0,78681.0,199528.0,10583224.0,10782752.0,10866187.0,10661905.0,798.0,10867783.0,10867783.0,10866186.0,4128.0,626.0,10863027.0,78906.0,198617.0,10583909.0,10782526.0,10866186.0,10662815.0,798.0,10867782.0,10867782.0,10866185.0,4127.0,620.0,10863033.0,79281.0,174404.0,10607753.0,10782157.0,10866185.0,10687034.0,798.0,10867779.0,10867779.0,10866182.0,4124.0,1167.0,10862486.0,80164.0,788149.0,9992578.0,10780727.0,10866182.0,10072742.0,798.0,10867778.0,10867778.0,10866181.0,4123.0,1175.0,10862478.0,79449.0,756266.0,10025168.0,10781434.0,10866181.0,10104617.0,798.0,10867777.0,10867777.0,10866180.0,4122.0,1141.0,10862512.0,80137.0,2001025.0,8779755.0,10780780.0,10866180.0,8859892.0,798.0,10867776.0,10867776.0,10866179.0,4121.0,1145.0,10862508.0,79764.0,1981070.0,8800079.0,10781149.0,10866179.0,8879843.0,798.0,10863033.0,10867773.0,10867773.0,10867792.0,6384.0,6293810.0,79959544.0,635984.0,80595528.0,16.0,16.0,11.0,11.0,10.0,10.0,9.0,9.0,6.0,6.0,5.0,5.0,4.0,4.0,3.0,3.0
128x768x768w46-72-32,10887589.0,10887589.0,10886004.0,4022.0,696.0,10882869.0,80226.0,188071.0,10612989.0,10801060.0,10886004.0,10693215.0,792.0,10887585.0,10887585.0,10886000.0,4021.0,723.0,10882839.0,79798.0,190710.0,10610748.0,10801458.0,10886000.0,10690546.0,792.0,10887585.0,10887585.0,10886000.0,4020.0,727.0,10882836.0,80259.0,188439.0,10612555.0,10800994.0,10886000.0,10692814.0,792.0,10887585.0,10887585.0,10886000.0,4019.0,666.0,10882898.0,80409.0,155113.0,10645793.0,10800906.0,10886000.0,10726202.0,792.0,10887583.0,10887583.0,10885998.0,4016.0,2284.0,10881281.0,79946.0,763587.0,10036165.0,10799752.0,10885998.0,10116111.0,792.0,10887573.0,10887573.0,10885988.0,4015.0,2265.0,10881291.0,79494.0,735302.0,10064912.0,10800214.0,10885988.0,10144406.0,792.0,10887572.0,10887572.0,10885987.0,4014.0,2266.0,10881290.0,80444.0,1977700.0,8821563.0,10799263.0,10885987.0,8902007.0,792.0,10887575.0,10887575.0,10885990.0,4013.0,2235.0,10881325.0,80164.0,1974308.0,8825270.0,10799578.0,10885990.0,8905434.0,792.0,10882898.0,10887573.0,10887573.0,10887592.0,6336.0,6173230.0,80229995.0,640740.0,80870735.0,16.0,16.0,12.0,12.0,12.0,12.0,12.0,12.0,10.0,10.0,0.0,0.0,1.0,1.0,2.0,2.0
128x768x768w47-32-70,11795949.0,11795949.0,11794364.0,4196.0,548.0,11791203.0,78488.0,158622.0,11552510.0,11711132.0,11794364.0,11630998.0,792.0,11795939.0,11795939.0,11794354.0,4195.0,537.0,11791205.0,78142.0,183782.0,11527698.0,11711480.0,11794354.0,11605840.0,792.0,11795938.0,11795938.0,11794353.0,4194.0,2762.0,11788980.0,78513.0,788539.0,10920345.0,11708884.0,11794353.0,10998858.0,792.0,11795937.0,11795937.0,11794352.0,4193.0,2784.0,11788958.0,77094.0,747867.0,10962414.0,11710281.0,11794352.0,11039508.0,792.0,11795934.0,11795934.0,11794349.0,4190.0,2775.0,11788967.0,78896.0,758106.0,10950382.0,11708488.0,11794349.0,11029278.0,792.0,11795933.0,11795933.0,11794348.0,4189.0,2758.0,11788984.0,78616.0,732681.0,10976104.0,11708785.0,11794348.0,11054720.0,792.0,11795932.0,11795932.0,11794347.0,4188.0,2740.0,11789002.0,79618.0,741923.0,10965878.0,11707801.0,11794347.0,11045496.0,792.0,11795931.0,11795931.0,11794346.0,4187.0,2731.0,11789011.0,78777.0,2006395.0,9702256.0,11708651.0,11794346.0,9781033.0,792.0,11791205.0,11795928.0,11795928.0,11795947.0,6336.0,6117915.0,87557587.0,628144.0,88185731.0,21.0,21.0,11.0,11.0,10.0,10.0,9.0,9.0,6.0,6.0,5.0,5.0,4.0,4.0,3.0,3.0
128x768x768w47-56-41,10870848.0,10870848.0,10869251.0,4083.0,620.0,10866143.0,80233.0,200018.0,10584297.0,10784315.0,10869251.0,10664530.0,798.0,10870830.0,10870830.0,10869233.0,4082.0,612.0,10866134.0,80245.0,202378.0,10581916.0,10784294.0,10869233.0,10662161.0,798.0,10870831.0,10870831.0,10869234.0,4081.0,1860.0,10864888.0,79883.0,813340.0,9970070.0,10783410.0,10869234.0,10049953.0,798.0,10870829.0,10870829.0,10869232.0,4080.0,1837.0,10864910.0,79530.0,782664.0,10001121.0,10783785.0,10869232.0,10080651.0,798.0,10870828.0,10870828.0,10869231.0,4077.0,1803.0,10864946.0,81270.0,782452.0,9999629.0,10782081.0,10869231.0,10080899.0,798.0,10870828.0,10870828.0,10869231.0,4076.0,1764.0,10864986.0,81542.0,757961.0,10023888.0,10781849.0,10869231.0,10105430.0,798.0,10870828.0,10870828.0,10869231.0,4075.0,1766.0,10864985.0,80288.0,764675.0,10018427.0,10783102.0,10869231.0,10098715.0,798.0,10870828.0,10870828.0,10869231.0,4074.0,1833.0,10864919.0,80120.0,1989513.0,8793691.0,10783204.0,10869231.0,8873811.0,798.0,10866143.0,10870826.0,10870826.0,10870845.0,6384.0,6293001.0,79973039.0,643111.0,80616150.0,22.0,22.0,4.0,4.0,5.0,5.0,3.0,3.0,2.0,2.0,2.0,2.0,2.0,2.0,2.0,2.0
128x768x768w47-56-42,10865452.0,10865452.0,10863855.0,4150.0,615.0,10860685.0,80214.0,185105.0,10593771.0,10778876.0,10863855.0,10673985.0,798.0,10865442.0,10865442.0,10863845.0,4149.0,621.0,10860670.0,79607.0,192957.0,10586511.0,10779468.0,10863845.0,10666118.0,798.0,10865441.0,10865441.0,10863844.0,4148.0,1126.0,10860165.0,79593.0,802340.0,9976637.0,10778977.0,10863844.0,10056230.0,798.0,10865440.0,10865440.0,10863843.0,4147.0,1134.0,10860157.0,79406.0,778890.0,10000266.0,10779156.0,10863843.0,10079672.0,798.0,10865437.0,10865437.0,10863840.0,4144.0,1125.0,10860166.0,79450.0,774750.0,10004371.0,10779121.0,10863840.0,10083821.0,798.0,10865436.0,10865436.0,10863839.0,4143.0,1152.0,10860139.0,79379.0,754988.0,10024177.0,10779165.0,10863839.0,10103556.0,798.0,10865435.0,10865435.0,10863838.0,4142.0,1121.0,10860170.0,80197.0,756743.0,10021635.0,10778378.0,10863838.0,10101832.0,798.0,10865434.0,10865434.0,10863837.0,4141.0,1119.0,10860172.0,79757.0,1982353.0,8796467.0,10778820.0,10863837.0,8876224.0,798.0,10860685.0,10865431.0,10865431.0,10865450.0,6384.0,6228126.0,80003835.0,637603.0,80641438.0,21.0,21.0,11.0,11.0,10.0,10.0,9.0,9.0,6.0,6.0,5.0,5.0,4.0,4.0,3.0,3.0
128x768x768w47-64-35,11689917.0,11689917.0,11688332.0,4077.0,716.0,11685122.0,78064.0,176940.0,11428535.0,11605475.0,11688332.0,11506599.0,792.0,11689907.0,11689907.0,11688322.0,4076.0,714.0,11685115.0,78511.0,196905.0,11408116.0,11605021.0,11688322.0,11486627.0,792.0,11689906.0,11689906.0,11688321.0,4075.0,2871.0,11682958.0,78150.0,824764.0,10778461.0,11603225.0,11688321.0,10856611.0,792.0,11689905.0,11689905.0,11688320.0,4074.0,2884.0,11682945.0,78236.0,751380.0,10851746.0,11603126.0,11688320.0,10929982.0,792.0,11689902.0,11689902.0,11688317.0,4071.0,2942.0,11682887.0,78387.0,760328.0,10842589.0,11602917.0,11688317.0,10920976.0,792.0,11689901.0,11689901.0,11688316.0,4070.0,2875.0,11682954.0,77562.0,738746.0,10865063.0,11603809.0,11688316.0,10942625.0,792.0,11689900.0,11689900.0,11688315.0,4069.0,2874.0,11682955.0,79267.0,740804.0,10861301.0,11602105.0,11688315.0,10940568.0,792.0,11689899.0,11689899.0,11688314.0,4068.0,2873.0,11682956.0,78488.0,2005963.0,9596922.0,11602885.0,11688314.0,9675410.0,792.0,11685122.0,11689896.0,11689896.0,11689915.0,6336.0,6195830.0,86632733.0,626665.0,87259398.0,21.0,21.0,11.0,11.0,10.0,10.0,9.0,9.0,6.0,6.0,5.0,5.0,4.0,4.0,3.0,3.0
128x768x768w48-32-70,11252166.0,11252166.0,11250581.0,4243.0,574.0,11247347.0,78379.0,176673.0,10990712.0,11167385.0,11250581.0,11069091.0,792.0,11252154.0,11252154.0,11250569.0,4242.0,597.0,11247313.0,78456.0,199514.0,10967760.0,11167274.0,11250569.0,11046216.0,792.0,11252154.0,11252154.0,11250569.0,4241.0,604.0,11247307.0,78239.0,226023.0,10941462.0,11167485.0,11250569.0,11019701.0,792.0,11252154.0,11252154.0,11250569.0,4240.0,571.0,11247341.0,76607.0,158832.0,11010319.0,11169151.0,11250569.0,11086926.0,792.0,11252152.0,11252152.0,11250567.0,4237.0,548.0,11247365.0,78181.0,174802.0,10992799.0,11167601.0,11250567.0,11070980.0,792.0,11252152.0,11252152.0,11250567.0,4236.0,539.0,11247375.0,77232.0,149255.0,11019305.0,11168560.0,11250567.0,11096537.0,792.0,11252152.0,11252152.0,11250567.0,4235.0,538.0,11247377.0,78556.0,160470.0,11006768.0,11167238.0,11250567.0,11085324.0,792.0,11252152.0,11252152.0,11250567.0,4234.0,538.0,11247378.0,77929.0,148328.0,11019538.0,11167866.0,11250567.0,11097467.0,792.0,11247378.0,11252150.0,11252150.0,11252169.0,6336.0,1393897.0,87948663.0,623579.0,88572242.0,16.0,16.0,4.0,4.0,4.0,4.0,4.0,4.0,2.0,2.0,2.0,2.0,2.0,2.0,2.0,2.0
128x768x768w48-56-41,10279887.0,10279887.0,10278290.0,4164.0,631.0,10275090.0,78920.0,216643.0,9977932.0,10194575.0,10278290.0,10056852.0,798.0,10279874.0,10279874.0,10278277.0,4163.0,640.0,10275069.0,77914.0,224700.0,9970860.0,10195560.0,10278277.0,10048774.0,798.0,10279874.0,10279874.0,10278277.0,4162.0,654.0,10275056.0,79559.0,222133.0,9971769.0,10193902.0,10278277.0,10051328.0,798.0,10279874.0,10279874.0,10278277.0,4161.0,650.0,10275061.0,79469.0,200210.0,9993787.0,10193997.0,10278277.0,10073256.0,798.0,10279872.0,10279872.0,10278275.0,4158.0,641.0,10275071.0,79331.0,203572.0,9990573.0,10194145.0,10278275.0,10069904.0,798.0,10279872.0,10279872.0,10278275.0,4157.0,592.0,10275121.0,79538.0,181922.0,10012066.0,10193988.0,10278275.0,10091604.0,798.0,10279872.0,10279872.0,10278275.0,4156.0,629.0,10275085.0,79043.0,186355.0,10008092.0,10194447.0,10278275.0,10087135.0,798.0,10279872.0,10279872.0,10278275.0,4155.0,626.0,10275089.0,79453.0,172885.0,10021156.0,10194041.0,10278275.0,10100609.0,798.0,10275121.0,10279870.0,10279870.0,10279889.0,6384.0,1608420.0,79946235.0,633227.0,80579462.0,17.0,17.0,4.0,4.0,4.0,4.0,4.0,4.0,2.0,2.0,2.0,2.0,2.0,2.0,2.0,2.0
128x768x768w48-56-42,10290328.0,10290328.0,10288731.0,4224.0,617.0,10285485.0,79751.0,214422.0,9989717.0,10204139.0,10288731.0,10069468.0,798.0,10290315.0,10290315.0,10288718.0,4223.0,604.0,10285486.0,78860.0,224235.0,9980796.0,10205031.0,10288718.0,10059656.0,798.0,10290315.0,10290315.0,10288718.0,4222.0,630.0,10285461.0,79376.0,227012.0,9977478.0,10204490.0,10288718.0,10056854.0,798.0,10290315.0,10290315.0,10288718.0,4221.0,615.0,10285477.0,79279.0,210341.0,9994262.0,10204603.0,10288718.0,10073541.0,798.0,10290313.0,10290313.0,10288716.0,4218.0,612.0,10285481.0,78848.0,210807.0,9994231.0,10205038.0,10288716.0,10073079.0,798.0,10290313.0,10290313.0,10288716.0,4217.0,610.0,10285484.0,79224.0,191163.0,10013502.0,10204665.0,10288716.0,10092726.0,798.0,10290313.0,10290313.0,10288716.0,4216.0,589.0,10285506.0,79163.0,195675.0,10009073.0,10204748.0,10288716.0,10088236.0,798.0,10290313.0,10290313.0,10288716.0,4215.0,588.0,10285508.0,79192.0,173518.0,10031203.0,10204721.0,10288716.0,10110395.0,798.0,10285508.0,10290311.0,10290311.0,10290330.0,6384.0,1647173.0,79990262.0,633693.0,80623955.0,17.0,17.0,4.0,4.0,4.0,4.0,4.0,4.0,2.0,2.0,2.0,2.0,2.0,2.0,2.0,2.0
128x768x768w48-64-36,11154071.0,11154071.0,11152486.0,4109.0,714.0,11149246.0,78940.0,226360.0,10842363.0,11068723.0,11152486.0,10921303.0,792.0,11154059.0,11154059.0,11152474.0,4108.0,698.0,11149251.0,78079.0,272202.0,10797387.0,11069589.0,11152474.0,10875466.0,792.0,11154059.0,11154059.0,11152474.0,4107.0,724.0,11149226.0,77872.0,286881.0,10782890.0,11069771.0,11152474.0,10860762.0,792.0,11154059.0,11154059.0,11152474.0,4106.0,804.0,11149147.0,76263.0,170039.0,10901262.0,11071301.0,11152474.0,10977525.0,792.0,11154057.0,11154057.0,11152472.0,4103.0,729.0,11149223.0,78761.0,174569.0,10894310.0,11068879.0,11152472.0,10973071.0,792.0,11154057.0,11154057.0,11152472.0,4102.0,679.0,11149274.0,78113.0,149162.0,10920416.0,11069578.0,11152472.0,10998529.0,792.0,11154057.0,11154057.0,11152472.0,4101.0,681.0,11149273.0,79008.0,148566.0,10920116.0,11068682.0,11152472.0,10999124.0,792.0,11154057.0,11154057.0,11152472.0,4100.0,689.0,11149266.0,78274.0,143803.0,10925606.0,11069409.0,11152472.0,11003880.0,792.0,11149274.0,11154055.0,11154055.0,11154074.0,6336.0,1571582.0,86984350.0,625310.0,87609660.0,16.0,16.0,4.0,4.0,4.0,4.0,4.0,4.0,2.0,2.0,2.0,2.0,2.0,2.0,2.0,2.0
128x768x768w49-56-41,11444189.0,11444189.0,11442592.0,4122.0,635.0,11439430.0,80408.0,169614.0,11187813.0,11357427.0,11442592.0,11268221.0,798.0,11444177.0,11444177.0,11442580.0,4121.0,622.0,11439432.0,80545.0,1385909.0,9971383.0,11357292.0,11442580.0,10051928.0,798.0,11444178.0,11444178.0,11442581.0,4120.0,625.0,11439431.0,80049.0,1385084.0,9972703.0,11357787.0,11442581.0,10052752.0,798.0,11444176.0,11444176.0,11442579.0,4119.0,599.0,11439456.0,79843.0,1357312.0,10000706.0,11358018.0,11442579.0,10080549.0,798.0,11444175.0,11444175.0,11442578.0,4116.0,599.0,11439458.0,80953.0,1357132.0,9999778.0,11356910.0,11442578.0,10080731.0,798.0,11444175.0,11444175.0,11442578.0,4115.0,576.0,11439482.0,81508.0,1332873.0,10023506.0,11356379.0,11442578.0,10105014.0,798.0,11444175.0,11444175.0,11442578.0,4114.0,1826.0,11438233.0,80260.0,1952448.0,9403930.0,11356378.0,11442578.0,9484190.0,798.0,11444175.0,11444175.0,11442578.0,4113.0,1873.0,11438187.0,79826.0,1943265.0,9413501.0,11356766.0,11442578.0,9493327.0,798.0,11439482.0,11444173.0,11444173.0,11444192.0,6384.0,10883637.0,79973320.0,643392.0,80616712.0,16.0,16.0,4.0,4.0,5.0,5.0,3.0,3.0,2.0,2.0,2.0,2.0,2.0,2.0,2.0,2.0
128x768x768w49-56-42,11445389.0,11445389.0,11443792.0,4197.0,594.0,11440596.0,80098.0,168966.0,11189937.0,11358903.0,11443792.0,11270035.0,798.0,11445376.0,11445376.0,11443779.0,4196.0,585.0,11440593.0,80681.0,1379835.0,9978482.0,11358317.0,11443779.0,10059163.0,798.0,11445377.0,11445377.0,11443780.0,4195.0,585.0,11440595.0,80489.0,1379936.0,9978575.0,11358511.0,11443780.0,10059064.0,798.0,11445375.0,11445375.0,11443778.0,4194.0,593.0,11440586.0,79810.0,1361651.0,9997530.0,11359181.0,11443778.0,10077340.0,798.0,11445374.0,11445374.0,11443777.0,4191.0,593.0,11440588.0,81288.0,1355112.0,10002593.0,11357705.0,11443777.0,10083881.0,798.0,11445374.0,11445374.0,11443777.0,4190.0,598.0,11440584.0,81643.0,1329207.0,10028139.0,11357346.0,11443777.0,10109782.0,798.0,11445374.0,11445374.0,11443777.0,4189.0,1090.0,11440093.0,80133.0,1950618.0,9407747.0,11358365.0,11443777.0,9487880.0,798.0,11445374.0,11445374.0,11443777.0,4188.0,1090.0,11440094.0,79906.0,1945659.0,9412934.0,11358593.0,11443777.0,9492840.0,798.0,11440596.0,11445372.0,11445372.0,11445391.0,6384.0,10870984.0,79995937.0,644048.0,80639985.0,17.0,17.0,4.0,4.0,5.0,5.0,3.0,3.0,2.0,2.0,2.0,2.0,2.0,2.0,2.0,2.0
128x768x768w50-56-41,11440489.0,11440489.0,11438892.0,4151.0,589.0,11435747.0,80319.0,168430.0,11185403.0,11353833.0,11438892.0,11265722.0,798.0,11440478.0,11440478.0,11438881.0,4150.0,583.0,11435743.0,80319.0,165606.0,11188223.0,11353829.0,11438881.0,11268542.0,798.0,11440479.0,11440479.0,11438882.0,4149.0,587.0,11435741.0,80236.0,1386560.0,9967350.0,11353910.0,11438882.0,10047586.0,798.0,11440477.0,11440477.0,11438880.0,4148.0,568.0,11435759.0,79637.0,1352279.0,10002248.0,11354527.0,11438880.0,10081885.0,798.0,11440476.0,11440476.0,11438879.0,4145.0,1795.0,11434534.0,80972.0,1961717.0,9390250.0,11351967.0,11438879.0,9471222.0,798.0,11440476.0,11440476.0,11438879.0,4144.0,1805.0,11434525.0,81557.0,1942789.0,9408584.0,11351373.0,11438879.0,9490141.0,798.0,11440476.0,11440476.0,11438879.0,4143.0,1807.0,11434524.0,80129.0,1947045.0,9405755.0,11352800.0,11438879.0,9485884.0,798.0,11440476.0,11440476.0,11438879.0,4142.0,1805.0,11434527.0,80571.0,1937083.0,9415278.0,11352361.0,11438879.0,9495849.0,798.0,11435759.0,11440474.0,11440474.0,11440493.0,6384.0,10861509.0,79963091.0,643740.0,80606831.0,15.0,15.0,4.0,4.0,5.0,5.0,3.0,3.0,2.0,2.0,2.0,2.0,2.0,2.0,2.0,2.0
128x768x768w63-32-53,11906267.0,11906267.0,11904106.0,4214.0,369.0,11901682.0,103066.0,211746.0,11584711.0,11796457.0,11904106.0,11687777.0,1080.0,11906249.0,11906249.0,11904088.0,4213.0,359.0,11901675.0,103189.0,234605.0,11561722.0,11796327.0,11904088.0,11664911.0,1080.0,11906250.0,11906250.0,11904809.0,4212.0,710635.0,11191401.0,72068.0,193222.0,10924672.0,11117894.0,11904809.0,10996740.0,720.0,11906248.0,11906248.0,11904807.0,4211.0,710597.0,11191438.0,72113.0,136278.0,10981608.0,11117886.0,11904807.0,11053721.0,720.0,11906247.0,11906247.0,11904806.0,4208.0,710618.0,11191419.0,72544.0,152881.0,10964555.0,11117436.0,11904806.0,11037099.0,720.0,11906247.0,11906247.0,11904806.0,4207.0,710550.0,11191488.0,71001.0,125983.0,10993065.0,11119048.0,11904806.0,11064066.0,720.0,11906247.0,11906247.0,11904806.0,4206.0,710568.0,11191471.0,71846.0,135272.0,10982914.0,11118186.0,11904806.0,11054760.0,720.0,11906247.0,11906247.0,11904806.0,4205.0,711467.0,11190573.0,72449.0,1396903.0,9719782.0,11116685.0,11904806.0,9792231.0,720.0,11901682.0,11906245.0,11906245.0,11906264.0,6480.0,2586890.0,87713029.0,638276.0,88351305.0,22.0,22.0,4.0,4.0,5.0,5.0,3.0,3.0,2.0,2.0,2.0,2.0,2.0,2.0,2.0,2.0
128x768x768w63-32-54,11922649.0,11922649.0,11920488.0,4240.0,374.0,11918033.0,103970.0,210130.0,11601774.0,11811904.0,11920488.0,11705744.0,1080.0,11922631.0,11922631.0,11920470.0,4239.0,364.0,11918026.0,103509.0,237798.0,11574560.0,11812358.0,11920470.0,11678069.0,1080.0,11922632.0,11922632.0,11921191.0,4238.0,710763.0,11207629.0,72020.0,201923.0,10932247.0,11134170.0,11921191.0,11004267.0,720.0,11922630.0,11922630.0,11921189.0,4237.0,710767.0,11207624.0,72363.0,134247.0,10999575.0,11133822.0,11921189.0,11071938.0,720.0,11922629.0,11922629.0,11921188.0,4234.0,710744.0,11207649.0,72231.0,154354.0,10979625.0,11133979.0,11921188.0,11051856.0,720.0,11922629.0,11922629.0,11921188.0,4233.0,710704.0,11207690.0,71245.0,126275.0,11008731.0,11135006.0,11921188.0,11079976.0,720.0,11922629.0,11922629.0,11921188.0,4232.0,710714.0,11207681.0,71804.0,130444.0,11003994.0,11134438.0,11921188.0,11075798.0,720.0,11922629.0,11922629.0,11921188.0,4231.0,711152.0,11207244.0,72540.0,1394074.0,9739191.0,11133265.0,11921188.0,9811731.0,720.0,11918033.0,11922627.0,11922627.0,11922646.0,6480.0,2589245.0,87839697.0,639682.0,88479379.0,22.0,22.0,4.0,4.0,5.0,5.0,3.0,3.0,2.0,2.0,2.0,2.0,2.0,2.0,2.0,2.0
128x768x768w64-40-39,10280722.0,10280722.0,10279121.0,4147.0,630.0,10275943.0,79450.0,217075.0,9977819.0,10194894.0,10279121.0,10057269.0,800.0,10280710.0,10280710.0,10279109.0,4146.0,621.0,10275941.0,78301.0,220666.0,9975375.0,10196041.0,10279109.0,10053676.0,800.0,10280710.0,10280710.0,10279109.0,4145.0,644.0,10275919.0,78044.0,228684.0,9967592.0,10196276.0,10279109.0,10045636.0,800.0,10280710.0,10280710.0,10279109.0,4144.0,647.0,10275917.0,78467.0,194818.0,10001033.0,10195851.0,10279109.0,10079500.0,800.0,10280708.0,10280708.0,10279107.0,4141.0,650.0,10275915.0,79948.0,193705.0,10000663.0,10194368.0,10279107.0,10080611.0,800.0,10280708.0,10280708.0,10279107.0,4140.0,629.0,10275937.0,79326.0,167337.0,10027675.0,10195012.0,10279107.0,10107001.0,800.0,10280708.0,10280708.0,10279107.0,4139.0,629.0,10275938.0,79420.0,175107.0,10019812.0,10194919.0,10279107.0,10099232.0,800.0,10280708.0,10280708.0,10279107.0,4138.0,600.0,10275968.0,79425.0,155552.0,10039392.0,10194944.0,10279107.0,10118817.0,800.0,10275968.0,10280706.0,10280706.0,10280725.0,6400.0,1552944.0,80009361.0,632381.0,80641742.0,16.0,16.0,4.0,4.0,4.0,4.0,4.0,4.0,2.0,2.0,2.0,2.0,2.0,2.0,2.0,2.0
128x768x768w64-40-40,10236289.0,10236289.0,10234688.0,4171.0,600.0,10231516.0,79768.0,182703.0,9967446.0,10150149.0,10234688.0,10047214.0,800.0,10236276.0,10236276.0,10234675.0,4170.0,597.0,10231507.0,79543.0,192210.0,9958155.0,10150365.0,10234675.0,10037698.0,800.0,10236277.0,10236277.0,10234676.0,4169.0,607.0,10231499.0,78704.0,194908.0,9956288.0,10151196.0,10234676.0,10034992.0,800.0,10236275.0,10236275.0,10234674.0,4168.0,621.0,10231484.0,79069.0,183571.0,9967245.0,10150816.0,10234674.0,10046314.0,800.0,10236274.0,10236274.0,10234673.0,4165.0,594.0,10231513.0,78529.0,181975.0,9969410.0,10151385.0,10234673.0,10047939.0,800.0,10236274.0,10236274.0,10234673.0,4164.0,614.0,10231494.0,80126.0,169467.0,9980302.0,10149769.0,10234673.0,10060428.0,800.0,10236274.0,10236274.0,10234673.0,4163.0,607.0,10231502.0,79271.0,167111.0,9983521.0,10150632.0,10234673.0,10062792.0,800.0,10236274.0,10236274.0,10234673.0,4162.0,606.0,10231504.0,79865.0,151683.0,9998357.0,10150040.0,10234673.0,10078222.0,800.0,10231516.0,10236272.0,10236272.0,10236291.0,6400.0,1423628.0,79780724.0,634875.0,80415599.0,17.0,17.0,4.0,4.0,5.0,5.0,3.0,3.0,2.0,2.0,2.0,2.0,2.0,2.0,2.0,2.0
128x768x768w64-48-31,10366784.0,10366784.0,10365183.0,4023.0,920.0,10361839.0,78814.0,195022.0,10086404.0,10281426.0,10365183.0,10165218.0,800.0,10366788.0,10366788.0,10365187.0,4022.0,948.0,10361816.0,79522.0,194762.0,10085933.0,10280695.0,10365187.0,10165455.0,800.0,10366787.0,10366787.0,10365186.0,4021.0,933.0,10361831.0,79103.0,207294.0,10073835.0,10281129.0,10365186.0,10152938.0,800.0,10366786.0,10366786.0,10365185.0,4020.0,939.0,10361825.0,79782.0,169419.0,10111025.0,10280444.0,10365185.0,10190807.0,800.0,10366783.0,10366783.0,10365182.0,4017.0,898.0,10361866.0,79592.0,170419.0,10110256.0,10280675.0,10365182.0,10189848.0,800.0,10366782.0,10366782.0,10365181.0,4016.0,884.0,10361880.0,79754.0,148519.0,10132008.0,10280527.0,10365181.0,10211762.0,800.0,10366781.0,10366781.0,10365180.0,4015.0,869.0,10361895.0,79945.0,150246.0,10130105.0,10280351.0,10365180.0,10210050.0,800.0,10366780.0,10366780.0,10365179.0,4014.0,847.0,10361917.0,78924.0,129896.0,10151498.0,10281394.0,10365179.0,10230422.0,800.0,10361917.0,10366777.0,10366777.0,10366796.0,6400.0,1365577.0,80881064.0,635436.0,81516500.0,7.0,7.0,11.0,11.0,10.0,10.0,9.0,9.0,6.0,6.0,5.0,5.0,4.0,4.0,3.0,3.0
128x768x768w65-40-39,10859262.0,10859262.0,10857661.0,4141.0,626.0,10854493.0,79666.0,188083.0,10585145.0,10773228.0,10857661.0,10664811.0,800.0,10859250.0,10859250.0,10857649.0,4140.0,614.0,10854494.0,79608.0,794279.0,9979008.0,10773287.0,10857649.0,10058616.0,800.0,10859250.0,10859250.0,10857649.0,4139.0,619.0,10854490.0,78666.0,798692.0,9975533.0,10774225.0,10857649.0,10054199.0,800.0,10859250.0,10859250.0,10857649.0,4141.0,610.0,10854497.0,80950.0,767825.0,10004123.0,10771948.0,10857649.0,10085073.0,800.0,10859248.0,10859248.0,10857647.0,4138.0,614.0,10854494.0,80527.0,769400.0,10002968.0,10772368.0,10857647.0,10083495.0,800.0,10859248.0,10859248.0,10857647.0,4138.0,602.0,10854506.0,80703.0,734965.0,10037239.0,10772204.0,10857647.0,10117942.0,800.0,10859248.0,10859248.0,10857647.0,4139.0,629.0,10854478.0,80537.0,740136.0,10032206.0,10772342.0,10857647.0,10112743.0,800.0,10859248.0,10859248.0,10857647.0,4138.0,856.0,10854252.0,80810.0,1344578.0,9427265.0,10771843.0,10857647.0,9508075.0,800.0,10854510.0,10859246.0,10859246.0,10859265.0,6400.0,6137958.0,80043487.0,641467.0,80684954.0,16.0,16.0,4.0,4.0,4.0,4.0,4.0,4.0,2.0,2.0,2.0,2.0,2.0,2.0,2.0,2.0
128x768x768w65-40-40,10831731.0,10831731.0,10830130.0,4207.0,613.0,10826909.0,80315.0,178761.0,10566234.0,10744995.0,10830130.0,10646549.0,800.0,10831719.0,10831719.0,10830118.0,4206.0,609.0,10826902.0,79983.0,791566.0,9953754.0,10745320.0,10830118.0,10033737.0,800.0,10831719.0,10831719.0,10830118.0,4205.0,600.0,10826912.0,79132.0,791091.0,9955090.0,10746181.0,10830118.0,10034222.0,800.0,10831719.0,10831719.0,10830118.0,4204.0,606.0,10826907.0,80604.0,774529.0,9970175.0,10744704.0,10830118.0,10050779.0,800.0,10831717.0,10831717.0,10830116.0,4201.0,599.0,10826915.0,79910.0,780525.0,9964881.0,10745406.0,10830116.0,10044791.0,800.0,10831717.0,10831717.0,10830116.0,4200.0,598.0,10826917.0,80188.0,756417.0,9988713.0,10745130.0,10830116.0,10068901.0,800.0,10831717.0,10831717.0,10830116.0,4199.0,620.0,10826896.0,79653.0,762009.0,9983635.0,10745644.0,10830116.0,10063288.0,800.0,10831717.0,10831717.0,10830116.0,4198.0,694.0,10826823.0,80864.0,1354667.0,9389693.0,10744360.0,10830116.0,9470557.0,800.0,10826917.0,10831715.0,10831715.0,10831734.0,6400.0,6189565.0,79772175.0,640649.0,80412824.0,16.0,16.0,4.0,4.0,4.0,4.0,4.0,4.0,2.0,2.0,2.0,2.0,2.0,2.0,2.0,2.0
128x768x768w65-48-31,10952467.0,10952467.0,10950866.0,4091.0,987.0,10947387.0,80128.0,172836.0,10692824.0,10865660.0,10950866.0,10772952.0,800.0,10952455.0,10952455.0,10950854.0,4090.0,1030.0,10947333.0,79557.0,784329.0,10081848.0,10866177.0,10950854.0,10161405.0,800.0,10952455.0,10952455.0,10950854.0,4089.0,996.0,10947368.0,79656.0,789381.0,10076732.0,10866113.0,10950854.0,10156388.0,800.0,10952455.0,10952455.0,10950854.0,4088.0,954.0,10947411.0,80254.0,752642.0,10112916.0,10865558.0,10950854.0,10193170.0,800.0,10952453.0,10952453.0,10950852.0,4085.0,949.0,10947417.0,79514.0,755229.0,10111075.0,10866304.0,10950852.0,10190589.0,800.0,10952453.0,10952453.0,10950852.0,4084.0,904.0,10947463.0,79916.0,729682.0,10136266.0,10865948.0,10950852.0,10216182.0,800.0,10952453.0,10952453.0,10950852.0,4083.0,906.0,10947462.0,79718.0,732026.0,10134119.0,10866145.0,10950852.0,10213837.0,800.0,10952453.0,10952453.0,10950852.0,4082.0,2172.0,10946197.0,79304.0,1344724.0,9520570.0,10865294.0,10950852.0,9599874.0,800.0,10947463.0,10952451.0,10952451.0,10952470.0,6400.0,6060849.0,80866350.0,638047.0,81504397.0,16.0,16.0,4.0,4.0,4.0,4.0,4.0,4.0,2.0,2.0,2.0,2.0,2.0,2.0,2.0,2.0
128x768x768w66-40-39,10873549.0,10873549.0,10871948.0,4166.0,615.0,10868766.0,78604.0,203029.0,10585534.0,10788563.0,10871948.0,10664138.0,800.0,10873537.0,10873537.0,10871936.0,4165.0,601.0,10868769.0,79618.0,195180.0,10592372.0,10787552.0,10871936.0,10671990.0,800.0,10873537.0,10873537.0,10871936.0,4164.0,635.0,10868736.0,78947.0,814089.0,9974101.0,10788190.0,10871936.0,10053048.0,800.0,10873537.0,10873537.0,10871936.0,4167.0,595.0,10868773.0,79455.0,778113.0,10009606.0,10787719.0,10871936.0,10089061.0,800.0,10873535.0,10873535.0,10871934.0,4164.0,632.0,10868737.0,80230.0,785485.0,10001423.0,10786908.0,10871934.0,10081653.0,800.0,10873535.0,10873535.0,10871934.0,4164.0,610.0,10868759.0,80285.0,740663.0,10046212.0,10786875.0,10871934.0,10126497.0,800.0,10873535.0,10873535.0,10871934.0,4163.0,838.0,10868532.0,80732.0,1376849.0,9409352.0,10786201.0,10871934.0,9490084.0,800.0,10873535.0,10873535.0,10871934.0,4163.0,837.0,10868533.0,80934.0,1356839.0,9429161.0,10786000.0,10871934.0,9510095.0,800.0,10868777.0,10873533.0,10873533.0,10873552.0,6400.0,6250247.0,80047761.0,638805.0,80686566.0,16.0,16.0,4.0,4.0,4.0,4.0,4.0,4.0,2.0,2.0,2.0,2.0,2.0,2.0,2.0,2.0
128x768x768w66-40-40,10831844.0,10831844.0,10830243.0,4222.0,618.0,10827002.0,80189.0,186088.0,10559126.0,10745214.0,10830243.0,10639315.0,800.0,10831832.0,10831832.0,10830231.0,4221.0,604.0,10827005.0,80243.0,190056.0,10555107.0,10745163.0,10830231.0,10635350.0,800.0,10831832.0,10831832.0,10830231.0,4220.0,596.0,10827014.0,79379.0,800720.0,9945316.0,10746036.0,10830231.0,10024695.0,800.0,10831832.0,10831832.0,10830231.0,4219.0,627.0,10826984.0,80775.0,782734.0,9961876.0,10744610.0,10830231.0,10042651.0,800.0,10831830.0,10831830.0,10830229.0,4216.0,621.0,10826991.0,79643.0,788780.0,9956969.0,10745749.0,10830229.0,10036612.0,800.0,10831830.0,10831830.0,10830229.0,4215.0,612.0,10827001.0,80013.0,760223.0,9985166.0,10745389.0,10830229.0,10065179.0,800.0,10831830.0,10831830.0,10830229.0,4214.0,688.0,10826926.0,80036.0,1382609.0,9362682.0,10745291.0,10830229.0,9442718.0,800.0,10831830.0,10831830.0,10830229.0,4213.0,677.0,10826938.0,80364.0,1361431.0,9383544.0,10744975.0,10830229.0,9463908.0,800.0,10827014.0,10831828.0,10831828.0,10831847.0,6400.0,6252641.0,79709786.0,640642.0,80350428.0,16.0,16.0,4.0,4.0,4.0,4.0,4.0,4.0,2.0,2.0,2.0,2.0,2.0,2.0,2.0,2.0
128x768x768w66-48-31,10951680.0,10951680.0,10950079.0,4131.0,961.0,10946586.0,80657.0,177851.0,10686479.0,10864330.0,10950079.0,10767136.0,800.0,10951668.0,10951668.0,10950067.0,4130.0,979.0,10946557.0,79706.0,182149.0,10683103.0,10865252.0,10950067.0,10762809.0,800.0,10951668.0,10951668.0,10950067.0,4129.0,985.0,10946552.0,79429.0,796593.0,10068931.0,10865524.0,10950067.0,10148360.0,800.0,10951668.0,10951668.0,10950067.0,4128.0,976.0,10946562.0,80271.0,759736.0,10104956.0,10864692.0,10950067.0,10185227.0,800.0,10951666.0,10951666.0,10950065.0,4125.0,964.0,10946575.0,79488.0,762021.0,10103467.0,10865488.0,10950065.0,10182955.0,800.0,10951666.0,10951666.0,10950065.0,4124.0,893.0,10946647.0,80332.0,731608.0,10133108.0,10864716.0,10950065.0,10213440.0,800.0,10951666.0,10951666.0,10950065.0,4123.0,2136.0,10945405.0,80059.0,1365469.0,9498278.0,10863747.0,10950065.0,9578337.0,800.0,10951666.0,10951666.0,10950065.0,4122.0,2129.0,10945413.0,79264.0,1347761.0,9516789.0,10864550.0,10950065.0,9596053.0,800.0,10946647.0,10951664.0,10951664.0,10951683.0,6400.0,6123188.0,80795111.0,639206.0,81434317.0,16.0,16.0,4.0,4.0,4.0,4.0,4.0,4.0,2.0,2.0,2.0,2.0,2.0,2.0,2.0,2.0
128x768x768w67-40-39,10848089.0,10848089.0,10846488.0,4181.0,624.0,10843282.0,79526.0,182196.0,10579961.0,10762157.0,10846488.0,10659487.0,800.0,10848082.0,10848082.0,10846481.0,4180.0,588.0,10843312.0,79800.0,174014.0,10587899.0,10761913.0,10846481.0,10667699.0,800.0,10848081.0,10848081.0,10846480.0,4179.0,611.0,10843289.0,78946.0,183213.0,10579531.0,10762744.0,10846480.0,10658477.0,800.0,10848080.0,10848080.0,10846479.0,4181.0,613.0,10843284.0,79599.0,758308.0,10003778.0,10762086.0,10846479.0,10083377.0,800.0,10848077.0,10848077.0,10846476.0,4178.0,615.0,10843282.0,80293.0,759112.0,10002278.0,10761390.0,10846476.0,10082571.0,800.0,10848076.0,10848076.0,10846475.0,4178.0,816.0,10843080.0,80256.0,1338899.0,9422326.0,10761225.0,10846475.0,9502582.0,800.0,10848075.0,10848075.0,10846474.0,4178.0,817.0,10843078.0,80552.0,1347101.0,9413826.0,10760927.0,10846474.0,9494378.0,800.0,10848074.0,10848074.0,10846473.0,4179.0,809.0,10843084.0,80698.0,1332009.0,9428778.0,10760787.0,10846473.0,9509476.0,800.0,10843312.0,10848071.0,10848071.0,10848090.0,6400.0,6074852.0,80018377.0,639670.0,80658047.0,18.0,18.0,11.0,11.0,10.0,10.0,9.0,9.0,6.0,6.0,5.0,5.0,4.0,4.0,3.0,3.0
128x768x768w67-40-40,10821843.0,10821843.0,10820242.0,4231.0,616.0,10816994.0,80341.0,174162.0,10560892.0,10735054.0,10820242.0,10641233.0,800.0,10821831.0,10821831.0,10820230.0,4230.0,605.0,10816994.0,80046.0,183274.0,10552075.0,10735349.0,10820230.0,10632121.0,800.0,10821831.0,10821831.0,10820230.0,4229.0,598.0,10817002.0,79267.0,183223.0,10552913.0,10736136.0,10820230.0,10632180.0,800.0,10821831.0,10821831.0,10820230.0,4228.0,604.0,10816997.0,80394.0,769828.0,9965176.0,10735004.0,10820230.0,10045570.0,800.0,10821829.0,10821829.0,10820228.0,4225.0,590.0,10817012.0,79993.0,777853.0,9957567.0,10735420.0,10820228.0,10037560.0,800.0,10821829.0,10821829.0,10820228.0,4224.0,655.0,10816948.0,80148.0,1367941.0,9367260.0,10735201.0,10820228.0,9447408.0,800.0,10821829.0,10821829.0,10820228.0,4223.0,685.0,10816919.0,79761.0,1368964.0,9366595.0,10735559.0,10820228.0,9446356.0,800.0,10821829.0,10821829.0,10820228.0,4222.0,676.0,10816929.0,81003.0,1354671.0,9379656.0,10734327.0,10820228.0,9460659.0,800.0,10817012.0,10821827.0,10821827.0,10821846.0,6400.0,6179916.0,79702134.0,640953.0,80343087.0,16.0,16.0,4.0,4.0,4.0,4.0,4.0,4.0,2.0,2.0,2.0,2.0,2.0,2.0,2.0,2.0
128x768x768w67-48-31,10939129.0,10939129.0,10937528.0,4146.0,945.0,10934036.0,80465.0,168220.0,10683752.0,10851972.0,10937528.0,10764217.0,800.0,10939117.0,10939117.0,10937516.0,4145.0,914.0,10934056.0,79236.0,164890.0,10688331.0,10853221.0,10937516.0,10767567.0,800.0,10939117.0,10939117.0,10937516.0,4144.0,900.0,10934071.0,79726.0,174067.0,10678679.0,10852746.0,10937516.0,10758405.0,800.0,10939117.0,10939117.0,10937516.0,4143.0,877.0,10934095.0,80256.0,743600.0,10108640.0,10852240.0,10937516.0,10188896.0,800.0,10939115.0,10939115.0,10937514.0,4140.0,882.0,10934091.0,79348.0,746569.0,10106575.0,10853144.0,10937514.0,10185923.0,800.0,10939115.0,10939115.0,10937514.0,4139.0,2093.0,10932881.0,80064.0,1337661.0,9513557.0,10851218.0,10937514.0,9593621.0,800.0,10939115.0,10939115.0,10937514.0,4138.0,2095.0,10932880.0,79780.0,1345465.0,9506036.0,10851501.0,10937514.0,9585816.0,800.0,10939115.0,10939115.0,10937514.0,4137.0,2110.0,10932866.0,79239.0,1334983.0,9517045.0,10852028.0,10937514.0,9596284.0,800.0,10934095.0,10939113.0,10939113.0,10939132.0,6400.0,6015455.0,80802615.0,638114.0,81440729.0,16.0,16.0,4.0,4.0,4.0,4.0,4.0,4.0,2.0,2.0,2.0,2.0,2.0,2.0,2.0,2.0
128x768x768w68-40-39,10841686.0,10841686.0,10840085.0,4178.0,602.0,10836904.0,79167.0,174371.0,10581767.0,10756138.0,10840085.0,10660934.0,800.0,10841670.0,10841670.0,10840069.0,4177.0,617.0,10836874.0,78124.0,174777.0,10582374.0,10757151.0,10840069.0,10660498.0,800.0,10841670.0,10841670.0,10840069.0,4176.0,620.0,10836872.0,79138.0,175982.0,10580153.0,10756135.0,10840069.0,10659291.0,800.0,10841670.0,10841670.0,10840069.0,4175.0,608.0,10836885.0,77089.0,143576.0,10614621.0,10758197.0,10840069.0,10691710.0,800.0,10841668.0,10841668.0,10840067.0,4172.0,834.0,10836660.0,78692.0,1371082.0,9385287.0,10756369.0,10840067.0,9463979.0,800.0,10841668.0,10841668.0,10840067.0,4171.0,820.0,10836675.0,78783.0,1339371.0,9416922.0,10756293.0,10840067.0,9495705.0,800.0,10841668.0,10841668.0,10840067.0,4170.0,823.0,10836673.0,79272.0,1353169.0,9402633.0,10755802.0,10840067.0,9481905.0,800.0,10841660.0,10841660.0,10840059.0,4169.0,819.0,10836670.0,78578.0,1331085.0,9425408.0,10756493.0,10840059.0,9503986.0,800.0,10836904.0,10841658.0,10841658.0,10841677.0,6400.0,6063413.0,79989165.0,628843.0,80618008.0,28.0,28.0,12.0,12.0,12.0,12.0,12.0,12.0,10.0,10.0,10.0,10.0,10.0,10.0,2.0,2.0
128x768x768w68-40-40,10821388.0,10821388.0,10819787.0,4262.0,599.0,10816525.0,78983.0,174154.0,10561789.0,10735943.0,10819787.0,10640772.0,800.0,10821374.0,10821374.0,10819773.0,4261.0,584.0,10816527.0,78776.0,181503.0,10554649.0,10736152.0,10819773.0,10633425.0,800.0,10821374.0,10821374.0,10819773.0,4260.0,585.0,10816527.0,78213.0,185358.0,10551357.0,10736715.0,10819773.0,10629570.0,800.0,10821374.0,10821374.0,10819773.0,4259.0,579.0,10816534.0,78453.0,165419.0,10571063.0,10736482.0,10819773.0,10649516.0,800.0,10821372.0,10821372.0,10819771.0,4256.0,670.0,10816444.0,79340.0,1388632.0,9346873.0,10735505.0,10819771.0,9426213.0,800.0,10821372.0,10821372.0,10819771.0,4255.0,667.0,10816448.0,78775.0,1371199.0,9364875.0,10736074.0,10819771.0,9443650.0,800.0,10821372.0,10821372.0,10819771.0,4254.0,645.0,10816471.0,78948.0,1376533.0,9359391.0,10735924.0,10819771.0,9438339.0,800.0,10821364.0,10821364.0,10819763.0,4253.0,670.0,10816439.0,78822.0,1354463.0,9381555.0,10736018.0,10819763.0,9460377.0,800.0,10816534.0,10821362.0,10821362.0,10821381.0,6400.0,6197261.0,79691552.0,630310.0,80321862.0,26.0,26.0,12.0,12.0,12.0,12.0,12.0,12.0,10.0,10.0,10.0,10.0,10.0,10.0,2.0,2.0
128x768x768w68-48-31,10941339.0,10941339.0,10939738.0,4144.0,850.0,10936343.0,78842.0,171856.0,10684046.0,10855902.0,10939738.0,10762888.0,800.0,10941330.0,10941330.0,10939729.0,4143.0,860.0,10936325.0,78049.0,174560.0,10682117.0,10856677.0,10939729.0,10760166.0,800.0,10941329.0,10941329.0,10939728.0,4142.0,862.0,10936323.0,78572.0,180297.0,10675855.0,10856152.0,10939728.0,10754427.0,800.0,10941328.0,10941328.0,10939727.0,4141.0,850.0,10936335.0,78032.0,140856.0,10715848.0,10856704.0,10939727.0,10793880.0,800.0,10941325.0,10941325.0,10939724.0,4138.0,2044.0,10935141.0,79381.0,1371443.0,9482718.0,10854161.0,10939724.0,9562099.0,800.0,10941324.0,10941324.0,10939723.0,4137.0,2050.0,10935135.0,79077.0,1353196.0,9501263.0,10854459.0,10939723.0,9580340.0,800.0,10941323.0,10941323.0,10939722.0,4136.0,2049.0,10935136.0,79040.0,1358018.0,9496479.0,10854497.0,10939722.0,9575519.0,800.0,10941322.0,10941322.0,10939721.0,4135.0,2065.0,10935120.0,77362.0,1342490.0,9513669.0,10856159.0,10939721.0,9591031.0,800.0,10936343.0,10941319.0,10941319.0,10941338.0,6400.0,6092716.0,80751995.0,628355.0,81380350.0,20.0,20.0,11.0,11.0,10.0,10.0,9.0,9.0,6.0,6.0,5.0,5.0,4.0,4.0,3.0,3.0
128x768x768w69-40-39,10850640.0,10850640.0,10849039.0,4216.0,618.0,10845804.0,79806.0,180028.0,10584371.0,10764399.0,10849039.0,10664177.0,800.0,10850628.0,10850628.0,10849027.0,4215.0,586.0,10845825.0,80092.0,176364.0,10587770.0,10764134.0,10849027.0,10667862.0,800.0,10850628.0,10850628.0,10849027.0,4214.0,612.0,10845800.0,79129.0,189219.0,10575853.0,10765072.0,10849027.0,10654982.0,800.0,10850628.0,10850628.0,10849027.0,4216.0,835.0,10845575.0,79993.0,760077.0,10003906.0,10763983.0,10849027.0,10083899.0,800.0,10850626.0,10850626.0,10849025.0,4213.0,834.0,10845577.0,80305.0,764031.0,9999642.0,10763673.0,10849025.0,10079947.0,800.0,10850626.0,10850626.0,10849025.0,4213.0,810.0,10845601.0,80517.0,1339625.0,9423860.0,10763485.0,10849025.0,9504377.0,800.0,10850626.0,10850626.0,10849025.0,4213.0,818.0,10845593.0,80472.0,1356253.0,9407269.0,10763522.0,10849025.0,9487741.0,800.0,10850626.0,10850626.0,10849025.0,4214.0,811.0,10845599.0,80550.0,1336721.0,9426729.0,10763450.0,10849025.0,9507279.0,800.0,10845825.0,10850624.0,10850624.0,10850643.0,6400.0,6102318.0,80009400.0,640864.0,80650264.0,16.0,16.0,4.0,4.0,4.0,4.0,4.0,4.0,2.0,2.0,2.0,2.0,2.0,2.0,2.0,2.0
128x768x768w69-40-40,10828242.0,10828242.0,10826641.0,4266.0,596.0,10823378.0,80045.0,176281.0,10565453.0,10741734.0,10826641.0,10645498.0,800.0,10828230.0,10828230.0,10826629.0,4265.0,592.0,10823371.0,79982.0,182694.0,10559096.0,10741790.0,10826629.0,10639078.0,800.0,10828230.0,10828230.0,10826629.0,4264.0,583.0,10823381.0,80200.0,180750.0,10560832.0,10741582.0,10826629.0,10641032.0,800.0,10828230.0,10828230.0,10826629.0,4263.0,662.0,10823303.0,80366.0,772930.0,9968408.0,10741338.0,10826629.0,10048774.0,800.0,10828228.0,10828228.0,10826627.0,4260.0,655.0,10823311.0,80381.0,773837.0,9967494.0,10741331.0,10826627.0,10047875.0,800.0,10828228.0,10828228.0,10826627.0,4259.0,654.0,10823313.0,79961.0,1368772.0,9372981.0,10741753.0,10826627.0,9452942.0,800.0,10828228.0,10828228.0,10826627.0,4258.0,676.0,10823292.0,80789.0,1370668.0,9370236.0,10740904.0,10826627.0,9451025.0,800.0,10828228.0,10828228.0,10826627.0,4257.0,677.0,10823292.0,81414.0,1357096.0,9383183.0,10740279.0,10826627.0,9464597.0,800.0,10823381.0,10828226.0,10828226.0,10828245.0,6400.0,6183028.0,79747683.0,643138.0,80390821.0,16.0,16.0,4.0,4.0,4.0,4.0,4.0,4.0,2.0,2.0,2.0,2.0,2.0,2.0,2.0,2.0
128x768x768w69-48-31,10938340.0,10938340.0,10936739.0,4173.0,877.0,10933288.0,79971.0,164634.0,10687084.0,10851718.0,10936739.0,10767055.0,800.0,10938328.0,10938328.0,10936727.0,4172.0,864.0,10933290.0,79081.0,169394.0,10683216.0,10852610.0,10936727.0,10762297.0,800.0,10938328.0,10938328.0,10936727.0,4171.0,872.0,10933283.0,79826.0,178379.0,10673479.0,10851858.0,10936727.0,10753305.0,800.0,10938328.0,10938328.0,10936727.0,4170.0,2074.0,10932082.0,80828.0,744837.0,10104818.0,10849655.0,10936727.0,10185646.0,800.0,10938326.0,10938326.0,10936725.0,4167.0,2071.0,10932086.0,79521.0,749037.0,10101929.0,10850966.0,10936725.0,10181450.0,800.0,10938326.0,10938326.0,10936725.0,4166.0,2067.0,10932091.0,79920.0,1343890.0,9506682.0,10850572.0,10936725.0,9586602.0,800.0,10938326.0,10938326.0,10936725.0,4165.0,2053.0,10932106.0,80041.0,1349051.0,9501415.0,10850466.0,10936725.0,9581456.0,800.0,10938326.0,10938326.0,10936725.0,4164.0,2036.0,10932124.0,79152.0,1335675.0,9515698.0,10851373.0,10936725.0,9594850.0,800.0,10933290.0,10938324.0,10938324.0,10938343.0,6400.0,6034897.0,80774321.0,638340.0,81412661.0,16.0,16.0,4.0,4.0,4.0,4.0,4.0,4.0,2.0,2.0,2.0,2.0,2.0,2.0,2.0,2.0
128x768x768w70-40-39,10874756.0,10874756.0,10873155.0,4231.0,624.0,10869899.0,78787.0,204946.0,10584567.0,10789513.0,10873155.0,10663354.0,800.0,10874744.0,10874744.0,10873143.0,4230.0,581.0,10869931.0,79690.0,199178.0,10589464.0,10788642.0,10873143.0,10669154.0,800.0,10874744.0,10874744.0,10873143.0,4229.0,843.0,10869670.0,78993.0,813147.0,9975931.0,10789078.0,10873143.0,10054924.0,800.0,10874744.0,10874744.0,10873143.0,4231.0,837.0,10869674.0,79312.0,776517.0,10012246.0,10788763.0,10873143.0,10091558.0,800.0,10874742.0,10874742.0,10873141.0,4228.0,835.0,10869677.0,80086.0,775619.0,10012373.0,10787992.0,10873141.0,10092459.0,800.0,10874742.0,10874742.0,10873141.0,4229.0,818.0,10869693.0,80336.0,737452.0,10050306.0,10787758.0,10873141.0,10130642.0,800.0,10874742.0,10874742.0,10873141.0,4228.0,820.0,10869692.0,80515.0,1362912.0,9424666.0,10787578.0,10873141.0,9505181.0,800.0,10874742.0,10874742.0,10873141.0,4228.0,804.0,10869708.0,80747.0,1353005.0,9434357.0,10787362.0,10873141.0,9515104.0,800.0,10869931.0,10874740.0,10874740.0,10874759.0,6400.0,6222776.0,80083910.0,638466.0,80722376.0,16.0,16.0,4.0,4.0,4.0,4.0,4.0,4.0,2.0,2.0,2.0,2.0,2.0,2.0,2.0,2.0
128x768x768w70-48-31,10955768.0,10955768.0,10954167.0,4184.0,872.0,10950710.0,79954.0,176422.0,10692735.0,10869157.0,10954167.0,10772689.0,800.0,10955756.0,10955756.0,10954155.0,4183.0,854.0,10950717.0,79719.0,183720.0,10685679.0,10869399.0,10954155.0,10765398.0,800.0,10955756.0,10955756.0,10954155.0,4182.0,2050.0,10949522.0,79900.0,797199.0,10070824.0,10868023.0,10954155.0,10150724.0,800.0,10955756.0,10955756.0,10954155.0,4181.0,2027.0,10949546.0,80982.0,760685.0,10106280.0,10866965.0,10954155.0,10187262.0,800.0,10955754.0,10955754.0,10954153.0,4178.0,2031.0,10949543.0,80540.0,757672.0,10109732.0,10867404.0,10954153.0,10190272.0,800.0,10955754.0,10955754.0,10954153.0,4177.0,2024.0,10949551.0,80530.0,731855.0,10135567.0,10867422.0,10954153.0,10216097.0,800.0,10955754.0,10955754.0,10954153.0,4176.0,2009.0,10949567.0,79932.0,1358370.0,9509666.0,10868036.0,10954153.0,9589598.0,800.0,10955754.0,10955754.0,10954153.0,4175.0,2008.0,10949569.0,78903.0,1351259.0,9517808.0,10869067.0,10954153.0,9596711.0,800.0,10950717.0,10955752.0,10955752.0,10955771.0,6400.0,6117182.0,80828291.0,640460.0,81468751.0,16.0,16.0,4.0,4.0,4.0,4.0,4.0,4.0,2.0,2.0,2.0,2.0,2.0,2.0,2.0,2.0
128x768x768w71-48-31,10951712.0,10951712.0,10950111.0,4213.0,862.0,10946635.0,80341.0,172139.0,10692556.0,10864695.0,10950111.0,10772897.0,800.0,10951700.0,10951700.0,10950099.0,4212.0,2074.0,10945412.0,79539.0,781770.0,10082504.0,10864274.0,10950099.0,10162043.0,800.0,10951700.0,10951700.0,10950099.0,4211.0,2076.0,10945411.0,80355.0,793885.0,10069572.0,10863457.0,10950099.0,10149927.0,800.0,10951700.0,10951700.0,10950099.0,4210.0,2088.0,10945400.0,80462.0,752079.0,10111260.0,10863339.0,10950099.0,10191722.0,800.0,10951698.0,10951698.0,10950097.0,4207.0,2075.0,10945414.0,79518.0,753612.0,10110685.0,10864297.0,10950097.0,10190203.0,800.0,10951698.0,10951698.0,10950097.0,4206.0,2067.0,10945423.0,79796.0,731729.0,10132299.0,10864028.0,10950097.0,10212095.0,800.0,10951698.0,10951698.0,10950097.0,4205.0,2070.0,10945421.0,79562.0,730304.0,10133956.0,10864260.0,10950097.0,10213518.0,800.0,10951698.0,10951698.0,10950097.0,4204.0,2067.0,10945425.0,79491.0,1345278.0,9519057.0,10864335.0,10950097.0,9598548.0,800.0,10946635.0,10951696.0,10951696.0,10951715.0,6400.0,6060796.0,80851889.0,639064.0,81490953.0,16.0,16.0,4.0,4.0,4.0,4.0,4.0,4.0,2.0,2.0,2.0,2.0,2.0,2.0,2.0,2.0
