FakeNN JSON Name,Global Sim E2E_cc_0,Core Complex E2E_cc_0,Sum Region Cycles_cc_0,Before Computation_cc_0,After Computation_cc_0,core0,Overlap Stall Time_cc_0,Raw Compute Time_cc_0,Sum Raw Compute + Overlap Stall_cc_0,Sum Compute+Stall+Pro+Epi_cc_0,cc_tiles_cc_0,Global Sim E2E_cc_1,Core Complex E2E_cc_1,Sum Region Cycles_cc_1,Before Computation_cc_1,After Computation_cc_1,core1,Overlap Stall Time_cc_1,Raw Compute Time_cc_1,Sum Raw Compute + Overlap Stall_cc_1,Sum Compute+Stall+Pro+Epi_cc_1,cc_tiles_cc_1,Global Sim E2E_cc_2,Core Complex E2E_cc_2,Sum Region Cycles_cc_2,Before Computation_cc_2,After Computation_cc_2,core2,Overlap Stall Time_cc_2,Raw Compute Time_cc_2,Sum Raw Compute + Overlap Stall_cc_2,Sum Compute+Stall+Pro+Epi_cc_2,cc_tiles_cc_2,Global Sim E2E_cc_3,Core Complex E2E_cc_3,Sum Region Cycles_cc_3,Before Computation_cc_3,After Computation_cc_3,core3,Overlap Stall Time_cc_3,Raw Compute Time_cc_3,Sum Raw Compute + Overlap Stall_cc_3,Sum Compute+Stall+Pro+Epi_cc_3,cc_tiles_cc_3,Global Sim E2E_cc_4,Core Complex E2E_cc_4,Sum Region Cycles_cc_4,Before Computation_cc_4,After Computation_cc_4,core4,Overlap Stall Time_cc_4,Raw Compute Time_cc_4,Sum Raw Compute + Overlap Stall_cc_4,Sum Compute+Stall+Pro+Epi_cc_4,cc_tiles_cc_4,Global Sim E2E_cc_5,Core Complex E2E_cc_5,Sum Region Cycles_cc_5,Before Computation_cc_5,After Computation_cc_5,core5,Overlap Stall Time_cc_5,Raw Compute Time_cc_5,Sum Raw Compute + Overlap Stall_cc_5,Sum Compute+Stall+Pro+Epi_cc_5,cc_tiles_cc_5,Global Sim E2E_cc_6,Core Complex E2E_cc_6,Sum Region Cycles_cc_6,Before Computation_cc_6,After Computation_cc_6,core6,Overlap Stall Time_cc_6,Raw Compute Time_cc_6,Sum Raw Compute + Overlap Stall_cc_6,Sum Compute+Stall+Pro+Epi_cc_6,cc_tiles_cc_6,Global Sim E2E_cc_7,Core Complex E2E_cc_7,Sum Region Cycles_cc_7,Before Computation_cc_7,After Computation_cc_7,core7,Overlap Stall Time_cc_7,Raw Compute Time_cc_7,Sum Raw Compute + Overlap Stall_cc_7,Sum Compute+Stall+Pro+Epi_cc_7,cc_tiles_cc_7,Kernel Time,dma,Global Sim E2E_dma,Total CC Tiles,Overlap Stall Time Total,Raw Compute Time Total,Diff from dma E2E_cc_0,Sum Regions - Core Complex E2E_cc_0,Diff from dma E2E_cc_1,Sum Regions - Core Complex E2E_cc_1,Diff from dma E2E_cc_2,Sum Regions - Core Complex E2E_cc_2,Diff from dma E2E_cc_3,Sum Regions - Core Complex E2E_cc_3,Diff from dma E2E_cc_4,Sum Regions - Core Complex E2E_cc_4,Diff from dma E2E_cc_5,Sum Regions - Core Complex E2E_cc_5,Diff from dma E2E_cc_6,Sum Regions - Core Complex E2E_cc_6,Diff from dma E2E_cc_7,Sum Regions - Core Complex E2E_cc_7,SSR Config Time_cc_0,Sum Compute + SSR Configs_cc_0,SSR Config Time_cc_1,Sum Compute + SSR Configs_cc_1,SSR Config Time_cc_2,Sum Compute + SSR Configs_cc_2,SSR Config Time_cc_3,Sum Compute + SSR Configs_cc_3,SSR Config Time_cc_4,Sum Compute + SSR Configs_cc_4,SSR Config Time_cc_5,Sum Compute + SSR Configs_cc_5,SSR Config Time_cc_6,Sum Compute + SSR Configs_cc_6,SSR Config Time_cc_7,Sum Compute + SSR Configs_cc_7,dma cycle_q,SSR Config Time Total,Sum Compute + SSR Configs Total
384x384x384w23-32-32,9208821.0,9208821.0,9206373.0,3578.0,438.0,9204804.0,672926.0,8529431.0,9202357.0,9206373.0,2448.0,9208813.0,9208813.0,9206365.0,3578.0,422.0,9204812.0,679797.0,8522568.0,9202365.0,9206365.0,2448.0,9208812.0,9208812.0,9206364.0,3570.0,447.0,9204794.0,670328.0,8532019.0,9202347.0,9206364.0,2448.0,9208811.0,9208811.0,9206363.0,3570.0,434.0,9204806.0,627810.0,8574549.0,9202359.0,9206363.0,2448.0,9208808.0,9208808.0,9206360.0,3568.0,411.0,9204828.0,646403.0,8555978.0,9202381.0,9206360.0,2448.0,9208807.0,9208807.0,9206359.0,3568.0,415.0,9204823.0,605946.0,8596430.0,9202376.0,9206359.0,2448.0,9208806.0,9208806.0,9206358.0,3568.0,425.0,9204812.0,599690.0,8602675.0,9202365.0,9206358.0,2448.0,9208805.0,9208805.0,9206357.0,3568.0,418.0,9204818.0,3220392.0,5981979.0,9202371.0,9206357.0,2448.0,9204830.0,9208802.0,9208802.0,19584.0,7723292.0,65895629.0,19.0,19.0,11.0,11.0,10.0,10.0,9.0,9.0,6.0,6.0,5.0,5.0,4.0,4.0,3.0,3.0,,,,,,,,,,,,,,,,,,,
384x384x384w24-32-30,8968741.0,8968741.0,8966245.0,3634.0,552.0,8964554.0,709303.0,8252756.0,8962059.0,8966245.0,2496.0,8968733.0,8968733.0,8966237.0,3634.0,546.0,8964552.0,719690.0,8242367.0,8962057.0,8966237.0,2496.0,8968732.0,8968732.0,8966236.0,3626.0,541.0,8964564.0,721671.0,8240398.0,8962069.0,8966236.0,2496.0,8968731.0,8968731.0,8966235.0,3626.0,509.0,8964595.0,679201.0,8282899.0,8962100.0,8966235.0,2496.0,8968728.0,8968728.0,8966232.0,3624.0,553.0,8964550.0,690955.0,8271100.0,8962055.0,8966232.0,2496.0,8968727.0,8968727.0,8966231.0,3624.0,496.0,8964606.0,661410.0,8300701.0,8962111.0,8966231.0,2496.0,8968726.0,8968726.0,8966230.0,3624.0,498.0,8964603.0,680252.0,8281856.0,8962108.0,8966230.0,2496.0,8968725.0,8968725.0,8966229.0,3624.0,556.0,8964544.0,680842.0,8281207.0,8962049.0,8966229.0,2496.0,8964609.0,8968722.0,8968722.0,19968.0,5543324.0,66153284.0,19.0,19.0,11.0,11.0,10.0,10.0,9.0,9.0,6.0,6.0,5.0,5.0,4.0,4.0,3.0,3.0,,,,,,,,,,,,,,,,,,,
384x384x384w24-32-31,8949347.0,8949347.0,8946851.0,3636.0,561.0,8945149.0,720147.0,8222507.0,8942654.0,8946851.0,2496.0,8949339.0,8949339.0,8946843.0,3636.0,535.0,8945167.0,723832.0,8218840.0,8942672.0,8946843.0,2496.0,8949338.0,8949338.0,8946842.0,3628.0,519.0,8945190.0,721427.0,8221268.0,8942695.0,8946842.0,2496.0,8949337.0,8949337.0,8946841.0,3628.0,557.0,8945151.0,670918.0,8271738.0,8942656.0,8946841.0,2496.0,8949334.0,8949334.0,8946838.0,3626.0,507.0,8945200.0,692925.0,8249780.0,8942705.0,8946838.0,2496.0,8949333.0,8949333.0,8946837.0,3626.0,497.0,8945209.0,657753.0,8284961.0,8942714.0,8946837.0,2496.0,8949332.0,8949332.0,8946836.0,3626.0,506.0,8945199.0,680893.0,8261811.0,8942704.0,8946836.0,2496.0,8949331.0,8949331.0,8946835.0,3626.0,500.0,8945204.0,691664.0,8251045.0,8942709.0,8946835.0,2496.0,8945212.0,8949328.0,8949328.0,19968.0,5559559.0,65981950.0,19.0,19.0,11.0,11.0,10.0,10.0,9.0,9.0,6.0,6.0,5.0,5.0,4.0,4.0,3.0,3.0,,,,,,,,,,,,,,,,,,,
384x384x384w25-32-31,11081949.0,11081949.0,11079453.0,3745.0,429.0,11077774.0,689255.0,10386024.0,11075279.0,11079453.0,2496.0,11081942.0,11081942.0,11079446.0,3745.0,841.0,11077355.0,3123622.0,7951238.0,11074860.0,11079446.0,2496.0,11081941.0,11081941.0,11079445.0,3745.0,840.0,11077355.0,3120947.0,7953913.0,11074860.0,11079445.0,2496.0,11081940.0,11081940.0,11079444.0,3745.0,866.0,11077328.0,3089090.0,7985743.0,11074833.0,11079444.0,2496.0,11081937.0,11081937.0,11079441.0,3743.0,830.0,11077363.0,3097393.0,7977475.0,11074868.0,11079441.0,2496.0,11081936.0,11081936.0,11079440.0,3743.0,819.0,11077373.0,3061584.0,8013294.0,11074878.0,11079440.0,2496.0,11081935.0,11081935.0,11079439.0,3743.0,812.0,11077379.0,3075883.0,7999001.0,11074884.0,11079439.0,2496.0,11081934.0,11081934.0,11079438.0,3735.0,821.0,11077377.0,3080987.0,7993895.0,11074882.0,11079438.0,2496.0,11077775.0,11081931.0,11081931.0,19968.0,22338761.0,66260583.0,18.0,18.0,11.0,11.0,10.0,10.0,9.0,9.0,6.0,6.0,5.0,5.0,4.0,4.0,3.0,3.0,,,,,,,,,,,,,,,,,,,
384x384x384w25-32-32,10997885.0,10997885.0,10995581.0,3596.0,364.0,10993924.0,572668.0,10418953.0,10991621.0,10995581.0,2304.0,10997888.0,10997888.0,10995584.0,3596.0,1431.0,10992860.0,3013281.0,7977276.0,10990557.0,10995584.0,2304.0,10997887.0,10997887.0,10995583.0,3588.0,1422.0,10992876.0,3008406.0,7982167.0,10990573.0,10995583.0,2304.0,10997886.0,10997886.0,10995582.0,3588.0,1421.0,10992876.0,2968910.0,8021663.0,10990573.0,10995582.0,2304.0,10997883.0,10997883.0,10995579.0,3586.0,1420.0,10992876.0,2977160.0,8013413.0,10990573.0,10995579.0,2304.0,10997882.0,10997882.0,10995578.0,3586.0,1417.0,10992878.0,2932002.0,8058573.0,10990575.0,10995578.0,2304.0,10997881.0,10997881.0,10995577.0,3586.0,1443.0,10992851.0,2959409.0,8031139.0,10990548.0,10995577.0,2304.0,10997880.0,10997880.0,10995576.0,3586.0,1442.0,10992851.0,2956350.0,8034198.0,10990548.0,10995576.0,2304.0,10993930.0,10997877.0,10997877.0,18432.0,21388186.0,66537382.0,8.0,8.0,11.0,11.0,10.0,10.0,9.0,9.0,6.0,6.0,5.0,5.0,4.0,4.0,3.0,3.0,,,,,,,,,,,,,,,,,,,
384x384x384w26-24-39,9915679.0,9915679.0,9913279.0,3736.0,466.0,9911476.0,699761.0,9209316.0,9909077.0,9913279.0,2400.0,9915667.0,9915667.0,9913267.0,3728.0,444.0,9911494.0,694907.0,9214188.0,9909095.0,9913267.0,2400.0,9915667.0,9915667.0,9913267.0,3728.0,453.0,9911485.0,2832294.0,7076792.0,9909086.0,9913267.0,2400.0,9915667.0,9915667.0,9913267.0,3728.0,441.0,9911497.0,2804783.0,7104315.0,9909098.0,9913267.0,2400.0,9915665.0,9915665.0,9913265.0,3726.0,1265.0,9910673.0,2966754.0,6941520.0,9908274.0,9913265.0,2400.0,9915665.0,9915665.0,9913265.0,3726.0,1284.0,9910654.0,2932607.0,6975648.0,9908255.0,9913265.0,2400.0,9915665.0,9915665.0,9913265.0,3726.0,1262.0,9910676.0,2937179.0,6971098.0,9908277.0,9913265.0,2400.0,9915657.0,9915657.0,9913257.0,3726.0,1265.0,9910665.0,2943290.0,6964976.0,9908266.0,9913257.0,2400.0,9911499.0,9915655.0,9915655.0,19200.0,18811575.0,60457853.0,24.0,24.0,12.0,12.0,12.0,12.0,12.0,12.0,10.0,10.0,10.0,10.0,10.0,10.0,2.0,2.0,,,,,,,,,,,,,,,,,,,
384x384x384w26-32-30,10538269.0,10538269.0,10535929.0,3733.0,497.0,10534038.0,646809.0,9884890.0,10531699.0,10535929.0,2340.0,10538251.0,10538251.0,10535911.0,3725.0,478.0,10534047.0,667572.0,9864136.0,10531708.0,10535911.0,2340.0,10538252.0,10538252.0,10535912.0,3725.0,498.0,10534028.0,2810167.0,7721522.0,10531689.0,10535912.0,2340.0,10538250.0,10538250.0,10535910.0,3725.0,500.0,10534024.0,2769915.0,7761770.0,10531685.0,10535910.0,2340.0,10538249.0,10538249.0,10535909.0,3723.0,1316.0,10533209.0,2929429.0,7601441.0,10530870.0,10535909.0,2340.0,10538249.0,10538249.0,10535909.0,3723.0,1322.0,10533203.0,2904133.0,7626731.0,10530864.0,10535909.0,2340.0,10538249.0,10538249.0,10535909.0,3723.0,1304.0,10533221.0,2913130.0,7617752.0,10530882.0,10535909.0,2340.0,10538249.0,10538249.0,10535909.0,3723.0,1298.0,10533227.0,2910233.0,7620655.0,10530888.0,10535909.0,2340.0,10534047.0,10538247.0,10538247.0,18720.0,18551388.0,65698897.0,22.0,22.0,4.0,4.0,5.0,5.0,3.0,3.0,2.0,2.0,2.0,2.0,2.0,2.0,2.0,2.0,,,,,,,,,,,,,,,,,,,
384x384x384w26-32-31,10555089.0,10555089.0,10552749.0,3741.0,498.0,10550849.0,652919.0,9895591.0,10548510.0,10552749.0,2340.0,10555075.0,10555075.0,10552735.0,3733.0,502.0,10550839.0,652090.0,9896410.0,10548500.0,10552735.0,2340.0,10555076.0,10555076.0,10552736.0,3733.0,480.0,10550862.0,2793573.0,7754950.0,10548523.0,10552736.0,2340.0,10555074.0,10555074.0,10552734.0,3733.0,523.0,10550817.0,2749366.0,7799112.0,10548478.0,10552734.0,2340.0,10555073.0,10555073.0,10552733.0,3731.0,927.0,10550414.0,2920852.0,7627223.0,10548075.0,10552733.0,2340.0,10555073.0,10555073.0,10552733.0,3731.0,909.0,10550432.0,2883300.0,7664793.0,10548093.0,10552733.0,2340.0,10555073.0,10555073.0,10552733.0,3731.0,919.0,10550422.0,2895350.0,7652733.0,10548083.0,10552733.0,2340.0,10555073.0,10555073.0,10552733.0,3731.0,910.0,10550431.0,2885983.0,7662109.0,10548092.0,10552733.0,2340.0,10550863.0,10555071.0,10555071.0,18720.0,18433433.0,65952921.0,18.0,18.0,4.0,4.0,5.0,5.0,3.0,3.0,2.0,2.0,2.0,2.0,2.0,2.0,2.0,2.0,,,,,,,,,,,,,,,,,,,
384x384x384w26-32-32,10512432.0,10512432.0,10510272.0,3648.0,496.0,10508287.0,553074.0,9953054.0,10506128.0,10510272.0,2160.0,10512424.0,10512424.0,10510264.0,3648.0,491.0,10508284.0,583956.0,9922169.0,10506125.0,10510264.0,2160.0,10512423.0,10512423.0,10510263.0,3640.0,484.0,10508298.0,2713191.0,7792948.0,10506139.0,10510263.0,2160.0,10512422.0,10512422.0,10510262.0,3640.0,448.0,10508333.0,2664246.0,7841928.0,10506174.0,10510262.0,2160.0,10512419.0,10512419.0,10510259.0,3638.0,1528.0,10507252.0,2833984.0,7671109.0,10505093.0,10510259.0,2160.0,10512418.0,10512418.0,10510258.0,3638.0,1532.0,10507247.0,2813952.0,7691136.0,10505088.0,10510258.0,2160.0,10512417.0,10512417.0,10510257.0,3638.0,1544.0,10507234.0,2818771.0,7686304.0,10505075.0,10510257.0,2160.0,10512416.0,10512416.0,10510256.0,3638.0,1555.0,10507222.0,2821783.0,7683280.0,10505063.0,10510256.0,2160.0,10508334.0,10512413.0,10512413.0,17280.0,17802957.0,66241928.0,19.0,19.0,11.0,11.0,10.0,10.0,9.0,9.0,6.0,6.0,5.0,5.0,4.0,4.0,3.0,3.0,,,,,,,,,,,,,,,,,,,
384x384x384w27-32-28,10392063.0,10392063.0,10389543.0,3736.0,442.0,10387884.0,747498.0,9637867.0,10385365.0,10389543.0,2520.0,10392047.0,10392047.0,10389527.0,3736.0,425.0,10387885.0,753650.0,9631716.0,10385366.0,10389527.0,2520.0,10392047.0,10392047.0,10389527.0,3736.0,437.0,10387873.0,756570.0,9628784.0,10385354.0,10389527.0,2520.0,10392047.0,10392047.0,10389527.0,3736.0,439.0,10387871.0,2876033.0,7509319.0,10385352.0,10389527.0,2520.0,10392045.0,10392045.0,10389525.0,3734.0,434.0,10387876.0,2879125.0,7506232.0,10385357.0,10389525.0,2520.0,10392045.0,10392045.0,10389525.0,3734.0,430.0,10387880.0,2859467.0,7525894.0,10385361.0,10389525.0,2520.0,10392038.0,10392038.0,10389686.0,3734.0,212950.0,10175353.0,2819158.0,7353844.0,10173002.0,10389686.0,2352.0,10392044.0,10392044.0,10389692.0,3734.0,212954.0,10175355.0,2814971.0,7358033.0,10173004.0,10389692.0,2352.0,10387886.0,10392035.0,10392035.0,19824.0,16506472.0,66151689.0,28.0,28.0,12.0,12.0,12.0,12.0,12.0,12.0,10.0,10.0,10.0,10.0,3.0,3.0,9.0,9.0,,,,,,,,,,,,,,,,,,,
384x384x384w27-32-29,10395549.0,10395549.0,10393029.0,3760.0,439.0,10391349.0,746308.0,9642522.0,10388830.0,10393029.0,2520.0,10395533.0,10395533.0,10393013.0,3760.0,445.0,10391327.0,758541.0,9630267.0,10388808.0,10393013.0,2520.0,10395533.0,10395533.0,10393013.0,3760.0,442.0,10391330.0,764500.0,9624311.0,10388811.0,10393013.0,2520.0,10395533.0,10395533.0,10393013.0,3760.0,473.0,10391299.0,2880499.0,7508281.0,10388780.0,10393013.0,2520.0,10395531.0,10395531.0,10393011.0,3758.0,437.0,10391335.0,2879400.0,7509416.0,10388816.0,10393011.0,2520.0,10395531.0,10395531.0,10393011.0,3758.0,431.0,10391341.0,2851568.0,7537254.0,10388822.0,10393011.0,2520.0,10395524.0,10395524.0,10393172.0,3758.0,214499.0,10177266.0,2819400.0,7355515.0,10174915.0,10393172.0,2352.0,10395530.0,10395530.0,10393178.0,3750.0,214497.0,10177282.0,2810186.0,7364745.0,10174931.0,10393178.0,2352.0,10391350.0,10395521.0,10395521.0,19824.0,16510402.0,66172311.0,28.0,28.0,12.0,12.0,12.0,12.0,12.0,12.0,10.0,10.0,10.0,10.0,3.0,3.0,9.0,9.0,,,,,,,,,,,,,,,,,,,
384x384x384w27-32-30,10255623.0,10255623.0,10253283.0,3743.0,436.0,10251443.0,672195.0,9576909.0,10249104.0,10253283.0,2340.0,10255613.0,10255613.0,10253273.0,3743.0,424.0,10251445.0,688352.0,9560754.0,10249106.0,10253273.0,2340.0,10255612.0,10255612.0,10253272.0,3743.0,437.0,10251431.0,690985.0,9558107.0,10249092.0,10253272.0,2340.0,10255611.0,10255611.0,10253271.0,3743.0,434.0,10251433.0,2788716.0,7460378.0,10249094.0,10253271.0,2340.0,10255608.0,10255608.0,10253268.0,3741.0,422.0,10251444.0,2806219.0,7442886.0,10249105.0,10253268.0,2340.0,10255607.0,10255607.0,10253267.0,3741.0,415.0,10251450.0,2768075.0,7481036.0,10249111.0,10253267.0,2340.0,10255606.0,10255606.0,10253422.0,3741.0,209452.0,10042412.0,2735868.0,7304361.0,10040229.0,10253422.0,2184.0,10255605.0,10255605.0,10253421.0,3741.0,209484.0,10042379.0,2737655.0,7302541.0,10040196.0,10253421.0,2184.0,10251455.0,10255602.0,10255602.0,18408.0,15888065.0,65686972.0,21.0,21.0,11.0,11.0,10.0,10.0,9.0,9.0,6.0,6.0,5.0,5.0,4.0,4.0,3.0,3.0,,,,,,,,,,,,,,,,,,,
384x384x384w27-32-31,10250161.0,10250161.0,10247821.0,3745.0,446.0,10245969.0,673714.0,9569916.0,10243630.0,10247821.0,2340.0,10250151.0,10250151.0,10247811.0,3745.0,447.0,10245958.0,692684.0,9550935.0,10243619.0,10247811.0,2340.0,10250150.0,10250150.0,10247810.0,3745.0,435.0,10245969.0,691723.0,9551907.0,10243630.0,10247810.0,2340.0,10250149.0,10250149.0,10247809.0,3745.0,418.0,10245985.0,2785117.0,7458529.0,10243646.0,10247809.0,2340.0,10250146.0,10250146.0,10247806.0,3743.0,421.0,10245981.0,2801585.0,7442057.0,10243642.0,10247806.0,2340.0,10250145.0,10250145.0,10247805.0,3743.0,429.0,10245972.0,2763128.0,7480505.0,10243633.0,10247805.0,2340.0,10250144.0,10250144.0,10247960.0,3743.0,210166.0,10036234.0,2732984.0,7301067.0,10034051.0,10247960.0,2184.0,10250143.0,10250143.0,10247959.0,3743.0,210158.0,10036241.0,2728024.0,7306034.0,10034058.0,10247959.0,2184.0,10245988.0,10250140.0,10250140.0,18408.0,15868959.0,65660950.0,21.0,21.0,11.0,11.0,10.0,10.0,9.0,9.0,6.0,6.0,5.0,5.0,4.0,4.0,3.0,3.0,,,,,,,,,,,,,,,,,,,
384x384x384w27-32-32,10215775.0,10215775.0,10213615.0,3705.0,408.0,10211661.0,558462.0,9651040.0,10209502.0,10213615.0,2160.0,10215759.0,10215759.0,10213599.0,3697.0,400.0,10211661.0,569487.0,9640015.0,10209502.0,10213599.0,2160.0,10215759.0,10215759.0,10213599.0,3697.0,381.0,10211680.0,572041.0,9637480.0,10209521.0,10213599.0,2160.0,10215759.0,10215759.0,10213599.0,3697.0,375.0,10211686.0,2679293.0,7530234.0,10209527.0,10213599.0,2160.0,10215757.0,10215757.0,10213597.0,3695.0,400.0,10211661.0,2700221.0,7509281.0,10209502.0,10213597.0,2160.0,10215757.0,10215757.0,10213597.0,3695.0,359.0,10211702.0,2654094.0,7555449.0,10209543.0,10213597.0,2160.0,10215750.0,10215750.0,10213734.0,3695.0,202643.0,10009411.0,2637721.0,7369675.0,10007396.0,10213734.0,2016.0,10215756.0,10215756.0,10213740.0,3695.0,202649.0,10009411.0,2641049.0,7366347.0,10007396.0,10213740.0,2016.0,10211706.0,10215747.0,10215747.0,16992.0,15012368.0,66259521.0,28.0,28.0,12.0,12.0,12.0,12.0,12.0,12.0,10.0,10.0,10.0,10.0,3.0,3.0,9.0,9.0,,,,,,,,,,,,,,,,,,,
384x384x384w28-24-35,9282571.0,9282571.0,9280107.0,3635.0,415.0,9278520.0,651795.0,8624262.0,9276057.0,9280107.0,2464.0,9282555.0,9282555.0,9280091.0,3635.0,399.0,9278520.0,651820.0,8624237.0,9276057.0,9280091.0,2464.0,9282555.0,9282555.0,9280091.0,3635.0,431.0,9278488.0,665054.0,8610971.0,9276025.0,9280091.0,2464.0,9282555.0,9282555.0,9280091.0,3635.0,418.0,9278501.0,639680.0,8636358.0,9276038.0,9280091.0,2464.0,9282553.0,9282553.0,9280089.0,3633.0,1265.0,9277654.0,2775939.0,6499252.0,9275191.0,9280089.0,2464.0,9282553.0,9282553.0,9280089.0,3633.0,1258.0,9277661.0,2753517.0,6521681.0,9275198.0,9280089.0,2464.0,9282553.0,9282553.0,9280089.0,3633.0,1243.0,9277676.0,2759617.0,6515596.0,9275213.0,9280089.0,2464.0,9282553.0,9282553.0,9280089.0,3625.0,1255.0,9277672.0,2756307.0,6518902.0,9275209.0,9280089.0,2464.0,9278522.0,9282543.0,9282543.0,19712.0,13653729.0,60551259.0,28.0,28.0,12.0,12.0,12.0,12.0,12.0,12.0,10.0,10.0,10.0,10.0,10.0,10.0,10.0,10.0,,,,,,,,,,,,,,,,,,,
384x384x384w28-24-36,9334532.0,9334532.0,9332068.0,3688.0,456.0,9330387.0,703865.0,8624059.0,9327924.0,9332068.0,2464.0,9334524.0,9334524.0,9332060.0,3688.0,453.0,9330382.0,716736.0,8611183.0,9327919.0,9332060.0,2464.0,9334523.0,9334523.0,9332059.0,3688.0,435.0,9330399.0,718670.0,8609266.0,9327936.0,9332059.0,2464.0,9334522.0,9334522.0,9332058.0,3688.0,446.0,9330387.0,684373.0,8643551.0,9327924.0,9332058.0,2464.0,9334519.0,9334519.0,9332055.0,3686.0,1036.0,9329796.0,2837396.0,6489937.0,9327333.0,9332055.0,2464.0,9334518.0,9334518.0,9332054.0,3686.0,1028.0,9329803.0,2819975.0,6507365.0,9327340.0,9332054.0,2464.0,9334517.0,9334517.0,9332053.0,3686.0,1062.0,9329768.0,2812800.0,6514505.0,9327305.0,9332053.0,2464.0,9334516.0,9334516.0,9332052.0,3678.0,1064.0,9329773.0,2819364.0,6507946.0,9327310.0,9332052.0,2464.0,9330402.0,9334513.0,9334513.0,19712.0,14113179.0,60507812.0,19.0,19.0,11.0,11.0,10.0,10.0,9.0,9.0,6.0,6.0,5.0,5.0,4.0,4.0,3.0,3.0,,,,,,,,,,,,,,,,,,,
384x384x384w28-32-28,9992377.0,9992377.0,9990025.0,3714.0,485.0,9988177.0,681122.0,9304704.0,9985826.0,9990025.0,2352.0,9992359.0,9992359.0,9990007.0,3706.0,473.0,9988179.0,688913.0,9296915.0,9985828.0,9990007.0,2352.0,9992360.0,9992360.0,9990008.0,3706.0,468.0,9988185.0,696710.0,9289124.0,9985834.0,9990008.0,2352.0,9992358.0,9992358.0,9990006.0,3706.0,462.0,9988189.0,646151.0,9339687.0,9985838.0,9990006.0,2352.0,9992357.0,9992357.0,9990005.0,3704.0,1163.0,9987489.0,2827941.0,7157197.0,9985138.0,9990005.0,2352.0,9992357.0,9992357.0,9990005.0,3704.0,1149.0,9987503.0,2807587.0,7177565.0,9985152.0,9990005.0,2352.0,9992357.0,9992357.0,9990005.0,3704.0,1136.0,9987516.0,2807692.0,7177473.0,9985165.0,9990005.0,2352.0,9992357.0,9992357.0,9990005.0,3704.0,1152.0,9987500.0,2798671.0,7186478.0,9985149.0,9990005.0,2352.0,9988191.0,9992355.0,9992355.0,18816.0,13954787.0,65929143.0,22.0,22.0,4.0,4.0,5.0,5.0,3.0,3.0,2.0,2.0,2.0,2.0,2.0,2.0,2.0,2.0,,,,,,,,,,,,,,,,,,,
384x384x384w28-32-29,9997681.0,9997681.0,9995329.0,3754.0,492.0,9993434.0,703002.0,9288081.0,9991083.0,9995329.0,2352.0,9997671.0,9997671.0,9995319.0,3746.0,475.0,9993449.0,712552.0,9278546.0,9991098.0,9995319.0,2352.0,9997670.0,9997670.0,9995318.0,3746.0,504.0,9993419.0,723068.0,9268000.0,9991068.0,9995318.0,2352.0,9997669.0,9997669.0,9995317.0,3746.0,526.0,9993396.0,667640.0,9323405.0,9991045.0,9995317.0,2352.0,9997666.0,9997666.0,9995314.0,3744.0,756.0,9993165.0,2846383.0,7144431.0,9990814.0,9995314.0,2352.0,9997665.0,9997665.0,9995313.0,3744.0,745.0,9993175.0,2819659.0,7171165.0,9990824.0,9995313.0,2352.0,9997664.0,9997664.0,9995312.0,3744.0,736.0,9993183.0,2832106.0,7158726.0,9990832.0,9995312.0,2352.0,9997663.0,9997663.0,9995311.0,3744.0,738.0,9993180.0,2819249.0,7171580.0,9990829.0,9995311.0,2352.0,9993449.0,9997660.0,9997660.0,18816.0,14123659.0,65803934.0,21.0,21.0,11.0,11.0,10.0,10.0,9.0,9.0,6.0,6.0,5.0,5.0,4.0,4.0,3.0,3.0,,,,,,,,,,,,,,,,,,,
384x384x384w28-32-30,9882089.0,9882089.0,9879905.0,3734.0,480.0,9877874.0,641376.0,9234315.0,9875691.0,9879905.0,2184.0,9882085.0,9882085.0,9879901.0,3726.0,475.0,9877883.0,654079.0,9221621.0,9875700.0,9879901.0,2184.0,9882085.0,9882085.0,9879901.0,3726.0,502.0,9877856.0,659596.0,9216077.0,9875673.0,9879901.0,2184.0,9882085.0,9882085.0,9879901.0,3726.0,499.0,9877859.0,604704.0,9270972.0,9875676.0,9879901.0,2184.0,9882083.0,9882083.0,9879899.0,3724.0,1315.0,9877043.0,2777792.0,7097068.0,9874860.0,9879899.0,2184.0,9882076.0,9882076.0,9879892.0,3724.0,1294.0,9877057.0,2744228.0,7130646.0,9874874.0,9879892.0,2184.0,9882075.0,9882075.0,9879891.0,3724.0,1268.0,9877082.0,2756089.0,7118810.0,9874899.0,9879891.0,2184.0,9882075.0,9882075.0,9879891.0,3724.0,1296.0,9877054.0,2757718.0,7117153.0,9874871.0,9879891.0,2184.0,9877883.0,9882073.0,9882073.0,17472.0,13595582.0,65406662.0,16.0,16.0,12.0,12.0,12.0,12.0,12.0,12.0,10.0,10.0,3.0,3.0,2.0,2.0,2.0,2.0,,,,,,,,,,,,,,,,,,,
384x384x384w28-32-31,9874065.0,9874065.0,9871881.0,3742.0,512.0,9869810.0,634552.0,9233075.0,9867627.0,9871881.0,2184.0,9874049.0,9874049.0,9871865.0,3734.0,480.0,9869834.0,656156.0,9211495.0,9867651.0,9871865.0,2184.0,9874049.0,9874049.0,9871865.0,3734.0,488.0,9869826.0,655872.0,9211771.0,9867643.0,9871865.0,2184.0,9874049.0,9874049.0,9871865.0,3734.0,472.0,9869842.0,600924.0,9266735.0,9867659.0,9871865.0,2184.0,9874047.0,9874047.0,9871863.0,3732.0,882.0,9869432.0,2774734.0,7092515.0,9867249.0,9871863.0,2184.0,9874047.0,9874047.0,9871863.0,3732.0,880.0,9869434.0,2748860.0,7118391.0,9867251.0,9871863.0,2184.0,9874047.0,9874047.0,9871863.0,3732.0,890.0,9869424.0,2763786.0,7103455.0,9867241.0,9871863.0,2184.0,9874039.0,9874039.0,9871855.0,3732.0,913.0,9869393.0,2755463.0,7111747.0,9867210.0,9871855.0,2184.0,9869844.0,9874037.0,9874037.0,17472.0,13590347.0,65349184.0,28.0,28.0,12.0,12.0,12.0,12.0,12.0,12.0,10.0,10.0,10.0,10.0,10.0,10.0,2.0,2.0,,,,,,,,,,,,,,,,,,,
384x384x384w28-32-32,9792269.0,9792269.0,9790253.0,3625.0,448.0,9788195.0,523044.0,9263136.0,9786180.0,9790253.0,2016.0,9792259.0,9792259.0,9790243.0,3625.0,427.0,9788206.0,538784.0,9247407.0,9786191.0,9790243.0,2016.0,9792258.0,9792258.0,9790242.0,3617.0,428.0,9788212.0,520892.0,9265305.0,9786197.0,9790242.0,2016.0,9792257.0,9792257.0,9790241.0,3617.0,442.0,9788197.0,480820.0,9305362.0,9786182.0,9790241.0,2016.0,9792254.0,9792254.0,9790238.0,3615.0,1500.0,9787138.0,2653516.0,7131607.0,9785123.0,9790238.0,2016.0,9792253.0,9792253.0,9790237.0,3615.0,1491.0,9787146.0,2632223.0,7152908.0,9785131.0,9790237.0,2016.0,9792252.0,9792252.0,9790236.0,3615.0,1490.0,9787146.0,2633333.0,7151798.0,9785131.0,9790236.0,2016.0,9792251.0,9792251.0,9790235.0,3615.0,1489.0,9787146.0,2634683.0,7150448.0,9785131.0,9790235.0,2016.0,9788213.0,9792248.0,9792248.0,16128.0,12617295.0,65667971.0,21.0,21.0,11.0,11.0,10.0,10.0,9.0,9.0,6.0,6.0,5.0,5.0,4.0,4.0,3.0,3.0,,,,,,,,,,,,,,,,,,,
384x384x384w29-24-35,9009754.0,9009754.0,9007290.0,3693.0,357.0,9005703.0,671363.0,8331877.0,9003240.0,9007290.0,2464.0,9009736.0,9009736.0,9007272.0,3693.0,338.0,9005704.0,678528.0,8324713.0,9003241.0,9007272.0,2464.0,9009737.0,9009737.0,9007273.0,3693.0,357.0,9005686.0,686858.0,8316365.0,9003223.0,9007273.0,2464.0,9009735.0,9009735.0,9007271.0,3693.0,350.0,9005691.0,660171.0,8343057.0,9003228.0,9007271.0,2464.0,9009734.0,9009734.0,9007270.0,3691.0,350.0,9005692.0,665074.0,8338155.0,9003229.0,9007270.0,2464.0,9009734.0,9009734.0,9007270.0,3691.0,347.0,9005695.0,2628869.0,6374363.0,9003232.0,9007270.0,2464.0,9009734.0,9009734.0,9007270.0,3691.0,350.0,9005692.0,2635092.0,6368137.0,9003229.0,9007270.0,2464.0,9009734.0,9009734.0,9007446.0,3691.0,207916.0,8798126.0,2587894.0,6207945.0,8795839.0,9007446.0,2288.0,9005705.0,9009732.0,9009732.0,19536.0,11213849.0,60604612.0,22.0,22.0,4.0,4.0,5.0,5.0,3.0,3.0,2.0,2.0,2.0,2.0,2.0,2.0,2.0,2.0,,,,,,,,,,,,,,,,,,,
384x384x384w29-32-28,9702642.0,9702642.0,9700290.0,3767.0,451.0,9698423.0,710586.0,8985486.0,9696072.0,9700290.0,2352.0,9702626.0,9702626.0,9700274.0,3767.0,434.0,9698424.0,723122.0,8972951.0,9696073.0,9700274.0,2352.0,9702626.0,9702626.0,9700274.0,3767.0,444.0,9698414.0,731004.0,8965059.0,9696063.0,9700274.0,2352.0,9702626.0,9702626.0,9700274.0,3767.0,450.0,9698408.0,691816.0,9004241.0,9696057.0,9700274.0,2352.0,9702624.0,9702624.0,9700272.0,3765.0,434.0,9698424.0,698963.0,8997110.0,9696073.0,9700272.0,2352.0,9702624.0,9702624.0,9700272.0,3765.0,441.0,9698417.0,2691850.0,7004216.0,9696066.0,9700272.0,2352.0,9702624.0,9702624.0,9700272.0,3765.0,423.0,9698435.0,2703289.0,6992795.0,9696084.0,9700272.0,2352.0,9702624.0,9702624.0,9700440.0,3757.0,217443.0,9481423.0,2635974.0,6843266.0,9479240.0,9700440.0,2184.0,9698442.0,9702614.0,9702614.0,18648.0,11586604.0,65765124.0,28.0,28.0,12.0,12.0,12.0,12.0,12.0,12.0,10.0,10.0,10.0,10.0,10.0,10.0,10.0,10.0,,,,,,,,,,,,,,,,,,,
384x384x384w29-32-29,9734954.0,9734954.0,9732602.0,3812.0,444.0,9730697.0,722001.0,9006345.0,9728346.0,9732602.0,2352.0,9734946.0,9734946.0,9732594.0,3812.0,447.0,9730686.0,742980.0,8985355.0,9728335.0,9732594.0,2352.0,9734945.0,9734945.0,9732593.0,3812.0,435.0,9730697.0,746999.0,8981347.0,9728346.0,9732593.0,2352.0,9734944.0,9734944.0,9732592.0,3812.0,429.0,9730702.0,700009.0,9028342.0,9728351.0,9732592.0,2352.0,9734941.0,9734941.0,9732589.0,3810.0,426.0,9730704.0,714399.0,9013954.0,9728353.0,9732589.0,2352.0,9734940.0,9734940.0,9732588.0,3810.0,430.0,9730699.0,2710204.0,7018144.0,9728348.0,9732588.0,2352.0,9734939.0,9734939.0,9732587.0,3810.0,427.0,9730701.0,2712794.0,7015556.0,9728350.0,9732587.0,2352.0,9734938.0,9734938.0,9732754.0,3810.0,219056.0,9512071.0,2649775.0,6860113.0,9509888.0,9732754.0,2184.0,9730708.0,9734935.0,9734935.0,18648.0,11699161.0,65909156.0,19.0,19.0,11.0,11.0,10.0,10.0,9.0,9.0,6.0,6.0,5.0,5.0,4.0,4.0,3.0,3.0,,,,,,,,,,,,,,,,,,,
384x384x384w29-32-30,9663364.0,9663364.0,9661180.0,3793.0,435.0,9659135.0,687616.0,8969336.0,9656952.0,9661180.0,2184.0,9663348.0,9663348.0,9661164.0,3793.0,416.0,9659138.0,699587.0,8957368.0,9656955.0,9661164.0,2184.0,9663348.0,9663348.0,9661164.0,3793.0,430.0,9659124.0,700734.0,8956207.0,9656941.0,9661164.0,2184.0,9663348.0,9663348.0,9661164.0,3793.0,453.0,9659101.0,650047.0,9006871.0,9656918.0,9661164.0,2184.0,9663346.0,9663346.0,9661162.0,3791.0,444.0,9659110.0,665284.0,8991643.0,9656927.0,9661162.0,2184.0,9663346.0,9663346.0,9661162.0,3791.0,417.0,9659137.0,2657907.0,6999047.0,9656954.0,9661162.0,2184.0,9663346.0,9663346.0,9661162.0,3791.0,426.0,9659128.0,2671376.0,6985569.0,9656945.0,9661162.0,2184.0,9663338.0,9663338.0,9661310.0,3791.0,216890.0,9442656.0,2605681.0,6834948.0,9440629.0,9661310.0,2028.0,9659142.0,9663336.0,9663336.0,17316.0,11338232.0,65700989.0,28.0,28.0,12.0,12.0,12.0,12.0,12.0,12.0,10.0,10.0,10.0,10.0,10.0,10.0,2.0,2.0,,,,,,,,,,,,,,,,,,,
384x384x384w29-32-31,9654474.0,9654474.0,9652290.0,3793.0,428.0,9650252.0,672226.0,8975843.0,9648069.0,9652290.0,2184.0,9654458.0,9654458.0,9652274.0,3793.0,411.0,9650253.0,696151.0,8951919.0,9648070.0,9652274.0,2184.0,9654458.0,9654458.0,9652274.0,3793.0,430.0,9650234.0,692623.0,8955428.0,9648051.0,9652274.0,2184.0,9654458.0,9654458.0,9652274.0,3793.0,442.0,9650222.0,652750.0,8995289.0,9648039.0,9652274.0,2184.0,9654456.0,9654456.0,9652272.0,3791.0,423.0,9650241.0,663240.0,8984818.0,9648058.0,9652272.0,2184.0,9654456.0,9654456.0,9652272.0,3791.0,419.0,9650245.0,2654549.0,6993513.0,9648062.0,9652272.0,2184.0,9654456.0,9654456.0,9652272.0,3791.0,413.0,9650251.0,2669117.0,6978951.0,9648068.0,9652272.0,2184.0,9654448.0,9654448.0,9652420.0,3783.0,216684.0,9433980.0,2613763.0,6818190.0,9431953.0,9652420.0,2028.0,9650258.0,9654446.0,9654446.0,17316.0,11314419.0,65653951.0,28.0,28.0,12.0,12.0,12.0,12.0,12.0,12.0,10.0,10.0,10.0,10.0,10.0,10.0,2.0,2.0,,,,,,,,,,,,,,,,,,,
384x384x384w29-32-32,9507542.0,9507542.0,9505526.0,3723.0,412.0,9503406.0,538620.0,8962771.0,9501391.0,9505526.0,2016.0,9507534.0,9507534.0,9505518.0,3715.0,388.0,9503430.0,566150.0,8935265.0,9501415.0,9505518.0,2016.0,9507533.0,9507533.0,9505517.0,3715.0,395.0,9503422.0,546917.0,8954490.0,9501407.0,9505517.0,2016.0,9507532.0,9507532.0,9505516.0,3715.0,361.0,9503455.0,520697.0,8980743.0,9501440.0,9505516.0,2016.0,9507529.0,9507529.0,9505513.0,3713.0,409.0,9503406.0,527302.0,8974089.0,9501391.0,9505513.0,2016.0,9507528.0,9507528.0,9505512.0,3713.0,408.0,9503406.0,2507673.0,6993718.0,9501391.0,9505512.0,2016.0,9507527.0,9507527.0,9505511.0,3713.0,407.0,9503406.0,2520425.0,6980966.0,9501391.0,9505511.0,2016.0,9507526.0,9507526.0,9505654.0,3713.0,209376.0,9294436.0,2480505.0,6812060.0,9292565.0,9505654.0,1872.0,9503457.0,9507523.0,9507523.0,15984.0,10208289.0,65594102.0,19.0,19.0,11.0,11.0,10.0,10.0,9.0,9.0,6.0,6.0,5.0,5.0,4.0,4.0,3.0,3.0,,,,,,,,,,,,,,,,,,,
384x384x384w30-24-32,8735368.0,8735368.0,8732872.0,3613.0,431.0,8731323.0,701654.0,8027174.0,8728828.0,8732872.0,2496.0,8735363.0,8735363.0,8732867.0,3613.0,439.0,8731310.0,719948.0,8008867.0,8728815.0,8732867.0,2496.0,8735362.0,8735362.0,8732866.0,3613.0,426.0,8731322.0,718135.0,8010692.0,8728827.0,8732866.0,2496.0,8735361.0,8735361.0,8732865.0,3613.0,456.0,8731291.0,683258.0,8045538.0,8728796.0,8732865.0,2496.0,8735358.0,8735358.0,8732862.0,3611.0,428.0,8731318.0,686111.0,8042712.0,8728823.0,8732862.0,2496.0,8735357.0,8735357.0,8732861.0,3611.0,432.0,8731313.0,650440.0,8078378.0,8728818.0,8732861.0,2496.0,8735356.0,8735356.0,8732860.0,3611.0,433.0,8731311.0,2506778.0,6222038.0,8728816.0,8732860.0,2496.0,8735355.0,8735355.0,8732859.0,3611.0,412.0,8731331.0,2515019.0,6213817.0,8728836.0,8732859.0,2496.0,8731338.0,8735352.0,8735352.0,19968.0,9181343.0,60649216.0,16.0,16.0,11.0,11.0,10.0,10.0,9.0,9.0,6.0,6.0,5.0,5.0,4.0,4.0,3.0,3.0,,,,,,,,,,,,,,,,,,,
384x384x384w30-24-33,8798072.0,8798072.0,8795576.0,3680.0,476.0,8793915.0,757879.0,8033541.0,8791420.0,8795576.0,2496.0,8798056.0,8798056.0,8795560.0,3680.0,464.0,8793911.0,761934.0,8029482.0,8791416.0,8795560.0,2496.0,8798056.0,8798056.0,8795560.0,3680.0,464.0,8793911.0,765048.0,8026368.0,8791416.0,8795560.0,2496.0,8798056.0,8798056.0,8795560.0,3680.0,457.0,8793918.0,732210.0,8059213.0,8791423.0,8795560.0,2496.0,8798054.0,8798054.0,8795558.0,3678.0,489.0,8793886.0,745400.0,8045991.0,8791391.0,8795558.0,2496.0,8798054.0,8798054.0,8795558.0,3678.0,470.0,8793905.0,702597.0,8088813.0,8791410.0,8795558.0,2496.0,8798047.0,8798047.0,8795551.0,3670.0,466.0,8793910.0,2572386.0,6219029.0,8791415.0,8795551.0,2496.0,8798053.0,8798053.0,8795557.0,3670.0,452.0,8793930.0,2569857.0,6221578.0,8791435.0,8795557.0,2496.0,8793931.0,8798044.0,8798044.0,19968.0,9607311.0,60724015.0,28.0,28.0,12.0,12.0,12.0,12.0,12.0,12.0,10.0,10.0,10.0,10.0,3.0,3.0,9.0,9.0,,,,,,,,,,,,,,,,,,,
384x384x384w30-24-34,8788038.0,8788038.0,8785542.0,3719.0,482.0,8783836.0,749446.0,8031895.0,8781341.0,8785542.0,2496.0,8788022.0,8788022.0,8785526.0,3719.0,483.0,8783819.0,759229.0,8022095.0,8781324.0,8785526.0,2496.0,8788022.0,8788022.0,8785526.0,3719.0,470.0,8783832.0,755539.0,8025798.0,8781337.0,8785526.0,2496.0,8788022.0,8788022.0,8785526.0,3719.0,447.0,8783855.0,731905.0,8049455.0,8781360.0,8785526.0,2496.0,8788020.0,8788020.0,8785524.0,3717.0,452.0,8783850.0,744194.0,8037161.0,8781355.0,8785524.0,2496.0,8788020.0,8788020.0,8785524.0,3717.0,459.0,8783843.0,698749.0,8082599.0,8781348.0,8785524.0,2496.0,8788013.0,8788013.0,8785517.0,3717.0,444.0,8783851.0,2570085.0,6211271.0,8781356.0,8785517.0,2496.0,8788019.0,8788019.0,8785523.0,3717.0,453.0,8783848.0,2572945.0,6208408.0,8781353.0,8785523.0,2496.0,8783858.0,8788010.0,8788010.0,19968.0,9582092.0,60668682.0,28.0,28.0,12.0,12.0,12.0,12.0,12.0,12.0,10.0,10.0,10.0,10.0,3.0,3.0,9.0,9.0,,,,,,,,,,,,,,,,,,,
384x384x384w30-32-24,9524689.0,9524689.0,9522193.0,3546.0,490.0,9520652.0,644611.0,8873546.0,9518157.0,9522193.0,2496.0,9524678.0,9524678.0,9522182.0,3546.0,461.0,9520670.0,662015.0,8856160.0,9518175.0,9522182.0,2496.0,9524679.0,9524679.0,9522183.0,3546.0,473.0,9520659.0,673031.0,8845133.0,9518164.0,9522183.0,2496.0,9524677.0,9524677.0,9522181.0,3546.0,443.0,9520687.0,633380.0,8884812.0,9518192.0,9522181.0,2496.0,9524676.0,9524676.0,9522180.0,3536.0,463.0,9520676.0,646622.0,8871559.0,9518181.0,9522180.0,2496.0,9524676.0,9524676.0,9522180.0,3536.0,449.0,9520690.0,576231.0,8941964.0,9518195.0,9522180.0,2496.0,9524676.0,9524676.0,9522180.0,3536.0,449.0,9520690.0,2525919.0,6992276.0,9518195.0,9522180.0,2496.0,9524676.0,9524676.0,9522180.0,3536.0,489.0,9520650.0,2512941.0,7005214.0,9518155.0,9522180.0,2496.0,9520694.0,9524674.0,9524674.0,19968.0,8874750.0,67270664.0,15.0,15.0,4.0,4.0,5.0,5.0,3.0,3.0,2.0,2.0,2.0,2.0,2.0,2.0,2.0,2.0,,,,,,,,,,,,,,,,,,,
384x384x384w30-32-25,9430545.0,9430545.0,9428049.0,3611.0,483.0,9426450.0,678256.0,8745699.0,9423955.0,9428049.0,2496.0,9430535.0,9430535.0,9428039.0,3611.0,461.0,9426462.0,685144.0,8738823.0,9423967.0,9428039.0,2496.0,9430534.0,9430534.0,9428038.0,3611.0,457.0,9426465.0,687487.0,8736483.0,9423970.0,9428038.0,2496.0,9430533.0,9430533.0,9428037.0,3611.0,439.0,9426482.0,649395.0,8774592.0,9423987.0,9428037.0,2496.0,9430530.0,9430530.0,9428034.0,3609.0,443.0,9426477.0,659283.0,8764699.0,9423982.0,9428034.0,2496.0,9430529.0,9430529.0,9428033.0,3609.0,444.0,9426475.0,609611.0,8814369.0,9423980.0,9428033.0,2496.0,9430528.0,9430528.0,9428032.0,3609.0,477.0,9426441.0,2540173.0,6883773.0,9423946.0,9428032.0,2496.0,9430527.0,9430527.0,9428031.0,3601.0,441.0,9426484.0,2523096.0,6900893.0,9423989.0,9428031.0,2496.0,9426486.0,9430524.0,9430524.0,19968.0,9032445.0,66359331.0,21.0,21.0,11.0,11.0,10.0,10.0,9.0,9.0,6.0,6.0,5.0,5.0,4.0,4.0,3.0,3.0,,,,,,,,,,,,,,,,,,,
384x384x384w30-32-26,9481889.0,9481889.0,9479549.0,3711.0,506.0,9477671.0,690064.0,8785268.0,9475332.0,9479549.0,2340.0,9481880.0,9481880.0,9479540.0,3711.0,542.0,9477626.0,719353.0,8755934.0,9475287.0,9479540.0,2340.0,9481879.0,9481879.0,9479539.0,3711.0,522.0,9477645.0,721882.0,8753424.0,9475306.0,9479539.0,2340.0,9481878.0,9481878.0,9479538.0,3711.0,488.0,9477678.0,662766.0,8812573.0,9475339.0,9479538.0,2340.0,9481875.0,9481875.0,9479535.0,3709.0,481.0,9477684.0,671831.0,8803514.0,9475345.0,9479535.0,2340.0,9481874.0,9481874.0,9479534.0,3709.0,478.0,9477686.0,613015.0,8862332.0,9475347.0,9479534.0,2340.0,9481873.0,9481873.0,9479533.0,3709.0,485.0,9477678.0,2543121.0,6932218.0,9475339.0,9479533.0,2340.0,9481872.0,9481872.0,9479532.0,3709.0,460.0,9477702.0,2530689.0,6944674.0,9475363.0,9479532.0,2340.0,9477709.0,9481869.0,9481869.0,18720.0,9152721.0,66649937.0,20.0,20.0,11.0,11.0,10.0,10.0,9.0,9.0,6.0,6.0,5.0,5.0,4.0,4.0,3.0,3.0,,,,,,,,,,,,,,,,,,,
384x384x384w30-32-27,9474089.0,9474089.0,9471749.0,3704.0,505.0,9469879.0,678765.0,8788775.0,9467540.0,9471749.0,2340.0,9474083.0,9474083.0,9471743.0,3704.0,505.0,9469873.0,720542.0,8746992.0,9467534.0,9471743.0,2340.0,9474082.0,9474082.0,9471742.0,3704.0,495.0,9469882.0,713060.0,8754483.0,9467543.0,9471742.0,2340.0,9474081.0,9474081.0,9471741.0,3704.0,479.0,9469897.0,664125.0,8803433.0,9467558.0,9471741.0,2340.0,9474078.0,9474078.0,9471738.0,3702.0,462.0,9469913.0,671742.0,8795832.0,9467574.0,9471738.0,2340.0,9474077.0,9474077.0,9471737.0,3702.0,475.0,9469899.0,614879.0,8852681.0,9467560.0,9471737.0,2340.0,9474076.0,9474076.0,9471736.0,3702.0,518.0,9469855.0,2534375.0,6933141.0,9467516.0,9471736.0,2340.0,9474075.0,9474075.0,9471735.0,3702.0,533.0,9469839.0,2529551.0,6937949.0,9467500.0,9471735.0,2340.0,9469917.0,9474072.0,9474072.0,18720.0,9127039.0,66613286.0,17.0,17.0,11.0,11.0,10.0,10.0,9.0,9.0,6.0,6.0,5.0,5.0,4.0,4.0,3.0,3.0,,,,,,,,,,,,,,,,,,,
384x384x384w30-32-28,9393176.0,9393176.0,9390992.0,3731.0,526.0,9388918.0,711366.0,8675369.0,9386735.0,9390992.0,2184.0,9393158.0,9393158.0,9390974.0,3731.0,506.0,9388920.0,716794.0,8669943.0,9386737.0,9390974.0,2184.0,9393159.0,9393159.0,9390975.0,3731.0,548.0,9388879.0,719290.0,8667406.0,9386696.0,9390975.0,2184.0,9393157.0,9393157.0,9390973.0,3731.0,520.0,9388905.0,676350.0,8710372.0,9386722.0,9390973.0,2184.0,9393156.0,9393156.0,9390972.0,3729.0,529.0,9388897.0,688885.0,8697829.0,9386714.0,9390972.0,2184.0,9393156.0,9393156.0,9390972.0,3729.0,512.0,9388914.0,635377.0,8751354.0,9386731.0,9390972.0,2184.0,9393156.0,9393156.0,9390972.0,3729.0,519.0,9388907.0,2549611.0,6837113.0,9386724.0,9390972.0,2184.0,9393156.0,9393156.0,9390972.0,3721.0,503.0,9388931.0,2535815.0,6850933.0,9386748.0,9390972.0,2184.0,9388931.0,9393154.0,9393154.0,17472.0,9233488.0,65860319.0,22.0,22.0,4.0,4.0,5.0,5.0,3.0,3.0,2.0,2.0,2.0,2.0,2.0,2.0,2.0,2.0,,,,,,,,,,,,,,,,,,,
384x384x384w30-32-29,9476863.0,9476863.0,9474679.0,3767.0,547.0,9472548.0,719039.0,8751326.0,9470365.0,9474679.0,2184.0,9476845.0,9476845.0,9474661.0,3767.0,549.0,9472528.0,727961.0,8742384.0,9470345.0,9474661.0,2184.0,9476846.0,9476846.0,9474662.0,3767.0,530.0,9472548.0,736209.0,8734156.0,9470365.0,9474662.0,2184.0,9476844.0,9476844.0,9474660.0,3767.0,564.0,9472512.0,694358.0,8775971.0,9470329.0,9474660.0,2184.0,9476843.0,9476843.0,9474659.0,3765.0,521.0,9472556.0,693281.0,8777092.0,9470373.0,9474659.0,2184.0,9476843.0,9476843.0,9474659.0,3765.0,510.0,9472567.0,637148.0,8833236.0,9470384.0,9474659.0,2184.0,9476843.0,9476843.0,9474659.0,3765.0,502.0,9472575.0,2569360.0,6901032.0,9470392.0,9474659.0,2184.0,9476843.0,9476843.0,9474659.0,3757.0,509.0,9472576.0,2567259.0,6903134.0,9470393.0,9474659.0,2184.0,9472582.0,9476841.0,9476841.0,17472.0,9344615.0,66418331.0,22.0,22.0,4.0,4.0,5.0,5.0,3.0,3.0,2.0,2.0,2.0,2.0,2.0,2.0,2.0,2.0,,,,,,,,,,,,,,,,,,,
384x384x384w30-32-30,9302489.0,9302489.0,9300461.0,3750.0,544.0,9298194.0,649672.0,8646495.0,9296167.0,9300461.0,2028.0,9302480.0,9302480.0,9300452.0,3742.0,549.0,9298188.0,672486.0,8623675.0,9296161.0,9300452.0,2028.0,9302481.0,9302481.0,9300453.0,3742.0,539.0,9298199.0,678427.0,8617745.0,9296172.0,9300453.0,2028.0,9302479.0,9302479.0,9300451.0,3742.0,497.0,9298239.0,634135.0,8662077.0,9296212.0,9300451.0,2028.0,9302478.0,9302478.0,9300450.0,3740.0,513.0,9298224.0,636953.0,8659244.0,9296197.0,9300450.0,2028.0,9302478.0,9302478.0,9300450.0,3740.0,502.0,9298235.0,565317.0,8730891.0,9296208.0,9300450.0,2028.0,9302478.0,9302478.0,9300450.0,3740.0,504.0,9298233.0,2496185.0,6800021.0,9296206.0,9300450.0,2028.0,9302478.0,9302478.0,9300450.0,3740.0,529.0,9298208.0,2497965.0,6798216.0,9296181.0,9300450.0,2028.0,9298241.0,9302476.0,9302476.0,16224.0,8831140.0,65538364.0,13.0,13.0,4.0,4.0,5.0,5.0,3.0,3.0,2.0,2.0,2.0,2.0,2.0,2.0,2.0,2.0,,,,,,,,,,,,,,,,,,,
384x384x384w30-32-31,9336129.0,9336129.0,9334101.0,3767.0,525.0,9331836.0,643859.0,8685950.0,9329809.0,9334101.0,2028.0,9336111.0,9336111.0,9334083.0,3759.0,499.0,9331852.0,671569.0,8658256.0,9329825.0,9334083.0,2028.0,9336112.0,9336112.0,9334084.0,3759.0,518.0,9331834.0,666630.0,8663177.0,9329807.0,9334084.0,2028.0,9336110.0,9336110.0,9334082.0,3759.0,543.0,9331807.0,617900.0,8711880.0,9329780.0,9334082.0,2028.0,9336109.0,9336109.0,9334081.0,3757.0,500.0,9331851.0,637214.0,8692610.0,9329824.0,9334081.0,2028.0,9336109.0,9336109.0,9334081.0,3757.0,490.0,9331861.0,561543.0,8768291.0,9329834.0,9334081.0,2028.0,9336109.0,9336109.0,9334081.0,3757.0,484.0,9331867.0,2504082.0,6825758.0,9329840.0,9334081.0,2028.0,9336109.0,9336109.0,9334081.0,3757.0,494.0,9331857.0,2497640.0,6832190.0,9329830.0,9334081.0,2028.0,9331872.0,9336107.0,9336107.0,16224.0,8800437.0,65838112.0,22.0,22.0,4.0,4.0,5.0,5.0,3.0,3.0,2.0,2.0,2.0,2.0,2.0,2.0,2.0,2.0,,,,,,,,,,,,,,,,,,,
384x384x384w30-32-32,9213840.0,9213840.0,9211968.0,3677.0,470.0,9209692.0,537943.0,8669878.0,9207821.0,9211968.0,1872.0,9213835.0,9213835.0,9211963.0,3677.0,512.0,9209645.0,552188.0,8655586.0,9207774.0,9211963.0,1872.0,9213834.0,9213834.0,9211962.0,3669.0,510.0,9209654.0,542378.0,8665405.0,9207783.0,9211962.0,1872.0,9213833.0,9213833.0,9211961.0,3669.0,495.0,9209668.0,490553.0,8717244.0,9207797.0,9211961.0,1872.0,9213830.0,9213830.0,9211958.0,3667.0,488.0,9209674.0,499723.0,8708080.0,9207803.0,9211958.0,1872.0,9213829.0,9213829.0,9211957.0,3667.0,462.0,9209699.0,450990.0,8756838.0,9207828.0,9211957.0,1872.0,9213828.0,9213828.0,9211956.0,3667.0,476.0,9209684.0,2372898.0,6834915.0,9207813.0,9211956.0,1872.0,9213827.0,9213827.0,9211955.0,3667.0,451.0,9209708.0,2387228.0,6820609.0,9207837.0,9211955.0,1872.0,9209713.0,9213824.0,9213824.0,14976.0,7833901.0,65828555.0,16.0,16.0,11.0,11.0,10.0,10.0,9.0,9.0,6.0,6.0,5.0,5.0,4.0,4.0,3.0,3.0,,,,,,,,,,,,,,,,,,,
384x384x384w31-24-32,8594413.0,8594413.0,8591917.0,3667.0,370.0,8590375.0,717122.0,7870758.0,8587880.0,8591917.0,2496.0,8594403.0,8594403.0,8591907.0,3667.0,385.0,8590350.0,720526.0,7867329.0,8587855.0,8591907.0,2496.0,8594402.0,8594402.0,8591906.0,3667.0,377.0,8590357.0,727470.0,7860392.0,8587862.0,8591906.0,2496.0,8594401.0,8594401.0,8591905.0,3667.0,366.0,8590367.0,693187.0,7894685.0,8587872.0,8591905.0,2496.0,8594398.0,8594398.0,8591902.0,3665.0,1159.0,8589573.0,840792.0,7746286.0,8587078.0,8591902.0,2496.0,8594397.0,8594397.0,8591901.0,3665.0,1154.0,8589577.0,807389.0,7779693.0,8587082.0,8591901.0,2496.0,8594396.0,8594396.0,8591900.0,3665.0,1155.0,8589575.0,817893.0,7769187.0,8587080.0,8591900.0,2496.0,8594395.0,8594395.0,8591899.0,3657.0,1152.0,8589585.0,2674871.0,5912219.0,8587090.0,8591899.0,2496.0,8590376.0,8594392.0,8594392.0,19968.0,7999250.0,60700549.0,21.0,21.0,11.0,11.0,10.0,10.0,9.0,9.0,6.0,6.0,5.0,5.0,4.0,4.0,3.0,3.0,,,,,,,,,,,,,,,,,,,
384x384x384w31-24-33,8668141.0,8668141.0,8665645.0,3672.0,433.0,8664035.0,770223.0,7891317.0,8661540.0,8665645.0,2496.0,8668123.0,8668123.0,8665627.0,3672.0,414.0,8664036.0,769343.0,7892198.0,8661541.0,8665627.0,2496.0,8668124.0,8668124.0,8665628.0,3672.0,403.0,8664048.0,779438.0,7882115.0,8661553.0,8665628.0,2496.0,8668122.0,8668122.0,8665626.0,3672.0,403.0,8664046.0,753190.0,7908361.0,8661551.0,8665626.0,2496.0,8668121.0,8668121.0,8665625.0,3670.0,939.0,8663511.0,909845.0,7751171.0,8661016.0,8665625.0,2496.0,8668121.0,8668121.0,8665625.0,3670.0,953.0,8663497.0,873822.0,7787180.0,8661002.0,8665625.0,2496.0,8668121.0,8668121.0,8665625.0,3670.0,955.0,8663495.0,879701.0,7781299.0,8661000.0,8665625.0,2496.0,8668121.0,8668121.0,8665625.0,3662.0,953.0,8663505.0,2742023.0,5918987.0,8661010.0,8665625.0,2496.0,8664051.0,8668119.0,8668119.0,19968.0,8477585.0,60812628.0,22.0,22.0,4.0,4.0,5.0,5.0,3.0,3.0,2.0,2.0,2.0,2.0,2.0,2.0,2.0,2.0,,,,,,,,,,,,,,,,,,,
384x384x384w31-32-24,9405589.0,9405589.0,9403093.0,3592.0,392.0,9401604.0,646996.0,8752113.0,9399109.0,9403093.0,2496.0,9405585.0,9405585.0,9403089.0,3592.0,372.0,9401620.0,665547.0,8733578.0,9399125.0,9403089.0,2496.0,9405584.0,9405584.0,9403088.0,3592.0,402.0,9401589.0,674988.0,8724106.0,9399094.0,9403088.0,2496.0,9405583.0,9405583.0,9403087.0,3592.0,390.0,9401600.0,611020.0,8788085.0,9399105.0,9403087.0,2496.0,9405580.0,9405580.0,9403084.0,3590.0,1207.0,9400782.0,799634.0,8598653.0,9398287.0,9403084.0,2496.0,9405579.0,9405579.0,9403083.0,3590.0,1187.0,9400801.0,749569.0,8648737.0,9398306.0,9403083.0,2496.0,9405578.0,9405578.0,9403082.0,3590.0,1205.0,9400782.0,783190.0,8615097.0,9398287.0,9403082.0,2496.0,9405577.0,9405577.0,9403081.0,3590.0,1204.0,9400782.0,2716678.0,6681609.0,9398287.0,9403081.0,2496.0,9401621.0,9405574.0,9405574.0,19968.0,7647622.0,67541978.0,15.0,15.0,11.0,11.0,10.0,10.0,9.0,9.0,6.0,6.0,5.0,5.0,4.0,4.0,3.0,3.0,,,,,,,,,,,,,,,,,,,
384x384x384w31-32-25,9410917.0,9410917.0,9408421.0,3684.0,406.0,9406826.0,726332.0,8677999.0,9404331.0,9408421.0,2496.0,9410907.0,9410907.0,9408411.0,3684.0,399.0,9406823.0,750623.0,8653705.0,9404328.0,9408411.0,2496.0,9410907.0,9410907.0,9408411.0,3684.0,394.0,9406828.0,736467.0,8667866.0,9404333.0,9408411.0,2496.0,9410907.0,9410907.0,9408411.0,3676.0,375.0,9406855.0,668873.0,8735487.0,9404360.0,9408411.0,2496.0,9410905.0,9410905.0,9408409.0,3674.0,715.0,9406515.0,848369.0,8555651.0,9404020.0,9408409.0,2496.0,9410905.0,9410905.0,9408409.0,3674.0,704.0,9406526.0,799241.0,8604790.0,9404031.0,9408409.0,2496.0,9410905.0,9410905.0,9408409.0,3674.0,704.0,9406526.0,805717.0,8598314.0,9404031.0,9408409.0,2496.0,9410905.0,9410905.0,9408409.0,3674.0,704.0,9406526.0,2772960.0,6631071.0,9404031.0,9408409.0,2496.0,9406855.0,9410895.0,9410895.0,19968.0,8108582.0,67124883.0,22.0,22.0,12.0,12.0,12.0,12.0,12.0,12.0,10.0,10.0,10.0,10.0,10.0,10.0,10.0,10.0,,,,,,,,,,,,,,,,,,,
384x384x384w31-32-26,9423088.0,9423088.0,9420748.0,3740.0,428.0,9418919.0,705870.0,8710710.0,9416580.0,9420748.0,2340.0,9423083.0,9423083.0,9420743.0,3740.0,447.0,9418895.0,744652.0,8671904.0,9416556.0,9420743.0,2340.0,9423082.0,9423082.0,9420742.0,3740.0,440.0,9418901.0,752620.0,8663942.0,9416562.0,9420742.0,2340.0,9423081.0,9423081.0,9420741.0,3740.0,419.0,9418921.0,676724.0,8739858.0,9416582.0,9420741.0,2340.0,9423078.0,9423078.0,9420738.0,3738.0,1108.0,9418231.0,848352.0,8567540.0,9415892.0,9420738.0,2340.0,9423077.0,9423077.0,9420737.0,3738.0,1103.0,9418235.0,799053.0,8616843.0,9415896.0,9420737.0,2340.0,9423076.0,9423076.0,9420736.0,3738.0,1094.0,9418243.0,816154.0,8599750.0,9415904.0,9420736.0,2340.0,9423075.0,9423075.0,9420735.0,3738.0,1092.0,9418244.0,2766477.0,6649428.0,9415905.0,9420735.0,2340.0,9418924.0,9423072.0,9423072.0,18720.0,8109902.0,67219975.0,16.0,16.0,11.0,11.0,10.0,10.0,9.0,9.0,6.0,6.0,5.0,5.0,4.0,4.0,3.0,3.0,,,,,,,,,,,,,,,,,,,
384x384x384w31-32-27,9381231.0,9381231.0,9378891.0,3753.0,446.0,9377031.0,713104.0,8661588.0,9374692.0,9378891.0,2340.0,9381226.0,9381226.0,9378886.0,3753.0,439.0,9377033.0,756851.0,8617843.0,9374694.0,9378886.0,2340.0,9381225.0,9381225.0,9378885.0,3753.0,447.0,9377024.0,738499.0,8636186.0,9374685.0,9378885.0,2340.0,9381224.0,9381224.0,9378884.0,3753.0,422.0,9377048.0,676796.0,8697913.0,9374709.0,9378884.0,2340.0,9381221.0,9381221.0,9378881.0,3751.0,650.0,9376819.0,853186.0,8521294.0,9374480.0,9378881.0,2340.0,9381220.0,9381220.0,9378880.0,3751.0,685.0,9376783.0,809366.0,8565078.0,9374444.0,9378880.0,2340.0,9381219.0,9381219.0,9378879.0,3751.0,654.0,9376813.0,817446.0,8557028.0,9374474.0,9378879.0,2340.0,9381218.0,9381218.0,9378878.0,3751.0,657.0,9376809.0,2762404.0,6612066.0,9374470.0,9378878.0,2340.0,9377051.0,9381215.0,9381215.0,18720.0,8127652.0,66868996.0,16.0,16.0,11.0,11.0,10.0,10.0,9.0,9.0,6.0,6.0,5.0,5.0,4.0,4.0,3.0,3.0,,,,,,,,,,,,,,,,,,,
384x384x384w31-32-28,9278288.0,9278288.0,9276104.0,3768.0,441.0,9274078.0,694165.0,8577730.0,9271895.0,9276104.0,2184.0,9278283.0,9278283.0,9276099.0,3760.0,452.0,9274070.0,701007.0,8570880.0,9271887.0,9276099.0,2184.0,9278282.0,9278282.0,9276098.0,3760.0,453.0,9274068.0,710516.0,8561369.0,9271885.0,9276098.0,2184.0,9278281.0,9278281.0,9276097.0,3760.0,448.0,9274072.0,668104.0,8603785.0,9271889.0,9276097.0,2184.0,9278278.0,9278278.0,9276094.0,3758.0,1105.0,9273414.0,824213.0,8447018.0,9271231.0,9276094.0,2184.0,9278277.0,9278277.0,9276093.0,3758.0,1104.0,9273414.0,778131.0,8493100.0,9271231.0,9276093.0,2184.0,9278276.0,9278276.0,9276092.0,3758.0,1103.0,9273414.0,793972.0,8477259.0,9271231.0,9276092.0,2184.0,9278275.0,9278275.0,9276091.0,3758.0,1102.0,9273414.0,2739028.0,6532203.0,9271231.0,9276091.0,2184.0,9274085.0,9278272.0,9278272.0,17472.0,7909136.0,66263344.0,16.0,16.0,11.0,11.0,10.0,10.0,9.0,9.0,6.0,6.0,5.0,5.0,4.0,4.0,3.0,3.0,,,,,,,,,,,,,,,,,,,
384x384x384w31-32-29,9323114.0,9323114.0,9320930.0,3803.0,446.0,9318864.0,686150.0,8630531.0,9316681.0,9320930.0,2184.0,9323109.0,9323109.0,9320925.0,3795.0,435.0,9318878.0,699559.0,8617136.0,9316695.0,9320925.0,2184.0,9323108.0,9323108.0,9320924.0,3795.0,433.0,9318879.0,696180.0,8620516.0,9316696.0,9320924.0,2184.0,9323107.0,9323107.0,9320923.0,3795.0,460.0,9318851.0,650531.0,8666137.0,9316668.0,9320923.0,2184.0,9323104.0,9323104.0,9320920.0,3793.0,688.0,9318622.0,815081.0,8501358.0,9316439.0,9320920.0,2184.0,9323103.0,9323103.0,9320919.0,3793.0,687.0,9318622.0,775849.0,8540590.0,9316439.0,9320919.0,2184.0,9323102.0,9323102.0,9320918.0,3793.0,677.0,9318631.0,788757.0,8527691.0,9316448.0,9320918.0,2184.0,9323101.0,9323101.0,9320917.0,3793.0,681.0,9318626.0,2732583.0,6583860.0,9316443.0,9320917.0,2184.0,9318880.0,9323098.0,9323098.0,17472.0,7844690.0,66687819.0,16.0,16.0,11.0,11.0,10.0,10.0,9.0,9.0,6.0,6.0,5.0,5.0,4.0,4.0,3.0,3.0,,,,,,,,,,,,,,,,,,,
384x384x384w31-32-30,9206483.0,9206483.0,9204455.0,3769.0,451.0,9202262.0,638523.0,8561712.0,9200235.0,9204455.0,2028.0,9206465.0,9206465.0,9204437.0,3761.0,426.0,9202277.0,655595.0,8544655.0,9200250.0,9204437.0,2028.0,9206466.0,9206466.0,9204438.0,3761.0,429.0,9202275.0,655266.0,8544982.0,9200248.0,9204438.0,2028.0,9206464.0,9206464.0,9204436.0,3761.0,439.0,9202263.0,599587.0,8600649.0,9200236.0,9204436.0,2028.0,9206463.0,9206463.0,9204435.0,3759.0,1242.0,9201461.0,768910.0,8430524.0,9199434.0,9204435.0,2028.0,9206463.0,9206463.0,9204435.0,3759.0,1242.0,9201461.0,726171.0,8473263.0,9199434.0,9204435.0,2028.0,9206463.0,9206463.0,9204435.0,3759.0,1242.0,9201461.0,731114.0,8468320.0,9199434.0,9204435.0,2028.0,9206463.0,9206463.0,9204435.0,3759.0,1233.0,9201470.0,2679061.0,6520382.0,9199443.0,9204435.0,2028.0,9202277.0,9206461.0,9206461.0,16224.0,7454227.0,66144487.0,22.0,22.0,4.0,4.0,5.0,5.0,3.0,3.0,2.0,2.0,2.0,2.0,2.0,2.0,2.0,2.0,,,,,,,,,,,,,,,,,,,
384x384x384w31-32-31,9217232.0,9217232.0,9215204.0,3779.0,471.0,9212981.0,650776.0,8560178.0,9210954.0,9215204.0,2028.0,9217214.0,9217214.0,9215186.0,3771.0,456.0,9212986.0,656913.0,8554046.0,9210959.0,9215186.0,2028.0,9217215.0,9217215.0,9215187.0,3771.0,451.0,9212992.0,665259.0,8545706.0,9210965.0,9215187.0,2028.0,9217213.0,9217213.0,9215185.0,3771.0,439.0,9213002.0,613092.0,8597883.0,9210975.0,9215185.0,2028.0,9217212.0,9217212.0,9215184.0,3769.0,861.0,9212581.0,778820.0,8431734.0,9210554.0,9215184.0,2028.0,9217212.0,9217212.0,9215184.0,3769.0,877.0,9212565.0,727663.0,8482875.0,9210538.0,9215184.0,2028.0,9217212.0,9217212.0,9215184.0,3769.0,860.0,9212582.0,741941.0,8468614.0,9210555.0,9215184.0,2028.0,9217212.0,9217212.0,9215184.0,3769.0,884.0,9212558.0,2705607.0,6504924.0,9210531.0,9215184.0,2028.0,9213004.0,9217210.0,9217210.0,16224.0,7540071.0,66145960.0,22.0,22.0,4.0,4.0,5.0,5.0,3.0,3.0,2.0,2.0,2.0,2.0,2.0,2.0,2.0,2.0,,,,,,,,,,,,,,,,,,,
384x384x384w31-32-32,9064554.0,9064554.0,9062682.0,3722.0,418.0,9060413.0,511124.0,8547418.0,9058542.0,9062682.0,1872.0,9064547.0,9064547.0,9062675.0,3722.0,410.0,9060414.0,527198.0,8531345.0,9058543.0,9062675.0,1872.0,9064546.0,9064546.0,9062674.0,3714.0,403.0,9060428.0,548245.0,8510312.0,9058557.0,9062674.0,1872.0,9064545.0,9064545.0,9062673.0,3714.0,387.0,9060443.0,504789.0,8553783.0,9058572.0,9062673.0,1872.0,9064542.0,9064542.0,9062670.0,3712.0,1491.0,9059338.0,668013.0,8389454.0,9057467.0,9062670.0,1872.0,9064541.0,9064541.0,9062669.0,3712.0,1483.0,9059345.0,614411.0,8443063.0,9057474.0,9062669.0,1872.0,9064540.0,9064540.0,9062668.0,3712.0,1490.0,9059337.0,619773.0,8437693.0,9057466.0,9062668.0,1872.0,9064539.0,9064539.0,9062667.0,3712.0,1461.0,9059365.0,2575001.0,6482493.0,9057494.0,9062667.0,1872.0,9060444.0,9064536.0,9064536.0,14976.0,6568554.0,65895561.0,18.0,18.0,11.0,11.0,10.0,10.0,9.0,9.0,6.0,6.0,5.0,5.0,4.0,4.0,3.0,3.0,,,,,,,,,,,,,,,,,,,
384x384x384w32-24-30,8311534.0,8311534.0,8309038.0,3649.0,534.0,8307350.0,715993.0,7588862.0,8304855.0,8309038.0,2496.0,8311528.0,8311528.0,8309032.0,3649.0,530.0,8307348.0,723577.0,7581276.0,8304853.0,8309032.0,2496.0,8311527.0,8311527.0,8309031.0,3649.0,546.0,8307331.0,728306.0,7576530.0,8304836.0,8309031.0,2496.0,8311526.0,8311526.0,8309030.0,3649.0,553.0,8307323.0,693072.0,7611756.0,8304828.0,8309030.0,2496.0,8311523.0,8311523.0,8309027.0,3647.0,526.0,8307349.0,701856.0,7602998.0,8304854.0,8309027.0,2496.0,8311522.0,8311522.0,8309026.0,3647.0,534.0,8307340.0,684347.0,7620498.0,8304845.0,8309026.0,2496.0,8311521.0,8311521.0,8309025.0,3647.0,503.0,8307370.0,689819.0,7615056.0,8304875.0,8309025.0,2496.0,8311520.0,8311520.0,8309024.0,3639.0,527.0,8307353.0,672047.0,7632811.0,8304858.0,8309024.0,2496.0,8307377.0,8311517.0,8311517.0,19968.0,5609017.0,60829787.0,17.0,17.0,11.0,11.0,10.0,10.0,9.0,9.0,6.0,6.0,5.0,5.0,4.0,4.0,3.0,3.0,,,,,,,,,,,,,,,,,,,
384x384x384w32-24-31,8315689.0,8315689.0,8313193.0,3659.0,537.0,8311492.0,719473.0,7589524.0,8308997.0,8313193.0,2496.0,8315676.0,8315676.0,8313180.0,3659.0,526.0,8311490.0,718632.0,7590363.0,8308995.0,8313180.0,2496.0,8315675.0,8315675.0,8313179.0,3659.0,528.0,8311487.0,726050.0,7582942.0,8308992.0,8313179.0,2496.0,8315674.0,8315674.0,8313178.0,3659.0,545.0,8311469.0,696357.0,7612617.0,8308974.0,8313178.0,2496.0,8315671.0,8315671.0,8313175.0,3657.0,518.0,8311495.0,707137.0,7601863.0,8309000.0,8313175.0,2496.0,8315670.0,8315670.0,8313174.0,3657.0,490.0,8311522.0,674532.0,7634495.0,8309027.0,8313174.0,2496.0,8315669.0,8315669.0,8313173.0,3657.0,494.0,8311517.0,686145.0,7622877.0,8309022.0,8313173.0,2496.0,8315668.0,8315668.0,8313172.0,3649.0,491.0,8311527.0,680180.0,7628852.0,8309032.0,8313172.0,2496.0,8311528.0,8315665.0,8315665.0,19968.0,5608506.0,60863533.0,24.0,24.0,11.0,11.0,10.0,10.0,9.0,9.0,6.0,6.0,5.0,5.0,4.0,4.0,3.0,3.0,,,,,,,,,,,,,,,,,,,
384x384x384w32-32-23,9176386.0,9176386.0,9173938.0,3584.0,600.0,9172201.0,690437.0,8479317.0,9169754.0,9173938.0,2448.0,9176379.0,9176379.0,9173931.0,3576.0,614.0,9172188.0,709758.0,8459983.0,9169741.0,9173931.0,2448.0,9176378.0,9176378.0,9173930.0,3576.0,575.0,9172226.0,722436.0,8447343.0,9169779.0,9173930.0,2448.0,9176377.0,9176377.0,9173929.0,3576.0,564.0,9172236.0,624353.0,8545436.0,9169789.0,9173929.0,2448.0,9176374.0,9176374.0,9173926.0,3574.0,557.0,9172242.0,651950.0,8517845.0,9169795.0,9173926.0,2448.0,9176373.0,9176373.0,9173925.0,3574.0,537.0,9172261.0,607723.0,8562091.0,9169814.0,9173925.0,2448.0,9176372.0,9176372.0,9173924.0,3574.0,530.0,9172267.0,616676.0,8553144.0,9169820.0,9173924.0,2448.0,9176371.0,9176371.0,9173923.0,3574.0,520.0,9172276.0,610488.0,8559341.0,9169829.0,9173923.0,2448.0,9172282.0,9176368.0,9176368.0,19584.0,5233821.0,68124500.0,18.0,18.0,11.0,11.0,10.0,10.0,9.0,9.0,6.0,6.0,5.0,5.0,4.0,4.0,3.0,3.0,,,,,,,,,,,,,,,,,,,
384x384x384w32-32-25,9051389.0,9051389.0,9049085.0,3563.0,511.0,9047314.0,611685.0,8433326.0,9045011.0,9049085.0,2304.0,9051387.0,9051387.0,9049083.0,3563.0,530.0,9047293.0,609564.0,8435426.0,9044990.0,9049083.0,2304.0,9051386.0,9051386.0,9049082.0,3563.0,512.0,9047310.0,620779.0,8424228.0,9045007.0,9049082.0,2304.0,9051385.0,9051385.0,9049081.0,3563.0,480.0,9047341.0,545717.0,8499321.0,9045038.0,9049081.0,2304.0,9051382.0,9051382.0,9049078.0,3561.0,483.0,9047337.0,575394.0,8469640.0,9045034.0,9049078.0,2304.0,9051381.0,9051381.0,9049077.0,3561.0,499.0,9047320.0,523133.0,8521884.0,9045017.0,9049077.0,2304.0,9051380.0,9051380.0,9049076.0,3561.0,508.0,9047310.0,530397.0,8514610.0,9045007.0,9049076.0,2304.0,9051379.0,9051379.0,9049075.0,3553.0,486.0,9047339.0,514539.0,8530497.0,9045036.0,9049075.0,2304.0,9047345.0,9051376.0,9051376.0,18432.0,4531208.0,67828932.0,13.0,13.0,11.0,11.0,10.0,10.0,9.0,9.0,6.0,6.0,5.0,5.0,4.0,4.0,3.0,3.0,,,,,,,,,,,,,,,,,,,
384x384x384w32-32-26,9073241.0,9073241.0,9071081.0,3672.0,566.0,9069002.0,600358.0,8466485.0,9066843.0,9071081.0,2160.0,9073225.0,9073225.0,9071065.0,3664.0,561.0,9068999.0,631955.0,8434885.0,9066840.0,9071065.0,2160.0,9073225.0,9073225.0,9071065.0,3664.0,600.0,9068960.0,632465.0,8434336.0,9066801.0,9071065.0,2160.0,9073225.0,9073225.0,9071065.0,3664.0,544.0,9069016.0,559534.0,8507323.0,9066857.0,9071065.0,2160.0,9073223.0,9073223.0,9071063.0,3662.0,552.0,9069008.0,576034.0,8490815.0,9066849.0,9071063.0,2160.0,9073223.0,9073223.0,9071063.0,3662.0,566.0,9068994.0,536633.0,8530202.0,9066835.0,9071063.0,2160.0,9073223.0,9073223.0,9071063.0,3662.0,559.0,9069001.0,549083.0,8517759.0,9066842.0,9071063.0,2160.0,9073223.0,9073223.0,9071063.0,3662.0,536.0,9069024.0,534991.0,8531874.0,9066865.0,9071063.0,2160.0,9069030.0,9073213.0,9073213.0,17280.0,4621053.0,67913679.0,28.0,28.0,12.0,12.0,12.0,12.0,12.0,12.0,10.0,10.0,10.0,10.0,10.0,10.0,10.0,10.0,,,,,,,,,,,,,,,,,,,
384x384x384w32-32-27,9061033.0,9061033.0,9058873.0,3676.0,558.0,9056798.0,611398.0,8443241.0,9054639.0,9058873.0,2160.0,9061017.0,9061017.0,9058857.0,3668.0,532.0,9056816.0,634122.0,8420535.0,9054657.0,9058857.0,2160.0,9061017.0,9061017.0,9058857.0,3668.0,603.0,9056745.0,643881.0,8410705.0,9054586.0,9058857.0,2160.0,9061017.0,9061017.0,9058857.0,3668.0,545.0,9056803.0,558255.0,8496389.0,9054644.0,9058857.0,2160.0,9061015.0,9061015.0,9058855.0,3666.0,571.0,9056777.0,581034.0,8473584.0,9054618.0,9058855.0,2160.0,9061015.0,9061015.0,9058855.0,3666.0,541.0,9056807.0,531166.0,8523482.0,9054648.0,9058855.0,2160.0,9061015.0,9061015.0,9058855.0,3666.0,551.0,9056797.0,539458.0,8515180.0,9054638.0,9058855.0,2160.0,9061015.0,9061015.0,9058855.0,3666.0,536.0,9056812.0,534316.0,8520337.0,9054653.0,9058855.0,2160.0,9056818.0,9061005.0,9061005.0,17280.0,4633630.0,67803453.0,28.0,28.0,12.0,12.0,12.0,12.0,12.0,12.0,10.0,10.0,10.0,10.0,10.0,10.0,10.0,10.0,,,,,,,,,,,,,,,,,,,
384x384x384w32-32-28,8985132.0,8985132.0,8983116.0,3689.0,654.0,8980788.0,592082.0,8386691.0,8978773.0,8983116.0,2016.0,8985116.0,8985116.0,8983100.0,3689.0,587.0,8980839.0,612564.0,8366260.0,8978824.0,8983100.0,2016.0,8985116.0,8985116.0,8983100.0,3681.0,585.0,8980849.0,626737.0,8352097.0,8978834.0,8983100.0,2016.0,8985116.0,8985116.0,8983100.0,3681.0,595.0,8980839.0,567804.0,8411020.0,8978824.0,8983100.0,2016.0,8985114.0,8985114.0,8983098.0,3679.0,557.0,8980877.0,582340.0,8396522.0,8978862.0,8983098.0,2016.0,8985114.0,8985114.0,8983098.0,3679.0,546.0,8980888.0,541698.0,8437175.0,8978873.0,8983098.0,2016.0,8985114.0,8985114.0,8983098.0,3679.0,546.0,8980888.0,549922.0,8428951.0,8978873.0,8983098.0,2016.0,8985114.0,8985114.0,8983098.0,3679.0,546.0,8980888.0,542456.0,8436417.0,8978873.0,8983098.0,2016.0,8980893.0,8985104.0,8985104.0,16128.0,4615603.0,67215133.0,28.0,28.0,12.0,12.0,12.0,12.0,12.0,12.0,10.0,10.0,10.0,10.0,10.0,10.0,10.0,10.0,,,,,,,,,,,,,,,,,,,
384x384x384w32-32-29,8981847.0,8981847.0,8979831.0,3710.0,547.0,8977589.0,589748.0,8385826.0,8975574.0,8979831.0,2016.0,8981831.0,8981831.0,8979815.0,3710.0,515.0,8977605.0,596030.0,8379560.0,8975590.0,8979815.0,2016.0,8981831.0,8981831.0,8979815.0,3702.0,550.0,8977578.0,621423.0,8354140.0,8975563.0,8979815.0,2016.0,8981831.0,8981831.0,8979815.0,3702.0,515.0,8977613.0,565712.0,8409886.0,8975598.0,8979815.0,2016.0,8981829.0,8981829.0,8979813.0,3700.0,548.0,8977580.0,570686.0,8404879.0,8975565.0,8979813.0,2016.0,8981829.0,8981829.0,8979813.0,3700.0,524.0,8977604.0,532307.0,8443282.0,8975589.0,8979813.0,2016.0,8981829.0,8981829.0,8979813.0,3700.0,532.0,8977596.0,556962.0,8418619.0,8975581.0,8979813.0,2016.0,8981821.0,8981821.0,8979805.0,3700.0,524.0,8977596.0,528698.0,8446883.0,8975581.0,8979805.0,2016.0,8977614.0,8981819.0,8981819.0,16128.0,4561566.0,67243075.0,28.0,28.0,12.0,12.0,12.0,12.0,12.0,12.0,10.0,10.0,10.0,10.0,10.0,10.0,2.0,2.0,,,,,,,,,,,,,,,,,,,
384x384x384w32-32-30,8875268.0,8875268.0,8873396.0,3703.0,561.0,8871003.0,555053.0,8314079.0,8869132.0,8873396.0,1872.0,8875261.0,8875261.0,8873389.0,3703.0,596.0,8870961.0,565572.0,8303518.0,8869090.0,8873389.0,1872.0,8875260.0,8875260.0,8873388.0,3703.0,614.0,8870942.0,580955.0,8288116.0,8869071.0,8873388.0,1872.0,8875259.0,8875259.0,8873387.0,3703.0,551.0,8871004.0,528206.0,8340927.0,8869133.0,8873387.0,1872.0,8875256.0,8875256.0,8873384.0,3701.0,561.0,8870993.0,535236.0,8333886.0,8869122.0,8873384.0,1872.0,8875255.0,8875255.0,8873383.0,3693.0,534.0,8871027.0,497991.0,8371165.0,8869156.0,8873383.0,1872.0,8875254.0,8875254.0,8873382.0,3693.0,541.0,8871019.0,502211.0,8366937.0,8869148.0,8873382.0,1872.0,8875253.0,8875253.0,8873381.0,3693.0,548.0,8871011.0,514719.0,8354421.0,8869140.0,8873381.0,1872.0,8871027.0,8875250.0,8875250.0,14976.0,4279943.0,66673049.0,18.0,18.0,11.0,11.0,10.0,10.0,9.0,9.0,6.0,6.0,5.0,5.0,4.0,4.0,3.0,3.0,,,,,,,,,,,,,,,,,,,
384x384x384w32-32-31,8822750.0,8822750.0,8820878.0,3724.0,608.0,8818417.0,561089.0,8255457.0,8816546.0,8820878.0,1872.0,8822743.0,8822743.0,8820871.0,3724.0,550.0,8818468.0,557622.0,8258975.0,8816597.0,8820871.0,1872.0,8822742.0,8822742.0,8820870.0,3724.0,553.0,8818464.0,558967.0,8257626.0,8816593.0,8820870.0,1872.0,8822741.0,8822741.0,8820869.0,3724.0,536.0,8818480.0,528271.0,8288338.0,8816609.0,8820869.0,1872.0,8822738.0,8822738.0,8820866.0,3714.0,582.0,8818441.0,541065.0,8275505.0,8816570.0,8820866.0,1872.0,8822737.0,8822737.0,8820865.0,3714.0,555.0,8818467.0,502222.0,8314374.0,8816596.0,8820865.0,1872.0,8822736.0,8822736.0,8820864.0,3714.0,539.0,8818482.0,504532.0,8312079.0,8816611.0,8820864.0,1872.0,8822735.0,8822735.0,8820863.0,3714.0,549.0,8818471.0,501404.0,8315196.0,8816600.0,8820863.0,1872.0,8818487.0,8822732.0,8822732.0,14976.0,4255172.0,66277550.0,18.0,18.0,11.0,11.0,10.0,10.0,9.0,9.0,6.0,6.0,5.0,5.0,4.0,4.0,3.0,3.0,,,,,,,,,,,,,,,,,,,
384x384x384w33-24-30,9831649.0,9831649.0,9829153.0,3734.0,480.0,9827434.0,722322.0,9102617.0,9824939.0,9829153.0,2496.0,9831631.0,9831631.0,9829135.0,3734.0,459.0,9827437.0,2394333.0,7430609.0,9824942.0,9829135.0,2496.0,9831632.0,9831632.0,9829136.0,3734.0,462.0,9827435.0,2400525.0,7424415.0,9824940.0,9829136.0,2496.0,9831630.0,9831630.0,9829134.0,3734.0,452.0,9827443.0,2378642.0,7446306.0,9824948.0,9829134.0,2496.0,9831629.0,9831629.0,9829133.0,3732.0,440.0,9827456.0,2381052.0,7443909.0,9824961.0,9829133.0,2496.0,9831629.0,9831629.0,9829133.0,3732.0,1074.0,9826822.0,2507782.0,7316545.0,9824327.0,9829133.0,2496.0,9831629.0,9831629.0,9829133.0,3732.0,1052.0,9826844.0,2511792.0,7312557.0,9824349.0,9829133.0,2496.0,9831629.0,9831629.0,9829133.0,3732.0,1077.0,9826819.0,2508527.0,7315797.0,9824324.0,9829133.0,2496.0,9827460.0,9831627.0,9831627.0,19968.0,17804975.0,60792755.0,22.0,22.0,4.0,4.0,5.0,5.0,3.0,3.0,2.0,2.0,2.0,2.0,2.0,2.0,2.0,2.0,,,,,,,,,,,,,,,,,,,
384x384x384w33-24-31,9833979.0,9833979.0,9831483.0,3727.0,488.0,9829763.0,721118.0,9106150.0,9827268.0,9831483.0,2496.0,9833969.0,9833969.0,9831473.0,3727.0,464.0,9829777.0,2389251.0,7438031.0,9827282.0,9831473.0,2496.0,9833968.0,9833968.0,9831472.0,3727.0,470.0,9829770.0,2397841.0,7429434.0,9827275.0,9831472.0,2496.0,9833967.0,9833967.0,9831471.0,3727.0,467.0,9829772.0,2366689.0,7460588.0,9827277.0,9831471.0,2496.0,9833964.0,9833964.0,9831468.0,3725.0,450.0,9829788.0,2373917.0,7453376.0,9827293.0,9831468.0,2496.0,9833963.0,9833963.0,9831467.0,3725.0,773.0,9829464.0,2489403.0,7337566.0,9826969.0,9831467.0,2496.0,9833962.0,9833962.0,9831466.0,3725.0,772.0,9829464.0,2503877.0,7323092.0,9826969.0,9831466.0,2496.0,9833961.0,9833961.0,9831465.0,3725.0,796.0,9829439.0,2496332.0,7330612.0,9826944.0,9831465.0,2496.0,9829792.0,9833958.0,9833958.0,19968.0,17738428.0,60878849.0,21.0,21.0,11.0,11.0,10.0,10.0,9.0,9.0,6.0,6.0,5.0,5.0,4.0,4.0,3.0,3.0,,,,,,,,,,,,,,,,,,,
384x384x384w34-24-30,9650426.0,9650426.0,9647930.0,3684.0,404.0,9646337.0,687150.0,8956692.0,9643842.0,9647930.0,2496.0,9650410.0,9650410.0,9647914.0,3684.0,386.0,9646339.0,687370.0,8956474.0,9643844.0,9647914.0,2496.0,9650410.0,9650410.0,9647914.0,3684.0,987.0,9645738.0,2520708.0,7122535.0,9643243.0,9647914.0,2496.0,9650410.0,9650410.0,9647914.0,3684.0,991.0,9645734.0,2501522.0,7141717.0,9643239.0,9647914.0,2496.0,9650408.0,9650408.0,9647912.0,3682.0,982.0,9645743.0,2505249.0,7137999.0,9643248.0,9647912.0,2496.0,9650408.0,9650408.0,9647912.0,3682.0,974.0,9645751.0,2479865.0,7163391.0,9643256.0,9647912.0,2496.0,9650408.0,9650408.0,9647912.0,3682.0,976.0,9645749.0,2475263.0,7167991.0,9643254.0,9647912.0,2496.0,9650400.0,9650400.0,9647904.0,3682.0,967.0,9645750.0,2481757.0,7161498.0,9643255.0,9647904.0,2496.0,9646340.0,9650398.0,9650398.0,19968.0,16338884.0,60808297.0,28.0,28.0,12.0,12.0,12.0,12.0,12.0,12.0,10.0,10.0,10.0,10.0,10.0,10.0,2.0,2.0,,,,,,,,,,,,,,,,,,,
384x384x384w35-24-28,9400289.0,9400289.0,9397825.0,3702.0,513.0,9396073.0,709413.0,8684197.0,9393610.0,9397825.0,2464.0,9400287.0,9400287.0,9397823.0,3702.0,505.0,9396079.0,716462.0,8677154.0,9393616.0,9397823.0,2464.0,9400287.0,9400287.0,9397823.0,3702.0,1039.0,9395545.0,876480.0,8516602.0,9393082.0,9397823.0,2464.0,9400278.0,9400278.0,9397814.0,3702.0,1038.0,9395537.0,2380949.0,7012125.0,9393074.0,9397814.0,2464.0,9400275.0,9400275.0,9397811.0,3700.0,1036.0,9395538.0,2389664.0,7003411.0,9393075.0,9397811.0,2464.0,9400274.0,9400274.0,9397810.0,3700.0,1013.0,9395560.0,2365437.0,7027660.0,9393097.0,9397810.0,2464.0,9400273.0,9400273.0,9397809.0,3700.0,1012.0,9395560.0,2377999.0,7015098.0,9393097.0,9397809.0,2464.0,9400277.0,9400277.0,9397813.0,3692.0,1020.0,9395564.0,2360150.0,7032951.0,9393101.0,9397813.0,2464.0,9396081.0,9400275.0,9400275.0,19712.0,14176554.0,60969198.0,14.0,14.0,12.0,12.0,12.0,12.0,3.0,3.0,0.0,0.0,1.0,1.0,2.0,2.0,2.0,2.0,,,,,,,,,,,,,,,,,,,
384x384x384w35-24-29,9412524.0,9412524.0,9410060.0,3739.0,516.0,9408268.0,711140.0,8694665.0,9405805.0,9410060.0,2464.0,9412512.0,9412512.0,9410048.0,3739.0,503.0,9408269.0,722416.0,8683390.0,9405806.0,9410048.0,2464.0,9412512.0,9412512.0,9410048.0,3739.0,695.0,9408077.0,879322.0,8526292.0,9405614.0,9410048.0,2464.0,9412512.0,9412512.0,9410048.0,3739.0,680.0,9408092.0,2382739.0,7022890.0,9405629.0,9410048.0,2464.0,9412510.0,9412510.0,9410046.0,3737.0,722.0,9408050.0,2396752.0,7008835.0,9405587.0,9410046.0,2464.0,9412510.0,9412510.0,9410046.0,3737.0,705.0,9408067.0,2368124.0,7037480.0,9405604.0,9410046.0,2464.0,9412510.0,9412510.0,9410046.0,3737.0,704.0,9408068.0,2369959.0,7035646.0,9405605.0,9410046.0,2464.0,9412502.0,9412502.0,9410038.0,3729.0,677.0,9408095.0,2361858.0,7043774.0,9405632.0,9410038.0,2464.0,9408271.0,9412500.0,9412500.0,19712.0,14192310.0,61052972.0,24.0,24.0,12.0,12.0,12.0,12.0,12.0,12.0,10.0,10.0,10.0,10.0,10.0,10.0,2.0,2.0,,,,,,,,,,,,,,,,,,,
384x384x384w36-24-28,9120627.0,9120627.0,9118163.0,3697.0,489.0,9116440.0,727282.0,8386695.0,9113977.0,9118163.0,2464.0,9120618.0,9120618.0,9118154.0,3697.0,483.0,9116437.0,741091.0,8372883.0,9113974.0,9118154.0,2464.0,9120617.0,9120617.0,9118153.0,3697.0,484.0,9116435.0,743170.0,8370802.0,9113972.0,9118153.0,2464.0,9120616.0,9120616.0,9118152.0,3697.0,497.0,9116421.0,704868.0,8409090.0,9113958.0,9118152.0,2464.0,9120613.0,9120613.0,9118149.0,3695.0,495.0,9116422.0,2261700.0,6852259.0,9113959.0,9118149.0,2464.0,9120612.0,9120612.0,9118148.0,3695.0,508.0,9116408.0,2242747.0,6871198.0,9113945.0,9118148.0,2464.0,9120611.0,9120611.0,9118147.0,3695.0,493.0,9116422.0,2243192.0,6870767.0,9113959.0,9118147.0,2464.0,9120610.0,9120610.0,9118146.0,3687.0,491.0,9116431.0,2238483.0,6875485.0,9113968.0,9118146.0,2464.0,9116441.0,9120607.0,9120607.0,19712.0,11902533.0,61009179.0,20.0,20.0,11.0,11.0,10.0,10.0,9.0,9.0,6.0,6.0,5.0,5.0,4.0,4.0,3.0,3.0,,,,,,,,,,,,,,,,,,,
384x384x384w39-24-26,8631512.0,8631512.0,8629112.0,3745.0,481.0,8627285.0,707758.0,7917128.0,8624886.0,8629112.0,2400.0,8631502.0,8631502.0,8629102.0,3745.0,985.0,8626771.0,866235.0,7758137.0,8624372.0,8629102.0,2400.0,8631502.0,8631502.0,8629102.0,3745.0,960.0,8626796.0,863289.0,7761108.0,8624397.0,8629102.0,2400.0,8631502.0,8631502.0,8629102.0,3745.0,974.0,8626782.0,844649.0,7779734.0,8624383.0,8629102.0,2400.0,8631500.0,8631500.0,8629100.0,3743.0,973.0,8626783.0,838286.0,7786098.0,8624384.0,8629100.0,2400.0,8631500.0,8631500.0,8629100.0,3743.0,956.0,8626800.0,814746.0,7809655.0,8624401.0,8629100.0,2400.0,8631500.0,8631500.0,8629100.0,3743.0,941.0,8626815.0,815585.0,7808831.0,8624416.0,8629100.0,2400.0,8631500.0,8631500.0,8629100.0,3743.0,956.0,8626800.0,2229109.0,6395292.0,8624401.0,8629100.0,2400.0,8627285.0,8631490.0,8631490.0,19200.0,7979657.0,61015983.0,22.0,22.0,12.0,12.0,12.0,12.0,12.0,12.0,10.0,10.0,10.0,10.0,10.0,10.0,10.0,10.0,,,,,,,,,,,,,,,,,,,
384x384x384w42-24-24,9290287.0,9290287.0,9287727.0,3638.0,300.0,9286348.0,571275.0,8712514.0,9283789.0,9287727.0,2560.0,9290288.0,9290288.0,9287728.0,3638.0,301.0,9286348.0,590071.0,8693718.0,9283789.0,9287728.0,2560.0,9290287.0,9290287.0,9287727.0,3638.0,325.0,9286323.0,1977373.0,7306391.0,9283764.0,9287727.0,2560.0,9290286.0,9290286.0,9287726.0,3638.0,314.0,9286333.0,1961323.0,7322451.0,9283774.0,9287726.0,2560.0,9290283.0,9290283.0,9287723.0,3636.0,307.0,9286339.0,1938531.0,7345249.0,9283780.0,9287723.0,2560.0,9290282.0,9290282.0,9287722.0,3628.0,295.0,9286358.0,1912832.0,7370967.0,9283799.0,9287722.0,2560.0,9290281.0,9290281.0,9287977.0,3628.0,217399.0,9069253.0,1861486.0,7205464.0,9066950.0,9287977.0,2304.0,9290280.0,9290280.0,9287976.0,3628.0,217380.0,9069271.0,1848456.0,7218512.0,9066968.0,9287976.0,2304.0,9286358.0,9290277.0,9290277.0,19968.0,12661347.0,61175266.0,10.0,10.0,11.0,11.0,10.0,10.0,9.0,9.0,6.0,6.0,5.0,5.0,4.0,4.0,3.0,3.0,,,,,,,,,,,,,,,,,,,
384x384x384w12-16-64,11220724.0,11220724.0,11216116.0,3401.0,371.0,11216951.0,1175496.0,10036848.0,11212344.0,11216116.0,4608.0,11220714.0,11220714.0,11216106.0,3393.0,393.0,11216927.0,1168783.0,10043537.0,11212320.0,11216106.0,4608.0,11220713.0,11220713.0,11216105.0,3393.0,378.0,11216941.0,1169423.0,10042911.0,11212334.0,11216105.0,4608.0,11220712.0,11220712.0,11216104.0,3393.0,365.0,11216953.0,1136159.0,10076187.0,11212346.0,11216104.0,4608.0,11220709.0,11220709.0,11216101.0,3391.0,1418.0,11215899.0,5991000.0,5220292.0,11211292.0,11216101.0,4608.0,11220708.0,11220708.0,11216100.0,3391.0,1412.0,11215904.0,5973553.0,5237744.0,11211297.0,11216100.0,4608.0,11220707.0,11220707.0,11216099.0,3391.0,1427.0,11215888.0,5966992.0,5244289.0,11211281.0,11216099.0,4608.0,11220706.0,11220706.0,11216098.0,3391.0,1421.0,11215893.0,5967645.0,5243641.0,11211286.0,11216098.0,4608.0,11216958.0,11220703.0,11220703.0,36864.0,28549051.0,61145449.0,21.0,21.0,11.0,11.0,10.0,10.0,9.0,9.0,6.0,6.0,5.0,5.0,4.0,4.0,3.0,3.0,,,,,,,,,,,,,,,,,,,
384x384x384w12-64-16,12167325.0,12167325.0,12162717.0,3299.0,467.0,12163558.0,1196316.0,10962635.0,12158951.0,12162717.0,4608.0,12167309.0,12167309.0,12162701.0,3299.0,426.0,12163583.0,1238727.0,10920249.0,12158976.0,12162701.0,4608.0,12167309.0,12167309.0,12162701.0,3299.0,469.0,12163540.0,1199626.0,10959307.0,12158933.0,12162701.0,4608.0,12167309.0,12167309.0,12162701.0,3299.0,442.0,12163567.0,1135284.0,11023676.0,12158960.0,12162701.0,4608.0,12167307.0,12167307.0,12162699.0,3297.0,1569.0,12162440.0,6235694.0,5922139.0,12157833.0,12162699.0,4608.0,12167307.0,12167307.0,12162699.0,3297.0,1567.0,12162442.0,6210667.0,5947168.0,12157835.0,12162699.0,4608.0,12167307.0,12167307.0,12162699.0,3297.0,1542.0,12162467.0,6189078.0,5968782.0,12157860.0,12162699.0,4608.0,12167299.0,12167299.0,12162691.0,3289.0,1534.0,12162475.0,6203132.0,5954736.0,12157868.0,12162691.0,4608.0,12163585.0,12167297.0,12167297.0,36864.0,29608524.0,67658692.0,28.0,28.0,12.0,12.0,12.0,12.0,12.0,12.0,10.0,10.0,10.0,10.0,10.0,10.0,2.0,2.0,,,,,,,,,,,,,,,,,,,
384x384x384w16-16-64,8532675.0,8532675.0,8529219.0,3452.0,409.0,8528813.0,910946.0,7614412.0,8525358.0,8529219.0,3456.0,8532666.0,8532666.0,8529210.0,3452.0,400.0,8528813.0,919750.0,7605608.0,8525358.0,8529210.0,3456.0,8532665.0,8532665.0,8529209.0,3444.0,399.0,8528821.0,895705.0,7629661.0,8525366.0,8529209.0,3456.0,8532664.0,8532664.0,8529208.0,3444.0,391.0,8528828.0,886578.0,7638795.0,8525373.0,8529208.0,3456.0,8532661.0,8532661.0,8529205.0,3442.0,410.0,8528808.0,877450.0,7647903.0,8525353.0,8529205.0,3456.0,8532660.0,8532660.0,8529204.0,3442.0,405.0,8528812.0,867050.0,7658307.0,8525357.0,8529204.0,3456.0,8532659.0,8532659.0,8529203.0,3442.0,403.0,8528813.0,854258.0,7671100.0,8525358.0,8529203.0,3456.0,8532658.0,8532658.0,8529202.0,3442.0,392.0,8528823.0,874676.0,7650692.0,8525368.0,8529202.0,3456.0,8528829.0,8532655.0,8532655.0,27648.0,7086413.0,61116478.0,20.0,20.0,11.0,11.0,10.0,10.0,9.0,9.0,6.0,6.0,5.0,5.0,4.0,4.0,3.0,3.0,,,,,,,,,,,,,,,,,,,
384x384x384w16-24-32,8785189.0,8785189.0,8780581.0,3323.0,398.0,8781467.0,1146651.0,7630209.0,8776860.0,8780581.0,4608.0,8785180.0,8785180.0,8780572.0,3323.0,421.0,8781435.0,1164432.0,7612396.0,8776828.0,8780572.0,4608.0,8785180.0,8785180.0,8780572.0,3323.0,411.0,8781445.0,1171559.0,7605279.0,8776838.0,8780572.0,4608.0,8785180.0,8785180.0,8780572.0,3323.0,416.0,8781440.0,1152265.0,7624568.0,8776833.0,8780572.0,4608.0,8785178.0,8785178.0,8780570.0,3321.0,409.0,8781447.0,1122097.0,7654743.0,8776840.0,8780570.0,4608.0,8785178.0,8785178.0,8780570.0,3321.0,398.0,8781458.0,1102243.0,7674608.0,8776851.0,8780570.0,4608.0,8785178.0,8785178.0,8780570.0,3321.0,389.0,8781467.0,1100747.0,7676113.0,8776860.0,8780570.0,4608.0,8785170.0,8785170.0,8780562.0,3313.0,395.0,8781461.0,1103680.0,7673174.0,8776854.0,8780562.0,4608.0,8781474.0,8785168.0,8785168.0,36864.0,9063674.0,61151090.0,21.0,21.0,12.0,12.0,12.0,12.0,12.0,12.0,10.0,10.0,10.0,10.0,10.0,10.0,2.0,2.0,,,,,,,,,,,,,,,,,,,
384x384x384w16-32-24,9791061.0,9791061.0,9786453.0,3294.0,405.0,9787361.0,1072081.0,8710673.0,9782754.0,9786453.0,4608.0,9791051.0,9791051.0,9786443.0,3294.0,414.0,9787342.0,1118831.0,8663904.0,9782735.0,9786443.0,4608.0,9791050.0,9791050.0,9786442.0,3294.0,420.0,9787335.0,1087227.0,8695501.0,9782728.0,9786442.0,4608.0,9791049.0,9791049.0,9786441.0,3294.0,385.0,9787369.0,1040369.0,8742393.0,9782762.0,9786441.0,4608.0,9791046.0,9791046.0,9786438.0,3292.0,402.0,9787351.0,1074439.0,8708305.0,9782744.0,9786438.0,4608.0,9791045.0,9791045.0,9786437.0,3284.0,415.0,9787345.0,1031692.0,8751046.0,9782738.0,9786437.0,4608.0,9791044.0,9791044.0,9786436.0,3284.0,407.0,9787352.0,1048225.0,8734520.0,9782745.0,9786436.0,4608.0,9791043.0,9791043.0,9786435.0,3284.0,424.0,9787334.0,1037322.0,8745405.0,9782727.0,9786435.0,4608.0,9787375.0,9791040.0,9791040.0,36864.0,8510186.0,69751747.0,21.0,21.0,11.0,11.0,10.0,10.0,9.0,9.0,6.0,6.0,5.0,5.0,4.0,4.0,3.0,3.0,,,,,,,,,,,,,,,,,,,
384x384x384w16-32-32,9237628.0,9237628.0,9234172.0,3411.0,439.0,9233777.0,859072.0,8371250.0,9230322.0,9234172.0,3456.0,9237618.0,9237618.0,9234162.0,3411.0,415.0,9233791.0,873733.0,8356603.0,9230336.0,9234162.0,3456.0,9237618.0,9237618.0,9234162.0,3411.0,451.0,9233755.0,872805.0,8357495.0,9230300.0,9234162.0,3456.0,9237618.0,9237618.0,9234162.0,3411.0,438.0,9233768.0,843876.0,8386437.0,9230313.0,9234162.0,3456.0,9237616.0,9237616.0,9234160.0,3409.0,406.0,9233800.0,844718.0,8385627.0,9230345.0,9234160.0,3456.0,9237616.0,9237616.0,9234160.0,3409.0,430.0,9233776.0,815008.0,8415313.0,9230321.0,9234160.0,3456.0,9237616.0,9237616.0,9234160.0,3409.0,414.0,9233792.0,834617.0,8395720.0,9230337.0,9234160.0,3456.0,9237616.0,9237616.0,9234160.0,3409.0,422.0,9233784.0,812224.0,8418105.0,9230329.0,9234160.0,3456.0,9233804.0,9237606.0,9237606.0,27648.0,6756053.0,67086550.0,22.0,22.0,12.0,12.0,12.0,12.0,12.0,12.0,10.0,10.0,10.0,10.0,10.0,10.0,10.0,10.0,,,,,,,,,,,,,,,,,,,
384x384x384w16-48-16,9012389.0,9012389.0,9007781.0,3237.0,445.0,9008706.0,1177977.0,7826122.0,9004099.0,9007781.0,4608.0,9012380.0,9012380.0,9007772.0,3237.0,450.0,9008692.0,1182299.0,7821786.0,9004085.0,9007772.0,4608.0,9012379.0,9012379.0,9007771.0,3237.0,447.0,9008694.0,1170547.0,7833540.0,9004087.0,9007771.0,4608.0,9012378.0,9012378.0,9007770.0,3237.0,452.0,9008688.0,1141500.0,7862581.0,9004081.0,9007770.0,4608.0,9012375.0,9012375.0,9007767.0,3235.0,448.0,9008691.0,1150849.0,7853235.0,9004084.0,9007767.0,4608.0,9012374.0,9012374.0,9007766.0,3235.0,442.0,9008696.0,1113207.0,7890882.0,9004089.0,9007766.0,4608.0,9012373.0,9012373.0,9007765.0,3235.0,443.0,9008694.0,1122956.0,7881131.0,9004087.0,9007765.0,4608.0,9012372.0,9012372.0,9007764.0,3235.0,423.0,9008713.0,1102876.0,7901230.0,9004106.0,9007764.0,4608.0,9008720.0,9012369.0,9012369.0,36864.0,9162211.0,62870507.0,20.0,20.0,11.0,11.0,10.0,10.0,9.0,9.0,6.0,6.0,5.0,5.0,4.0,4.0,3.0,3.0,,,,,,,,,,,,,,,,,,,
384x384x384w16-64-12,9855865.0,9855865.0,9851257.0,3224.0,492.0,9852148.0,1258087.0,8589454.0,9847541.0,9851257.0,4608.0,9855858.0,9855858.0,9851250.0,3224.0,505.0,9852128.0,1122632.0,8724889.0,9847521.0,9851250.0,4608.0,9855857.0,9855857.0,9851249.0,3224.0,511.0,9852121.0,1121417.0,8726097.0,9847514.0,9851249.0,4608.0,9855856.0,9855856.0,9851248.0,3224.0,477.0,9852154.0,1018329.0,8829218.0,9847547.0,9851248.0,4608.0,9855853.0,9855853.0,9851245.0,3222.0,458.0,9852172.0,1044079.0,8803486.0,9847565.0,9851245.0,4608.0,9855852.0,9855852.0,9851244.0,3214.0,447.0,9852190.0,1025737.0,8821846.0,9847583.0,9851244.0,4608.0,9855851.0,9855851.0,9851243.0,3214.0,441.0,9852195.0,983464.0,8864124.0,9847588.0,9851243.0,4608.0,9855850.0,9855850.0,9851242.0,3214.0,448.0,9852187.0,999958.0,8847622.0,9847580.0,9851242.0,4608.0,9852196.0,9855847.0,9855847.0,36864.0,8573703.0,70206736.0,18.0,18.0,11.0,11.0,10.0,10.0,9.0,9.0,6.0,6.0,5.0,5.0,4.0,4.0,3.0,3.0,,,,,,,,,,,,,,,,,,,
384x384x384w16-64-16,9590041.0,9590041.0,9586585.0,3355.0,504.0,9586181.0,958070.0,8624656.0,9582726.0,9586585.0,3456.0,9590030.0,9590030.0,9586574.0,3355.0,479.0,9586195.0,1002077.0,8580663.0,9582740.0,9586574.0,3456.0,9590030.0,9590030.0,9586574.0,3355.0,560.0,9586114.0,1002748.0,8579911.0,9582659.0,9586574.0,3456.0,9590030.0,9590030.0,9586574.0,3355.0,510.0,9586164.0,874246.0,8708463.0,9582709.0,9586574.0,3456.0,9590028.0,9590028.0,9586572.0,3353.0,463.0,9586211.0,899034.0,8683722.0,9582756.0,9586572.0,3456.0,9590028.0,9590028.0,9586572.0,3353.0,493.0,9586181.0,869566.0,8713160.0,9582726.0,9586572.0,3456.0,9590028.0,9590028.0,9586572.0,3353.0,477.0,9586197.0,871258.0,8711484.0,9582742.0,9586572.0,3456.0,9590020.0,9590020.0,9586564.0,3353.0,469.0,9586197.0,853493.0,8729249.0,9582742.0,9586564.0,3456.0,9586215.0,9590018.0,9590018.0,27648.0,7330492.0,69331308.0,23.0,23.0,12.0,12.0,12.0,12.0,12.0,12.0,10.0,10.0,10.0,10.0,10.0,10.0,2.0,2.0,,,,,,,,,,,,,,,,,,,
384x384x384w24-16-32,8928311.0,8928311.0,8923703.0,3338.0,428.0,8924544.0,1201341.0,7718596.0,8919937.0,8923703.0,4608.0,8928302.0,8928302.0,8923694.0,3330.0,444.0,8924527.0,1209616.0,7710304.0,8919920.0,8923694.0,4608.0,8928301.0,8928301.0,8923693.0,3330.0,426.0,8924544.0,1208990.0,7710947.0,8919937.0,8923693.0,4608.0,8928300.0,8928300.0,8923692.0,3330.0,436.0,8924533.0,1165229.0,7754697.0,8919926.0,8923692.0,4608.0,8928297.0,8928297.0,8923689.0,3328.0,440.0,8924528.0,1175848.0,7744073.0,8919921.0,8923689.0,4608.0,8928296.0,8928296.0,8923688.0,3328.0,451.0,8924516.0,1154147.0,7765762.0,8919909.0,8923688.0,4608.0,8928295.0,8928295.0,8923687.0,3328.0,433.0,8924533.0,1125638.0,7794288.0,8919926.0,8923687.0,4608.0,8928294.0,8928294.0,8923686.0,3328.0,448.0,8924517.0,1171459.0,7748451.0,8919910.0,8923686.0,4608.0,8924551.0,8928291.0,8928291.0,36864.0,9412268.0,61947118.0,20.0,20.0,11.0,11.0,10.0,10.0,9.0,9.0,6.0,6.0,5.0,5.0,4.0,4.0,3.0,3.0,,,,,,,,,,,,,,,,,,,
384x384x384w24-24-24,8588835.0,8588835.0,8584739.0,3295.0,398.0,8585141.0,903998.0,7677048.0,8581046.0,8584739.0,4096.0,8588827.0,8588827.0,8584731.0,3295.0,400.0,8585131.0,921532.0,7659504.0,8581036.0,8584731.0,4096.0,8588826.0,8588826.0,8584730.0,3295.0,401.0,8585129.0,946366.0,7634668.0,8581034.0,8584730.0,4096.0,8588825.0,8588825.0,8584729.0,3295.0,393.0,8585136.0,880733.0,7700308.0,8581041.0,8584729.0,4096.0,8588822.0,8588822.0,8584726.0,3293.0,424.0,8585104.0,877250.0,7703759.0,8581009.0,8584726.0,4096.0,8588821.0,8588821.0,8584725.0,3293.0,406.0,8585121.0,870536.0,7710490.0,8581026.0,8584725.0,4096.0,8588820.0,8588820.0,8584724.0,3285.0,407.0,8585127.0,879883.0,7701149.0,8581032.0,8584724.0,4096.0,8588819.0,8588819.0,8584723.0,3285.0,402.0,8585131.0,868313.0,7712723.0,8581036.0,8584723.0,4096.0,8585143.0,8588816.0,8588816.0,32768.0,7148611.0,61499649.0,19.0,19.0,11.0,11.0,10.0,10.0,9.0,9.0,6.0,6.0,5.0,5.0,4.0,4.0,3.0,3.0,,,,,,,,,,,,,,,,,,,
384x384x384w24-24-32,8382664.0,8382664.0,8379592.0,3498.0,482.0,8378683.0,784784.0,7590828.0,8375612.0,8379592.0,3072.0,8382656.0,8382656.0,8379584.0,3498.0,480.0,8378677.0,785590.0,7590016.0,8375606.0,8379584.0,3072.0,8382655.0,8382655.0,8379583.0,3498.0,478.0,8378678.0,799860.0,7575747.0,8375607.0,8379583.0,3072.0,8382654.0,8382654.0,8379582.0,3498.0,450.0,8378705.0,777817.0,7597817.0,8375634.0,8379582.0,3072.0,8382651.0,8382651.0,8379579.0,3496.0,449.0,8378705.0,756024.0,7619610.0,8375634.0,8379579.0,3072.0,8382650.0,8382650.0,8379578.0,3496.0,420.0,8378733.0,738432.0,7637230.0,8375662.0,8379578.0,3072.0,8382649.0,8382649.0,8379577.0,3496.0,424.0,8378728.0,726953.0,7648704.0,8375657.0,8379577.0,3072.0,8382648.0,8382648.0,8379576.0,3488.0,419.0,8378740.0,742399.0,7633270.0,8375669.0,8379576.0,3072.0,8378740.0,8382645.0,8382645.0,24576.0,6111859.0,60893222.0,19.0,19.0,11.0,11.0,10.0,10.0,9.0,9.0,6.0,6.0,5.0,5.0,4.0,4.0,3.0,3.0,,,,,,,,,,,,,,,,,,,
384x384x384w24-32-16,10015089.0,10015089.0,10010481.0,3252.0,509.0,10011327.0,1217888.0,8788832.0,10006720.0,10010481.0,4608.0,10015087.0,10015087.0,10010479.0,3252.0,476.0,10011358.0,1245104.0,8761647.0,10006751.0,10010479.0,4608.0,10015086.0,10015086.0,10010478.0,3244.0,525.0,10011316.0,1285366.0,8721343.0,10006709.0,10010478.0,4608.0,10015085.0,10015085.0,10010477.0,3244.0,468.0,10011372.0,1178453.0,8828312.0,10006765.0,10010477.0,4608.0,10015082.0,10015082.0,10010474.0,3242.0,494.0,10011345.0,1220926.0,8785812.0,10006738.0,10010474.0,4608.0,10015081.0,10015081.0,10010473.0,3242.0,484.0,10011354.0,1151870.0,8854877.0,10006747.0,10010473.0,4608.0,10015080.0,10015080.0,10010472.0,3242.0,491.0,10011346.0,1142790.0,8863949.0,10006739.0,10010472.0,4608.0,10015079.0,10015079.0,10010471.0,3242.0,482.0,10011354.0,1178682.0,8828065.0,10006747.0,10010471.0,4608.0,10011373.0,10015076.0,10015076.0,36864.0,9621079.0,70432837.0,13.0,13.0,11.0,11.0,10.0,10.0,9.0,9.0,6.0,6.0,5.0,5.0,4.0,4.0,3.0,3.0,,,,,,,,,,,,,,,,,,,
384x384x384w24-32-24,9349436.0,9349436.0,9346364.0,3425.0,443.0,9345567.0,726299.0,8616197.0,9342496.0,9346364.0,3072.0,9349428.0,9349428.0,9346356.0,3425.0,438.0,9345564.0,750603.0,8591890.0,9342493.0,9346356.0,3072.0,9349427.0,9349427.0,9346355.0,3425.0,445.0,9345556.0,758785.0,8583700.0,9342485.0,9346355.0,3072.0,9349426.0,9349426.0,9346354.0,3425.0,442.0,9345558.0,672721.0,8669766.0,9342487.0,9346354.0,3072.0,9349423.0,9349423.0,9346351.0,3423.0,467.0,9345532.0,727900.0,8614561.0,9342461.0,9346351.0,3072.0,9349422.0,9349422.0,9346350.0,3423.0,449.0,9345549.0,680599.0,8661879.0,9342478.0,9346350.0,3072.0,9349421.0,9349421.0,9346349.0,3415.0,456.0,9345549.0,690788.0,8651690.0,9342478.0,9346349.0,3072.0,9349420.0,9349420.0,9346348.0,3415.0,455.0,9345549.0,695120.0,8647358.0,9342478.0,9346348.0,3072.0,9345569.0,9349417.0,9349417.0,24576.0,5702815.0,69037041.0,19.0,19.0,11.0,11.0,10.0,10.0,9.0,9.0,6.0,6.0,5.0,5.0,4.0,4.0,3.0,3.0,,,,,,,,,,,,,,,,,,,
384x384x384w24-32-32,8904087.0,8904087.0,8901783.0,3593.0,475.0,8900018.0,603689.0,8294026.0,8897715.0,8901783.0,2304.0,8904079.0,8904079.0,8901775.0,3593.0,499.0,8899986.0,626954.0,8270729.0,8897683.0,8901775.0,2304.0,8904079.0,8904079.0,8901775.0,3593.0,487.0,8899998.0,612470.0,8285225.0,8897695.0,8901775.0,2304.0,8904079.0,8904079.0,8901775.0,3593.0,460.0,8900025.0,568580.0,8329142.0,8897722.0,8901775.0,2304.0,8904077.0,8904077.0,8901773.0,3591.0,452.0,8900033.0,581995.0,8315735.0,8897730.0,8901773.0,2304.0,8904077.0,8904077.0,8901773.0,3591.0,452.0,8900033.0,531575.0,8366155.0,8897730.0,8901773.0,2304.0,8904069.0,8904069.0,8901765.0,3591.0,443.0,8900034.0,566166.0,8331565.0,8897731.0,8901765.0,2304.0,8904069.0,8904069.0,8901765.0,3583.0,442.0,8900043.0,553781.0,8343959.0,8897740.0,8901765.0,2304.0,8900043.0,8904067.0,8904067.0,18432.0,4645210.0,66536536.0,20.0,20.0,12.0,12.0,12.0,12.0,12.0,12.0,10.0,10.0,10.0,10.0,2.0,2.0,2.0,2.0,,,,,,,,,,,,,,,,,,,
384x384x384w32-16-24,8789122.0,8789122.0,8784514.0,3320.0,430.0,8785371.0,1032520.0,7748244.0,8780764.0,8784514.0,4608.0,8789112.0,8789112.0,8784504.0,3320.0,423.0,8785368.0,1053618.0,7727143.0,8780761.0,8784504.0,4608.0,8789111.0,8789111.0,8784503.0,3320.0,440.0,8785350.0,1050973.0,7729770.0,8780743.0,8784503.0,4608.0,8789110.0,8789110.0,8784502.0,3320.0,436.0,8785353.0,1030175.0,7750571.0,8780746.0,8784502.0,4608.0,8789107.0,8789107.0,8784499.0,3318.0,435.0,8785353.0,1029973.0,7750773.0,8780746.0,8784499.0,4608.0,8789106.0,8789106.0,8784498.0,3310.0,426.0,8785369.0,1008399.0,7772363.0,8780762.0,8784498.0,4608.0,8789105.0,8789105.0,8784497.0,3310.0,427.0,8785367.0,1004736.0,7776024.0,8780760.0,8784497.0,4608.0,8789104.0,8789104.0,8784496.0,3310.0,424.0,8785369.0,1015257.0,7765505.0,8780762.0,8784496.0,4608.0,8785374.0,8789101.0,8789101.0,36864.0,8225651.0,62020393.0,21.0,21.0,11.0,11.0,10.0,10.0,9.0,9.0,6.0,6.0,5.0,5.0,4.0,4.0,3.0,3.0,,,,,,,,,,,,,,,,,,,
384x384x384w32-16-32,8588389.0,8588389.0,8584933.0,3443.0,438.0,8584507.0,888006.0,7693046.0,8581052.0,8584933.0,3456.0,8588387.0,8588387.0,8584931.0,3443.0,442.0,8584501.0,897086.0,7683960.0,8581046.0,8584931.0,3456.0,8588387.0,8588387.0,8584931.0,3443.0,436.0,8584507.0,881996.0,7699056.0,8581052.0,8584931.0,3456.0,8588375.0,8588375.0,8584919.0,3443.0,421.0,8584510.0,871048.0,7710007.0,8581055.0,8584919.0,3456.0,8588372.0,8588372.0,8584916.0,3441.0,447.0,8584483.0,865160.0,7715868.0,8581028.0,8584916.0,3456.0,8588371.0,8588371.0,8584915.0,3441.0,435.0,8584494.0,863528.0,7717511.0,8581039.0,8584915.0,3456.0,8588377.0,8588377.0,8584921.0,3441.0,431.0,8584504.0,817300.0,7763749.0,8581049.0,8584921.0,3456.0,8588377.0,8588377.0,8584921.0,3433.0,442.0,8584501.0,847609.0,7733437.0,8581046.0,8584921.0,3456.0,8584514.0,8588375.0,8588375.0,27648.0,6931733.0,61716634.0,14.0,14.0,12.0,12.0,12.0,12.0,0.0,0.0,3.0,3.0,4.0,4.0,2.0,2.0,2.0,2.0,,,,,,,,,,,,,,,,,,,
384x384x384w32-24-16,8944339.0,8944339.0,8939731.0,3272.0,493.0,8940573.0,1131903.0,7804063.0,8935966.0,8939731.0,4608.0,8944323.0,8944323.0,8939715.0,3272.0,479.0,8940571.0,1169466.0,7766498.0,8935964.0,8939715.0,4608.0,8944323.0,8944323.0,8939715.0,3272.0,509.0,8940541.0,1171085.0,7764849.0,8935934.0,8939715.0,4608.0,8944323.0,8944323.0,8939715.0,3272.0,504.0,8940546.0,1142395.0,7793544.0,8935939.0,8939715.0,4608.0,8944321.0,8944321.0,8939713.0,3270.0,471.0,8940579.0,1113306.0,7822666.0,8935972.0,8939713.0,4608.0,8944321.0,8944321.0,8939713.0,3270.0,514.0,8940536.0,1104214.0,7831715.0,8935929.0,8939713.0,4608.0,8944321.0,8944321.0,8939713.0,3270.0,487.0,8940563.0,1096004.0,7839952.0,8935956.0,8939713.0,4608.0,8944313.0,8944313.0,8939705.0,3270.0,481.0,8940561.0,1103327.0,7832627.0,8935954.0,8939705.0,4608.0,8940583.0,8944311.0,8944311.0,36864.0,9031700.0,62455914.0,28.0,28.0,12.0,12.0,12.0,12.0,12.0,12.0,10.0,10.0,10.0,10.0,10.0,10.0,2.0,2.0,,,,,,,,,,,,,,,,,,,
384x384x384w32-24-24,8352759.0,8352759.0,8349687.0,3445.0,466.0,8348847.0,697775.0,7648001.0,8345776.0,8349687.0,3072.0,8352749.0,8352749.0,8349677.0,3445.0,475.0,8348828.0,695932.0,7649825.0,8345757.0,8349677.0,3072.0,8352749.0,8352749.0,8349677.0,3445.0,478.0,8348825.0,717427.0,7628327.0,8345754.0,8349677.0,3072.0,8352749.0,8352749.0,8349677.0,3445.0,466.0,8348837.0,694317.0,7651449.0,8345766.0,8349677.0,3072.0,8352747.0,8352747.0,8349675.0,3443.0,503.0,8348800.0,698425.0,7647304.0,8345729.0,8349675.0,3072.0,8352747.0,8352747.0,8349675.0,3435.0,486.0,8348825.0,658348.0,7687406.0,8345754.0,8349675.0,3072.0,8352747.0,8352747.0,8349675.0,3435.0,488.0,8348823.0,673428.0,7672324.0,8345752.0,8349675.0,3072.0,8352747.0,8352747.0,8349675.0,3435.0,484.0,8348827.0,666315.0,7679441.0,8345756.0,8349675.0,3072.0,8348850.0,8352737.0,8352737.0,24576.0,5501967.0,61264077.0,22.0,22.0,12.0,12.0,12.0,12.0,12.0,12.0,10.0,10.0,10.0,10.0,10.0,10.0,10.0,10.0,,,,,,,,,,,,,,,,,,,
384x384x384w32-24-32,8191338.0,8191338.0,8189034.0,3623.0,543.0,8187171.0,612397.0,7572471.0,8184868.0,8189034.0,2304.0,8191330.0,8191330.0,8189026.0,3623.0,515.0,8187191.0,626181.0,7558707.0,8184888.0,8189026.0,2304.0,8191329.0,8191329.0,8189025.0,3623.0,500.0,8187205.0,616543.0,7568359.0,8184902.0,8189025.0,2304.0,8191328.0,8191328.0,8189024.0,3623.0,513.0,8187191.0,596810.0,7588078.0,8184888.0,8189024.0,2304.0,8191325.0,8191325.0,8189021.0,3621.0,499.0,8187204.0,590599.0,7594302.0,8184901.0,8189021.0,2304.0,8191324.0,8191324.0,8189020.0,3621.0,472.0,8187230.0,569658.0,7615269.0,8184927.0,8189020.0,2304.0,8191323.0,8191323.0,8189019.0,3621.0,490.0,8187211.0,557163.0,7627745.0,8184908.0,8189019.0,2304.0,8191322.0,8191322.0,8189018.0,3613.0,491.0,8187217.0,573908.0,7611006.0,8184914.0,8189018.0,2304.0,8187236.0,8191319.0,8191319.0,18432.0,4743259.0,60735937.0,19.0,19.0,11.0,11.0,10.0,10.0,9.0,9.0,6.0,6.0,5.0,5.0,4.0,4.0,3.0,3.0,,,,,,,,,,,,,,,,,,,
384x384x384w32-32-16,9564431.0,9564431.0,9560975.0,3370.0,526.0,9560534.0,965559.0,8591520.0,9557079.0,9560975.0,3456.0,9564420.0,9564420.0,9560964.0,3370.0,529.0,9560520.0,994783.0,8562282.0,9557065.0,9560964.0,3456.0,9564420.0,9564420.0,9560964.0,3370.0,507.0,9560542.0,981755.0,8575332.0,9557087.0,9560964.0,3456.0,9564420.0,9564420.0,9560964.0,3370.0,494.0,9560555.0,884634.0,8672466.0,9557100.0,9560964.0,3456.0,9564418.0,9564418.0,9560962.0,3368.0,557.0,9560492.0,920121.0,8636916.0,9557037.0,9560962.0,3456.0,9564418.0,9564418.0,9560962.0,3368.0,494.0,9560555.0,851035.0,8706065.0,9557100.0,9560962.0,3456.0,9564418.0,9564418.0,9560962.0,3368.0,500.0,9560549.0,870415.0,8686679.0,9557094.0,9560962.0,3456.0,9564410.0,9564410.0,9560954.0,3368.0,495.0,9560546.0,858763.0,8698328.0,9557091.0,9560954.0,3456.0,9560560.0,9564408.0,9564408.0,27648.0,7327065.0,69129588.0,23.0,23.0,12.0,12.0,12.0,12.0,12.0,12.0,10.0,10.0,10.0,10.0,10.0,10.0,2.0,2.0,,,,,,,,,,,,,,,,,,,
384x384x384w32-32-24,9062389.0,9062389.0,9060085.0,3560.0,535.0,9058293.0,564438.0,8491552.0,9055990.0,9060085.0,2304.0,9062386.0,9062386.0,9060082.0,3560.0,535.0,9058290.0,611946.0,8444041.0,9055987.0,9060082.0,2304.0,9062385.0,9062385.0,9060081.0,3560.0,515.0,9058309.0,588945.0,8467061.0,9056006.0,9060081.0,2304.0,9062384.0,9062384.0,9060080.0,3560.0,485.0,9058338.0,523942.0,8532093.0,9056035.0,9060080.0,2304.0,9062381.0,9062381.0,9060077.0,3558.0,482.0,9058340.0,546868.0,8509169.0,9056037.0,9060077.0,2304.0,9062380.0,9062380.0,9060076.0,3550.0,471.0,9058358.0,514062.0,8541993.0,9056055.0,9060076.0,2304.0,9062379.0,9062379.0,9060075.0,3550.0,472.0,9058356.0,512864.0,8543189.0,9056053.0,9060075.0,2304.0,9062378.0,9062378.0,9060074.0,3550.0,479.0,9058348.0,504210.0,8551835.0,9056045.0,9060074.0,2304.0,9058358.0,9062375.0,9062375.0,18432.0,4367275.0,68080933.0,14.0,14.0,11.0,11.0,10.0,10.0,9.0,9.0,6.0,6.0,5.0,5.0,4.0,4.0,3.0,3.0,,,,,,,,,,,,,,,,,,,
384x384x384w32-32-32,8751674.0,8751674.0,8749946.0,3636.0,585.0,8747452.0,439972.0,8305753.0,8745725.0,8749946.0,1728.0,8751666.0,8751666.0,8749938.0,3636.0,542.0,8747487.0,456145.0,8289615.0,8745760.0,8749938.0,1728.0,8751665.0,8751665.0,8749937.0,3636.0,534.0,8747494.0,454523.0,8291244.0,8745767.0,8749937.0,1728.0,8751664.0,8751664.0,8749936.0,3636.0,501.0,8747526.0,428691.0,8317108.0,8745799.0,8749936.0,1728.0,8751661.0,8751661.0,8749933.0,3634.0,523.0,8747503.0,423783.0,8321993.0,8745776.0,8749933.0,1728.0,8751660.0,8751660.0,8749932.0,3634.0,488.0,8747537.0,389344.0,8356466.0,8745810.0,8749932.0,1728.0,8751659.0,8751659.0,8749931.0,3634.0,530.0,8747494.0,421198.0,8324569.0,8745767.0,8749931.0,1728.0,8751658.0,8751658.0,8749930.0,3626.0,554.0,8747477.0,394385.0,8351365.0,8745750.0,8749930.0,1728.0,8747543.0,8751655.0,8751655.0,13824.0,3408041.0,66558113.0,19.0,19.0,11.0,11.0,10.0,10.0,9.0,9.0,6.0,6.0,5.0,5.0,4.0,4.0,3.0,3.0,,,,,,,,,,,,,,,,,,,
384x384x384w64-16-16,8740642.0,8740642.0,8737186.0,3453.0,596.0,8736592.0,891621.0,7841516.0,8733137.0,8737186.0,3456.0,8740632.0,8740632.0,8737176.0,3453.0,586.0,8736592.0,888321.0,7844816.0,8733137.0,8737176.0,3456.0,8740632.0,8740632.0,8737176.0,3453.0,582.0,8736596.0,888588.0,7844553.0,8733141.0,8737176.0,3456.0,8740632.0,8740632.0,8737176.0,3453.0,568.0,8736610.0,868072.0,7865083.0,8733155.0,8737176.0,3456.0,8740630.0,8740630.0,8737174.0,3451.0,582.0,8736596.0,843658.0,7889483.0,8733141.0,8737174.0,3456.0,8740630.0,8740630.0,8737174.0,3451.0,562.0,8736616.0,832052.0,7901109.0,8733161.0,8737174.0,3456.0,8740630.0,8740630.0,8737174.0,3451.0,562.0,8736616.0,815285.0,7917876.0,8733161.0,8737174.0,3456.0,8740630.0,8740630.0,8737174.0,3443.0,563.0,8736623.0,820027.0,7913141.0,8733168.0,8737174.0,3456.0,8736623.0,8740620.0,8740620.0,27648.0,6847624.0,63017577.0,22.0,22.0,12.0,12.0,12.0,12.0,12.0,12.0,10.0,10.0,10.0,10.0,10.0,10.0,10.0,10.0,,,,,,,,,,,,,,,,,,,
384x384x384w24-24-39,8278385.0,8278385.0,8275825.0,3634.0,481.0,8274269.0,720820.0,7550890.0,8271710.0,8275825.0,2560.0,8278377.0,8278377.0,8275817.0,3634.0,490.0,8274252.0,720796.0,7550897.0,8271693.0,8275817.0,2560.0,8278377.0,8278377.0,8275817.0,3634.0,484.0,8274258.0,737355.0,7534344.0,8271699.0,8275817.0,2560.0,8278377.0,8278377.0,8275817.0,3634.0,473.0,8274269.0,708279.0,7563431.0,8271710.0,8275817.0,2560.0,8278375.0,8278375.0,8275815.0,3632.0,454.0,8274288.0,715880.0,7555849.0,8271729.0,8275815.0,2560.0,8278375.0,8278375.0,8275815.0,3632.0,464.0,8274278.0,683504.0,7588215.0,8271719.0,8275815.0,2560.0,8278367.0,8278367.0,8275807.0,3624.0,454.0,8274288.0,696374.0,7575355.0,8271729.0,8275807.0,2560.0,8278367.0,8278367.0,8275807.0,3624.0,459.0,8274283.0,688238.0,7583486.0,8271724.0,8275807.0,2560.0,8274294.0,8278365.0,8278365.0,20480.0,5671246.0,60502467.0,20.0,20.0,12.0,12.0,12.0,12.0,12.0,12.0,10.0,10.0,10.0,10.0,2.0,2.0,2.0,2.0,,,,,,,,,,,,,,,,,,,
384x384x384w24-24-41,8282149.0,8282149.0,8279589.0,3650.0,464.0,8278034.0,735930.0,7539545.0,8275475.0,8279589.0,2560.0,8282141.0,8282141.0,8279581.0,3650.0,458.0,8278032.0,732470.0,7543003.0,8275473.0,8279581.0,2560.0,8282141.0,8282141.0,8279581.0,3650.0,456.0,8278034.0,739280.0,7536195.0,8275475.0,8279581.0,2560.0,8282141.0,8282141.0,8279581.0,3650.0,477.0,8278013.0,711089.0,7564365.0,8275454.0,8279581.0,2560.0,8282139.0,8282139.0,8279579.0,3648.0,483.0,8278007.0,715429.0,7560019.0,8275448.0,8279579.0,2560.0,8282139.0,8282139.0,8279579.0,3648.0,464.0,8278026.0,693589.0,7581878.0,8275467.0,8279579.0,2560.0,8282131.0,8282131.0,8279571.0,3648.0,458.0,8278024.0,696684.0,7578781.0,8275465.0,8279571.0,2560.0,8282131.0,8282131.0,8279571.0,3648.0,460.0,8278022.0,695460.0,7580003.0,8275463.0,8279571.0,2560.0,8278036.0,8282129.0,8282129.0,20480.0,5719931.0,60483789.0,20.0,20.0,12.0,12.0,12.0,12.0,12.0,12.0,10.0,10.0,10.0,10.0,2.0,2.0,2.0,2.0,,,,,,,,,,,,,,,,,,,
384x384x384w25-32-30,11091589.0,11091589.0,11089093.0,3719.0,407.0,11087462.0,711939.0,10373028.0,11084967.0,11089093.0,2496.0,11091582.0,11091582.0,11089086.0,3711.0,1190.0,11086680.0,3165618.0,7918567.0,11084185.0,11089086.0,2496.0,11091581.0,11091581.0,11089085.0,3711.0,1212.0,11086657.0,3162506.0,7921656.0,11084162.0,11089085.0,2496.0,11091580.0,11091580.0,11089084.0,3711.0,1218.0,11086650.0,3128513.0,7955642.0,11084155.0,11089084.0,2496.0,11091577.0,11091577.0,11089081.0,3709.0,1186.0,11086681.0,3145611.0,7938575.0,11084186.0,11089081.0,2496.0,11091576.0,11091576.0,11089080.0,3709.0,1207.0,11086659.0,3114125.0,7970039.0,11084164.0,11089080.0,2496.0,11091575.0,11091575.0,11089079.0,3709.0,1198.0,11086667.0,3127081.0,7957091.0,11084172.0,11089079.0,2496.0,11091574.0,11091574.0,11089078.0,3709.0,1197.0,11086667.0,3114831.0,7969341.0,11084172.0,11089078.0,2496.0,11087469.0,11091571.0,11091571.0,19968.0,22670224.0,66003939.0,18.0,18.0,11.0,11.0,10.0,10.0,9.0,9.0,6.0,6.0,5.0,5.0,4.0,4.0,3.0,3.0,,,,,,,,,,,,,,,,,,,
384x384x384w25-40-24,10374848.0,10374848.0,10372288.0,3553.0,367.0,10370927.0,613164.0,9755204.0,10368368.0,10372288.0,2560.0,10374838.0,10374838.0,10372278.0,3553.0,969.0,10370315.0,3067600.0,7300156.0,10367756.0,10372278.0,2560.0,10374837.0,10374837.0,10372277.0,3553.0,955.0,10370328.0,3076797.0,7290972.0,10367769.0,10372277.0,2560.0,10374836.0,10374836.0,10372276.0,3553.0,949.0,10370333.0,3050451.0,7317323.0,10367774.0,10372276.0,2560.0,10374833.0,10374833.0,10372273.0,3551.0,947.0,10370334.0,3042406.0,7325369.0,10367775.0,10372273.0,2560.0,10374832.0,10374832.0,10372272.0,3551.0,941.0,10370339.0,3035257.0,7332523.0,10367780.0,10372272.0,2560.0,10374831.0,10374831.0,10372271.0,3551.0,960.0,10370319.0,3038554.0,7329206.0,10367760.0,10372271.0,2560.0,10374830.0,10374830.0,10372270.0,3551.0,961.0,10370317.0,3025847.0,7341911.0,10367758.0,10372270.0,2560.0,10370927.0,10374827.0,10374827.0,20480.0,21950076.0,60992664.0,21.0,21.0,11.0,11.0,10.0,10.0,9.0,9.0,6.0,6.0,5.0,5.0,4.0,4.0,3.0,3.0,,,,,,,,,,,,,,,,,,,
384x384x384w26-32-28,10714333.0,10714333.0,10711813.0,3714.0,519.0,10710099.0,744398.0,9963182.0,10707580.0,10711813.0,2520.0,10714317.0,10714317.0,10711797.0,3714.0,522.0,10710080.0,747215.0,9960346.0,10707561.0,10711797.0,2520.0,10714317.0,10714317.0,10711797.0,3714.0,522.0,10710080.0,2898825.0,7808736.0,10707561.0,10711797.0,2520.0,10714317.0,10714317.0,10711797.0,3714.0,496.0,10710106.0,2856792.0,7850795.0,10707587.0,10711797.0,2520.0,10714315.0,10714315.0,10711795.0,3712.0,1212.0,10709390.0,3023739.0,7683132.0,10706871.0,10711795.0,2520.0,10714315.0,10714315.0,10711795.0,3712.0,1189.0,10709413.0,2994982.0,7711912.0,10706894.0,10711795.0,2520.0,10714315.0,10714315.0,10711795.0,3712.0,1175.0,10709427.0,3006799.0,7700109.0,10706908.0,10711795.0,2520.0,10714315.0,10714315.0,10711795.0,3712.0,1205.0,10709397.0,3000348.0,7706530.0,10706878.0,10711795.0,2520.0,10710109.0,10714305.0,10714305.0,20160.0,19273098.0,66384742.0,28.0,28.0,12.0,12.0,12.0,12.0,12.0,12.0,10.0,10.0,10.0,10.0,10.0,10.0,10.0,10.0,,,,,,,,,,,,,,,,,,,
384x384x384w26-32-29,10690130.0,10690130.0,10687610.0,3751.0,525.0,10685853.0,742339.0,9940995.0,10683334.0,10687610.0,2520.0,10690114.0,10690114.0,10687594.0,3751.0,502.0,10685860.0,748445.0,9934896.0,10683341.0,10687594.0,2520.0,10690114.0,10690114.0,10687594.0,3751.0,496.0,10685866.0,2896895.0,7786452.0,10683347.0,10687594.0,2520.0,10690114.0,10690114.0,10687594.0,3751.0,526.0,10685836.0,2863548.0,7819769.0,10683317.0,10687594.0,2520.0,10690112.0,10690112.0,10687592.0,3749.0,766.0,10685596.0,3022601.0,7660476.0,10683077.0,10687592.0,2520.0,10690112.0,10690112.0,10687592.0,3749.0,780.0,10685582.0,3002148.0,7680915.0,10683063.0,10687592.0,2520.0,10690112.0,10690112.0,10687592.0,3749.0,763.0,10685599.0,3014101.0,7668979.0,10683080.0,10687592.0,2520.0,10690112.0,10690112.0,10687592.0,3741.0,771.0,10685599.0,3004216.0,7678864.0,10683080.0,10687592.0,2520.0,10685869.0,10690102.0,10690102.0,20160.0,19294293.0,66171346.0,28.0,28.0,12.0,12.0,12.0,12.0,12.0,12.0,10.0,10.0,10.0,10.0,10.0,10.0,10.0,10.0,,,,,,,,,,,,,,,,,,,
384x384x384w28-32-26,10152460.0,10152460.0,10149940.0,3663.0,473.0,10148323.0,715165.0,9430639.0,10145804.0,10149940.0,2520.0,10152444.0,10152444.0,10149924.0,3663.0,476.0,10148304.0,723029.0,9422756.0,10145785.0,10149924.0,2520.0,10152444.0,10152444.0,10149924.0,3663.0,525.0,10148255.0,743732.0,9402004.0,10145736.0,10149924.0,2520.0,10152444.0,10152444.0,10149924.0,3663.0,475.0,10148305.0,685163.0,9460623.0,10145786.0,10149924.0,2520.0,10152442.0,10152442.0,10149922.0,3661.0,1175.0,10147605.0,2872077.0,7273009.0,10145086.0,10149922.0,2520.0,10152442.0,10152442.0,10149922.0,3661.0,1156.0,10147624.0,2848903.0,7296202.0,10145105.0,10149922.0,2520.0,10152442.0,10152442.0,10149922.0,3661.0,1164.0,10147616.0,2853583.0,7291514.0,10145097.0,10149922.0,2520.0,10152434.0,10152434.0,10149914.0,3661.0,1148.0,10147624.0,2838520.0,7306585.0,10145105.0,10149914.0,2520.0,10148323.0,10152432.0,10152432.0,20160.0,14280172.0,66883332.0,28.0,28.0,12.0,12.0,12.0,12.0,12.0,12.0,10.0,10.0,10.0,10.0,10.0,10.0,2.0,2.0,,,,,,,,,,,,,,,,,,,
384x384x384w28-32-27,10109325.0,10109325.0,10106805.0,3679.0,478.0,10105167.0,723688.0,9378960.0,10102648.0,10106805.0,2520.0,10109309.0,10109309.0,10106789.0,3679.0,459.0,10105170.0,727866.0,9374785.0,10102651.0,10106789.0,2520.0,10109309.0,10109309.0,10106789.0,3679.0,498.0,10105131.0,738280.0,9364332.0,10102612.0,10106789.0,2520.0,10109309.0,10109309.0,10106789.0,3679.0,471.0,10105158.0,682067.0,9420572.0,10102639.0,10106789.0,2520.0,10109307.0,10109307.0,10106787.0,3677.0,710.0,10104919.0,2866104.0,7236296.0,10102400.0,10106787.0,2520.0,10109307.0,10109307.0,10106787.0,3677.0,692.0,10104937.0,2837650.0,7264768.0,10102418.0,10106787.0,2520.0,10109307.0,10109307.0,10106787.0,3677.0,700.0,10104929.0,2858831.0,7243579.0,10102410.0,10106787.0,2520.0,10109299.0,10109299.0,10106779.0,3677.0,710.0,10104911.0,2838212.0,7264180.0,10102392.0,10106779.0,2520.0,10105171.0,10109297.0,10109297.0,20160.0,14272698.0,66547472.0,28.0,28.0,12.0,12.0,12.0,12.0,12.0,12.0,10.0,10.0,10.0,10.0,10.0,10.0,2.0,2.0,,,,,,,,,,,,,,,,,,,
384x384x384w29-32-26,9785815.0,9785815.0,9783295.0,3685.0,411.0,9781718.0,695271.0,9083928.0,9779199.0,9783295.0,2520.0,9785810.0,9785810.0,9783290.0,3677.0,405.0,9781727.0,714392.0,9064816.0,9779208.0,9783290.0,2520.0,9785809.0,9785809.0,9783289.0,3677.0,426.0,9781705.0,716306.0,9062880.0,9779186.0,9783289.0,2520.0,9785808.0,9785808.0,9783288.0,3677.0,410.0,9781720.0,668179.0,9111022.0,9779201.0,9783288.0,2520.0,9785805.0,9785805.0,9783285.0,3675.0,406.0,9781723.0,691950.0,9087254.0,9779204.0,9783285.0,2520.0,9785804.0,9785804.0,9783284.0,3675.0,389.0,9781739.0,2678359.0,7100861.0,9779220.0,9783284.0,2520.0,9785803.0,9785803.0,9783283.0,3675.0,391.0,9781736.0,2681957.0,7097260.0,9779217.0,9783283.0,2520.0,9785802.0,9785802.0,9783462.0,3675.0,216486.0,9565640.0,2624147.0,6939154.0,9563301.0,9783462.0,2340.0,9781743.0,9785799.0,9785799.0,19980.0,11470561.0,66547175.0,16.0,16.0,11.0,11.0,10.0,10.0,9.0,9.0,6.0,6.0,5.0,5.0,4.0,4.0,3.0,3.0,,,,,,,,,,,,,,,,,,,
384x384x384w29-32-27,9770926.0,9770926.0,9768406.0,3693.0,409.0,9766823.0,699897.0,9064407.0,9764304.0,9768406.0,2520.0,9770921.0,9770921.0,9768401.0,3685.0,401.0,9766834.0,725119.0,9039196.0,9764315.0,9768401.0,2520.0,9770920.0,9770920.0,9768400.0,3685.0,408.0,9766826.0,713306.0,9051001.0,9764307.0,9768400.0,2520.0,9770919.0,9770919.0,9768399.0,3685.0,397.0,9766836.0,665691.0,9098626.0,9764317.0,9768399.0,2520.0,9770916.0,9770916.0,9768396.0,3683.0,396.0,9766836.0,679581.0,9084736.0,9764317.0,9768396.0,2520.0,9770915.0,9770915.0,9768395.0,3683.0,389.0,9766842.0,2679837.0,7084486.0,9764323.0,9768395.0,2520.0,9770914.0,9770914.0,9768394.0,3683.0,385.0,9766845.0,2692381.0,7071945.0,9764326.0,9768394.0,2520.0,9770913.0,9770913.0,9768573.0,3683.0,216349.0,9550880.0,2633511.0,6915030.0,9548541.0,9768573.0,2340.0,9766850.0,9770910.0,9770910.0,19980.0,11489323.0,66409427.0,16.0,16.0,11.0,11.0,10.0,10.0,9.0,9.0,6.0,6.0,5.0,5.0,4.0,4.0,3.0,3.0,,,,,,,,,,,,,,,,,,,
384x384x384w38-24-26,8836646.0,8836646.0,8834006.0,3719.0,360.0,8832566.0,756372.0,8073555.0,8829927.0,8834006.0,2640.0,8836640.0,8836640.0,8834000.0,3719.0,354.0,8832566.0,760021.0,8069906.0,8829927.0,8834000.0,2640.0,8836639.0,8836639.0,8833999.0,3719.0,363.0,8832556.0,759810.0,8070107.0,8829917.0,8833999.0,2640.0,8836638.0,8836638.0,8833998.0,3719.0,361.0,8832557.0,733889.0,8096029.0,8829918.0,8833998.0,2640.0,8836635.0,8836635.0,8834235.0,3717.0,221959.0,8610958.0,688682.0,7919877.0,8608559.0,8834235.0,2400.0,8836634.0,8836634.0,8834234.0,3717.0,221929.0,8610987.0,650705.0,7957883.0,8608588.0,8834234.0,2400.0,8836633.0,8836633.0,8834233.0,3717.0,222446.0,8610469.0,2212547.0,6395523.0,8608070.0,8834233.0,2400.0,8836632.0,8836632.0,8834232.0,3717.0,222458.0,8610456.0,2203623.0,6404434.0,8608057.0,8834232.0,2400.0,8832567.0,8836629.0,8836629.0,20160.0,8765649.0,60987314.0,17.0,17.0,11.0,11.0,10.0,10.0,9.0,9.0,6.0,6.0,5.0,5.0,4.0,4.0,3.0,3.0,,,,,,,,,,,,,,,,,,,
384x384x384w40-24-25,8302689.0,8302689.0,8300129.0,3650.0,436.0,8298602.0,653909.0,7642134.0,8296043.0,8300129.0,2560.0,8302680.0,8302680.0,8300120.0,3650.0,438.0,8298591.0,659456.0,7636576.0,8296032.0,8300120.0,2560.0,8302679.0,8302679.0,8300119.0,3650.0,440.0,8298588.0,668081.0,7627948.0,8296029.0,8300119.0,2560.0,8302678.0,8302678.0,8300118.0,3650.0,436.0,8298591.0,639982.0,7656050.0,8296032.0,8300118.0,2560.0,8302675.0,8302675.0,8300115.0,3648.0,449.0,8298577.0,647710.0,7648308.0,8296018.0,8300115.0,2560.0,8302674.0,8302674.0,8300114.0,3648.0,445.0,8298580.0,621811.0,7674210.0,8296021.0,8300114.0,2560.0,8302680.0,8302680.0,8300120.0,3648.0,454.0,8298577.0,639783.0,7656235.0,8296018.0,8300120.0,2560.0,8302680.0,8302680.0,8300120.0,3640.0,439.0,8298600.0,612027.0,7684014.0,8296041.0,8300120.0,2560.0,8298603.0,8302669.0,8302669.0,20480.0,5142759.0,61225475.0,20.0,20.0,11.0,11.0,10.0,10.0,9.0,9.0,6.0,6.0,5.0,5.0,11.0,11.0,11.0,11.0,,,,,,,,,,,,,,,,,,,
384x384x384w20-32-30,-1.0,-1.0,-1.0,-1.0,-1.0,-1.0,-1.0,-1.0,-1.0,-1.0,-1.0,-1.0,-1.0,-1.0,-1.0,-1.0,-1.0,-1.0,-1.0,-1.0,-1.0,-1.0,-1.0,-1.0,-1.0,-1.0,-1.0,-1.0,-1.0,-1.0,-1.0,-1.0,-1.0,-1.0,-1.0,-1.0,-1.0,-1.0,-1.0,-1.0,-1.0,-1.0,-1.0,-1.0,-1.0,-1.0,-1.0,-1.0,-1.0,-1.0,-1.0,-1.0,-1.0,-1.0,-1.0,-1.0,-1.0,-1.0,-1.0,-1.0,-1.0,-1.0,-1.0,-1.0,-1.0,-1.0,-1.0,-1.0,-1.0,-1.0,-1.0,-1.0,-1.0,-1.0,-1.0,-1.0,-1.0,-1.0,-1.0,-1.0,-1.0,-1.0,-1.0,-1.0,-1.0,-1.0,-1.0,-1.0,-1.0,-1.0,-1.0,-1.0,-1.0,-1.0,-1.0,-1.0,-1.0,-1.0,-1.0,-1.0,-1.0,-1.0,-1.0,-1.0,-1.0,-1.0,-1.0,-1.0,-1.0,-1.0,,,,,,,,,,,,,,,,,,,
384x384x384w20-32-31,-1.0,-1.0,-1.0,-1.0,-1.0,-1.0,-1.0,-1.0,-1.0,-1.0,-1.0,-1.0,-1.0,-1.0,-1.0,-1.0,-1.0,-1.0,-1.0,-1.0,-1.0,-1.0,-1.0,-1.0,-1.0,-1.0,-1.0,-1.0,-1.0,-1.0,-1.0,-1.0,-1.0,-1.0,-1.0,-1.0,-1.0,-1.0,-1.0,-1.0,-1.0,-1.0,-1.0,-1.0,-1.0,-1.0,-1.0,-1.0,-1.0,-1.0,-1.0,-1.0,-1.0,-1.0,-1.0,-1.0,-1.0,-1.0,-1.0,-1.0,-1.0,-1.0,-1.0,-1.0,-1.0,-1.0,-1.0,-1.0,-1.0,-1.0,-1.0,-1.0,-1.0,-1.0,-1.0,-1.0,-1.0,-1.0,-1.0,-1.0,-1.0,-1.0,-1.0,-1.0,-1.0,-1.0,-1.0,-1.0,-1.0,-1.0,-1.0,-1.0,-1.0,-1.0,-1.0,-1.0,-1.0,-1.0,-1.0,-1.0,-1.0,-1.0,-1.0,-1.0,-1.0,-1.0,-1.0,-1.0,-1.0,-1.0,,,,,,,,,,,,,,,,,,,
384x384x384w20-32-32,-1.0,-1.0,-1.0,-1.0,-1.0,-1.0,-1.0,-1.0,-1.0,-1.0,-1.0,-1.0,-1.0,-1.0,-1.0,-1.0,-1.0,-1.0,-1.0,-1.0,-1.0,-1.0,-1.0,-1.0,-1.0,-1.0,-1.0,-1.0,-1.0,-1.0,-1.0,-1.0,-1.0,-1.0,-1.0,-1.0,-1.0,-1.0,-1.0,-1.0,-1.0,-1.0,-1.0,-1.0,-1.0,-1.0,-1.0,-1.0,-1.0,-1.0,-1.0,-1.0,-1.0,-1.0,-1.0,-1.0,-1.0,-1.0,-1.0,-1.0,-1.0,-1.0,-1.0,-1.0,-1.0,-1.0,-1.0,-1.0,-1.0,-1.0,-1.0,-1.0,-1.0,-1.0,-1.0,-1.0,-1.0,-1.0,-1.0,-1.0,-1.0,-1.0,-1.0,-1.0,-1.0,-1.0,-1.0,-1.0,-1.0,-1.0,-1.0,-1.0,-1.0,-1.0,-1.0,-1.0,-1.0,-1.0,-1.0,-1.0,-1.0,-1.0,-1.0,-1.0,-1.0,-1.0,-1.0,-1.0,-1.0,-1.0,,,,,,,,,,,,,,,,,,,
384x384x384w20-48-21,-1.0,-1.0,-1.0,-1.0,-1.0,-1.0,-1.0,-1.0,-1.0,-1.0,-1.0,-1.0,-1.0,-1.0,-1.0,-1.0,-1.0,-1.0,-1.0,-1.0,-1.0,-1.0,-1.0,-1.0,-1.0,-1.0,-1.0,-1.0,-1.0,-1.0,-1.0,-1.0,-1.0,-1.0,-1.0,-1.0,-1.0,-1.0,-1.0,-1.0,-1.0,-1.0,-1.0,-1.0,-1.0,-1.0,-1.0,-1.0,-1.0,-1.0,-1.0,-1.0,-1.0,-1.0,-1.0,-1.0,-1.0,-1.0,-1.0,-1.0,-1.0,-1.0,-1.0,-1.0,-1.0,-1.0,-1.0,-1.0,-1.0,-1.0,-1.0,-1.0,-1.0,-1.0,-1.0,-1.0,-1.0,-1.0,-1.0,-1.0,-1.0,-1.0,-1.0,-1.0,-1.0,-1.0,-1.0,-1.0,-1.0,-1.0,-1.0,-1.0,-1.0,-1.0,-1.0,-1.0,-1.0,-1.0,-1.0,-1.0,-1.0,-1.0,-1.0,-1.0,-1.0,-1.0,-1.0,-1.0,-1.0,-1.0,,,,,,,,,,,,,,,,,,,
384x384x384w21-24-39,-1.0,-1.0,-1.0,-1.0,-1.0,-1.0,-1.0,-1.0,-1.0,-1.0,-1.0,-1.0,-1.0,-1.0,-1.0,-1.0,-1.0,-1.0,-1.0,-1.0,-1.0,-1.0,-1.0,-1.0,-1.0,-1.0,-1.0,-1.0,-1.0,-1.0,-1.0,-1.0,-1.0,-1.0,-1.0,-1.0,-1.0,-1.0,-1.0,-1.0,-1.0,-1.0,-1.0,-1.0,-1.0,-1.0,-1.0,-1.0,-1.0,-1.0,-1.0,-1.0,-1.0,-1.0,-1.0,-1.0,-1.0,-1.0,-1.0,-1.0,-1.0,-1.0,-1.0,-1.0,-1.0,-1.0,-1.0,-1.0,-1.0,-1.0,-1.0,-1.0,-1.0,-1.0,-1.0,-1.0,-1.0,-1.0,-1.0,-1.0,-1.0,-1.0,-1.0,-1.0,-1.0,-1.0,-1.0,-1.0,-1.0,-1.0,-1.0,-1.0,-1.0,-1.0,-1.0,-1.0,-1.0,-1.0,-1.0,-1.0,-1.0,-1.0,-1.0,-1.0,-1.0,-1.0,-1.0,-1.0,-1.0,-1.0,,,,,,,,,,,,,,,,,,,
384x384x384w21-24-40,-1.0,-1.0,-1.0,-1.0,-1.0,-1.0,-1.0,-1.0,-1.0,-1.0,-1.0,-1.0,-1.0,-1.0,-1.0,-1.0,-1.0,-1.0,-1.0,-1.0,-1.0,-1.0,-1.0,-1.0,-1.0,-1.0,-1.0,-1.0,-1.0,-1.0,-1.0,-1.0,-1.0,-1.0,-1.0,-1.0,-1.0,-1.0,-1.0,-1.0,-1.0,-1.0,-1.0,-1.0,-1.0,-1.0,-1.0,-1.0,-1.0,-1.0,-1.0,-1.0,-1.0,-1.0,-1.0,-1.0,-1.0,-1.0,-1.0,-1.0,-1.0,-1.0,-1.0,-1.0,-1.0,-1.0,-1.0,-1.0,-1.0,-1.0,-1.0,-1.0,-1.0,-1.0,-1.0,-1.0,-1.0,-1.0,-1.0,-1.0,-1.0,-1.0,-1.0,-1.0,-1.0,-1.0,-1.0,-1.0,-1.0,-1.0,-1.0,-1.0,-1.0,-1.0,-1.0,-1.0,-1.0,-1.0,-1.0,-1.0,-1.0,-1.0,-1.0,-1.0,-1.0,-1.0,-1.0,-1.0,-1.0,-1.0,,,,,,,,,,,,,,,,,,,
384x384x384w21-24-41,-1.0,-1.0,-1.0,-1.0,-1.0,-1.0,-1.0,-1.0,-1.0,-1.0,-1.0,-1.0,-1.0,-1.0,-1.0,-1.0,-1.0,-1.0,-1.0,-1.0,-1.0,-1.0,-1.0,-1.0,-1.0,-1.0,-1.0,-1.0,-1.0,-1.0,-1.0,-1.0,-1.0,-1.0,-1.0,-1.0,-1.0,-1.0,-1.0,-1.0,-1.0,-1.0,-1.0,-1.0,-1.0,-1.0,-1.0,-1.0,-1.0,-1.0,-1.0,-1.0,-1.0,-1.0,-1.0,-1.0,-1.0,-1.0,-1.0,-1.0,-1.0,-1.0,-1.0,-1.0,-1.0,-1.0,-1.0,-1.0,-1.0,-1.0,-1.0,-1.0,-1.0,-1.0,-1.0,-1.0,-1.0,-1.0,-1.0,-1.0,-1.0,-1.0,-1.0,-1.0,-1.0,-1.0,-1.0,-1.0,-1.0,-1.0,-1.0,-1.0,-1.0,-1.0,-1.0,-1.0,-1.0,-1.0,-1.0,-1.0,-1.0,-1.0,-1.0,-1.0,-1.0,-1.0,-1.0,-1.0,-1.0,-1.0,,,,,,,,,,,,,,,,,,,
384x384x384w21-24-42,-1.0,-1.0,-1.0,-1.0,-1.0,-1.0,-1.0,-1.0,-1.0,-1.0,-1.0,-1.0,-1.0,-1.0,-1.0,-1.0,-1.0,-1.0,-1.0,-1.0,-1.0,-1.0,-1.0,-1.0,-1.0,-1.0,-1.0,-1.0,-1.0,-1.0,-1.0,-1.0,-1.0,-1.0,-1.0,-1.0,-1.0,-1.0,-1.0,-1.0,-1.0,-1.0,-1.0,-1.0,-1.0,-1.0,-1.0,-1.0,-1.0,-1.0,-1.0,-1.0,-1.0,-1.0,-1.0,-1.0,-1.0,-1.0,-1.0,-1.0,-1.0,-1.0,-1.0,-1.0,-1.0,-1.0,-1.0,-1.0,-1.0,-1.0,-1.0,-1.0,-1.0,-1.0,-1.0,-1.0,-1.0,-1.0,-1.0,-1.0,-1.0,-1.0,-1.0,-1.0,-1.0,-1.0,-1.0,-1.0,-1.0,-1.0,-1.0,-1.0,-1.0,-1.0,-1.0,-1.0,-1.0,-1.0,-1.0,-1.0,-1.0,-1.0,-1.0,-1.0,-1.0,-1.0,-1.0,-1.0,-1.0,-1.0,,,,,,,,,,,,,,,,,,,
384x384x384w21-32-30,-1.0,-1.0,-1.0,-1.0,-1.0,-1.0,-1.0,-1.0,-1.0,-1.0,-1.0,-1.0,-1.0,-1.0,-1.0,-1.0,-1.0,-1.0,-1.0,-1.0,-1.0,-1.0,-1.0,-1.0,-1.0,-1.0,-1.0,-1.0,-1.0,-1.0,-1.0,-1.0,-1.0,-1.0,-1.0,-1.0,-1.0,-1.0,-1.0,-1.0,-1.0,-1.0,-1.0,-1.0,-1.0,-1.0,-1.0,-1.0,-1.0,-1.0,-1.0,-1.0,-1.0,-1.0,-1.0,-1.0,-1.0,-1.0,-1.0,-1.0,-1.0,-1.0,-1.0,-1.0,-1.0,-1.0,-1.0,-1.0,-1.0,-1.0,-1.0,-1.0,-1.0,-1.0,-1.0,-1.0,-1.0,-1.0,-1.0,-1.0,-1.0,-1.0,-1.0,-1.0,-1.0,-1.0,-1.0,-1.0,-1.0,-1.0,-1.0,-1.0,-1.0,-1.0,-1.0,-1.0,-1.0,-1.0,-1.0,-1.0,-1.0,-1.0,-1.0,-1.0,-1.0,-1.0,-1.0,-1.0,-1.0,-1.0,,,,,,,,,,,,,,,,,,,
384x384x384w21-32-31,-1.0,-1.0,-1.0,-1.0,-1.0,-1.0,-1.0,-1.0,-1.0,-1.0,-1.0,-1.0,-1.0,-1.0,-1.0,-1.0,-1.0,-1.0,-1.0,-1.0,-1.0,-1.0,-1.0,-1.0,-1.0,-1.0,-1.0,-1.0,-1.0,-1.0,-1.0,-1.0,-1.0,-1.0,-1.0,-1.0,-1.0,-1.0,-1.0,-1.0,-1.0,-1.0,-1.0,-1.0,-1.0,-1.0,-1.0,-1.0,-1.0,-1.0,-1.0,-1.0,-1.0,-1.0,-1.0,-1.0,-1.0,-1.0,-1.0,-1.0,-1.0,-1.0,-1.0,-1.0,-1.0,-1.0,-1.0,-1.0,-1.0,-1.0,-1.0,-1.0,-1.0,-1.0,-1.0,-1.0,-1.0,-1.0,-1.0,-1.0,-1.0,-1.0,-1.0,-1.0,-1.0,-1.0,-1.0,-1.0,-1.0,-1.0,-1.0,-1.0,-1.0,-1.0,-1.0,-1.0,-1.0,-1.0,-1.0,-1.0,-1.0,-1.0,-1.0,-1.0,-1.0,-1.0,-1.0,-1.0,-1.0,-1.0,,,,,,,,,,,,,,,,,,,
384x384x384w21-32-32,-1.0,-1.0,-1.0,-1.0,-1.0,-1.0,-1.0,-1.0,-1.0,-1.0,-1.0,-1.0,-1.0,-1.0,-1.0,-1.0,-1.0,-1.0,-1.0,-1.0,-1.0,-1.0,-1.0,-1.0,-1.0,-1.0,-1.0,-1.0,-1.0,-1.0,-1.0,-1.0,-1.0,-1.0,-1.0,-1.0,-1.0,-1.0,-1.0,-1.0,-1.0,-1.0,-1.0,-1.0,-1.0,-1.0,-1.0,-1.0,-1.0,-1.0,-1.0,-1.0,-1.0,-1.0,-1.0,-1.0,-1.0,-1.0,-1.0,-1.0,-1.0,-1.0,-1.0,-1.0,-1.0,-1.0,-1.0,-1.0,-1.0,-1.0,-1.0,-1.0,-1.0,-1.0,-1.0,-1.0,-1.0,-1.0,-1.0,-1.0,-1.0,-1.0,-1.0,-1.0,-1.0,-1.0,-1.0,-1.0,-1.0,-1.0,-1.0,-1.0,-1.0,-1.0,-1.0,-1.0,-1.0,-1.0,-1.0,-1.0,-1.0,-1.0,-1.0,-1.0,-1.0,-1.0,-1.0,-1.0,-1.0,-1.0,,,,,,,,,,,,,,,,,,,
384x384x384w21-40-24,-1.0,-1.0,-1.0,-1.0,-1.0,-1.0,-1.0,-1.0,-1.0,-1.0,-1.0,-1.0,-1.0,-1.0,-1.0,-1.0,-1.0,-1.0,-1.0,-1.0,-1.0,-1.0,-1.0,-1.0,-1.0,-1.0,-1.0,-1.0,-1.0,-1.0,-1.0,-1.0,-1.0,-1.0,-1.0,-1.0,-1.0,-1.0,-1.0,-1.0,-1.0,-1.0,-1.0,-1.0,-1.0,-1.0,-1.0,-1.0,-1.0,-1.0,-1.0,-1.0,-1.0,-1.0,-1.0,-1.0,-1.0,-1.0,-1.0,-1.0,-1.0,-1.0,-1.0,-1.0,-1.0,-1.0,-1.0,-1.0,-1.0,-1.0,-1.0,-1.0,-1.0,-1.0,-1.0,-1.0,-1.0,-1.0,-1.0,-1.0,-1.0,-1.0,-1.0,-1.0,-1.0,-1.0,-1.0,-1.0,-1.0,-1.0,-1.0,-1.0,-1.0,-1.0,-1.0,-1.0,-1.0,-1.0,-1.0,-1.0,-1.0,-1.0,-1.0,-1.0,-1.0,-1.0,-1.0,-1.0,-1.0,-1.0,,,,,,,,,,,,,,,,,,,
384x384x384w21-40-25,-1.0,-1.0,-1.0,-1.0,-1.0,-1.0,-1.0,-1.0,-1.0,-1.0,-1.0,-1.0,-1.0,-1.0,-1.0,-1.0,-1.0,-1.0,-1.0,-1.0,-1.0,-1.0,-1.0,-1.0,-1.0,-1.0,-1.0,-1.0,-1.0,-1.0,-1.0,-1.0,-1.0,-1.0,-1.0,-1.0,-1.0,-1.0,-1.0,-1.0,-1.0,-1.0,-1.0,-1.0,-1.0,-1.0,-1.0,-1.0,-1.0,-1.0,-1.0,-1.0,-1.0,-1.0,-1.0,-1.0,-1.0,-1.0,-1.0,-1.0,-1.0,-1.0,-1.0,-1.0,-1.0,-1.0,-1.0,-1.0,-1.0,-1.0,-1.0,-1.0,-1.0,-1.0,-1.0,-1.0,-1.0,-1.0,-1.0,-1.0,-1.0,-1.0,-1.0,-1.0,-1.0,-1.0,-1.0,-1.0,-1.0,-1.0,-1.0,-1.0,-1.0,-1.0,-1.0,-1.0,-1.0,-1.0,-1.0,-1.0,-1.0,-1.0,-1.0,-1.0,-1.0,-1.0,-1.0,-1.0,-1.0,-1.0,,,,,,,,,,,,,,,,,,,
384x384x384w21-48-20,-1.0,-1.0,-1.0,-1.0,-1.0,-1.0,-1.0,-1.0,-1.0,-1.0,-1.0,-1.0,-1.0,-1.0,-1.0,-1.0,-1.0,-1.0,-1.0,-1.0,-1.0,-1.0,-1.0,-1.0,-1.0,-1.0,-1.0,-1.0,-1.0,-1.0,-1.0,-1.0,-1.0,-1.0,-1.0,-1.0,-1.0,-1.0,-1.0,-1.0,-1.0,-1.0,-1.0,-1.0,-1.0,-1.0,-1.0,-1.0,-1.0,-1.0,-1.0,-1.0,-1.0,-1.0,-1.0,-1.0,-1.0,-1.0,-1.0,-1.0,-1.0,-1.0,-1.0,-1.0,-1.0,-1.0,-1.0,-1.0,-1.0,-1.0,-1.0,-1.0,-1.0,-1.0,-1.0,-1.0,-1.0,-1.0,-1.0,-1.0,-1.0,-1.0,-1.0,-1.0,-1.0,-1.0,-1.0,-1.0,-1.0,-1.0,-1.0,-1.0,-1.0,-1.0,-1.0,-1.0,-1.0,-1.0,-1.0,-1.0,-1.0,-1.0,-1.0,-1.0,-1.0,-1.0,-1.0,-1.0,-1.0,-1.0,,,,,,,,,,,,,,,,,,,
384x384x384w21-48-21,-1.0,-1.0,-1.0,-1.0,-1.0,-1.0,-1.0,-1.0,-1.0,-1.0,-1.0,-1.0,-1.0,-1.0,-1.0,-1.0,-1.0,-1.0,-1.0,-1.0,-1.0,-1.0,-1.0,-1.0,-1.0,-1.0,-1.0,-1.0,-1.0,-1.0,-1.0,-1.0,-1.0,-1.0,-1.0,-1.0,-1.0,-1.0,-1.0,-1.0,-1.0,-1.0,-1.0,-1.0,-1.0,-1.0,-1.0,-1.0,-1.0,-1.0,-1.0,-1.0,-1.0,-1.0,-1.0,-1.0,-1.0,-1.0,-1.0,-1.0,-1.0,-1.0,-1.0,-1.0,-1.0,-1.0,-1.0,-1.0,-1.0,-1.0,-1.0,-1.0,-1.0,-1.0,-1.0,-1.0,-1.0,-1.0,-1.0,-1.0,-1.0,-1.0,-1.0,-1.0,-1.0,-1.0,-1.0,-1.0,-1.0,-1.0,-1.0,-1.0,-1.0,-1.0,-1.0,-1.0,-1.0,-1.0,-1.0,-1.0,-1.0,-1.0,-1.0,-1.0,-1.0,-1.0,-1.0,-1.0,-1.0,-1.0,,,,,,,,,,,,,,,,,,,
384x384x384w22-24-39,-1.0,-1.0,-1.0,-1.0,-1.0,-1.0,-1.0,-1.0,-1.0,-1.0,-1.0,-1.0,-1.0,-1.0,-1.0,-1.0,-1.0,-1.0,-1.0,-1.0,-1.0,-1.0,-1.0,-1.0,-1.0,-1.0,-1.0,-1.0,-1.0,-1.0,-1.0,-1.0,-1.0,-1.0,-1.0,-1.0,-1.0,-1.0,-1.0,-1.0,-1.0,-1.0,-1.0,-1.0,-1.0,-1.0,-1.0,-1.0,-1.0,-1.0,-1.0,-1.0,-1.0,-1.0,-1.0,-1.0,-1.0,-1.0,-1.0,-1.0,-1.0,-1.0,-1.0,-1.0,-1.0,-1.0,-1.0,-1.0,-1.0,-1.0,-1.0,-1.0,-1.0,-1.0,-1.0,-1.0,-1.0,-1.0,-1.0,-1.0,-1.0,-1.0,-1.0,-1.0,-1.0,-1.0,-1.0,-1.0,-1.0,-1.0,-1.0,-1.0,-1.0,-1.0,-1.0,-1.0,-1.0,-1.0,-1.0,-1.0,-1.0,-1.0,-1.0,-1.0,-1.0,-1.0,-1.0,-1.0,-1.0,-1.0,,,,,,,,,,,,,,,,,,,
384x384x384w22-24-40,-1.0,-1.0,-1.0,-1.0,-1.0,-1.0,-1.0,-1.0,-1.0,-1.0,-1.0,-1.0,-1.0,-1.0,-1.0,-1.0,-1.0,-1.0,-1.0,-1.0,-1.0,-1.0,-1.0,-1.0,-1.0,-1.0,-1.0,-1.0,-1.0,-1.0,-1.0,-1.0,-1.0,-1.0,-1.0,-1.0,-1.0,-1.0,-1.0,-1.0,-1.0,-1.0,-1.0,-1.0,-1.0,-1.0,-1.0,-1.0,-1.0,-1.0,-1.0,-1.0,-1.0,-1.0,-1.0,-1.0,-1.0,-1.0,-1.0,-1.0,-1.0,-1.0,-1.0,-1.0,-1.0,-1.0,-1.0,-1.0,-1.0,-1.0,-1.0,-1.0,-1.0,-1.0,-1.0,-1.0,-1.0,-1.0,-1.0,-1.0,-1.0,-1.0,-1.0,-1.0,-1.0,-1.0,-1.0,-1.0,-1.0,-1.0,-1.0,-1.0,-1.0,-1.0,-1.0,-1.0,-1.0,-1.0,-1.0,-1.0,-1.0,-1.0,-1.0,-1.0,-1.0,-1.0,-1.0,-1.0,-1.0,-1.0,,,,,,,,,,,,,,,,,,,
384x384x384w22-24-41,-1.0,-1.0,-1.0,-1.0,-1.0,-1.0,-1.0,-1.0,-1.0,-1.0,-1.0,-1.0,-1.0,-1.0,-1.0,-1.0,-1.0,-1.0,-1.0,-1.0,-1.0,-1.0,-1.0,-1.0,-1.0,-1.0,-1.0,-1.0,-1.0,-1.0,-1.0,-1.0,-1.0,-1.0,-1.0,-1.0,-1.0,-1.0,-1.0,-1.0,-1.0,-1.0,-1.0,-1.0,-1.0,-1.0,-1.0,-1.0,-1.0,-1.0,-1.0,-1.0,-1.0,-1.0,-1.0,-1.0,-1.0,-1.0,-1.0,-1.0,-1.0,-1.0,-1.0,-1.0,-1.0,-1.0,-1.0,-1.0,-1.0,-1.0,-1.0,-1.0,-1.0,-1.0,-1.0,-1.0,-1.0,-1.0,-1.0,-1.0,-1.0,-1.0,-1.0,-1.0,-1.0,-1.0,-1.0,-1.0,-1.0,-1.0,-1.0,-1.0,-1.0,-1.0,-1.0,-1.0,-1.0,-1.0,-1.0,-1.0,-1.0,-1.0,-1.0,-1.0,-1.0,-1.0,-1.0,-1.0,-1.0,-1.0,,,,,,,,,,,,,,,,,,,
384x384x384w22-24-42,-1.0,-1.0,-1.0,-1.0,-1.0,-1.0,-1.0,-1.0,-1.0,-1.0,-1.0,-1.0,-1.0,-1.0,-1.0,-1.0,-1.0,-1.0,-1.0,-1.0,-1.0,-1.0,-1.0,-1.0,-1.0,-1.0,-1.0,-1.0,-1.0,-1.0,-1.0,-1.0,-1.0,-1.0,-1.0,-1.0,-1.0,-1.0,-1.0,-1.0,-1.0,-1.0,-1.0,-1.0,-1.0,-1.0,-1.0,-1.0,-1.0,-1.0,-1.0,-1.0,-1.0,-1.0,-1.0,-1.0,-1.0,-1.0,-1.0,-1.0,-1.0,-1.0,-1.0,-1.0,-1.0,-1.0,-1.0,-1.0,-1.0,-1.0,-1.0,-1.0,-1.0,-1.0,-1.0,-1.0,-1.0,-1.0,-1.0,-1.0,-1.0,-1.0,-1.0,-1.0,-1.0,-1.0,-1.0,-1.0,-1.0,-1.0,-1.0,-1.0,-1.0,-1.0,-1.0,-1.0,-1.0,-1.0,-1.0,-1.0,-1.0,-1.0,-1.0,-1.0,-1.0,-1.0,-1.0,-1.0,-1.0,-1.0,,,,,,,,,,,,,,,,,,,
384x384x384w22-32-28,-1.0,-1.0,-1.0,-1.0,-1.0,-1.0,-1.0,-1.0,-1.0,-1.0,-1.0,-1.0,-1.0,-1.0,-1.0,-1.0,-1.0,-1.0,-1.0,-1.0,-1.0,-1.0,-1.0,-1.0,-1.0,-1.0,-1.0,-1.0,-1.0,-1.0,-1.0,-1.0,-1.0,-1.0,-1.0,-1.0,-1.0,-1.0,-1.0,-1.0,-1.0,-1.0,-1.0,-1.0,-1.0,-1.0,-1.0,-1.0,-1.0,-1.0,-1.0,-1.0,-1.0,-1.0,-1.0,-1.0,-1.0,-1.0,-1.0,-1.0,-1.0,-1.0,-1.0,-1.0,-1.0,-1.0,-1.0,-1.0,-1.0,-1.0,-1.0,-1.0,-1.0,-1.0,-1.0,-1.0,-1.0,-1.0,-1.0,-1.0,-1.0,-1.0,-1.0,-1.0,-1.0,-1.0,-1.0,-1.0,-1.0,-1.0,-1.0,-1.0,-1.0,-1.0,-1.0,-1.0,-1.0,-1.0,-1.0,-1.0,-1.0,-1.0,-1.0,-1.0,-1.0,-1.0,-1.0,-1.0,-1.0,-1.0,,,,,,,,,,,,,,,,,,,
384x384x384w22-32-29,-1.0,-1.0,-1.0,-1.0,-1.0,-1.0,-1.0,-1.0,-1.0,-1.0,-1.0,-1.0,-1.0,-1.0,-1.0,-1.0,-1.0,-1.0,-1.0,-1.0,-1.0,-1.0,-1.0,-1.0,-1.0,-1.0,-1.0,-1.0,-1.0,-1.0,-1.0,-1.0,-1.0,-1.0,-1.0,-1.0,-1.0,-1.0,-1.0,-1.0,-1.0,-1.0,-1.0,-1.0,-1.0,-1.0,-1.0,-1.0,-1.0,-1.0,-1.0,-1.0,-1.0,-1.0,-1.0,-1.0,-1.0,-1.0,-1.0,-1.0,-1.0,-1.0,-1.0,-1.0,-1.0,-1.0,-1.0,-1.0,-1.0,-1.0,-1.0,-1.0,-1.0,-1.0,-1.0,-1.0,-1.0,-1.0,-1.0,-1.0,-1.0,-1.0,-1.0,-1.0,-1.0,-1.0,-1.0,-1.0,-1.0,-1.0,-1.0,-1.0,-1.0,-1.0,-1.0,-1.0,-1.0,-1.0,-1.0,-1.0,-1.0,-1.0,-1.0,-1.0,-1.0,-1.0,-1.0,-1.0,-1.0,-1.0,,,,,,,,,,,,,,,,,,,
384x384x384w22-32-30,-1.0,-1.0,-1.0,-1.0,-1.0,-1.0,-1.0,-1.0,-1.0,-1.0,-1.0,-1.0,-1.0,-1.0,-1.0,-1.0,-1.0,-1.0,-1.0,-1.0,-1.0,-1.0,-1.0,-1.0,-1.0,-1.0,-1.0,-1.0,-1.0,-1.0,-1.0,-1.0,-1.0,-1.0,-1.0,-1.0,-1.0,-1.0,-1.0,-1.0,-1.0,-1.0,-1.0,-1.0,-1.0,-1.0,-1.0,-1.0,-1.0,-1.0,-1.0,-1.0,-1.0,-1.0,-1.0,-1.0,-1.0,-1.0,-1.0,-1.0,-1.0,-1.0,-1.0,-1.0,-1.0,-1.0,-1.0,-1.0,-1.0,-1.0,-1.0,-1.0,-1.0,-1.0,-1.0,-1.0,-1.0,-1.0,-1.0,-1.0,-1.0,-1.0,-1.0,-1.0,-1.0,-1.0,-1.0,-1.0,-1.0,-1.0,-1.0,-1.0,-1.0,-1.0,-1.0,-1.0,-1.0,-1.0,-1.0,-1.0,-1.0,-1.0,-1.0,-1.0,-1.0,-1.0,-1.0,-1.0,-1.0,-1.0,,,,,,,,,,,,,,,,,,,
384x384x384w22-32-31,-1.0,-1.0,-1.0,-1.0,-1.0,-1.0,-1.0,-1.0,-1.0,-1.0,-1.0,-1.0,-1.0,-1.0,-1.0,-1.0,-1.0,-1.0,-1.0,-1.0,-1.0,-1.0,-1.0,-1.0,-1.0,-1.0,-1.0,-1.0,-1.0,-1.0,-1.0,-1.0,-1.0,-1.0,-1.0,-1.0,-1.0,-1.0,-1.0,-1.0,-1.0,-1.0,-1.0,-1.0,-1.0,-1.0,-1.0,-1.0,-1.0,-1.0,-1.0,-1.0,-1.0,-1.0,-1.0,-1.0,-1.0,-1.0,-1.0,-1.0,-1.0,-1.0,-1.0,-1.0,-1.0,-1.0,-1.0,-1.0,-1.0,-1.0,-1.0,-1.0,-1.0,-1.0,-1.0,-1.0,-1.0,-1.0,-1.0,-1.0,-1.0,-1.0,-1.0,-1.0,-1.0,-1.0,-1.0,-1.0,-1.0,-1.0,-1.0,-1.0,-1.0,-1.0,-1.0,-1.0,-1.0,-1.0,-1.0,-1.0,-1.0,-1.0,-1.0,-1.0,-1.0,-1.0,-1.0,-1.0,-1.0,-1.0,,,,,,,,,,,,,,,,,,,
384x384x384w22-32-32,-1.0,-1.0,-1.0,-1.0,-1.0,-1.0,-1.0,-1.0,-1.0,-1.0,-1.0,-1.0,-1.0,-1.0,-1.0,-1.0,-1.0,-1.0,-1.0,-1.0,-1.0,-1.0,-1.0,-1.0,-1.0,-1.0,-1.0,-1.0,-1.0,-1.0,-1.0,-1.0,-1.0,-1.0,-1.0,-1.0,-1.0,-1.0,-1.0,-1.0,-1.0,-1.0,-1.0,-1.0,-1.0,-1.0,-1.0,-1.0,-1.0,-1.0,-1.0,-1.0,-1.0,-1.0,-1.0,-1.0,-1.0,-1.0,-1.0,-1.0,-1.0,-1.0,-1.0,-1.0,-1.0,-1.0,-1.0,-1.0,-1.0,-1.0,-1.0,-1.0,-1.0,-1.0,-1.0,-1.0,-1.0,-1.0,-1.0,-1.0,-1.0,-1.0,-1.0,-1.0,-1.0,-1.0,-1.0,-1.0,-1.0,-1.0,-1.0,-1.0,-1.0,-1.0,-1.0,-1.0,-1.0,-1.0,-1.0,-1.0,-1.0,-1.0,-1.0,-1.0,-1.0,-1.0,-1.0,-1.0,-1.0,-1.0,,,,,,,,,,,,,,,,,,,
384x384x384w22-40-23,-1.0,-1.0,-1.0,-1.0,-1.0,-1.0,-1.0,-1.0,-1.0,-1.0,-1.0,-1.0,-1.0,-1.0,-1.0,-1.0,-1.0,-1.0,-1.0,-1.0,-1.0,-1.0,-1.0,-1.0,-1.0,-1.0,-1.0,-1.0,-1.0,-1.0,-1.0,-1.0,-1.0,-1.0,-1.0,-1.0,-1.0,-1.0,-1.0,-1.0,-1.0,-1.0,-1.0,-1.0,-1.0,-1.0,-1.0,-1.0,-1.0,-1.0,-1.0,-1.0,-1.0,-1.0,-1.0,-1.0,-1.0,-1.0,-1.0,-1.0,-1.0,-1.0,-1.0,-1.0,-1.0,-1.0,-1.0,-1.0,-1.0,-1.0,-1.0,-1.0,-1.0,-1.0,-1.0,-1.0,-1.0,-1.0,-1.0,-1.0,-1.0,-1.0,-1.0,-1.0,-1.0,-1.0,-1.0,-1.0,-1.0,-1.0,-1.0,-1.0,-1.0,-1.0,-1.0,-1.0,-1.0,-1.0,-1.0,-1.0,-1.0,-1.0,-1.0,-1.0,-1.0,-1.0,-1.0,-1.0,-1.0,-1.0,,,,,,,,,,,,,,,,,,,
384x384x384w22-40-24,-1.0,-1.0,-1.0,-1.0,-1.0,-1.0,-1.0,-1.0,-1.0,-1.0,-1.0,-1.0,-1.0,-1.0,-1.0,-1.0,-1.0,-1.0,-1.0,-1.0,-1.0,-1.0,-1.0,-1.0,-1.0,-1.0,-1.0,-1.0,-1.0,-1.0,-1.0,-1.0,-1.0,-1.0,-1.0,-1.0,-1.0,-1.0,-1.0,-1.0,-1.0,-1.0,-1.0,-1.0,-1.0,-1.0,-1.0,-1.0,-1.0,-1.0,-1.0,-1.0,-1.0,-1.0,-1.0,-1.0,-1.0,-1.0,-1.0,-1.0,-1.0,-1.0,-1.0,-1.0,-1.0,-1.0,-1.0,-1.0,-1.0,-1.0,-1.0,-1.0,-1.0,-1.0,-1.0,-1.0,-1.0,-1.0,-1.0,-1.0,-1.0,-1.0,-1.0,-1.0,-1.0,-1.0,-1.0,-1.0,-1.0,-1.0,-1.0,-1.0,-1.0,-1.0,-1.0,-1.0,-1.0,-1.0,-1.0,-1.0,-1.0,-1.0,-1.0,-1.0,-1.0,-1.0,-1.0,-1.0,-1.0,-1.0,,,,,,,,,,,,,,,,,,,
384x384x384w22-40-25,-1.0,-1.0,-1.0,-1.0,-1.0,-1.0,-1.0,-1.0,-1.0,-1.0,-1.0,-1.0,-1.0,-1.0,-1.0,-1.0,-1.0,-1.0,-1.0,-1.0,-1.0,-1.0,-1.0,-1.0,-1.0,-1.0,-1.0,-1.0,-1.0,-1.0,-1.0,-1.0,-1.0,-1.0,-1.0,-1.0,-1.0,-1.0,-1.0,-1.0,-1.0,-1.0,-1.0,-1.0,-1.0,-1.0,-1.0,-1.0,-1.0,-1.0,-1.0,-1.0,-1.0,-1.0,-1.0,-1.0,-1.0,-1.0,-1.0,-1.0,-1.0,-1.0,-1.0,-1.0,-1.0,-1.0,-1.0,-1.0,-1.0,-1.0,-1.0,-1.0,-1.0,-1.0,-1.0,-1.0,-1.0,-1.0,-1.0,-1.0,-1.0,-1.0,-1.0,-1.0,-1.0,-1.0,-1.0,-1.0,-1.0,-1.0,-1.0,-1.0,-1.0,-1.0,-1.0,-1.0,-1.0,-1.0,-1.0,-1.0,-1.0,-1.0,-1.0,-1.0,-1.0,-1.0,-1.0,-1.0,-1.0,-1.0,,,,,,,,,,,,,,,,,,,
384x384x384w23-24-35,-1.0,-1.0,-1.0,-1.0,-1.0,-1.0,-1.0,-1.0,-1.0,-1.0,-1.0,-1.0,-1.0,-1.0,-1.0,-1.0,-1.0,-1.0,-1.0,-1.0,-1.0,-1.0,-1.0,-1.0,-1.0,-1.0,-1.0,-1.0,-1.0,-1.0,-1.0,-1.0,-1.0,-1.0,-1.0,-1.0,-1.0,-1.0,-1.0,-1.0,-1.0,-1.0,-1.0,-1.0,-1.0,-1.0,-1.0,-1.0,-1.0,-1.0,-1.0,-1.0,-1.0,-1.0,-1.0,-1.0,-1.0,-1.0,-1.0,-1.0,-1.0,-1.0,-1.0,-1.0,-1.0,-1.0,-1.0,-1.0,-1.0,-1.0,-1.0,-1.0,-1.0,-1.0,-1.0,-1.0,-1.0,-1.0,-1.0,-1.0,-1.0,-1.0,-1.0,-1.0,-1.0,-1.0,-1.0,-1.0,-1.0,-1.0,-1.0,-1.0,-1.0,-1.0,-1.0,-1.0,-1.0,-1.0,-1.0,-1.0,-1.0,-1.0,-1.0,-1.0,-1.0,-1.0,-1.0,-1.0,-1.0,-1.0,,,,,,,,,,,,,,,,,,,
384x384x384w23-24-36,-1.0,-1.0,-1.0,-1.0,-1.0,-1.0,-1.0,-1.0,-1.0,-1.0,-1.0,-1.0,-1.0,-1.0,-1.0,-1.0,-1.0,-1.0,-1.0,-1.0,-1.0,-1.0,-1.0,-1.0,-1.0,-1.0,-1.0,-1.0,-1.0,-1.0,-1.0,-1.0,-1.0,-1.0,-1.0,-1.0,-1.0,-1.0,-1.0,-1.0,-1.0,-1.0,-1.0,-1.0,-1.0,-1.0,-1.0,-1.0,-1.0,-1.0,-1.0,-1.0,-1.0,-1.0,-1.0,-1.0,-1.0,-1.0,-1.0,-1.0,-1.0,-1.0,-1.0,-1.0,-1.0,-1.0,-1.0,-1.0,-1.0,-1.0,-1.0,-1.0,-1.0,-1.0,-1.0,-1.0,-1.0,-1.0,-1.0,-1.0,-1.0,-1.0,-1.0,-1.0,-1.0,-1.0,-1.0,-1.0,-1.0,-1.0,-1.0,-1.0,-1.0,-1.0,-1.0,-1.0,-1.0,-1.0,-1.0,-1.0,-1.0,-1.0,-1.0,-1.0,-1.0,-1.0,-1.0,-1.0,-1.0,-1.0,,,,,,,,,,,,,,,,,,,
384x384x384w23-24-37,-1.0,-1.0,-1.0,-1.0,-1.0,-1.0,-1.0,-1.0,-1.0,-1.0,-1.0,-1.0,-1.0,-1.0,-1.0,-1.0,-1.0,-1.0,-1.0,-1.0,-1.0,-1.0,-1.0,-1.0,-1.0,-1.0,-1.0,-1.0,-1.0,-1.0,-1.0,-1.0,-1.0,-1.0,-1.0,-1.0,-1.0,-1.0,-1.0,-1.0,-1.0,-1.0,-1.0,-1.0,-1.0,-1.0,-1.0,-1.0,-1.0,-1.0,-1.0,-1.0,-1.0,-1.0,-1.0,-1.0,-1.0,-1.0,-1.0,-1.0,-1.0,-1.0,-1.0,-1.0,-1.0,-1.0,-1.0,-1.0,-1.0,-1.0,-1.0,-1.0,-1.0,-1.0,-1.0,-1.0,-1.0,-1.0,-1.0,-1.0,-1.0,-1.0,-1.0,-1.0,-1.0,-1.0,-1.0,-1.0,-1.0,-1.0,-1.0,-1.0,-1.0,-1.0,-1.0,-1.0,-1.0,-1.0,-1.0,-1.0,-1.0,-1.0,-1.0,-1.0,-1.0,-1.0,-1.0,-1.0,-1.0,-1.0,,,,,,,,,,,,,,,,,,,
384x384x384w23-24-38,-1.0,-1.0,-1.0,-1.0,-1.0,-1.0,-1.0,-1.0,-1.0,-1.0,-1.0,-1.0,-1.0,-1.0,-1.0,-1.0,-1.0,-1.0,-1.0,-1.0,-1.0,-1.0,-1.0,-1.0,-1.0,-1.0,-1.0,-1.0,-1.0,-1.0,-1.0,-1.0,-1.0,-1.0,-1.0,-1.0,-1.0,-1.0,-1.0,-1.0,-1.0,-1.0,-1.0,-1.0,-1.0,-1.0,-1.0,-1.0,-1.0,-1.0,-1.0,-1.0,-1.0,-1.0,-1.0,-1.0,-1.0,-1.0,-1.0,-1.0,-1.0,-1.0,-1.0,-1.0,-1.0,-1.0,-1.0,-1.0,-1.0,-1.0,-1.0,-1.0,-1.0,-1.0,-1.0,-1.0,-1.0,-1.0,-1.0,-1.0,-1.0,-1.0,-1.0,-1.0,-1.0,-1.0,-1.0,-1.0,-1.0,-1.0,-1.0,-1.0,-1.0,-1.0,-1.0,-1.0,-1.0,-1.0,-1.0,-1.0,-1.0,-1.0,-1.0,-1.0,-1.0,-1.0,-1.0,-1.0,-1.0,-1.0,,,,,,,,,,,,,,,,,,,
384x384x384w23-24-39,-1.0,-1.0,-1.0,-1.0,-1.0,-1.0,-1.0,-1.0,-1.0,-1.0,-1.0,-1.0,-1.0,-1.0,-1.0,-1.0,-1.0,-1.0,-1.0,-1.0,-1.0,-1.0,-1.0,-1.0,-1.0,-1.0,-1.0,-1.0,-1.0,-1.0,-1.0,-1.0,-1.0,-1.0,-1.0,-1.0,-1.0,-1.0,-1.0,-1.0,-1.0,-1.0,-1.0,-1.0,-1.0,-1.0,-1.0,-1.0,-1.0,-1.0,-1.0,-1.0,-1.0,-1.0,-1.0,-1.0,-1.0,-1.0,-1.0,-1.0,-1.0,-1.0,-1.0,-1.0,-1.0,-1.0,-1.0,-1.0,-1.0,-1.0,-1.0,-1.0,-1.0,-1.0,-1.0,-1.0,-1.0,-1.0,-1.0,-1.0,-1.0,-1.0,-1.0,-1.0,-1.0,-1.0,-1.0,-1.0,-1.0,-1.0,-1.0,-1.0,-1.0,-1.0,-1.0,-1.0,-1.0,-1.0,-1.0,-1.0,-1.0,-1.0,-1.0,-1.0,-1.0,-1.0,-1.0,-1.0,-1.0,-1.0,,,,,,,,,,,,,,,,,,,
384x384x384w23-24-40,-1.0,-1.0,-1.0,-1.0,-1.0,-1.0,-1.0,-1.0,-1.0,-1.0,-1.0,-1.0,-1.0,-1.0,-1.0,-1.0,-1.0,-1.0,-1.0,-1.0,-1.0,-1.0,-1.0,-1.0,-1.0,-1.0,-1.0,-1.0,-1.0,-1.0,-1.0,-1.0,-1.0,-1.0,-1.0,-1.0,-1.0,-1.0,-1.0,-1.0,-1.0,-1.0,-1.0,-1.0,-1.0,-1.0,-1.0,-1.0,-1.0,-1.0,-1.0,-1.0,-1.0,-1.0,-1.0,-1.0,-1.0,-1.0,-1.0,-1.0,-1.0,-1.0,-1.0,-1.0,-1.0,-1.0,-1.0,-1.0,-1.0,-1.0,-1.0,-1.0,-1.0,-1.0,-1.0,-1.0,-1.0,-1.0,-1.0,-1.0,-1.0,-1.0,-1.0,-1.0,-1.0,-1.0,-1.0,-1.0,-1.0,-1.0,-1.0,-1.0,-1.0,-1.0,-1.0,-1.0,-1.0,-1.0,-1.0,-1.0,-1.0,-1.0,-1.0,-1.0,-1.0,-1.0,-1.0,-1.0,-1.0,-1.0,,,,,,,,,,,,,,,,,,,
384x384x384w23-24-41,-1.0,-1.0,-1.0,-1.0,-1.0,-1.0,-1.0,-1.0,-1.0,-1.0,-1.0,-1.0,-1.0,-1.0,-1.0,-1.0,-1.0,-1.0,-1.0,-1.0,-1.0,-1.0,-1.0,-1.0,-1.0,-1.0,-1.0,-1.0,-1.0,-1.0,-1.0,-1.0,-1.0,-1.0,-1.0,-1.0,-1.0,-1.0,-1.0,-1.0,-1.0,-1.0,-1.0,-1.0,-1.0,-1.0,-1.0,-1.0,-1.0,-1.0,-1.0,-1.0,-1.0,-1.0,-1.0,-1.0,-1.0,-1.0,-1.0,-1.0,-1.0,-1.0,-1.0,-1.0,-1.0,-1.0,-1.0,-1.0,-1.0,-1.0,-1.0,-1.0,-1.0,-1.0,-1.0,-1.0,-1.0,-1.0,-1.0,-1.0,-1.0,-1.0,-1.0,-1.0,-1.0,-1.0,-1.0,-1.0,-1.0,-1.0,-1.0,-1.0,-1.0,-1.0,-1.0,-1.0,-1.0,-1.0,-1.0,-1.0,-1.0,-1.0,-1.0,-1.0,-1.0,-1.0,-1.0,-1.0,-1.0,-1.0,,,,,,,,,,,,,,,,,,,
384x384x384w23-24-42,-1.0,-1.0,-1.0,-1.0,-1.0,-1.0,-1.0,-1.0,-1.0,-1.0,-1.0,-1.0,-1.0,-1.0,-1.0,-1.0,-1.0,-1.0,-1.0,-1.0,-1.0,-1.0,-1.0,-1.0,-1.0,-1.0,-1.0,-1.0,-1.0,-1.0,-1.0,-1.0,-1.0,-1.0,-1.0,-1.0,-1.0,-1.0,-1.0,-1.0,-1.0,-1.0,-1.0,-1.0,-1.0,-1.0,-1.0,-1.0,-1.0,-1.0,-1.0,-1.0,-1.0,-1.0,-1.0,-1.0,-1.0,-1.0,-1.0,-1.0,-1.0,-1.0,-1.0,-1.0,-1.0,-1.0,-1.0,-1.0,-1.0,-1.0,-1.0,-1.0,-1.0,-1.0,-1.0,-1.0,-1.0,-1.0,-1.0,-1.0,-1.0,-1.0,-1.0,-1.0,-1.0,-1.0,-1.0,-1.0,-1.0,-1.0,-1.0,-1.0,-1.0,-1.0,-1.0,-1.0,-1.0,-1.0,-1.0,-1.0,-1.0,-1.0,-1.0,-1.0,-1.0,-1.0,-1.0,-1.0,-1.0,-1.0,,,,,,,,,,,,,,,,,,,
384x384x384w23-32-26,-1.0,-1.0,-1.0,-1.0,-1.0,-1.0,-1.0,-1.0,-1.0,-1.0,-1.0,-1.0,-1.0,-1.0,-1.0,-1.0,-1.0,-1.0,-1.0,-1.0,-1.0,-1.0,-1.0,-1.0,-1.0,-1.0,-1.0,-1.0,-1.0,-1.0,-1.0,-1.0,-1.0,-1.0,-1.0,-1.0,-1.0,-1.0,-1.0,-1.0,-1.0,-1.0,-1.0,-1.0,-1.0,-1.0,-1.0,-1.0,-1.0,-1.0,-1.0,-1.0,-1.0,-1.0,-1.0,-1.0,-1.0,-1.0,-1.0,-1.0,-1.0,-1.0,-1.0,-1.0,-1.0,-1.0,-1.0,-1.0,-1.0,-1.0,-1.0,-1.0,-1.0,-1.0,-1.0,-1.0,-1.0,-1.0,-1.0,-1.0,-1.0,-1.0,-1.0,-1.0,-1.0,-1.0,-1.0,-1.0,-1.0,-1.0,-1.0,-1.0,-1.0,-1.0,-1.0,-1.0,-1.0,-1.0,-1.0,-1.0,-1.0,-1.0,-1.0,-1.0,-1.0,-1.0,-1.0,-1.0,-1.0,-1.0,,,,,,,,,,,,,,,,,,,
384x384x384w23-32-27,-1.0,-1.0,-1.0,-1.0,-1.0,-1.0,-1.0,-1.0,-1.0,-1.0,-1.0,-1.0,-1.0,-1.0,-1.0,-1.0,-1.0,-1.0,-1.0,-1.0,-1.0,-1.0,-1.0,-1.0,-1.0,-1.0,-1.0,-1.0,-1.0,-1.0,-1.0,-1.0,-1.0,-1.0,-1.0,-1.0,-1.0,-1.0,-1.0,-1.0,-1.0,-1.0,-1.0,-1.0,-1.0,-1.0,-1.0,-1.0,-1.0,-1.0,-1.0,-1.0,-1.0,-1.0,-1.0,-1.0,-1.0,-1.0,-1.0,-1.0,-1.0,-1.0,-1.0,-1.0,-1.0,-1.0,-1.0,-1.0,-1.0,-1.0,-1.0,-1.0,-1.0,-1.0,-1.0,-1.0,-1.0,-1.0,-1.0,-1.0,-1.0,-1.0,-1.0,-1.0,-1.0,-1.0,-1.0,-1.0,-1.0,-1.0,-1.0,-1.0,-1.0,-1.0,-1.0,-1.0,-1.0,-1.0,-1.0,-1.0,-1.0,-1.0,-1.0,-1.0,-1.0,-1.0,-1.0,-1.0,-1.0,-1.0,,,,,,,,,,,,,,,,,,,
384x384x384w23-32-28,-1.0,-1.0,-1.0,-1.0,-1.0,-1.0,-1.0,-1.0,-1.0,-1.0,-1.0,-1.0,-1.0,-1.0,-1.0,-1.0,-1.0,-1.0,-1.0,-1.0,-1.0,-1.0,-1.0,-1.0,-1.0,-1.0,-1.0,-1.0,-1.0,-1.0,-1.0,-1.0,-1.0,-1.0,-1.0,-1.0,-1.0,-1.0,-1.0,-1.0,-1.0,-1.0,-1.0,-1.0,-1.0,-1.0,-1.0,-1.0,-1.0,-1.0,-1.0,-1.0,-1.0,-1.0,-1.0,-1.0,-1.0,-1.0,-1.0,-1.0,-1.0,-1.0,-1.0,-1.0,-1.0,-1.0,-1.0,-1.0,-1.0,-1.0,-1.0,-1.0,-1.0,-1.0,-1.0,-1.0,-1.0,-1.0,-1.0,-1.0,-1.0,-1.0,-1.0,-1.0,-1.0,-1.0,-1.0,-1.0,-1.0,-1.0,-1.0,-1.0,-1.0,-1.0,-1.0,-1.0,-1.0,-1.0,-1.0,-1.0,-1.0,-1.0,-1.0,-1.0,-1.0,-1.0,-1.0,-1.0,-1.0,-1.0,,,,,,,,,,,,,,,,,,,
384x384x384w23-32-29,-1.0,-1.0,-1.0,-1.0,-1.0,-1.0,-1.0,-1.0,-1.0,-1.0,-1.0,-1.0,-1.0,-1.0,-1.0,-1.0,-1.0,-1.0,-1.0,-1.0,-1.0,-1.0,-1.0,-1.0,-1.0,-1.0,-1.0,-1.0,-1.0,-1.0,-1.0,-1.0,-1.0,-1.0,-1.0,-1.0,-1.0,-1.0,-1.0,-1.0,-1.0,-1.0,-1.0,-1.0,-1.0,-1.0,-1.0,-1.0,-1.0,-1.0,-1.0,-1.0,-1.0,-1.0,-1.0,-1.0,-1.0,-1.0,-1.0,-1.0,-1.0,-1.0,-1.0,-1.0,-1.0,-1.0,-1.0,-1.0,-1.0,-1.0,-1.0,-1.0,-1.0,-1.0,-1.0,-1.0,-1.0,-1.0,-1.0,-1.0,-1.0,-1.0,-1.0,-1.0,-1.0,-1.0,-1.0,-1.0,-1.0,-1.0,-1.0,-1.0,-1.0,-1.0,-1.0,-1.0,-1.0,-1.0,-1.0,-1.0,-1.0,-1.0,-1.0,-1.0,-1.0,-1.0,-1.0,-1.0,-1.0,-1.0,,,,,,,,,,,,,,,,,,,
384x384x384w23-32-30,9256787.0,9256787.0,9251483.0,3308.0,462.0,9253015.0,559265.0,8425050.0,8984315.0,9251483.0,2652.0,9256788.0,9256788.0,9251484.0,3307.0,455.0,9253024.0,549686.0,8431790.0,8981476.0,9251484.0,2652.0,9256787.0,9256787.0,9251483.0,3306.0,465.0,9253014.0,557421.0,8424011.0,8981432.0,9251483.0,2652.0,9256786.0,9256786.0,9251482.0,3305.0,452.0,9253027.0,509352.0,8472201.0,8981553.0,9251482.0,2652.0,9256783.0,9256783.0,9251479.0,3302.0,445.0,9253034.0,527621.0,8451629.0,8979250.0,9251479.0,2652.0,9256782.0,9256782.0,9251478.0,3301.0,435.0,9253044.0,488967.0,8491621.0,8980588.0,9251478.0,2652.0,9256781.0,9256781.0,9251477.0,3300.0,439.0,9253040.0,501431.0,8478980.0,8980411.0,9251477.0,2652.0,9256780.0,9256780.0,9251476.0,3299.0,438.0,9253041.0,3086863.0,5894150.0,8981013.0,9251476.0,2652.0,9253044.0,9256777.0,9256777.0,21216.0,6780606.0,65069432.0,10.0,10.0,11.0,11.0,10.0,10.0,9.0,9.0,6.0,6.0,5.0,5.0,4.0,4.0,3.0,3.0,,,,,,,,,,,,,,,,,,,
384x384x384w23-32-31,9305927.0,9305927.0,9300623.0,3314.0,478.0,9302133.0,536238.0,8493885.0,9030123.0,9300623.0,2652.0,9305915.0,9305915.0,9300611.0,3313.0,494.0,9302106.0,550642.0,8479146.0,9029788.0,9300611.0,2652.0,9305915.0,9305915.0,9300611.0,3312.0,518.0,9302083.0,549066.0,8480168.0,9029234.0,9300611.0,2652.0,9305915.0,9305915.0,9300611.0,3311.0,476.0,9302126.0,507212.0,8523140.0,9030352.0,9300611.0,2652.0,9305913.0,9305913.0,9300609.0,3308.0,476.0,9302127.0,526147.0,8503977.0,9030124.0,9300609.0,2652.0,9305913.0,9305913.0,9300609.0,3307.0,456.0,9302148.0,486382.0,8544193.0,9030575.0,9300609.0,2652.0,9305913.0,9305913.0,9300609.0,3306.0,467.0,9302138.0,499362.0,8530775.0,9030137.0,9300609.0,2652.0,9305913.0,9305913.0,9300609.0,3305.0,465.0,9302141.0,3105136.0,5924760.0,9029896.0,9300609.0,2652.0,9302148.0,9305911.0,9305911.0,21216.0,6760185.0,65480044.0,16.0,16.0,4.0,4.0,4.0,4.0,4.0,4.0,2.0,2.0,2.0,2.0,2.0,2.0,2.0,2.0,,,,,,,,,,,,,,,,,,,
384x384x384w23-40-22,9012581.0,9012581.0,9006461.0,3351.0,472.0,9008756.0,725369.0,7976492.0,8701861.0,9006461.0,3060.0,9012585.0,9012585.0,9006465.0,3350.0,474.0,9008759.0,734934.0,7970198.0,8705132.0,9006465.0,3060.0,9012584.0,9012584.0,9006464.0,3349.0,469.0,9008764.0,729705.0,7976913.0,8706618.0,9006464.0,3060.0,9012583.0,9012583.0,9006463.0,3348.0,509.0,9008724.0,701845.0,8009034.0,8710879.0,9006463.0,3060.0,9012580.0,9012580.0,9006460.0,3345.0,488.0,9008745.0,695880.0,8004820.0,8700700.0,9006460.0,3060.0,9012579.0,9012579.0,9006459.0,3344.0,466.0,9008767.0,675750.0,8024802.0,8700552.0,9006459.0,3060.0,9012578.0,9012578.0,9006458.0,3343.0,460.0,9008773.0,661635.0,8038326.0,8699961.0,9006458.0,3060.0,9012578.0,9012578.0,9006458.0,3342.0,486.0,9008748.0,3192220.0,5511834.0,8704054.0,9006458.0,3060.0,9008773.0,9012574.0,9012574.0,24480.0,8117338.0,61512419.0,7.0,7.0,11.0,11.0,10.0,10.0,9.0,9.0,6.0,6.0,5.0,5.0,4.0,4.0,4.0,4.0,,,,,,,,,,,,,,,,,,,
384x384x384w23-40-23,8901320.0,8901320.0,8895540.0,3332.0,464.0,8897522.0,646640.0,7958868.0,8605508.0,8895540.0,2890.0,8901308.0,8901308.0,8895528.0,3331.0,466.0,8897509.0,646116.0,7961587.0,8607703.0,8895528.0,2890.0,8901308.0,8901308.0,8895528.0,3330.0,488.0,8897488.0,659876.0,7955943.0,8615819.0,8895528.0,2890.0,8901308.0,8901308.0,8895528.0,3329.0,469.0,8897508.0,636177.0,7973968.0,8610145.0,8895528.0,2890.0,8901306.0,8901306.0,8895526.0,3326.0,444.0,8897534.0,636133.0,7971896.0,8608029.0,8895526.0,2890.0,8901306.0,8901306.0,8895526.0,3325.0,463.0,8897516.0,582165.0,8026215.0,8608380.0,8895526.0,2890.0,8901306.0,8901306.0,8895526.0,3324.0,463.0,8897517.0,595365.0,8012508.0,8607873.0,8895526.0,2890.0,8901306.0,8901306.0,8895526.0,3323.0,462.0,8897519.0,3105450.0,5499258.0,8604708.0,8895526.0,2890.0,8897534.0,8901304.0,8901304.0,23120.0,7507922.0,61360243.0,16.0,16.0,4.0,4.0,4.0,4.0,4.0,4.0,2.0,2.0,2.0,2.0,2.0,2.0,2.0,2.0,,,,,,,,,,,,,,,,,,,
384x384x384w23-40-24,8664765.0,8664765.0,8659325.0,3188.0,393.0,8661182.0,460791.0,7926365.0,8387156.0,8659325.0,2720.0,8664753.0,8664753.0,8659313.0,3187.0,383.0,8661181.0,471349.0,7916246.0,8387595.0,8659313.0,2720.0,8664753.0,8664753.0,8659313.0,3186.0,414.0,8661151.0,480018.0,7906871.0,8386889.0,8659313.0,2720.0,8664753.0,8664753.0,8659313.0,3185.0,409.0,8661157.0,463720.0,7923920.0,8387640.0,8659313.0,2720.0,8664751.0,8664751.0,8659311.0,3182.0,409.0,8661158.0,447633.0,7936967.0,8384600.0,8659311.0,2720.0,8664751.0,8664751.0,8659311.0,3181.0,412.0,8661156.0,419852.0,7967540.0,8387392.0,8659311.0,2720.0,8664751.0,8664751.0,8659311.0,3180.0,393.0,8661176.0,423987.0,7963161.0,8387148.0,8659311.0,2720.0,8664751.0,8664751.0,8659311.0,3179.0,390.0,8661180.0,2928017.0,5459724.0,8387741.0,8659311.0,2720.0,8661182.0,8664749.0,8664749.0,21760.0,6095367.0,61000794.0,16.0,16.0,4.0,4.0,4.0,4.0,4.0,4.0,2.0,2.0,2.0,2.0,2.0,2.0,2.0,2.0,,,,,,,,,,,,,,,,,,,
384x384x384w23-40-25,8682454.0,8682454.0,8677014.0,3223.0,416.0,8678813.0,472630.0,7929348.0,8401978.0,8677014.0,2720.0,8682442.0,8682442.0,8677002.0,3222.0,403.0,8678815.0,472926.0,7926989.0,8399915.0,8677002.0,2720.0,8682442.0,8682442.0,8677002.0,3221.0,414.0,8678805.0,486045.0,7914304.0,8400349.0,8677002.0,2720.0,8682442.0,8682442.0,8677002.0,3220.0,426.0,8678794.0,463345.0,7940839.0,8404184.0,8677002.0,2720.0,8682440.0,8682440.0,8677000.0,3217.0,413.0,8678808.0,461905.0,7942862.0,8404767.0,8677000.0,2720.0,8682440.0,8682440.0,8677000.0,3216.0,420.0,8678802.0,428525.0,7972316.0,8400841.0,8677000.0,2720.0,8682432.0,8682432.0,8676992.0,3215.0,391.0,8678824.0,437621.0,7966864.0,8404485.0,8676992.0,2720.0,8682439.0,8682439.0,8676999.0,3214.0,411.0,8678812.0,2927457.0,5475962.0,8403419.0,8676999.0,2720.0,8678824.0,8682430.0,8682430.0,21760.0,6150454.0,61069484.0,24.0,24.0,12.0,12.0,12.0,12.0,12.0,12.0,10.0,10.0,10.0,10.0,2.0,2.0,9.0,9.0,,,,,,,,,,,,,,,,,,,
384x384x384w24-24-33,8493816.0,8493816.0,8487672.0,3228.0,502.0,8490084.0,598972.0,7581820.0,8180792.0,8487672.0,3072.0,8493804.0,8493804.0,8487660.0,3227.0,492.0,8490083.0,601205.0,7579276.0,8180481.0,8487660.0,3072.0,8493804.0,8493804.0,8487660.0,3226.0,483.0,8490093.0,609714.0,7571768.0,8181482.0,8487660.0,3072.0,8493804.0,8493804.0,8487660.0,3225.0,474.0,8490103.0,575665.0,7606033.0,8181698.0,8487660.0,3072.0,8493802.0,8493802.0,8487658.0,3222.0,485.0,8490093.0,589561.0,7590984.0,8180545.0,8487658.0,3072.0,8493802.0,8493802.0,8487658.0,3221.0,501.0,8490078.0,557819.0,7623122.0,8180941.0,8487658.0,3072.0,8493794.0,8493794.0,8487650.0,3220.0,458.0,8490114.0,559836.0,7618969.0,8178805.0,8487650.0,3072.0,8493801.0,8493801.0,8487657.0,3219.0,495.0,8490085.0,555499.0,7623777.0,8179276.0,8487657.0,3072.0,8490114.0,8493792.0,8493792.0,24576.0,4648271.0,60795749.0,24.0,24.0,12.0,12.0,12.0,12.0,12.0,12.0,10.0,10.0,10.0,10.0,2.0,2.0,9.0,9.0,,,,,,,,,,,,,,,,,,,
384x384x384w24-24-34,8480675.0,8480675.0,8474531.0,3257.0,483.0,8476933.0,577478.0,7587572.0,8165050.0,8474531.0,3072.0,8480663.0,8480663.0,8474519.0,3256.0,476.0,8476929.0,590893.0,7575665.0,8166558.0,8474519.0,3072.0,8480663.0,8480663.0,8474519.0,3255.0,470.0,8476936.0,593913.0,7570061.0,8163974.0,8474519.0,3072.0,8480663.0,8480663.0,8474519.0,3254.0,502.0,8476905.0,573160.0,7595750.0,8168910.0,8474519.0,3072.0,8480661.0,8480661.0,8474517.0,3251.0,478.0,8476930.0,580035.0,7586543.0,8166578.0,8474517.0,3072.0,8480661.0,8480661.0,8474517.0,3250.0,484.0,8476925.0,554869.0,7611727.0,8166596.0,8474517.0,3072.0,8480653.0,8480653.0,8474509.0,3249.0,480.0,8476922.0,555390.0,7608186.0,8163576.0,8474509.0,3072.0,8480660.0,8480660.0,8474516.0,3248.0,467.0,8476943.0,562996.0,7604542.0,8167538.0,8474516.0,3072.0,8476943.0,8480651.0,8480651.0,24576.0,4588734.0,60740046.0,24.0,24.0,12.0,12.0,12.0,12.0,12.0,12.0,10.0,10.0,10.0,10.0,2.0,2.0,9.0,9.0,,,,,,,,,,,,,,,,,,,
384x384x384w24-24-35,8314514.0,8314514.0,8308882.0,3224.0,457.0,8310831.0,443012.0,7583026.0,8026038.0,8308882.0,2816.0,8314502.0,8314502.0,8308870.0,3223.0,445.0,8310832.0,452265.0,7576943.0,8029208.0,8308870.0,2816.0,8314502.0,8314502.0,8308870.0,3222.0,430.0,8310848.0,476868.0,7554460.0,8031328.0,8308870.0,2816.0,8314502.0,8314502.0,8308870.0,3221.0,436.0,8310843.0,436069.0,7592394.0,8028463.0,8308870.0,2816.0,8314500.0,8314500.0,8308868.0,3218.0,467.0,8310813.0,448220.0,7578493.0,8026713.0,8308868.0,2816.0,8314500.0,8314500.0,8308868.0,3217.0,437.0,8310844.0,411038.0,7618836.0,8029874.0,8308868.0,2816.0,8314500.0,8314500.0,8308868.0,3216.0,453.0,8310829.0,421157.0,7607230.0,8028387.0,8308868.0,2816.0,8314500.0,8314500.0,8308868.0,3215.0,456.0,8310827.0,409623.0,7620435.0,8030058.0,8308868.0,2816.0,8310848.0,8314498.0,8314498.0,22528.0,3498252.0,60731817.0,16.0,16.0,4.0,4.0,4.0,4.0,4.0,4.0,2.0,2.0,2.0,2.0,2.0,2.0,2.0,2.0,,,,,,,,,,,,,,,,,,,
384x384x384w24-24-36,8406114.0,8406114.0,8400482.0,3271.0,503.0,8402338.0,543705.0,7575687.0,8119392.0,8400482.0,2816.0,8406101.0,8406101.0,8400469.0,3270.0,485.0,8402344.0,556648.0,7563663.0,8120311.0,8400469.0,2816.0,8406101.0,8406101.0,8400469.0,3269.0,487.0,8402343.0,556693.0,7561647.0,8118340.0,8400469.0,2816.0,8406101.0,8406101.0,8400469.0,3268.0,524.0,8402307.0,537829.0,7582965.0,8120794.0,8400469.0,2816.0,8406099.0,8406099.0,8400467.0,3265.0,484.0,8402348.0,529823.0,7588135.0,8117958.0,8400467.0,2816.0,8406099.0,8406099.0,8400467.0,3264.0,460.0,8402373.0,508240.0,7609946.0,8118186.0,8400467.0,2816.0,8406099.0,8406099.0,8400467.0,3263.0,465.0,8402369.0,517147.0,7601427.0,8118574.0,8400467.0,2816.0,8406099.0,8406099.0,8400467.0,3262.0,467.0,8402368.0,508170.0,7608360.0,8116530.0,8400467.0,2816.0,8402373.0,8406097.0,8406097.0,22528.0,4258255.0,60691830.0,17.0,17.0,4.0,4.0,4.0,4.0,4.0,4.0,2.0,2.0,2.0,2.0,2.0,2.0,2.0,2.0,,,,,,,,,,,,,,,,,,,
384x384x384w24-24-37,8406546.0,8406546.0,8400914.0,3276.0,480.0,8402788.0,554366.0,7563457.0,8117823.0,8400914.0,2816.0,8406533.0,8406533.0,8400901.0,3275.0,489.0,8402767.0,555871.0,7562508.0,8118379.0,8400901.0,2816.0,8406533.0,8406533.0,8400901.0,3274.0,494.0,8402763.0,566600.0,7551477.0,8118077.0,8400901.0,2816.0,8406533.0,8406533.0,8400901.0,3273.0,498.0,8402760.0,532764.0,7586523.0,8119287.0,8400901.0,2816.0,8406531.0,8406531.0,8400899.0,3270.0,488.0,8402771.0,550787.0,7568462.0,8119249.0,8400899.0,2816.0,8406531.0,8406531.0,8400899.0,3269.0,474.0,8402786.0,511198.0,7607741.0,8118939.0,8400899.0,2816.0,8406531.0,8406531.0,8400899.0,3268.0,478.0,8402783.0,519968.0,7596905.0,8116873.0,8400899.0,2816.0,8406531.0,8406531.0,8400898.0,3267.0,463.0,8402799.0,510605.0,7606296.0,8116901.0,8400898.0,2816.0,8402799.0,8406529.0,8406529.0,22528.0,4302159.0,60643369.0,17.0,17.0,4.0,4.0,4.0,4.0,4.0,4.0,2.0,2.0,2.0,2.0,2.0,2.0,2.0,2.0,,,,,,,,,,,,,,,,,,,
384x384x384w24-24-38,8378789.0,8378789.0,8373156.0,3275.0,452.0,8375060.0,523481.0,7565092.0,8088573.0,8373156.0,2816.0,8378788.0,8378788.0,8373155.0,3274.0,462.0,8375050.0,529178.0,7560734.0,8089912.0,8373155.0,2816.0,8378780.0,8378780.0,8373147.0,3273.0,444.0,8375061.0,532497.0,7555841.0,8088338.0,8373147.0,2816.0,8378779.0,8378779.0,8373146.0,3272.0,469.0,8375036.0,509543.0,7580781.0,8090324.0,8373146.0,2816.0,8378776.0,8378776.0,8373143.0,3269.0,462.0,8375043.0,506714.0,7582519.0,8089233.0,8373143.0,2816.0,8378775.0,8378775.0,8373143.0,3268.0,459.0,8375046.0,481236.0,7606343.0,8087579.0,8373143.0,2816.0,8378778.0,8378778.0,8373146.0,3267.0,454.0,8375055.0,487345.0,7602620.0,8089965.0,8373146.0,2816.0,8378774.0,8378774.0,8373141.0,3266.0,452.0,8375054.0,485759.0,7601763.0,8087522.0,8373141.0,2816.0,8375061.0,8378776.0,8378776.0,22528.0,4055753.0,60655693.0,13.0,13.0,12.0,12.0,4.0,4.0,3.0,3.0,0.0,0.0,1.0,1.0,2.0,2.0,2.0,2.0,,,,,,,,,,,,,,,,,,,
384x384x384w24-24-40,8293861.0,8293861.0,8288740.0,3285.0,493.0,8290081.0,484758.0,7542371.0,8027129.0,8288740.0,2560.0,8293847.0,8293847.0,8288726.0,3284.0,477.0,8290084.0,489838.0,7540651.0,8030489.0,8288726.0,2560.0,8293847.0,8293847.0,8288726.0,3283.0,487.0,8290075.0,502495.0,7529394.0,8031889.0,8288726.0,2560.0,8293847.0,8293847.0,8288726.0,3282.0,466.0,8290097.0,475795.0,7556094.0,8031889.0,8288726.0,2560.0,8293845.0,8293845.0,8288724.0,3279.0,477.0,8290087.0,479372.0,7552595.0,8031967.0,8288724.0,2560.0,8293845.0,8293845.0,8288724.0,3278.0,487.0,8290078.0,443080.0,7586511.0,8029591.0,8288724.0,2560.0,8293845.0,8293845.0,8288724.0,3277.0,453.0,8290113.0,459867.0,7568227.0,8028094.0,8288724.0,2560.0,8293845.0,8293845.0,8288724.0,3276.0,479.0,8290088.0,445621.0,7583164.0,8028785.0,8288724.0,2560.0,8290113.0,8293835.0,8293835.0,20480.0,3780826.0,60459007.0,26.0,26.0,12.0,12.0,12.0,12.0,12.0,12.0,10.0,10.0,10.0,10.0,10.0,10.0,10.0,10.0,,,,,,,,,,,,,,,,,,,
384x384x384w24-24-42,8286642.0,8286642.0,8281521.0,3330.0,467.0,8282843.0,475907.0,7548987.0,8024894.0,8281521.0,2560.0,8286630.0,8286630.0,8281509.0,3329.0,458.0,8282841.0,477644.0,7547562.0,8025206.0,8281509.0,2560.0,8286630.0,8286630.0,8281509.0,3328.0,476.0,8282824.0,483177.0,7541191.0,8024368.0,8281509.0,2560.0,8286630.0,8286630.0,8281509.0,3327.0,485.0,8282816.0,461372.0,7560811.0,8022183.0,8281509.0,2560.0,8286628.0,8286628.0,8281507.0,3324.0,465.0,8282837.0,463896.0,7557062.0,8020958.0,8281507.0,2560.0,8286628.0,8286628.0,8281507.0,3323.0,470.0,8282833.0,428708.0,7592691.0,8021399.0,8281507.0,2560.0,8286620.0,8286620.0,8281499.0,3322.0,462.0,8282834.0,436742.0,7584990.0,8021732.0,8281499.0,2560.0,8286627.0,8286627.0,8281506.0,3321.0,462.0,8282842.0,443001.0,7578407.0,8021408.0,8281506.0,2560.0,8282843.0,8286618.0,8286618.0,20480.0,3670447.0,60511701.0,24.0,24.0,12.0,12.0,12.0,12.0,12.0,12.0,10.0,10.0,10.0,10.0,2.0,2.0,9.0,9.0,,,,,,,,,,,,,,,,,,,
384x384x384w24-32-25,9189569.0,9189569.0,9183425.0,3136.0,538.0,9185893.0,445965.0,8431611.0,8877576.0,9183425.0,3072.0,9189559.0,9189559.0,9183415.0,3135.0,491.0,9185931.0,460601.0,8418677.0,8879278.0,9183415.0,3072.0,9189558.0,9189558.0,9183414.0,3134.0,479.0,9185943.0,459227.0,8413471.0,8872698.0,9183414.0,3072.0,9189557.0,9189557.0,9183413.0,3133.0,462.0,9185960.0,404269.0,8475519.0,8879788.0,9183413.0,3072.0,9189554.0,9189554.0,9183410.0,3130.0,455.0,9185967.0,421601.0,8452181.0,8873782.0,9183410.0,3072.0,9189553.0,9189553.0,9183409.0,3129.0,433.0,9185989.0,402339.0,8479680.0,8882019.0,9183409.0,3072.0,9189552.0,9189552.0,9183408.0,3128.0,435.0,9185987.0,404420.0,8475087.0,8879507.0,9183408.0,3072.0,9189551.0,9189551.0,9183407.0,3127.0,442.0,9185980.0,390648.0,8495895.0,8886543.0,9183407.0,3072.0,9185989.0,9189548.0,9189548.0,24576.0,3389070.0,67642121.0,21.0,21.0,11.0,11.0,10.0,10.0,9.0,9.0,6.0,6.0,5.0,5.0,4.0,4.0,3.0,3.0,,,,,,,,,,,,,,,,,,,
384x384x384w24-32-26,9229589.0,9229589.0,9223829.0,3212.0,483.0,9225892.0,466993.0,8465783.0,8932776.0,9223829.0,2880.0,9229581.0,9229581.0,9223821.0,3211.0,497.0,9225871.0,506852.0,8424853.0,8931705.0,9223821.0,2880.0,9229581.0,9229581.0,9223821.0,3210.0,483.0,9225886.0,489086.0,8443437.0,8932523.0,9223821.0,2880.0,9229581.0,9229581.0,9223821.0,3209.0,498.0,9225872.0,451991.0,8483393.0,8935384.0,9223821.0,2880.0,9229579.0,9229579.0,9223819.0,3206.0,490.0,9225881.0,462392.0,8465991.0,8928383.0,9223819.0,2880.0,9229579.0,9229579.0,9223819.0,3205.0,489.0,9225883.0,439684.0,8490308.0,8929992.0,9223819.0,2880.0,9229579.0,9229579.0,9223819.0,3204.0,489.0,9225884.0,452618.0,8480450.0,8933068.0,9223819.0,2880.0,9229571.0,9229571.0,9223811.0,3203.0,481.0,9225885.0,443476.0,8490189.0,8933665.0,9223811.0,2880.0,9225892.0,9229569.0,9229569.0,23040.0,3713092.0,67744404.0,20.0,20.0,12.0,12.0,12.0,12.0,12.0,12.0,10.0,10.0,10.0,10.0,10.0,10.0,2.0,2.0,,,,,,,,,,,,,,,,,,,
384x384x384w24-32-27,9217041.0,9217041.0,9211281.0,3222.0,504.0,9213313.0,474428.0,8445650.0,8920078.0,9211281.0,2880.0,9217027.0,9217027.0,9211267.0,3221.0,553.0,9213251.0,512947.0,8409456.0,8922403.0,9211267.0,2880.0,9217027.0,9217027.0,9211267.0,3220.0,532.0,9213273.0,508915.0,8413795.0,8922710.0,9211267.0,2880.0,9217027.0,9217027.0,9211267.0,3219.0,503.0,9213303.0,456754.0,8468309.0,8925063.0,9211267.0,2880.0,9217025.0,9217025.0,9211265.0,3216.0,497.0,9213310.0,458728.0,8459167.0,8917895.0,9211265.0,2880.0,9217025.0,9217025.0,9211265.0,3215.0,487.0,9213321.0,424983.0,8493984.0,8918967.0,9211265.0,2880.0,9217025.0,9217025.0,9211265.0,3214.0,486.0,9213323.0,452502.0,8469282.0,8921784.0,9211265.0,2880.0,9217017.0,9217017.0,9211257.0,3213.0,482.0,9213320.0,429816.0,8490328.0,8920144.0,9211257.0,2880.0,9213323.0,9217015.0,9217015.0,23040.0,3719073.0,67649971.0,26.0,26.0,12.0,12.0,12.0,12.0,12.0,12.0,10.0,10.0,10.0,10.0,10.0,10.0,2.0,2.0,,,,,,,,,,,,,,,,,,,
384x384x384w24-32-28,9207778.0,9207778.0,9202402.0,3226.0,521.0,9204029.0,521299.0,8411327.0,8932626.0,9202402.0,2688.0,9207760.0,9207760.0,9202384.0,3225.0,506.0,9204027.0,553800.0,8376335.0,8930135.0,9202384.0,2688.0,9207761.0,9207761.0,9202385.0,3224.0,499.0,9204036.0,544733.0,8386698.0,8931431.0,9202385.0,2688.0,9207759.0,9207759.0,9202383.0,3223.0,532.0,9204002.0,483222.0,8450333.0,8933555.0,9202383.0,2688.0,9207758.0,9207758.0,9202382.0,3220.0,517.0,9204019.0,505128.0,8427347.0,8932475.0,9202382.0,2688.0,9207758.0,9207758.0,9202382.0,3219.0,488.0,9204049.0,468986.0,8465536.0,8934522.0,9202382.0,2688.0,9207758.0,9207758.0,9202382.0,3218.0,498.0,9204040.0,472758.0,8458192.0,8930950.0,9202382.0,2688.0,9207758.0,9207758.0,9202382.0,3217.0,481.0,9204058.0,468328.0,8466610.0,8934938.0,9202382.0,2688.0,9204058.0,9207756.0,9207756.0,21504.0,4018254.0,67442378.0,22.0,22.0,4.0,4.0,5.0,5.0,3.0,3.0,2.0,2.0,2.0,2.0,2.0,2.0,2.0,2.0,,,,,,,,,,,,,,,,,,,
384x384x384w24-32-29,9125243.0,9125243.0,9119867.0,3241.0,532.0,9121468.0,506282.0,8343208.0,8849490.0,9119867.0,2688.0,9125225.0,9125225.0,9119849.0,3240.0,497.0,9121486.0,519420.0,8328533.0,8847953.0,9119849.0,2688.0,9125226.0,9125226.0,9119850.0,3239.0,489.0,9121496.0,522103.0,8328517.0,8850620.0,9119850.0,2688.0,9125224.0,9125224.0,9119848.0,3238.0,503.0,9121481.0,491718.0,8360500.0,8852218.0,9119848.0,2688.0,9125223.0,9125223.0,9119847.0,3235.0,514.0,9121472.0,491468.0,8358415.0,8849883.0,9119847.0,2688.0,9125223.0,9125223.0,9119847.0,3234.0,495.0,9121492.0,466967.0,8384178.0,8851145.0,9119847.0,2688.0,9125223.0,9125223.0,9119847.0,3233.0,490.0,9121498.0,479765.0,8368640.0,8848405.0,9119847.0,2688.0,9125223.0,9125223.0,9119847.0,3232.0,487.0,9121502.0,463180.0,8388707.0,8851887.0,9119847.0,2688.0,9121502.0,9125221.0,9125221.0,21504.0,3940903.0,66860698.0,22.0,22.0,4.0,4.0,5.0,5.0,3.0,3.0,2.0,2.0,2.0,2.0,2.0,2.0,2.0,2.0,,,,,,,,,,,,,,,,,,,
384x384x384w24-40-21,8615888.0,8615888.0,8609808.0,3309.0,515.0,8612062.0,647103.0,7657603.0,8304706.0,8609808.0,3040.0,8615878.0,8615878.0,8609798.0,3308.0,490.0,8612078.0,646835.0,7658192.0,8305027.0,8609798.0,3040.0,8615877.0,8615877.0,8609797.0,3307.0,492.0,8612076.0,650454.0,7653528.0,8303982.0,8609797.0,3040.0,8615876.0,8615876.0,8609796.0,3306.0,485.0,8612083.0,619170.0,7687090.0,8306260.0,8609796.0,3040.0,8615873.0,8615873.0,8609793.0,3303.0,489.0,8612079.0,633004.0,7673248.0,8306252.0,8609793.0,3040.0,8615872.0,8615872.0,8609792.0,3302.0,481.0,8612087.0,590343.0,7715826.0,8306169.0,8609792.0,3040.0,8615871.0,8615871.0,8609791.0,3301.0,480.0,8612088.0,605130.0,7698566.0,8303696.0,8609791.0,3040.0,8615870.0,8615870.0,8609790.0,3300.0,477.0,8612091.0,586427.0,7716856.0,8303283.0,8609790.0,3040.0,8612091.0,8615867.0,8615867.0,24320.0,4978466.0,61460909.0,21.0,21.0,11.0,11.0,10.0,10.0,9.0,9.0,6.0,6.0,5.0,5.0,4.0,4.0,3.0,3.0,,,,,,,,,,,,,,,,,,,
timeout,-1.0,-1.0,-1.0,-1.0,-1.0,-1.0,-1.0,-1.0,-1.0,-1.0,-1.0,-1.0,-1.0,-1.0,-1.0,-1.0,-1.0,-1.0,-1.0,-1.0,-1.0,-1.0,-1.0,-1.0,-1.0,-1.0,-1.0,-1.0,-1.0,-1.0,-1.0,-1.0,-1.0,-1.0,-1.0,-1.0,-1.0,-1.0,-1.0,-1.0,-1.0,-1.0,-1.0,-1.0,-1.0,-1.0,-1.0,-1.0,-1.0,-1.0,-1.0,-1.0,-1.0,-1.0,-1.0,-1.0,-1.0,-1.0,-1.0,-1.0,-1.0,-1.0,-1.0,-1.0,-1.0,-1.0,-1.0,-1.0,-1.0,-1.0,-1.0,-1.0,-1.0,-1.0,-1.0,-1.0,-1.0,-1.0,-1.0,-1.0,-1.0,-1.0,-1.0,-1.0,-1.0,-1.0,-1.0,-1.0,-1.0,8311517,-1.0,-1.0,-1.0,-1.0,-1.0,-1.0,-1.0,-1.0,-1.0,-1.0,-1.0,-1.0,-1.0,-1.0,-1.0,-1.0,-1.0,-1.0,-1.0,-1.0,-1.0,-1.0,-1.0,-1.0,-1.0,-1.0,-1.0,-1.0,-1.0,-1.0,-1.0,-1.0,-1.0,-1.0,-1.0,-1.0,-1.0,-1.0,-1.0
