FakeNN JSON Name,Global Sim E2E_cc_0,Core Complex E2E_cc_0,Sum Region Cycles_cc_0,Before Computation_cc_0,After Computation_cc_0,core0,SSR Config Time_cc_0,Overlap Stall Time_cc_0,Raw Compute Time_cc_0,Sum Raw Compute + Overlap Stall_cc_0,Sum Compute+Stall+Pro+Epi_cc_0,Sum Compute + SSR Configs_cc_0,cc_tiles_cc_0,Global Sim E2E_cc_1,Core Complex E2E_cc_1,Sum Region Cycles_cc_1,Before Computation_cc_1,After Computation_cc_1,core1,SSR Config Time_cc_1,Overlap Stall Time_cc_1,Raw Compute Time_cc_1,Sum Raw Compute + Overlap Stall_cc_1,Sum Compute+Stall+Pro+Epi_cc_1,Sum Compute + SSR Configs_cc_1,cc_tiles_cc_1,Global Sim E2E_cc_2,Core Complex E2E_cc_2,Sum Region Cycles_cc_2,Before Computation_cc_2,After Computation_cc_2,core2,SSR Config Time_cc_2,Overlap Stall Time_cc_2,Raw Compute Time_cc_2,Sum Raw Compute + Overlap Stall_cc_2,Sum Compute+Stall+Pro+Epi_cc_2,Sum Compute + SSR Configs_cc_2,cc_tiles_cc_2,Global Sim E2E_cc_3,Core Complex E2E_cc_3,Sum Region Cycles_cc_3,Before Computation_cc_3,After Computation_cc_3,core3,SSR Config Time_cc_3,Overlap Stall Time_cc_3,Raw Compute Time_cc_3,Sum Raw Compute + Overlap Stall_cc_3,Sum Compute+Stall+Pro+Epi_cc_3,Sum Compute + SSR Configs_cc_3,cc_tiles_cc_3,Global Sim E2E_cc_4,Core Complex E2E_cc_4,Sum Region Cycles_cc_4,Before Computation_cc_4,After Computation_cc_4,core4,SSR Config Time_cc_4,Overlap Stall Time_cc_4,Raw Compute Time_cc_4,Sum Raw Compute + Overlap Stall_cc_4,Sum Compute+Stall+Pro+Epi_cc_4,Sum Compute + SSR Configs_cc_4,cc_tiles_cc_4,Global Sim E2E_cc_5,Core Complex E2E_cc_5,Sum Region Cycles_cc_5,Before Computation_cc_5,After Computation_cc_5,core5,SSR Config Time_cc_5,Overlap Stall Time_cc_5,Raw Compute Time_cc_5,Sum Raw Compute + Overlap Stall_cc_5,Sum Compute+Stall+Pro+Epi_cc_5,Sum Compute + SSR Configs_cc_5,cc_tiles_cc_5,Global Sim E2E_cc_6,Core Complex E2E_cc_6,Sum Region Cycles_cc_6,Before Computation_cc_6,After Computation_cc_6,core6,SSR Config Time_cc_6,Overlap Stall Time_cc_6,Raw Compute Time_cc_6,Sum Raw Compute + Overlap Stall_cc_6,Sum Compute+Stall+Pro+Epi_cc_6,Sum Compute + SSR Configs_cc_6,cc_tiles_cc_6,Global Sim E2E_cc_7,Core Complex E2E_cc_7,Sum Region Cycles_cc_7,Before Computation_cc_7,After Computation_cc_7,core7,SSR Config Time_cc_7,Overlap Stall Time_cc_7,Raw Compute Time_cc_7,Sum Raw Compute + Overlap Stall_cc_7,Sum Compute+Stall+Pro+Epi_cc_7,Sum Compute + SSR Configs_cc_7,cc_tiles_cc_7,Kernel Time,dma,Global Sim E2E_dma,dma cycle_q,Total CC Tiles,Overlap Stall Time Total,Raw Compute Time Total,SSR Config Time Total,Sum Compute + SSR Configs Total,Diff from dma E2E_cc_0,Sum Regions - Core Complex E2E_cc_0,Diff from dma E2E_cc_1,Sum Regions - Core Complex E2E_cc_1,Diff from dma E2E_cc_2,Sum Regions - Core Complex E2E_cc_2,Diff from dma E2E_cc_3,Sum Regions - Core Complex E2E_cc_3,Diff from dma E2E_cc_4,Sum Regions - Core Complex E2E_cc_4,Diff from dma E2E_cc_5,Sum Regions - Core Complex E2E_cc_5,Diff from dma E2E_cc_6,Sum Regions - Core Complex E2E_cc_6,Diff from dma E2E_cc_7,Sum Regions - Core Complex E2E_cc_7
128x128x128w16-16-64,316884,316884,316627,3133,365,313384,12564,16783,283782,300565,316627,296346,128,316888,316888,316631,3132,371,313383,12713,16995,283420,300415,316631,296133,128,316887,316887,316630,3131,367,313387,13108,16679,283345,300024,316630,296453,128,316886,316886,316629,3130,362,313392,13196,16352,283589,299941,316629,296785,128,316883,316883,316626,3127,351,313403,13088,15083,284977,300060,316626,298065,128,316882,316882,316625,3126,348,313406,12947,14748,285456,300204,316625,298403,128,316881,316881,316624,3125,341,313413,12538,13515,287105,300620,316624,299643,128,316880,316880,316623,3124,374,313380,12685,15914,284526,300440,316623,297211,128,313413,316877,316877,316896,1024,126069,2276200,102839,2379039,7,7,11,11,10,10,9,9,6,6,5,5,4,4,3,3
128x128x128w16-32-32,345263,345263,345007,3019,391,341851,12983,17400,311214,328614,345007,324197,128,345260,345260,345004,3018,352,341888,13048,16624,311962,328586,345004,325010,128,345259,345259,345003,3017,376,341864,13150,16338,312122,328460,345003,325272,128,345258,345258,345002,3016,366,341874,12888,14237,314495,328732,345002,327383,128,345255,345255,344999,3013,365,341875,12987,14720,313914,328634,344999,326901,128,345254,345254,344998,3012,356,341884,12637,13543,315450,328993,344998,328087,128,345253,345253,344997,3011,355,341885,12873,13612,315146,328758,344997,328019,128,345252,345252,344996,3010,354,341886,12640,16920,312072,328992,344996,324712,128,341888,345249,345249,345268,1024,123394,2506375,103206,2609581,14,14,11,11,10,10,9,9,6,6,5,5,4,4,3,3
128x128x128w16-64-16,356954,356954,356698,2982,476,353494,12717,22279,318244,340523,356698,330961,128,356949,356949,356693,2981,482,353484,12861,21473,318896,340369,356693,331757,128,356948,356948,356692,2980,481,353485,12972,21285,318974,340259,356692,331946,128,356947,356947,356691,2979,424,353542,13120,16513,323655,340168,356691,336775,128,356944,356944,356688,2976,489,353477,12910,19251,321062,340313,356688,333972,128,356943,356943,356687,2975,455,353511,13203,15683,324371,340054,356687,337574,128,356942,356942,356686,2974,469,353497,12978,16683,323582,340265,356686,336560,128,356941,356941,356685,2973,460,353506,12713,17125,323414,340539,356685,336127,128,353542,356938,356938,356957,1024,150292,2572198,103474,2675672,16,16,11,11,10,10,9,9,6,6,5,5,4,4,3,3
128x128x128w17-32-32,459737,459737,459481,3056,335,456344,13407,13697,428986,442683,459481,442393,128,459722,459722,459466,3055,1358,455307,12486,145968,296599,442567,459466,309085,128,459722,459722,459466,3054,1368,455298,13056,147496,294492,441988,459466,307548,128,459722,459722,459466,3053,1368,455299,13005,147072,294968,442040,459466,307973,128,459720,459720,459464,3050,1368,455300,13092,146436,295518,441954,459464,308610,128,459720,459720,459464,3049,1368,455301,13150,145538,296359,441897,459464,309509,128,459720,459720,459464,3048,1368,455302,13141,145668,296239,441907,459464,309380,128,459720,459720,459464,3047,1360,455311,13142,145365,296550,441915,459464,309692,128,456344,459710,459710,459729,1024,1037240,2499711,104479,2604190,27,27,12,12,12,12,12,12,10,10,10,10,10,10,10,10
128x128x128w18-32-32,441045,441045,440789,3075,297,437671,12718,16234,408465,424699,440789,421183,128,441030,441030,440774,3074,276,437678,12880,14763,409781,424544,440774,422661,128,441030,441030,440806,3073,21846,416109,11540,132390,271957,404347,440806,283497,112,441030,441030,440806,3072,21826,416130,11344,131340,273224,404564,440806,284568,112,441028,441028,440804,3069,21843,416114,11405,131043,273444,404487,440804,284849,112,441028,441028,440804,3068,21808,416150,11451,130064,274413,404477,440804,285864,112,441028,441028,440804,3067,21820,416139,11418,130030,274469,404499,440804,285887,112,441028,441028,440804,3066,21817,416143,11406,130131,274384,404515,440804,285790,112,437678,441018,441018,441037,928,815995,2460137,94162,2554299,27,27,12,12,12,12,12,12,10,10,10,10,10,10,10,10
128x128x128w19-32-32,402436,402436,402212,3144,384,398906,11149,13543,373992,387535,402212,385141,112,402418,402418,402194,3143,358,398915,10859,14889,372945,387834,402194,383804,112,402419,402419,402195,3142,396,398879,11204,14233,373220,387453,402195,384424,112,402417,402417,402193,3141,349,398925,11135,114926,272642,387568,402193,283777,112,402416,402416,402192,3138,353,398923,11322,115527,271852,387379,402192,283174,112,402416,402416,402192,3137,364,398913,11082,113828,273781,387609,402192,284863,112,402416,402416,402192,3136,1486,397792,11388,131242,254940,386182,402192,266328,112,402416,402416,402192,3135,1496,397783,11466,130754,255341,386095,402192,266807,112,398925,402414,402414,402433,896,648942,2448713,89605,2538318,22,22,4,4,5,5,3,3,2,2,2,2,2,2,2,2
128x128x128w20-32-32,386258,386258,386034,3142,344,382770,11641,13253,357654,370907,386034,369295,112,386240,386240,386016,3141,318,382779,11313,13455,357789,371244,386016,369102,112,386241,386241,386017,3140,342,382757,11317,13134,358084,371218,386017,369401,112,386239,386239,386015,3139,340,382758,11039,12623,358874,371497,386015,369913,112,386238,386238,386014,3136,343,382757,11269,116399,254867,371266,386014,266136,112,386238,386238,386014,3135,342,382759,11298,114846,256393,371239,386014,267691,112,386238,386238,386014,3134,334,382768,11672,115147,255727,370874,386014,267399,112,386238,386238,386014,3133,334,382769,11515,114549,256483,371032,386014,267998,112,382779,386236,386236,386255,896,513406,2455871,91064,2546935,22,22,4,4,5,5,3,3,2,2,2,2,2,2,2,2
128x128x128w21-32-26,406463,406463,406183,3199,340,402922,13756,23839,365049,388888,406183,378805,140,406445,406445,406165,3198,318,402927,13681,25440,363528,388968,406165,377209,140,406446,406446,406206,3197,22786,380461,11877,22087,346259,368346,406206,358136,120,406444,406444,406204,3196,22780,380466,11945,19731,348552,368283,406204,360497,120,406443,406443,406203,3193,22808,380440,11967,21148,347087,368235,406203,359054,120,406443,406443,406203,3192,23615,379634,11824,122594,244978,367572,406203,256802,120,406443,406443,406203,3191,23615,379635,11837,122847,244713,367560,406203,256550,120,406443,406443,406203,3190,23615,379636,11899,122677,244822,367499,406203,256721,120,402927,406441,406441,406460,1000,480363,2504988,98786,2603774,22,22,4,4,5,5,3,3,2,2,2,2,2,2,2,2
128x128x128w21-32-27,401989,401989,401709,3199,329,398459,13694,23788,360699,384487,401709,374393,140,401979,401979,401699,3198,318,398461,13666,24795,359722,384517,401699,373388,140,401980,401980,401740,3197,22773,376008,11827,21745,342198,363943,401740,354025,120,401978,401978,401738,3196,22724,376056,12012,20106,343700,363806,401738,355712,120,401977,401977,401737,3193,22741,376041,12024,20270,343509,363779,401737,355533,120,401977,401977,401737,3192,23410,375373,11880,122744,240511,363255,401737,252391,120,401977,401977,401737,3191,23421,375363,11957,123122,240046,363168,401737,252003,120,401977,401977,401737,3190,23421,375364,11857,123071,240198,363269,401737,252055,120,398461,401975,401975,401994,1000,479641,2470583,98917,2569500,14,14,4,4,5,5,3,3,2,2,2,2,2,2,2,2
128x128x128w21-32-28,398042,398042,397762,3214,342,394484,13660,23862,356684,380546,397762,370344,140,398024,398024,397744,3213,318,394491,13595,24317,356301,380618,397744,369896,140,398025,398025,397785,3212,22719,372092,11929,21223,338702,359925,397785,350631,120,398023,398023,397783,3211,22668,372142,11938,19894,340072,359966,397783,352010,120,398022,398022,397782,3208,22686,372126,12084,20407,339397,359804,397782,351481,120,398022,398022,397782,3207,23250,371563,11977,123345,236003,359348,397782,247980,120,398022,398022,397782,3206,23243,371571,11926,123358,236049,359407,397782,247975,120,398022,398022,397782,3205,23261,371554,11971,122500,236845,359345,397782,248816,120,394491,398020,398020,398039,1000,478906,2440053,99080,2539133,22,22,4,4,5,5,3,3,2,2,2,2,2,2,2,2
128x128x128w21-32-29,401687,401687,401407,3234,341,398110,13844,23977,360011,383988,401407,373855,140,401677,401677,401397,3233,339,398103,13561,25011,359253,384264,401397,372814,140,401676,401676,401436,3232,22849,375593,11938,21648,341769,363417,401436,353707,120,401675,401675,401435,3231,22825,375617,11946,19741,343692,363433,401435,355638,120,401672,401672,401432,3228,22820,375622,12064,20433,342887,363320,401432,354951,120,401671,401671,401431,3227,23242,375200,11838,123235,239889,363124,401431,251727,120,401670,401670,401430,3226,23241,375201,11909,123196,239858,363054,401430,251767,120,401669,401669,401429,3225,23240,375202,11908,122683,240373,363056,401429,252281,120,398110,401666,401666,401685,1000,479924,2467732,99008,2566740,21,21,11,11,10,10,9,9,6,6,5,5,4,4,3,3
128x128x128w21-32-30,397484,397484,397204,3239,319,393924,13847,23267,356532,379799,397204,370379,140,397488,397488,397208,3238,322,393926,13585,24574,355489,380063,397208,369074,140,397487,397487,397247,3237,22710,371538,11909,21942,337449,359391,397247,349358,120,397486,397486,397246,3236,22684,371564,12008,19803,339515,359318,397246,351523,120,397483,397483,397243,3233,22691,371557,12109,20092,339118,359210,397243,351227,120,397482,397482,397242,3232,23026,371222,11899,123438,235647,359085,397242,247546,120,397481,397481,397241,3231,23009,371239,11904,123888,235209,359097,397241,247113,120,397480,397480,397240,3230,23010,371238,11840,123750,235410,359160,397240,247250,120,393926,397477,397477,397496,1000,480754,2434369,99101,2533470,7,7,11,11,10,10,9,9,6,6,5,5,4,4,3,3
128x128x128w21-32-31,396753,396753,396473,3256,340,393155,13845,23190,355842,379032,396473,369687,140,396743,396743,396463,3255,326,393160,13678,24086,355118,379204,396463,368796,140,396742,396742,396502,3254,22697,370789,11867,21269,337415,358684,396502,349282,120,396741,396741,396501,3253,22678,370808,12037,19675,338858,358533,396501,350895,120,396738,396738,396498,3250,22715,370771,12103,19873,338557,358430,396498,350660,120,396737,396737,396497,3249,22885,370601,11827,123416,235120,358536,396497,246947,120,396736,396736,396496,3248,22873,370613,11979,123321,235075,358396,396496,247054,120,396735,396735,396495,3247,22837,370649,11971,123365,235075,358440,396495,247046,120,393160,396732,396732,396751,1000,478195,2431060,99307,2530367,21,21,11,11,10,10,9,9,6,6,5,5,4,4,3,3
128x128x128w21-32-32,384239,384239,384015,3173,308,380756,11126,13874,355534,369408,384015,366660,112,384229,384229,384005,3172,292,380763,11160,14286,355095,369381,384005,366255,112,384228,384228,384036,3171,20981,360074,9385,13916,336583,350499,384036,345968,96,384227,384227,384035,3170,20921,360134,9650,12063,338231,350294,384035,347881,96,384224,384224,384032,3167,20927,360128,9688,12171,338079,350250,384032,347767,96,384223,384223,384031,3166,21991,359064,9725,113992,235157,349149,384031,244882,96,384222,384222,384030,3165,21985,359070,9602,114298,234980,349278,384030,244582,96,384221,384221,384029,3164,21981,359074,9835,113794,235255,349049,384029,245090,96,380763,384218,384218,384237,800,408394,2428914,80171,2509085,21,21,11,11,10,10,9,9,6,6,5,5,4,4,3,3
128x128x128w22-32-26,383122,383122,382882,3193,459,379468,11991,21651,345588,367239,382882,357579,120,383104,383104,382864,3192,422,379488,11869,23067,344314,367381,382864,356183,120,383105,383105,382865,3191,1258,378654,11952,38745,327719,366464,382865,339671,120,383103,383103,382863,3190,1216,378695,12066,36524,329867,366391,382863,341933,120,383102,383102,382862,3187,1235,378678,12185,36776,329479,366255,382862,341664,120,383102,383102,382862,3186,1225,378689,11832,35113,331506,366619,382862,343338,120,383102,383102,382862,3185,1218,378697,11764,124853,241842,366695,382862,253606,120,383102,383102,382862,3184,1251,378665,11824,123958,242645,366603,382862,254469,120,379488,383100,383100,383119,960,440687,2492960,95483,2588443,22,22,4,4,5,5,3,3,2,2,2,2,2,2,2,2
128x128x128w22-32-27,379029,379029,378789,3198,441,375388,11868,21887,341395,363282,378789,353263,120,379011,379011,378771,3197,433,375379,11801,22469,340871,363340,378771,352672,120,379012,379012,378772,3196,1128,374686,11866,38949,323633,362582,378772,335499,120,379010,379010,378770,3195,1115,374698,11947,36778,325735,362513,378770,337682,120,379009,379009,378769,3192,1112,374703,11869,37603,324993,362596,378769,336862,120,379009,379009,378769,3191,1124,374692,11925,34566,327963,362529,378769,339888,120,379009,379009,378769,3190,1118,374699,12089,123989,238383,362372,378769,250472,120,379009,379009,378769,3189,1099,374719,11998,123467,239016,362483,378769,251014,120,375388,379007,379007,379026,960,439708,2461989,95363,2557352,22,22,4,4,5,5,3,3,2,2,2,2,2,2,2,2
128x128x128w22-32-28,377454,377454,377214,3210,454,373788,12016,21068,340466,361534,377214,352482,120,377436,377436,377196,3209,413,373812,11866,21333,340375,361708,377196,352241,120,377437,377437,377197,3208,962,373265,11946,37673,323408,361081,377197,335354,120,377435,377435,377195,3207,940,373286,11925,36599,324524,361123,377195,336449,120,377434,377434,377194,3204,950,373278,12036,37127,323877,361004,377194,335913,120,377434,377434,377194,3203,929,373300,12028,34426,326608,361034,377194,338636,120,377434,377434,377194,3202,933,373297,12154,123493,237412,360905,377194,249566,120,377434,377434,377194,3201,933,373298,12009,123819,237232,361051,377194,249241,120,373812,377432,377432,377451,960,435538,2453902,95980,2549882,22,22,4,4,5,5,3,3,2,2,2,2,2,2,2,2
128x128x128w22-32-29,380483,380483,380243,3234,452,376795,11921,21232,343404,364636,380243,355325,120,380465,380465,380225,3233,418,376812,11830,21974,342770,364744,380225,354600,120,380466,380466,380226,3232,831,376401,11998,38978,325187,364165,380226,337185,120,380464,380464,380224,3231,842,376389,12037,36613,327501,364114,380224,339538,120,380463,380463,380223,3228,851,376382,12041,37006,327097,364103,380223,339138,120,380463,380463,380223,3227,866,376368,11799,34564,329767,364331,380223,341566,120,380463,380463,380223,3226,845,376390,11976,124021,240155,364176,380223,252131,120,380463,380463,380223,3225,842,376394,11958,123923,240275,364198,380223,252233,120,376812,380461,380461,380480,960,438311,2476156,95560,2571716,22,22,4,4,5,5,3,3,2,2,2,2,2,2,2,2
128x128x128w22-32-30,374389,374389,374149,3235,433,370719,11750,21414,337317,358731,374149,349067,120,374375,374375,374135,3234,462,370677,11913,22081,336445,358526,374135,348358,120,374376,374376,374136,3233,732,370409,11940,38711,319520,358231,374136,331460,120,374374,374374,374134,3232,708,370432,11981,37168,321045,358213,374134,333026,120,374373,374373,374133,3229,716,370426,12041,37317,320830,358147,374133,332871,120,374373,374373,374133,3228,715,370428,11979,34656,323555,358211,374133,335534,120,374373,374373,374133,3227,709,370435,11975,124250,233972,358222,374133,245947,120,374373,374373,374133,3226,700,370445,12042,124084,234081,358165,374133,246123,120,370719,374371,374371,374390,960,439681,2426765,95621,2522386,18,18,4,4,5,5,3,3,2,2,2,2,2,2,2,2
128x128x128w22-32-31,375562,375562,375322,3190,432,371938,12090,21520,338090,359610,375322,350180,120,375553,375553,375313,3189,438,371924,11964,22083,337639,359722,375313,349603,120,375552,375552,375312,3188,573,371789,12072,38692,320787,359479,375312,332859,120,375551,375551,375311,3187,563,371799,11981,37013,322567,359580,375311,334548,120,375548,375548,375308,3184,564,371798,12138,37621,321801,359422,375308,333939,120,375547,375547,375307,3183,552,371810,12096,34703,324773,359476,375307,336869,120,375546,375546,375306,3182,576,371786,12018,124943,234587,359530,375306,246605,120,375545,375545,375305,3181,577,371785,12037,124282,235228,359510,375305,247265,120,371938,375542,375542,375561,960,440857,2435472,96396,2531868,20,20,11,11,10,10,9,9,6,6,5,5,4,4,3,3
128x128x128w22-32-32,368159,368159,367967,3193,398,364566,9637,14640,340099,354739,367967,349736,96,368149,368149,367957,3192,382,364573,9745,15209,339429,354638,367957,349174,96,368148,368148,367956,3191,1443,363512,9975,30311,323036,353347,367956,333011,96,368147,368147,367955,3190,1433,363522,9846,28628,324858,353486,367955,334704,96,368144,368144,367952,3187,1431,363524,9584,30204,323546,353750,367952,333130,96,368143,368143,367951,3186,1397,363558,9638,26060,327670,353730,367951,337308,96,368142,368142,367950,3185,1422,363533,9592,116357,237394,353751,367950,246986,96,368141,368141,367949,3184,1398,363557,9699,117094,236574,353668,367949,246273,96,364573,368138,368138,368157,768,378503,2452606,77716,2530322,21,21,11,11,10,10,9,9,6,6,5,5,4,4,3,3
128x128x128w23-32-26,364983,364983,364743,3230,417,361334,11984,21179,327933,349112,364743,339917,120,364973,364973,364733,3229,421,361321,11826,22263,326994,349257,364733,338820,120,364972,364972,364732,3228,397,361345,11950,22148,327009,349157,364732,338959,120,364971,364971,364731,3227,392,361350,12068,19816,329228,349044,364731,341296,120,364968,364968,364728,3224,400,361342,11944,20792,328368,349160,364728,340312,120,364967,364967,364727,3223,1199,360543,11859,36643,311803,348446,364727,323662,120,364966,364966,364726,3222,1206,360536,11930,36324,312044,348368,364726,323974,120,364965,364965,364725,3221,1222,360520,11804,126243,222235,348478,364725,234039,120,361350,364962,364962,364981,960,305408,2485614,95365,2580979,21,21,11,11,10,10,9,9,6,6,5,5,4,4,3,3
128x128x128w23-32-27,363462,363462,363222,3230,416,359814,11954,22118,325504,347622,363222,337458,120,363452,363452,363212,3229,434,359787,11949,22339,325261,347600,363212,337210,120,363451,363451,363211,3228,416,359805,11840,22290,325437,347727,363211,337277,120,363450,363450,363210,3227,398,359823,11903,20247,327435,347682,363210,339338,120,363447,363447,363207,3224,391,359830,12056,20789,326747,347536,363207,338803,120,363446,363446,363206,3223,1081,359140,11972,35833,311097,346930,363206,323069,120,363445,363445,363205,3222,1073,359148,12067,35989,310854,346843,363205,322921,120,363444,363444,363204,3221,1075,359146,11968,126660,220280,346940,363204,232248,120,359830,363441,363441,363460,960,306265,2472615,95709,2568324,21,21,11,11,10,10,9,9,6,6,5,5,4,4,3,3
128x128x128w23-32-28,362442,362442,362202,3236,440,358764,11945,21769,324812,346581,362202,336757,120,362424,362424,362184,3235,407,358780,11919,23176,323447,346623,362184,335366,120,362425,362425,362185,3234,408,358781,11920,22974,323649,346623,362185,335569,120,362423,362423,362183,3233,388,358800,11986,20373,326203,346576,362183,338189,120,362422,362422,362182,3230,392,358798,12108,20873,325579,346452,362182,337687,120,362422,362422,362182,3229,939,358252,11896,36229,309889,346118,362182,321785,120,362422,362422,362182,3228,949,358243,12033,36500,309472,345972,362182,321505,120,362422,362422,362182,3227,951,358242,11936,126832,219236,346068,362182,231172,120,358800,362420,362420,362439,960,308726,2462287,95743,2558030,22,22,4,4,5,5,3,3,2,2,2,2,2,2,2,2
128x128x128w23-32-29,363721,363721,363481,3261,407,360051,11876,22012,325925,347937,363481,337801,120,363703,363703,363463,3260,418,360023,11846,23238,324701,347939,363463,336547,120,363704,363704,363464,3259,413,360030,11962,22997,324833,347830,363464,336795,120,363702,363702,363462,3258,407,360035,11983,20925,326889,347814,363462,338872,120,363701,363701,363461,3255,407,360037,12132,21255,326412,347667,363461,338544,120,363701,363701,363461,3254,834,359611,11945,36131,311297,347428,363461,323242,120,363701,363701,363461,3253,825,359621,11955,37012,310416,347428,363461,322371,120,363701,363701,363461,3252,825,359622,11994,127436,219954,347390,363461,231948,120,360051,363699,363699,363718,960,311006,2470427,95693,2566120,22,22,4,4,5,5,3,3,2,2,2,2,2,2,2,2
128x128x128w23-32-30,358915,358915,358675,3265,407,355241,11987,21927,321089,343016,358675,333076,120,358897,358897,358657,3264,428,355203,11835,21971,321159,343130,358657,332994,120,358898,358898,358658,3263,406,355227,11995,22080,320914,342994,358658,332909,120,358896,358896,358656,3262,402,355230,11907,20201,322884,343085,358656,334791,120,358895,358895,358655,3259,405,355229,12041,20625,322325,342950,358655,334366,120,358895,358895,358655,3258,695,354940,11808,36379,306515,342894,358655,318323,120,358895,358895,358655,3257,697,354939,12024,36798,305879,342677,358655,317903,120,358895,358895,358655,3256,687,354950,12028,127003,215681,342684,358655,227709,120,355241,358893,358893,358912,960,306984,2436446,95625,2532071,22,22,4,4,5,5,3,3,2,2,2,2,2,2,2,2
128x128x128w23-32-31,358348,358348,358108,3240,419,354687,12061,20711,321677,342388,358108,333738,120,358330,358330,358090,3239,393,354696,11945,21028,321485,342513,358090,333430,120,358331,358331,358091,3238,399,354692,11910,21330,321214,342544,358091,333124,120,358329,358329,358089,3237,396,354694,11987,19764,322705,342469,358089,334692,120,358328,358328,358088,3234,415,354677,12128,19948,322363,342311,358088,334491,120,358328,358328,358088,3233,572,354521,12004,36237,306042,342279,358088,318046,120,358328,358328,358088,3232,572,354522,11929,36218,306137,342355,358088,318066,120,358328,358328,358088,3231,572,354523,11983,126547,215755,342302,358088,227738,120,354696,358326,358326,358345,960,301783,2437378,95947,2533325,22,22,4,4,5,5,3,3,2,2,2,2,2,2,2,2
128x128x128w23-32-32,351269,351269,351077,3205,378,347684,9866,14402,323226,337628,351077,333092,96,351259,351259,351067,3204,370,347683,9879,13917,323697,337614,351067,333576,96,351258,351258,351066,3203,378,347675,9831,14422,323232,337654,351066,333063,96,351257,351257,351065,3202,357,347696,9806,12407,325293,337700,351065,335099,96,351254,351254,351062,3199,371,347682,9654,13395,324443,337838,351062,334097,96,351253,351253,351061,3198,1448,346605,9541,27622,309252,336874,351061,318793,96,351252,351252,351060,3197,1447,346606,9859,27648,308909,336557,351060,318768,96,351251,351251,351059,3196,1446,346607,9626,118859,217932,336791,351059,227558,96,347696,351248,351248,351267,768,242672,2455984,78062,2534046,21,21,11,11,10,10,9,9,6,6,5,5,4,4,3,3
128x128x128w24-32-26,352712,352712,352472,3189,378,349143,12252,19942,316711,336653,352472,328963,120,352697,352697,352457,3188,371,349136,12237,21935,314726,336661,352457,326963,120,352697,352697,352457,3187,391,349117,12127,21200,315552,336752,352457,327679,120,352697,352697,352457,3186,391,349118,12185,19449,317246,336695,352457,329431,120,352695,352695,352455,3183,391,349119,12151,19497,317233,336730,352455,329384,120,352695,352695,352455,3182,398,349113,12221,18434,318220,336654,352455,330441,120,352695,352695,352455,3181,389,349123,12070,19164,317651,336815,352455,329721,120,352695,352695,352455,3180,383,349130,12127,18208,318557,336765,352455,330684,120,349143,352685,352685,352704,960,157829,2535896,97370,2633266,27,27,12,12,12,12,12,12,10,10,10,10,10,10,10,10
128x128x128w24-32-27,350548,350548,350308,3205,380,346961,12012,20426,314285,334711,350308,326297,120,350539,350539,350299,3204,410,346923,12060,21005,313620,334625,350299,325680,120,350538,350538,350298,3203,409,346924,12003,21327,313356,334683,350298,325359,120,350537,350537,350297,3202,393,346940,12167,18902,315633,334535,350297,327800,120,350534,350534,350294,3199,384,346949,12257,19528,314926,334454,350294,327183,120,350533,350533,350293,3198,391,346942,12132,18788,315784,334572,350293,327916,120,350532,350532,350292,3197,382,346951,11950,19193,315570,334763,350292,327520,120,350531,350531,350291,3196,381,346952,11971,18819,315924,334743,350291,327895,120,346961,350528,350528,350547,960,157988,2519098,96552,2615650,20,20,11,11,10,10,9,9,6,6,5,5,4,4,3,3
128x128x128w24-32-28,351468,351468,351228,3210,400,347856,12117,20812,314689,335501,351228,326806,120,351459,351459,351219,3209,385,347863,12135,21893,313597,335490,351219,325732,120,351458,351458,351218,3208,410,347838,12086,21932,313582,335514,351218,325668,120,351457,351457,351217,3207,399,347849,11947,19723,315941,335664,351217,327888,120,351454,351454,351214,3204,398,347850,12136,20088,315388,335476,351214,327524,120,351453,351453,351213,3203,404,347844,12166,18576,316864,335440,351213,329030,120,351452,351452,351212,3202,371,347877,12213,18924,316502,335426,351212,328715,120,351451,351451,351211,3201,386,347862,12120,18591,316913,335504,351211,329033,120,347877,351448,351448,351467,960,160539,2523476,96920,2620396,20,20,11,11,10,10,9,9,6,6,5,5,4,4,3,3
128x128x128w24-32-29,347267,347267,347027,3224,398,343643,12338,20140,310927,331067,347027,323265,120,347258,347258,347018,3223,378,343655,12015,21169,310233,331402,347018,322248,120,347257,347257,347017,3222,403,343630,12072,21130,310190,331320,347017,322262,120,347256,347256,347016,3221,393,343640,12126,19260,312016,331276,347016,324142,120,347253,347253,347013,3218,396,343637,12149,19740,311510,331250,347013,323659,120,347252,347252,347012,3217,394,343639,12149,18610,312642,331252,347012,324791,120,347251,347251,347011,3216,383,343650,12308,19099,312005,331104,347011,324313,120,347250,347250,347010,3215,382,343651,12169,18909,312335,331244,347010,324504,120,343655,347247,347247,347266,960,158057,2491858,97326,2589184,20,20,11,11,10,10,9,9,6,6,5,5,4,4,3,3
128x128x128w24-32-30,344182,344182,343942,3229,361,340590,12136,19703,308513,328216,343942,320649,120,344186,344186,343946,3228,374,340582,12129,21015,307200,328215,343946,319329,120,344185,344185,343945,3227,361,340595,12105,20605,307647,328252,343945,319752,120,344184,344184,343944,3226,381,340575,12074,19194,309069,328263,343944,321143,120,344181,344181,343941,3223,377,340579,12188,20014,308139,328153,343941,320327,120,344180,344180,343940,3222,385,340571,12242,18456,309635,328091,343940,321877,120,344179,344179,343939,3221,376,340580,12113,19089,309140,328229,343939,321253,120,344178,344178,343938,3220,363,340593,12097,18650,309608,328258,343938,321705,120,340595,344175,344175,344194,960,156726,2468951,97084,2566035,7,7,11,11,10,10,9,9,6,6,5,5,4,4,3,3
128x128x128w24-32-31,343976,343976,343736,3239,381,340354,12204,20569,307343,327912,343736,319547,120,343964,343964,343724,3238,369,340355,12269,20280,307568,327848,343724,319837,120,343964,343964,343724,3237,369,340356,12186,19997,307935,327932,343724,320121,120,343964,343964,343724,3236,362,340364,12066,18526,309534,328060,343724,321600,120,343962,343962,343722,3233,378,340349,12282,19480,308349,327829,343722,320631,120,343962,343962,343722,3232,377,340351,12322,18528,309263,327791,343722,321585,120,343954,343954,343714,3231,369,340352,12115,18308,309691,327999,343714,321806,120,343961,343961,343721,3230,377,340352,12177,18599,309338,327937,343721,321515,120,340364,343952,343952,343971,960,154287,2469021,97621,2566642,24,24,12,12,12,12,12,12,10,10,10,10,2,2,9,9
128x128x128w24-32-32,335762,335762,335570,3163,346,332251,9662,12025,310374,322399,335570,320036,96,335750,335750,335558,3162,334,332252,9665,13241,309156,322397,335558,318821,96,335750,335750,335558,3161,341,332246,9587,14179,308290,322469,335558,317877,96,335750,335750,335558,3160,324,332264,9773,10636,311665,322301,335558,321438,96,335748,335748,335556,3157,342,332247,9670,11275,311112,322387,335556,320782,96,335748,335748,335556,3156,342,332248,9554,10656,311848,322504,335556,321402,96,335740,335740,335548,3155,334,332249,9562,10245,312252,322497,335548,321814,96,335747,335747,335555,3154,341,332250,9649,10734,311677,322411,335555,321326,96,332264,335738,335738,335757,768,92991,2486374,77122,2563496,24,24,12,12,12,12,12,12,10,10,10,10,2,2,9,9
128x128x128w25-24-32,405326,405326,405038,3223,344,401757,14073,20200,367198,387398,405038,381271,144,405316,405316,405028,3222,331,401761,14054,104737,282684,387421,405028,296738,144,405315,405315,405027,3221,344,401748,14123,105093,282246,387339,405027,296369,144,405314,405314,405074,3220,23585,378507,11873,100760,265636,366396,405074,277509,120,405311,405311,405071,3217,23577,378515,12140,99785,266352,366137,405071,278492,120,405310,405310,405070,3216,23615,378477,11809,99831,266599,366430,405070,278408,120,405309,405309,405069,3215,23607,378485,11929,99283,267035,366318,405069,278964,120,405308,405308,405068,3214,23606,378486,11997,99730,266521,366251,405068,278518,120,401761,405305,405305,405324,1032,729419,2264271,101998,2366269,21,21,11,11,10,10,9,9,6,6,5,5,4,4,3,3
128x128x128w25-24-33,407139,407139,406851,3239,346,403552,14132,20541,368593,389134,406851,382725,144,407130,407130,406842,3238,335,403555,14180,105200,283889,389089,406842,298069,144,407129,407129,406841,3237,347,403543,14307,105556,283394,388950,406841,297701,144,407128,407128,406888,3236,23749,380141,12294,100531,267078,367609,406888,279372,120,407125,407125,406885,3233,23748,380142,12122,100694,267088,367782,406885,279210,120,407124,407124,406884,3232,23761,380129,11980,99601,268310,367911,406884,280290,120,407123,407123,406883,3231,23731,380159,12134,99583,268204,367787,406883,280338,120,407122,407122,406882,3230,23732,380158,12025,99260,268635,367895,406882,280660,120,403555,407119,407119,407138,1032,730966,2275191,103174,2378365,20,20,11,11,10,10,9,9,6,6,5,5,4,4,3,3
128x128x128w25-24-34,406284,406284,405996,3270,352,402660,14303,20417,367654,388071,405996,381957,144,406275,406275,405987,3269,339,402665,14124,105005,283250,388255,405987,297374,144,406274,406274,405986,3268,334,402670,14292,104885,283207,388092,405986,297499,144,406273,406273,406033,3267,23637,379367,12241,100621,266267,366888,406033,278508,120,406270,406270,406030,3264,23630,379374,12157,101464,265515,366979,406030,277672,120,406269,406269,406029,3263,23623,379381,12099,100011,267033,367044,406029,279132,120,406268,406268,406028,3262,23622,379382,12210,99759,267175,366934,406028,279385,120,406267,406267,406027,3261,23648,379356,12199,99573,267346,366919,406027,279545,120,402670,406264,406264,406283,1032,731735,2267447,103625,2371072,20,20,11,11,10,10,9,9,6,6,5,5,4,4,3,3
128x128x128w25-24-35,406689,406689,406401,3275,350,403062,14276,20485,368015,388500,406401,382291,144,406682,406682,406394,3274,339,403067,14242,104866,283673,388539,406394,297915,144,406681,406681,406393,3273,334,403072,14315,105262,283209,388471,406393,297524,144,406680,406680,406440,3272,23664,379742,12176,100727,266601,367328,406440,278777,120,406677,406677,406437,3269,23663,379743,12117,101149,266239,367388,406437,278356,120,406676,406676,406436,3268,23657,379749,12165,99374,267972,367346,406436,280137,120,406675,406675,406435,3267,23669,379737,12131,100494,266874,367368,406435,279005,120,406674,406674,406434,3266,23668,379738,12122,100022,267356,367378,406434,279478,120,403072,406671,406671,406690,1032,732379,2269939,103544,2373483,18,18,11,11,10,10,9,9,6,6,5,5,4,4,3,3
128x128x128w25-24-36,406325,406325,406037,3279,352,402692,14112,20322,367972,388294,406037,382084,144,406316,406316,406028,3278,340,402696,14123,104942,283345,388287,406028,297468,144,406315,406315,406027,3277,335,402701,14325,105228,282862,388090,406027,297187,144,406314,406314,406074,3276,23579,379457,12173,100682,266364,367046,406074,278537,120,406311,406311,406071,3273,23580,379456,12267,100380,266571,366951,406071,278838,120,406310,406310,406070,3272,23574,379462,12128,99519,267577,367096,406070,279705,120,406309,406309,406069,3271,23585,379451,12066,100143,267004,367147,406069,279070,120,406308,406308,406067,3270,23586,379450,12247,99540,267424,366964,406067,279671,120,402701,406305,406305,406324,1032,730756,2269119,103441,2372560,20,20,11,11,10,10,9,9,6,6,5,5,4,4,3,3
128x128x128w25-24-38,406158,406158,405869,3295,352,402509,14233,20289,367700,387989,405869,381933,144,406149,406149,405860,3294,339,402514,14149,105187,282891,388078,405860,297040,144,406148,406148,405859,3293,334,402519,14169,104995,283068,388063,405859,297237,144,406147,406147,405906,3292,23566,379287,12193,100424,266431,366855,405906,278624,120,406144,406144,405903,3289,23567,379286,12300,100766,265981,366747,405903,278281,120,406143,406143,405902,3288,23565,379288,12161,99519,267369,366888,405902,279530,120,406142,406142,405901,3287,23571,379282,12070,100145,266828,366973,405901,278898,120,406141,406141,405900,3286,23574,379279,12123,100104,266813,366917,405900,278936,120,402519,406138,406138,406157,1032,731429,2267081,103398,2370479,20,20,11,11,10,10,9,9,6,6,5,5,4,4,3,3
128x128x128w25-24-40,407921,407921,407632,3321,373,404225,14273,21508,368157,389665,407632,382430,144,407906,407906,407617,3320,341,404243,14211,107481,282264,389745,407617,296475,144,407906,407906,407617,3319,350,404235,14194,107629,282125,389754,407617,296319,144,407906,407906,407665,3318,23762,380824,12069,103091,265425,368516,407665,277494,120,407904,407904,407663,3315,23768,380819,12220,102650,265710,368360,407663,277930,120,407904,407904,407663,3314,23782,380806,12187,101807,266573,368380,407663,278760,120,407904,407904,407663,3313,23792,380797,12089,102171,266298,368469,407663,278387,120,407904,407904,407663,3312,23779,380811,12024,101908,266640,368548,407663,278664,120,404243,407894,407894,407913,1032,748245,2263192,103267,2366459,27,27,12,12,12,12,12,12,10,10,10,10,10,10,10,10
128x128x128w25-32-22,445489,445489,445201,3218,360,441909,13850,24749,403024,427773,445201,416874,144,445474,445474,445186,3217,342,441913,13832,111057,316738,427795,445186,330570,144,445475,445475,445187,3216,353,441904,13893,111488,316237,427725,445187,330130,144,445473,445473,445233,3215,24934,417322,11560,103827,301697,405524,445233,313257,120,445472,445472,445232,3212,24919,417339,11822,105155,300124,405279,445232,311946,120,445472,445472,445232,3211,24918,417341,11895,103235,301973,405208,445232,313868,120,445472,445472,445232,3210,24935,417325,11982,104090,301015,405105,445232,312997,120,445472,445472,445232,3209,24927,417334,11884,103906,301306,405212,445232,313190,120,441913,445470,445470,445489,1032,767507,2542114,100718,2642832,19,19,4,4,5,5,3,3,2,2,2,2,2,2,2,2
128x128x128w25-32-23,444389,444389,444101,3218,351,440818,13990,24942,401600,426542,444101,415590,144,444384,444384,444096,3217,342,440823,14056,111313,315168,426481,444096,329224,144,444385,444385,444097,3216,354,440813,14128,110883,315516,426399,444097,329644,144,444383,444383,444143,3215,24767,416399,11722,105361,299078,404439,444143,310800,120,444382,444382,444142,3212,24726,416442,11810,105128,299266,404394,444142,311076,120,444382,444382,444142,3211,24749,416420,11733,103240,301209,404449,444142,312942,120,444376,444376,444136,3210,24745,416419,11839,103600,300742,404342,444136,312581,120,444375,444375,444135,3209,24733,416431,11853,103758,300582,404340,444135,312435,120,440823,444372,444372,444391,1032,768225,2533161,101131,2634292,17,17,12,12,13,13,11,11,10,10,10,10,4,4,3,3
128x128x128w25-32-24,445089,445089,444801,3229,371,441487,14018,24940,402243,427183,444801,416261,144,445073,445073,444785,3228,353,441490,13894,111225,316085,427310,444785,329979,144,445074,445074,444786,3227,365,441480,14064,111341,315789,427130,444786,329853,144,445072,445072,444832,3226,24628,417216,11994,105002,299982,404984,444832,311976,120,445071,445071,444831,3223,24619,417227,11957,106020,299012,405032,444831,310969,120,445071,445071,444831,3222,24603,417244,11992,104682,300332,405014,444831,312324,120,445071,445071,444831,3221,24636,417212,11927,105266,299781,405047,444831,311708,120,445071,445071,444831,3220,24606,417243,11868,104862,300275,405137,444831,312143,120,441490,445069,445069,445088,1032,773338,2533499,101714,2635213,20,20,4,4,5,5,3,3,2,2,2,2,2,2,2,2
128x128x128w25-32-26,433326,433326,433086,3258,351,429715,11804,18513,399160,417673,433086,410964,120,433316,433316,433076,3257,335,429722,11699,104326,313459,417785,433076,325158,120,433315,433315,433075,3256,337,429720,11780,104395,313307,417702,433075,325087,120,433314,433314,433114,3255,23579,406478,9945,98613,297722,396335,433114,307667,100,433311,433311,433111,3252,23580,406477,10098,99103,297078,396181,433111,307176,100,433310,433310,433110,3251,23545,406512,9915,98181,298218,396399,433110,308133,100,433309,433309,433109,3250,23554,406503,9999,98285,298021,396306,433109,308020,100,433308,433308,433108,3249,23542,406515,9852,98080,298385,396465,433108,308237,100,429722,433305,433305,433324,860,719496,2515350,85092,2600442,21,21,11,11,10,10,9,9,6,6,5,5,4,4,3,3
128x128x128w25-32-27,434018,434018,433778,3255,355,430406,11841,18601,399726,418327,433778,411567,120,434015,434015,433775,3254,358,430401,12021,105288,312854,418142,433775,324875,120,434014,434014,433774,3253,359,430400,11814,104264,314084,418348,433774,325898,120,434013,434013,433813,3252,23516,407243,10159,98632,298254,396886,433813,308413,100,434010,434010,433810,3249,23515,407244,10194,99085,297767,396852,433810,307961,100,434009,434009,433809,3248,23544,407215,10150,97637,299230,396867,433809,309380,100,434008,434008,433808,3247,23517,407242,10130,98097,298817,396914,433808,308947,100,434007,434007,433807,3246,23510,407249,10058,97854,299139,396993,433807,309197,100,430406,434004,434004,434023,860,719458,2519871,86367,2606238,14,14,11,11,10,10,9,9,6,6,5,5,4,4,3,3
128x128x128w25-32-28,432683,432683,432443,3266,332,429083,12007,18710,398128,416838,432443,410135,120,432687,432687,432447,3265,333,429087,12009,105920,310920,416840,432447,322929,120,432686,432686,432446,3264,334,429086,11849,105427,311572,416999,432446,323421,120,432685,432685,432485,3263,23378,406042,10174,100088,295582,395670,432485,305756,100,432682,432682,432482,3260,23385,406035,10183,99692,295962,395654,432482,306145,100,432681,432681,432481,3259,23364,406056,10219,99523,296116,395639,432481,306335,100,432680,432680,432480,3258,23358,406062,10151,99195,296518,395713,432480,306669,100,432679,432679,432479,3257,23365,406055,10181,98758,296918,395676,432479,307099,100,429087,432676,432676,432695,860,727313,2501716,86773,2588489,7,7,11,11,10,10,9,9,6,6,5,5,4,4,3,3
128x128x128w25-32-29,429953,429953,429713,3274,360,426317,11971,18629,395479,414108,429713,407450,120,429950,429950,429710,3273,352,426323,12027,104451,309607,414058,429710,321634,120,429949,429949,429709,3272,352,426323,11970,104779,309336,414115,429709,321306,120,429948,429948,429748,3271,23116,403559,10151,99503,293707,393210,429748,303858,100,429945,429945,429745,3268,23134,403541,10191,100224,292928,393152,429745,303119,100,429944,429944,429744,3267,23127,403548,10149,98804,294397,393201,429744,304546,100,429943,429943,429743,3266,23123,403552,10070,99144,294140,393284,429743,304210,100,429942,429942,429742,3265,23156,403519,10224,98726,294371,393097,429742,304595,100,426323,429939,429939,429958,860,724260,2483965,86753,2570718,14,14,11,11,10,10,9,9,6,6,5,5,4,4,3,3
128x128x128w25-32-30,427889,427889,427649,3286,346,424255,11919,18842,393256,412098,427649,405175,120,427875,427875,427635,3285,334,424254,12010,105674,306332,412006,427635,318342,120,427874,427874,427634,3284,339,424249,11930,104582,307499,412081,427634,319429,120,427873,427873,427673,3283,23059,401529,10117,99964,291250,391214,427673,301367,100,427870,427870,427670,3280,23055,401533,10142,100322,290871,391193,427670,301013,100,427869,427869,427669,3279,23067,401521,10193,99232,291898,391130,427669,302091,100,427868,427868,427668,3278,23053,401535,10159,99781,291397,391178,427668,301556,100,427867,427867,427667,3277,23046,401542,10168,99464,291712,391176,427667,301880,100,424255,427864,427864,427883,860,727861,2464215,86638,2550853,25,25,11,11,10,10,9,9,6,6,5,5,4,4,3,3
128x128x128w25-32-31,427347,427347,427107,3301,346,423698,11764,18670,393026,411696,427107,404790,120,427329,427329,427089,3300,324,423703,11669,105626,306170,411796,427089,317839,120,427330,427330,427090,3299,325,423704,11795,104219,307452,411671,427090,319247,120,427328,427328,427128,3298,23067,400961,9977,99466,291320,390786,427128,301297,100,427327,427327,427127,3295,23076,400954,10052,100422,290282,390704,427127,300334,100,427327,427327,427127,3294,23085,400946,9883,99382,291483,390865,427127,301366,100,427327,427327,427127,3293,23052,400980,10020,99177,291585,390762,427127,301605,100,427327,427327,427127,3292,23054,400979,10088,98776,291917,390693,427127,302005,100,423704,427325,427325,427344,860,725738,2463235,85248,2548483,22,22,4,4,5,5,3,3,2,2,2,2,2,2,2,2
128x128x128w25-32-32,413060,413060,412868,3224,317,409517,9241,10311,389775,400086,412868,399016,96,413057,413057,412865,3223,312,409520,9260,96213,303857,400070,412865,313117,96,413056,413056,412864,3222,314,409518,9483,94836,305009,399845,412864,314492,96,413055,413055,412895,3221,22003,387829,7995,90138,289538,379676,412895,297533,80,413052,413052,412892,3218,21990,387842,8237,90934,288513,379447,412892,296750,80,413051,413051,412891,3217,21996,387836,8292,89031,290355,379386,412891,298647,80,413050,413050,412890,3216,21977,387855,8372,89431,289894,379325,412890,298266,80,413049,413049,412889,3215,21984,387848,7829,90033,289828,379861,412889,297657,80,409520,413046,413046,413065,688,650927,2446769,68709,2515478,14,14,11,11,10,10,9,9,6,6,5,5,4,4,3,3
128x128x128w25-40-23,414874,414874,414586,3329,371,411172,14113,25305,371468,396773,414586,385581,144,414870,414870,414582,3328,376,411164,13977,111298,285603,396901,414582,299580,144,414869,414869,414581,3327,374,411166,13995,111708,285177,396885,414581,299172,144,414868,414868,414628,3326,24723,386817,11532,106814,268233,375047,414628,279765,120,414865,414865,414625,3323,24689,386851,11994,106573,268046,374619,414625,280040,120,414864,414864,414624,3322,24696,386844,11977,104633,269996,374629,414624,281973,120,414863,414863,414623,3321,24697,386843,12004,105448,269153,374601,414623,281157,120,414862,414862,414622,3320,24694,386846,12069,105307,269232,374539,414622,281301,120,411172,414859,414859,414878,1032,777086,2286908,101661,2388569,15,15,11,11,10,10,9,9,6,6,5,5,4,4,3,3
128x128x128w25-40-24,414188,414188,413900,3310,357,410519,14035,25349,370849,396198,413900,384884,144,414187,414187,413899,3309,356,410520,14007,111580,284647,396227,413899,298654,144,414186,414186,413898,3308,365,410511,13926,111879,284420,396299,413898,298346,144,414185,414185,413945,3307,24626,386250,11568,106346,268098,374444,413945,279666,120,414182,414182,413942,3304,24627,386249,11982,106914,267115,374029,413942,279097,120,414181,414181,413941,3303,24623,386253,11960,105705,268350,374055,413941,280310,120,414180,414180,413940,3302,24622,386254,12047,105875,268094,373969,413940,280141,120,414179,414179,413939,3301,24617,386259,11895,105710,268416,374126,413939,280311,120,410520,414176,414176,414195,1032,779358,2279989,101420,2381409,12,12,11,11,10,10,9,9,6,6,5,5,4,4,3,3
128x128x128w25-40-25,415736,415736,415448,3355,372,412007,14202,25794,371725,397519,415448,385927,144,415733,415733,415445,3354,378,411999,14112,112061,285540,397601,415445,299652,144,415732,415732,415444,3353,376,412001,14063,112744,284908,397652,415444,298971,144,415731,415731,415491,3352,24737,387640,11706,107194,268502,375696,415491,280208,120,415728,415728,415488,3349,24709,387668,12021,107542,267867,375409,415488,279888,120,415727,415727,415487,3348,24708,387669,12056,106530,268845,375375,415487,280901,120,415726,415726,415486,3347,24698,387679,12089,106545,268807,375352,415486,280896,120,415725,415725,415485,3346,24706,387671,11968,106300,269165,375465,415485,281133,120,412007,415722,415722,415741,1032,784710,2285359,102217,2387576,14,14,11,11,10,10,9,9,6,6,5,5,4,4,3,3
128x128x128w26-24-32,366989,366989,366749,3189,443,363355,12061,18849,332207,351056,366749,344268,120,366973,366973,366733,3188,422,363361,12040,18489,332594,351083,366733,344634,120,366973,366973,366733,3187,424,363360,12205,86195,264722,350917,366733,276927,120,366973,366973,366733,3186,409,363376,12038,85434,265666,351100,366733,277704,120,366971,366971,366731,3183,406,363380,12249,85296,265597,350893,366731,277846,120,366971,366971,366731,3182,400,363387,12117,84458,266574,351032,366731,278691,120,366971,366971,366731,3181,437,363351,12177,84105,266831,350936,366731,279008,120,366963,366963,366723,3180,413,363368,11947,85170,266013,351183,366723,277960,120,363387,366961,366961,366980,960,547996,2260204,96834,2357038,28,28,12,12,12,12,12,12,10,10,10,10,10,10,2,2
128x128x128w26-24-33,368214,368214,367974,3199,432,364581,12077,18415,333851,352266,367974,345928,120,368196,368196,367956,3198,413,364583,12218,18393,333734,352127,367956,345952,120,368197,368197,367957,3197,416,364582,12335,86446,265563,352009,367957,277898,120,368195,368195,367955,3196,434,364563,12197,85861,266267,352128,367955,278464,120,368194,368194,367954,3193,441,364558,12095,86084,266141,352225,367954,278236,120,368194,368194,367954,3192,423,364577,12126,85039,267174,352213,367954,279300,120,368194,368194,367954,3191,425,364576,11970,85236,267132,352368,367954,279102,120,368194,368194,367954,3190,424,364578,12107,84957,267276,352233,367954,279383,120,364583,368192,368192,368211,960,550431,2267138,97125,2364263,22,22,4,4,5,5,3,3,2,2,2,2,2,2,2,2
128x128x128w26-24-34,367616,367616,367376,3233,432,363949,12218,18117,333376,351493,367376,345594,120,367598,367598,367358,3232,414,363950,12297,17772,333643,351415,367358,345940,120,367599,367599,367359,3231,414,363952,12097,86682,264935,351617,367359,277032,120,367597,367597,367357,3230,427,363938,12214,85928,265558,351486,367357,277772,120,367596,367596,367356,3227,442,363925,12303,85610,265774,351384,367356,278077,120,367596,367596,367356,3226,423,363945,12183,84924,266600,351524,367356,278783,120,367596,367596,367356,3225,412,363957,12072,84844,266803,351647,367356,278875,120,367596,367596,367356,3224,424,363946,12222,84892,266594,351486,367356,278816,120,363957,367594,367594,367613,960,548769,2263283,97606,2360889,22,22,4,4,5,5,3,3,2,2,2,2,2,2,2,2
128x128x128w26-24-35,367589,367589,367349,3233,413,363941,12282,17980,333441,351421,367349,345723,120,367585,367585,367345,3232,409,363942,12169,18013,333522,351535,367345,345691,120,367586,367586,367346,3231,441,363912,12129,86793,264752,351545,367346,276881,120,367584,367584,367344,3230,429,363923,12108,85650,265927,351577,367344,278035,120,367583,367583,367343,3227,417,363937,12270,85757,265672,351429,367343,277942,120,367578,367578,367338,3226,417,363933,12183,84627,266885,351512,367338,279068,120,367577,367577,367337,3225,410,363940,12206,84892,266604,351496,367337,278810,120,367576,367576,367335,3224,412,363938,12219,84664,266816,351480,367335,279035,120,363942,367573,367573,367592,960,548376,2263619,97566,2361185,16,16,12,12,13,13,11,11,10,10,5,5,4,4,3,3
128x128x128w26-24-36,367062,367062,366821,3238,428,363394,12195,17813,333147,350960,366821,345342,120,367044,367044,366803,3237,408,363397,12062,18099,332997,351096,366803,345059,120,367045,367045,366804,3236,447,363360,12190,86122,264809,350931,366804,276999,120,367043,367043,366802,3235,436,363370,12035,85170,265926,351096,366802,277961,120,367042,367042,366801,3232,417,363391,12304,84860,265988,350848,366801,278292,120,367042,367042,366802,3231,432,363377,12164,84113,266862,350975,366802,279026,120,367042,367042,366802,3230,428,363382,12235,84399,266510,350909,366802,278745,120,367042,367042,366801,3229,428,363383,12314,84046,266784,350830,366801,279098,120,363397,367040,367040,367059,960,544622,2263023,97499,2360522,22,22,4,4,5,5,3,3,2,2,2,2,2,2,2,2
128x128x128w26-24-37,368249,368249,368008,3253,432,364562,12238,18117,333968,352085,368008,346206,120,368231,368231,367990,3252,413,364564,12243,18048,334034,352082,367990,346277,120,368232,368232,367991,3251,414,364565,12052,87321,264953,352274,367991,277005,120,368230,368230,367989,3250,430,364548,12038,86369,265902,352271,367989,277940,120,368229,368229,367988,3247,434,364546,12050,85983,266274,352257,367988,278324,120,368229,368229,367988,3246,413,364568,12403,84280,267646,351926,367988,280049,120,368229,368229,367988,3245,419,364563,12083,85495,266746,352241,367988,278829,120,368229,368229,367988,3244,414,364569,12245,84435,267650,352085,367988,279895,120,364569,368227,368227,368246,960,550048,2267173,97352,2364525,22,22,4,4,5,5,3,3,2,2,2,2,2,2,2,2
128x128x128w26-24-38,367728,367728,367487,3266,444,364016,12240,17788,333749,351537,367487,345989,120,367710,367710,367469,3265,425,364018,12172,18320,333287,351607,367469,345459,120,367711,367711,367470,3264,424,364021,12155,86261,265366,351627,367470,277521,120,367709,367709,367468,3263,412,364032,12106,85568,266119,351687,367468,278225,120,367708,367708,367467,3260,417,364029,12287,85293,266210,351503,367467,278497,120,367708,367708,367467,3259,408,364039,12286,84393,267121,351514,367467,279407,120,367708,367708,367467,3258,440,364008,12249,84654,266866,351520,367467,279115,120,367708,367708,367467,3257,436,364013,12213,84205,267356,351561,367467,279569,120,364039,367706,367706,367725,960,546482,2266074,97708,2363782,22,22,4,4,5,5,3,3,2,2,2,2,2,2,2,2
128x128x128w26-24-39,368385,368385,368144,3275,431,364677,12204,18365,333869,352234,368144,346073,120,368367,368367,368126,3274,413,364678,12198,18357,333884,352241,368126,346082,120,368368,368368,368127,3273,447,364646,12247,86888,265272,352160,368127,277519,120,368366,368366,368125,3272,435,364657,12246,86075,266097,352172,368125,278343,120,368365,368365,368124,3269,426,364668,12333,86049,266047,352096,368124,278380,120,368365,368365,368124,3268,435,364660,12102,84626,267693,352319,368124,279795,120,368365,368365,368124,3267,421,364675,12221,85194,267021,352215,368124,279242,120,368365,368365,368124,3266,425,364672,12210,84916,267307,352223,368124,279517,120,364678,368363,368363,368382,960,550470,2267190,97761,2364951,22,22,4,4,5,5,3,3,2,2,2,2,2,2,2,2
128x128x128w26-32-22,406553,406553,406313,3211,494,402846,12134,22313,368161,390474,406313,380295,120,406538,406538,406298,3210,517,402809,12123,23148,367300,390448,406298,379423,120,406538,406538,406298,3209,530,402797,12142,91854,298563,390417,406298,310705,120,406538,406538,406298,3208,566,402762,11938,89984,300602,390586,406298,312540,120,406536,406536,406296,3205,502,402827,12149,89829,300611,390440,406296,312760,120,406536,406536,406296,3204,490,402840,12111,88413,302078,390491,406296,314189,120,406536,406536,406296,3203,492,402839,12144,88806,301651,390457,406296,313795,120,406528,406528,406288,3202,491,402833,12152,88698,301745,390443,406288,313897,120,402846,406526,406526,406545,960,583045,2540711,96893,2637604,27,27,12,12,12,12,12,12,10,10,10,10,10,10,2,2
128x128x128w26-32-23,403386,403386,403146,3216,511,399657,12151,22001,365267,387268,403146,377418,120,403371,403371,403131,3215,514,399640,12029,22541,364832,387373,403131,376861,120,403371,403371,403131,3214,508,399647,12115,91690,295604,387294,403131,307719,120,403371,403371,403131,3213,489,399667,11762,89557,298110,387667,403131,309872,120,403369,403369,403129,3210,522,399635,12107,89943,297347,387290,403129,309454,120,403369,403369,403129,3209,482,399676,12061,88494,298883,387377,403129,310944,120,403369,403369,403129,3208,482,399677,12091,89276,298072,387348,403129,310163,120,403361,403361,403121,3207,514,399638,12118,88467,298815,387282,403121,310933,120,399677,403359,403359,403378,960,581969,2516930,96434,2613364,27,27,12,12,12,12,12,12,10,10,10,10,10,10,2,2
128x128x128w26-32-24,404662,404662,404422,3220,513,400927,12020,21877,366792,388669,404422,378812,120,404647,404647,404407,3219,491,400935,12096,22430,366171,388601,404407,378267,120,404647,404647,404407,3218,495,400932,12113,92033,296548,388581,404407,308661,120,404647,404647,404407,3217,480,400948,11927,90721,298062,388783,404407,309989,120,404645,404645,404405,3214,489,400940,12204,90756,297742,388498,404405,309946,120,404645,404645,404405,3213,509,400921,12035,89633,299015,388648,404405,311050,120,404645,404645,404405,3212,480,400951,12069,89820,298824,388644,404405,310893,120,404637,404637,404397,3211,502,400922,12013,89799,298872,388671,404397,310885,120,400951,404635,404635,404654,960,587069,2522026,96477,2618503,27,27,12,12,12,12,12,12,10,10,10,10,10,10,2,2
128x128x128w26-32-25,402964,402964,402724,3236,503,399223,11959,22217,364809,387026,402724,376768,120,402949,402949,402709,3235,488,399224,12100,22492,364394,386886,402709,376494,120,402949,402949,402709,3234,488,399225,12121,91214,295652,386866,402709,307773,120,402949,402949,402709,3233,475,399239,11905,89654,297442,387096,402709,309347,120,402947,402947,402707,3230,479,399236,12152,89966,296880,386846,402707,309032,120,402947,402947,402707,3229,496,399220,12047,89462,297473,386935,402707,309520,120,402947,402947,402707,3228,487,399230,12088,89214,297690,386904,402707,309778,120,402939,402939,402699,3227,497,399213,11976,89245,297754,386999,402699,309730,120,399239,402937,402937,402956,960,583464,2512094,96348,2608442,27,27,12,12,12,12,12,12,10,10,10,10,10,10,2,2
128x128x128w26-32-26,394553,394553,394353,3239,497,390815,10029,16018,364570,380588,394353,374599,100,394535,394535,394335,3238,471,390824,9915,17399,363312,380711,394335,373227,100,394536,394536,394336,3237,503,390794,9982,85492,295122,380614,394336,305104,100,394534,394534,394334,3236,462,390834,10030,82707,297899,380606,394334,307929,100,394533,394533,394333,3233,471,390827,10076,83535,297018,380553,394333,307094,100,394533,394533,394333,3232,486,390813,10064,82085,298466,380551,394333,308530,100,394533,394533,394333,3231,486,390814,10033,82689,297894,380583,394333,307927,100,394533,394533,394333,3230,479,390822,9977,82251,298396,380647,394333,308373,100,390834,394531,394531,394550,800,532176,2512677,80106,2592783,22,22,4,4,5,5,3,3,2,2,2,2,2,2,2,2
128x128x128w26-32-27,394882,394882,394682,3251,492,391137,9978,16053,364908,380961,394682,374886,100,394864,394864,394664,3250,518,391094,9908,17241,363747,380988,394664,373655,100,394865,394865,394665,3249,506,391108,10045,85504,295361,380865,394665,305406,100,394863,394863,394663,3248,475,391138,9981,82682,298277,380959,394663,308258,100,394862,394862,394662,3245,483,391132,10089,83266,297579,380845,394662,307668,100,394862,394862,394662,3244,465,391151,9959,82027,298967,380994,394662,308926,100,394862,394862,394662,3243,463,391154,9823,82677,298456,381133,394662,308279,100,394862,394862,394662,3242,476,391142,9879,82331,298734,381065,394662,308613,100,391154,394860,394860,394879,800,531781,2516029,79662,2595691,22,22,4,4,5,5,3,3,2,2,2,2,2,2,2,2
128x128x128w26-32-28,390784,390784,390584,3256,488,387038,10097,15784,360959,376743,390584,371056,100,390766,390766,390566,3255,519,386990,10001,16974,359817,376791,390566,369818,100,390767,390767,390567,3254,495,387016,10029,84965,291824,376789,390567,301853,100,390765,390765,390565,3253,470,387040,10083,83109,293650,376759,390565,303733,100,390764,390764,390564,3250,495,387017,10120,83587,293112,376699,390564,303232,100,390764,390764,390564,3249,471,387042,10070,83007,293767,376774,390564,303837,100,390764,390764,390564,3248,463,387051,9977,83089,293787,376876,390564,303764,100,390764,390764,390564,3247,463,387052,10038,82476,294340,376816,390564,304378,100,387052,390762,390762,390781,800,532991,2481256,80415,2561671,22,22,4,4,5,5,3,3,2,2,2,2,2,2,2,2
128x128x128w26-32-29,389746,389746,389546,3281,492,385971,10034,16309,359430,375739,389546,369464,100,389728,389728,389528,3280,518,385928,9944,16283,359503,375786,389528,369447,100,389729,389729,389529,3279,499,385949,10084,84751,290916,375667,389529,301000,100,389727,389727,389527,3278,464,385983,9980,82826,292979,375805,389527,302959,100,389726,389726,389526,3275,483,385966,10041,83620,292107,375727,389526,302148,100,389726,389726,389526,3274,458,385992,10066,82450,293278,375728,389526,303344,100,389726,389726,389526,3273,458,385993,10050,82756,292989,375745,389526,303039,100,389726,389726,389526,3272,466,385986,9962,82402,293424,375826,389526,303386,100,385993,389724,389724,389743,800,531397,2474626,80161,2554787,22,22,4,4,5,5,3,3,2,2,2,2,2,2,2,2
128x128x128w26-32-30,387689,387689,387489,3290,475,383922,10129,16125,357470,373595,387489,367599,100,387682,387682,387482,3289,464,383927,10063,16328,357338,373666,387482,367401,100,387683,387683,387483,3288,453,383940,10079,85936,287727,373663,387483,297806,100,387681,387681,387481,3287,455,383937,10043,84046,289650,373696,387481,299693,100,387680,387680,387480,3284,473,383921,10039,84054,289630,373684,387480,299669,100,387680,387680,387480,3283,478,383917,9932,83687,290100,373787,387480,300032,100,387680,387680,387480,3282,487,383909,10099,83402,290210,373612,387480,300309,100,387680,387680,387480,3281,459,383938,10104,83190,290446,373636,387480,300550,100,383940,387670,387670,387689,800,536768,2452571,80488,2533059,19,19,12,12,13,13,11,11,10,10,10,10,10,10,10,10
128x128x128w26-32-31,389089,389089,388889,3291,497,385299,10074,15955,359072,375027,388889,369146,100,389075,389075,388875,3290,488,385295,9982,17359,357756,375115,388875,367738,100,389076,389076,388876,3289,478,385307,10036,85188,289885,375073,388876,299921,100,389074,389074,388874,3288,463,385321,9994,82982,292147,375129,388874,302141,100,389073,389073,388873,3285,475,385311,10133,83274,291706,374980,388873,301839,100,389073,389073,388873,3284,518,385269,10004,82076,292991,375067,388873,302995,100,389073,389073,388873,3283,494,385294,10078,82559,292459,375018,388873,302537,100,389073,389073,388873,3282,483,385306,10067,82143,292898,375041,388873,302965,100,385321,389071,389071,389090,800,531536,2468914,80368,2549282,18,18,4,4,5,5,3,3,2,2,2,2,2,2,2,2
128x128x128w26-32-32,378389,378389,378229,3206,449,374732,8073,9692,356809,366501,378229,364882,80,378383,378383,378223,3205,466,374710,7897,10169,356486,366655,378223,364383,80,378384,378384,378224,3204,478,374700,8161,78163,288218,366381,378224,296379,80,378382,378382,378222,3203,455,374722,7903,77054,289607,366661,378222,297510,80,378381,378381,378221,3200,440,374739,8191,77044,289346,366390,378221,297537,80,378381,378381,378221,3199,413,374767,8248,75366,290995,366361,378221,299243,80,378381,378381,378221,3198,423,374758,8275,75934,290391,366325,378221,298666,80,378374,378374,378214,3197,415,374760,8207,75796,290599,366395,378214,298806,80,374767,378371,378371,378390,640,479218,2452451,64955,2517406,18,18,12,12,13,13,11,11,10,10,10,10,10,10,3,3
128x128x128w27-24-32,366249,366249,366009,3241,405,362601,12018,17769,332576,350345,366009,344594,120,366239,366239,365999,3240,389,362608,11990,17429,332951,350380,365999,344941,120,366238,366238,365998,3239,391,362606,12169,17292,332907,350199,365998,345076,120,366237,366237,365997,3238,375,362622,12075,84138,266171,350309,365997,278246,120,366234,366234,365994,3235,649,362348,12349,101122,248639,349761,365994,260988,120,366233,366233,365993,3234,640,362357,12194,100068,249857,349925,365993,262051,120,366232,366232,365992,3233,659,362338,12133,100132,249835,349967,365992,261968,120,366231,366231,365991,3232,669,362328,11882,100754,249454,350208,365991,261336,120,362622,366228,366228,366247,960,538704,2262390,96810,2359200,21,21,11,11,10,10,9,9,6,6,5,5,4,4,3,3
128x128x128w27-24-33,368048,368048,367808,3323,420,364303,11749,18209,334107,352316,367808,345856,120,368035,368035,367795,3322,411,364300,11762,18236,334064,352300,367795,345826,120,368035,368035,367795,3321,390,364322,12285,17840,333959,351799,367795,346244,120,368035,368035,367795,3320,403,364310,11799,85499,266774,352273,367795,278573,120,368033,368033,367793,3317,636,364078,12223,102238,249379,351617,367793,261602,120,368033,368033,367793,3316,632,364083,12256,100695,250894,351589,367793,263150,120,368033,368033,367793,3315,632,364084,12371,100960,250515,351475,367793,262886,120,368033,368033,367793,3314,632,364085,12320,100457,251070,351527,367793,263390,120,364322,368031,368031,368050,960,544134,2270762,96765,2367527,17,17,4,4,4,4,4,4,2,2,2,2,2,2,2,2
128x128x128w27-24-34,367126,367126,366886,3359,410,363355,11800,17485,333832,351317,366886,345632,120,367113,367113,366873,3358,396,363357,11830,18001,333288,351289,366873,345118,120,367113,367113,366873,3357,385,363369,12198,17906,333027,350933,366873,345225,120,367113,367113,366873,3356,393,363362,12004,84950,266170,351120,366873,278174,120,367111,367111,366871,3353,601,363155,12247,101676,248994,350670,366871,261241,120,367111,367111,366871,3352,600,363157,12287,100722,249910,350632,366871,262197,120,367111,367111,366871,3351,600,363158,12512,100805,249603,350408,366871,262115,120,367111,367111,366871,3350,600,363159,12315,100654,249952,350606,366871,262267,120,363369,367109,367109,367128,960,542199,2264776,97193,2361969,17,17,4,4,4,4,4,4,2,2,2,2,2,2,2,2
128x128x128w27-24-35,367589,367589,367349,3369,404,363814,11742,17647,334187,351834,367349,345929,120,367588,367588,367348,3368,406,363812,11786,17695,334093,351788,367348,345879,120,367581,367581,367341,3367,378,363834,12151,17798,333647,351445,367341,345798,120,367580,367580,367340,3366,391,363821,11978,84925,266680,351605,367340,278658,120,367577,367577,367337,3363,577,363635,12254,102091,249052,351143,367337,261306,120,367576,367576,367336,3362,569,363643,12278,100361,250766,351127,367336,263044,120,367575,367575,367335,3361,570,363642,12474,100749,250181,350930,367335,262655,120,367574,367574,367334,3360,568,363644,12314,100107,250985,351092,367334,263299,120,363834,367571,367571,367590,960,541373,2269591,96977,2366568,18,18,17,17,10,10,9,9,6,6,5,5,4,4,3,3
128x128x128w27-24-36,367256,367256,367016,3375,412,363467,11773,17918,333538,351456,367016,345311,120,367243,367243,367003,3374,402,363465,11792,18013,333422,351435,367003,345214,120,367243,367243,367003,3373,385,363483,12264,17723,333258,350981,367003,345522,120,367243,367243,367003,3372,393,363476,11832,84997,266409,351406,367003,278241,120,367241,367241,367001,3369,555,363315,12216,101806,249055,350861,367001,261271,120,367241,367241,367001,3368,549,363322,12310,100313,250461,350774,367001,262771,120,367241,367241,367001,3367,551,363321,12456,100822,249805,350627,367001,262261,120,367241,367241,367001,3366,549,363324,12314,100404,250368,350772,367001,262682,120,363483,367239,367239,367258,960,541996,2266316,96957,2363273,17,17,4,4,4,4,4,4,2,2,2,2,2,2,2,2
128x128x128w27-24-37,367258,367258,367017,3377,412,363467,11800,17462,333966,351428,367017,345766,120,367245,367245,367004,3376,401,363466,11742,17641,333844,351485,367004,345586,120,367245,367245,367004,3375,385,363483,12228,17870,333146,351016,367004,345374,120,367245,367245,367004,3374,396,363473,12029,84438,266767,351205,367004,278796,120,367243,367243,367002,3371,536,363334,12196,101425,249474,350899,367002,261670,120,367243,367243,367003,3370,531,363340,12362,100462,250278,350740,367003,262640,120,367243,367243,367003,3369,531,363341,12574,100634,249895,350529,367003,262469,120,367243,367243,367002,3368,531,363342,12326,99770,251007,350777,367002,263333,120,363483,367241,367241,367260,960,539702,2268377,97257,2365634,17,17,4,4,4,4,4,4,2,2,2,2,2,2,2,2
128x128x128w27-32-22,401067,401067,400827,3235,477,397353,11823,21575,363717,385292,400827,375540,120,401049,401049,400809,3234,478,397335,11823,22378,362896,385274,400809,374719,120,401050,401050,400810,3233,487,397328,11921,22239,362930,385169,400810,374851,120,401048,401048,400808,3232,488,397326,11844,89149,296095,385244,400808,307939,120,401047,401047,400807,3229,1087,396729,11963,106466,278062,384528,400807,290025,120,401047,401047,400807,3228,1084,396733,11973,105177,279345,384522,400807,291318,120,401047,401047,400807,3227,1076,396742,11918,105504,279082,384586,400807,291000,120,401047,401047,400807,3226,1064,396755,11828,105671,279018,384689,400807,290846,120,397353,401045,401045,401064,960,578159,2501145,95093,2596238,22,22,4,4,5,5,3,3,2,2,2,2,2,2,2,2
128x128x128w27-32-23,399261,399261,399021,3245,478,395536,11927,21627,361744,383371,399021,373671,120,399243,399243,399003,3244,474,395523,11716,22569,361000,383569,399003,372716,120,399244,399244,399004,3243,493,395506,11839,22443,360986,383429,399004,372825,120,399242,399242,399002,3242,497,395501,11872,89546,293845,383391,399002,305717,120,399241,399241,399001,3239,928,395072,11891,106815,276128,382943,399001,288019,120,399241,399241,399001,3238,911,395090,11966,105490,277396,382886,399001,289362,120,399241,399241,399001,3237,903,395099,12071,105814,276976,382790,399001,289047,120,399241,399241,399001,3236,919,395084,11911,105804,277131,382935,399001,289042,120,395536,399239,399239,399258,960,580108,2485206,95193,2580399,22,22,4,4,5,5,3,3,2,2,2,2,2,2,2,2
128x128x128w27-32-24,401912,401912,401672,3246,490,398174,11830,21465,364641,386106,401672,376471,120,401894,401894,401654,3245,480,398167,11931,22061,363937,385998,401654,375868,120,401895,401895,401655,3244,466,398183,11944,22162,363839,386001,401655,375783,120,401893,401893,401653,3243,458,398190,12076,89264,296612,385876,401653,308688,120,401892,401892,401652,3240,775,397875,12135,106724,278778,385502,401652,290913,120,401892,401892,401652,3239,759,397892,12040,105555,280059,385614,401652,292099,120,401892,401892,401652,3238,762,397890,12052,105977,279623,385600,401652,291675,120,401892,401892,401652,3237,785,397868,11822,105960,279848,385808,401652,291670,120,398190,401890,401890,401909,960,579168,2507337,95830,2603167,22,22,4,4,5,5,3,3,2,2,2,2,2,2,2,2
128x128x128w27-32-25,404059,404059,403819,3256,472,400329,11864,21726,366501,388227,403819,378365,120,404041,404041,403801,3255,454,400330,11941,22005,366146,388151,403801,378087,120,404042,404042,403802,3254,455,400331,12123,21840,366130,387970,403802,378253,120,404040,404040,403800,3253,453,400332,11900,89537,298657,388194,403800,310557,120,404039,404039,403799,3250,610,400177,12045,107136,280758,387894,403799,292803,120,404039,404039,403799,3249,611,400177,11919,106174,281846,388020,403799,293765,120,404039,404039,403799,3248,606,400183,12190,106146,281609,387755,403799,293799,120,404039,404039,403799,3247,620,400170,11750,106082,282100,388182,403799,293850,120,400332,404037,404037,404056,960,580646,2523747,95732,2619479,22,22,4,4,5,5,3,3,2,2,2,2,2,2,2,2
128x128x128w27-32-26,395489,395489,395289,3283,461,391743,10053,15803,365689,381492,395289,375742,100,395483,395483,395283,3282,475,391724,9930,17911,363685,381596,395283,373615,100,395482,395482,395282,3281,457,391742,10029,17356,364159,381515,395282,374188,100,395481,395481,395281,3280,430,391769,9996,83447,298128,381575,395281,308124,100,395478,395478,395278,3277,1271,390928,10104,100605,280021,380626,395278,290125,100,395477,395477,395277,3276,1260,390939,9996,99268,281477,380745,395277,291473,100,395476,395476,395276,3275,1253,390946,9993,99192,281563,380755,395276,291556,100,395475,395475,395275,3274,1251,390948,9904,98824,282022,380846,395275,291926,100,391769,395472,395472,395491,800,532406,2516744,80005,2596749,17,17,11,11,10,10,9,9,6,6,5,5,4,4,3,3
128x128x128w27-32-27,392783,392783,392583,3271,465,389045,10080,15839,362928,378767,392583,373008,100,392788,392788,392588,3270,468,389048,9933,17261,361656,378917,392588,371589,100,392786,392786,392586,3269,481,389034,10009,17268,361559,378827,392586,371568,100,392785,392785,392585,3268,430,389085,9990,83334,295563,378897,392585,305553,100,392782,392782,392582,3265,1158,388357,10034,100266,277859,378125,392582,287893,100,392781,392781,392581,3264,1135,388380,9970,99066,279146,378212,392581,289116,100,392780,392780,392580,3263,1153,388362,9957,99510,278697,378207,392580,288654,100,392779,392779,392579,3262,1126,388389,9972,98895,279324,378219,392579,289296,100,389085,392776,392776,392795,800,531439,2496732,79945,2576677,7,7,12,12,10,10,9,9,6,6,5,5,4,4,3,3
128x128x128w27-32-28,389124,389124,388924,3299,489,385334,10146,15877,359113,374990,388924,369259,100,389114,389114,388914,3298,462,385352,9995,16825,358334,375159,388914,368329,100,389113,389113,388913,3297,464,385350,9987,16637,358528,375165,388913,368515,100,389112,389112,388912,3296,435,385379,10026,83419,291736,375155,388912,301762,100,389109,389109,388909,3293,1013,384801,10079,100420,274104,374524,388909,284183,100,389108,389108,388908,3292,986,384828,10092,99570,274968,374538,388908,285060,100,389107,389107,388907,3291,985,384829,10051,99763,274817,374580,388907,284868,100,389106,389106,388906,3290,992,384822,10024,99135,275465,374600,388906,285489,100,385379,389103,389103,389122,800,531646,2467065,80400,2547465,21,21,11,11,10,10,9,9,6,6,5,5,4,4,3,3
128x128x128w27-32-29,389189,389189,388989,3317,447,385423,10012,16003,359210,375213,388989,369222,100,389183,389183,388983,3316,477,385388,9874,17085,358231,375316,388983,368105,100,389182,389182,388982,3315,478,385387,10029,16856,358304,375160,388982,368333,100,389181,389181,388981,3314,449,385416,10018,83441,291759,375200,388981,301777,100,389178,389178,388978,3311,877,384988,10061,100722,274007,374729,388978,284068,100,389177,389177,388977,3310,848,385017,10016,100206,274597,374803,388977,284613,100,389176,389176,388976,3309,855,385010,10047,100264,274501,374765,388976,284548,100,389175,389175,388975,3308,859,385006,9879,100379,274550,374929,388975,284429,100,385423,389172,389172,389191,800,534956,2465159,79936,2545095,17,17,11,11,10,10,9,9,6,6,5,5,4,4,3,3
128x128x128w27-32-30,388087,388087,387887,3332,438,384315,10019,16279,357819,374098,387887,367838,100,388088,388088,387888,3331,431,384324,9878,16891,357357,374248,387888,367235,100,388087,388087,387887,3330,467,384288,10010,16822,357258,374080,387887,367268,100,388086,388086,387886,3329,430,384325,10026,83644,290457,374101,387886,300483,100,388083,388083,387883,3326,736,384019,10084,101341,272396,373737,387883,282480,100,388082,388082,387882,3325,748,384007,10029,100201,273579,373780,387882,283608,100,388081,388081,387881,3324,714,384041,10036,100050,273757,373807,387881,283793,100,388080,388080,387880,3323,721,384034,9963,100025,273848,373873,387880,283811,100,384325,388077,388077,388096,800,535253,2456471,80045,2536516,10,10,11,11,10,10,9,9,6,6,5,5,4,4,3,3
128x128x128w27-32-31,386211,386211,386011,3285,451,382473,10180,15305,356790,372095,386011,366970,100,386196,386196,385996,3284,436,382474,10135,16496,355645,372141,385996,365780,100,386196,386196,385996,3283,459,382452,10207,16188,355859,372047,385996,366066,100,386196,386196,385996,3282,444,382468,10108,82944,289218,372162,385996,299326,100,386194,386194,385994,3279,616,382297,10212,100270,271617,371887,385994,281829,100,386194,386194,385994,3278,620,382294,10141,99741,272214,371955,385994,282355,100,386194,386194,385994,3277,610,382305,10132,99517,272458,371975,385994,282590,100,386186,386186,385986,3276,601,382307,10093,98827,273189,372016,385986,283282,100,382474,386184,386184,386203,800,529288,2446990,81208,2528198,27,27,12,12,12,12,12,12,10,10,10,10,10,10,2,2
128x128x128w27-32-32,376217,376217,376057,3255,413,372547,8163,10286,353940,364226,376057,362103,80,376207,376207,376047,3254,395,372556,7800,11467,353131,364598,376047,360931,80,376206,376206,376046,3253,429,372522,7991,10693,353680,364373,376046,361671,80,376205,376205,376045,3252,414,372537,8111,75690,288578,364268,376045,296689,80,376202,376202,376042,3249,1485,371466,8164,93043,270101,363144,376042,278265,80,376201,376201,376041,3248,1484,371467,8259,90915,272135,363050,376041,280394,80,376200,376200,376040,3247,1465,371486,8380,91186,271762,362948,376040,280142,80,376199,376199,376039,3246,1464,371487,7988,91290,272051,363341,376039,280039,80,372556,376196,376196,376215,640,474570,2435378,64856,2500234,21,21,11,11,10,10,9,9,6,6,5,5,4,4,3,3
128x128x128w28-24-32,350581,350581,350341,3214,363,347002,12089,18691,315984,334675,350341,328073,120,350588,350588,350348,3213,389,346984,12030,19075,315641,334716,350348,327671,120,350584,350584,350344,3212,365,347005,12136,18622,316009,334631,350344,328145,120,350583,350583,350343,3211,375,346995,12101,17636,317020,334656,350343,329121,120,350580,350580,350340,3208,358,347012,12250,85762,248762,334524,350340,261012,120,350579,350579,350339,3207,361,347009,12164,85302,249305,334607,350339,261469,120,350578,350578,350338,3206,356,347014,12203,84821,249752,334573,350338,261955,120,350578,350578,350338,3205,356,347015,12123,85244,249410,334654,350338,261533,120,347015,350576,350576,350595,960,415153,2261883,97096,2358979,5,5,12,12,8,8,7,7,4,4,3,3,2,2,2,2
128x128x128w28-24-33,350872,350872,350632,3332,410,347128,11737,18688,316465,335153,350632,328202,120,350859,350859,350619,3331,397,347129,11755,18234,316902,335136,350619,328657,120,350859,350859,350619,3330,387,347140,12196,18620,316086,334706,350619,328282,120,350859,350859,350619,3329,392,347136,11804,17407,317687,335094,350619,329491,120,350857,350857,350617,3326,383,347146,12275,85367,249266,334633,350617,261541,120,350857,350857,350617,3325,376,347154,12258,84327,250331,334658,350617,262589,120,350857,350857,350617,3324,376,347155,12392,84198,250327,334525,350617,262719,120,350857,350857,350617,3323,376,347156,12391,84395,250132,334527,350617,262523,120,347156,350855,350855,350874,960,411236,2267196,96808,2364004,17,17,4,4,4,4,4,4,2,2,2,2,2,2,2,2
128x128x128w28-24-34,350521,350521,350281,3375,401,346743,11688,18575,316242,334817,350281,327930,120,350508,350508,350268,3374,387,346745,11779,18660,316068,334728,350268,327847,120,350508,350508,350268,3373,377,346756,12209,18173,316136,334309,350268,328345,120,350508,350508,350268,3372,385,346749,12044,17225,317242,334467,350268,329286,120,350506,350506,350266,3369,377,346758,12308,85891,248321,334212,350266,260629,120,350506,350506,350266,3368,376,346760,12322,84222,249978,334200,350266,262300,120,350506,350506,350266,3367,376,346761,12426,84540,249557,334097,350266,261983,120,350506,350506,350266,3366,376,346762,12367,84267,249890,334157,350266,262257,120,346762,350504,350504,350523,960,411553,2263434,97143,2360577,17,17,4,4,4,4,4,4,2,2,2,2,2,2,2,2
128x128x128w28-24-35,350881,350881,350641,3380,410,347089,11777,18767,316307,335074,350641,328084,120,350868,350868,350628,3379,397,347090,11808,18577,316467,335044,350628,328275,120,350868,350868,350628,3378,383,347105,12198,18219,316450,334669,350628,328648,120,350868,350868,350628,3377,392,347097,12055,17296,317508,334804,350628,329563,120,350866,350866,350626,3374,372,347118,12269,86064,248547,334611,350626,260816,120,350866,350866,350626,3373,380,347111,12303,84664,249906,334570,350626,262209,120,350866,350866,350626,3372,382,347110,12500,84927,249445,334372,350626,261945,120,350866,350866,350626,3371,380,347113,12338,84424,250113,334537,350626,262451,120,347118,350864,350864,350883,960,412938,2264743,97248,2361991,17,17,4,4,4,4,4,4,2,2,2,2,2,2,2,2
128x128x128w28-24-36,350745,350745,350505,3385,404,346954,11653,19110,315953,335063,350505,327606,120,350732,350732,350492,3384,394,346952,11833,19100,315781,334881,350492,327614,120,350732,350732,350492,3383,385,346962,12410,18042,316272,334314,350492,328682,120,350732,350732,350492,3382,391,346957,12024,17446,317249,334695,350492,329273,120,350730,350730,350490,3379,384,346965,12177,86197,248353,334550,350490,260530,120,350730,350730,350490,3378,375,346975,12283,84982,249472,334454,350490,261755,120,350730,350730,350490,3377,377,346974,12477,85170,249089,334259,350490,261566,120,350730,350730,350490,3376,376,346976,12393,84749,249596,334345,350490,261989,120,346976,350728,350728,350747,960,414796,2261765,97250,2359015,17,17,4,4,4,4,4,4,2,2,2,2,2,2,2,2
128x128x128w28-32-22,384664,384664,384424,3256,473,380933,11934,22545,346216,368761,384424,358150,120,384646,384646,384406,3255,447,380942,11940,22316,346448,368764,384406,358388,120,384647,384647,384407,3254,467,380924,11886,23607,345193,368800,384407,357079,120,384645,384645,384405,3253,440,380950,12015,20495,348202,368697,384405,360217,120,384644,384644,384404,3250,449,380943,11905,90906,277894,368800,384404,289799,120,384644,384644,384404,3249,456,380937,11954,89543,279202,368745,384404,291156,120,384644,384644,384404,3248,433,380961,12063,90058,278602,368660,384404,290665,120,384644,384644,384404,3247,468,380927,11717,89986,278986,368972,384404,290703,120,380961,384642,384642,384661,960,449456,2500743,95414,2596157,22,22,4,4,5,5,3,3,2,2,2,2,2,2,2,2
128x128x128w28-32-23,385485,385485,385245,3258,434,381791,11855,23606,346092,369698,385245,357947,120,385488,385488,385248,3257,459,381770,11965,23585,345982,369567,385248,357947,120,385487,385487,385247,3256,441,381788,11859,23637,346054,369691,385247,357913,120,385486,385486,385246,3255,430,381799,12047,21008,348506,369514,385246,360553,120,385483,385483,385243,3252,425,381804,12110,91125,278331,369456,385243,290441,120,385482,385482,385242,3251,443,381786,11966,89913,279669,369582,385242,291635,120,385481,385481,385241,3250,431,381798,12118,90057,279385,369442,385241,291503,120,385480,385480,385240,3249,469,381760,11735,90779,279008,369787,385240,290743,120,381804,385477,385477,385496,960,453710,2503027,95655,2598682,8,8,11,11,10,10,9,9,6,6,5,5,4,4,3,3
128x128x128w28-32-24,387357,387357,387117,3250,493,383612,11894,23965,347515,371480,387117,359409,120,387339,387339,387099,3249,453,383635,11945,23786,347666,371452,387099,359611,120,387340,387340,387100,3248,452,383638,12063,23733,347604,371337,387100,359667,120,387338,387338,387098,3247,442,383647,11964,21361,350084,371445,387098,362048,120,387337,387337,387097,3244,429,383662,12181,91470,279773,371243,387097,291954,120,387337,387337,387097,3243,459,383633,12101,90246,281048,371294,387097,293149,120,387337,387337,387097,3242,453,383640,12051,90668,280683,371351,387097,292734,120,387337,387337,387097,3241,468,383626,11858,91027,280503,371530,387097,292361,120,383662,387335,387335,387354,960,456256,2514876,96057,2610933,22,22,4,4,5,5,3,3,2,2,2,2,2,2,2,2
128x128x128w28-32-25,387084,387084,386844,3272,439,383371,11935,22897,348301,371198,386844,360236,120,387088,387088,386848,3271,430,383385,11903,23622,347622,371244,386848,359525,120,387087,387087,386847,3270,432,383383,12067,23127,347951,371078,386847,360018,120,387086,387086,386846,3269,427,383388,11882,21694,349574,371268,386846,361456,120,387083,387083,386843,3266,439,383376,12005,91895,279238,371133,386843,291243,120,387082,387082,386842,3265,450,383365,11952,90594,280581,371175,386842,292533,120,387081,387081,386841,3264,436,383379,12013,91114,280014,371128,386841,292027,120,387080,387080,386840,3263,456,383359,11804,91034,280283,371317,386840,292087,120,383388,387077,387077,387096,960,455977,2513564,95561,2609125,7,7,11,11,10,10,9,9,6,6,5,5,4,4,3,3
128x128x128w28-32-26,377089,377089,376889,3301,445,373341,10009,17580,345554,363134,376889,355563,100,377084,377084,376884,3300,425,373357,9918,18179,345062,363241,376884,354980,100,377085,377085,376885,3299,439,373345,10057,18156,344934,363090,376885,354991,100,377083,377083,376883,3298,420,373363,10098,15931,347136,363067,376883,357234,100,377082,377082,376882,3295,431,373354,10232,85719,277205,362924,376882,287437,100,377082,377082,376882,3294,410,373376,10000,84882,278296,363178,376882,288296,100,377076,377076,376876,3293,404,373377,10039,85230,277910,363140,376876,287949,100,377075,377075,376875,3292,429,373352,9917,84777,278460,363237,376875,288377,100,373377,377072,377072,377091,800,410454,2494557,80270,2574827,17,17,12,12,13,13,11,11,10,10,10,10,4,4,3,3
128x128x128w28-32-27,375689,375689,375489,3307,464,371916,9958,17434,344326,361760,375489,354284,100,375673,375673,375473,3306,465,371900,10052,17768,343882,361650,375473,353934,100,375674,375674,375474,3305,450,371917,9931,18432,343356,361788,375474,353287,100,375672,375672,375472,3304,413,371953,10132,16084,345539,361623,375472,355671,100,375671,375671,375471,3301,431,371937,10127,85733,275879,361612,375471,286006,100,375671,375671,375471,3300,413,371956,10055,84599,277104,361703,375471,287159,100,375671,375671,375471,3299,429,371941,9956,85207,276580,361787,375471,286536,100,375671,375671,375471,3298,413,371958,9904,84500,277356,361856,375471,287260,100,371958,375669,375669,375688,800,409757,2484022,80115,2564137,20,20,4,4,5,5,3,3,2,2,2,2,2,2,2,2
128x128x128w28-32-28,373382,373382,373182,3318,437,369625,9979,17286,342162,359448,373182,352141,100,373372,373372,373172,3317,419,369634,10061,17866,341509,359375,373172,351570,100,373371,373371,373171,3316,418,369635,10071,17504,341862,359366,373171,351933,100,373370,373370,373170,3315,449,369604,10063,15794,343549,359343,373170,353612,100,373367,373367,373167,3312,443,369610,10191,85451,273770,359221,373167,283961,100,373366,373366,373166,3311,429,369624,10062,84807,274557,359364,373166,284619,100,373365,373365,373165,3310,414,369639,10075,84495,274871,359366,373165,284946,100,373364,373364,373164,3309,424,369629,9930,84848,274653,359501,373164,284583,100,369639,373361,373361,373380,800,408051,2466933,80432,2547365,21,21,11,11,10,10,9,9,6,6,5,5,4,4,3,3
128x128x128w28-32-29,373174,373174,372974,3340,430,369402,9990,17576,341638,359214,372974,351628,100,373156,373156,372956,3339,440,369375,9975,18232,340970,359202,372956,350945,100,373157,373157,372957,3338,441,369376,10015,18153,341010,359163,372957,351025,100,373155,373155,372955,3337,420,369396,10010,15953,343235,359188,372955,353245,100,373154,373154,372954,3334,433,369385,10105,85549,273533,359082,372954,283638,100,373154,373154,372954,3333,422,369397,9936,84861,274402,359263,372954,284338,100,373154,373154,372954,3332,432,369388,10098,84957,274135,359092,372954,284233,100,373154,373154,372954,3331,426,369395,10051,85333,273813,359146,372954,283864,100,369402,373152,373152,373171,800,410614,2462736,80180,2542916,22,22,4,4,5,5,3,3,2,2,2,2,2,2,2,2
128x128x128w28-32-30,370389,370389,370189,3339,419,366629,9972,17692,338767,356459,370189,348739,100,370380,370380,370180,3338,460,366580,10071,18752,337559,356311,370180,347630,100,370381,370381,370181,3337,449,366593,10116,18462,337817,356279,370181,347933,100,370379,370379,370179,3336,427,366614,10007,16153,340256,356409,370179,350263,100,370378,370378,370178,3333,434,366609,10141,85714,270556,356270,370178,280697,100,370378,370378,370178,3332,417,366627,10066,84617,271746,356363,370178,281812,100,370378,370378,370178,3331,426,366619,10112,84796,271513,356309,370178,281625,100,370378,370378,370178,3330,426,366620,9998,84412,272012,356424,370178,282010,100,366629,370376,370376,370395,800,410598,2440226,80483,2520709,13,13,4,4,5,5,3,3,2,2,2,2,2,2,2,2
128x128x128w28-32-31,369376,369376,369176,3312,462,365600,10080,16971,338351,355322,369176,348431,100,369358,369358,369158,3311,461,365584,10034,17664,337688,355352,369158,347722,100,369359,369359,369159,3310,429,365618,10011,17626,337783,355409,369159,347794,100,369357,369357,369157,3309,427,365619,10027,15373,340021,355394,369157,350048,100,369356,369356,369156,3306,418,365630,10276,84779,270377,355156,369156,280653,100,369356,369356,369156,3305,426,365623,10152,83950,271323,355273,369156,281475,100,369356,369356,369156,3304,413,365637,10064,84651,270724,355375,369156,280788,100,369356,369356,369156,3303,420,365631,10079,83679,271675,355354,369156,281754,100,365637,369354,369354,369373,800,404693,2437942,80723,2518665,22,22,4,4,5,5,3,3,2,2,2,2,2,2,2,2
128x128x128w28-32-32,361057,361057,360897,3272,396,357387,8261,10546,338422,348968,360897,346683,80,361047,361047,360887,3271,406,357368,8024,10475,338711,349186,360887,346735,80,361046,361046,360886,3270,405,357369,8132,10889,338190,349079,360886,346322,80,361045,361045,360885,3269,386,357388,7979,9751,339500,349251,360885,347479,80,361042,361042,360882,3266,385,357389,8116,78539,270576,349115,360882,278692,80,361041,361041,360881,3265,384,357390,8052,76468,272712,349180,360881,280764,80,361040,361040,360880,3264,381,357393,8271,76748,272216,348964,360880,280487,80,361039,361039,360879,3263,372,357402,8262,76923,272059,348982,360879,280321,80,357402,361036,361036,361055,640,350339,2442386,65097,2507483,21,21,11,11,10,10,9,9,6,6,5,5,4,4,3,3
128x128x128w29-24-32,350477,350477,350237,3272,376,346827,12039,18711,315839,334550,350237,327878,120,350467,350467,350227,3271,360,346834,11942,19250,315404,334654,350227,327346,120,350466,350466,350226,3270,357,346837,12271,18543,315785,334328,350226,328056,120,350465,350465,350225,3269,349,346845,12025,17698,316884,334582,350225,328909,120,350462,350462,350222,3266,615,346579,12375,33956,300010,333966,350222,312385,120,350461,350461,350221,3265,608,346586,12265,101737,232346,334083,350221,244611,120,350460,350460,350220,3264,609,346585,12233,101925,232189,334114,350220,244422,120,350459,350459,350219,3263,622,346572,12071,102161,232102,334263,350219,244173,120,346845,350456,350456,350475,960,413981,2260559,97221,2357780,21,21,11,11,10,10,9,9,6,6,5,5,4,4,3,3
128x128x128w29-24-33,351979,351979,351739,3337,382,348258,11777,19414,316829,336243,351739,328606,120,351967,351967,351727,3336,369,348260,11745,19258,317019,336277,351727,328764,120,351967,351967,351727,3335,361,348269,12176,18764,317091,335855,351727,329267,120,351967,351967,351727,3334,366,348265,11980,17438,318609,336047,351727,330589,120,351965,351965,351725,3331,602,348030,12267,34818,300707,335525,351725,312974,120,351965,351965,351725,3330,598,348035,12257,101768,233772,335540,351725,246029,120,351965,351965,351725,3329,601,348033,12412,102082,233301,335383,351725,245713,120,351965,351965,351725,3328,599,348036,12312,101356,234130,335486,351725,246442,120,348269,351963,351963,351982,960,414898,2271458,96926,2368384,16,16,4,4,4,4,4,4,2,2,2,2,2,2,2,2
128x128x128w29-24-34,351272,351272,351032,3384,383,347503,11762,18848,316655,335503,351032,328417,120,351259,351259,351019,3383,375,347499,11844,19092,316325,335417,351019,328169,120,351259,351259,351019,3382,360,347515,12360,17697,317220,334917,351019,329580,120,351259,351259,351019,3381,372,347504,11863,17800,317603,335403,351019,329466,120,351257,351257,351017,3378,585,347292,12213,35275,299566,334841,351017,311779,120,351257,351257,351017,3377,574,347304,12299,101789,232978,334767,351017,245277,120,351257,351257,351017,3376,574,347305,12378,102163,232526,334689,351017,244904,120,351257,351257,351017,3375,574,347306,12319,101829,232920,334749,351017,245239,120,347515,351255,351255,351274,960,414493,2265793,97038,2362831,17,17,4,4,4,4,4,4,2,2,2,2,2,2,2,2
128x128x128w29-24-35,351044,351044,350804,3385,383,347274,11779,18677,316580,335257,350804,328359,120,351031,351031,350791,3384,370,347275,11780,18926,316331,335257,350791,328111,120,351031,351031,350791,3383,360,347286,12164,18362,316522,334884,350791,328686,120,351031,351031,350791,3382,365,347282,11834,17306,317904,335210,350791,329738,120,351029,351029,350789,3379,553,347095,12212,34802,299843,334645,350789,312055,120,351029,351029,350789,3378,551,347098,12232,101512,233116,334628,350789,245348,120,351029,351029,350789,3377,551,347099,12409,101789,232663,334452,350789,245072,120,351029,351029,350789,3376,551,347100,12394,101370,233098,334468,350789,245492,120,347286,351027,351027,351046,960,412744,2266057,96804,2362861,17,17,4,4,4,4,4,4,2,2,2,2,2,2,2,2
128x128x128w29-32-22,387513,387513,387273,3266,428,383817,11866,22047,349666,371713,387273,361532,120,387495,387495,387255,3265,404,383824,11944,23159,348483,371642,387255,360427,120,387496,387496,387256,3264,422,383808,11994,23266,348310,371576,387256,360304,120,387494,387494,387254,3263,424,383805,11952,20775,350840,371615,387254,362792,120,387493,387493,387253,3260,1035,383196,11942,38179,332837,371016,387253,344779,120,387493,387493,387253,3259,1025,383207,12047,107042,263880,370922,387253,275927,120,387493,387493,387253,3258,1035,383198,12018,107453,263489,370942,387253,275507,120,387493,387493,387253,3257,1035,383199,11698,107322,263941,371263,387253,275639,120,383824,387491,387491,387510,960,449243,2521446,95461,2616907,22,22,4,4,5,5,3,3,2,2,2,2,2,2,2,2
128x128x128w29-32-23,385186,385186,384946,3271,417,381496,11967,21987,347304,369291,384946,359271,120,385188,385188,384948,3270,426,381490,11918,23352,345982,369334,384948,357900,120,385187,385187,384947,3269,427,381489,11984,23317,345950,369267,384947,357934,120,385186,385186,384946,3268,399,381517,11770,21612,347897,369509,384946,359667,120,385183,385183,384943,3265,867,381049,12130,38678,330003,368681,384943,342133,120,385182,385182,384942,3264,865,381051,12114,107070,261629,368699,384942,273743,120,385181,385181,384941,3263,873,381043,12031,108115,260659,368774,384941,272690,120,385180,385180,384940,3262,891,381025,11746,108008,261033,369041,384940,272779,120,381517,385177,385177,385196,960,452139,2500457,95660,2596117,9,9,11,11,10,10,9,9,6,6,5,5,4,4,3,3
128x128x128w29-32-24,384158,384158,383918,3276,449,380431,12011,22575,345607,368182,383918,357618,120,384140,384140,383900,3275,418,380445,11943,23076,345188,368264,383900,357131,120,384141,384141,383901,3274,429,380436,11883,23767,344548,368315,383901,356431,120,384139,384139,383899,3273,408,380456,12054,21116,347048,368164,383899,359102,120,384138,384138,383898,3270,711,380155,12068,39181,328668,367849,383898,340736,120,384138,384138,383898,3269,716,380151,11977,107893,260043,367936,383898,272020,120,384138,384138,383898,3268,716,380152,11994,108064,259856,367920,383898,271850,120,384138,384138,383898,3267,740,380129,11866,108542,259483,368025,383898,271349,120,380456,384136,384136,384155,960,454214,2490441,95796,2586237,22,22,4,4,5,5,3,3,2,2,2,2,2,2,2,2
128x128x128w29-32-25,383046,383046,382806,3281,433,379330,11834,22338,344920,367258,382806,356754,120,383028,383028,382788,3280,415,379331,11857,22507,344729,367236,382788,356586,120,383029,383029,382789,3279,416,379332,11883,23160,344051,367211,382789,355934,120,383027,383027,382787,3278,403,379344,11769,21756,345581,367337,382787,357350,120,383026,383026,382786,3275,557,379192,12035,39024,327895,366919,382786,339930,120,383026,383026,382786,3274,571,379179,12053,107849,259039,366888,382786,271092,120,383026,383026,382786,3273,563,379188,12058,107846,259046,366892,382786,271104,120,383026,383026,382786,3272,581,379171,11772,108052,259109,367161,382786,270881,120,379344,383024,383024,383043,960,452532,2484370,95261,2579631,22,22,4,4,5,5,3,3,2,2,2,2,2,2,2,2
128x128x128w29-32-26,376389,376389,376189,3312,406,372669,9976,17653,344842,362495,376189,354818,100,376382,376382,376182,3311,396,372673,10056,17691,344728,362419,376182,354784,100,376383,376383,376183,3310,385,372686,9997,17796,344695,362491,376183,354692,100,376381,376381,376181,3309,385,372685,10020,15786,346681,362467,376181,356701,100,376380,376380,376180,3306,1219,371853,10111,33327,328217,361544,376180,338328,100,376380,376380,376180,3305,1189,371884,10003,101435,260248,361683,376180,270251,100,376380,376380,376180,3304,1208,371866,10021,101610,260037,361647,376180,270058,100,376380,376380,376180,3303,1208,371867,9961,101280,260428,361708,376180,270389,100,372686,376370,376370,376389,800,406578,2489876,80145,2570021,19,19,12,12,13,13,11,11,10,10,10,10,10,10,10,10
128x128x128w29-32-27,374382,374382,374182,3316,379,370685,10046,16963,343478,360441,374182,353524,100,374387,374387,374187,3315,408,370662,10098,17626,342740,360366,374187,352838,100,374385,374385,374185,3314,406,370663,10031,17743,342691,360434,374185,352722,100,374386,374386,374186,3313,390,370681,10062,15919,344502,360421,374186,354564,100,374381,374381,374181,3310,1064,370005,10037,33448,326322,359770,374181,336359,100,374380,374380,374180,3309,1053,370016,9997,101599,258222,359821,374180,268219,100,374379,374379,374179,3308,1058,370011,9967,102339,257507,359846,374179,267474,100,374378,374378,374178,3307,1067,370002,9981,101465,258358,359823,374178,268339,100,370685,374375,374375,374394,800,407102,2473820,80219,2554039,7,7,12,12,10,10,11,11,6,6,5,5,4,4,3,3
128x128x128w29-32-28,371763,371763,371563,3331,417,368013,10059,17138,340618,357756,371563,350677,100,371745,371745,371545,3330,392,368021,10012,18102,339709,357811,371545,349721,100,371746,371746,371546,3329,395,368020,10017,17943,339862,357805,371546,349879,100,371744,371744,371544,3328,383,368031,10030,16091,341712,357803,371544,351742,100,371743,371743,371543,3325,944,367472,10120,33118,324036,357154,371543,334156,100,371743,371743,371543,3324,943,367474,10001,101813,255462,357275,371543,265463,100,371743,371743,371543,3323,952,367466,10074,102131,255063,357194,371543,265137,100,371743,371743,371543,3322,952,367467,9999,101626,255644,357270,371543,265643,100,368031,371741,371741,371760,800,407962,2452106,80312,2532418,22,22,4,4,5,5,3,3,2,2,2,2,2,2,2,2
128x128x128w29-32-29,372624,372624,372424,3352,409,368861,9927,17004,341732,358736,372424,351659,100,372614,372614,372414,3351,393,368868,9987,18013,340670,358683,372414,350657,100,372613,372613,372413,3350,409,368852,9974,18261,340419,358680,372413,350393,100,372612,372612,372412,3349,405,368856,10082,15806,342770,358576,372412,352852,100,372609,372609,372409,3346,822,368439,10160,32870,325211,358081,372409,335371,100,372608,372608,372408,3345,834,368427,10001,101643,256585,358228,372408,266586,100,372607,372607,372407,3344,820,368441,10147,101807,256289,358096,372407,266436,100,372606,372606,372406,3343,826,368435,10034,101482,256721,358203,372406,266755,100,368868,372603,372603,372622,800,406886,2460397,80312,2540709,21,21,11,11,10,10,9,9,6,6,5,5,4,4,3,3
128x128x128w29-32-30,371779,371779,371579,3349,402,368026,10072,17734,340022,357756,371579,350094,100,371761,371761,371561,3348,417,367994,9985,18571,339240,357811,371561,349225,100,371762,371762,371562,3347,418,367995,10058,18514,339225,357739,371562,349283,100,371760,371760,371560,3346,400,368012,10043,15810,341961,357771,371560,352004,100,371759,371759,371559,3343,701,367713,10122,33601,323792,357393,371559,333914,100,371759,371759,371559,3342,699,367716,9944,102218,255356,357574,371559,265300,100,371759,371759,371559,3341,686,367730,10078,102564,254890,357454,371559,264968,100,371759,371759,371559,3340,693,367724,10040,102094,255392,357486,371559,265432,100,368026,371757,371757,371776,800,411106,2449878,80342,2530220,22,22,4,4,5,5,3,3,2,2,2,2,2,2,2,2
128x128x128w29-32-31,372272,372272,372072,3327,408,368535,10100,16712,341525,358237,372072,351625,100,372254,372254,372054,3326,406,368520,10093,17750,340479,358229,372054,350572,100,372255,372255,372055,3325,392,368536,10032,17551,340755,358306,372055,350787,100,372253,372253,372053,3324,393,368534,10034,15575,342727,358302,372053,352761,100,372252,372252,372052,3321,540,368389,10257,32940,324994,357934,372052,335251,100,372252,372252,372052,3320,561,368369,10077,101829,256265,358094,372052,266342,100,372252,372252,372052,3319,561,368370,10052,101996,256124,358120,372052,266176,100,372252,372252,372052,3318,561,368371,10135,102245,255793,358038,372052,265928,100,368536,372250,372250,372269,800,406598,2458662,80780,2539442,22,22,4,4,5,5,3,3,2,2,2,2,2,2,2,2
128x128x128w29-32-32,359628,359628,359468,3280,389,355957,8046,10957,336796,347753,359468,344842,80,359618,359618,359458,3279,350,355987,7987,10853,336989,347842,359458,344976,80,359617,359617,359457,3278,375,355962,8083,10677,337044,347721,359457,345127,80,359616,359616,359456,3277,370,355967,7944,9561,338304,347865,359456,346248,80,359613,359613,359453,3274,1432,354905,8146,25797,320804,346601,359453,328950,80,359612,359612,359452,3273,1416,354921,8096,93762,252905,346667,359452,261001,80,359611,359611,359451,3272,1413,354924,8199,93441,253126,346567,359451,261325,80,359610,359610,359450,3271,1412,354925,8109,93599,253059,346658,359450,261168,80,355987,359607,359607,359626,640,348647,2429027,64610,2493637,21,21,11,11,10,10,9,9,6,6,5,5,4,4,3,3
128x128x128w30-24-32,334621,334621,334381,3280,370,330969,12096,19670,298965,318635,334381,311061,120,334611,334611,334371,3279,357,330973,11957,20120,298658,318778,334371,310615,120,334610,334610,334370,3278,351,330979,12144,19352,299245,318597,334370,311389,120,334609,334609,334369,3277,347,330983,12207,18391,300147,318538,334369,312354,120,334606,334606,334366,3274,345,330985,12333,18271,300143,318414,334366,312476,120,334605,334605,334365,3273,339,330991,12200,17198,301355,318553,334365,313555,120,334604,334604,334364,3272,340,330990,12231,85960,232561,318521,334364,244792,120,334603,334603,334363,3271,352,330978,11898,87030,231812,318842,334363,243710,120,330991,334600,334600,334619,960,285992,2262886,97066,2359952,21,21,11,11,10,10,9,9,6,6,5,5,4,4,3,3
128x128x128w30-24-33,337238,337238,336998,3358,375,333503,11785,21811,299669,321480,336998,311454,120,337226,337226,336986,3357,363,333504,11827,21729,299710,321439,336986,311537,120,337226,337226,336986,3356,355,333513,12198,21450,299627,321077,336986,311825,120,337226,337226,336986,3355,363,333506,12013,20146,301109,321255,336986,313122,120,337224,337224,336984,3352,360,333510,12293,20704,300275,320979,336984,312568,120,337224,337224,336984,3351,352,333519,12326,17613,303342,320955,336984,315668,120,337216,337216,336976,3350,344,333520,12460,87682,233140,320822,336976,245600,120,337223,337223,336983,3349,351,333521,12337,87625,233321,320946,336983,245658,120,333521,337214,337214,337233,960,298760,2270193,97239,2367432,24,24,12,12,12,12,12,12,10,10,10,10,2,2,9,9
128x128x128w30-24-34,335456,335456,335216,3395,375,331684,11948,19840,299658,319498,335216,311606,120,335444,335444,335204,3394,362,331686,11800,20565,299083,319648,335204,310883,120,335444,335444,335204,3393,355,331694,12171,20213,299072,319285,335204,311243,120,335444,335444,335204,3392,360,331690,11969,19156,300327,319483,335204,312296,120,335442,335442,335202,3389,354,331697,12311,19235,299913,319148,335202,312224,120,335442,335442,335202,3388,353,331699,12296,17747,301418,319165,335202,313714,120,335434,335434,335194,3387,343,331702,12413,87032,232019,319051,335194,244432,120,335441,335441,335201,3386,352,331701,12313,86844,232306,319150,335201,244619,120,331702,335432,335432,335451,960,290632,2263796,97221,2361017,24,24,12,12,12,12,12,12,10,10,10,10,2,2,9,9
128x128x128w30-32-22,368853,368853,368613,3271,411,365169,11922,23772,329237,353009,368613,341159,120,368835,368835,368595,3270,398,365165,11959,24874,328094,352968,368595,340053,120,368836,368836,368596,3269,405,365160,11962,25027,327933,352960,368596,339895,120,368834,368834,368594,3268,417,365147,12044,23163,329702,352865,368594,341746,120,368833,368833,368593,3265,402,365164,11963,23544,329419,352963,368593,341382,120,368833,368833,368593,3264,386,365181,12007,20985,331951,352936,368593,343958,120,368833,368833,368593,3263,384,365184,12087,93341,259518,352859,368593,271605,120,368833,368833,368593,3262,392,365177,11682,93497,259760,353257,368593,271442,120,365184,368831,368831,368850,960,328203,2495614,95626,2591240,22,22,4,4,5,5,3,3,2,2,2,2,2,2,2,2
128x128x128w30-32-23,367214,367214,366974,3282,408,363522,11979,24141,327164,351305,366974,339143,120,367196,367196,366956,3281,383,363530,11892,24558,326842,351400,366956,338734,120,367197,367197,366957,3280,402,363513,11976,24834,326465,351299,366957,338441,120,367195,367195,366955,3279,414,363500,11862,22890,328510,351400,366955,340372,120,367194,367194,366954,3276,396,363520,12002,22564,328716,351280,366954,340718,120,367194,367194,366954,3275,384,363533,12202,20938,330155,351093,366954,342357,120,367194,367194,366954,3274,393,363525,12068,92855,258364,351219,366954,270432,120,367194,367194,366954,3273,387,363532,11788,92531,258975,351506,366954,270763,120,363533,367192,367192,367211,960,325311,2485191,95769,2580960,22,22,4,4,5,5,3,3,2,2,2,2,2,2,2,2
128x128x128w30-32-24,368789,368789,368549,3281,405,365101,12009,23731,329123,352854,368549,341132,120,368784,368784,368544,3280,406,365096,12032,24673,328153,352826,368544,340185,120,368785,368785,368545,3279,396,365108,12031,24152,328687,352839,368545,340718,120,368783,368783,368543,3278,389,365114,12159,22845,329872,352717,368543,342031,120,368782,368782,368542,3275,383,365122,12018,23563,329303,352866,368542,341321,120,368782,368782,368542,3274,388,365118,12020,21256,331604,352860,368542,343624,120,368776,368776,368536,3273,395,365106,12020,93288,259560,352848,368536,271580,120,368775,368775,368535,3272,411,365090,11949,92976,259927,352903,368535,271876,120,365122,368772,368772,368791,960,326484,2496229,96238,2592467,17,17,12,12,13,13,11,11,10,10,10,10,4,4,3,3
128x128x128w30-32-25,366717,366717,366477,3301,414,363000,11918,23611,327233,350844,366477,339151,120,366699,366699,366459,3300,391,363006,11884,24091,326793,350884,366459,338677,120,366700,366700,366460,3299,396,363003,12056,24186,326523,350709,366460,338579,120,366698,366698,366458,3298,391,363007,11938,22366,328465,350831,366458,340403,120,366697,366697,366457,3295,402,362998,11935,23076,327749,350825,366457,339684,120,366697,366697,366457,3294,401,363000,12058,21006,329698,350704,366457,341756,120,366697,366697,366457,3293,402,363000,12111,92822,257829,350651,366457,269940,120,366697,366697,366457,3292,415,362988,11812,92895,258043,350938,366457,269855,120,363007,366695,366695,366714,960,324053,2482333,95712,2578045,22,22,4,4,5,5,3,3,2,2,2,2,2,2,2,2
128x128x128w30-32-26,360537,360537,360337,3331,388,356816,10055,19083,327480,346563,360337,337535,100,360519,360519,360319,3330,363,356824,10090,19651,326885,346536,360319,336975,100,360520,360520,360320,3329,371,356818,10007,20148,326465,346613,360320,336472,100,360518,360518,360318,3328,368,356820,10087,17519,329016,346535,360318,339103,100,360517,360517,360317,3325,362,356828,10236,18035,328359,346394,360317,338595,100,360517,360517,360317,3324,383,356808,10030,15771,330809,346580,360317,340839,100,360517,360517,360317,3323,379,356813,9991,87194,259430,346624,360317,269421,100,360517,360517,360317,3322,395,356798,9999,87368,259233,346601,360317,269232,100,356828,360515,360515,360534,800,284769,2487677,80495,2568172,22,22,4,4,5,5,3,3,2,2,2,2,2,2,2,2
128x128x128w30-32-27,359169,359169,358969,3336,384,355447,9975,18649,326625,345274,358969,336600,100,359151,359151,358951,3335,366,355448,10032,19861,325357,345218,358951,335389,100,359152,359152,358952,3334,383,355433,9982,19013,326240,345253,358952,336222,100,359150,359150,358950,3333,357,355458,9955,17814,327491,345305,358950,337446,100,359149,359149,358949,3330,360,355457,10036,18325,326898,345223,358949,336934,100,359149,359149,358949,3329,375,355443,10034,15575,329636,345211,358949,339670,100,359149,359149,358949,3328,381,355438,10091,87156,257993,345149,358949,268084,100,359149,359149,358949,3327,383,355437,10057,86942,258240,345182,358949,268297,100,355458,359147,359147,359166,800,283335,2478480,80162,2558642,22,22,4,4,5,5,3,3,2,2,2,2,2,2,2,2
128x128x128w30-32-28,356153,356153,355953,3343,385,352423,9976,18838,323411,342249,355953,333387,100,356135,356135,355935,3342,367,352424,10126,18957,323143,342100,355935,333269,100,356136,356136,355936,3341,375,352418,10015,18935,323270,342205,355936,333285,100,356134,356134,355934,3340,365,352427,10065,17286,324878,342164,355934,334943,100,356133,356133,355933,3337,375,352419,10176,17903,324142,342045,355933,334318,100,356133,356133,355933,3336,382,352413,9963,15598,326654,342252,355933,336617,100,356133,356133,355933,3335,374,352422,9956,86921,255347,342268,355933,265303,100,356133,356133,355933,3334,383,352414,9969,86909,255338,342247,355933,265307,100,352427,356131,356131,356150,800,281347,2456183,80246,2536429,22,22,4,4,5,5,3,3,2,2,2,2,2,2,2,2
128x128x128w30-32-29,359111,359111,358911,3355,411,355343,9996,19248,325901,345149,358911,335897,100,359093,359093,358893,3354,398,355339,10008,20324,324809,345133,358893,334817,100,359094,359094,358894,3353,386,355353,9989,20692,324474,345166,358894,334463,100,359092,359092,358892,3352,365,355373,9964,17826,327385,345211,358892,337349,100,359091,359091,358891,3349,385,355355,10147,18355,326655,345010,358891,336802,100,359091,359091,358891,3348,378,355363,10003,15762,329400,345162,358891,339403,100,359091,359091,358891,3347,372,355370,10135,87418,257619,345037,358891,267754,100,359091,359091,358891,3346,372,355371,10079,87283,257811,345094,358891,267890,100,355373,359089,359089,359108,800,286908,2474054,80321,2554375,22,22,4,4,5,5,3,3,2,2,2,2,2,2,2,2
128x128x128w30-32-30,355082,355082,354882,3366,392,351322,10080,18738,322306,341044,354882,332386,100,355072,355072,354872,3365,407,351298,9913,20668,320519,341187,354872,330432,100,355071,355071,354871,3364,382,351323,10021,19637,321467,341104,354871,331488,100,355070,355070,354870,3363,373,351332,10043,17363,323728,341091,354870,333771,100,355067,355067,354867,3360,372,351333,10133,17738,323264,341002,354867,333397,100,355066,355066,354866,3359,371,351334,10137,15815,325184,340999,354866,335321,100,355065,355065,354865,3358,370,351335,10045,87349,253743,341092,354865,263788,100,355064,355064,354864,3357,365,351340,10074,87280,253788,341068,354864,263862,100,351340,355061,355061,355080,800,284588,2443999,80446,2524445,21,21,11,11,10,10,9,9,6,6,5,5,4,4,3,3
128x128x128w30-32-31,356651,356651,356451,3337,388,352924,10089,18740,323897,342637,356451,333986,100,356633,356633,356433,3336,381,352914,10087,19705,322924,342629,356433,333011,100,356634,356634,356434,3335,374,352923,10014,19887,322824,342711,356434,332838,100,356632,356632,356432,3334,365,352931,10111,17259,325363,342622,356432,335474,100,356631,356631,356431,3331,368,352930,10267,18053,324412,342465,356431,334679,100,356631,356631,356431,3330,388,352911,10146,15819,326748,342567,356431,336894,100,356631,356631,356431,3329,382,352918,10103,87672,254945,342617,356431,265048,100,356631,356631,356431,3328,382,352919,10168,87219,255334,342553,356431,265502,100,352931,356629,356629,356648,800,284354,2456447,80985,2537432,22,22,4,4,5,5,3,3,2,2,2,2,2,2,2,2
128x128x128w30-32-32,347773,347773,347613,3295,346,344130,8142,12194,323636,335830,347613,331778,80,347763,347763,347603,3294,328,344139,8120,12014,323847,335861,347603,331967,80,347762,347762,347602,3293,350,344117,8172,11961,323826,335787,347602,331998,80,347761,347761,347601,3292,349,344118,8111,10256,325593,335849,347601,333704,80,347758,347758,347598,3289,350,344117,8016,11263,324680,335943,347598,332696,80,347757,347757,347597,3288,348,344119,7970,9221,326770,335991,347597,334740,80,347756,347756,347596,3287,339,344128,8194,80558,255218,335776,347596,263412,80,347755,347755,347595,3286,338,344129,8070,80696,255205,335901,347595,263275,80,344139,347752,347752,347771,640,228163,2458775,64795,2523570,21,21,11,11,10,10,9,9,6,6,5,5,4,4,3,3
128x128x128w31-24-32,334389,334389,334149,3296,327,330764,11607,20418,298501,318919,334149,310108,120,334388,334388,334148,3295,328,330763,11654,19820,299051,318871,334148,310705,120,334387,334387,334147,3294,323,330768,11890,19554,299086,318640,334147,310976,120,334386,334386,334146,3293,336,330755,11834,18361,300322,318683,334146,312156,120,334383,334383,334191,3290,23451,307640,9701,15517,282232,297749,334191,291933,96,334382,334382,334190,3289,23474,307617,9621,14540,283266,297806,334190,292887,96,334381,334381,334189,3288,23473,307618,9762,14697,282969,297666,334189,292731,96,334380,334380,334188,3287,23738,307353,9600,83764,213799,297563,334188,223399,96,330768,334377,334377,334396,864,206671,2259226,85669,2344895,12,12,11,11,10,10,9,9,6,6,5,5,4,4,3,3
128x128x128w31-24-33,336915,336915,336674,3314,356,333243,11754,20871,300379,321250,336674,312133,120,336900,336900,336659,3313,338,333247,11770,20959,300279,321238,336659,312049,120,336900,336900,336659,3312,335,333251,11880,20912,300220,321132,336659,312100,120,336900,336900,336659,3311,339,333248,11980,19493,301536,321029,336659,313516,120,336898,336898,336705,3308,23659,309929,9898,16505,283335,299840,336705,293233,96,336898,336898,336705,3307,23648,309941,9777,15511,284462,299973,336705,294239,96,336898,336898,336705,3306,23682,309908,9798,15211,284708,299919,336705,294506,96,336898,336898,336705,3305,23919,309672,9815,84274,215392,299666,336705,225207,96,333251,336888,336888,336907,864,213736,2270311,86672,2356983,27,27,12,12,12,12,12,12,10,10,10,10,10,10,10,10
128x128x128w31-32-19,375726,375726,375446,3270,380,372074,13596,27321,330879,358200,375446,344475,140,375716,375716,375436,3269,368,372077,13547,28299,329953,358252,375436,343500,140,375715,375715,375435,3268,361,372084,13522,28496,329788,358284,375435,343310,140,375714,375714,375434,3267,360,372085,13647,25303,332857,358160,375434,346504,140,375711,375711,375487,3264,25537,346908,11260,21548,313878,335426,375487,325138,112,375710,375710,375486,3263,25502,346943,10951,20047,315723,335770,375486,326674,112,375709,375709,375485,3262,25492,346953,11087,19597,316047,335644,375485,327134,112,375708,375708,375484,3261,25998,346447,11021,92824,242380,335204,375484,253401,112,372085,375705,375705,375724,1008,263435,2511505,98631,2610136,21,21,11,11,10,10,9,9,6,6,5,5,4,4,3,3
128x128x128w31-32-20,372544,372544,372264,3280,384,368878,13674,26511,328415,354926,372264,342089,140,372534,372534,372254,3279,373,368880,13603,28117,326882,354999,372254,340485,140,372533,372533,372253,3278,364,368889,13497,28046,327068,355114,372253,340565,140,372532,372532,372252,3277,370,368883,13661,25296,329648,354944,372252,343309,140,372529,372529,372305,3274,25549,343704,11187,21246,311049,332295,372305,322236,112,372528,372528,372304,3273,25558,343695,10967,20078,312428,332506,372304,323395,112,372527,372527,372303,3272,25557,343696,11031,19915,312528,332443,372303,323559,112,372526,372526,372302,3271,25855,343398,11162,92554,239460,332014,372302,250622,112,368889,372523,372523,372542,1008,261763,2487478,98782,2586260,21,21,11,11,10,10,9,9,6,6,5,5,4,4,3,3
128x128x128w31-32-22,369177,369177,368937,3314,371,365490,11666,24319,329267,353586,368937,340933,120,369159,369159,368919,3313,353,365491,11690,24453,329110,353563,368919,340800,120,369160,369160,368920,3312,354,365492,11687,24340,329227,353567,368920,340914,120,369158,369158,368918,3311,359,365486,11484,22312,331452,353764,368918,342936,120,369157,369157,368965,3308,24505,341342,9585,18870,312697,331567,368965,322282,96,369157,369157,368965,3307,24494,341354,9642,17656,313866,331522,368965,323508,96,369157,369157,368965,3306,24502,341347,9602,17676,313879,331555,368965,323481,96,369157,369157,368965,3305,25162,340688,9573,89777,241148,330925,368965,250721,96,365492,369155,369155,369174,864,239403,2500646,84929,2585575,22,22,4,4,5,5,3,3,2,2,2,2,2,2,2,2
128x128x128w31-32-23,367779,367779,367539,3318,371,364088,11671,24409,327770,352179,367539,339441,120,367761,367761,367521,3317,360,364082,11626,24777,327441,352218,367521,339067,120,367762,367762,367522,3316,361,364083,11736,25102,327007,352109,367522,338743,120,367760,367760,367520,3315,366,364077,11591,22414,329834,352248,367520,341425,120,367759,367759,367567,3312,24595,339850,9660,19282,310718,330000,367567,320378,96,367759,367759,367567,3311,24532,339914,9630,17699,312395,330094,367567,322025,96,367759,367759,367567,3310,24546,339901,9669,17817,312225,330042,367567,321894,96,367759,367759,367567,3309,25036,339412,9506,90209,239507,329716,367567,249013,96,364088,367757,367757,367776,864,241709,2486897,85089,2571986,22,22,4,4,5,5,3,3,2,2,2,2,2,2,2,2
128x128x128w31-32-24,367464,367464,367224,3330,377,363755,11714,23943,327860,351803,367224,339574,120,367454,367454,367214,3329,366,363757,11710,24575,327234,351809,367214,338944,120,367453,367453,367213,3328,374,363749,11627,24041,327843,351884,367213,339470,120,367452,367452,367212,3327,379,363744,11565,22140,329801,351941,367212,341366,120,367449,367449,367257,3324,24512,339611,9641,19269,310511,329780,367257,320152,96,367448,367448,367256,3323,24495,339628,9567,17937,311934,329871,367256,321501,96,367447,367447,367255,3322,24488,339635,9622,17409,312414,329823,367255,322036,96,367446,367446,367254,3321,24810,339313,9496,90324,239303,329627,367254,248799,96,363757,367443,367443,367462,864,239638,2486900,84942,2571842,21,21,11,11,10,10,9,9,6,6,5,5,4,4,3,3
128x128x128w31-32-25,369283,369283,369043,3334,349,365598,11711,24669,328980,353649,369043,340691,120,369288,369288,369048,3333,359,365594,11602,25073,328681,353754,369048,340283,120,369286,369286,369046,3332,356,365596,11693,24700,328965,353665,369046,340658,120,369285,369285,369045,3331,365,365587,11534,22765,331050,353815,369045,342584,120,369282,369282,369090,3328,24705,341247,9606,19019,312432,331451,369090,322038,96,369281,369281,369089,3327,24704,341248,9640,17502,313916,331418,369089,323556,96,369280,369280,369088,3326,24695,341257,9577,18020,313470,331490,369088,323047,96,369279,369279,369087,3325,24852,341100,9569,91442,239899,331341,369087,249468,96,365598,369276,369276,369295,864,243190,2497393,84932,2582325,7,7,12,12,10,10,9,9,6,6,5,5,4,4,3,3
128x128x128w31-32-26,360850,360850,360650,3342,374,357132,9819,18042,329073,347115,360650,338892,100,360840,360840,360640,3341,369,357128,9804,19708,327418,347126,360640,337222,100,360839,360839,360639,3340,370,357127,9809,19178,327942,347120,360639,337751,100,360838,360838,360638,3339,354,357143,9838,16575,330532,347107,360638,340370,100,360835,360835,360675,3336,23109,334388,8154,13882,312194,326076,360675,320348,80,360834,360834,360674,3335,23096,334401,8068,12887,313288,326175,360674,321356,80,360833,360833,360673,3334,23078,334419,8085,13290,312886,326176,360673,320971,80,360832,360832,360672,3333,23968,333529,8066,84245,241060,325305,360672,249126,80,357143,360829,360829,360848,720,197807,2494393,71643,2566036,21,21,11,11,10,10,9,9,6,6,5,5,4,4,3,3
128x128x128w31-32-27,359638,359638,359438,3347,362,355927,9864,18706,327159,345865,359438,337023,100,359628,359628,359428,3346,360,355920,9755,19689,326278,345967,359428,336033,100,359627,359627,359427,3345,361,355919,9771,19841,326109,345950,359427,335880,100,359626,359626,359426,3344,354,355926,9832,16733,329163,345896,359426,338995,100,359623,359623,359463,3341,23075,333205,8148,14261,310638,324899,359463,318786,80,359622,359622,359462,3340,23078,333202,8065,12637,312342,324979,359462,320407,80,359621,359621,359461,3339,23045,333235,8117,13003,311957,324960,359461,320074,80,359620,359620,359460,3338,23808,332472,8041,84792,239481,324273,359460,247522,80,355927,359617,359617,359636,720,199662,2483127,71593,2554720,21,21,11,11,10,10,9,9,6,6,5,5,4,4,3,3
128x128x128w31-32-28,357080,357080,356880,3347,368,353363,9862,18283,325020,343303,356880,334882,100,357070,357070,356870,3346,368,353354,9831,19502,323823,343325,356870,333654,100,357069,357069,356869,3345,369,353353,9880,18696,324579,343275,356869,334459,100,357068,357068,356868,3344,362,353360,9865,16793,326504,343297,356868,336369,100,357065,357065,356905,3341,22875,330847,8185,14493,308011,322504,356905,316196,80,357064,357064,356904,3340,22880,330842,8078,13216,309390,322606,356904,317468,80,357063,357063,356903,3339,22897,330825,7996,13012,309659,322671,356903,317655,80,357062,357062,356902,3338,23450,330272,8048,84604,237462,322066,356902,245510,80,353363,357059,357059,357078,720,198599,2464448,71745,2536193,21,21,11,11,10,10,9,9,6,6,5,5,4,4,3,3
128x128x128w31-32-29,358016,358016,357816,3370,371,354273,9903,17609,326563,344172,357816,336466,100,358006,358006,357806,3369,359,354276,9914,18375,325789,344164,357806,335703,100,358005,358005,357805,3368,352,354283,9905,18725,325455,344180,357805,335360,100,358004,358004,357804,3367,350,354285,9863,16307,327917,344224,357804,337780,100,358001,358001,357841,3364,23058,331577,8103,13914,309402,323316,357841,317505,80,358000,358000,357840,3363,23055,331580,8022,12642,310758,323400,357840,318780,80,357999,357999,357839,3362,23071,331564,8026,13197,310183,323380,357839,318209,80,357998,357998,357838,3361,23481,331154,8083,84894,238019,322913,357838,246102,80,354285,357995,357995,358014,720,195663,2474086,71819,2545905,21,21,11,11,10,10,9,9,6,6,5,5,4,4,3,3
128x128x128w31-32-30,356889,356889,356689,3375,360,353152,9880,18351,324723,343074,356689,334603,100,356882,356882,356682,3374,361,353145,9922,18902,324123,343025,356682,334045,100,356881,356881,356681,3373,357,353149,9899,18941,324111,343052,356681,334010,100,356880,356880,356680,3372,355,353151,9931,16427,326595,343022,356680,336526,100,356877,356877,356717,3369,23094,330412,8101,13945,308208,322153,356717,316309,80,356876,356876,356716,3368,23164,330342,7989,13158,309037,322195,356716,317026,80,356875,356875,356715,3367,23114,330392,8080,12869,309285,322154,356715,317365,80,356874,356874,356714,3366,23420,330086,8035,85184,236709,321893,356714,244744,80,353152,356871,356871,356890,720,197777,2462791,71837,2534628,18,18,11,11,10,10,9,9,6,6,5,5,4,4,3,3
128x128x128w31-32-31,356553,356553,356353,3389,354,352808,9959,18595,324056,342651,356353,334015,100,356543,356543,356343,3388,346,352807,9801,20029,322779,342808,356343,332580,100,356542,356542,356342,3387,341,352812,9868,19850,322896,342746,356342,332764,100,356541,356541,356341,3386,351,352802,9869,16917,325818,342735,356341,335687,100,356538,356538,356378,3383,23223,329930,8135,14981,306656,321637,356378,314791,80,356537,356537,356377,3382,23272,329881,8107,13912,307704,321616,356377,315811,80,356536,356536,356376,3381,23243,329910,8082,13314,308356,321670,356376,316438,80,356535,356535,356375,3380,23407,329746,8080,86095,235413,321508,356375,243493,80,352812,356532,356532,356551,720,203693,2453678,71901,2525579,21,21,11,11,10,10,9,9,6,6,5,5,4,4,3,3
128x128x128w31-32-32,345188,345188,345028,3304,324,341558,8020,11690,321690,333380,345028,329710,80,345170,345170,345010,3303,296,341569,8105,11093,322213,333306,345010,330318,80,345171,345171,345011,3302,300,341567,7972,12193,321244,333437,345011,329216,80,345169,345169,345009,3301,292,341574,8097,9973,323346,333319,345009,331443,80,345168,345168,345040,3298,21276,320592,6464,9770,304232,314002,345040,310696,64,345168,345168,345040,3297,21227,320642,6523,7740,306253,313993,345040,312776,64,345168,345168,345040,3296,21236,320634,6633,7931,305944,313875,345040,312577,64,345168,345168,345040,3295,22373,319498,6553,79949,232870,312819,345040,239423,64,341574,345166,345166,345185,576,150339,2437792,58367,2496159,22,22,4,4,5,5,3,3,2,2,2,2,2,2,2,2
128x128x128w32-16-32,320583,320583,320326,3065,432,317084,12666,17642,286521,304163,320326,299187,128,320587,320587,320330,3064,430,317091,12817,18278,285741,304019,320330,298558,128,320586,320586,320330,3063,421,317100,12875,17655,286316,303971,320330,299191,128,320585,320585,320329,3062,418,317103,13057,16937,286855,303792,320329,299912,128,320582,320582,320326,3059,420,317101,13130,16034,287683,303717,320326,300813,128,320581,320581,320324,3058,392,317129,12817,16383,287674,304057,320324,300491,128,320580,320580,320323,3057,410,317111,12801,13682,290373,304055,320323,303174,128,320579,320579,320322,3056,427,317094,12860,17309,286670,303979,320322,299530,128,317129,320576,320576,320595,1024,133920,2297833,103023,2400856,7,7,11,11,10,10,9,9,6,6,5,5,4,4,3,3
128x128x128w32-24-26,321476,321476,321236,3278,493,317703,11956,21803,283706,305509,321236,295662,120,321458,321458,321218,3277,475,317704,12030,21835,283601,305436,321218,295631,120,321459,321459,321219,3276,468,317713,12111,21848,283516,305364,321219,295627,120,321457,321457,321217,3275,471,317709,12075,20887,284509,305396,321217,296584,120,321456,321456,321216,3272,463,317719,12242,20880,284359,305239,321216,296601,120,321456,321456,321216,3271,454,317729,12125,20045,285321,305366,321216,297446,120,321456,321456,321216,3270,487,317697,12293,19923,285243,305166,321216,297536,120,321456,321456,321216,3269,487,317698,11998,20994,284468,305462,321216,296466,120,317729,321454,321454,321473,960,168215,2274723,96830,2371553,22,22,4,4,5,5,3,3,2,2,2,2,2,2,2,2
128x128x128w32-24-27,321368,321368,321128,3283,480,317603,12188,21271,283906,305177,321128,296094,120,321350,321350,321110,3282,464,317602,12051,21200,284113,305313,321110,296164,120,321351,321351,321111,3281,493,317575,11998,21973,283366,305339,321111,295364,120,321349,321349,321109,3280,473,317594,11966,20636,284754,305390,321109,296720,120,321348,321348,321108,3277,476,317593,12041,20240,285074,305314,321108,297115,120,321348,321348,321108,3276,472,317598,12016,19364,285980,305344,321108,297996,120,321348,321348,321108,3275,472,317599,12188,19033,286140,305173,321108,298328,120,321348,321348,321108,3274,462,317610,12023,19932,285417,305349,321108,297440,120,317610,321346,321346,321365,960,163649,2278750,96471,2375221,22,22,4,4,5,5,3,3,2,2,2,2,2,2,2,2
128x128x128w32-24-28,322384,322384,322144,3288,489,318605,11952,21207,285208,306415,322144,297160,120,322366,322366,322126,3287,466,318611,12126,21745,284502,306247,322126,296628,120,322367,322367,322127,3286,469,318610,11959,22222,284191,306413,322127,296150,120,322365,322365,322125,3285,455,318623,12033,20896,285456,306352,322125,297489,120,322364,322364,322124,3282,454,318626,12119,20206,286063,306269,322124,298182,120,322364,322364,322124,3281,464,318617,12127,19783,286469,306252,322124,298596,120,322364,322364,322124,3280,464,318618,12238,19876,286266,306142,322124,298504,120,322364,322364,322124,3279,487,318596,12055,20409,285894,306303,322124,297949,120,318626,322362,322362,322381,960,166344,2284049,96609,2380658,22,22,4,4,5,5,3,3,2,2,2,2,2,2,2,2
128x128x128w32-24-29,322019,322019,321779,3298,479,318240,12179,21357,284466,305823,321779,296645,120,322001,322001,321761,3297,463,318239,12102,22029,283870,305899,321761,295972,120,322002,322002,321762,3296,492,318212,11940,21840,284194,306034,321762,296134,120,322000,322000,321760,3295,481,318222,12074,20502,285408,305910,321760,297482,120,321999,321999,321759,3292,473,318232,12021,20599,285374,305973,321759,297395,120,321999,321999,321759,3291,477,318229,12034,19740,286217,305957,321759,298251,120,321999,321999,321759,3290,459,318248,12316,19435,286259,305694,321759,298575,120,321999,321999,321759,3289,465,318243,11843,20021,286141,306162,321759,297984,120,318248,321997,321997,322016,960,165523,2281929,96509,2378438,22,22,4,4,5,5,3,3,2,2,2,2,2,2,2,2
128x128x128w32-24-30,322150,322150,321910,3304,474,318370,12140,22169,283823,305992,321910,295963,120,322132,322132,321892,3303,482,318345,12186,22047,283874,305921,321892,296060,120,322133,322133,321893,3302,475,318354,11991,22354,283771,306125,321893,295762,120,322131,322131,321891,3301,466,318362,11964,21542,284618,306160,321891,296582,120,322130,322130,321890,3298,469,318361,12209,20837,285077,305914,321890,297286,120,322130,322130,321890,3297,468,318363,12140,20425,285560,305985,321890,297700,120,322130,322130,321890,3296,464,318368,12269,20102,285759,305861,321890,298028,120,322130,322130,321890,3295,468,318365,12263,20401,285463,305864,321890,297726,120,318370,322128,322128,322147,960,169877,2277945,97162,2375107,22,22,4,4,5,5,3,3,2,2,2,2,2,2,2,2
128x128x128w32-24-31,323089,323089,322849,3318,473,319296,12301,22361,284396,306757,322849,296697,120,323076,323076,322836,3317,458,319299,11985,22312,284764,307076,322836,296749,120,323077,323077,322837,3316,489,319270,12143,23299,283590,306889,322837,295733,120,323075,323075,322835,3315,480,319278,11989,22258,284793,307051,322835,296782,120,323074,323074,322834,3312,474,319286,12209,21593,285246,306839,322834,297455,120,323074,323074,322834,3311,481,319280,12073,20065,286904,306969,322834,298977,120,323074,323074,322834,3310,466,319296,12110,20748,286200,306948,322834,298310,120,323074,323074,322834,3309,473,319290,12215,20509,286328,306837,322834,298543,120,319299,323072,323072,323091,960,173145,2282221,97025,2379246,17,17,4,4,5,5,3,3,2,2,2,2,2,2,2,2
128x128x128w32-24-32,310355,310355,310162,3234,430,306689,9588,15321,281589,296910,310162,291177,96,310346,310346,310153,3233,450,306661,9492,15181,281797,296978,310153,291289,96,310345,310345,310152,3232,451,306660,9705,15314,281450,296764,310152,291155,96,310344,310344,310151,3231,442,306669,9494,14189,282795,296984,310151,292289,96,310341,310341,310148,3228,434,306677,9687,13827,282972,296799,310148,292659,96,310340,310340,310148,3227,424,306687,9693,12581,284223,296804,310148,293916,96,310339,310339,310147,3226,425,306686,9805,12631,284060,296691,310147,293865,96,310338,310338,310145,3225,426,306685,9731,13869,282894,296763,310145,292625,96,306689,310335,310335,310354,768,112913,2261780,77195,2338975,20,20,11,11,10,10,9,9,6,6,5,5,4,4,3,3
128x128x128w32-32-16,355912,355912,355656,3029,469,352412,12721,19014,320423,339437,355656,333144,128,355903,355903,355647,3028,435,352438,12822,17641,321721,339362,355647,334543,128,355902,355902,355646,3027,456,352417,12968,18460,320735,339195,355646,333703,128,355901,355901,355645,3026,497,352376,12702,16395,323025,339420,355645,335727,128,355898,355898,355642,3023,471,352402,12735,16655,322758,339413,355642,335493,128,355897,355897,355641,3022,431,352442,12556,14587,325045,339632,355641,337601,128,355896,355896,355640,3021,430,352443,12645,15864,323680,339544,355640,336325,128,355895,355895,355639,3020,447,352426,12449,16890,322833,339723,355639,335282,128,352443,355892,355892,355911,1024,135506,2580220,101598,2681818,20,20,11,11,10,10,9,9,6,6,5,5,4,4,3,3
128x128x128w32-32-17,354878,354878,354622,3084,500,351292,12676,18741,319621,338362,354622,332297,128,354863,354863,354607,3083,544,351234,12861,17684,320435,338119,354607,333296,128,354863,354863,354607,3082,492,351287,12918,18427,319688,338115,354607,332606,128,354863,354863,354607,3081,484,351296,12908,15442,322692,338134,354607,335600,128,354861,354861,354605,3078,475,351306,12609,16904,321539,338443,354605,334148,128,354861,354861,354605,3077,479,351303,12614,14835,323600,338435,354605,336214,128,354861,354861,354605,3076,488,351295,12732,15873,322436,338309,354605,335168,128,354853,354853,354597,3075,493,351283,12565,15974,322490,338464,354597,335055,128,351306,354851,354851,354870,1024,133880,2572501,101883,2674384,27,27,12,12,12,12,12,12,10,10,10,10,10,10,2,2
128x128x128w32-32-19,354254,354254,354030,3222,530,350500,11319,21435,317524,338959,354030,328843,112,354239,354239,354015,3221,536,350480,11367,22935,315956,338891,354015,327323,112,354239,354239,354015,3220,546,350471,11288,23180,315781,338961,354015,327069,112,354239,354239,354015,3219,528,350490,11330,18633,320305,338938,354015,331635,112,354237,354237,354013,3216,535,350484,11362,18952,319948,338900,354013,331310,112,354237,354237,354013,3215,508,350512,11338,17517,321435,338952,354013,332773,112,354237,354237,354013,3214,515,350506,11239,17988,321057,339045,354013,332296,112,354237,354237,354013,3213,521,350501,11208,18047,321024,339071,354013,332232,112,350512,354227,354227,354246,896,158687,2553030,90451,2643481,27,27,12,12,12,12,12,12,10,10,10,10,10,10,10,10
128x128x128w32-32-20,352415,352415,352191,3231,538,348644,11324,21688,315410,337098,352191,326734,112,352401,352401,352177,3230,576,348593,11391,23250,313730,336980,352177,325121,112,352401,352401,352177,3229,543,348627,11352,22350,314703,337053,352177,326055,112,352401,352401,352177,3228,503,348668,11318,19223,317905,337128,352177,329223,112,352399,352399,352175,3225,511,348661,11253,19541,317645,337186,352175,328898,112,352399,352399,352175,3224,502,348671,11355,17827,319267,337094,352175,330622,112,352399,352399,352175,3223,502,348672,11256,17852,319342,337194,352175,330598,112,352399,352399,352175,3222,494,348681,11342,17832,319285,337117,352175,330627,112,348681,352389,352389,352408,896,159563,2537287,90591,2627878,26,26,12,12,12,12,12,12,10,10,10,10,10,10,10,10
128x128x128w32-32-22,348588,348588,348396,3251,528,344807,9695,19733,315189,334922,348396,324884,96,348584,348584,348392,3250,509,344823,9636,18976,316021,334997,348392,325657,96,348583,348583,348391,3249,540,344792,9796,18359,316447,334806,348391,326243,96,348582,348582,348390,3248,543,344789,9505,15989,319105,335094,348390,328610,96,348579,348579,348387,3245,539,344793,9733,16613,318257,334870,348387,327990,96,348578,348578,348386,3244,519,344813,9863,14810,319950,334760,348386,329813,96,348577,348577,348385,3243,514,344818,9638,15252,319738,334990,348385,329376,96,348576,348576,348384,3242,512,344820,9577,15531,319522,335053,348384,329099,96,344823,348573,348573,348592,768,135263,2544229,77443,2621672,15,15,11,11,10,10,9,9,6,6,5,5,4,4,3,3
128x128x128w32-32-23,346614,346614,346422,3254,534,342824,9744,19442,313448,332890,346422,323192,96,346610,346610,346418,3253,520,342835,9692,18577,314376,332953,346418,324068,96,346609,346609,346417,3252,568,342787,9725,18170,314702,332872,346417,324427,96,346608,346608,346416,3251,555,342800,9588,15976,317046,333022,346416,326634,96,346605,346605,346413,3248,593,342762,9717,16952,315903,332855,346413,325620,96,346604,346604,346412,3247,510,342845,9735,14460,318460,332920,346412,328195,96,346603,346603,346411,3246,511,342844,9680,15771,317203,332974,346411,326883,96,346602,346602,346410,3245,524,342831,9683,14924,318034,332958,346410,327717,96,342845,346599,346599,346618,768,134272,2529172,77564,2606736,15,15,11,11,10,10,9,9,6,6,5,5,4,4,3,3
128x128x128w32-32-24,348275,348275,348083,3259,525,344489,9642,19917,314740,334657,348083,324382,96,348272,348272,348080,3258,522,344490,9605,20156,314539,334695,348080,324144,96,348271,348271,348079,3257,556,344456,9696,20754,313816,334570,348079,323512,96,348270,348270,348078,3256,582,344430,9494,19113,315633,334746,348078,325127,96,348267,348267,348075,3253,537,344475,9675,18265,316345,334610,348075,326020,96,348266,348266,348074,3252,510,344502,9763,16792,317757,334549,348074,327520,96,348265,348265,348073,3251,535,344477,9744,17380,317163,334543,348073,326907,96,348264,348264,348072,3250,536,344476,9648,17990,316648,334638,348072,326296,96,344502,348261,348261,348280,768,150367,2526641,77267,2603908,14,14,11,11,10,10,9,9,6,6,5,5,4,4,3,3
128x128x128w32-32-25,346932,346932,346740,3276,512,343142,9615,18475,314862,333337,346740,324477,96,346928,346928,346736,3275,510,343141,9543,19053,314355,333408,346736,323898,96,346927,346927,346735,3274,526,343125,9783,18400,314752,333152,346735,324535,96,346926,346926,346734,3273,537,343114,9661,15876,317387,333263,346734,327048,96,346923,346923,346731,3270,530,343121,9657,16436,316838,333274,346731,326495,96,346922,346922,346730,3269,520,343131,9800,14533,318608,333141,346730,328408,96,346921,346921,346729,3268,519,343132,9716,15625,317601,333226,346729,327317,96,346920,346920,346728,3267,517,343134,9676,14784,318484,333268,346728,328160,96,343142,346917,346917,346936,768,133182,2532887,77451,2610338,15,15,11,11,10,10,9,9,6,6,5,5,4,4,3,3
128x128x128w32-32-26,339580,339580,339420,3291,505,335782,8122,14136,313366,327502,339420,321488,80,339576,339576,339416,3290,526,335758,8078,13747,313775,327522,339416,321853,80,339575,339575,339415,3289,555,335729,8075,14986,312510,327496,339415,320585,80,339574,339574,339414,3288,500,335784,8000,12554,315072,327626,339414,323072,80,339571,339571,339411,3285,523,335761,8129,12626,314848,327474,339411,322977,80,339570,339570,339410,3284,498,335786,8175,11180,316273,327453,339410,324448,80,339569,339569,339409,3283,489,335795,8216,11225,316196,327421,339409,324412,80,339568,339568,339408,3282,504,335780,8102,11148,316372,327520,339408,324474,80,335795,339565,339565,339584,640,101602,2518412,64897,2583309,15,15,11,11,10,10,9,9,6,6,5,5,4,4,3,3
128x128x128w32-32-27,338819,338819,338659,3296,579,334942,8019,13941,312824,326765,338659,320843,80,338815,338815,338655,3295,575,334943,8003,14495,312287,326782,338655,320290,80,338814,338814,338654,3294,565,334953,8038,14719,312038,326757,338654,320076,80,338813,338813,338653,3293,515,335003,8059,11993,314793,326786,338653,322852,80,338810,338810,338650,3290,516,335002,8176,12535,314133,326668,338650,322309,80,338809,338809,338649,3289,504,335014,8186,11306,315364,326670,338649,323550,80,338808,338808,338648,3288,488,335030,8149,11125,315598,326723,338648,323747,80,338807,338807,338647,3287,496,335022,8063,10903,315898,326801,338647,323961,80,335030,338804,338804,338823,640,101017,2512935,64693,2577628,15,15,11,11,10,10,9,9,6,6,5,5,4,4,3,3
128x128x128w32-32-28,337751,337751,337591,3307,500,333942,8038,14462,311284,325746,337591,319322,80,337748,337748,337588,3306,520,333920,8029,15571,310162,325733,337588,318191,80,337747,337747,337587,3305,524,333916,8052,14563,311143,325706,337587,319195,80,337746,337746,337586,3304,491,333949,8071,12150,313570,325720,337586,321641,80,337743,337743,337583,3301,490,333950,8224,12242,313326,325568,337583,321550,80,337742,337742,337582,3300,503,333937,8163,11154,314462,325616,337582,322625,80,337741,337741,337581,3299,496,333944,8136,11682,313968,325650,337581,322104,80,337740,337740,337580,3298,564,333876,8055,11574,314089,325663,337580,322144,80,333950,337737,337737,337756,640,103398,2502004,64768,2566772,14,14,11,11,10,10,9,9,6,6,5,5,4,4,3,3
128x128x128w32-32-29,337421,337421,337261,3307,554,333558,8221,14511,310668,325179,337261,318889,80,337417,337417,337257,3306,513,333596,8117,15348,309973,325321,337257,318090,80,337416,337416,337256,3305,532,333577,8012,15368,310039,325407,337256,318051,80,337415,337415,337255,3304,488,333621,8033,12554,312876,325430,337255,320909,80,337412,337412,337252,3301,495,333614,8319,12770,312367,325137,337252,320686,80,337411,337411,337251,3300,517,333592,8128,10995,314311,325306,337251,322439,80,337410,337410,337250,3299,496,333613,8239,11383,313833,325216,337250,322072,80,337409,337409,337249,3298,526,333583,8225,11106,314094,325200,337249,322319,80,333621,337406,337406,337425,640,104035,2498161,65294,2563455,15,15,11,11,10,10,9,9,6,6,5,5,4,4,3,3
128x128x128w32-32-30,335314,335314,335154,3313,590,331409,8108,14792,308351,323143,335154,316459,80,335310,335310,335150,3312,527,331469,8124,14450,308737,323187,335150,316861,80,335309,335309,335149,3311,523,331473,8132,15042,308141,323183,335149,316273,80,335308,335308,335148,3310,504,331492,8106,11949,311279,323228,335148,319385,80,335305,335305,335145,3307,488,331508,8261,12720,310369,323089,335145,318630,80,335304,335304,335144,3306,526,331470,8144,11052,312116,323168,335144,320260,80,335303,335303,335143,3305,517,331479,8185,11696,311440,323136,335143,319625,80,335302,335302,335142,3304,516,331480,8052,11739,311531,323270,335142,319583,80,331508,335299,335299,335318,640,103440,2481964,65112,2547076,15,15,11,11,10,10,9,9,6,6,5,5,4,4,3,3
128x128x128w32-32-31,334063,334063,333903,3326,495,330240,8215,13760,308107,321867,333903,316322,80,334059,334059,333899,3325,513,330219,8098,13900,308063,321963,333899,316161,80,334058,334058,333898,3324,561,330171,8138,14727,307148,321875,333898,315286,80,334057,334057,333897,3323,547,330185,8061,12447,309519,321966,333897,317580,80,334054,334054,333894,3320,508,330224,8202,12219,309645,321864,333894,317847,80,334053,334053,333893,3319,504,330228,8153,10895,311022,321917,333893,319175,80,334052,334052,333892,3318,495,330237,8156,11113,310810,321923,333892,318966,80,334051,334051,333891,3317,494,330238,8150,11117,310813,321930,333891,318963,80,330240,334048,334048,334067,640,100178,2475127,65173,2540300,15,15,11,11,10,10,9,9,6,6,5,5,4,4,3,3
128x128x128w32-32-32,326028,326028,325900,3244,486,322296,6451,9186,306533,315719,325900,312984,64,326018,326018,325890,3243,532,322241,6460,9731,305924,315655,325890,312384,64,326017,326017,325889,3242,473,322300,6565,8947,306662,315609,325889,313227,64,326016,326016,325888,3241,454,322319,6603,7203,308387,315590,325888,314990,64,326013,326013,325885,3238,462,322311,6775,7810,307600,315410,325885,314375,64,326012,326012,325883,3237,433,322340,6482,6597,309134,315731,325883,315616,64,326011,326011,325882,3236,492,322281,6613,6883,308658,315541,325882,315271,64,326010,326010,325881,3235,432,322341,6444,7158,308612,315770,325881,315056,64,322341,326007,326007,326026,512,63515,2461510,52393,2513903,21,21,11,11,10,10,9,9,6,6,5,5,4,4,3,3
128x128x128w33-24-26,372318,372318,372078,3346,488,368482,12144,21277,334823,356100,372078,346967,120,372315,372315,372075,3345,481,368487,12141,72476,283632,356108,372075,295773,120,372314,372314,372074,3344,468,368500,12199,72273,283790,356063,372074,295989,120,372313,372313,372073,3343,474,368494,12174,71244,284838,356082,372073,297012,120,372310,372310,372070,3340,467,368501,12135,71753,284375,356128,372070,296510,120,372309,372309,372069,3339,695,368273,12134,87930,267971,355901,372069,280105,120,372308,372308,372068,3338,674,368294,12312,87542,268202,355744,372068,280514,120,372307,372307,372067,3337,696,368272,12245,87661,268128,355789,372067,280373,120,368501,372304,372304,372323,960,572156,2275759,97484,2373243,14,14,11,11,10,10,9,9,6,6,5,5,4,4,3,3
128x128x128w33-24-27,372189,372189,371949,3348,459,368380,12100,21214,334828,356042,371949,346928,120,372183,372183,371943,3347,460,368374,12137,72246,283753,355999,371943,295890,120,372182,372182,371942,3346,457,368377,12220,72617,283302,355919,371942,295522,120,372181,372181,371941,3345,449,368385,12221,71385,284541,355926,371941,296762,120,372178,372178,371938,3342,448,368386,12234,71104,284810,355914,371938,297044,120,372177,372177,371937,3341,634,368200,12198,87157,268607,355764,371937,280805,120,372176,372176,371936,3340,622,368212,12276,87397,268301,355698,371936,280577,120,372175,372175,371935,3339,636,368198,12228,87755,267977,355732,371935,280205,120,368386,372172,372172,372191,960,570875,2276119,97614,2373733,17,17,11,11,10,10,9,9,6,6,5,5,4,4,3,3
128x128x128w33-24-28,372679,372679,372439,3356,474,368847,12229,21291,335089,356380,372439,347318,120,372676,372676,372436,3355,470,368849,12010,72921,283680,356601,372436,295690,120,372675,372675,372435,3354,497,368822,12172,72983,283429,356412,372435,295601,120,372674,372674,372434,3353,494,368825,12184,72158,284245,356403,372434,296429,120,372671,372671,372431,3350,481,368838,12310,71292,284998,356290,372431,297308,120,372670,372670,372430,3349,612,368707,12173,88287,268009,356296,372430,280182,120,372669,372669,372429,3348,611,368708,12350,88121,267999,356120,372429,280349,120,372668,372668,372428,3347,610,368709,12261,87864,268346,356210,372428,280607,120,368849,372665,372665,372684,960,574917,2275795,97689,2373484,14,14,11,11,10,10,9,9,6,6,5,5,4,4,3,3
128x128x128w33-24-29,373689,373689,373448,3361,456,369870,12277,21716,335638,357354,373448,347915,120,373683,373683,373442,3360,453,369868,12195,73127,284307,357434,373442,296502,120,373682,373682,373442,3359,479,369842,12152,73506,283946,357452,373442,296098,120,373681,373681,373441,3358,472,369849,12100,72238,285273,357511,373441,297373,120,373678,373678,373438,3355,466,369855,12129,72058,285430,357488,373438,297559,120,373677,373677,373437,3354,560,369761,12215,88610,268698,357308,373437,280913,120,373676,373676,373436,3353,564,369757,12283,88818,268418,357236,373436,280701,120,373675,373675,373434,3352,563,369758,12260,87912,269347,357259,373434,281607,120,369870,373672,373672,373691,960,577985,2281057,97611,2378668,17,17,11,11,10,10,9,9,6,6,5,5,4,4,3,3
128x128x128w33-24-30,373286,373286,373046,3372,447,369465,12225,21380,335622,357002,373046,347847,120,373288,373288,373048,3371,465,369450,12178,72979,284055,357034,373048,296233,120,373287,373287,373047,3370,467,369448,12393,72713,284104,356817,373047,296497,120,373286,373286,373046,3369,474,369441,12268,72049,284886,356935,373046,297154,120,373283,373283,373043,3366,459,369456,12279,71875,285064,356939,373043,297343,120,373282,373282,373042,3365,530,369385,12225,88295,268627,356922,373042,280852,120,373281,373281,373041,3364,528,369387,12210,88312,268627,356939,373041,280837,120,373280,373280,373040,3363,527,369388,12250,88430,268470,356900,373040,280720,120,369465,373277,373277,373296,960,576033,2279455,98028,2377483,9,9,11,11,10,10,9,9,6,6,5,5,4,4,3,3
128x128x128w33-24-31,373145,373145,372904,3369,472,369302,12137,21245,335681,356926,372904,347818,120,373135,373135,372894,3368,462,369303,12046,72177,284841,357018,372894,296887,120,373134,373134,372893,3367,461,369304,12081,72964,284020,356984,372893,296101,120,373133,373133,372892,3366,460,369305,12114,71529,285423,356952,372892,297537,120,373130,373130,372889,3363,467,369298,12236,71331,285492,356823,372889,297728,120,373129,373129,372888,3362,509,369256,12125,87557,269335,356892,372888,281460,120,373128,373128,372887,3361,507,369258,12111,88147,268761,356908,372887,280872,120,373127,373127,372886,3360,515,369250,11920,88104,268987,357091,372886,280907,120,369305,373124,373124,373143,960,573054,2282540,96770,2379310,21,21,11,11,10,10,9,9,6,6,5,5,4,4,3,3
128x128x128w34-24-26,371643,371643,371403,3321,457,367863,12115,20800,334710,355510,371403,346825,120,371633,371633,371393,3320,446,367865,12063,20871,334693,355564,371393,346756,120,371632,371632,371392,3319,646,367665,12149,89066,266212,355278,371392,278361,120,371631,371631,371391,3318,642,367669,12031,88038,267362,355400,371391,279393,120,371628,371628,371388,3315,662,367649,12228,88215,266968,355183,371388,279196,120,371627,371627,371387,3314,656,367655,12128,87237,268052,355289,371387,280180,120,371626,371626,371386,3313,635,367676,12143,87197,268098,355295,371386,280241,120,371625,371625,371385,3312,657,367654,12066,87326,268024,355350,371385,280090,120,367865,371622,371622,371641,960,568750,2274119,96923,2371042,21,21,11,11,10,10,9,9,6,6,5,5,4,4,3,3
128x128x128w34-24-27,372153,372153,371913,3321,464,368366,12076,20940,335112,356052,371913,347188,120,372143,372143,371903,3320,453,368368,12123,20935,335072,356007,371903,347195,120,372142,372142,371902,3319,654,368167,12136,89124,266669,355793,371902,278805,120,372141,372141,371901,3318,634,368187,11975,88618,267356,355974,371901,279331,120,372138,372138,371898,3315,632,368189,12218,88078,267655,355733,371898,279873,120,372137,372137,371897,3314,644,368177,12108,87284,268547,355831,371897,280655,120,372136,372136,371896,3313,627,368194,12166,87587,268203,355790,371896,280369,120,372135,372135,371895,3312,629,368192,12015,86930,269009,355939,371895,281024,120,368368,372132,372132,372151,960,569496,2277623,96817,2374440,21,21,11,11,10,10,9,9,6,6,5,5,4,4,3,3
128x128x128w34-24-28,372089,372089,371849,3325,451,368311,12291,20457,335325,355782,371849,347616,120,372088,372088,371848,3324,448,368314,12131,20897,335048,355945,371848,347179,120,372087,372087,371847,3323,585,368177,12232,89178,266529,355707,371847,278761,120,372086,372086,371846,3322,604,368158,12131,88594,267195,355789,371846,279326,120,372083,372083,371843,3319,599,368163,12338,87915,267672,355587,371843,280010,120,372082,372082,371842,3318,591,368171,12150,87586,268197,355783,371842,280347,120,372081,372081,371841,3317,592,368170,12139,87818,267975,355793,371841,280114,120,372080,372080,371840,3316,589,368173,12014,87459,268462,355921,371840,280476,120,368314,372077,372077,372096,960,569904,2276403,97426,2373829,12,12,11,11,10,10,9,9,6,6,5,5,4,4,3,3
128x128x128w34-24-29,372772,372772,372532,3339,457,368974,12175,20855,335706,356561,372532,347881,120,372762,372762,372522,3338,450,368972,12182,20944,335608,356552,372522,347790,120,372761,372761,372521,3337,584,368838,12103,89504,266993,356497,372521,279096,120,372760,372760,372520,3336,564,368858,12017,88494,268109,356603,372520,280126,120,372757,372757,372517,3333,566,368856,12102,88855,267661,356516,372517,279763,120,372756,372756,372516,3332,574,368848,12089,88119,268402,356521,372516,280491,120,372755,372755,372515,3331,556,368866,12198,88193,268237,356430,372515,280435,120,372754,372754,372514,3330,555,368867,12136,87055,269438,356493,372514,281574,120,368974,372751,372751,372770,960,572019,2280154,97002,2377156,21,21,11,11,10,10,9,9,6,6,5,5,4,4,3,3
128x128x128w34-24-30,372189,372189,371948,3334,441,368412,12172,21070,334931,356001,371948,347103,120,372184,372184,371943,3333,435,368414,12060,21006,335109,356115,371943,347169,120,372183,372183,371942,3332,504,368345,12061,89146,266899,356045,371942,278960,120,372182,372182,371941,3331,498,368351,12116,88458,267538,355996,371941,279654,120,372179,372179,371938,3328,525,368324,12236,88787,267062,355849,371938,279298,120,372178,372178,371937,3327,511,368338,12198,87568,268333,355901,371937,280531,120,372177,372177,371936,3326,513,368336,12184,87730,268183,355913,371936,280367,120,372176,372176,371935,3325,515,368334,12162,87682,268251,355933,371935,280413,120,368414,372173,372173,372192,960,571447,2276306,97189,2373495,16,16,11,11,10,10,9,9,6,6,5,5,4,4,3,3
128x128x128w35-24-26,356589,356589,356349,3366,437,352784,12149,21887,318510,340397,356349,330659,120,356577,356577,356337,3365,427,352783,12172,22386,317987,340373,356337,330159,120,356576,356576,356336,3364,457,352753,12142,22333,318040,340373,356336,330182,120,356575,356575,356335,3363,450,352760,12150,72939,267433,340372,356335,279583,120,356572,356572,356332,3360,444,352766,12062,72527,267939,340466,356332,280001,120,356571,356571,356331,3359,429,352781,12185,72163,268195,340358,356331,280380,120,356570,356570,356330,3358,432,352778,12213,72247,268080,340327,356330,280293,120,356569,356569,356329,3357,633,352577,12258,88878,251203,340081,356329,263461,120,352784,356566,356566,356585,960,445360,2277387,97331,2374718,23,23,11,11,10,10,9,9,6,6,5,5,4,4,3,3
128x128x128w35-24-27,357363,357363,357123,3371,454,353536,12110,22220,318968,341188,357123,331078,120,357360,357360,357120,3370,454,353534,12173,22487,318636,341123,357120,330809,120,357359,357359,357119,3369,483,353505,12157,22679,318431,341110,357119,330588,120,357358,357358,357118,3368,476,353512,12179,73438,267657,341095,357118,279836,120,357355,357355,357115,3365,453,353535,12064,73041,268192,341233,357115,280256,120,357354,357354,357114,3364,455,353533,12188,71708,269399,341107,357114,281587,120,357353,357353,357113,3363,457,353531,12186,72331,268776,341107,357113,280962,120,357352,357352,357112,3362,625,353363,12281,89463,251381,340844,357112,263662,120,353536,357349,357349,357368,960,447367,2281440,97338,2378778,14,14,11,11,10,10,9,9,6,6,5,5,4,4,3,3
128x128x128w35-24-28,356485,356485,356245,3386,420,352677,12180,21751,318508,340259,356245,330688,120,356488,356488,356248,3385,434,352667,12156,22454,317819,340273,356248,329975,120,356487,356487,356247,3384,435,352666,12265,22395,317768,340163,356247,330033,120,356486,356486,356246,3383,428,352673,12194,72501,267740,340241,356246,279934,120,356483,356483,356243,3380,429,352672,12305,72556,267573,340129,356243,279878,120,356482,356482,356242,3379,448,352653,12248,71732,268435,340167,356242,280683,120,356481,356481,356241,3378,441,352660,12348,72041,268033,340074,356241,280381,120,356480,356480,356240,3377,588,352513,12307,89094,250874,339968,356240,263181,120,352677,356477,356477,356496,960,444524,2276750,98003,2374753,8,8,11,11,10,10,9,9,6,6,5,5,4,4,3,3
128x128x128w35-24-29,356854,356854,356613,3391,448,353013,12105,21874,318795,340669,356613,330900,120,356851,356851,356610,3390,448,353011,12138,22456,318178,340634,356610,330316,120,356850,356850,356609,3389,450,353009,12250,22576,317944,340520,356609,330194,120,356849,356849,356608,3388,444,353015,12233,72721,267822,340543,356608,280055,120,356846,356846,356605,3385,443,353016,12338,72466,267973,340439,356605,280311,120,356845,356845,356604,3384,462,352997,12196,71102,269460,340562,356604,281656,120,356844,356844,356603,3383,455,353004,12307,71353,269105,340458,356603,281412,120,356843,356843,356602,3382,572,352887,12235,89297,251116,340413,356602,263351,120,353016,356840,356840,356859,960,443845,2280393,97802,2378195,14,14,11,11,10,10,9,9,6,6,5,5,4,4,3,3
128x128x128w36-24-26,355413,355413,355172,3355,439,351617,12243,21505,317630,339135,355172,329873,120,355398,355398,355157,3354,424,351618,12006,21591,317782,339373,355157,329788,120,355398,355398,355157,3353,424,351619,12271,21528,317581,339109,355157,329852,120,355398,355398,355157,3352,423,351621,12084,20571,318727,339298,355157,330811,120,355396,355396,355155,3349,615,351430,12351,89101,249739,338840,355155,262090,120,355396,355396,355156,3348,622,351424,12256,87614,251316,338930,355156,263572,120,355396,355396,355156,3347,637,351410,12366,88531,250275,338806,355156,262641,120,355388,355388,355147,3346,635,351405,12225,87923,251018,338941,355147,263243,120,351621,355386,355386,355405,960,438364,2274068,97802,2371870,27,27,12,12,12,12,12,12,10,10,10,10,10,10,2,2
128x128x128w36-24-27,355534,355534,355293,3363,441,351728,12090,21798,317601,339399,355293,329691,120,355519,355519,355278,3362,425,351730,12126,21410,317955,339365,355278,330081,120,355519,355519,355278,3361,425,351731,12174,21590,317728,339318,355278,329902,120,355519,355519,355278,3360,422,351735,12232,20409,318855,339264,355278,331087,120,355517,355517,355276,3357,581,351577,12295,89632,249411,339043,355276,261706,120,355517,355517,355276,3356,588,351571,12240,88100,250992,339092,355276,263232,120,355517,355517,355276,3355,603,351557,12163,88506,250649,339155,355276,262812,120,355509,355509,355268,3354,602,351551,12109,88667,250536,339203,355268,262645,120,351735,355507,355507,355526,960,440112,2273727,97429,2371156,27,27,12,12,12,12,12,12,10,10,10,10,10,10,2,2
128x128x128w36-24-28,356164,356164,355923,3377,440,352345,12077,21609,318420,340029,355923,330497,120,356149,356149,355908,3376,428,352343,11995,22060,318049,340109,355908,330044,120,356149,356149,355908,3375,424,352348,12150,22080,317879,339959,355908,330029,120,356149,356149,355908,3374,438,352335,12095,20611,319390,340001,355908,331485,120,356147,356147,355906,3371,575,352199,12239,89230,250491,339721,355906,262730,120,356147,356147,355907,3370,584,352191,12087,88641,251225,339866,355907,263312,120,356147,356147,355907,3369,571,352205,12276,88743,250948,339691,355907,263224,120,356139,356139,355898,3368,565,352204,12267,88860,250838,339698,355898,263105,120,352348,356137,356137,356156,960,441834,2277240,97186,2374426,27,27,12,12,12,12,12,12,10,10,10,10,10,10,2,2
128x128x128w37-24-26,357187,357187,356947,3395,428,353362,12164,22784,318176,340960,356947,330340,120,357188,357188,356948,3394,628,353164,12233,39592,301101,340693,356948,313334,120,357187,357187,356947,3393,652,353140,12230,39858,300814,340672,356947,313044,120,357186,357186,356946,3392,647,353145,12124,39290,301493,340783,356946,313617,120,357183,357183,356943,3389,640,353152,12159,38463,302292,340755,356943,314451,120,357182,357182,356942,3388,632,353160,12181,89571,251170,340741,356942,263351,120,357181,357181,356941,3387,633,353159,12221,89453,251247,340700,356941,263468,120,357180,357180,356940,3386,624,353168,12237,89382,251311,340693,356940,263548,120,353362,357177,357177,357196,960,448393,2277604,97549,2375153,10,10,11,11,10,10,9,9,6,6,5,5,4,4,3,3
128x128x128w37-24-27,357371,357371,357130,3396,427,353546,12084,22451,318772,341223,357130,330856,120,357368,357368,357127,3395,595,353376,12159,39665,301313,340978,357127,313472,120,357367,357367,357126,3394,613,353358,12182,39922,301015,340937,357126,313197,120,357366,357366,357126,3393,610,353361,12101,38811,302211,341022,357126,314312,120,357363,357363,357123,3390,603,353368,12163,38463,302504,340967,357123,314667,120,357362,357362,357122,3389,598,353373,12159,89530,251446,340976,357122,263605,120,357361,357361,357121,3388,597,353374,12219,89698,251219,340917,357121,263438,120,357360,357360,357119,3387,596,353375,12253,89605,251278,340883,357119,263531,120,353546,357357,357357,357376,960,448145,2279758,97320,2377078,14,14,11,11,10,10,9,9,6,6,5,5,4,4,3,3
128x128x128w38-24-26,340089,340089,339848,3389,416,336282,12107,23107,300829,323936,339848,312936,120,340083,340083,339842,3388,408,336285,12127,23707,300212,323919,339842,312339,120,340083,340083,339842,3387,410,336284,12217,23367,300461,323828,339842,312678,120,340083,340083,339842,3386,405,336290,12295,22017,301739,323756,339842,314034,120,340081,340081,339840,3383,403,336293,12374,22342,301338,323680,339840,313712,120,340081,340081,339841,3382,419,336278,12336,20839,302865,323704,339841,315201,120,340081,340081,339841,3381,618,336080,12159,90282,233401,323683,339841,245560,120,340073,340073,339832,3380,618,336073,12248,90960,232626,323586,339832,244874,120,336293,340071,340071,340090,960,316621,2273471,97863,2371334,18,18,12,12,12,12,12,12,10,10,10,10,10,10,2,2
128x128x128w39-24-26,340665,340665,340424,3426,411,336826,12217,22970,301400,324370,340424,313617,120,340662,340662,340421,3425,403,336832,12191,23439,300963,324402,340421,313154,120,340661,340661,340420,3424,401,336834,12181,23566,300848,324414,340420,313029,120,340660,340660,340419,3423,600,336635,12094,39898,284404,324302,340419,296498,120,340657,340657,340416,3420,598,336637,12195,39177,285026,324203,340416,297221,120,340656,340656,340415,3419,593,336642,12191,38849,285363,324212,340415,297554,120,340655,340655,340414,3418,605,336630,12254,38653,285484,324137,340414,297738,120,340654,340654,340413,3417,622,336613,12274,90648,233452,324100,340413,245726,120,336834,340651,340651,340670,960,317200,2276940,97597,2374537,14,14,11,11,10,10,9,9,6,6,5,5,4,4,3,3
128x128x128w42-24-22,381642,381642,381353,3382,403,377855,14176,26001,337391,363392,381353,351567,144,381633,381633,381344,3381,390,377860,14112,25827,337634,363461,381344,351746,144,381632,381632,381415,3380,27705,350545,10888,71732,267710,339442,381415,278598,108,381631,381631,381414,3379,27710,350540,10979,70208,269138,339346,381414,280117,108,381628,381628,381411,3376,27736,350514,11036,70785,268478,339263,381411,279514,108,381627,381627,381410,3375,27708,350542,11044,69524,269759,339283,381410,280803,108,381626,381626,381409,3374,27698,350552,10954,69493,269890,339383,381409,280844,108,381625,381625,381408,3373,27731,350519,10913,69555,269836,339391,381408,280749,108,377860,381622,381622,381641,936,473125,2289836,94102,2383938,20,20,11,11,10,10,9,9,6,6,5,5,4,4,3,3
128x128x128w42-24-23,382484,382484,382195,3395,379,378708,14149,26289,337983,364272,382195,352132,144,382488,382488,382199,3394,379,378713,14103,26099,338224,364323,382199,352327,144,382487,382487,382270,3393,27771,351321,10809,72695,267602,340297,382270,278411,108,382486,382486,382269,3392,27759,351333,10822,70620,269676,340296,382269,280498,108,382483,382483,382266,3389,27793,351299,11144,70796,269144,339940,382266,280288,108,382482,382482,382265,3388,27769,351323,11098,69577,270433,340010,382265,281531,108,382481,382481,382264,3387,27775,351317,11095,70256,269751,340007,382264,280846,108,382480,382480,382263,3386,27766,351326,11041,69758,270312,340070,382263,281353,108,378713,382477,382477,382496,936,476090,2293125,94261,2387386,7,7,11,11,10,10,9,9,6,6,5,5,4,4,3,3
128x128x128w42-24-24,382178,382178,381889,3408,397,378371,14047,26537,337500,364037,381889,351547,144,382163,382163,381874,3407,391,378363,13973,26712,337391,364103,381874,351364,144,382163,382163,381946,3406,27788,350967,10778,72516,267458,339974,381946,278236,108,382163,382163,381946,3405,27783,350973,10904,71223,268631,339854,381946,279535,108,382161,382161,381944,3402,27774,350983,10919,71556,268293,339849,381944,279212,108,382161,382161,381944,3401,27784,350974,10704,70610,269445,340055,381944,280149,108,382161,382161,381944,3400,27782,350977,10924,70127,269711,339838,381944,280635,108,382161,382161,381944,3399,27804,350956,10845,71174,268722,339896,381944,279567,108,378371,382151,382151,382170,936,480455,2287151,93094,2380245,27,27,12,12,12,12,12,12,10,10,10,10,10,10,10,10
128x128x128w64-16-16,324587,324587,324330,3167,570,320848,12569,16826,291198,308024,324330,303767,128,324574,324574,324317,3166,585,320821,12574,16869,291123,307992,324317,303697,128,324574,324574,324318,3165,585,320822,12903,15646,292019,307665,324318,304922,128,324574,324574,324318,3164,558,320850,13122,15185,292289,307474,324318,305411,128,324572,324572,324316,3161,555,320854,13178,14313,293109,307422,324316,306287,128,324572,324572,324315,3160,532,320878,12916,15208,292499,307707,324315,305415,128,324572,324572,324315,3159,550,320861,12674,13206,294726,307932,324315,307400,128,324564,324564,324307,3158,540,320864,12735,14570,293304,307874,324307,306039,128,320878,324562,324562,324581,1024,121823,2340267,102671,2442938,25,25,12,12,12,12,12,12,10,10,10,10,10,10,2,2
