FakeNN JSON Name,M,N,K,m,n,k,JSON Name,remainderTiles,Space Remaining,tileC,tileB_cc,tileA_cc,Reduction Dim,tileB,m Dim,Row Dim,Space Needed in L1,tileA,tileC_cc,Weight Matrix Tile Size,SSR Config Count
128x768x768w32-32-32,128,768,768,32,32,32,32-32-32,000,65536,8192,8192,1024,32,8192,32,32,49152,8192,1024,16384,18432
128x768x768w32-32-31,128,768,768,32,32,31,32-32-31,00K,66560,8192,7936,992,31,7936,32,32,48128,7936,1024,15872,19200
128x768x768w32-32-30,128,768,768,32,32,30,32-32-30,00K,67584,8192,7680,960,30,7680,32,32,47104,7680,1024,15360,19968
128x768x768w31-32-32,128,768,768,31,32,32,31-32-32,M00,66560,7936,8192,768,32,8192,31,32,48128,7936,768,16384,20736
128x768x768w32-32-29,128,768,768,32,32,29,32-32-29,00K,68608,8192,7424,928,29,7424,32,32,46080,7424,1024,14848,20736
128x768x768w32-32-28,128,768,768,32,32,28,32-32-28,00K,69632,8192,7168,896,28,7168,32,32,45056,7168,1024,14336,21504
128x768x768w31-32-31,128,768,768,31,32,31,31-32-31,M0K,67568,7936,7936,744,31,7936,31,32,47120,7688,768,15872,21600
128x768x768w32-32-27,128,768,768,32,32,27,32-32-27,00K,70656,8192,6912,864,27,6912,32,32,44032,6912,1024,13824,22272
128x768x768w31-32-30,128,768,768,31,32,30,31-32-30,M0K,68576,7936,7680,720,30,7680,31,32,46112,7440,768,15360,22464
128x768x768w29-32-32,128,768,768,29,32,32,29-32-32,M00,68608,7424,8192,768,32,8192,29,32,46080,7424,768,16384,23040
128x768x768w27-32-32,128,768,768,27,32,32,27-32-32,M00,70656,6912,8192,768,32,8192,27,32,44032,6912,768,16384,23040
128x768x768w26-32-32,128,768,768,26,32,32,26-32-32,M00,71680,6656,8192,768,32,8192,26,32,43008,6656,768,16384,23040
128x768x768w30-32-32,128,768,768,30,32,32,30-32-32,M00,67584,7680,8192,768,32,8192,30,32,47104,7680,768,16384,23040
128x768x768w32-32-26,128,768,768,32,32,26,32-32-26,00K,71680,8192,6656,832,26,6656,32,32,43008,6656,1024,13312,23040
128x768x768w28-32-32,128,768,768,28,32,32,28-32-32,M00,69632,7168,8192,768,32,8192,28,32,45056,7168,768,16384,23040
128x768x768w31-32-29,128,768,768,31,32,29,31-32-29,M0K,69584,7936,7424,696,29,7424,31,32,45104,7192,768,14848,23328
128x768x768w32-32-25,128,768,768,32,32,25,32-32-25,00K,72704,8192,6400,800,25,6400,32,32,41984,6400,1024,12800,23808
128x768x768w26-32-31,128,768,768,26,32,31,26-32-31,M0K,72608,6656,7936,744,31,7936,26,32,42080,6448,768,15872,24000
128x768x768w28-32-31,128,768,768,28,32,31,28-32-31,M0K,70592,7168,7936,744,31,7936,28,32,44096,6944,768,15872,24000
128x768x768w29-32-31,128,768,768,29,32,31,29-32-31,M0K,69584,7424,7936,744,31,7936,29,32,45104,7192,768,15872,24000
128x768x768w30-32-31,128,768,768,30,32,31,30-32-31,M0K,68576,7680,7936,744,31,7936,30,32,46112,7440,768,15872,24000
128x768x768w27-32-31,128,768,768,27,32,31,27-32-31,M0K,71600,6912,7936,744,31,7936,27,32,43088,6696,768,15872,24000
128x768x768w31-32-28,128,768,768,31,32,28,31-32-28,M0K,70592,7936,7168,672,28,7168,31,32,44096,6944,768,14336,24192
128x768x768w32-24-32,128,768,768,32,24,32,32-24-32,000,73728,6144,6144,1024,32,6144,32,24,40960,8192,768,12288,24576
128x768x768w32-32-24,128,768,768,32,32,24,32-32-24,000,73728,8192,6144,768,24,6144,32,32,40960,6144,1024,12288,24576
128x768x768w25-32-32,128,768,768,25,32,32,25-32-32,M00,72704,6400,8192,768,32,8192,25,32,41984,6400,768,16384,24768
128x768x768w30-32-30,128,768,768,30,32,30,30-32-30,M0K,69568,7680,7680,720,30,7680,30,32,45120,7200,768,15360,24960
128x768x768w27-32-30,128,768,768,27,32,30,27-32-30,M0K,72544,6912,7680,720,30,7680,27,32,42144,6480,768,15360,24960
128x768x768w28-32-30,128,768,768,28,32,30,28-32-30,M0K,71552,7168,7680,720,30,7680,28,32,43136,6720,768,15360,24960
128x768x768w29-32-30,128,768,768,29,32,30,29-32-30,M0K,70560,7424,7680,720,30,7680,29,32,44128,6960,768,15360,24960
128x768x768w26-32-30,128,768,768,26,32,30,26-32-30,M0K,73536,6656,7680,720,30,7680,26,32,41152,6240,768,15360,24960
128x768x768w31-32-27,128,768,768,31,32,27,31-32-27,M0K,71600,7936,6912,648,27,6912,31,32,43088,6696,768,13824,25056
128x768x768w32-24-31,128,768,768,32,24,31,32-24-31,00K,74624,6144,5952,992,31,5952,32,24,40064,7936,768,11904,25600
128x768x768w26-24-39,128,768,768,26,24,39,26-24-39,M0K,73504,4992,7488,936,39,7488,26,24,41184,8112,576,14976,25600
128x768x768w33-24-31,128,768,768,33,24,31,33-24-31,M0K,73744,6336,5952,992,31,5952,33,24,40944,8184,768,11904,25600
128x768x768w25-32-31,128,768,768,25,32,31,25-32-31,M0K,73616,6400,7936,744,31,7936,25,32,41072,6200,768,15872,25800
128x768x768w28-32-29,128,768,768,28,32,29,28-32-29,M0K,72512,7168,7424,696,29,7424,28,32,42176,6496,768,14848,25920
128x768x768w30-32-29,128,768,768,30,32,29,30-32-29,M0K,70560,7680,7424,696,29,7424,30,32,44128,6960,768,14848,25920
128x768x768w26-32-29,128,768,768,26,32,29,26-32-29,M0K,74464,6656,7424,696,29,7424,26,32,40224,6032,768,14848,25920
128x768x768w31-32-26,128,768,768,31,32,26,31-32-26,M0K,72608,7936,6656,624,26,6656,31,32,42080,6448,768,13312,25920
128x768x768w27-32-29,128,768,768,27,32,29,27-32-29,M0K,73488,6912,7424,696,29,7424,27,32,41200,6264,768,14848,25920
128x768x768w29-32-29,128,768,768,29,32,29,29-32-29,M0K,71536,7424,7424,696,29,7424,29,32,43152,6728,768,14848,25920
128x768x768w32-32-23,128,768,768,32,32,23,32-32-23,00K,74752,8192,5888,736,23,5888,32,32,39936,5888,1024,11776,26112
128x768x768w42-24-24,128,768,768,42,24,24,42-24-24,M00,73216,8064,4608,960,24,4608,42,24,41472,8064,960,9216,26624
128x768x768w33-24-30,128,768,768,33,24,30,33-24-30,M0K,74656,6336,5760,960,30,5760,33,24,40032,7920,768,11520,26624
128x768x768w34-24-30,128,768,768,34,24,30,34-24-30,M0K,73792,6528,5760,960,30,5760,34,24,40896,8160,768,11520,26624
128x768x768w32-24-30,128,768,768,32,24,30,32-24-30,00K,75520,6144,5760,960,30,5760,32,24,39168,7680,768,11520,26624
128x768x768w25-40-25,128,768,768,25,40,25,25-40-25,MNK,72688,8000,8000,600,25,8000,25,40,42000,5000,960,16000,26660
128x768x768w31-32-25,128,768,768,31,32,25,31-32-25,M0K,73616,7936,6400,600,25,6400,31,32,41072,6200,768,12800,26784
128x768x768w25-32-30,128,768,768,25,32,30,25-32-30,M0K,74528,6400,7680,720,30,7680,25,32,40160,6000,768,15360,26832
128x768x768w26-24-37,128,768,768,26,24,37,26-24-37,M0K,75104,4992,7104,888,37,7104,26,24,39584,7696,576,14208,26880
128x768x768w28-32-28,128,768,768,28,32,28,28-32-28,M0K,73472,7168,7168,672,28,7168,28,32,41216,6272,768,14336,26880
128x768x768w26-32-28,128,768,768,26,32,28,26-32-28,M0K,75392,6656,7168,672,28,7168,26,32,39296,5824,768,14336,26880
128x768x768w27-32-28,128,768,768,27,32,28,27-32-28,M0K,74432,6912,7168,672,28,7168,27,32,40256,6048,768,14336,26880
128x768x768w30-32-28,128,768,768,30,32,28,30-32-28,M0K,71552,7680,7168,672,28,7168,30,32,43136,6720,768,14336,26880
128x768x768w32-32-22,128,768,768,32,32,22,32-32-22,00K,75776,8192,5632,704,22,5632,32,32,38912,5632,1024,11264,26880
128x768x768w26-24-38,128,768,768,26,24,38,26-24-38,M0K,74304,4992,7296,912,38,7296,26,24,40384,7904,576,14592,26880
128x768x768w29-32-28,128,768,768,29,32,28,29-32-28,M0K,72512,7424,7168,672,28,7168,29,32,42176,6496,768,14336,26880
128x768x768w27-24-37,128,768,768,27,24,37,27-24-37,M0K,74128,5184,7104,888,37,7104,27,24,40560,7992,576,14208,26880
128x768x768w25-40-24,128,768,768,25,40,24,25-40-24,MN0,73728,8000,7680,576,24,7680,25,40,40960,4800,960,15360,27520
128x768x768w25-24-40,128,768,768,25,24,40,25-24-40,M0K,73728,4800,7680,960,40,7680,25,24,40960,8000,576,15360,27520
128x768x768w25-24-39,128,768,768,25,24,39,25-24-39,M0K,74512,4800,7488,936,39,7488,25,24,40176,7800,576,14976,27520
128x768x768w31-32-24,128,768,768,31,32,24,31-32-24,M00,74624,7936,6144,576,24,6144,31,32,40064,5952,768,12288,27648
128x768x768w31-24-33,128,768,768,31,24,33,31-24-33,M0K,73744,5952,6336,792,33,6336,31,24,40944,8184,576,12672,27648
128x768x768w32-24-29,128,768,768,32,24,29,32-24-29,00K,76416,6144,5568,928,29,5568,32,24,38272,7424,768,11136,27648
128x768x768w35-24-29,128,768,768,35,24,29,35-24-29,M0K,73872,6720,5568,928,29,5568,35,24,40816,8120,768,11136,27648
128x768x768w33-24-29,128,768,768,33,24,29,33-24-29,M0K,75568,6336,5568,928,29,5568,33,24,39120,7656,768,11136,27648
128x768x768w31-24-32,128,768,768,31,24,32,31-24-32,M00,74624,5952,6144,768,32,6144,31,24,40064,7936,576,12288,27648
128x768x768w34-24-29,128,768,768,34,24,29,34-24-29,M0K,74720,6528,5568,928,29,5568,34,24,39968,7888,768,11136,27648
128x768x768w23-32-32,128,768,768,23,32,32,23-32-32,M00,74752,5888,8192,512,32,8192,23,32,39936,5888,512,16384,27648
128x768x768w22-32-32,128,768,768,22,32,32,22-32-32,M00,75776,5632,8192,512,32,8192,22,32,38912,5632,512,16384,27648
128x768x768w24-32-32,128,768,768,24,32,32,24-32-32,M00,73728,6144,8192,768,32,8192,24,32,40960,6144,768,16384,27648
128x768x768w30-32-27,128,768,768,30,32,27,30-32-27,M0K,72544,7680,6912,648,27,6912,30,32,42144,6480,768,13824,27840
128x768x768w29-32-27,128,768,768,29,32,27,29-32-27,M0K,73488,7424,6912,648,27,6912,29,32,41200,6264,768,13824,27840
128x768x768w26-32-27,128,768,768,26,32,27,26-32-27,M0K,76320,6656,6912,648,27,6912,26,32,38368,5616,768,13824,27840
128x768x768w28-32-27,128,768,768,28,32,27,28-32-27,M0K,74432,7168,6912,648,27,6912,28,32,40256,6048,768,13824,27840
128x768x768w27-32-27,128,768,768,27,32,27,27-32-27,M0K,75376,6912,6912,648,27,6912,27,32,39312,5832,768,13824,27840
128x768x768w25-32-29,128,768,768,25,32,29,25-32-29,M0K,75440,6400,7424,696,29,7424,25,32,39248,5800,768,14848,27864
128x768x768w26-24-35,128,768,768,26,24,35,26-24-35,M0K,76704,4992,6720,840,35,6720,26,24,37984,7280,576,13440,28160
128x768x768w28-24-36,128,768,768,28,24,36,28-24-36,M0K,73984,5376,6912,864,36,6912,28,24,40704,8064,576,13824,28160
128x768x768w29-24-35,128,768,768,29,24,35,29-24-35,M0K,73872,5568,6720,840,35,6720,29,24,40816,8120,576,13440,28160
128x768x768w27-24-35,128,768,768,27,24,35,27-24-35,M0K,75760,5184,6720,840,35,6720,27,24,38928,7560,576,13440,28160
128x768x768w28-24-35,128,768,768,28,24,35,28-24-35,M0K,74816,5376,6720,840,35,6720,28,24,39872,7840,576,13440,28160
128x768x768w26-24-36,128,768,768,26,24,36,26-24-36,M0K,75904,4992,6912,864,36,6912,26,24,38784,7488,576,13824,28160
128x768x768w27-24-36,128,768,768,27,24,36,27-24-36,M0K,74944,5184,6912,864,36,6912,27,24,39744,7776,576,13824,28160
128x768x768w42-24-23,128,768,768,42,24,23,42-24-23,M0K,74272,8064,4416,920,23,4416,42,24,40416,7728,960,8832,28288
128x768x768w32-32-21,128,768,768,32,32,21,32-32-21,00K,76800,8192,5376,672,21,5376,32,32,37888,5376,1024,10752,28416
128x768x768w35-24-28,128,768,768,35,24,28,35-24-28,M0K,74816,6720,5376,896,28,5376,35,24,39872,7840,768,10752,28672
128x768x768w33-24-28,128,768,768,33,24,28,33-24-28,M0K,76480,6336,5376,896,28,5376,33,24,38208,7392,768,10752,28672
128x768x768w32-24-28,128,768,768,32,24,28,32-24-28,00K,77312,6144,5376,896,28,5376,32,24,37376,7168,768,10752,28672
128x768x768w34-24-28,128,768,768,34,24,28,34-24-28,M0K,75648,6528,5376,896,28,5376,34,24,39040,7616,768,10752,28672
128x768x768w36-24-28,128,768,768,36,24,28,36-24-28,M0K,73984,6912,5376,896,28,5376,36,24,40704,8064,768,10752,28672
128x768x768w28-32-26,128,768,768,28,32,26,28-32-26,M0K,75392,7168,6656,624,26,6656,28,32,39296,5824,768,13312,28800
128x768x768w22-32-31,128,768,768,22,32,31,22-32-31,M0K,76640,5632,7936,496,31,7936,22,32,38048,5456,512,15872,28800
128x768x768w30-32-26,128,768,768,30,32,26,30-32-26,M0K,73536,7680,6656,624,26,6656,30,32,41152,6240,768,13312,28800
128x768x768w29-32-26,128,768,768,29,32,26,29-32-26,M0K,74464,7424,6656,624,26,6656,29,32,40224,6032,768,13312,28800
128x768x768w21-32-32,128,768,768,21,32,32,21-32-32,M00,76800,5376,8192,512,32,8192,21,32,37888,5376,512,16384,28800
128x768x768w26-32-26,128,768,768,26,32,26,26-32-26,M0K,77248,6656,6656,624,26,6656,26,32,37440,5408,768,13312,28800
128x768x768w23-32-31,128,768,768,23,32,31,23-32-31,M0K,75632,5888,7936,496,31,7936,23,32,39056,5704,512,15872,28800
128x768x768w27-32-26,128,768,768,27,32,26,27-32-26,M0K,76320,6912,6656,624,26,6656,27,32,38368,5616,768,13312,28800
128x768x768w31-24-31,128,768,768,31,24,31,31-24-31,M0K,75504,5952,5952,744,31,5952,31,24,39184,7688,576,11904,28800
128x768x768w24-32-31,128,768,768,24,32,31,24-32-31,M0K,74624,6144,7936,744,31,7936,24,32,40064,5952,768,15872,28800
128x768x768w25-24-38,128,768,768,25,24,38,25-24-38,M0K,75296,4800,7296,912,38,7296,25,24,39392,7600,576,14592,28896
128x768x768w25-32-28,128,768,768,25,32,28,25-32-28,M0K,76352,6400,7168,672,28,7168,25,32,38336,5600,768,14336,28896
128x768x768w25-24-37,128,768,768,25,24,37,25-24-37,M0K,76080,4800,7104,888,37,7104,25,24,38608,7400,576,14208,28896
128x768x768w42-24-22,128,768,768,42,24,22,42-24-22,M0K,75328,8064,4224,880,22,4224,42,24,39360,7392,960,8448,29120
128x768x768w22-24-42,128,768,768,22,24,42,22-24-42,M0K,75328,4224,8064,672,42,8064,22,24,39360,7392,384,16128,29184
128x768x768w24-24-42,128,768,768,24,24,42,24-24-42,M0K,73216,4608,8064,1008,42,8064,24,24,41472,8064,576,16128,29184
128x768x768w22-24-41,128,768,768,22,24,41,22-24-41,M0K,76064,4224,7872,656,41,7872,22,24,38624,7216,384,15744,29184
128x768x768w23-24-42,128,768,768,23,24,42,23-24-42,M0K,74272,4416,8064,672,42,8064,23,24,40416,7728,384,16128,29184
128x768x768w24-24-41,128,768,768,24,24,41,24-24-41,M0K,73984,4608,7872,984,41,7872,24,24,40704,7872,576,15744,29184
128x768x768w23-24-41,128,768,768,23,24,41,23-24-41,M0K,75024,4416,7872,656,41,7872,23,24,39664,7544,384,15744,29184
128x768x768w25-40-23,128,768,768,25,40,23,25-40-23,MNK,74768,8000,7360,552,23,7360,25,40,39920,4600,960,14720,29240
128x768x768w31-32-23,128,768,768,31,32,23,31-32-23,M0K,75632,7936,5888,552,23,5888,31,32,39056,5704,768,11776,29376
128x768x768w27-24-34,128,768,768,27,24,34,27-24-34,M0K,76576,5184,6528,816,34,6528,27,24,38112,7344,576,13056,29440
128x768x768w29-24-34,128,768,768,29,24,34,29-24-34,M0K,74720,5568,6528,816,34,6528,29,24,39968,7888,576,13056,29440
128x768x768w26-24-34,128,768,768,26,24,34,26-24-34,M0K,77504,4992,6528,816,34,6528,26,24,37184,7072,576,13056,29440
128x768x768w30-24-34,128,768,768,30,24,34,30-24-34,M0K,73792,5760,6528,816,34,6528,30,24,40896,8160,576,13056,29440
128x768x768w28-24-34,128,768,768,28,24,34,28-24-34,M0K,75648,5376,6528,816,34,6528,28,24,39040,7616,576,13056,29440
128x768x768w21-48-21,128,768,768,21,48,21,21-48-21,M0K,75376,8064,8064,336,21,8064,21,48,39312,3528,768,16128,29600
128x768x768w35-24-27,128,768,768,35,24,27,35-24-27,M0K,75760,6720,5184,864,27,5184,35,24,38928,7560,768,10368,29696
128x768x768w33-24-27,128,768,768,33,24,27,33-24-27,M0K,77392,6336,5184,864,27,5184,33,24,37296,7128,768,10368,29696
128x768x768w36-24-27,128,768,768,36,24,27,36-24-27,M0K,74944,6912,5184,864,27,5184,36,24,39744,7776,768,10368,29696
128x768x768w34-24-27,128,768,768,34,24,27,34-24-27,M0K,76576,6528,5184,864,27,5184,34,24,38112,7344,768,10368,29696
128x768x768w32-24-27,128,768,768,32,24,27,32-24-27,00K,78208,6144,5184,864,27,5184,32,24,36480,6912,768,10368,29696
128x768x768w37-24-27,128,768,768,37,24,27,37-24-27,M0K,74128,7104,5184,864,27,5184,37,24,40560,7992,768,10368,29696
128x768x768w41-24-24,128,768,768,41,24,24,41-24-24,M00,73984,7872,4608,960,24,4608,41,24,40704,7872,960,9216,29696
128x768x768w23-40-25,128,768,768,23,40,25,23-40-25,MNK,74768,7360,8000,400,25,8000,23,40,39920,4600,640,16000,29760
128x768x768w26-32-25,128,768,768,26,32,25,26-32-25,M0K,78176,6656,6400,600,25,6400,26,32,36512,5200,768,12800,29760
128x768x768w28-32-25,128,768,768,28,32,25,28-32-25,M0K,76352,7168,6400,600,25,6400,28,32,38336,5600,768,12800,29760
128x768x768w24-40-25,128,768,768,24,40,25,24-40-25,MNK,73728,7680,8000,600,25,8000,24,40,40960,4800,960,16000,29760
128x768x768w29-32-25,128,768,768,29,32,25,29-32-25,M0K,75440,7424,6400,600,25,6400,29,32,39248,5800,768,12800,29760
128x768x768w27-32-25,128,768,768,27,32,25,27-32-25,M0K,77264,6912,6400,600,25,6400,27,32,37424,5400,768,12800,29760
128x768x768w22-40-25,128,768,768,22,40,25,22-40-25,MNK,75808,7040,8000,400,25,8000,22,40,38880,4400,640,16000,29760
128x768x768w30-32-25,128,768,768,30,32,25,30-32-25,M0K,74528,7680,6400,600,25,6400,30,32,40160,6000,768,12800,29760
128x768x768w25-32-27,128,768,768,25,32,27,25-32-27,M0K,77264,6400,6912,648,27,6912,25,32,37424,5400,768,13824,29928
128x768x768w24-32-30,128,768,768,24,32,30,24-32-30,M0K,75520,6144,7680,720,30,7680,24,32,39168,5760,768,15360,29952
128x768x768w31-24-30,128,768,768,31,24,30,31-24-30,M0K,76384,5952,5760,720,30,5760,31,24,38304,7440,576,11520,29952
128x768x768w32-32-20,128,768,768,32,32,20,32-32-20,00K,77824,8192,5120,640,20,5120,32,32,36864,5120,1024,10240,29952
128x768x768w22-32-30,128,768,768,22,32,30,22-32-30,M0K,77504,5632,7680,480,30,7680,22,32,37184,5280,512,15360,29952
128x768x768w23-32-30,128,768,768,23,32,30,23-32-30,M0K,76512,5888,7680,480,30,7680,23,32,38176,5520,512,15360,29952
128x768x768w21-32-31,128,768,768,21,32,31,21-32-31,M0K,77648,5376,7936,496,31,7936,21,32,37040,5208,512,15872,30000
128x768x768w25-40-22,128,768,768,25,40,22,25-40-22,MNK,75808,8000,7040,528,22,7040,25,40,38880,4400,960,14080,30100
128x768x768w31-32-22,128,768,768,31,32,22,31-32-22,M0K,76640,7936,5632,528,22,5632,31,32,38048,5456,768,11264,30240
128x768x768w25-24-36,128,768,768,25,24,36,25-24-36,M0K,76864,4800,6912,864,36,6912,25,24,37824,7200,576,13824,30272
128x768x768w25-24-35,128,768,768,25,24,35,25-24-35,M0K,77648,4800,6720,840,35,6720,25,24,37040,7000,576,13440,30272
128x768x768w21-24-42,128,768,768,21,24,42,21-24-42,M0K,76384,4032,8064,672,42,8064,21,24,38304,7056,384,16128,30400
128x768x768w21-24-41,128,768,768,21,24,41,21-24-41,M0K,77104,4032,7872,656,41,7872,21,24,37584,6888,384,15744,30400
128x768x768w22-24-40,128,768,768,22,24,40,22-24-40,M0K,76800,4224,7680,640,40,7680,22,24,37888,7040,384,15360,30720
128x768x768w33-24-26,128,768,768,33,24,26,33-24-26,M0K,78304,6336,4992,832,26,4992,33,24,36384,6864,768,9984,30720
128x768x768w23-40-24,128,768,768,23,40,24,23-40-24,MN0,75776,7360,7680,384,24,7680,23,40,38912,4416,640,15360,30720
128x768x768w35-24-26,128,768,768,35,24,26,35-24-26,M0K,76704,6720,4992,832,26,4992,35,24,37984,7280,768,9984,30720
128x768x768w26-24-33,128,768,768,26,24,33,26-24-33,M0K,78304,4992,6336,792,33,6336,26,24,36384,6864,576,12672,30720
128x768x768w30-24-33,128,768,768,30,24,33,30-24-33,M0K,74656,5760,6336,792,33,6336,30,24,40032,7920,576,12672,30720
128x768x768w24-24-39,128,768,768,24,24,39,24-24-39,M0K,75520,4608,7488,936,39,7488,24,24,39168,7488,576,14976,30720
128x768x768w38-24-26,128,768,768,38,24,26,38-24-26,M0K,74304,7296,4992,832,26,4992,38,24,40384,7904,768,9984,30720
128x768x768w24-24-40,128,768,768,24,24,40,24-24-40,M0K,74752,4608,7680,960,40,7680,24,24,39936,7680,576,15360,30720
128x768x768w28-24-33,128,768,768,28,24,33,28-24-33,M0K,76480,5376,6336,792,33,6336,28,24,38208,7392,576,12672,30720
128x768x768w26-32-24,128,768,768,26,32,24,26-32-24,M00,79104,6656,6144,576,24,6144,26,32,35584,4992,768,12288,30720
128x768x768w23-24-39,128,768,768,23,24,39,23-24-39,M0K,76528,4416,7488,624,39,7488,23,24,38160,7176,384,14976,30720
128x768x768w32-24-26,128,768,768,32,24,26,32-24-26,00K,79104,6144,4992,832,26,4992,32,24,35584,6656,768,9984,30720
128x768x768w29-32-24,128,768,768,29,32,24,29-32-24,M00,76416,7424,6144,576,24,6144,29,32,38272,5568,768,12288,30720
128x768x768w22-40-24,128,768,768,22,40,24,22-40-24,MN0,76800,7040,7680,384,24,7680,22,40,37888,4224,640,15360,30720
128x768x768w27-32-24,128,768,768,27,32,24,27-32-24,M00,78208,6912,6144,576,24,6144,27,32,36480,5184,768,12288,30720
128x768x768w29-24-32,128,768,768,29,24,32,29-24-32,M00,76416,5568,6144,768,32,6144,29,24,38272,7424,576,12288,30720
128x768x768w24-40-24,128,768,768,24,40,24,24-40-24,MN0,74752,7680,7680,576,24,7680,24,40,39936,4608,960,15360,30720
128x768x768w37-24-26,128,768,768,37,24,26,37-24-26,M0K,75104,7104,4992,832,26,4992,37,24,39584,7696,768,9984,30720
128x768x768w30-32-24,128,768,768,30,32,24,30-32-24,M00,75520,7680,6144,576,24,6144,30,32,39168,5760,768,12288,30720
128x768x768w22-24-39,128,768,768,22,24,39,22-24-39,M0K,77536,4224,7488,624,39,7488,22,24,37152,6864,384,14976,30720
128x768x768w36-24-26,128,768,768,36,24,26,36-24-26,M0K,75904,6912,4992,832,26,4992,36,24,38784,7488,768,9984,30720
128x768x768w26-24-32,128,768,768,26,24,32,26-24-32,M00,79104,4992,6144,768,32,6144,26,24,35584,6656,576,12288,30720
128x768x768w39-24-26,128,768,768,39,24,26,39-24-26,M0K,73504,7488,4992,832,26,4992,39,24,41184,8112,768,9984,30720
128x768x768w34-24-26,128,768,768,34,24,26,34-24-26,M0K,77504,6528,4992,832,26,4992,34,24,37184,7072,768,9984,30720
128x768x768w30-24-32,128,768,768,30,24,32,30-24-32,M00,75520,5760,6144,768,32,6144,30,24,39168,7680,576,12288,30720
128x768x768w23-24-40,128,768,768,23,24,40,23-24-40,M0K,75776,4416,7680,640,40,7680,23,24,38912,7360,384,15360,30720
128x768x768w28-24-32,128,768,768,28,24,32,28-24-32,M00,77312,5376,6144,768,32,6144,28,24,37376,7168,576,12288,30720
128x768x768w29-24-33,128,768,768,29,24,33,29-24-33,M0K,75568,5568,6336,792,33,6336,29,24,39120,7656,576,12672,30720
128x768x768w27-24-33,128,768,768,27,24,33,27-24-33,M0K,77392,5184,6336,792,33,6336,27,24,37296,7128,576,12672,30720
128x768x768w27-24-32,128,768,768,27,24,32,27-24-32,M00,78208,5184,6144,768,32,6144,27,24,36480,6912,576,12288,30720
128x768x768w28-32-24,128,768,768,28,32,24,28-32-24,M00,77312,7168,6144,576,24,6144,28,32,37376,5376,768,12288,30720
128x768x768w42-24-21,128,768,768,42,24,21,42-24-21,M0K,76384,8064,4032,840,21,4032,42,24,38304,7056,960,8064,30784
128x768x768w25-32-26,128,768,768,25,32,26,25-32-26,M0K,78176,6400,6656,624,26,6656,25,32,36512,5200,768,13312,30960
128x768x768w21-40-25,128,768,768,21,40,25,21-40-25,MNK,76848,6720,8000,400,25,8000,21,40,37840,4200,640,16000,31000
128x768x768w22-32-29,128,768,768,22,32,29,22-32-29,M0K,78368,5632,7424,464,29,7424,22,32,36320,5104,512,14848,31104
128x768x768w24-32-29,128,768,768,24,32,29,24-32-29,M0K,76416,6144,7424,696,29,7424,24,32,38272,5568,768,14848,31104
128x768x768w23-32-29,128,768,768,23,32,29,23-32-29,M0K,77392,5888,7424,464,29,7424,23,32,37296,5336,512,14848,31104
128x768x768w31-24-29,128,768,768,31,24,29,31-24-29,M0K,77264,5952,5568,696,29,5568,31,24,37424,7192,576,11136,31104
128x768x768w21-48-20,128,768,768,21,48,20,21-48-20,M0K,76480,8064,7680,320,20,7680,21,48,38208,3360,768,15360,31200
128x768x768w21-32-30,128,768,768,21,32,30,21-32-30,M0K,78496,5376,7680,480,30,7680,21,32,36192,5040,512,15360,31200
128x768x768w32-32-19,128,768,768,32,32,19,32-32-19,00K,78848,8192,4864,608,19,4864,32,32,35840,4864,1024,9728,31488
128x768x768w41-24-23,128,768,768,41,24,23,41-24-23,M0K,75024,7872,4416,920,23,4416,41,24,39664,7544,960,8832,31552
128x768x768w25-24-34,128,768,768,25,24,34,25-24-34,M0K,78432,4800,6528,816,34,6528,25,24,36256,6800,576,13056,31648
128x768x768w35-24-25,128,768,768,35,24,25,35-24-25,M0K,77648,6720,4800,800,25,4800,35,24,37040,7000,768,9600,31744
128x768x768w33-24-25,128,768,768,33,24,25,33-24-25,M0K,79216,6336,4800,800,25,4800,33,24,35472,6600,768,9600,31744
128x768x768w38-24-25,128,768,768,38,24,25,38-24-25,M0K,75296,7296,4800,800,25,4800,38,24,39392,7600,768,9600,31744
128x768x768w32-24-25,128,768,768,32,24,25,32-24-25,00K,80000,6144,4800,800,25,4800,32,24,34688,6400,768,9600,31744
128x768x768w39-24-25,128,768,768,39,24,25,39-24-25,M0K,74512,7488,4800,800,25,4800,39,24,40176,7800,768,9600,31744
128x768x768w36-24-25,128,768,768,36,24,25,36-24-25,M0K,76864,6912,4800,800,25,4800,36,24,37824,7200,768,9600,31744
128x768x768w34-24-25,128,768,768,34,24,25,34-24-25,M0K,78432,6528,4800,800,25,4800,34,24,36256,6800,768,9600,31744
128x768x768w40-24-25,128,768,768,40,24,25,40-24-25,M0K,73728,7680,4800,1000,25,4800,40,24,40960,8000,960,9600,31744
128x768x768w37-24-25,128,768,768,37,24,25,37-24-25,M0K,76080,7104,4800,800,25,4800,37,24,38608,7400,768,9600,31744
128x768x768w25-40-21,128,768,768,25,40,21,25-40-21,MNK,76848,8000,6720,504,21,6720,25,40,37840,4200,960,13440,31820
128x768x768w31-32-21,128,768,768,31,32,21,31-32-21,M0K,77648,7936,5376,504,21,5376,31,32,37040,5208,768,10752,31968
128x768x768w25-32-25,128,768,768,25,32,25,25-32-25,M0K,79088,6400,6400,600,25,6400,25,32,35600,5000,768,12800,31992
128x768x768w27-24-31,128,768,768,27,24,31,27-24-31,M0K,79024,5184,5952,744,31,5952,27,24,35664,6696,576,11904,32000
128x768x768w21-40-24,128,768,768,21,40,24,21-40-24,MN0,77824,6720,7680,384,24,7680,21,40,36864,4032,640,15360,32000
128x768x768w21-24-39,128,768,768,21,24,39,21-24-39,M0K,78544,4032,7488,624,39,7488,21,24,36144,6552,384,14976,32000
128x768x768w28-24-31,128,768,768,28,24,31,28-24-31,M0K,78144,5376,5952,744,31,5952,28,24,36544,6944,576,11904,32000
128x768x768w30-24-31,128,768,768,30,24,31,30-24-31,M0K,76384,5760,5952,744,31,5952,30,24,38304,7440,576,11904,32000
128x768x768w21-24-40,128,768,768,21,24,40,21-24-40,M0K,77824,4032,7680,640,40,7680,21,24,36864,6720,384,15360,32000
128x768x768w29-24-31,128,768,768,29,24,31,29-24-31,M0K,77264,5568,5952,744,31,5952,29,24,37424,7192,576,11904,32000
128x768x768w26-24-31,128,768,768,26,24,31,26-24-31,M0K,79904,4992,5952,744,31,5952,26,24,34784,6448,576,11904,32000
128x768x768w20-32-32,128,768,768,20,32,32,20-32-32,M00,77824,5120,8192,512,32,8192,20,32,36864,5120,512,16384,32256
128x768x768w22-24-37,128,768,768,22,24,37,22-24-37,M0K,79008,4224,7104,592,37,7104,22,24,35680,6512,384,14208,32256
128x768x768w23-24-38,128,768,768,23,24,38,23-24-38,M0K,77280,4416,7296,608,38,7296,23,24,37408,6992,384,14592,32256
128x768x768w24-24-37,128,768,768,24,24,37,24-24-37,M0K,77056,4608,7104,888,37,7104,24,24,37632,7104,576,14208,32256
128x768x768w24-24-38,128,768,768,24,24,38,24-24-38,M0K,76288,4608,7296,912,38,7296,24,24,38400,7296,576,14592,32256
128x768x768w23-32-28,128,768,768,23,32,28,23-32-28,M0K,78272,5888,7168,448,28,7168,23,32,36416,5152,512,14336,32256
128x768x768w22-32-28,128,768,768,22,32,28,22-32-28,M0K,79232,5632,7168,448,28,7168,22,32,35456,4928,512,14336,32256
128x768x768w19-32-32,128,768,768,19,32,32,19-32-32,M00,78848,4864,8192,512,32,8192,19,32,35840,4864,512,16384,32256
128x768x768w22-24-38,128,768,768,22,24,38,22-24-38,M0K,78272,4224,7296,608,38,7296,22,24,36416,6688,384,14592,32256
128x768x768w24-32-28,128,768,768,24,32,28,24-32-28,M0K,77312,6144,7168,672,28,7168,24,32,37376,5376,768,14336,32256
128x768x768w31-24-28,128,768,768,31,24,28,31-24-28,M0K,78144,5952,5376,672,28,5376,31,24,36544,6944,576,10752,32256
128x768x768w23-24-37,128,768,768,23,24,37,23-24-37,M0K,78032,4416,7104,592,37,7104,23,24,36656,6808,384,14208,32256
128x768x768w21-32-29,128,768,768,21,32,29,21-32-29,M0K,79344,5376,7424,464,29,7424,21,32,35344,4872,512,14848,32400
128x768x768w42-24-20,128,768,768,42,24,20,42-24-20,M0K,77440,8064,3840,800,20,3840,42,24,37248,6720,960,7680,32448
128x768x768w41-24-22,128,768,768,41,24,22,41-24-22,M0K,76064,7872,4224,880,22,4224,41,24,38624,7216,960,8448,32480
128x768x768w28-32-23,128,768,768,28,32,23,28-32-23,M0K,78272,7168,5888,552,23,5888,28,32,36416,5152,768,11776,32640
128x768x768w22-40-23,128,768,768,22,40,23,22-40-23,MNK,77792,7040,7360,368,23,7360,22,40,36896,4048,640,14720,32640
128x768x768w23-40-23,128,768,768,23,40,23,23-40-23,MNK,76784,7360,7360,368,23,7360,23,40,37904,4232,640,14720,32640
128x768x768w24-40-23,128,768,768,24,40,23,24-40-23,MNK,75776,7680,7360,552,23,7360,24,40,38912,4416,960,14720,32640
128x768x768w27-32-23,128,768,768,27,32,23,27-32-23,M0K,79152,6912,5888,552,23,5888,27,32,35536,4968,768,11776,32640
128x768x768w29-32-23,128,768,768,29,32,23,29-32-23,M0K,77392,7424,5888,552,23,5888,29,32,37296,5336,768,11776,32640
128x768x768w30-32-23,128,768,768,30,32,23,30-32-23,M0K,76512,7680,5888,552,23,5888,30,32,38176,5520,768,11776,32640
128x768x768w26-32-23,128,768,768,26,32,23,26-32-23,M0K,80032,6656,5888,552,23,5888,26,32,34656,4784,768,11776,32640
128x768x768w36-24-24,128,768,768,36,24,24,36-24-24,M00,77824,6912,4608,768,24,4608,36,24,36864,6912,768,9216,32768
128x768x768w35-24-24,128,768,768,35,24,24,35-24-24,M00,78592,6720,4608,768,24,4608,35,24,36096,6720,768,9216,32768
128x768x768w38-24-24,128,768,768,38,24,24,38-24-24,M00,76288,7296,4608,768,24,4608,38,24,38400,7296,768,9216,32768
128x768x768w33-24-24,128,768,768,33,24,24,33-24-24,M00,80128,6336,4608,768,24,4608,33,24,34560,6336,768,9216,32768
128x768x768w39-24-24,128,768,768,39,24,24,39-24-24,M00,75520,7488,4608,768,24,4608,39,24,39168,7488,768,9216,32768
128x768x768w32-24-24,128,768,768,32,24,24,32-24-24,000,80896,6144,4608,768,24,4608,32,24,33792,6144,768,9216,32768
128x768x768w34-24-24,128,768,768,34,24,24,34-24-24,M00,79360,6528,4608,768,24,4608,34,24,35328,6528,768,9216,32768
128x768x768w40-24-24,128,768,768,40,24,24,40-24-24,M00,74752,7680,4608,960,24,4608,40,24,39936,7680,960,9216,32768
128x768x768w37-24-24,128,768,768,37,24,24,37-24-24,M00,77056,7104,4608,768,24,4608,37,24,37632,7104,768,9216,32768
128x768x768w21-48-19,128,768,768,21,48,19,21-48-19,M0K,77584,8064,7296,304,19,7296,21,48,37104,3192,768,14592,32800
128x768x768w25-32-24,128,768,768,25,32,24,25-32-24,M00,80000,6400,6144,576,24,6144,25,32,34688,4800,768,12288,33024
128x768x768w32-32-18,128,768,768,32,32,18,32-32-18,00K,79872,8192,4608,576,18,4608,32,32,34816,4608,1024,9216,33024
128x768x768w25-24-32,128,768,768,25,24,32,25-24-32,M00,80000,4800,6144,768,32,6144,25,24,34688,6400,576,12288,33024
128x768x768w25-24-33,128,768,768,25,24,33,25-24-33,M0K,79216,4800,6336,792,33,6336,25,24,35472,6600,576,12672,33024
128x768x768w20-48-21,128,768,768,20,48,21,20-48-21,M0K,76480,7680,8064,336,21,8064,20,48,38208,3360,768,16128,33152
128x768x768w19-48-21,128,768,768,19,48,21,19-48-21,M0K,77584,7296,8064,336,21,8064,19,48,37104,3192,768,16128,33152
128x768x768w29-24-30,128,768,768,29,24,30,29-24-30,M0K,78112,5568,5760,720,30,5760,29,24,36576,6960,576,11520,33280
128x768x768w30-24-30,128,768,768,30,24,30,30-24-30,M0K,77248,5760,5760,720,30,5760,30,24,37440,7200,576,11520,33280
128x768x768w27-24-30,128,768,768,27,24,30,27-24-30,M0K,79840,5184,5760,720,30,5760,27,24,34848,6480,576,11520,33280
128x768x768w26-24-30,128,768,768,26,24,30,26-24-30,M0K,80704,4992,5760,720,30,5760,26,24,33984,6240,576,11520,33280
128x768x768w28-24-30,128,768,768,28,24,30,28-24-30,M0K,78976,5376,5760,720,30,5760,28,24,35712,6720,576,11520,33280
128x768x768w24-32-27,128,768,768,24,32,27,24-32-27,M0K,78208,6144,6912,648,27,6912,24,32,36480,5184,768,13824,33408
128x768x768w18-32-32,128,768,768,18,32,32,18-32-32,M00,79872,4608,8192,512,32,8192,18,32,34816,4608,512,16384,33408
128x768x768w23-32-27,128,768,768,23,32,27,23-32-27,M0K,79152,5888,6912,432,27,6912,23,32,35536,4968,512,13824,33408
128x768x768w22-32-27,128,768,768,22,32,27,22-32-27,M0K,80096,5632,6912,432,27,6912,22,32,34592,4752,512,13824,33408
128x768x768w31-24-27,128,768,768,31,24,27,31-24-27,M0K,79024,5952,5184,648,27,5184,31,24,35664,6696,576,10368,33408
128x768x768w25-40-20,128,768,768,25,40,20,25-40-20,MNK,77888,8000,6400,480,20,6400,25,40,36800,4000,960,12800,33540
128x768x768w22-40-22,128,768,768,22,40,22,22-40-22,MNK,78784,7040,7040,352,22,7040,22,40,35904,3872,640,14080,33600
128x768x768w27-32-22,128,768,768,27,32,22,27-32-22,M0K,80096,6912,5632,528,22,5632,27,32,34592,4752,768,11264,33600
128x768x768w24-40-22,128,768,768,24,40,22,24-40-22,MNK,76800,7680,7040,528,22,7040,24,40,37888,4224,960,14080,33600
128x768x768w26-32-22,128,768,768,26,32,22,26-32-22,M0K,80960,6656,5632,528,22,5632,26,32,33728,4576,768,11264,33600
128x768x768w21-24-37,128,768,768,21,24,37,21-24-37,M0K,79984,4032,7104,592,37,7104,21,24,34704,6216,384,14208,33600
128x768x768w30-32-22,128,768,768,30,32,22,30-32-22,M0K,77504,7680,5632,528,22,5632,30,32,37184,5280,768,11264,33600
128x768x768w28-32-22,128,768,768,28,32,22,28-32-22,M0K,79232,7168,5632,528,22,5632,28,32,35456,4928,768,11264,33600
128x768x768w21-24-38,128,768,768,21,24,38,21-24-38,M0K,79264,4032,7296,608,38,7296,21,24,35424,6384,384,14592,33600
128x768x768w21-32-28,128,768,768,21,32,28,21-32-28,M0K,80192,5376,7168,448,28,7168,21,32,34496,4704,512,14336,33600
128x768x768w20-32-31,128,768,768,20,32,31,20-32-31,M0K,78656,5120,7936,496,31,7936,20,32,36032,4960,512,15872,33600
128x768x768w19-32-31,128,768,768,19,32,31,19-32-31,M0K,79664,4864,7936,496,31,7936,19,32,35024,4712,512,15872,33600
128x768x768w23-40-22,128,768,768,23,40,22,23-40-22,MNK,77792,7360,7040,352,22,7040,23,40,36896,4048,640,14080,33600
128x768x768w29-32-22,128,768,768,29,32,22,29-32-22,M0K,78368,7424,5632,528,22,5632,29,32,36320,5104,768,11264,33600
128x768x768w31-32-20,128,768,768,31,32,20,31-32-20,M0K,78656,7936,5120,480,20,5120,31,32,36032,4960,768,10240,33696
128x768x768w22-24-36,128,768,768,22,24,36,22-24-36,M0K,79744,4224,6912,576,36,6912,22,24,34944,6336,384,13824,33792
128x768x768w23-24-35,128,768,768,23,24,35,23-24-35,M0K,79536,4416,6720,560,35,6720,23,24,35152,6440,384,13440,33792
128x768x768w23-24-36,128,768,768,23,24,36,23-24-36,M0K,78784,4416,6912,576,36,6912,23,24,35904,6624,384,13824,33792
128x768x768w22-24-35,128,768,768,22,24,35,22-24-35,M0K,80480,4224,6720,560,35,6720,22,24,34208,6160,384,13440,33792
128x768x768w24-24-35,128,768,768,24,24,35,24-24-35,M0K,78592,4608,6720,840,35,6720,24,24,36096,6720,576,13440,33792
128x768x768w24-24-36,128,768,768,24,24,36,24-24-36,M0K,77824,4608,6912,864,36,6912,24,24,36864,6912,576,13824,33792
128x768x768w21-40-23,128,768,768,21,40,23,21-40-23,MNK,78800,6720,7360,368,23,7360,21,40,35888,3864,640,14720,34000
128x768x768w19-24-42,128,768,768,19,24,42,19-24-42,M0K,78496,3648,8064,672,42,8064,19,24,36192,6384,384,16128,34048
128x768x768w20-24-41,128,768,768,20,24,41,20-24-41,M0K,78144,3840,7872,656,41,7872,20,24,36544,6560,384,15744,34048
128x768x768w19-24-41,128,768,768,19,24,41,19-24-41,M0K,79184,3648,7872,656,41,7872,19,24,35504,6232,384,15744,34048
128x768x768w20-24-42,128,768,768,20,24,42,20-24-42,M0K,77440,3840,8064,672,42,8064,20,24,37248,6720,384,16128,34048
128x768x768w42-24-19,128,768,768,42,24,19,42-24-19,M0K,78496,8064,3648,760,19,3648,42,24,36192,6384,960,7296,34112
128x768x768w18-48-21,128,768,768,18,48,21,18-48-21,M0K,78688,6912,8064,336,21,8064,18,48,36000,3024,768,16128,34336
128x768x768w41-24-21,128,768,768,41,24,21,41-24-21,M0K,77104,7872,4032,840,21,4032,41,24,37584,6888,960,8064,34336
128x768x768w25-24-31,128,768,768,25,24,31,25-24-31,M0K,80784,4800,5952,744,31,5952,25,24,33904,6200,576,11904,34400
128x768x768w21-48-18,128,768,768,21,48,18,21-48-18,M0K,78688,8064,6912,288,18,6912,21,48,36000,3024,768,13824,34400
128x768x768w22-32-26,128,768,768,22,32,26,22-32-26,M0K,80960,5632,6656,416,26,6656,22,32,33728,4576,512,13312,34560
128x768x768w23-32-26,128,768,768,23,32,26,23-32-26,M0K,80032,5888,6656,416,26,6656,23,32,34656,4784,512,13312,34560
128x768x768w26-24-29,128,768,768,26,24,29,26-24-29,M0K,81504,4992,5568,696,29,5568,26,24,33184,6032,576,11136,34560
128x768x768w29-24-29,128,768,768,29,24,29,29-24-29,M0K,78960,5568,5568,696,29,5568,29,24,35728,6728,576,11136,34560
128x768x768w27-24-29,128,768,768,27,24,29,27-24-29,M0K,80656,5184,5568,696,29,5568,27,24,34032,6264,576,11136,34560
128x768x768w24-32-26,128,768,768,24,32,26,24-32-26,M0K,79104,6144,6656,624,26,6656,24,32,35584,4992,768,13312,34560
128x768x768w31-24-26,128,768,768,31,24,26,31-24-26,M0K,79904,5952,4992,624,26,4992,31,24,34784,6448,576,9984,34560
128x768x768w28-24-29,128,768,768,28,24,29,28-24-29,M0K,79808,5376,5568,696,29,5568,28,24,34880,6496,576,11136,34560
128x768x768w30-24-29,128,768,768,30,24,29,30-24-29,M0K,78112,5760,5568,696,29,5568,30,24,36576,6960,576,11136,34560
128x768x768w20-40-25,128,768,768,20,40,25,20-40-25,MNK,77888,6400,8000,400,25,8000,20,40,36800,4000,640,16000,34720
128x768x768w19-40-25,128,768,768,19,40,25,19-40-25,MNK,78928,6080,8000,400,25,8000,19,40,35760,3800,640,16000,34720
128x768x768w18-32-31,128,768,768,18,32,31,18-32-31,M0K,80672,4608,7936,496,31,7936,18,32,34016,4464,512,15872,34800
128x768x768w21-32-27,128,768,768,21,32,27,21-32-27,M0K,81040,5376,6912,432,27,6912,21,32,33648,4536,512,13824,34800
128x768x768w33-24-23,128,768,768,33,24,23,33-24-23,M0K,81040,6336,4416,736,23,4416,33,24,33648,6072,768,8832,34816
128x768x768w34-24-23,128,768,768,34,24,23,34-24-23,M0K,80288,6528,4416,736,23,4416,34,24,34400,6256,768,8832,34816
128x768x768w38-24-23,128,768,768,38,24,23,38-24-23,M0K,77280,7296,4416,736,23,4416,38,24,37408,6992,768,8832,34816
128x768x768w35-24-23,128,768,768,35,24,23,35-24-23,M0K,79536,6720,4416,736,23,4416,35,24,35152,6440,768,8832,34816
128x768x768w37-24-23,128,768,768,37,24,23,37-24-23,M0K,78032,7104,4416,736,23,4416,37,24,36656,6808,768,8832,34816
128x768x768w32-24-23,128,768,768,32,24,23,32-24-23,00K,81792,6144,4416,736,23,4416,32,24,32896,5888,768,8832,34816
128x768x768w36-24-23,128,768,768,36,24,23,36-24-23,M0K,78784,6912,4416,736,23,4416,36,24,35904,6624,768,8832,34816
128x768x768w40-24-23,128,768,768,40,24,23,40-24-23,M0K,75776,7680,4416,920,23,4416,40,24,38912,7360,960,8832,34816
128x768x768w39-24-23,128,768,768,39,24,23,39-24-23,M0K,76528,7488,4416,736,23,4416,39,24,38160,7176,768,8832,34816
128x768x768w18-56-18,128,768,768,18,56,18,18-56-18,MNK,77248,8064,8064,288,18,8064,18,56,37440,2592,896,16128,34916
128x768x768w19-32-30,128,768,768,19,32,30,19-32-30,M0K,80480,4864,7680,480,30,7680,19,32,34208,4560,512,15360,34944
128x768x768w20-48-20,128,768,768,20,48,20,20-48-20,M0K,77568,7680,7680,320,20,7680,20,48,37120,3200,768,15360,34944
128x768x768w19-48-20,128,768,768,19,48,20,19-48-20,M0K,78656,7296,7680,320,20,7680,19,48,36032,3040,768,15360,34944
128x768x768w20-32-30,128,768,768,20,32,30,20-32-30,M0K,79488,5120,7680,480,30,7680,20,32,35200,4800,512,15360,34944
128x768x768w21-40-22,128,768,768,21,40,22,21-40-22,MNK,79776,6720,7040,352,22,7040,21,40,34912,3696,640,14080,35000
128x768x768w25-32-23,128,768,768,25,32,23,25-32-23,M0K,80912,6400,5888,552,23,5888,25,32,33776,4600,768,11776,35088
128x768x768w21-24-36,128,768,768,21,24,36,21-24-36,M0K,80704,4032,6912,576,36,6912,21,24,33984,6048,384,13824,35200
128x768x768w21-24-35,128,768,768,21,24,35,21-24-35,M0K,81424,4032,6720,560,35,6720,21,24,33264,5880,384,13440,35200
128x768x768w25-40-19,128,768,768,25,40,19,25-40-19,MNK,78928,8000,6080,456,19,6080,25,40,35760,3800,960,12160,35260
128x768x768w18-24-42,128,768,768,18,24,42,18-24-42,M0K,79552,3456,8064,672,42,8064,18,24,35136,6048,384,16128,35264
128x768x768w18-24-41,128,768,768,18,24,41,18-24-41,M0K,80224,3456,7872,656,41,7872,18,24,34464,5904,384,15744,35264
128x768x768w23-24-34,128,768,768,23,24,34,23-24-34,M0K,80288,4416,6528,544,34,6528,23,24,34400,6256,384,13056,35328
128x768x768w24-24-34,128,768,768,24,24,34,24-24-34,M0K,79360,4608,6528,816,34,6528,24,24,35328,6528,576,13056,35328
128x768x768w32-32-17,128,768,768,32,32,17,32-32-17,00K,80896,8192,4352,544,17,4352,32,32,33792,4352,1024,8704,35328
128x768x768w22-24-34,128,768,768,22,24,34,22-24-34,M0K,81216,4224,6528,544,34,6528,22,24,33472,5984,384,13056,35328
128x768x768w31-32-19,128,768,768,31,32,19,31-32-19,M0K,79664,7936,4864,456,19,4864,31,32,35024,4712,768,9728,35424
128x768x768w30-32-21,128,768,768,30,32,21,30-32-21,M0K,78496,7680,5376,504,21,5376,30,32,36192,5040,768,10752,35520
128x768x768w27-32-21,128,768,768,27,32,21,27-32-21,M0K,81040,6912,5376,504,21,5376,27,32,33648,4536,768,10752,35520
128x768x768w24-40-21,128,768,768,24,40,21,24-40-21,MNK,77824,7680,6720,504,21,6720,24,40,36864,4032,960,13440,35520
128x768x768w28-32-21,128,768,768,28,32,21,28-32-21,M0K,80192,7168,5376,504,21,5376,28,32,34496,4704,768,10752,35520
128x768x768w22-40-21,128,768,768,22,40,21,22-40-21,MNK,79776,7040,6720,336,21,6720,22,40,34912,3696,640,13440,35520
128x768x768w23-40-21,128,768,768,23,40,21,23-40-21,MNK,78800,7360,6720,336,21,6720,23,40,35888,3864,640,13440,35520
128x768x768w29-32-21,128,768,768,29,32,21,29-32-21,M0K,79344,7424,5376,504,21,5376,29,32,35344,4872,768,10752,35520
128x768x768w26-32-21,128,768,768,26,32,21,26-32-21,M0K,81888,6656,5376,504,21,5376,26,32,32800,4368,768,10752,35520
128x768x768w22-32-25,128,768,768,22,32,25,22-32-25,M0K,81824,5632,6400,400,25,6400,22,32,32864,4400,512,12800,35712
128x768x768w23-32-25,128,768,768,23,32,25,23-32-25,M0K,80912,5888,6400,400,25,6400,23,32,33776,4600,512,12800,35712
128x768x768w31-24-25,128,768,768,31,24,25,31-24-25,M0K,80784,5952,4800,600,25,4800,31,24,33904,6200,576,9600,35712
128x768x768w24-32-25,128,768,768,24,32,25,24-32-25,M0K,80000,6144,6400,600,25,6400,24,32,34688,4800,768,12800,35712
128x768x768w25-24-30,128,768,768,25,24,30,25-24-30,M0K,81568,4800,5760,720,30,5760,25,24,33120,6000,576,11520,35776
128x768x768w42-24-18,128,768,768,42,24,18,42-24-18,M0K,79552,8064,3456,720,18,3456,42,24,35136,6048,960,6912,35776
128x768x768w37-24-22,128,768,768,37,24,22,37-24-22,M0K,79008,7104,4224,704,22,4224,37,24,35680,6512,768,8448,35840
128x768x768w20-40-24,128,768,768,20,40,24,20-40-24,MN0,78848,6400,7680,384,24,7680,20,40,35840,3840,640,15360,35840
128x768x768w26-24-28,128,768,768,26,24,28,26-24-28,M0K,82304,4992,5376,672,28,5376,26,24,32384,5824,576,10752,35840
128x768x768w34-24-22,128,768,768,34,24,22,34-24-22,M0K,81216,6528,4224,704,22,4224,34,24,33472,5984,768,8448,35840
128x768x768w19-40-24,128,768,768,19,40,24,19-40-24,MN0,79872,6080,7680,384,24,7680,19,40,34816,3648,640,15360,35840
128x768x768w36-24-22,128,768,768,36,24,22,36-24-22,M0K,79744,6912,4224,704,22,4224,36,24,34944,6336,768,8448,35840
128x768x768w39-24-22,128,768,768,39,24,22,39-24-22,M0K,77536,7488,4224,704,22,4224,39,24,37152,6864,768,8448,35840
128x768x768w20-24-40,128,768,768,20,24,40,20-24-40,M0K,78848,3840,7680,640,40,7680,20,24,35840,6400,384,15360,35840
128x768x768w32-24-22,128,768,768,32,24,22,32-24-22,00K,82688,6144,4224,704,22,4224,32,24,32000,5632,768,8448,35840
128x768x768w20-24-39,128,768,768,20,24,39,20-24-39,M0K,79552,3840,7488,624,39,7488,20,24,35136,6240,384,14976,35840
128x768x768w30-24-28,128,768,768,30,24,28,30-24-28,M0K,78976,5760,5376,672,28,5376,30,24,35712,6720,576,10752,35840
128x768x768w38-24-22,128,768,768,38,24,22,38-24-22,M0K,78272,7296,4224,704,22,4224,38,24,36416,6688,768,8448,35840
128x768x768w40-24-22,128,768,768,40,24,22,40-24-22,M0K,76800,7680,4224,880,22,4224,40,24,37888,7040,960,8448,35840
128x768x768w33-24-22,128,768,768,33,24,22,33-24-22,M0K,81952,6336,4224,704,22,4224,33,24,32736,5808,768,8448,35840
128x768x768w19-24-39,128,768,768,19,24,39,19-24-39,M0K,80560,3648,7488,624,39,7488,19,24,34128,5928,384,14976,35840
128x768x768w28-24-28,128,768,768,28,24,28,28-24-28,M0K,80640,5376,5376,672,28,5376,28,24,34048,6272,576,10752,35840
128x768x768w27-24-28,128,768,768,27,24,28,27-24-28,M0K,81472,5184,5376,672,28,5376,27,24,33216,6048,576,10752,35840
128x768x768w35-24-22,128,768,768,35,24,22,35-24-22,M0K,80480,6720,4224,704,22,4224,35,24,34208,6160,768,8448,35840
128x768x768w29-24-28,128,768,768,29,24,28,29-24-28,M0K,79808,5568,5376,672,28,5376,29,24,34880,6496,576,10752,35840
128x768x768w19-24-40,128,768,768,19,24,40,19-24-40,M0K,79872,3648,7680,640,40,7680,19,24,34816,6080,384,15360,35840
128x768x768w18-40-25,128,768,768,18,40,25,18-40-25,MNK,79968,5760,8000,400,25,8000,18,40,34720,3600,640,16000,35960
128x768x768w21-32-26,128,768,768,21,32,26,21-32-26,M0K,81888,5376,6656,416,26,6656,21,32,32800,4368,512,13312,36000
128x768x768w25-32-22,128,768,768,25,32,22,25-32-22,M0K,81824,6400,5632,528,22,5632,25,32,32864,4400,768,11264,36120
128x768x768w18-32-30,128,768,768,18,32,30,18-32-30,M0K,81472,4608,7680,480,30,7680,18,32,33216,4320,512,15360,36192
128x768x768w41-24-20,128,768,768,41,24,20,41-24-20,M0K,78144,7872,3840,800,20,3840,41,24,36544,6560,960,7680,36192
128x768x768w18-48-20,128,768,768,18,48,20,18-48-20,M0K,79744,6912,7680,320,20,7680,18,48,34944,2880,768,15360,36192
128x768x768w20-32-29,128,768,768,20,32,29,20-32-29,M0K,80320,5120,7424,464,29,7424,20,32,34368,4640,512,14848,36288
128x768x768w19-32-29,128,768,768,19,32,29,19-32-29,M0K,81296,4864,7424,464,29,7424,19,32,33392,4408,512,14848,36288
128x768x768w19-48-19,128,768,768,19,48,19,19-48-19,M0K,79728,7296,7296,304,19,7296,19,48,34960,2888,768,14592,36736
128x768x768w20-48-19,128,768,768,20,48,19,20-48-19,M0K,78656,7680,7296,304,19,7296,20,48,36032,3040,768,14592,36736
128x768x768w21-48-17,128,768,768,21,48,17,21-48-17,M0K,79792,8064,6528,272,17,6528,21,48,34896,2856,768,13056,36800
128x768x768w21-24-34,128,768,768,21,24,34,21-24-34,M0K,82144,4032,6528,544,34,6528,21,24,32544,5712,384,13056,36800
128x768x768w16-32-32,128,768,768,16,32,32,16-32-32,000,81920,4096,8192,512,32,8192,16,32,32768,4096,512,16384,36864
128x768x768w22-32-24,128,768,768,22,32,24,22-32-24,M00,82688,5632,6144,384,24,6144,22,32,32000,4224,512,12288,36864
128x768x768w23-24-32,128,768,768,23,24,32,23-24-32,M00,81792,4416,6144,512,32,6144,23,24,32896,5888,384,12288,36864
128x768x768w17-32-32,128,768,768,17,32,32,17-32-32,M00,80896,4352,8192,512,32,8192,17,32,33792,4352,512,16384,36864
128x768x768w24-24-33,128,768,768,24,24,33,24-24-33,M0K,80128,4608,6336,792,33,6336,24,24,34560,6336,576,12672,36864
128x768x768w16-64-16,128,768,768,16,64,16,16-64-16,000,77824,8192,8192,256,16,8192,16,64,36864,2048,1024,16384,36864
128x768x768w64-16-16,128,768,768,64,16,16,64-16-16,000,77824,8192,2048,1024,16,2048,64,16,36864,8192,1024,4096,36864
128x768x768w22-24-32,128,768,768,22,24,32,22-24-32,M00,82688,4224,6144,512,32,6144,22,24,32000,5632,384,12288,36864
128x768x768w16-16-64,128,768,768,16,16,64,16-16-64,000,77824,2048,8192,1024,64,8192,16,16,36864,8192,256,16384,36864
128x768x768w22-24-33,128,768,768,22,24,33,22-24-33,M0K,81952,4224,6336,528,33,6336,22,24,32736,5808,384,12672,36864
128x768x768w23-24-33,128,768,768,23,24,33,23-24-33,M0K,81040,4416,6336,528,33,6336,23,24,33648,6072,384,12672,36864
128x768x768w24-32-24,128,768,768,24,32,24,24-32-24,M00,80896,6144,6144,576,24,6144,24,32,33792,4608,768,12288,36864
128x768x768w32-16-32,128,768,768,32,16,32,32-16-32,000,81920,4096,4096,1024,32,4096,32,16,32768,8192,512,8192,36864
128x768x768w32-32-16,128,768,768,32,32,16,32-32-16,000,81920,8192,4096,512,16,4096,32,32,32768,4096,1024,8192,36864
128x768x768w31-24-24,128,768,768,31,24,24,31-24-24,M00,81664,5952,4608,576,24,4608,31,24,33024,5952,576,9216,36864
128x768x768w23-32-24,128,768,768,23,32,24,23-32-24,M00,81792,5888,6144,384,24,6144,23,32,32896,4416,512,12288,36864
128x768x768w24-24-32,128,768,768,24,24,32,24-24-32,M00,80896,4608,6144,768,32,6144,24,24,33792,6144,576,12288,36864
128x768x768w25-40-18,128,768,768,25,40,18,25-40-18,MNK,79968,8000,5760,432,18,5760,25,40,34720,3600,960,11520,36980
128x768x768w21-40-21,128,768,768,21,40,21,21-40-21,MNK,80752,6720,6720,336,21,6720,21,40,33936,3528,640,13440,37000
128x768x768w18-24-39,128,768,768,18,24,39,18-24-39,M0K,81568,3456,7488,624,39,7488,18,24,33120,5616,384,14976,37120
128x768x768w28-24-27,128,768,768,28,24,27,28-24-27,M0K,81472,5376,5184,648,27,5184,28,24,33216,6048,576,10368,37120
128x768x768w18-40-24,128,768,768,18,40,24,18-40-24,MN0,80896,5760,7680,384,24,7680,18,40,33792,3456,640,15360,37120
128x768x768w30-24-27,128,768,768,30,24,27,30-24-27,M0K,79840,5760,5184,648,27,5184,30,24,34848,6480,576,10368,37120
128x768x768w18-24-40,128,768,768,18,24,40,18-24-40,M0K,80896,3456,7680,640,40,7680,18,24,33792,5760,384,15360,37120
128x768x768w27-24-27,128,768,768,27,24,27,27-24-27,M0K,82288,5184,5184,648,27,5184,27,24,32400,5832,576,10368,37120
128x768x768w26-24-27,128,768,768,26,24,27,26-24-27,M0K,83104,4992,5184,648,27,5184,26,24,31584,5616,576,10368,37120
128x768x768w29-24-27,128,768,768,29,24,27,29-24-27,M0K,80656,5568,5184,648,27,5184,29,24,34032,6264,576,10368,37120
128x768x768w31-32-18,128,768,768,31,32,18,31-32-18,M0K,80672,7936,4608,432,18,4608,31,32,34016,4464,768,9216,37152
128x768x768w25-24-29,128,768,768,25,24,29,25-24-29,M0K,82352,4800,5568,696,29,5568,25,24,32336,5800,576,11136,37152
128x768x768w21-32-25,128,768,768,21,32,25,21-32-25,M0K,82736,5376,6400,400,25,6400,21,32,31952,4200,512,12800,37200
128x768x768w18-56-17,128,768,768,18,56,17,18-56-17,MNK,78432,8064,7616,272,17,7616,18,56,36256,2448,896,15232,37352
128x768x768w29-32-20,128,768,768,29,32,20,29-32-20,M0K,80320,7424,5120,480,20,5120,29,32,34368,4640,768,10240,37440
128x768x768w22-40-20,128,768,768,22,40,20,22-40-20,MNK,80768,7040,6400,320,20,6400,22,40,33920,3520,640,12800,37440
128x768x768w30-32-20,128,768,768,30,32,20,30-32-20,M0K,79488,7680,5120,480,20,5120,30,32,35200,4800,768,10240,37440
128x768x768w24-40-20,128,768,768,24,40,20,24-40-20,MNK,78848,7680,6400,480,20,6400,24,40,35840,3840,960,12800,37440
128x768x768w28-32-20,128,768,768,28,32,20,28-32-20,M0K,81152,7168,5120,480,20,5120,28,32,33536,4480,768,10240,37440
128x768x768w26-32-20,128,768,768,26,32,20,26-32-20,M0K,82816,6656,5120,480,20,5120,26,32,31872,4160,768,10240,37440
128x768x768w23-40-20,128,768,768,23,40,20,23-40-20,MNK,79808,7360,6400,320,20,6400,23,40,34880,3680,640,12800,37440
128x768x768w27-32-20,128,768,768,27,32,20,27-32-20,M0K,81984,6912,5120,480,20,5120,27,32,32704,4320,768,10240,37440
128x768x768w18-32-29,128,768,768,18,32,29,18-32-29,M0K,82272,4608,7424,464,29,7424,18,32,32416,4176,512,14848,37584
128x768x768w19-24-38,128,768,768,19,24,38,19-24-38,M0K,81248,3648,7296,608,38,7296,19,24,33440,5776,384,14592,37632
128x768x768w19-24-37,128,768,768,19,24,37,19-24-37,M0K,81936,3648,7104,592,37,7104,19,24,32752,5624,384,14208,37632
128x768x768w20-24-38,128,768,768,20,24,38,20-24-38,M0K,80256,3840,7296,608,38,7296,20,24,34432,6080,384,14592,37632
128x768x768w19-32-28,128,768,768,19,32,28,19-32-28,M0K,82112,4864,7168,448,28,7168,19,32,32576,4256,512,14336,37632
128x768x768w20-24-37,128,768,768,20,24,37,20-24-37,M0K,80960,3840,7104,592,37,7104,20,24,33728,5920,384,14208,37632
128x768x768w20-32-28,128,768,768,20,32,28,20-32-28,M0K,81152,5120,7168,448,28,7168,20,32,33536,4480,512,14336,37632
128x768x768w17-48-21,128,768,768,17,48,21,17-48-21,M0K,79792,6528,8064,336,21,8064,17,48,34896,2856,768,16128,37888
128x768x768w35-24-21,128,768,768,35,24,21,35-24-21,M0K,81424,6720,4032,672,21,4032,35,24,33264,5880,768,8064,37888
128x768x768w37-24-21,128,768,768,37,24,21,37-24-21,M0K,79984,7104,4032,672,21,4032,37,24,34704,6216,768,8064,37888
128x768x768w40-24-21,128,768,768,40,24,21,40-24-21,M0K,77824,7680,4032,840,21,4032,40,24,36864,6720,960,8064,37888
128x768x768w39-24-21,128,768,768,39,24,21,39-24-21,M0K,78544,7488,4032,672,21,4032,39,24,36144,6552,768,8064,37888
128x768x768w36-24-21,128,768,768,36,24,21,36-24-21,M0K,80704,6912,4032,672,21,4032,36,24,33984,6048,768,8064,37888
128x768x768w34-24-21,128,768,768,34,24,21,34-24-21,M0K,82144,6528,4032,672,21,4032,34,24,32544,5712,768,8064,37888
128x768x768w16-48-21,128,768,768,16,48,21,16-48-21,00K,80896,6144,8064,336,21,8064,16,48,33792,2688,768,16128,37888
128x768x768w33-24-21,128,768,768,33,24,21,33-24-21,M0K,82864,6336,4032,672,21,4032,33,24,31824,5544,768,8064,37888
128x768x768w38-24-21,128,768,768,38,24,21,38-24-21,M0K,79264,7296,4032,672,21,4032,38,24,35424,6384,768,8064,37888
128x768x768w32-24-21,128,768,768,32,24,21,32-24-21,00K,83584,6144,4032,672,21,4032,32,24,31104,5376,768,8064,37888
128x768x768w41-24-19,128,768,768,41,24,19,41-24-19,M0K,79184,7872,3648,760,19,3648,41,24,35504,6232,960,7296,38048
128x768x768w18-48-19,128,768,768,18,48,19,18-48-19,M0K,80800,6912,7296,304,19,7296,18,48,33888,2736,768,14592,38048
128x768x768w19-40-23,128,768,768,19,40,23,19-40-23,MNK,80816,6080,7360,368,23,7360,19,40,33872,3496,640,14720,38080
128x768x768w20-40-23,128,768,768,20,40,23,20-40-23,MNK,79808,6400,7360,368,23,7360,20,40,34880,3680,640,14720,38080
128x768x768w25-32-21,128,768,768,25,32,21,25-32-21,M0K,82736,6400,5376,504,21,5376,25,32,31952,4200,768,10752,38184
128x768x768w42-24-17,128,768,768,42,24,17,42-24-17,M0K,80608,8064,3264,680,17,3264,42,24,34080,5712,960,6528,38272
128x768x768w21-16-48,128,768,768,21,16,48,21-16-48,M00,80896,2688,6144,768,48,6144,21,16,33792,8064,256,12288,38400
128x768x768w26-16-39,128,768,768,26,16,39,26-16-39,M0K,81824,3328,4992,936,39,4992,26,16,32864,8112,384,9984,38400
128x768x768w30-24-26,128,768,768,30,24,26,30-24-26,M0K,80704,5760,4992,624,26,4992,30,24,33984,6240,576,9984,38400
128x768x768w32-16-31,128,768,768,32,16,31,32-16-31,00K,82688,4096,3968,992,31,3968,32,16,32000,7936,512,7936,38400
128x768x768w16-32-31,128,768,768,16,32,31,16-32-31,00K,82688,4096,7936,496,31,7936,16,32,32000,3968,512,15872,38400
128x768x768w33-16-31,128,768,768,33,16,31,33-16-31,M0K,81936,4224,3968,992,31,3968,33,16,32752,8184,512,7936,38400
128x768x768w29-24-26,128,768,768,29,24,26,29-24-26,M0K,81504,5568,4992,624,26,4992,29,24,33184,6032,576,9984,38400
128x768x768w21-24-32,128,768,768,21,24,32,21-24-32,M00,83584,4032,6144,512,32,6144,21,24,31104,5376,384,12288,38400
128x768x768w17-32-31,128,768,768,17,32,31,17-32-31,M0K,81680,4352,7936,496,31,7936,17,32,33008,4216,512,15872,38400
128x768x768w21-32-24,128,768,768,21,32,24,21-32-24,M00,83584,5376,6144,384,24,6144,21,32,31104,4032,512,12288,38400
128x768x768w23-24-31,128,768,768,23,24,31,23-24-31,M0K,82544,4416,5952,496,31,5952,23,24,32144,5704,384,11904,38400
128x768x768w22-24-31,128,768,768,22,24,31,22-24-31,M0K,83424,4224,5952,496,31,5952,22,24,31264,5456,384,11904,38400
128x768x768w28-24-26,128,768,768,28,24,26,28-24-26,M0K,82304,5376,4992,624,26,4992,28,24,32384,5824,576,9984,38400
128x768x768w27-24-26,128,768,768,27,24,26,27-24-26,M0K,83104,5184,4992,624,26,4992,27,24,31584,5616,576,9984,38400
128x768x768w21-24-33,128,768,768,21,24,33,21-24-33,M0K,82864,4032,6336,528,33,6336,21,24,31824,5544,384,12672,38400
128x768x768w21-48-16,128,768,768,21,48,16,21-48-16,M00,80896,8064,6144,256,16,6144,21,48,33792,2688,768,12288,38400
128x768x768w26-24-26,128,768,768,26,24,26,26-24-26,M0K,83904,4992,4992,624,26,4992,26,24,30784,5408,576,9984,38400
128x768x768w24-24-31,128,768,768,24,24,31,24-24-31,M0K,81664,4608,5952,744,31,5952,24,24,33024,5952,576,11904,38400
128x768x768w25-24-28,128,768,768,25,24,28,25-24-28,M0K,83136,4800,5376,672,28,5376,25,24,31552,5600,576,10752,38528
128x768x768w16-56-18,128,768,768,16,56,18,16-56-18,0NK,79616,7168,8064,288,18,8064,16,56,35072,2304,896,16128,38528
128x768x768w17-56-18,128,768,768,17,56,18,17-56-18,MNK,78432,7616,8064,288,18,8064,17,56,36256,2448,896,16128,38528
128x768x768w19-48-18,128,768,768,19,48,18,19-48-18,M0K,80800,7296,6912,288,18,6912,19,48,33888,2736,768,13824,38528
128x768x768w20-48-18,128,768,768,20,48,18,20-48-18,M0K,79744,7680,6912,288,18,6912,20,48,34944,2880,768,13824,38528
128x768x768w17-24-41,128,768,768,17,24,41,17-24-41,M0K,81264,3264,7872,656,41,7872,17,24,33424,5576,384,15744,38912
128x768x768w16-24-41,128,768,768,16,24,41,16-24-41,00K,82304,3072,7872,656,41,7872,16,24,32384,5248,384,15744,38912
128x768x768w16-24-42,128,768,768,16,24,42,16-24-42,00K,81664,3072,8064,672,42,8064,16,24,33024,5376,384,16128,38912
128x768x768w17-24-42,128,768,768,17,24,42,17-24-42,M0K,80608,3264,8064,672,42,8064,17,24,34080,5712,384,16128,38912
128x768x768w18-24-37,128,768,768,18,24,37,18-24-37,M0K,82912,3456,7104,592,37,7104,18,24,31776,5328,384,14208,38976
128x768x768w18-16-56,128,768,768,18,16,56,18-16-56,M0K,79616,2304,7168,896,56,7168,18,16,35072,8064,256,14336,38976
128x768x768w20-32-27,128,768,768,20,32,27,20-32-27,M0K,81984,5120,6912,432,27,6912,20,32,32704,4320,512,13824,38976
128x768x768w18-16-55,128,768,768,18,16,55,18-16-55,M0K,80160,2304,7040,880,55,7040,18,16,34528,7920,256,14080,38976
128x768x768w18-32-28,128,768,768,18,32,28,18-32-28,M0K,83072,4608,7168,448,28,7168,18,32,31616,4032,512,14336,38976
128x768x768w18-56-16,128,768,768,18,56,16,18-56-16,MN0,79616,8064,7168,256,16,7168,18,56,35072,2304,896,14336,38976
128x768x768w18-24-38,128,768,768,18,24,38,18-24-38,M0K,82240,3456,7296,608,38,7296,18,24,32448,5472,384,14592,38976
128x768x768w19-32-27,128,768,768,19,32,27,19-32-27,M0K,82928,4864,6912,432,27,6912,19,32,31760,4104,512,13824,38976
128x768x768w21-40-20,128,768,768,21,40,20,21-40-20,MNK,81728,6720,6400,320,20,6400,21,40,32960,3360,640,12800,39000
128x768x768w24-32-23,128,768,768,24,32,23,24-32-23,M0K,81792,6144,5888,552,23,5888,24,32,32896,4416,768,11776,39168
128x768x768w44-16-23,128,768,768,44,16,23,44-16-23,M0K,81344,5632,2944,920,23,2944,44,16,33344,8096,640,5888,39168
128x768x768w22-16-46,128,768,768,22,16,46,22-16-46,M0K,81088,2816,5888,736,46,5888,22,16,33600,8096,256,11776,39168
128x768x768w31-24-23,128,768,768,31,24,23,31-24-23,M0K,82544,5952,4416,552,23,4416,31,24,32144,5704,576,8832,39168
128x768x768w43-16-23,128,768,768,43,16,23,43-16-23,M0K,81968,5504,2944,920,23,2944,43,16,32720,7912,640,5888,39168
128x768x768w22-32-23,128,768,768,22,32,23,22-32-23,M0K,83552,5632,5888,368,23,5888,22,32,31136,4048,512,11776,39168
128x768x768w23-32-23,128,768,768,23,32,23,23-32-23,M0K,82672,5888,5888,368,23,5888,23,32,32016,4232,512,11776,39168
128x768x768w20-40-22,128,768,768,20,40,22,20-40-22,MNK,80768,6400,7040,352,22,7040,20,40,33920,3520,640,14080,39200
128x768x768w19-40-22,128,768,768,19,40,22,19-40-22,MNK,81760,6080,7040,352,22,7040,19,40,32928,3344,640,14080,39200
128x768x768w28-32-19,128,768,768,28,32,19,28-32-19,M0K,82112,7168,4864,456,19,4864,28,32,32576,4256,768,9728,39360
128x768x768w27-32-19,128,768,768,27,32,19,27-32-19,M0K,82928,6912,4864,456,19,4864,27,32,31760,4104,768,9728,39360
128x768x768w26-32-19,128,768,768,26,32,19,26-32-19,M0K,83744,6656,4864,456,19,4864,26,32,30944,3952,768,9728,39360
128x768x768w24-40-19,128,768,768,24,40,19,24-40-19,MNK,79872,7680,6080,456,19,6080,24,40,34816,3648,960,12160,39360
128x768x768w23-40-19,128,768,768,23,40,19,23-40-19,MNK,80816,7360,6080,304,19,6080,23,40,33872,3496,640,12160,39360
128x768x768w30-32-19,128,768,768,30,32,19,30-32-19,M0K,80480,7680,4864,456,19,4864,30,32,34208,4560,768,9728,39360
128x768x768w22-40-19,128,768,768,22,40,19,22-40-19,MNK,81760,7040,6080,304,19,6080,22,40,32928,3344,640,12160,39360
128x768x768w29-32-19,128,768,768,29,32,19,29-32-19,M0K,81296,7424,4864,456,19,4864,29,32,33392,4408,768,9728,39360
128x768x768w20-24-35,128,768,768,20,24,35,20-24-35,M0K,82368,3840,6720,560,35,6720,20,24,32320,5600,384,13440,39424
128x768x768w19-24-35,128,768,768,19,24,35,19-24-35,M0K,83312,3648,6720,560,35,6720,19,24,31376,5320,384,13440,39424
128x768x768w20-24-36,128,768,768,20,24,36,20-24-36,M0K,81664,3840,6912,576,36,6912,20,24,33024,5760,384,13824,39424
128x768x768w19-24-36,128,768,768,19,24,36,19-24-36,M0K,82624,3648,6912,576,36,6912,19,24,32064,5472,384,13824,39424
128x768x768w18-40-23,128,768,768,18,40,23,18-40-23,MNK,81824,5760,7360,368,23,7360,18,40,32864,3312,640,14720,39440
128x768x768w25-40-17,128,768,768,25,40,17,25-40-17,MNK,81008,8000,5440,408,17,5440,25,40,33680,3400,960,10880,39560
128x768x768w16-40-25,128,768,768,16,40,25,16-40-25,0NK,82048,5120,8000,400,25,8000,16,40,32640,3200,640,16000,39680
128x768x768w29-24-25,128,768,768,29,24,25,29-24-25,M0K,82352,5568,4800,600,25,4800,29,24,32336,5800,576,9600,39680
128x768x768w27-24-25,128,768,768,27,24,25,27-24-25,M0K,83920,5184,4800,600,25,4800,27,24,30768,5400,576,9600,39680
128x768x768w30-24-25,128,768,768,30,24,25,30-24-25,M0K,81568,5760,4800,600,25,4800,30,24,33120,6000,576,9600,39680
128x768x768w28-24-25,128,768,768,28,24,25,28-24-25,M0K,83136,5376,4800,600,25,4800,28,24,31552,5600,576,9600,39680
128x768x768w17-40-25,128,768,768,17,40,25,17-40-25,MNK,81008,5440,8000,400,25,8000,17,40,33680,3400,640,16000,39680
128x768x768w26-24-25,128,768,768,26,24,25,26-24-25,M0K,84704,4992,4800,600,25,4800,26,24,29984,5200,576,9600,39680
128x768x768w31-32-17,128,768,768,31,32,17,31-32-17,M0K,81680,7936,4352,408,17,4352,31,32,33008,4216,768,8704,39744
128x768x768w41-24-18,128,768,768,41,24,18,41-24-18,M0K,80224,7872,3456,720,18,3456,41,24,34464,5904,960,6912,39904
128x768x768w18-48-18,128,768,768,18,48,18,18-48-18,M0K,81856,6912,6912,288,18,6912,18,48,32832,2592,768,13824,39904
128x768x768w25-24-27,128,768,768,25,24,27,25-24-27,M0K,83920,4800,5184,648,27,5184,25,24,30768,5400,576,10368,39904
128x768x768w16-16-63,128,768,768,16,16,63,16-16-63,00K,78336,2048,8064,1008,63,8064,16,16,36352,8064,256,16128,39936
128x768x768w17-48-20,128,768,768,17,48,20,17-48-20,M0K,80832,6528,7680,320,20,7680,17,48,33856,2720,768,15360,39936
128x768x768w36-24-20,128,768,768,36,24,20,36-24-20,M0K,81664,6912,3840,640,20,3840,36,24,33024,5760,768,7680,39936
128x768x768w32-24-20,128,768,768,32,24,20,32-24-20,00K,84480,6144,3840,640,20,3840,32,24,30208,5120,768,7680,39936
128x768x768w34-16-30,128,768,768,34,16,30,34-16-30,M0K,81984,4352,3840,960,30,3840,34,16,32704,8160,512,7680,39936
128x768x768w23-24-30,128,768,768,23,24,30,23-24-30,M0K,83296,4416,5760,480,30,5760,23,24,31392,5520,384,11520,39936
128x768x768w17-32-30,128,768,768,17,32,30,17-32-30,M0K,82464,4352,7680,480,30,7680,17,32,32224,4080,512,15360,39936
128x768x768w32-32-15,128,768,768,32,32,15,32-32-15,00K,82944,8192,3840,480,15,3840,32,32,31744,3840,1024,7680,39936
128x768x768w40-24-20,128,768,768,40,24,20,40-24-20,M0K,78848,7680,3840,800,20,3840,40,24,35840,6400,960,7680,39936
128x768x768w16-64-15,128,768,768,16,64,15,16-64-15,00K,79104,8192,7680,240,15,7680,16,64,35584,1920,1024,15360,39936
128x768x768w38-24-20,128,768,768,38,24,20,38-24-20,M0K,80256,7296,3840,640,20,3840,38,24,34432,6080,768,7680,39936
128x768x768w17-16-60,128,768,768,17,16,60,17-16-60,M0K,78656,2176,7680,960,60,7680,17,16,36032,8160,256,15360,39936
128x768x768w16-16-62,128,768,768,16,16,62,16-16-62,00K,78848,2048,7936,992,62,7936,16,16,35840,7936,256,15872,39936
128x768x768w34-24-20,128,768,768,34,24,20,34-24-20,M0K,83072,6528,3840,640,20,3840,34,24,31616,5440,768,7680,39936
128x768x768w33-24-20,128,768,768,33,24,20,33-24-20,M0K,83776,6336,3840,640,20,3840,33,24,30912,5280,768,7680,39936
128x768x768w39-24-20,128,768,768,39,24,20,39-24-20,M0K,79552,7488,3840,640,20,3840,39,24,35136,6240,768,7680,39936
128x768x768w64-16-15,128,768,768,64,16,15,64-16-15,00K,79104,8192,1920,960,15,1920,64,16,35584,7680,1024,3840,39936
128x768x768w16-16-61,128,768,768,16,16,61,16-16-61,00K,79360,2048,7808,976,61,7808,16,16,35328,7808,256,15616,39936
128x768x768w33-16-30,128,768,768,33,16,30,33-16-30,M0K,82720,4224,3840,960,30,3840,33,16,31968,7920,512,7680,39936
128x768x768w24-24-30,128,768,768,24,24,30,24-24-30,M0K,82432,4608,5760,720,30,5760,24,24,32256,5760,576,11520,39936
128x768x768w42-16-24,128,768,768,42,16,24,42-16-24,M00,81664,5376,3072,960,24,3072,42,16,33024,8064,640,6144,39936
128x768x768w42-24-16,128,768,768,42,24,16,42-24-16,M00,81664,8064,3072,640,16,3072,42,24,33024,5376,960,6144,39936
128x768x768w16-16-60,128,768,768,16,16,60,16-16-60,00K,79872,2048,7680,960,60,7680,16,16,34816,7680,256,15360,39936
128x768x768w32-16-30,128,768,768,32,16,30,32-16-30,00K,83456,4096,3840,960,30,3840,32,16,31232,7680,512,7680,39936
128x768x768w35-24-20,128,768,768,35,24,20,35-24-20,M0K,82368,6720,3840,640,20,3840,35,24,32320,5600,768,7680,39936
128x768x768w16-48-20,128,768,768,16,48,20,16-48-20,00K,81920,6144,7680,320,20,7680,16,48,32768,2560,768,15360,39936
128x768x768w16-32-30,128,768,768,16,32,30,16-32-30,00K,83456,4096,7680,480,30,7680,16,32,31232,3840,512,15360,39936
128x768x768w37-24-20,128,768,768,37,24,20,37-24-20,M0K,80960,7104,3840,640,20,3840,37,24,33728,5920,768,7680,39936
128x768x768w22-24-30,128,768,768,22,24,30,22-24-30,M0K,84160,4224,5760,480,30,5760,22,24,30528,5280,384,11520,39936
128x768x768w21-24-31,128,768,768,21,24,31,21-24-31,M0K,84304,4032,5952,496,31,5952,21,24,30384,5208,384,11904,40000
128x768x768w25-32-20,128,768,768,25,32,20,25-32-20,M0K,83648,6400,5120,480,20,5120,25,32,31040,4000,768,10240,40248
128x768x768w24-32-22,128,768,768,24,32,22,24-32-22,M0K,82688,6144,5632,528,22,5632,24,32,32000,4224,768,11264,40320
128x768x768w43-16-22,128,768,768,43,16,22,43-16-22,M0K,82912,5504,2816,880,22,2816,43,16,31776,7568,640,5632,40320
128x768x768w19-16-52,128,768,768,19,16,52,19-16-52,M0K,80704,2432,6656,832,52,6656,19,16,33984,7904,256,13312,40320
128x768x768w31-24-22,128,768,768,31,24,22,31-24-22,M0K,83424,5952,4224,528,22,4224,31,24,31264,5456,576,8448,40320
128x768x768w26-16-37,128,768,768,26,16,37,26-16-37,M0K,83168,3328,4736,888,37,4736,26,16,31520,7696,384,9472,40320
128x768x768w19-16-53,128,768,768,19,16,53,19-16-53,M0K,80144,2432,6784,848,53,6784,19,16,34544,8056,256,13568,40320
128x768x768w23-32-22,128,768,768,23,32,22,23-32-22,M0K,83552,5888,5632,352,22,5632,23,32,31136,4048,512,11264,40320
128x768x768w44-16-22,128,768,768,44,16,22,44-16-22,M0K,82304,5632,2816,880,22,2816,44,16,32384,7744,640,5632,40320
128x768x768w27-16-37,128,768,768,27,16,37,27-16-37,M0K,82320,3456,4736,888,37,4736,27,16,32368,7992,384,9472,40320
128x768x768w20-32-26,128,768,768,20,32,26,20-32-26,M0K,82816,5120,6656,416,26,6656,20,32,31872,4160,512,13312,40320
128x768x768w46-16-22,128,768,768,46,16,22,46-16-22,M0K,81088,5888,2816,880,22,2816,46,16,33600,8096,640,5632,40320
128x768x768w22-32-22,128,768,768,22,32,22,22-32-22,M0K,84416,5632,5632,352,22,5632,22,32,30272,3872,512,11264,40320
128x768x768w19-32-26,128,768,768,19,32,26,19-32-26,M0K,83744,4864,6656,416,26,6656,19,32,30944,3952,512,13312,40320
128x768x768w45-16-22,128,768,768,45,16,22,45-16-22,M0K,81696,5760,2816,880,22,2816,45,16,32992,7920,640,5632,40320
128x768x768w26-16-38,128,768,768,26,16,38,26-16-38,M0K,82496,3328,4864,912,38,4864,26,16,32192,7904,384,9728,40320
128x768x768w18-32-27,128,768,768,18,32,27,18-32-27,M0K,83872,4608,6912,432,27,6912,18,32,30816,3888,512,13824,40368
128x768x768w18-40-22,128,768,768,18,40,22,18-40-22,MNK,82752,5760,7040,352,22,7040,18,40,31936,3168,640,14080,40600
128x768x768w21-16-47,128,768,768,21,16,47,21-16-47,M0K,81488,2688,6016,752,47,6016,21,16,33200,7896,256,12032,40800
128x768x768w21-16-46,128,768,768,21,16,46,21-16-46,M0K,82080,2688,5888,736,46,5888,21,16,32608,7728,256,11776,40800
128x768x768w21-32-23,128,768,768,21,32,23,21-32-23,M0K,84432,5376,5888,368,23,5888,21,32,30256,3864,512,11776,40800
128x768x768w18-24-35,128,768,768,18,24,35,18-24-35,M0K,84256,3456,6720,560,35,6720,18,24,30432,5040,384,13440,40832
128x768x768w18-24-36,128,768,768,18,24,36,18-24-36,M0K,83584,3456,6912,576,36,6912,18,24,31104,5184,384,13824,40832
128x768x768w29-24-24,128,768,768,29,24,24,29-24-24,M00,83200,5568,4608,576,24,4608,29,24,31488,5568,576,9216,40960
128x768x768w30-24-24,128,768,768,30,24,24,30-24-24,M00,82432,5760,4608,576,24,4608,30,24,32256,5760,576,9216,40960
128x768x768w27-24-24,128,768,768,27,24,24,27-24-24,M00,84736,5184,4608,576,24,4608,27,24,29952,5184,576,9216,40960
128x768x768w16-40-24,128,768,768,16,40,24,16-40-24,0N0,82944,5120,7680,384,24,7680,16,40,31744,3072,640,15360,40960
128x768x768w17-40-24,128,768,768,17,40,24,17-40-24,MN0,81920,5440,7680,384,24,7680,17,40,32768,3264,640,15360,40960
128x768x768w16-24-40,128,768,768,16,24,40,16-24-40,00K,82944,3072,7680,640,40,7680,16,24,31744,5120,384,15360,40960
128x768x768w26-24-24,128,768,768,26,24,24,26-24-24,M00,85504,4992,4608,576,24,4608,26,24,29184,4992,576,9216,40960
128x768x768w17-24-39,128,768,768,17,24,39,17-24-39,M0K,82576,3264,7488,624,39,7488,17,24,32112,5304,384,14976,40960
128x768x768w28-24-24,128,768,768,28,24,24,28-24-24,M00,83968,5376,4608,576,24,4608,28,24,30720,5376,576,9216,40960
128x768x768w16-24-39,128,768,768,16,24,39,16-24-39,00K,83584,3072,7488,624,39,7488,16,24,31104,4992,384,14976,40960
128x768x768w17-24-40,128,768,768,17,24,40,17-24-40,M0K,81920,3264,7680,640,40,7680,17,24,32768,5440,384,15360,40960
128x768x768w21-40-19,128,768,768,21,40,19,21-40-19,MNK,82704,6720,6080,304,19,6080,21,40,31984,3192,640,12160,41000
128x768x768w19-48-17,128,768,768,19,48,17,19-48-17,M0K,81872,7296,6528,272,17,6528,19,48,32816,2584,768,13056,41216
128x768x768w16-56-17,128,768,768,16,56,17,16-56-17,0NK,80768,7168,7616,272,17,7616,16,56,33920,2176,896,15232,41216
128x768x768w17-56-17,128,768,768,17,56,17,17-56-17,MNK,79600,7616,7616,272,17,7616,17,56,35088,2312,896,15232,41216
128x768x768w20-48-17,128,768,768,20,48,17,20-48-17,M0K,80832,7680,6528,272,17,6528,20,48,33856,2720,768,13056,41216
128x768x768w20-24-34,128,768,768,20,24,34,20-24-34,M0K,83072,3840,6528,544,34,6528,20,24,31616,5440,384,13056,41216
128x768x768w19-24-34,128,768,768,19,24,34,19-24-34,M0K,84000,3648,6528,544,34,6528,19,24,30688,5168,384,13056,41216
128x768x768w23-40-18,128,768,768,23,40,18,23-40-18,MNK,81824,7360,5760,288,18,5760,23,40,32864,3312,640,11520,41280
128x768x768w25-40-16,128,768,768,25,40,16,25-40-16,MN0,82048,8000,5120,384,16,5120,25,40,32640,3200,960,10240,41280
128x768x768w25-16-39,128,768,768,25,16,39,25-16-39,M0K,82704,3200,4992,936,39,4992,25,16,31984,7800,384,9984,41280
128x768x768w27-32-18,128,768,768,27,32,18,27-32-18,M0K,83872,6912,4608,432,18,4608,27,32,30816,3888,768,9216,41280
128x768x768w24-40-18,128,768,768,24,40,18,24-40-18,MNK,80896,7680,5760,432,18,5760,24,40,33792,3456,960,11520,41280
128x768x768w30-32-18,128,768,768,30,32,18,30-32-18,M0K,81472,7680,4608,432,18,4608,30,32,33216,4320,768,9216,41280
128x768x768w28-32-18,128,768,768,28,32,18,28-32-18,M0K,83072,7168,4608,432,18,4608,28,32,31616,4032,768,9216,41280
128x768x768w29-32-18,128,768,768,29,32,18,29-32-18,M0K,82272,7424,4608,432,18,4608,29,32,32416,4176,768,9216,41280
128x768x768w25-24-26,128,768,768,25,24,26,25-24-26,M0K,84704,4800,4992,624,26,4992,25,24,29984,5200,576,9984,41280
128x768x768w22-40-18,128,768,768,22,40,18,22-40-18,MNK,82752,7040,5760,288,18,5760,22,40,31936,3168,640,11520,41280
128x768x768w26-32-18,128,768,768,26,32,18,26-32-18,M0K,84672,6656,4608,432,18,4608,26,32,30016,3744,768,9216,41280
128x768x768w25-16-40,128,768,768,25,16,40,25-16-40,M0K,82048,3200,5120,960,40,5120,25,16,32640,8000,384,10240,41280
128x768x768w19-40-21,128,768,768,19,40,21,19-40-21,MNK,82704,6080,6720,336,21,6720,19,40,31984,3192,640,13440,41440
128x768x768w20-40-21,128,768,768,20,40,21,20-40-21,MNK,81728,6400,6720,336,21,6720,20,40,32960,3360,640,13440,41440
128x768x768w31-32-16,128,768,768,31,32,16,31-32-16,M00,82688,7936,4096,384,16,4096,31,32,32000,3968,768,8192,41472
128x768x768w22-24-29,128,768,768,22,24,29,22-24-29,M0K,84896,4224,5568,464,29,5568,22,24,29792,5104,384,11136,41472
128x768x768w22-16-43,128,768,768,22,16,43,22-16-43,M0K,82912,2816,5504,688,43,5504,22,16,31776,7568,256,11008,41472
128x768x768w33-16-29,128,768,768,33,16,29,33-16-29,M0K,83504,4224,3712,928,29,3712,33,16,31184,7656,512,7424,41472
128x768x768w32-16-29,128,768,768,32,16,29,32-16-29,00K,84224,4096,3712,928,29,3712,32,16,30464,7424,512,7424,41472
128x768x768w31-16-32,128,768,768,31,16,32,31-16-32,M00,82688,3968,4096,768,32,4096,31,16,32000,7936,384,8192,41472
128x768x768w35-16-29,128,768,768,35,16,29,35-16-29,M0K,82064,4480,3712,928,29,3712,35,16,32624,8120,512,7424,41472
128x768x768w22-16-44,128,768,768,22,16,44,22-16-44,M0K,82304,2816,5632,704,44,5632,22,16,32384,7744,256,11264,41472
128x768x768w15-16-64,128,768,768,15,16,64,15-16-64,M00,79104,1920,8192,512,64,8192,15,16,35584,7680,128,16384,41472
128x768x768w34-16-29,128,768,768,34,16,29,34-16-29,M0K,82784,4352,3712,928,29,3712,34,16,31904,7888,512,7424,41472
128x768x768w17-32-29,128,768,768,17,32,29,17-32-29,M0K,83248,4352,7424,464,29,7424,17,32,31440,3944,512,14848,41472
128x768x768w16-32-29,128,768,768,16,32,29,16-32-29,00K,84224,4096,7424,464,29,7424,16,32,30464,3712,512,14848,41472
128x768x768w23-16-43,128,768,768,23,16,43,23-16-43,M0K,81968,2944,5504,688,43,5504,23,16,32720,7912,256,11008,41472
128x768x768w15-32-32,128,768,768,15,32,32,15-32-32,M00,82944,3840,8192,256,32,8192,15,32,31744,3840,256,16384,41472
128x768x768w23-24-29,128,768,768,23,24,29,23-24-29,M0K,84048,4416,5568,464,29,5568,23,24,30640,5336,384,11136,41472
128x768x768w22-16-45,128,768,768,22,16,45,22-16-45,M0K,81696,2816,5760,720,45,5760,22,16,32992,7920,256,11520,41472
128x768x768w24-24-29,128,768,768,24,24,29,24-24-29,M0K,83200,4608,5568,696,29,5568,24,24,31488,5568,576,11136,41472
128x768x768w31-16-33,128,768,768,31,16,33,31-16-33,M0K,81936,3968,4224,792,33,4224,31,16,32752,8184,384,8448,41472
128x768x768w15-64-16,128,768,768,15,64,16,15-64-16,M00,79104,7680,8192,128,16,8192,15,64,35584,1920,512,16384,41472
128x768x768w63-16-16,128,768,768,63,16,16,63-16-16,M00,78336,8064,2048,896,16,2048,63,16,36352,8064,896,4096,41472
128x768x768w23-16-44,128,768,768,23,16,44,23-16-44,M0K,81344,2944,5632,704,44,5632,23,16,33344,8096,256,11264,41472
128x768x768w21-24-30,128,768,768,21,24,30,21-24-30,M0K,85024,4032,5760,480,30,5760,21,24,29664,5040,384,11520,41600
128x768x768w21-48-15,128,768,768,21,48,15,21-48-15,M0K,82000,8064,5760,240,15,5760,21,48,32688,2520,768,11520,41600
128x768x768w19-32-25,128,768,768,19,32,25,19-32-25,M0K,84560,4864,6400,400,25,6400,19,32,30128,3800,512,12800,41664
128x768x768w20-32-25,128,768,768,20,32,25,20-32-25,M0K,83648,5120,6400,400,25,6400,20,32,31040,4000,512,12800,41664
128x768x768w18-16-53,128,768,768,18,16,53,18-16-53,M0K,81248,2304,6784,848,53,6784,18,16,33440,7632,256,13568,41760
128x768x768w18-16-54,128,768,768,18,16,54,18-16-54,M0K,80704,2304,6912,864,54,6912,18,16,33984,7776,256,13824,41760
128x768x768w18-32-26,128,768,768,18,32,26,18-32-26,M0K,84672,4608,6656,416,26,6656,18,32,30016,3744,512,13312,41760
128x768x768w18-16-52,128,768,768,18,16,52,18-16-52,M0K,81792,2304,6656,832,52,6656,18,16,32896,7488,256,13312,41760
128x768x768w40-24-19,128,768,768,40,24,19,40-24-19,M0K,79872,7680,3648,760,19,3648,40,24,34816,6080,960,7296,41984
128x768x768w32-24-19,128,768,768,32,24,19,32-24-19,00K,85376,6144,3648,608,19,3648,32,24,29312,4864,768,7296,41984
128x768x768w39-24-19,128,768,768,39,24,19,39-24-19,M0K,80560,7488,3648,608,19,3648,39,24,34128,5928,768,7296,41984
128x768x768w16-48-19,128,768,768,16,48,19,16-48-19,00K,82944,6144,7296,304,19,7296,16,48,31744,2432,768,14592,41984
128x768x768w33-24-19,128,768,768,33,24,19,33-24-19,M0K,84688,6336,3648,608,19,3648,33,24,30000,5016,768,7296,41984
128x768x768w35-24-19,128,768,768,35,24,19,35-24-19,M0K,83312,6720,3648,608,19,3648,35,24,31376,5320,768,7296,41984
128x768x768w34-24-19,128,768,768,34,24,19,34-24-19,M0K,84000,6528,3648,608,19,3648,34,24,30688,5168,768,7296,41984
128x768x768w36-24-19,128,768,768,36,24,19,36-24-19,M0K,82624,6912,3648,608,19,3648,36,24,32064,5472,768,7296,41984
128x768x768w37-24-19,128,768,768,37,24,19,37-24-19,M0K,81936,7104,3648,608,19,3648,37,24,32752,5624,768,7296,41984
128x768x768w38-24-19,128,768,768,38,24,19,38-24-19,M0K,81248,7296,3648,608,19,3648,38,24,33440,5776,768,7296,41984
128x768x768w17-48-19,128,768,768,17,48,19,17-48-19,M0K,81872,6528,7296,304,19,7296,17,48,32816,2584,768,14592,41984
128x768x768w21-32-22,128,768,768,21,32,22,21-32-22,M0K,85280,5376,5632,352,22,5632,21,32,29408,3696,512,11264,42000
128x768x768w18-56-15,128,768,768,18,56,15,18-56-15,MNK,80800,8064,6720,240,15,6720,18,56,33888,2160,896,13440,42224
128x768x768w29-16-35,128,768,768,29,16,35,29-16-35,M0K,82064,3712,4480,840,35,4480,29,16,32624,8120,384,8960,42240
128x768x768w28-16-35,128,768,768,28,16,35,28-16-35,M0K,82880,3584,4480,840,35,4480,28,16,31808,7840,384,8960,42240
128x768x768w28-16-36,128,768,768,28,16,36,28-16-36,M0K,82176,3584,4608,864,36,4608,28,16,32512,8064,384,9216,42240
128x768x768w16-64-14,128,768,768,16,64,14,16-64-14,00K,80384,8192,7168,224,14,7168,16,64,34304,1792,1024,14336,42240
128x768x768w26-16-36,128,768,768,26,16,36,26-16-36,M0K,83840,3328,4608,864,36,4608,26,16,30848,7488,384,9216,42240
128x768x768w32-32-14,128,768,768,32,32,14,32-32-14,00K,83968,8192,3584,448,14,3584,32,32,30720,3584,1024,7168,42240
128x768x768w26-16-35,128,768,768,26,16,35,26-16-35,M0K,84512,3328,4480,840,35,4480,26,16,30176,7280,384,8960,42240
128x768x768w64-16-14,128,768,768,64,16,14,64-16-14,00K,80384,8192,1792,896,14,1792,64,16,34304,7168,1024,3584,42240
128x768x768w27-16-35,128,768,768,27,16,35,27-16-35,M0K,83696,3456,4480,840,35,4480,27,16,30992,7560,384,8960,42240
128x768x768w27-16-36,128,768,768,27,16,36,27-16-36,M0K,83008,3456,4608,864,36,4608,27,16,31680,7776,384,9216,42240
128x768x768w25-32-19,128,768,768,25,32,19,25-32-19,M0K,84560,6400,4864,456,19,4864,25,32,30128,3800,768,9728,42312
128x768x768w42-16-23,128,768,768,42,16,23,42-16-23,M0K,82592,5376,2944,920,23,2944,42,16,32096,7728,640,5888,42432
128x768x768w44-16-21,128,768,768,44,16,21,44-16-21,M0K,83264,5632,2688,840,21,2688,44,16,31424,7392,640,5376,42624
128x768x768w45-16-21,128,768,768,45,16,21,45-16-21,M0K,82672,5760,2688,840,21,2688,45,16,32016,7560,640,5376,42624
128x768x768w14-64-16,128,768,768,14,64,16,14-64-16,M00,80384,7168,8192,128,16,8192,14,64,34304,1792,512,16384,42624
128x768x768w46-16-21,128,768,768,46,16,21,46-16-21,M0K,82080,5888,2688,840,21,2688,46,16,32608,7728,640,5376,42624
128x768x768w22-32-21,128,768,768,22,32,21,22-32-21,M0K,85280,5632,5376,336,21,5376,22,32,29408,3696,512,10752,42624
128x768x768w15-48-21,128,768,768,15,48,21,15-48-21,M0K,82000,5760,8064,168,21,8064,15,48,32688,2520,384,16128,42624
128x768x768w48-16-21,128,768,768,48,16,21,48-16-21,M0K,80896,6144,2688,1008,21,2688,48,16,33792,8064,768,5376,42624
128x768x768w24-32-21,128,768,768,24,32,21,24-32-21,M0K,83584,6144,5376,504,21,5376,24,32,31104,4032,768,10752,42624
128x768x768w14-16-64,128,768,768,14,16,64,14-16-64,M00,80384,1792,8192,512,64,8192,14,16,34304,7168,128,16384,42624
128x768x768w31-24-21,128,768,768,31,24,21,31-24-21,M0K,84304,5952,4032,504,21,4032,31,24,30384,5208,576,8064,42624
128x768x768w14-32-32,128,768,768,14,32,32,14-32-32,M00,83968,3584,8192,256,32,8192,14,32,30720,3584,256,16384,42624
128x768x768w23-32-21,128,768,768,23,32,21,23-32-21,M0K,84432,5888,5376,336,21,5376,23,32,30256,3864,512,10752,42624
128x768x768w43-16-21,128,768,768,43,16,21,43-16-21,M0K,83856,5504,2688,840,21,2688,43,16,30832,7224,640,5376,42624
128x768x768w47-16-21,128,768,768,47,16,21,47-16-21,M0K,81488,6016,2688,840,21,2688,47,16,33200,7896,640,5376,42624
128x768x768w25-24-25,128,768,768,25,24,25,25-24-25,M0K,85488,4800,4800,600,25,4800,25,24,29200,5000,576,9600,42656
128x768x768w18-48-17,128,768,768,18,48,17,18-48-17,M0K,82912,6912,6528,272,17,6528,18,48,31776,2448,768,13056,42688
128x768x768w18-24-34,128,768,768,18,24,34,18-24-34,M0K,84928,3456,6528,544,34,6528,18,24,29760,4896,384,13056,42688
128x768x768w41-24-17,128,768,768,41,24,17,41-24-17,M0K,81264,7872,3264,680,17,3264,41,24,33424,5576,960,6528,42688
128x768x768w18-40-21,128,768,768,18,40,21,18-40-21,MNK,83680,5760,6720,336,21,6720,18,40,31008,3024,640,13440,42920
128x768x768w21-40-18,128,768,768,21,40,18,21-40-18,MNK,83680,6720,5760,288,18,5760,21,40,31008,3024,640,11520,43000
128x768x768w24-24-28,128,768,768,24,24,28,24-24-28,M0K,83968,4608,5376,672,28,5376,24,24,30720,5376,576,10752,43008
128x768x768w16-24-38,128,768,768,16,24,38,16-24-38,00K,84224,3072,7296,608,38,7296,16,24,30464,4864,384,14592,43008
128x768x768w20-32-24,128,768,768,20,32,24,20-32-24,M00,84480,5120,6144,384,24,6144,20,32,30208,3840,512,12288,43008
128x768x768w19-16-51,128,768,768,19,16,51,19-16-51,M0K,81264,2432,6528,816,51,6528,19,16,33424,7752,256,13056,43008
128x768x768w20-24-32,128,768,768,20,24,32,20-24-32,M00,84480,3840,6144,512,32,6144,20,24,30208,5120,384,12288,43008
128x768x768w17-32-28,128,768,768,17,32,28,17-32-28,M0K,84032,4352,7168,448,28,7168,17,32,30656,3808,512,14336,43008
128x768x768w16-24-37,128,768,768,16,24,37,16-24-37,00K,84864,3072,7104,592,37,7104,16,24,29824,4736,384,14208,43008
128x768x768w35-16-28,128,768,768,35,16,28,35-16-28,M0K,82880,4480,3584,896,28,3584,35,16,31808,7840,512,7168,43008
128x768x768w17-24-37,128,768,768,17,24,37,17-24-37,M0K,83888,3264,7104,592,37,7104,17,24,30800,5032,384,14208,43008
128x768x768w19-32-24,128,768,768,19,32,24,19-32-24,M00,85376,4864,6144,384,24,6144,19,32,29312,3648,512,12288,43008
128x768x768w17-16-55,128,768,768,17,16,55,17-16-55,M0K,81296,2176,7040,880,55,7040,17,16,33392,7480,256,14080,43008
128x768x768w20-24-33,128,768,768,20,24,33,20-24-33,M0K,83776,3840,6336,528,33,6336,20,24,30912,5280,384,12672,43008
128x768x768w17-24-38,128,768,768,17,24,38,17-24-38,M0K,83232,3264,7296,608,38,7296,17,24,31456,5168,384,14592,43008
128x768x768w17-16-58,128,768,768,17,16,58,17-16-58,M0K,79712,2176,7424,928,58,7424,17,16,34976,7888,256,14848,43008
128x768x768w16-16-58,128,768,768,16,16,58,16-16-58,00K,80896,2048,7424,928,58,7424,16,16,33792,7424,256,14848,43008
128x768x768w19-16-48,128,768,768,19,16,48,19-16-48,M00,82944,2432,6144,768,48,6144,19,16,31744,7296,256,12288,43008
128x768x768w17-56-16,128,768,768,17,56,16,17-56-16,MN0,80768,7616,7168,256,16,7168,17,56,33920,2176,896,14336,43008
128x768x768w16-16-57,128,768,768,16,16,57,16-16-57,00K,81408,2048,7296,912,57,7296,16,16,33280,7296,256,14592,43008
128x768x768w33-16-28,128,768,768,33,16,28,33-16-28,M0K,84288,4224,3584,896,28,3584,33,16,30400,7392,512,7168,43008
128x768x768w20-16-51,128,768,768,20,16,51,20-16-51,M0K,80192,2560,6528,816,51,6528,20,16,34496,8160,256,13056,43008
128x768x768w20-16-49,128,768,768,20,16,49,20-16-49,M0K,81344,2560,6272,784,49,6272,20,16,33344,7840,256,12544,43008
128x768x768w22-24-28,128,768,768,22,24,28,22-24-28,M0K,85632,4224,5376,448,28,5376,22,24,29056,4928,384,10752,43008
128x768x768w16-56-16,128,768,768,16,56,16,16-56-16,0N0,81920,7168,7168,256,16,7168,16,56,32768,2048,896,14336,43008
128x768x768w20-48-16,128,768,768,20,48,16,20-48-16,M00,81920,7680,6144,256,16,6144,20,48,32768,2560,768,12288,43008
128x768x768w20-16-48,128,768,768,20,16,48,20-16-48,M00,81920,2560,6144,768,48,6144,20,16,32768,7680,256,12288,43008
128x768x768w17-16-57,128,768,768,17,16,57,17-16-57,M0K,80240,2176,7296,912,57,7296,17,16,34448,7752,256,14592,43008
128x768x768w19-24-32,128,768,768,19,24,32,19-24-32,M00,85376,3648,6144,512,32,6144,19,24,29312,4864,384,12288,43008
128x768x768w20-16-50,128,768,768,20,16,50,20-16-50,M0K,80768,2560,6400,800,50,6400,20,16,33920,8000,256,12800,43008
128x768x768w36-16-28,128,768,768,36,16,28,36-16-28,M0K,82176,4608,3584,896,28,3584,36,16,32512,8064,512,7168,43008
128x768x768w34-16-28,128,768,768,34,16,28,34-16-28,M0K,83584,4352,3584,896,28,3584,34,16,31104,7616,512,7168,43008
128x768x768w16-16-55,128,768,768,16,16,55,16-16-55,00K,82432,2048,7040,880,55,7040,16,16,32256,7040,256,14080,43008
128x768x768w16-32-28,128,768,768,16,32,28,16-32-28,00K,84992,4096,7168,448,28,7168,16,32,29696,3584,512,14336,43008
128x768x768w16-16-56,128,768,768,16,16,56,16-16-56,00K,81920,2048,7168,896,56,7168,16,16,32768,7168,256,14336,43008
128x768x768w19-16-49,128,768,768,19,16,49,19-16-49,M0K,82384,2432,6272,784,49,6272,19,16,32304,7448,256,12544,43008
128x768x768w32-16-28,128,768,768,32,16,28,32-16-28,00K,84992,4096,3584,896,28,3584,32,16,29696,7168,512,7168,43008
128x768x768w23-24-28,128,768,768,23,24,28,23-24-28,M0K,84800,4416,5376,448,28,5376,23,24,29888,5152,384,10752,43008
128x768x768w19-24-33,128,768,768,19,24,33,19-24-33,M0K,84688,3648,6336,528,33,6336,19,24,30000,5016,384,12672,43008
128x768x768w17-16-56,128,768,768,17,16,56,17-16-56,M0K,80768,2176,7168,896,56,7168,17,16,33920,7616,256,14336,43008
128x768x768w19-16-50,128,768,768,19,16,50,19-16-50,M0K,81824,2432,6400,800,50,6400,19,16,32864,7600,256,12800,43008
128x768x768w19-48-16,128,768,768,19,48,16,19-48-16,M00,82944,7296,6144,256,16,6144,19,48,31744,2432,768,12288,43008
128x768x768w18-32-25,128,768,768,18,32,25,18-32-25,M0K,85472,4608,6400,400,25,6400,18,32,29216,3600,512,12800,43152
128x768x768w21-16-44,128,768,768,21,16,44,21-16-44,M0K,83264,2688,5632,704,44,5632,21,16,31424,7392,256,11264,43200
128x768x768w21-16-43,128,768,768,21,16,43,21-16-43,M0K,83856,2688,5504,688,43,5504,21,16,30832,7224,256,11008,43200
128x768x768w31-16-31,128,768,768,31,16,31,31-16-31,M0K,83440,3968,3968,744,31,3968,31,16,31248,7688,384,7936,43200
128x768x768w21-16-45,128,768,768,21,16,45,21-16-45,M0K,82672,2688,5760,720,45,5760,21,16,32016,7560,256,11520,43200
128x768x768w21-24-29,128,768,768,21,24,29,21-24-29,M0K,85744,4032,5568,464,29,5568,21,24,28944,4872,384,11136,43200
128x768x768w15-32-31,128,768,768,15,32,31,15-32-31,M0K,83696,3840,7936,248,31,7936,15,32,30992,3720,256,15872,43200
128x768x768w42-24-15,128,768,768,42,24,15,42-24-15,M0K,82720,8064,2880,600,15,2880,42,24,31968,5040,960,5760,43264
128x768x768w25-16-38,128,768,768,25,16,38,25-16-38,M0K,83360,3200,4864,912,38,4864,25,16,31328,7600,384,9728,43344
128x768x768w15-56-18,128,768,768,15,56,18,15-56-18,MNK,80800,6720,8064,144,18,8064,15,56,33888,2160,448,16128,43344
128x768x768w25-16-37,128,768,768,25,16,37,25-16-37,M0K,84016,3200,4736,888,37,4736,25,16,30672,7400,384,9472,43344
128x768x768w30-24-23,128,768,768,30,24,23,30-24-23,M0K,83296,5760,4416,552,23,4416,30,24,31392,5520,576,8832,43520
128x768x768w26-24-23,128,768,768,26,24,23,26-24-23,M0K,86304,4992,4416,552,23,4416,26,24,28384,4784,576,8832,43520
128x768x768w29-24-23,128,768,768,29,24,23,29-24-23,M0K,84048,5568,4416,552,23,4416,29,24,30640,5336,576,8832,43520
128x768x768w16-40-23,128,768,768,16,40,23,16-40-23,0NK,83840,5120,7360,368,23,7360,16,40,30848,2944,640,14720,43520
128x768x768w27-24-23,128,768,768,27,24,23,27-24-23,M0K,85552,5184,4416,552,23,4416,27,24,29136,4968,576,8832,43520
128x768x768w28-24-23,128,768,768,28,24,23,28-24-23,M0K,84800,5376,4416,552,23,4416,28,24,29888,5152,576,8832,43520
128x768x768w17-40-23,128,768,768,17,40,23,17-40-23,MNK,82832,5440,7360,368,23,7360,17,40,31856,3128,640,14720,43520
128x768x768w20-40-20,128,768,768,20,40,20,20-40-20,MNK,82688,6400,6400,320,20,6400,20,40,32000,3200,640,12800,43680
128x768x768w19-40-20,128,768,768,19,40,20,19-40-20,MNK,83648,6080,6400,320,20,6400,19,40,31040,3040,640,12800,43680
128x768x768w42-16-22,128,768,768,42,16,22,42-16-22,M0K,83520,5376,2816,880,22,2816,42,16,31168,7392,640,5632,43680
128x768x768w15-24-41,128,768,768,15,24,41,15-24-41,M0K,83344,2880,7872,328,41,7872,15,24,31344,4920,192,15744,43776
128x768x768w22-16-42,128,768,768,22,16,42,22-16-42,M0K,83520,2816,5376,672,42,5376,22,16,31168,7392,256,10752,43776
128x768x768w23-16-41,128,768,768,23,16,41,23-16-41,M0K,83216,2944,5248,656,41,5248,23,16,31472,7544,256,10496,43776
128x768x768w24-16-41,128,768,768,24,16,41,24-16-41,M0K,82304,3072,5248,984,41,5248,24,16,32384,7872,384,10496,43776
128x768x768w23-16-42,128,768,768,23,16,42,23-16-42,M0K,82592,2944,5376,672,42,5376,23,16,32096,7728,256,10752,43776
128x768x768w15-24-42,128,768,768,15,24,42,15-24-42,M0K,82720,2880,8064,336,42,8064,15,24,31968,5040,192,16128,43776
128x768x768w24-16-42,128,768,768,24,16,42,24-16-42,M0K,81664,3072,5376,1008,42,5376,24,16,33024,8064,384,10752,43776
128x768x768w22-16-41,128,768,768,22,16,41,22-16-41,M0K,84128,2816,5248,656,41,5248,22,16,30560,7216,256,10496,43776
128x768x768w14-48-21,128,768,768,14,48,21,14-48-21,M0K,83104,5376,8064,168,21,8064,14,48,31584,2352,384,16128,43808
128x768x768w21-48-14,128,768,768,21,48,14,21-48-14,M0K,83104,8064,5376,224,14,5376,21,48,31584,2352,768,10752,44000
128x768x768w35-24-18,128,768,768,35,24,18,35-24-18,M0K,84256,6720,3456,576,18,3456,35,24,30432,5040,768,6912,44032
128x768x768w38-24-18,128,768,768,38,24,18,38-24-18,M0K,82240,7296,3456,576,18,3456,38,24,32448,5472,768,6912,44032
128x768x768w32-24-18,128,768,768,32,24,18,32-24-18,00K,86272,6144,3456,576,18,3456,32,24,28416,4608,768,6912,44032
128x768x768w16-48-18,128,768,768,16,48,18,16-48-18,00K,83968,6144,6912,288,18,6912,16,48,30720,2304,768,13824,44032
128x768x768w39-24-18,128,768,768,39,24,18,39-24-18,M0K,81568,7488,3456,576,18,3456,39,24,33120,5616,768,6912,44032
128x768x768w34-24-18,128,768,768,34,24,18,34-24-18,M0K,84928,6528,3456,576,18,3456,34,24,29760,4896,768,6912,44032
128x768x768w40-24-18,128,768,768,40,24,18,40-24-18,M0K,80896,7680,3456,720,18,3456,40,24,33792,5760,960,6912,44032
128x768x768w25-24-24,128,768,768,25,24,24,25-24-24,M00,86272,4800,4608,576,24,4608,25,24,28416,4800,576,9216,44032
128x768x768w33-24-18,128,768,768,33,24,18,33-24-18,M0K,85600,6336,3456,576,18,3456,33,24,29088,4752,768,6912,44032
128x768x768w17-48-18,128,768,768,17,48,18,17-48-18,M0K,82912,6528,6912,288,18,6912,17,48,31776,2448,768,13824,44032
128x768x768w37-24-18,128,768,768,37,24,18,37-24-18,M0K,82912,7104,3456,576,18,3456,37,24,31776,5328,768,6912,44032
128x768x768w36-24-18,128,768,768,36,24,18,36-24-18,M0K,83584,6912,3456,576,18,3456,36,24,31104,5184,768,6912,44032
128x768x768w30-32-17,128,768,768,30,32,17,30-32-17,M0K,82464,7680,4352,408,17,4352,30,32,32224,4080,768,8704,44160
128x768x768w27-16-34,128,768,768,27,16,34,27-16-34,M0K,84384,3456,4352,816,34,4352,27,16,30304,7344,384,8704,44160
128x768x768w29-32-17,128,768,768,29,32,17,29-32-17,M0K,83248,7424,4352,408,17,4352,29,32,31440,3944,768,8704,44160
128x768x768w26-32-17,128,768,768,26,32,17,26-32-17,M0K,85600,6656,4352,408,17,4352,26,32,29088,3536,768,8704,44160
128x768x768w26-16-34,128,768,768,26,16,34,26-16-34,M0K,85184,3328,4352,816,34,4352,26,16,29504,7072,384,8704,44160
128x768x768w30-16-34,128,768,768,30,16,34,30-16-34,M0K,81984,3840,4352,816,34,4352,30,16,32704,8160,384,8704,44160
128x768x768w28-16-34,128,768,768,28,16,34,28-16-34,M0K,83584,3584,4352,816,34,4352,28,16,31104,7616,384,8704,44160
128x768x768w22-40-17,128,768,768,22,40,17,22-40-17,MNK,83744,7040,5440,272,17,5440,22,40,30944,2992,640,10880,44160
128x768x768w23-40-17,128,768,768,23,40,17,23-40-17,MNK,82832,7360,5440,272,17,5440,23,40,31856,3128,640,10880,44160
128x768x768w27-32-17,128,768,768,27,32,17,27-32-17,M0K,84816,6912,4352,408,17,4352,27,32,29872,3672,768,8704,44160
128x768x768w24-40-17,128,768,768,24,40,17,24-40-17,MNK,81920,7680,5440,408,17,5440,24,40,32768,3264,960,10880,44160
128x768x768w28-32-17,128,768,768,28,32,17,28-32-17,M0K,84032,7168,4352,408,17,4352,28,32,30656,3808,768,8704,44160
128x768x768w29-16-34,128,768,768,29,16,34,29-16-34,M0K,82784,3712,4352,816,34,4352,29,16,31904,7888,384,8704,44160
128x768x768w25-32-18,128,768,768,25,32,18,25-32-18,M0K,85472,6400,4608,432,18,4608,25,32,29216,3600,768,9216,44376
128x768x768w14-32-31,128,768,768,14,32,31,14-32-31,M0K,84704,3584,7936,248,31,7936,14,32,29984,3472,256,15872,44400
128x768x768w21-32-21,128,768,768,21,32,21,21-32-21,M0K,86128,5376,5376,336,21,5376,21,32,28560,3528,512,10752,44400
128x768x768w23-24-27,128,768,768,23,24,27,23-24-27,M0K,85552,4416,5184,432,27,5184,23,24,29136,4968,384,10368,44544
128x768x768w18-24-32,128,768,768,18,24,32,18-24-32,M00,86272,3456,6144,512,32,6144,18,24,28416,4608,384,12288,44544
128x768x768w33-16-27,128,768,768,33,16,27,33-16-27,M0K,85072,4224,3456,864,27,3456,33,16,29616,7128,512,6912,44544
128x768x768w37-16-27,128,768,768,37,16,27,37-16-27,M0K,82320,4736,3456,864,27,3456,37,16,32368,7992,512,6912,44544
128x768x768w16-32-27,128,768,768,16,32,27,16-32-27,00K,85760,4096,6912,432,27,6912,16,32,28928,3456,512,13824,44544
128x768x768w18-16-49,128,768,768,18,16,49,18-16-49,M0K,83424,2304,6272,784,49,6272,18,16,31264,7056,256,12544,44544
128x768x768w36-16-27,128,768,768,36,16,27,36-16-27,M0K,83008,4608,3456,864,27,3456,36,16,31680,7776,512,6912,44544
128x768x768w18-16-50,128,768,768,18,16,50,18-16-50,M0K,82880,2304,6400,800,50,6400,18,16,31808,7200,256,12800,44544
128x768x768w34-16-27,128,768,768,34,16,27,34-16-27,M0K,84384,4352,3456,864,27,3456,34,16,30304,7344,512,6912,44544
128x768x768w41-16-24,128,768,768,41,16,24,41-16-24,M00,82304,5248,3072,960,24,3072,41,16,32384,7872,640,6144,44544
128x768x768w18-48-16,128,768,768,18,48,16,18-48-16,M00,83968,6912,6144,256,16,6144,18,48,30720,2304,768,12288,44544
128x768x768w17-32-27,128,768,768,17,32,27,17-32-27,M0K,84816,4352,6912,432,27,6912,17,32,29872,3672,512,13824,44544
128x768x768w41-24-16,128,768,768,41,24,16,41-24-16,M00,82304,7872,3072,640,16,3072,41,24,32384,5248,960,6144,44544
128x768x768w18-16-48,128,768,768,18,16,48,18-16-48,M00,83968,2304,6144,768,48,6144,18,16,30720,6912,256,12288,44544
128x768x768w18-32-24,128,768,768,18,32,24,18-32-24,M00,86272,4608,6144,384,24,6144,18,32,28416,3456,512,12288,44544
128x768x768w18-16-51,128,768,768,18,16,51,18-16-51,M0K,82336,2304,6528,816,51,6528,18,16,32352,7344,256,13056,44544
128x768x768w35-16-27,128,768,768,35,16,27,35-16-27,M0K,83696,4480,3456,864,27,3456,35,16,30992,7560,512,6912,44544
128x768x768w22-24-27,128,768,768,22,24,27,22-24-27,M0K,86368,4224,5184,432,27,5184,22,24,28320,4752,384,10368,44544
128x768x768w32-16-27,128,768,768,32,16,27,32-16-27,00K,85760,4096,3456,864,27,3456,32,16,28928,6912,512,6912,44544
128x768x768w24-24-27,128,768,768,24,24,27,24-24-27,M0K,84736,4608,5184,648,27,5184,24,24,29952,5184,576,10368,44544
128x768x768w18-24-33,128,768,768,18,24,33,18-24-33,M0K,85600,3456,6336,528,33,6336,18,24,29088,4752,384,12672,44544
128x768x768w14-56-18,128,768,768,14,56,18,14-56-18,MNK,81984,6272,8064,144,18,8064,14,56,32704,2016,448,16128,44548
128x768x768w15-40-25,128,768,768,15,40,25,15-40-25,MNK,83088,4800,8000,200,25,8000,15,40,31600,3000,320,16000,44640
128x768x768w18-56-14,128,768,768,18,56,14,18-56-14,MNK,81984,8064,6272,224,14,6272,18,56,32704,2016,896,12544,44660
128x768x768w25-40-15,128,768,768,25,40,15,25-40-15,MNK,83088,8000,4800,360,15,4800,25,40,31600,3000,960,9600,44720
128x768x768w14-72-14,128,768,768,14,72,14,14-72-14,MNK,79296,8064,8064,112,14,8064,14,72,35392,1568,576,16128,44770
128x768x768w27-24-22,128,768,768,27,24,22,27-24-22,M0K,86368,5184,4224,528,22,4224,27,24,28320,4752,576,8448,44800
128x768x768w28-24-22,128,768,768,28,24,22,28-24-22,M0K,85632,5376,4224,528,22,4224,28,24,29056,4928,576,8448,44800
128x768x768w29-24-22,128,768,768,29,24,22,29-24-22,M0K,84896,5568,4224,528,22,4224,29,24,29792,5104,576,8448,44800
128x768x768w16-40-22,128,768,768,16,40,22,16-40-22,0NK,84736,5120,7040,352,22,7040,16,40,29952,2816,640,14080,44800
128x768x768w20-24-31,128,768,768,20,24,31,20-24-31,M0K,85184,3840,5952,496,31,5952,20,24,29504,4960,384,11904,44800
128x768x768w21-24-28,128,768,768,21,24,28,21-24-28,M0K,86464,4032,5376,448,28,5376,21,24,28224,4704,384,10752,44800
128x768x768w26-24-22,128,768,768,26,24,22,26-24-22,M0K,87104,4992,4224,528,22,4224,26,24,27584,4576,576,8448,44800
128x768x768w17-40-22,128,768,768,17,40,22,17-40-22,MNK,83744,5440,7040,352,22,7040,17,40,30944,2992,640,14080,44800
128x768x768w30-24-22,128,768,768,30,24,22,30-24-22,M0K,84160,5760,4224,528,22,4224,30,24,30528,5280,576,8448,44800
128x768x768w19-24-31,128,768,768,19,24,31,19-24-31,M0K,86064,3648,5952,496,31,5952,19,24,28624,4712,384,11904,44800
128x768x768w22-32-20,128,768,768,22,32,20,22-32-20,M0K,86144,5632,5120,320,20,5120,22,32,28544,3520,512,10240,44928
128x768x768w15-16-60,128,768,768,15,16,60,15-16-60,M0K,81088,1920,7680,480,60,7680,15,16,33600,7200,128,15360,44928
128x768x768w51-16-20,128,768,768,51,16,20,51-16-20,M0K,80192,6528,2560,960,20,2560,51,16,34496,8160,768,5120,44928
128x768x768w15-64-15,128,768,768,15,64,15,15-64-15,M0K,80368,7680,7680,120,15,7680,15,64,34320,1800,512,15360,44928
128x768x768w63-16-15,128,768,768,63,16,15,63-16-15,M0K,79600,8064,1920,840,15,1920,63,16,35088,7560,896,3840,44928
128x768x768w31-24-20,128,768,768,31,24,20,31-24-20,M0K,85184,5952,3840,480,20,3840,31,24,29504,4960,576,7680,44928
128x768x768w48-16-20,128,768,768,48,16,20,48-16-20,M0K,81920,6144,2560,960,20,2560,48,16,32768,7680,768,5120,44928
128x768x768w47-16-20,128,768,768,47,16,20,47-16-20,M0K,82496,6016,2560,800,20,2560,47,16,32192,7520,640,5120,44928
128x768x768w23-32-20,128,768,768,23,32,20,23-32-20,M0K,85312,5888,5120,320,20,5120,23,32,29376,3680,512,10240,44928
128x768x768w15-48-20,128,768,768,15,48,20,15-48-20,M0K,83008,5760,7680,160,20,7680,15,48,31680,2400,384,15360,44928
128x768x768w15-32-30,128,768,768,15,32,30,15-32-30,M0K,84448,3840,7680,240,30,7680,15,32,30240,3600,256,15360,44928
128x768x768w49-16-20,128,768,768,49,16,20,49-16-20,M0K,81344,6272,2560,960,20,2560,49,16,33344,7840,768,5120,44928
128x768x768w46-16-20,128,768,768,46,16,20,46-16-20,M0K,83072,5888,2560,800,20,2560,46,16,31616,7360,640,5120,44928
128x768x768w44-16-20,128,768,768,44,16,20,44-16-20,M0K,84224,5632,2560,800,20,2560,44,16,30464,7040,640,5120,44928
128x768x768w15-16-62,128,768,768,15,16,62,15-16-62,M0K,80096,1920,7936,496,62,7936,15,16,34592,7440,128,15872,44928
128x768x768w31-32-15,128,768,768,31,32,15,31-32-15,M0K,83696,7936,3840,360,15,3840,31,32,30992,3720,768,7680,44928
128x768x768w43-16-20,128,768,768,43,16,20,43-16-20,M0K,84800,5504,2560,800,20,2560,43,16,29888,6880,640,5120,44928
128x768x768w15-16-63,128,768,768,15,16,63,15-16-63,M0K,79600,1920,8064,504,63,8064,15,16,35088,7560,128,16128,44928
128x768x768w15-16-61,128,768,768,15,16,61,15-16-61,M0K,80592,1920,7808,488,61,7808,15,16,34096,7320,128,15616,44928
128x768x768w50-16-20,128,768,768,50,16,20,50-16-20,M0K,80768,6400,2560,960,20,2560,50,16,33920,8000,768,5120,44928
128x768x768w24-32-20,128,768,768,24,32,20,24-32-20,M0K,84480,6144,5120,480,20,5120,24,32,30208,3840,768,10240,44928
128x768x768w31-16-30,128,768,768,31,16,30,31-16-30,M0K,84192,3968,3840,720,30,3840,31,16,30496,7440,384,7680,44928
128x768x768w45-16-20,128,768,768,45,16,20,45-16-20,M0K,83648,5760,2560,800,20,2560,45,16,31040,7200,640,5120,44928
128x768x768w14-24-42,128,768,768,14,24,42,14-24-42,M0K,83776,2688,8064,336,42,8064,14,24,30912,4704,192,16128,44992
128x768x768w14-24-41,128,768,768,14,24,41,14-24-41,M0K,84384,2688,7872,328,41,7872,14,24,30304,4592,192,15744,44992
128x768x768w16-24-36,128,768,768,16,24,36,16-24-36,00K,85504,3072,6912,576,36,6912,16,24,29184,4608,384,13824,45056
128x768x768w17-24-36,128,768,768,17,24,36,17-24-36,M0K,84544,3264,6912,576,36,6912,17,24,30144,4896,384,13824,45056
128x768x768w17-24-35,128,768,768,17,24,35,17-24-35,M0K,85200,3264,6720,560,35,6720,17,24,29488,4760,384,13440,45056
128x768x768w16-24-35,128,768,768,16,24,35,16-24-35,00K,86144,3072,6720,560,35,6720,16,24,28544,4480,384,13440,45056
128x768x768w18-40-20,128,768,768,18,40,20,18-40-20,MNK,84608,5760,6400,320,20,6400,18,40,30080,2880,640,12800,45240
128x768x768w25-16-35,128,768,768,25,16,35,25-16-35,M0K,85328,3200,4480,840,35,4480,25,16,29360,7000,384,8960,45408
128x768x768w25-16-36,128,768,768,25,16,36,25-16-36,M0K,84672,3200,4608,864,36,4608,25,16,30016,7200,384,9216,45408
128x768x768w21-16-41,128,768,768,21,16,41,21-16-41,M0K,85040,2688,5248,656,41,5248,21,16,29648,6888,256,10496,45600
128x768x768w21-16-42,128,768,768,21,16,42,21-16-42,M0K,84448,2688,5376,672,42,5376,21,16,30240,7056,256,10752,45600
128x768x768w20-32-23,128,768,768,20,32,23,20-32-23,M0K,85312,5120,5888,368,23,5888,20,32,29376,3680,512,11776,45696
128x768x768w19-16-47,128,768,768,19,16,47,19-16-47,M0K,83504,2432,6016,752,47,6016,19,16,31184,7144,256,12032,45696
128x768x768w20-16-46,128,768,768,20,16,46,20-16-46,M0K,83072,2560,5888,736,46,5888,20,16,31616,7360,256,11776,45696
128x768x768w19-32-23,128,768,768,19,32,23,19-32-23,M0K,86192,4864,5888,368,23,5888,19,32,28496,3496,512,11776,45696
128x768x768w19-16-46,128,768,768,19,16,46,19-16-46,M0K,84064,2432,5888,736,46,5888,19,16,30624,6992,256,11776,45696
128x768x768w20-16-47,128,768,768,20,16,47,20-16-47,M0K,82496,2560,6016,752,47,6016,20,16,32192,7520,256,12032,45696
128x768x768w42-24-14,128,768,768,42,24,14,42-24-14,M0K,83776,8064,2688,560,14,2688,42,24,30912,4704,960,5376,45760
128x768x768w14-40-25,128,768,768,14,40,25,14-40-25,MNK,84128,4480,8000,200,25,8000,14,40,30560,2800,320,16000,45880
128x768x768w19-40-19,128,768,768,19,40,19,19-40-19,MNK,84592,6080,6080,304,19,6080,19,40,30096,2888,640,12160,45920
128x768x768w20-40-19,128,768,768,20,40,19,20-40-19,MNK,83648,6400,6080,304,19,6080,20,40,31040,3040,640,12160,45920
128x768x768w21-40-17,128,768,768,21,40,17,21-40-17,MNK,84656,6720,5440,272,17,5440,21,40,30032,2856,640,10880,46000
128x768x768w32-16-26,128,768,768,32,16,26,32-16-26,00K,86528,4096,3328,832,26,3328,32,16,28160,6656,512,6656,46080
128x768x768w17-16-54,128,768,768,17,16,54,17-16-54,M0K,81824,2176,6912,864,54,6912,17,16,32864,7344,256,13824,46080
128x768x768w23-24-26,128,768,768,23,24,26,23-24-26,M0K,86304,4416,4992,416,26,4992,23,24,28384,4784,384,9984,46080
128x768x768w24-16-40,128,768,768,24,16,40,24-16-40,M0K,82944,3072,5120,960,40,5120,24,16,31744,7680,384,10240,46080
128x768x768w13-16-64,128,768,768,13,16,64,13-16-64,M00,81664,1664,8192,512,64,8192,13,16,33024,6656,128,16384,46080
128x768x768w24-24-26,128,768,768,24,24,26,24-24-26,M0K,85504,4608,4992,624,26,4992,24,24,29184,4992,576,9984,46080
128x768x768w33-16-26,128,768,768,33,16,26,33-16-26,M0K,85856,4224,3328,832,26,3328,33,16,28832,6864,512,6656,46080
128x768x768w22-40-16,128,768,768,22,40,16,22-40-16,MN0,84736,7040,5120,256,16,5120,22,40,29952,2816,640,10240,46080
128x768x768w24-16-39,128,768,768,24,16,39,24-16-39,M0K,83584,3072,4992,936,39,4992,24,16,31104,7488,384,9984,46080
128x768x768w29-16-33,128,768,768,29,16,33,29-16-33,M0K,83504,3712,4224,792,33,4224,29,16,31184,7656,384,8448,46080
128x768x768w26-32-16,128,768,768,26,32,16,26-32-16,M00,86528,6656,4096,384,16,4096,26,32,28160,3328,768,8192,46080
128x768x768w39-16-26,128,768,768,39,16,26,39-16-26,M0K,81824,4992,3328,832,26,3328,39,16,32864,8112,512,6656,46080
128x768x768w13-32-32,128,768,768,13,32,32,13-32-32,M00,84992,3328,8192,256,32,8192,13,32,29696,3328,256,16384,46080
128x768x768w17-16-52,128,768,768,17,16,52,17-16-52,M0K,82880,2176,6656,832,52,6656,17,16,31808,7072,256,13312,46080
128x768x768w22-24-26,128,768,768,22,24,26,22-24-26,M0K,87104,4224,4992,416,26,4992,22,24,27584,4576,384,9984,46080
128x768x768w23-40-16,128,768,768,23,40,16,23-40-16,MN0,83840,7360,5120,256,16,5120,23,40,30848,2944,640,10240,46080
128x768x768w13-64-16,128,768,768,13,64,16,13-64-16,M00,81664,6656,8192,128,16,8192,13,64,33024,1664,512,16384,46080
128x768x768w30-16-32,128,768,768,30,16,32,30-16-32,M00,83456,3840,4096,768,32,4096,30,16,31232,7680,384,8192,46080
128x768x768w17-32-26,128,768,768,17,32,26,17-32-26,M0K,85600,4352,6656,416,26,6656,17,32,29088,3536,512,13312,46080
128x768x768w22-16-39,128,768,768,22,16,39,22-16-39,M0K,85344,2816,4992,624,39,4992,22,16,29344,6864,256,9984,46080
128x768x768w26-16-33,128,768,768,26,16,33,26-16-33,M0K,85856,3328,4224,792,33,4224,26,16,28832,6864,384,8448,46080
128x768x768w27-16-32,128,768,768,27,16,32,27-16-32,M00,85760,3456,4096,768,32,4096,27,16,28928,6912,384,8192,46080
128x768x768w26-16-32,128,768,768,26,16,32,26-16-32,M00,86528,3328,4096,768,32,4096,26,16,28160,6656,384,8192,46080
128x768x768w17-16-53,128,768,768,17,16,53,17-16-53,M0K,82352,2176,6784,848,53,6784,17,16,32336,7208,256,13568,46080
128x768x768w24-40-16,128,768,768,24,40,16,24-40-16,MN0,82944,7680,5120,384,16,5120,24,40,31744,3072,960,10240,46080
128x768x768w28-16-32,128,768,768,28,16,32,28-16-32,M00,84992,3584,4096,768,32,4096,28,16,29696,7168,384,8192,46080
128x768x768w28-32-16,128,768,768,28,32,16,28-32-16,M00,84992,7168,4096,384,16,4096,28,32,29696,3584,768,8192,46080
128x768x768w27-32-16,128,768,768,27,32,16,27-32-16,M00,85760,6912,4096,384,16,4096,27,32,28928,3456,768,8192,46080
128x768x768w15-40-24,128,768,768,15,40,24,15-40-24,MN0,83968,4800,7680,192,24,7680,15,40,30720,2880,320,15360,46080
128x768x768w15-24-40,128,768,768,15,24,40,15-24-40,M0K,83968,2880,7680,320,40,7680,15,24,30720,4800,192,15360,46080
128x768x768w16-32-26,128,768,768,16,32,26,16-32-26,00K,86528,4096,6656,416,26,6656,16,32,28160,3328,512,13312,46080
128x768x768w16-16-54,128,768,768,16,16,54,16-16-54,00K,82944,2048,6912,864,54,6912,16,16,31744,6912,256,13824,46080
128x768x768w23-16-39,128,768,768,23,16,39,23-16-39,M0K,84464,2944,4992,624,39,4992,23,16,30224,7176,256,9984,46080
128x768x768w30-32-16,128,768,768,30,32,16,30-32-16,M00,83456,7680,4096,384,16,4096,30,32,31232,3840,768,8192,46080
128x768x768w29-16-32,128,768,768,29,16,32,29-16-32,M00,84224,3712,4096,768,32,4096,29,16,30464,7424,384,8192,46080
128x768x768w15-24-39,128,768,768,15,24,39,15-24-39,M0K,84592,2880,7488,312,39,7488,15,24,30096,4680,192,14976,46080
128x768x768w28-16-33,128,768,768,28,16,33,28-16-33,M0K,84288,3584,4224,792,33,4224,28,16,30400,7392,384,8448,46080
128x768x768w35-16-26,128,768,768,35,16,26,35-16-26,M0K,84512,4480,3328,832,26,3328,35,16,30176,7280,512,6656,46080
128x768x768w62-16-16,128,768,768,62,16,16,62-16-16,M00,78848,7936,2048,896,16,2048,62,16,35840,7936,896,4096,46080
128x768x768w36-16-26,128,768,768,36,16,26,36-16-26,M0K,83840,4608,3328,832,26,3328,36,16,30848,7488,512,6656,46080
128x768x768w22-16-40,128,768,768,22,16,40,22-16-40,M0K,84736,2816,5120,640,40,5120,22,16,29952,7040,256,10240,46080
128x768x768w38-16-26,128,768,768,38,16,26,38-16-26,M0K,82496,4864,3328,832,26,3328,38,16,32192,7904,512,6656,46080
128x768x768w37-16-26,128,768,768,37,16,26,37-16-26,M0K,83168,4736,3328,832,26,3328,37,16,31520,7696,512,6656,46080
128x768x768w34-16-26,128,768,768,34,16,26,34-16-26,M0K,85184,4352,3328,832,26,3328,34,16,29504,7072,512,6656,46080
128x768x768w23-16-40,128,768,768,23,16,40,23-16-40,M0K,83840,2944,5120,640,40,5120,23,16,30848,7360,256,10240,46080
128x768x768w30-16-33,128,768,768,30,16,33,30-16-33,M0K,82720,3840,4224,792,33,4224,30,16,31968,7920,384,8448,46080
128x768x768w16-16-53,128,768,768,16,16,53,16-16-53,00K,83456,2048,6784,848,53,6784,16,16,31232,6784,256,13568,46080
128x768x768w27-16-33,128,768,768,27,16,33,27-16-33,M0K,85072,3456,4224,792,33,4224,27,16,29616,7128,384,8448,46080
128x768x768w29-32-16,128,768,768,29,32,16,29-32-16,M00,84224,7424,4096,384,16,4096,29,32,30464,3712,768,8192,46080
128x768x768w16-16-52,128,768,768,16,16,52,16-16-52,00K,83968,2048,6656,832,52,6656,16,16,30720,6656,256,13312,46080
128x768x768w14-64-15,128,768,768,14,64,15,14-64-15,M0K,81632,7168,7680,120,15,7680,14,64,33056,1680,512,15360,46176
128x768x768w14-16-60,128,768,768,14,16,60,14-16-60,M0K,82304,1792,7680,480,60,7680,14,16,32384,6720,128,15360,46176
128x768x768w14-32-30,128,768,768,14,32,30,14-32-30,M0K,85440,3584,7680,240,30,7680,14,32,29248,3360,256,15360,46176
128x768x768w14-48-20,128,768,768,14,48,20,14-48-20,M0K,84096,5376,7680,160,20,7680,14,48,30592,2240,384,15360,46176
128x768x768w42-16-21,128,768,768,42,16,21,42-16-21,M0K,84448,5376,2688,840,21,2688,42,16,30240,7056,640,5376,46176
128x768x768w14-16-61,128,768,768,14,16,61,14-16-61,M0K,81824,1792,7808,488,61,7808,14,16,32864,6832,128,15616,46176
128x768x768w14-16-62,128,768,768,14,16,62,14-16-62,M0K,81344,1792,7936,496,62,7936,14,16,33344,6944,128,15872,46176
128x768x768w14-16-63,128,768,768,14,16,63,14-16-63,M0K,80864,1792,8064,504,63,8064,14,16,33824,7056,128,16128,46176
128x768x768w15-56-17,128,768,768,15,56,17,15-56-17,MNK,81936,6720,7616,136,17,7616,15,56,32752,2040,448,15232,46368
128x768x768w21-24-27,128,768,768,21,24,27,21-24-27,M0K,87184,4032,5184,432,27,5184,21,24,27504,4536,384,10368,46400
128x768x768w18-24-31,128,768,768,18,24,31,18-24-31,M0K,86944,3456,5952,496,31,5952,18,24,27744,4464,384,11904,46400
128x768x768w17-56-15,128,768,768,17,56,15,17-56-15,MNK,81936,7616,6720,240,15,6720,17,56,32752,2040,896,13440,46592
128x768x768w20-24-30,128,768,768,20,24,30,20-24-30,M0K,85888,3840,5760,480,30,5760,20,24,28800,4800,384,11520,46592
128x768x768w16-56-15,128,768,768,16,56,15,16-56-15,0NK,83072,7168,6720,240,15,6720,16,56,31616,1920,896,13440,46592
128x768x768w19-48-15,128,768,768,19,48,15,19-48-15,M0K,84016,7296,5760,240,15,5760,19,48,30672,2280,768,11520,46592
128x768x768w19-24-30,128,768,768,19,24,30,19-24-30,M0K,86752,3648,5760,480,30,5760,19,24,27936,4560,384,11520,46592
128x768x768w20-48-15,128,768,768,20,48,15,20-48-15,M0K,83008,7680,5760,240,15,5760,20,48,31680,2400,768,11520,46592
128x768x768w15-32-29,128,768,768,15,32,29,15-32-29,M0K,85200,3840,7424,232,29,7424,15,32,29488,3480,256,14848,46656
128x768x768w31-16-29,128,768,768,31,16,29,31-16-29,M0K,84944,3968,3712,696,29,3712,31,16,29744,7192,384,7424,46656
128x768x768w25-24-23,128,768,768,25,24,23,25-24-23,M0K,87056,4800,4416,552,23,4416,25,24,27632,4600,576,8832,46784
128x768x768w21-32-20,128,768,768,21,32,20,21-32-20,M0K,86976,5376,5120,320,20,5120,21,32,27712,3360,512,10240,46800
128x768x768w19-32-22,128,768,768,19,32,22,19-32-22,M0K,87008,4864,5632,352,22,5632,19,32,27680,3344,512,11264,47040
128x768x768w20-32-22,128,768,768,20,32,22,20-32-22,M0K,86144,5120,5632,352,22,5632,20,32,28544,3520,512,11264,47040
128x768x768w37-24-17,128,768,768,37,24,17,37-24-17,M0K,83888,7104,3264,544,17,3264,37,24,30800,5032,768,6528,47104
128x768x768w36-24-17,128,768,768,36,24,17,36-24-17,M0K,84544,6912,3264,544,17,3264,36,24,30144,4896,768,6528,47104
128x768x768w35-24-17,128,768,768,35,24,17,35-24-17,M0K,85200,6720,3264,544,17,3264,35,24,29488,4760,768,6528,47104
128x768x768w38-24-17,128,768,768,38,24,17,38-24-17,M0K,83232,7296,3264,544,17,3264,38,24,31456,5168,768,6528,47104
128x768x768w17-24-34,128,768,768,17,24,34,17-24-34,M0K,85856,3264,6528,544,34,6528,17,24,28832,4624,384,13056,47104
128x768x768w16-24-34,128,768,768,16,24,34,16-24-34,00K,86784,3072,6528,544,34,6528,16,24,27904,4352,384,13056,47104
128x768x768w16-48-17,128,768,768,16,48,17,16-48-17,00K,84992,6144,6528,272,17,6528,16,48,29696,2176,768,13056,47104
128x768x768w17-48-17,128,768,768,17,48,17,17-48-17,M0K,83952,6528,6528,272,17,6528,17,48,30736,2312,768,13056,47104
128x768x768w33-24-17,128,768,768,33,24,17,33-24-17,M0K,86512,6336,3264,544,17,3264,33,24,28176,4488,768,6528,47104
128x768x768w34-24-17,128,768,768,34,24,17,34-24-17,M0K,85856,6528,3264,544,17,3264,34,24,28832,4624,768,6528,47104
128x768x768w32-24-17,128,768,768,32,24,17,32-24-17,00K,87168,6144,3264,544,17,3264,32,24,27520,4352,768,6528,47104
128x768x768w39-24-17,128,768,768,39,24,17,39-24-17,M0K,82576,7488,3264,544,17,3264,39,24,32112,5304,768,6528,47104
128x768x768w40-24-17,128,768,768,40,24,17,40-24-17,M0K,81920,7680,3264,680,17,3264,40,24,32768,5440,960,6528,47104
128x768x768w24-32-19,128,768,768,24,32,19,24-32-19,M0K,85376,6144,4864,456,19,4864,24,32,29312,3648,768,9728,47232
128x768x768w49-16-19,128,768,768,49,16,19,49-16-19,M0K,82384,6272,2432,912,19,2432,49,16,32304,7448,768,4864,47232
128x768x768w51-16-19,128,768,768,51,16,19,51-16-19,M0K,81264,6528,2432,912,19,2432,51,16,33424,7752,768,4864,47232
128x768x768w15-48-19,128,768,768,15,48,19,15-48-19,M0K,84016,5760,7296,152,19,7296,15,48,30672,2280,384,14592,47232
128x768x768w46-16-19,128,768,768,46,16,19,46-16-19,M0K,84064,5888,2432,760,19,2432,46,16,30624,6992,640,4864,47232
128x768x768w50-16-19,128,768,768,50,16,19,50-16-19,M0K,81824,6400,2432,912,19,2432,50,16,32864,7600,768,4864,47232
128x768x768w48-16-19,128,768,768,48,16,19,48-16-19,M0K,82944,6144,2432,912,19,2432,48,16,31744,7296,768,4864,47232
128x768x768w22-32-19,128,768,768,22,32,19,22-32-19,M0K,87008,5632,4864,304,19,4864,22,32,27680,3344,512,9728,47232
128x768x768w43-16-19,128,768,768,43,16,19,43-16-19,M0K,85744,5504,2432,760,19,2432,43,16,28944,6536,640,4864,47232
128x768x768w31-24-19,128,768,768,31,24,19,31-24-19,M0K,86064,5952,3648,456,19,3648,31,24,28624,4712,576,7296,47232
128x768x768w52-16-19,128,768,768,52,16,19,52-16-19,M0K,80704,6656,2432,912,19,2432,52,16,33984,7904,768,4864,47232
128x768x768w44-16-19,128,768,768,44,16,19,44-16-19,M0K,85184,5632,2432,760,19,2432,44,16,29504,6688,640,4864,47232
128x768x768w53-16-19,128,768,768,53,16,19,53-16-19,M0K,80144,6784,2432,912,19,2432,53,16,34544,8056,768,4864,47232
128x768x768w47-16-19,128,768,768,47,16,19,47-16-19,M0K,83504,6016,2432,760,19,2432,47,16,31184,7144,640,4864,47232
128x768x768w23-32-19,128,768,768,23,32,19,23-32-19,M0K,86192,5888,4864,304,19,4864,23,32,28496,3496,512,9728,47232
128x768x768w45-16-19,128,768,768,45,16,19,45-16-19,M0K,84624,5760,2432,760,19,2432,45,16,30064,6840,640,4864,47232
128x768x768w25-40-14,128,768,768,25,40,14,25-40-14,MNK,84128,8000,4480,336,14,4480,25,40,30560,2800,960,8960,47300
128x768x768w18-32-23,128,768,768,18,32,23,18-32-23,M0K,87072,4608,5888,368,23,5888,18,32,27616,3312,512,11776,47328
128x768x768w18-16-47,128,768,768,18,16,47,18-16-47,M0K,84512,2304,6016,752,47,6016,18,16,30176,6768,256,12032,47328
128x768x768w41-16-23,128,768,768,41,16,23,41-16-23,M0K,83216,5248,2944,920,23,2944,41,16,31472,7544,640,5888,47328
128x768x768w18-16-46,128,768,768,18,16,46,18-16-46,M0K,85056,2304,5888,736,46,5888,18,16,29632,6624,256,11776,47328
128x768x768w30-24-21,128,768,768,30,24,21,30-24-21,M0K,85024,5760,4032,504,21,4032,30,24,29664,5040,576,8064,47360
128x768x768w26-24-21,128,768,768,26,24,21,26-24-21,M0K,87904,4992,4032,504,21,4032,26,24,26784,4368,576,8064,47360
128x768x768w28-24-21,128,768,768,28,24,21,28-24-21,M0K,86464,5376,4032,504,21,4032,28,24,28224,4704,576,8064,47360
128x768x768w16-40-21,128,768,768,16,40,21,16-40-21,0NK,85632,5120,6720,336,21,6720,16,40,29056,2688,640,13440,47360
128x768x768w29-24-21,128,768,768,29,24,21,29-24-21,M0K,85744,5568,4032,504,21,4032,29,24,28944,4872,576,8064,47360
128x768x768w14-24-40,128,768,768,14,24,40,14-24-40,M0K,84992,2688,7680,320,40,7680,14,24,29696,4480,192,15360,47360
128x768x768w13-48-21,128,768,768,13,48,21,13-48-21,M0K,84208,4992,8064,168,21,8064,13,48,30480,2184,384,16128,47360
128x768x768w17-40-21,128,768,768,17,40,21,17-40-21,MNK,84656,5440,6720,336,21,6720,17,40,30032,2856,640,13440,47360
128x768x768w14-24-39,128,768,768,14,24,39,14-24-39,M0K,85600,2688,7488,312,39,7488,14,24,29088,4368,192,14976,47360
128x768x768w27-24-21,128,768,768,27,24,21,27-24-21,M0K,87184,5184,4032,504,21,4032,27,24,27504,4536,576,8064,47360
128x768x768w14-40-24,128,768,768,14,40,24,14-40-24,MN0,84992,4480,7680,192,24,7680,14,40,29696,2688,320,15360,47360
128x768x768w25-16-34,128,768,768,25,16,34,25-16-34,M0K,85984,3200,4352,816,34,4352,25,16,28704,6800,384,8704,47472
128x768x768w25-32-17,128,768,768,25,32,17,25-32-17,M0K,86384,6400,4352,408,17,4352,25,32,28304,3400,768,8704,47472
128x768x768w63-16-14,128,768,768,63,16,14,63-16-14,M0K,80864,8064,1792,784,14,1792,63,16,33824,7056,896,3584,47520
128x768x768w15-64-14,128,768,768,15,64,14,15-64-14,M0K,81632,7680,7168,112,14,7168,15,64,33056,1680,512,14336,47520
128x768x768w31-32-14,128,768,768,31,32,14,31-32-14,M0K,84704,7936,3584,336,14,3584,31,32,29984,3472,768,7168,47520
128x768x768w18-40-19,128,768,768,18,40,19,18-40-19,MNK,85536,5760,6080,304,19,6080,18,40,29152,2736,640,12160,47560
128x768x768w33-16-25,128,768,768,33,16,25,33-16-25,M0K,86640,4224,3200,800,25,3200,33,16,28048,6600,512,6400,47616
128x768x768w17-32-25,128,768,768,17,32,25,17-32-25,M0K,86384,4352,6400,400,25,6400,17,32,28304,3400,512,12800,47616
128x768x768w36-16-25,128,768,768,36,16,25,36-16-25,M0K,84672,4608,3200,800,25,3200,36,16,30016,7200,512,6400,47616
128x768x768w23-24-25,128,768,768,23,24,25,23-24-25,M0K,87056,4416,4800,400,25,4800,23,24,27632,4600,384,9600,47616
128x768x768w22-24-25,128,768,768,22,24,25,22-24-25,M0K,87840,4224,4800,400,25,4800,22,24,26848,4400,384,9600,47616
128x768x768w40-16-25,128,768,768,40,16,25,40-16-25,M0K,82048,5120,3200,1000,25,3200,40,16,32640,8000,640,6400,47616
128x768x768w35-16-25,128,768,768,35,16,25,35-16-25,M0K,85328,4480,3200,800,25,3200,35,16,29360,7000,512,6400,47616
128x768x768w38-16-25,128,768,768,38,16,25,38-16-25,M0K,83360,4864,3200,800,25,3200,38,16,31328,7600,512,6400,47616
128x768x768w39-16-25,128,768,768,39,16,25,39-16-25,M0K,82704,4992,3200,800,25,3200,39,16,31984,7800,512,6400,47616
128x768x768w37-16-25,128,768,768,37,16,25,37-16-25,M0K,84016,4736,3200,800,25,3200,37,16,30672,7400,512,6400,47616
128x768x768w16-32-25,128,768,768,16,32,25,16-32-25,00K,87296,4096,6400,400,25,6400,16,32,27392,3200,512,12800,47616
128x768x768w32-16-25,128,768,768,32,16,25,32-16-25,00K,87296,4096,3200,800,25,3200,32,16,27392,6400,512,6400,47616
128x768x768w24-24-25,128,768,768,24,24,25,24-24-25,M0K,86272,4608,4800,600,25,4800,24,24,28416,4800,576,9600,47616
128x768x768w34-16-25,128,768,768,34,16,25,34-16-25,M0K,85984,4352,3200,800,25,3200,34,16,28704,6800,512,6400,47616
128x768x768w14-56-17,128,768,768,14,56,17,14-56-17,MNK,83104,6272,7616,136,17,7616,14,56,31584,1904,448,15232,47656
128x768x768w14-32-29,128,768,768,14,32,29,14-32-29,M0K,86176,3584,7424,232,29,7424,14,32,28512,3248,256,14848,47952
128x768x768w21-40-16,128,768,768,21,40,16,21-40-16,MN0,85632,6720,5120,256,16,5120,21,40,29056,2688,640,10240,48000
128x768x768w21-16-40,128,768,768,21,16,40,21-16-40,M0K,85632,2688,5120,640,40,5120,21,16,29056,6720,256,10240,48000
128x768x768w29-16-31,128,768,768,29,16,31,29-16-31,M0K,84944,3712,3968,744,31,3968,29,16,29744,7192,384,7936,48000
128x768x768w26-16-31,128,768,768,26,16,31,26-16-31,M0K,87200,3328,3968,744,31,3968,26,16,27488,6448,384,7936,48000
128x768x768w21-24-26,128,768,768,21,24,26,21-24-26,M0K,87904,4032,4992,416,26,4992,21,24,26784,4368,384,9984,48000
128x768x768w13-32-31,128,768,768,13,32,31,13-32-31,M0K,85712,3328,7936,248,31,7936,13,32,28976,3224,256,15872,48000
128x768x768w28-16-31,128,768,768,28,16,31,28-16-31,M0K,85696,3584,3968,744,31,3968,28,16,28992,6944,384,7936,48000
128x768x768w27-16-31,128,768,768,27,16,31,27-16-31,M0K,86448,3456,3968,744,31,3968,27,16,28240,6696,384,7936,48000
128x768x768w30-16-31,128,768,768,30,16,31,30-16-31,M0K,84192,3840,3968,744,31,3968,30,16,30496,7440,384,7936,48000
128x768x768w21-16-39,128,768,768,21,16,39,21-16-39,M0K,86224,2688,4992,624,39,4992,21,16,28464,6552,256,9984,48000
128x768x768w20-40-18,128,768,768,20,40,18,20-40-18,MNK,84608,6400,5760,288,18,5760,20,40,30080,2880,640,11520,48160
128x768x768w19-40-18,128,768,768,19,40,18,19-40-18,MNK,85536,6080,5760,288,18,5760,19,40,29152,2736,640,11520,48160
128x768x768w13-56-18,128,768,768,13,56,18,13-56-18,MNK,83168,5824,8064,144,18,8064,13,56,31520,1872,448,16128,48160
128x768x768w25-24-22,128,768,768,25,24,22,25-24-22,M0K,87840,4800,4224,528,22,4224,25,24,26848,4400,576,8448,48160
128x768x768w18-24-30,128,768,768,18,24,30,18-24-30,M0K,87616,3456,5760,480,30,5760,18,24,27072,4320,384,11520,48256
128x768x768w18-48-15,128,768,768,18,48,15,18-48-15,M0K,85024,6912,5760,240,15,5760,18,48,29664,2160,768,11520,48256
128x768x768w41-24-15,128,768,768,41,24,15,41-24-15,M0K,83344,7872,2880,600,15,2880,41,24,31344,4920,960,5760,48256
128x768x768w24-16-38,128,768,768,24,16,38,24-16-38,M0K,84224,3072,4864,912,38,4864,24,16,30464,7296,384,9728,48384
128x768x768w24-16-37,128,768,768,24,16,37,24-16-37,M0K,84864,3072,4736,888,37,4736,24,16,29824,7104,384,9472,48384
128x768x768w15-16-57,128,768,768,15,16,57,15-16-57,M0K,82576,1920,7296,456,57,7296,15,16,32112,6840,128,14592,48384
128x768x768w15-16-58,128,768,768,15,16,58,15-16-58,M0K,82080,1920,7424,464,58,7424,15,16,32608,6960,128,14848,48384
128x768x768w15-24-37,128,768,768,15,24,37,15-24-37,M0K,85840,2880,7104,296,37,7104,15,24,28848,4440,192,14208,48384
128x768x768w15-56-16,128,768,768,15,56,16,15-56-16,MN0,83072,6720,7168,128,16,7168,15,56,31616,1920,448,14336,48384
128x768x768w31-16-28,128,768,768,31,16,28,31-16-28,M0K,85696,3968,3584,672,28,3584,31,16,28992,6944,384,7168,48384
128x768x768w19-16-45,128,768,768,19,16,45,19-16-45,M0K,84624,2432,5760,720,45,5760,19,16,30064,6840,256,11520,48384
128x768x768w20-24-29,128,768,768,20,24,29,20-24-29,M0K,86592,3840,5568,464,29,5568,20,24,28096,4640,384,11136,48384
128x768x768w22-16-38,128,768,768,22,16,38,22-16-38,M0K,85952,2816,4864,608,38,4864,22,16,28736,6688,256,9728,48384
128x768x768w22-16-37,128,768,768,22,16,37,22-16-37,M0K,86560,2816,4736,592,37,4736,22,16,28128,6512,256,9472,48384
128x768x768w15-16-55,128,768,768,15,16,55,15-16-55,M0K,83568,1920,7040,440,55,7040,15,16,31120,6600,128,14080,48384
128x768x768w23-16-37,128,768,768,23,16,37,23-16-37,M0K,85712,2944,4736,592,37,4736,23,16,28976,6808,256,9472,48384
128x768x768w15-16-56,128,768,768,15,16,56,15-16-56,M0K,83072,1920,7168,448,56,7168,15,16,31616,6720,128,14336,48384
128x768x768w20-16-45,128,768,768,20,16,45,20-16-45,M0K,83648,2560,5760,720,45,5760,20,16,31040,7200,256,11520,48384
128x768x768w19-16-43,128,768,768,19,16,43,19-16-43,M0K,85744,2432,5504,688,43,5504,19,16,28944,6536,256,11008,48384
128x768x768w19-24-29,128,768,768,19,24,29,19-24-29,M0K,87440,3648,5568,464,29,5568,19,24,27248,4408,384,11136,48384
128x768x768w19-16-44,128,768,768,19,16,44,19-16-44,M0K,85184,2432,5632,704,44,5632,19,16,29504,6688,256,11264,48384
128x768x768w20-16-43,128,768,768,20,16,43,20-16-43,M0K,84800,2560,5504,688,43,5504,20,16,29888,6880,256,11008,48384
128x768x768w20-16-44,128,768,768,20,16,44,20-16-44,M0K,84224,2560,5632,704,44,5632,20,16,30464,7040,256,11264,48384
128x768x768w15-32-28,128,768,768,15,32,28,15-32-28,M0K,85952,3840,7168,224,28,7168,15,32,28736,3360,256,14336,48384
128x768x768w23-16-38,128,768,768,23,16,38,23-16-38,M0K,85088,2944,4864,608,38,4864,23,16,29600,6992,256,9728,48384
128x768x768w15-24-38,128,768,768,15,24,38,15-24-38,M0K,85216,2880,7296,304,38,7296,15,24,29472,4560,192,14592,48384
128x768x768w13-72-14,128,768,768,13,72,14,13-72-14,MNK,80672,7488,8064,112,14,8064,13,72,34016,1456,576,16128,48400
128x768x768w14-48-19,128,768,768,14,48,19,14-48-19,M0K,85088,5376,7296,152,19,7296,14,48,29600,2128,384,14592,48544
128x768x768w13-24-42,128,768,768,13,24,42,13-24-42,M0K,84832,2496,8064,336,42,8064,13,24,29856,4368,192,16128,48640
128x768x768w13-24-41,128,768,768,13,24,41,13-24-41,M0K,85424,2496,7872,328,41,7872,13,24,29264,4264,192,15744,48640
128x768x768w42-16-20,128,768,768,42,16,20,42-16-20,M0K,85376,5376,2560,800,20,2560,42,16,29312,6720,640,5120,48672
128x768x768w18-32-22,128,768,768,18,32,22,18-32-22,M0K,87872,4608,5632,352,22,5632,18,32,26816,3168,512,11264,48720
128x768x768w41-16-22,128,768,768,41,16,22,41-16-22,M0K,84128,5248,2816,880,22,2816,41,16,30560,7216,640,5632,48720
128x768x768w14-64-14,128,768,768,14,64,14,14-64-14,M0K,82880,7168,7168,112,14,7168,14,64,31808,1568,512,14336,48840
128x768x768w15-40-23,128,768,768,15,40,23,15-40-23,MNK,84848,4800,7360,184,23,7360,15,40,29840,2760,320,14720,48960
128x768x768w34-24-16,128,768,768,34,24,16,34-24-16,M00,86784,6528,3072,512,16,3072,34,24,27904,4352,768,6144,49152
128x768x768w35-16-24,128,768,768,35,16,24,35-16-24,M00,86144,4480,3072,768,24,3072,35,16,28544,6720,512,6144,49152
128x768x768w17-16-48,128,768,768,17,16,48,17-16-48,M00,84992,2176,6144,768,48,6144,17,16,29696,6528,256,12288,49152
128x768x768w16-32-24,128,768,768,16,32,24,16-32-24,000,88064,4096,6144,384,24,6144,16,32,26624,3072,512,12288,49152
128x768x768w17-24-33,128,768,768,17,24,33,17-24-33,M0K,86512,3264,6336,528,33,6336,17,24,28176,4488,384,12672,49152
128x768x768w16-16-48,128,768,768,16,16,48,16-16-48,000,86016,2048,6144,768,48,6144,16,16,28672,6144,256,12288,49152
128x768x768w38-24-16,128,768,768,38,24,16,38-24-16,M00,84224,7296,3072,512,16,3072,38,24,30464,4864,768,6144,49152
128x768x768w64-16-12,128,768,768,64,16,12,64-16-12,000,82944,8192,1536,768,12,1536,64,16,31744,6144,1024,3072,49152
128x768x768w36-16-24,128,768,768,36,16,24,36-16-24,M00,85504,4608,3072,768,24,3072,36,16,29184,6912,512,6144,49152
128x768x768w37-16-24,128,768,768,37,16,24,37-16-24,M00,84864,4736,3072,768,24,3072,37,16,29824,7104,512,6144,49152
128x768x768w16-16-50,128,768,768,16,16,50,16-16-50,00K,84992,2048,6400,800,50,6400,16,16,29696,6400,256,12800,49152
128x768x768w17-16-49,128,768,768,17,16,49,17-16-49,M0K,84464,2176,6272,784,49,6272,17,16,30224,6664,256,12544,49152
128x768x768w38-16-24,128,768,768,38,16,24,38-16-24,M00,84224,4864,3072,768,24,3072,38,16,30464,7296,512,6144,49152
128x768x768w16-16-49,128,768,768,16,16,49,16-16-49,00K,85504,2048,6272,784,49,6272,16,16,29184,6272,256,12544,49152
128x768x768w39-24-16,128,768,768,39,24,16,39-24-16,M00,83584,7488,3072,512,16,3072,39,24,31104,4992,768,6144,49152
128x768x768w35-24-16,128,768,768,35,24,16,35-24-16,M00,86144,6720,3072,512,16,3072,35,24,28544,4480,768,6144,49152
128x768x768w16-24-32,128,768,768,16,24,32,16-24-32,000,88064,3072,6144,512,32,6144,16,24,26624,4096,384,12288,49152
128x768x768w17-24-32,128,768,768,17,24,32,17-24-32,M00,87168,3264,6144,512,32,6144,17,24,27520,4352,384,12288,49152
128x768x768w39-16-24,128,768,768,39,16,24,39-16-24,M00,83584,4992,3072,768,24,3072,39,16,31104,7488,512,6144,49152
128x768x768w34-16-24,128,768,768,34,16,24,34-16-24,M00,86784,4352,3072,768,24,3072,34,16,27904,6528,512,6144,49152
128x768x768w40-16-24,128,768,768,40,16,24,40-16-24,M00,82944,5120,3072,960,24,3072,40,16,31744,7680,640,6144,49152
128x768x768w33-16-24,128,768,768,33,16,24,33-16-24,M00,87424,4224,3072,768,24,3072,33,16,27264,6336,512,6144,49152
128x768x768w37-24-16,128,768,768,37,24,16,37-24-16,M00,84864,7104,3072,512,16,3072,37,24,29824,4736,768,6144,49152
128x768x768w36-24-16,128,768,768,36,24,16,36-24-16,M00,85504,6912,3072,512,16,3072,36,24,29184,4608,768,6144,49152
128x768x768w24-24-24,128,768,768,24,24,24,24-24-24,M00,87040,4608,4608,576,24,4608,24,24,27648,4608,576,9216,49152
128x768x768w16-64-12,128,768,768,16,64,12,16-64-12,000,82944,8192,6144,192,12,6144,16,64,31744,1536,1024,12288,49152
128x768x768w16-48-16,128,768,768,16,48,16,16-48-16,000,86016,6144,6144,256,16,6144,16,48,28672,2048,768,12288,49152
128x768x768w16-16-51,128,768,768,16,16,51,16-16-51,00K,84480,2048,6528,816,51,6528,16,16,30208,6528,256,13056,49152
128x768x768w32-16-24,128,768,768,32,16,24,32-16-24,000,88064,4096,3072,768,24,3072,32,16,26624,6144,512,6144,49152
128x768x768w33-24-16,128,768,768,33,24,16,33-24-16,M00,87424,6336,3072,512,16,3072,33,24,27264,4224,768,6144,49152
128x768x768w40-24-16,128,768,768,40,24,16,40-24-16,M00,82944,7680,3072,640,16,3072,40,24,31744,5120,960,6144,49152
128x768x768w22-24-24,128,768,768,22,24,24,22-24-24,M00,88576,4224,4608,384,24,4608,22,24,26112,4224,384,9216,49152
128x768x768w32-32-12,128,768,768,32,32,12,32-32-12,000,86016,8192,3072,384,12,3072,32,32,28672,3072,1024,6144,49152
128x768x768w16-24-33,128,768,768,16,24,33,16-24-33,00K,87424,3072,6336,528,33,6336,16,24,27264,4224,384,12672,49152
128x768x768w17-16-51,128,768,768,17,16,51,17-16-51,M0K,83408,2176,6528,816,51,6528,17,16,31280,6936,256,13056,49152
128x768x768w17-48-16,128,768,768,17,48,16,17-48-16,M00,84992,6528,6144,256,16,6144,17,48,29696,2176,768,12288,49152
128x768x768w17-32-24,128,768,768,17,32,24,17-32-24,M00,87168,4352,6144,384,24,6144,17,32,27520,3264,512,12288,49152
128x768x768w17-16-50,128,768,768,17,16,50,17-16-50,M0K,83936,2176,6400,800,50,6400,17,16,30752,6800,256,12800,49152
128x768x768w23-24-24,128,768,768,23,24,24,23-24-24,M00,87808,4416,4608,384,24,4608,23,24,26880,4416,384,9216,49152
128x768x768w32-24-16,128,768,768,32,24,16,32-24-16,000,88064,6144,3072,512,16,3072,32,24,26624,4096,768,6144,49152
128x768x768w21-32-19,128,768,768,21,32,19,21-32-19,M0K,87824,5376,4864,304,19,4864,21,32,26864,3192,512,9728,49200
128x768x768w16-56-14,128,768,768,16,56,14,16-56-14,0NK,84224,7168,6272,224,14,6272,16,56,30464,1792,896,12544,49280
128x768x768w19-48-14,128,768,768,19,48,14,19-48-14,M0K,85088,7296,5376,224,14,5376,19,48,29600,2128,768,10752,49280
128x768x768w20-48-14,128,768,768,20,48,14,20-48-14,M0K,84096,7680,5376,224,14,5376,20,48,30592,2240,768,10752,49280
128x768x768w17-56-14,128,768,768,17,56,14,17-56-14,MNK,83104,7616,6272,224,14,6272,17,56,31584,1904,896,12544,49280
128x768x768w43-16-18,128,768,768,43,16,18,43-16-18,M0K,86688,5504,2304,720,18,2304,43,16,28000,6192,640,4608,49536
128x768x768w50-16-18,128,768,768,50,16,18,50-16-18,M0K,82880,6400,2304,864,18,2304,50,16,31808,7200,768,4608,49536
128x768x768w54-16-18,128,768,768,54,16,18,54-16-18,M0K,80704,6912,2304,864,18,2304,54,16,33984,7776,768,4608,49536
128x768x768w51-16-18,128,768,768,51,16,18,51-16-18,M0K,82336,6528,2304,864,18,2304,51,16,32352,7344,768,4608,49536
128x768x768w23-32-18,128,768,768,23,32,18,23-32-18,M0K,87072,5888,4608,288,18,4608,23,32,27616,3312,512,9216,49536
128x768x768w56-16-18,128,768,768,56,16,18,56-16-18,M0K,79616,7168,2304,1008,18,2304,56,16,35072,8064,896,4608,49536
128x768x768w31-24-18,128,768,768,31,24,18,31-24-18,M0K,86944,5952,3456,432,18,3456,31,24,27744,4464,576,6912,49536
128x768x768w25-16-32,128,768,768,25,16,32,25-16-32,M00,87296,3200,4096,768,32,4096,25,16,27392,6400,384,8192,49536
128x768x768w44-16-18,128,768,768,44,16,18,44-16-18,M0K,86144,5632,2304,720,18,2304,44,16,28544,6336,640,4608,49536
128x768x768w52-16-18,128,768,768,52,16,18,52-16-18,M0K,81792,6656,2304,864,18,2304,52,16,32896,7488,768,4608,49536
128x768x768w48-16-18,128,768,768,48,16,18,48-16-18,M0K,83968,6144,2304,864,18,2304,48,16,30720,6912,768,4608,49536
128x768x768w24-32-18,128,768,768,24,32,18,24-32-18,M0K,86272,6144,4608,432,18,4608,24,32,28416,3456,768,9216,49536
128x768x768w15-48-18,128,768,768,15,48,18,15-48-18,M0K,85024,5760,6912,144,18,6912,15,48,29664,2160,384,13824,49536
128x768x768w47-16-18,128,768,768,47,16,18,47-16-18,M0K,84512,6016,2304,720,18,2304,47,16,30176,6768,640,4608,49536
128x768x768w55-16-18,128,768,768,55,16,18,55-16-18,M0K,80160,7040,2304,864,18,2304,55,16,34528,7920,768,4608,49536
128x768x768w53-16-18,128,768,768,53,16,18,53-16-18,M0K,81248,6784,2304,864,18,2304,53,16,33440,7632,768,4608,49536
128x768x768w49-16-18,128,768,768,49,16,18,49-16-18,M0K,83424,6272,2304,864,18,2304,49,16,31264,7056,768,4608,49536
128x768x768w25-16-33,128,768,768,25,16,33,25-16-33,M0K,86640,3200,4224,792,33,4224,25,16,28048,6600,384,8448,49536
128x768x768w46-16-18,128,768,768,46,16,18,46-16-18,M0K,85056,5888,2304,720,18,2304,46,16,29632,6624,640,4608,49536
128x768x768w22-32-18,128,768,768,22,32,18,22-32-18,M0K,87872,5632,4608,288,18,4608,22,32,26816,3168,512,9216,49536
128x768x768w25-32-16,128,768,768,25,32,16,25-32-16,M00,87296,6400,4096,384,16,4096,25,32,27392,3200,768,8192,49536
128x768x768w45-16-18,128,768,768,45,16,18,45-16-18,M0K,85600,5760,2304,720,18,2304,45,16,29088,6480,640,4608,49536
128x768x768w13-40-25,128,768,768,13,40,25,13-40-25,MNK,85168,4160,8000,200,25,8000,13,40,29520,2600,320,16000,49600
128x768x768w21-24-25,128,768,768,21,24,25,21-24-25,M0K,88624,4032,4800,400,25,4800,21,24,26064,4200,384,9600,49600
128x768x768w14-56-16,128,768,768,14,56,16,14-56-16,MN0,84224,6272,7168,128,16,7168,14,56,30464,1792,448,14336,49728
128x768x768w19-32-21,128,768,768,19,32,21,19-32-21,M0K,87824,4864,5376,336,21,5376,19,32,26864,3192,512,10752,49728
128x768x768w14-32-28,128,768,768,14,32,28,14-32-28,M0K,86912,3584,7168,224,28,7168,14,32,27776,3136,256,14336,49728
128x768x768w14-16-55,128,768,768,14,16,55,14-16-55,M0K,84704,1792,7040,440,55,7040,14,16,29984,6160,128,14080,49728
128x768x768w14-16-58,128,768,768,14,16,58,14-16-58,M0K,83264,1792,7424,464,58,7424,14,16,31424,6496,128,14848,49728
128x768x768w14-16-57,128,768,768,14,16,57,14-16-57,M0K,83744,1792,7296,456,57,7296,14,16,30944,6384,128,14592,49728
128x768x768w20-32-21,128,768,768,20,32,21,20-32-21,M0K,86976,5120,5376,336,21,5376,20,32,27712,3360,512,10752,49728
128x768x768w14-24-38,128,768,768,14,24,38,14-24-38,M0K,86208,2688,7296,304,38,7296,14,24,28480,4256,192,14592,49728
128x768x768w14-16-56,128,768,768,14,16,56,14-16-56,M0K,84224,1792,7168,448,56,7168,14,16,30464,6272,128,14336,49728
128x768x768w14-24-37,128,768,768,14,24,37,14-24-37,M0K,86816,2688,7104,296,37,7104,14,24,27872,4144,192,14208,49728
128x768x768w18-40-18,128,768,768,18,40,18,18-40-18,MNK,86464,5760,5760,288,18,5760,18,40,28224,2592,640,11520,49880
128x768x768w26-16-30,128,768,768,26,16,30,26-16-30,M0K,87872,3328,3840,720,30,3840,26,16,26816,6240,384,7680,49920
128x768x768w27-16-30,128,768,768,27,16,30,27-16-30,M0K,87136,3456,3840,720,30,3840,27,16,27552,6480,384,7680,49920
128x768x768w27-32-15,128,768,768,27,32,15,27-32-15,M0K,86704,6912,3840,360,15,3840,27,32,27984,3240,768,7680,49920
128x768x768w13-16-60,128,768,768,13,16,60,13-16-60,M0K,83520,1664,7680,480,60,7680,13,16,31168,6240,128,15360,49920
128x768x768w23-40-15,128,768,768,23,40,15,23-40-15,MNK,84848,7360,4800,240,15,4800,23,40,29840,2760,640,9600,49920
128x768x768w13-16-63,128,768,768,13,16,63,13-16-63,M0K,82128,1664,8064,504,63,8064,13,16,32560,6552,128,16128,49920
128x768x768w13-16-61,128,768,768,13,16,61,13-16-61,M0K,83056,1664,7808,488,61,7808,13,16,31632,6344,128,15616,49920
128x768x768w16-40-20,128,768,768,16,40,20,16-40-20,0NK,86528,5120,6400,320,20,6400,16,40,28160,2560,640,12800,49920
128x768x768w13-32-30,128,768,768,13,32,30,13-32-30,M0K,86432,3328,7680,240,30,7680,13,32,28256,3120,256,15360,49920
128x768x768w62-16-15,128,768,768,62,16,15,62-16-15,M0K,80096,7936,1920,840,15,1920,62,16,34592,7440,896,3840,49920
128x768x768w22-40-15,128,768,768,22,40,15,22-40-15,MNK,85728,7040,4800,240,15,4800,22,40,28960,2640,640,9600,49920
128x768x768w29-16-30,128,768,768,29,16,30,29-16-30,M0K,85664,3712,3840,720,30,3840,29,16,29024,6960,384,7680,49920
128x768x768w30-16-30,128,768,768,30,16,30,30-16-30,M0K,84928,3840,3840,720,30,3840,30,16,29760,7200,384,7680,49920
128x768x768w30-32-15,128,768,768,30,32,15,30-32-15,M0K,84448,7680,3840,360,15,3840,30,32,30240,3600,768,7680,49920
128x768x768w28-24-20,128,768,768,28,24,20,28-24-20,M0K,87296,5376,3840,480,20,3840,28,24,27392,4480,576,7680,49920
128x768x768w30-24-20,128,768,768,30,24,20,30-24-20,M0K,85888,5760,3840,480,20,3840,30,24,28800,4800,576,7680,49920
128x768x768w26-24-20,128,768,768,26,24,20,26-24-20,M0K,88704,4992,3840,480,20,3840,26,24,25984,4160,576,7680,49920
128x768x768w29-24-20,128,768,768,29,24,20,29-24-20,M0K,86592,5568,3840,480,20,3840,29,24,28096,4640,576,7680,49920
128x768x768w13-16-62,128,768,768,13,16,62,13-16-62,M0K,82592,1664,7936,496,62,7936,13,16,32096,6448,128,15872,49920
128x768x768w24-40-15,128,768,768,24,40,15,24-40-15,MNK,83968,7680,4800,360,15,4800,24,40,30720,2880,960,9600,49920
128x768x768w17-40-20,128,768,768,17,40,20,17-40-20,MNK,85568,5440,6400,320,20,6400,17,40,29120,2720,640,12800,49920
128x768x768w13-48-20,128,768,768,13,48,20,13-48-20,M0K,85184,4992,7680,160,20,7680,13,48,29504,2080,384,15360,49920
128x768x768w27-24-20,128,768,768,27,24,20,27-24-20,M0K,88000,5184,3840,480,20,3840,27,24,26688,4320,576,7680,49920
128x768x768w29-32-15,128,768,768,29,32,15,29-32-15,M0K,85200,7424,3840,360,15,3840,29,32,29488,3480,768,7680,49920
128x768x768w26-32-15,128,768,768,26,32,15,26-32-15,M0K,87456,6656,3840,360,15,3840,26,32,27232,3120,768,7680,49920
128x768x768w13-64-15,128,768,768,13,64,15,13-64-15,M0K,82896,6656,7680,120,15,7680,13,64,31792,1560,512,15360,49920
128x768x768w28-32-15,128,768,768,28,32,15,28-32-15,M0K,85952,7168,3840,360,15,3840,28,32,28736,3360,768,7680,49920
128x768x768w28-16-30,128,768,768,28,16,30,28-16-30,M0K,86400,3584,3840,720,30,3840,28,16,28288,6720,384,7680,49920
128x768x768w31-16-27,128,768,768,31,16,27,31-16-27,M0K,86448,3968,3456,648,27,3456,31,16,28240,6696,384,6912,50112
128x768x768w18-16-45,128,768,768,18,16,45,18-16-45,M0K,85600,2304,5760,720,45,5760,18,16,29088,6480,256,11520,50112
128x768x768w18-16-44,128,768,768,18,16,44,18-16-44,M0K,86144,2304,5632,704,44,5632,18,16,28544,6336,256,11264,50112
128x768x768w15-32-27,128,768,768,15,32,27,15-32-27,M0K,86704,3840,6912,216,27,6912,15,32,27984,3240,256,13824,50112
128x768x768w18-24-29,128,768,768,18,24,29,18-24-29,M0K,88288,3456,5568,464,29,5568,18,24,26400,4176,384,11136,50112
128x768x768w18-16-43,128,768,768,18,16,43,18-16-43,M0K,86688,2304,5504,688,43,5504,18,16,28000,6192,256,11008,50112
128x768x768w20-24-28,128,768,768,20,24,28,20-24-28,M0K,87296,3840,5376,448,28,5376,20,24,27392,4480,384,10752,50176
128x768x768w19-24-28,128,768,768,19,24,28,19-24-28,M0K,88128,3648,5376,448,28,5376,19,24,26560,4256,384,10752,50176
128x768x768w14-40-23,128,768,768,14,40,23,14-40-23,MNK,85856,4480,7360,184,23,7360,14,40,28832,2576,320,14720,50320
128x768x768w21-16-38,128,768,768,21,16,38,21-16-38,M0K,86816,2688,4864,608,38,4864,21,16,27872,6384,256,9728,50400
128x768x768w21-16-37,128,768,768,21,16,37,21-16-37,M0K,87408,2688,4736,592,37,4736,21,16,27280,6216,256,9472,50400
128x768x768w15-40-22,128,768,768,15,40,22,15-40-22,MNK,85728,4800,7040,176,22,7040,15,40,28960,2640,320,14080,50400
128x768x768w12-16-64,128,768,768,12,16,64,12-16-64,M00,82944,1536,8192,512,64,8192,12,16,31744,6144,128,16384,50688
128x768x768w24-16-35,128,768,768,24,16,35,24-16-35,M0K,86144,3072,4480,840,35,4480,24,16,28544,6720,384,8960,50688
128x768x768w24-16-36,128,768,768,24,16,36,24-16-36,M0K,85504,3072,4608,864,36,4608,24,16,29184,6912,384,9216,50688
128x768x768w15-24-35,128,768,768,15,24,35,15-24-35,M0K,87088,2880,6720,280,35,6720,15,24,27600,4200,192,13440,50688
128x768x768w12-64-16,128,768,768,12,64,16,12-64-16,M00,82944,6144,8192,128,16,8192,12,64,31744,1536,512,16384,50688
128x768x768w22-16-36,128,768,768,22,16,36,22-16-36,M0K,87168,2816,4608,576,36,4608,22,16,27520,6336,256,9216,50688
128x768x768w15-24-36,128,768,768,15,24,36,15-24-36,M0K,86464,2880,6912,288,36,6912,15,24,28224,4320,192,13824,50688
128x768x768w12-32-32,128,768,768,12,32,32,12-32-32,M00,86016,3072,8192,256,32,8192,12,32,28672,3072,256,16384,50688
128x768x768w23-16-36,128,768,768,23,16,36,23-16-36,M0K,86336,2944,4608,576,36,4608,23,16,28352,6624,256,9216,50688
128x768x768w61-16-16,128,768,768,61,16,16,61-16-16,M00,79360,7808,2048,896,16,2048,61,16,35328,7808,896,4096,50688
128x768x768w22-16-35,128,768,768,22,16,35,22-16-35,M0K,87776,2816,4480,560,35,4480,22,16,26912,6160,256,8960,50688
128x768x768w23-16-35,128,768,768,23,16,35,23-16-35,M0K,86960,2944,4480,560,35,4480,23,16,27728,6440,256,8960,50688
128x768x768w14-48-18,128,768,768,14,48,18,14-48-18,M0K,86080,5376,6912,144,18,6912,14,48,28608,2016,384,13824,50912
128x768x768w25-24-21,128,768,768,25,24,21,25-24-21,M0K,88624,4800,4032,504,21,4032,25,24,26064,4200,576,8064,50912
128x768x768w18-48-14,128,768,768,18,48,14,18-48-14,M0K,86080,6912,5376,224,14,5376,18,48,28608,2016,768,10752,51040
128x768x768w41-24-14,128,768,768,41,24,14,41-24-14,M0K,84384,7872,2688,560,14,2688,41,24,30304,4592,960,5376,51040
128x768x768w19-16-41,128,768,768,19,16,41,19-16-41,M0K,86864,2432,5248,656,41,5248,19,16,27824,6232,256,10496,51072
128x768x768w20-16-41,128,768,768,20,16,41,20-16-41,M0K,85952,2560,5248,656,41,5248,20,16,28736,6560,256,10496,51072
128x768x768w19-16-42,128,768,768,19,16,42,19-16-42,M0K,86304,2432,5376,672,42,5376,19,16,28384,6384,256,10752,51072
128x768x768w20-16-42,128,768,768,20,16,42,20-16-42,M0K,85376,2560,5376,672,42,5376,20,16,29312,6720,256,10752,51072
128x768x768w42-16-19,128,768,768,42,16,19,42-16-19,M0K,86304,5376,2432,760,19,2432,42,16,28384,6384,640,4864,51168
128x768x768w13-40-24,128,768,768,13,40,24,13-40-24,MN0,86016,4160,7680,192,24,7680,13,40,28672,2496,320,15360,51200
128x768x768w17-24-31,128,768,768,17,24,31,17-24-31,M0K,87824,3264,5952,496,31,5952,17,24,26864,4216,384,11904,51200
128x768x768w21-48-12,128,768,768,21,48,12,21-48-12,M00,85312,8064,4608,192,12,4608,21,48,29376,2016,768,9216,51200
128x768x768w13-24-40,128,768,768,13,24,40,13-24-40,M0K,86016,2496,7680,320,40,7680,13,24,28672,4160,192,15360,51200
128x768x768w16-24-31,128,768,768,16,24,31,16-24-31,00K,88704,3072,5952,496,31,5952,16,24,25984,3968,384,11904,51200
128x768x768w13-24-39,128,768,768,13,24,39,13-24-39,M0K,86608,2496,7488,312,39,7488,13,24,28080,4056,192,14976,51200
128x768x768w21-24-24,128,768,768,21,24,24,21-24-24,M00,89344,4032,4608,384,24,4608,21,24,25344,4032,384,9216,51200
128x768x768w18-32-21,128,768,768,18,32,21,18-32-21,M0K,88672,4608,5376,336,21,5376,18,32,26016,3024,512,10752,51504
128x768x768w14-32-27,128,768,768,14,32,27,14-32-27,M0K,87648,3584,6912,216,27,6912,14,32,27040,3024,256,13824,51504
128x768x768w41-16-21,128,768,768,41,16,21,41-16-21,M0K,85040,5248,2688,840,21,2688,41,16,29648,6888,640,5376,51504
128x768x768w13-56-17,128,768,768,13,56,17,13-56-17,MNK,84272,5824,7616,136,17,7616,13,56,30416,1768,448,15232,51520
128x768x768w20-40-17,128,768,768,20,40,17,20-40-17,MNK,85568,6400,5440,272,17,5440,20,40,29120,2720,640,10880,51520
128x768x768w19-40-17,128,768,768,19,40,17,19-40-17,MNK,86480,6080,5440,272,17,5440,19,40,28208,2584,640,10880,51520
128x768x768w25-16-31,128,768,768,25,16,31,25-16-31,M0K,87952,3200,3968,744,31,3968,25,16,26736,6200,384,7936,51600
128x768x768w21-32-18,128,768,768,21,32,18,21-32-18,M0K,88672,5376,4608,288,18,4608,21,32,26016,3024,512,9216,51600
128x768x768w14-40-22,128,768,768,14,40,22,14-40-22,MNK,86720,4480,7040,176,22,7040,14,40,27968,2464,320,14080,51800
128x768x768w15-16-54,128,768,768,15,16,54,15-16-54,M0K,84064,1920,6912,432,54,6912,15,16,30624,6480,128,13824,51840
128x768x768w15-32-26,128,768,768,15,32,26,15-32-26,M0K,87456,3840,6656,208,26,6656,15,32,27232,3120,256,13312,51840
128x768x768w31-16-26,128,768,768,31,16,26,31-16-26,M0K,87200,3968,3328,624,26,3328,31,16,27488,6448,384,6656,51840
128x768x768w28-16-29,128,768,768,28,16,29,28-16-29,M0K,87104,3584,3712,696,29,3712,28,16,27584,6496,384,7424,51840
128x768x768w26-16-29,128,768,768,26,16,29,26-16-29,M0K,88544,3328,3712,696,29,3712,26,16,26144,6032,384,7424,51840
128x768x768w29-16-29,128,768,768,29,16,29,29-16-29,M0K,86384,3712,3712,696,29,3712,29,16,28304,6728,384,7424,51840
128x768x768w30-16-29,128,768,768,30,16,29,30-16-29,M0K,85664,3840,3712,696,29,3712,30,16,29024,6960,384,7424,51840
128x768x768w13-32-29,128,768,768,13,32,29,13-32-29,M0K,87152,3328,7424,232,29,7424,13,32,27536,3016,256,14848,51840
128x768x768w15-16-52,128,768,768,15,16,52,15-16-52,M0K,85056,1920,6656,416,52,6656,15,16,29632,6240,128,13312,51840
128x768x768w15-16-53,128,768,768,15,16,53,15-16-53,M0K,84560,1920,6784,424,53,6784,15,16,30128,6360,128,13568,51840
128x768x768w27-16-29,128,768,768,27,16,29,27-16-29,M0K,87824,3456,3712,696,29,3712,27,16,26864,6264,384,7424,51840
128x768x768w18-56-12,128,768,768,18,56,12,18-56-12,MN0,84352,8064,5376,192,12,5376,18,56,30336,1728,896,10752,51968
128x768x768w18-24-28,128,768,768,18,24,28,18-24-28,M0K,88960,3456,5376,448,28,5376,18,24,25728,4032,384,10752,51968
128x768x768w20-24-27,128,768,768,20,24,27,20-24-27,M0K,88000,3840,5184,432,27,5184,20,24,26688,4320,384,10368,51968
128x768x768w19-24-27,128,768,768,19,24,27,19-24-27,M0K,88816,3648,5184,432,27,5184,19,24,25872,4104,384,10368,51968
128x768x768w21-40-15,128,768,768,21,40,15,21-40-15,MNK,86608,6720,4800,240,15,4800,21,40,28080,2520,640,9600,52000
128x768x768w14-24-35,128,768,768,14,24,35,14-24-35,M0K,88032,2688,6720,280,35,6720,14,24,26656,3920,192,13440,52096
128x768x768w12-48-21,128,768,768,12,48,21,12-48-21,M0K,85312,4608,8064,168,21,8064,12,48,29376,2016,384,16128,52096
128x768x768w14-72-12,128,768,768,14,72,12,14-72-12,MN0,82048,8064,6912,96,12,6912,14,72,32640,1344,576,13824,52096
128x768x768w14-24-36,128,768,768,14,24,36,14-24-36,M0K,87424,2688,6912,288,36,6912,14,24,27264,4032,192,13824,52096
128x768x768w40-16-23,128,768,768,40,16,23,40-16-23,M0K,83840,5120,2944,920,23,2944,40,16,30848,7360,640,5888,52224
128x768x768w22-24-23,128,768,768,22,24,23,22-24-23,M0K,89312,4224,4416,368,23,4416,22,24,25376,4048,384,8832,52224
128x768x768w35-16-23,128,768,768,35,16,23,35-16-23,M0K,86960,4480,2944,736,23,2944,35,16,27728,6440,512,5888,52224
128x768x768w37-16-23,128,768,768,37,16,23,37-16-23,M0K,85712,4736,2944,736,23,2944,37,16,28976,6808,512,5888,52224
128x768x768w32-16-23,128,768,768,32,16,23,32-16-23,00K,88832,4096,2944,736,23,2944,32,16,25856,5888,512,5888,52224
128x768x768w38-16-23,128,768,768,38,16,23,38-16-23,M0K,85088,4864,2944,736,23,2944,38,16,29600,6992,512,5888,52224
128x768x768w36-16-23,128,768,768,36,16,23,36-16-23,M0K,86336,4608,2944,736,23,2944,36,16,28352,6624,512,5888,52224
128x768x768w34-16-23,128,768,768,34,16,23,34-16-23,M0K,87584,4352,2944,736,23,2944,34,16,27104,6256,512,5888,52224
128x768x768w39-16-23,128,768,768,39,16,23,39-16-23,M0K,84464,4992,2944,736,23,2944,39,16,30224,7176,512,5888,52224
128x768x768w17-32-23,128,768,768,17,32,23,17-32-23,M0K,87952,4352,5888,368,23,5888,17,32,26736,3128,512,11776,52224
128x768x768w33-16-23,128,768,768,33,16,23,33-16-23,M0K,88208,4224,2944,736,23,2944,33,16,26480,6072,512,5888,52224
128x768x768w17-16-46,128,768,768,17,16,46,17-16-46,M0K,86048,2176,5888,736,46,5888,17,16,28640,6256,256,11776,52224
128x768x768w24-24-23,128,768,768,24,24,23,24-24-23,M0K,87808,4608,4416,552,23,4416,24,24,26880,4416,576,8832,52224
128x768x768w23-24-23,128,768,768,23,24,23,23-24-23,M0K,88560,4416,4416,368,23,4416,23,24,26128,4232,384,8832,52224
128x768x768w16-16-47,128,768,768,16,16,47,16-16-47,00K,86528,2048,6016,752,47,6016,16,16,28160,6016,256,12032,52224
128x768x768w16-32-23,128,768,768,16,32,23,16-32-23,00K,88832,4096,5888,368,23,5888,16,32,25856,2944,512,11776,52224
128x768x768w17-16-47,128,768,768,17,16,47,17-16-47,M0K,85520,2176,6016,752,47,6016,17,16,29168,6392,256,12032,52224
128x768x768w16-16-46,128,768,768,16,16,46,16-16-46,00K,87040,2048,5888,736,46,5888,16,16,27648,5888,256,11776,52224
128x768x768w20-32-20,128,768,768,20,32,20,20-32-20,M0K,87808,5120,5120,320,20,5120,20,32,26880,3200,512,10240,52416
128x768x768w15-56-15,128,768,768,15,56,15,15-56-15,MNK,84208,6720,6720,120,15,6720,15,56,30480,1800,448,13440,52416
128x768x768w19-32-20,128,768,768,19,32,20,19-32-20,M0K,88640,4864,5120,320,20,5120,19,32,26048,3040,512,10240,52416
128x768x768w27-24-19,128,768,768,27,24,19,27-24-19,M0K,88816,5184,3648,456,19,3648,27,24,25872,4104,576,7296,52480
128x768x768w26-24-19,128,768,768,26,24,19,26-24-19,M0K,89504,4992,3648,456,19,3648,26,24,25184,3952,576,7296,52480
128x768x768w29-24-19,128,768,768,29,24,19,29-24-19,M0K,87440,5568,3648,456,19,3648,29,24,27248,4408,576,7296,52480
128x768x768w13-48-19,128,768,768,13,48,19,13-48-19,M0K,86160,4992,7296,152,19,7296,13,48,28528,1976,384,14592,52480
128x768x768w28-24-19,128,768,768,28,24,19,28-24-19,M0K,88128,5376,3648,456,19,3648,28,24,26560,4256,576,7296,52480
128x768x768w16-40-19,128,768,768,16,40,19,16-40-19,0NK,87424,5120,6080,304,19,6080,16,40,27264,2432,640,12160,52480
128x768x768w17-40-19,128,768,768,17,40,19,17-40-19,MNK,86480,5440,6080,304,19,6080,17,40,28208,2584,640,12160,52480
128x768x768w30-24-19,128,768,768,30,24,19,30-24-19,M0K,86752,5760,3648,456,19,3648,30,24,27936,4560,576,7296,52480
128x768x768w62-16-14,128,768,768,62,16,14,62-16-14,M0K,81344,7936,1792,784,14,1792,62,16,33344,6944,896,3584,52800
128x768x768w21-16-35,128,768,768,21,16,35,21-16-35,M0K,88592,2688,4480,560,35,4480,21,16,26096,5880,256,8960,52800
128x768x768w12-32-31,128,768,768,12,32,31,12-32-31,M0K,86720,3072,7936,248,31,7936,12,32,27968,2976,256,15872,52800
128x768x768w26-32-14,128,768,768,26,32,14,26-32-14,M0K,88384,6656,3584,336,14,3584,26,32,26304,2912,768,7168,52800
128x768x768w28-32-14,128,768,768,28,32,14,28-32-14,M0K,86912,7168,3584,336,14,3584,28,32,27776,3136,768,7168,52800
128x768x768w21-16-36,128,768,768,21,16,36,21-16-36,M0K,88000,2688,4608,576,36,4608,21,16,26688,6048,256,9216,52800
128x768x768w30-32-14,128,768,768,30,32,14,30-32-14,M0K,85440,7680,3584,336,14,3584,30,32,29248,3360,768,7168,52800
128x768x768w27-32-14,128,768,768,27,32,14,27-32-14,M0K,87648,6912,3584,336,14,3584,27,32,27040,3024,768,7168,52800
128x768x768w22-40-14,128,768,768,22,40,14,22-40-14,MNK,86720,7040,4480,224,14,4480,22,40,27968,2464,640,8960,52800
128x768x768w29-32-14,128,768,768,29,32,14,29-32-14,M0K,86176,7424,3584,336,14,3584,29,32,28512,3248,768,7168,52800
128x768x768w23-40-14,128,768,768,23,40,14,23-40-14,MNK,85856,7360,4480,224,14,4480,23,40,28832,2576,640,8960,52800
128x768x768w24-40-14,128,768,768,24,40,14,24-40-14,MNK,84992,7680,4480,336,14,4480,24,40,29696,2688,960,8960,52800
128x768x768w13-64-14,128,768,768,13,64,14,13-64-14,M0K,84128,6656,7168,112,14,7168,13,64,30560,1456,512,14336,52800
128x768x768w18-16-42,128,768,768,18,16,42,18-16-42,M0K,87232,2304,5376,672,42,5376,18,16,27456,6048,256,10752,52896
128x768x768w18-16-41,128,768,768,18,16,41,18-16-41,M0K,87776,2304,5248,656,41,5248,18,16,26912,5904,256,10496,52896
128x768x768w12-56-18,128,768,768,12,56,18,12-56-18,MNK,84352,5376,8064,144,18,8064,12,56,30336,1728,448,16128,52976
128x768x768w53-16-17,128,768,768,53,16,17,53-16-17,M0K,82352,6784,2176,816,17,2176,53,16,32336,7208,768,4352,52992
128x768x768w57-16-17,128,768,768,57,16,17,57-16-17,M0K,80240,7296,2176,952,17,2176,57,16,34448,7752,896,4352,52992
128x768x768w55-16-17,128,768,768,55,16,17,55-16-17,M0K,81296,7040,2176,816,17,2176,55,16,33392,7480,768,4352,52992
128x768x768w46-16-17,128,768,768,46,16,17,46-16-17,M0K,86048,5888,2176,680,17,2176,46,16,28640,6256,640,4352,52992
128x768x768w43-16-17,128,768,768,43,16,17,43-16-17,M0K,87632,5504,2176,680,17,2176,43,16,27056,5848,640,4352,52992
128x768x768w23-16-34,128,768,768,23,16,34,23-16-34,M0K,87584,2944,4352,544,34,4352,23,16,27104,6256,256,8704,52992
128x768x768w15-24-34,128,768,768,15,24,34,15-24-34,M0K,87712,2880,6528,272,34,6528,15,24,26976,4080,192,13056,52992
128x768x768w23-32-17,128,768,768,23,32,17,23-32-17,M0K,87952,5888,4352,272,17,4352,23,32,26736,3128,512,8704,52992
128x768x768w51-16-17,128,768,768,51,16,17,51-16-17,M0K,83408,6528,2176,816,17,2176,51,16,31280,6936,768,4352,52992
128x768x768w56-16-17,128,768,768,56,16,17,56-16-17,M0K,80768,7168,2176,952,17,2176,56,16,33920,7616,896,4352,52992
128x768x768w22-32-17,128,768,768,22,32,17,22-32-17,M0K,88736,5632,4352,272,17,4352,22,32,25952,2992,512,8704,52992
128x768x768w52-16-17,128,768,768,52,16,17,52-16-17,M0K,82880,6656,2176,816,17,2176,52,16,31808,7072,768,4352,52992
128x768x768w44-16-17,128,768,768,44,16,17,44-16-17,M0K,87104,5632,2176,680,17,2176,44,16,27584,5984,640,4352,52992
128x768x768w58-16-17,128,768,768,58,16,17,58-16-17,M0K,79712,7424,2176,952,17,2176,58,16,34976,7888,896,4352,52992
128x768x768w47-16-17,128,768,768,47,16,17,47-16-17,M0K,85520,6016,2176,680,17,2176,47,16,29168,6392,640,4352,52992
128x768x768w54-16-17,128,768,768,54,16,17,54-16-17,M0K,81824,6912,2176,816,17,2176,54,16,32864,7344,768,4352,52992
128x768x768w60-16-17,128,768,768,60,16,17,60-16-17,M0K,78656,7680,2176,952,17,2176,60,16,36032,8160,896,4352,52992
128x768x768w59-16-17,128,768,768,59,16,17,59-16-17,M0K,79184,7552,2176,952,17,2176,59,16,35504,8024,896,4352,52992
128x768x768w22-16-34,128,768,768,22,16,34,22-16-34,M0K,88384,2816,4352,544,34,4352,22,16,26304,5984,256,8704,52992
128x768x768w31-24-17,128,768,768,31,24,17,31-24-17,M0K,87824,5952,3264,408,17,3264,31,24,26864,4216,576,6528,52992
128x768x768w24-16-34,128,768,768,24,16,34,24-16-34,M0K,86784,3072,4352,816,34,4352,24,16,27904,6528,384,8704,52992
128x768x768w50-16-17,128,768,768,50,16,17,50-16-17,M0K,83936,6400,2176,816,17,2176,50,16,30752,6800,768,4352,52992
128x768x768w45-16-17,128,768,768,45,16,17,45-16-17,M0K,86576,5760,2176,680,17,2176,45,16,28112,6120,640,4352,52992
128x768x768w15-48-17,128,768,768,15,48,17,15-48-17,M0K,86032,5760,6528,136,17,6528,15,48,28656,2040,384,13056,52992
128x768x768w49-16-17,128,768,768,49,16,17,49-16-17,M0K,84464,6272,2176,816,17,2176,49,16,30224,6664,768,4352,52992
128x768x768w48-16-17,128,768,768,48,16,17,48-16-17,M0K,84992,6144,2176,816,17,2176,48,16,29696,6528,768,4352,52992
128x768x768w24-32-17,128,768,768,24,32,17,24-32-17,M0K,87168,6144,4352,408,17,4352,24,32,27520,3264,768,8704,52992
128x768x768w12-72-14,128,768,768,12,72,14,12-72-14,MNK,82048,6912,8064,112,14,8064,12,72,32640,1344,576,16128,53240
128x768x768w37-24-15,128,768,768,37,24,15,37-24-15,M0K,85840,7104,2880,480,15,2880,37,24,28848,4440,768,5760,53248
128x768x768w36-24-15,128,768,768,36,24,15,36-24-15,M0K,86464,6912,2880,480,15,2880,36,24,28224,4320,768,5760,53248
128x768x768w16-24-30,128,768,768,16,24,30,16-24-30,00K,89344,3072,5760,480,30,5760,16,24,25344,3840,384,11520,53248
128x768x768w33-24-15,128,768,768,33,24,15,33-24-15,M0K,88336,6336,2880,480,15,2880,33,24,26352,3960,768,5760,53248
128x768x768w40-24-15,128,768,768,40,24,15,40-24-15,M0K,83968,7680,2880,600,15,2880,40,24,30720,4800,960,5760,53248
128x768x768w17-24-30,128,768,768,17,24,30,17-24-30,M0K,88480,3264,5760,480,30,5760,17,24,26208,4080,384,11520,53248
128x768x768w39-24-15,128,768,768,39,24,15,39-24-15,M0K,84592,7488,2880,480,15,2880,39,24,30096,4680,768,5760,53248
128x768x768w42-24-12,128,768,768,42,24,12,42-24-12,M00,85888,8064,2304,480,12,2304,42,24,28800,4032,960,4608,53248
128x768x768w17-48-15,128,768,768,17,48,15,17-48-15,M0K,86032,6528,5760,240,15,5760,17,48,28656,2040,768,11520,53248
128x768x768w35-24-15,128,768,768,35,24,15,35-24-15,M0K,87088,6720,2880,480,15,2880,35,24,27600,4200,768,5760,53248
128x768x768w16-48-15,128,768,768,16,48,15,16-48-15,00K,87040,6144,5760,240,15,5760,16,48,27648,1920,768,11520,53248
128x768x768w34-24-15,128,768,768,34,24,15,34-24-15,M0K,87712,6528,2880,480,15,2880,34,24,26976,4080,768,5760,53248
128x768x768w32-24-15,128,768,768,32,24,15,32-24-15,00K,88960,6144,2880,480,15,2880,32,24,25728,3840,768,5760,53248
128x768x768w38-24-15,128,768,768,38,24,15,38-24-15,M0K,85216,7296,2880,480,15,2880,38,24,29472,4560,768,5760,53248
128x768x768w14-16-52,128,768,768,14,16,52,14-16-52,M0K,86144,1792,6656,416,52,6656,14,16,28544,5824,128,13312,53280
128x768x768w15-40-21,128,768,768,15,40,21,15-40-21,MNK,86608,4800,6720,168,21,6720,15,40,28080,2520,320,13440,53280
128x768x768w14-16-54,128,768,768,14,16,54,14-16-54,M0K,85184,1792,6912,432,54,6912,14,16,29504,6048,128,13824,53280
128x768x768w14-16-53,128,768,768,14,16,53,14-16-53,M0K,85664,1792,6784,424,53,6784,14,16,29024,5936,128,13568,53280
128x768x768w14-32-26,128,768,768,14,32,26,14-32-26,M0K,88384,3584,6656,208,26,6656,14,32,26304,2912,256,13312,53280
128x768x768w18-40-17,128,768,768,18,40,17,18-40-17,MNK,87392,5760,5440,272,17,5440,18,40,27296,2448,640,10880,53360
128x768x768w12-24-41,128,768,768,12,24,41,12-24-41,M0K,86464,2304,7872,328,41,7872,12,24,28224,3936,192,15744,53504
128x768x768w12-24-42,128,768,768,12,24,42,12-24-42,M0K,85888,2304,8064,336,42,8064,12,24,28800,4032,192,16128,53504
128x768x768w15-32-25,128,768,768,15,32,25,15-32-25,M0K,88208,3840,6400,200,25,6400,15,32,26480,3000,256,12800,53568
128x768x768w31-16-25,128,768,768,31,16,25,31-16-25,M0K,87952,3968,3200,600,25,3200,31,16,26736,6200,384,6400,53568
128x768x768w42-16-18,128,768,768,42,16,18,42-16-18,M0K,87232,5376,2304,720,18,2304,42,16,27456,6048,640,4608,53664
128x768x768w25-32-15,128,768,768,25,32,15,25-32-15,M0K,88208,6400,3840,360,15,3840,25,32,26480,3000,768,7680,53664
128x768x768w25-24-20,128,768,768,25,24,20,25-24-20,M0K,89408,4800,3840,480,20,3840,25,24,25280,4000,576,7680,53664
128x768x768w25-16-30,128,768,768,25,16,30,25-16-30,M0K,88608,3200,3840,720,30,3840,25,16,26080,6000,384,7680,53664
128x768x768w13-24-38,128,768,768,13,24,38,13-24-38,M0K,87200,2496,7296,304,38,7296,13,24,27488,3952,192,14592,53760
128x768x768w33-16-22,128,768,768,33,16,22,33-16-22,M0K,88992,4224,2816,704,22,2816,33,16,25696,5808,512,5632,53760
128x768x768w16-32-22,128,768,768,16,32,22,16-32-22,00K,89600,4096,5632,352,22,5632,16,32,25088,2816,512,11264,53760
128x768x768w64-16-11,128,768,768,64,16,11,64-16-11,00K,84224,8192,1408,704,11,1408,64,16,30464,5632,1024,2816,53760
128x768x768w19-16-39,128,768,768,19,16,39,19-16-39,M0K,87984,2432,4992,624,39,4992,19,16,26704,5928,256,9984,53760
128x768x768w27-16-28,128,768,768,27,16,28,27-16-28,M0K,88512,3456,3584,672,28,3584,27,16,26176,6048,384,7168,53760
128x768x768w13-56-16,128,768,768,13,56,16,13-56-16,MN0,85376,5824,7168,128,16,7168,13,56,29312,1664,448,14336,53760
128x768x768w13-32-28,128,768,768,13,32,28,13-32-28,M0K,87872,3328,7168,224,28,7168,13,32,26816,2912,256,14336,53760
128x768x768w34-16-22,128,768,768,34,16,22,34-16-22,M0K,88384,4352,2816,704,22,2816,34,16,26304,5984,512,5632,53760
128x768x768w20-24-26,128,768,768,20,24,26,20-24-26,M0K,88704,3840,4992,416,26,4992,20,24,25984,4160,384,9984,53760
128x768x768w38-16-22,128,768,768,38,16,22,38-16-22,M0K,85952,4864,2816,704,22,2816,38,16,28736,6688,512,5632,53760
128x768x768w19-16-40,128,768,768,19,16,40,19-16-40,M0K,87424,2432,5120,640,40,5120,19,16,27264,6080,256,10240,53760
128x768x768w22-24-22,128,768,768,22,24,22,22-24-22,M0K,90048,4224,4224,352,22,4224,22,24,24640,3872,384,8448,53760
128x768x768w13-16-55,128,768,768,13,16,55,13-16-55,M0K,85840,1664,7040,440,55,7040,13,16,28848,5720,128,14080,53760
128x768x768w20-40-16,128,768,768,20,40,16,20-40-16,MN0,86528,6400,5120,256,16,5120,20,40,28160,2560,640,10240,53760
128x768x768w32-16-22,128,768,768,32,16,22,32-16-22,00K,89600,4096,2816,704,22,2816,32,16,25088,5632,512,5632,53760
128x768x768w16-64-11,128,768,768,16,64,11,16-64-11,00K,84224,8192,5632,176,11,5632,16,64,30464,1408,1024,11264,53760
128x768x768w29-16-28,128,768,768,29,16,28,29-16-28,M0K,87104,3712,3584,672,28,3584,29,16,27584,6496,384,7168,53760
128x768x768w13-16-57,128,768,768,13,16,57,13-16-57,M0K,84912,1664,7296,456,57,7296,13,16,29776,5928,128,14592,53760
128x768x768w24-24-22,128,768,768,24,24,22,24-24-22,M0K,88576,4608,4224,528,22,4224,24,24,26112,4224,576,8448,53760
128x768x768w39-16-22,128,768,768,39,16,22,39-16-22,M0K,85344,4992,2816,704,22,2816,39,16,29344,6864,512,5632,53760
128x768x768w26-16-28,128,768,768,26,16,28,26-16-28,M0K,89216,3328,3584,672,28,3584,26,16,25472,5824,384,7168,53760
128x768x768w13-24-37,128,768,768,13,24,37,13-24-37,M0K,87792,2496,7104,296,37,7104,13,24,26896,3848,192,14208,53760
128x768x768w35-16-22,128,768,768,35,16,22,35-16-22,M0K,87776,4480,2816,704,22,2816,35,16,26912,6160,512,5632,53760
128x768x768w17-32-22,128,768,768,17,32,22,17-32-22,M0K,88736,4352,5632,352,22,5632,17,32,25952,2992,512,11264,53760
128x768x768w20-16-39,128,768,768,20,16,39,20-16-39,M0K,87104,2560,4992,624,39,4992,20,16,27584,6240,256,9984,53760
128x768x768w19-40-16,128,768,768,19,40,16,19-40-16,MN0,87424,6080,5120,256,16,5120,19,40,27264,2432,640,10240,53760
128x768x768w20-16-40,128,768,768,20,16,40,20-16-40,M0K,86528,2560,5120,640,40,5120,20,16,28160,6400,256,10240,53760
128x768x768w36-16-22,128,768,768,36,16,22,36-16-22,M0K,87168,4608,2816,704,22,2816,36,16,27520,6336,512,5632,53760
128x768x768w23-24-22,128,768,768,23,24,22,23-24-22,M0K,89312,4416,4224,352,22,4224,23,24,25376,4048,384,8448,53760
128x768x768w19-24-26,128,768,768,19,24,26,19-24-26,M0K,89504,3648,4992,416,26,4992,19,24,25184,3952,384,9984,53760
128x768x768w40-16-22,128,768,768,40,16,22,40-16-22,M0K,84736,5120,2816,880,22,2816,40,16,29952,7040,640,5632,53760
128x768x768w30-16-28,128,768,768,30,16,28,30-16-28,M0K,86400,3840,3584,672,28,3584,30,16,28288,6720,384,7168,53760
128x768x768w13-16-56,128,768,768,13,16,56,13-16-56,M0K,85376,1664,7168,448,56,7168,13,16,29312,5824,128,14336,53760
128x768x768w37-16-22,128,768,768,37,16,22,37-16-22,M0K,86560,4736,2816,704,22,2816,37,16,28128,6512,512,5632,53760
128x768x768w28-16-28,128,768,768,28,16,28,28-16-28,M0K,87808,3584,3584,672,28,3584,28,16,26880,6272,384,7168,53760
128x768x768w13-16-58,128,768,768,13,16,58,13-16-58,M0K,84448,1664,7424,464,58,7424,13,16,30240,6032,128,14848,53760
128x768x768w32-32-11,128,768,768,32,32,11,32-32-11,00K,87040,8192,2816,352,11,2816,32,32,27648,2816,1024,5632,53760
128x768x768w18-24-27,128,768,768,18,24,27,18-24-27,M0K,89632,3456,5184,432,27,5184,18,24,25056,3888,384,10368,53824
128x768x768w14-56-15,128,768,768,14,56,15,14-56-15,MNK,85344,6272,6720,120,15,6720,14,56,29344,1680,448,13440,53872
128x768x768w41-16-20,128,768,768,41,16,20,41-16-20,M0K,85952,5248,2560,800,20,2560,41,16,28736,6560,640,5120,54288
128x768x768w18-32-20,128,768,768,18,32,20,18-32-20,M0K,89472,4608,5120,320,20,5120,18,32,25216,2880,512,10240,54288
128x768x768w13-40-23,128,768,768,13,40,23,13-40-23,MNK,86864,4160,7360,184,23,7360,13,40,27824,2392,320,14720,54400
128x768x768w21-24-23,128,768,768,21,24,23,21-24-23,M0K,90064,4032,4416,368,23,4416,21,24,24624,3864,384,8832,54400
128x768x768w14-48-17,128,768,768,14,48,17,14-48-17,M0K,87072,5376,6528,136,17,6528,14,48,27616,1904,384,13056,54464
128x768x768w14-24-34,128,768,768,14,24,34,14-24-34,M0K,88640,2688,6528,272,34,6528,14,24,26048,3808,192,13056,54464
128x768x768w12-40-25,128,768,768,12,40,25,12-40-25,MNK,86208,3840,8000,200,25,8000,12,40,28480,2400,320,16000,54560
128x768x768w11-64-16,128,768,768,11,64,16,11-64-16,M00,84224,5632,8192,128,16,8192,11,64,30464,1408,512,16384,54720
128x768x768w11-16-64,128,768,768,11,16,64,11-16-64,M00,84224,1408,8192,512,64,8192,11,16,30464,5632,128,16384,54720
128x768x768w11-32-32,128,768,768,11,32,32,11-32-32,M00,87040,2816,8192,256,32,8192,11,32,27648,2816,256,16384,54720
128x768x768w14-40-21,128,768,768,14,40,21,14-40-21,MNK,87584,4480,6720,168,21,6720,14,40,27104,2352,320,13440,54760
128x768x768w12-48-20,128,768,768,12,48,20,12-48-20,M0K,86272,4608,7680,160,20,7680,12,48,28416,1920,384,15360,54912
128x768x768w12-16-62,128,768,768,12,16,62,12-16-62,M0K,83840,1536,7936,496,62,7936,12,16,30848,5952,128,15872,54912
128x768x768w12-16-61,128,768,768,12,16,61,12-16-61,M0K,84288,1536,7808,488,61,7808,12,16,30400,5856,128,15616,54912
128x768x768w12-16-60,128,768,768,12,16,60,12-16-60,M0K,84736,1536,7680,480,60,7680,12,16,29952,5760,128,15360,54912
128x768x768w12-16-63,128,768,768,12,16,63,12-16-63,M0K,83392,1536,8064,504,63,8064,12,16,31296,6048,128,16128,54912
128x768x768w12-32-30,128,768,768,12,32,30,12-32-30,M0K,87424,3072,7680,240,30,7680,12,32,27264,2880,256,15360,54912
128x768x768w61-16-15,128,768,768,61,16,15,61-16-15,M0K,80592,7808,1920,840,15,1920,61,16,34096,7320,896,3840,54912
128x768x768w12-64-15,128,768,768,12,64,15,12-64-15,M0K,84160,6144,7680,120,15,7680,12,64,30528,1440,512,15360,54912
128x768x768w21-40-14,128,768,768,21,40,14,21-40-14,MNK,87584,6720,4480,224,14,4480,21,40,27104,2352,640,8960,55000
128x768x768w29-24-18,128,768,768,29,24,18,29-24-18,M0K,88288,5568,3456,432,18,3456,29,24,26400,4176,576,6912,55040
128x768x768w28-24-18,128,768,768,28,24,18,28-24-18,M0K,88960,5376,3456,432,18,3456,28,24,25728,4032,576,6912,55040
128x768x768w26-24-18,128,768,768,26,24,18,26-24-18,M0K,90304,4992,3456,432,18,3456,26,24,24384,3744,576,6912,55040
128x768x768w27-24-18,128,768,768,27,24,18,27-24-18,M0K,89632,5184,3456,432,18,3456,27,24,25056,3888,576,6912,55040
128x768x768w25-40-12,128,768,768,25,40,12,25-40-12,MN0,86208,8000,3840,288,12,3840,25,40,28480,2400,960,7680,55040
128x768x768w16-40-18,128,768,768,16,40,18,16-40-18,0NK,88320,5120,5760,288,18,5760,16,40,26368,2304,640,11520,55040
128x768x768w30-24-18,128,768,768,30,24,18,30-24-18,M0K,87616,5760,3456,432,18,3456,30,24,27072,4320,576,6912,55040
128x768x768w13-48-18,128,768,768,13,48,18,13-48-18,M0K,87136,4992,6912,144,18,6912,13,48,27552,1872,384,13824,55040
128x768x768w17-40-18,128,768,768,17,40,18,17-40-18,MNK,87392,5440,5760,288,18,5760,17,40,27296,2448,640,11520,55040
128x768x768w14-32-25,128,768,768,14,32,25,14-32-25,M0K,89120,3584,6400,200,25,6400,14,32,25568,2800,256,12800,55056
128x768x768w19-32-19,128,768,768,19,32,19,19-32-19,M0K,89456,4864,4864,304,19,4864,19,32,25232,2888,512,9728,55104
128x768x768w20-32-19,128,768,768,20,32,19,20-32-19,M0K,88640,5120,4864,304,19,4864,20,32,26048,3040,512,9728,55104
128x768x768w21-32-17,128,768,768,21,32,17,21-32-17,M0K,89520,5376,4352,272,17,4352,21,32,25168,2856,512,8704,55200
128x768x768w21-16-34,128,768,768,21,16,34,21-16-34,M0K,89184,2688,4352,544,34,4352,21,16,25504,5712,256,8704,55200
128x768x768w56-16-16,128,768,768,56,16,16,56-16-16,M00,81920,7168,2048,896,16,2048,56,16,32768,7168,896,4096,55296
128x768x768w23-16-32,128,768,768,23,16,32,23-16-32,M00,88832,2944,4096,512,32,4096,23,16,25856,5888,256,8192,55296
128x768x768w15-24-32,128,768,768,15,24,32,15-24-32,M00,88960,2880,6144,256,32,6144,15,24,25728,3840,192,12288,55296
128x768x768w49-16-16,128,768,768,49,16,16,49-16-16,M00,85504,6272,2048,768,16,2048,49,16,29184,6272,768,4096,55296
128x768x768w31-32-12,128,768,768,31,32,12,31-32-12,M00,86720,7936,3072,288,12,3072,31,32,27968,2976,768,6144,55296
128x768x768w59-16-16,128,768,768,59,16,16,59-16-16,M00,80384,7552,2048,896,16,2048,59,16,34304,7552,896,4096,55296
128x768x768w45-16-16,128,768,768,45,16,16,45-16-16,M00,87552,5760,2048,640,16,2048,45,16,27136,5760,640,4096,55296
128x768x768w23-16-33,128,768,768,23,16,33,23-16-33,M0K,88208,2944,4224,528,33,4224,23,16,26480,6072,256,8448,55296
128x768x768w15-16-49,128,768,768,15,16,49,15-16-49,M0K,86544,1920,6272,392,49,6272,15,16,28144,5880,128,12544,55296
128x768x768w23-32-16,128,768,768,23,32,16,23-32-16,M00,88832,5888,4096,256,16,4096,23,32,25856,2944,512,8192,55296
128x768x768w17-24-29,128,768,768,17,24,29,17-24-29,M0K,89136,3264,5568,464,29,5568,17,24,25552,3944,384,11136,55296
128x768x768w43-16-16,128,768,768,43,16,16,43-16-16,M00,88576,5504,2048,640,16,2048,43,16,26112,5504,640,4096,55296
128x768x768w15-16-48,128,768,768,15,16,48,15-16-48,M00,87040,1920,6144,384,48,6144,15,16,27648,5760,128,12288,55296
128x768x768w51-16-16,128,768,768,51,16,16,51-16-16,M00,84480,6528,2048,768,16,2048,51,16,30208,6528,768,4096,55296
128x768x768w16-16-43,128,768,768,16,16,43,16-16-43,00K,88576,2048,5504,688,43,5504,16,16,26112,5504,256,11008,55296
128x768x768w17-16-44,128,768,768,17,16,44,17-16-44,M0K,87104,2176,5632,704,44,5632,17,16,27584,5984,256,11264,55296
128x768x768w15-32-24,128,768,768,15,32,24,15-32-24,M00,88960,3840,6144,192,24,6144,15,32,25728,2880,256,12288,55296
128x768x768w22-16-32,128,768,768,22,16,32,22-16-32,M00,89600,2816,4096,512,32,4096,22,16,25088,5632,256,8192,55296
128x768x768w55-16-16,128,768,768,55,16,16,55-16-16,M00,82432,7040,2048,768,16,2048,55,16,32256,7040,768,4096,55296
128x768x768w47-16-16,128,768,768,47,16,16,47-16-16,M00,86528,6016,2048,640,16,2048,47,16,28160,6016,640,4096,55296
128x768x768w15-64-12,128,768,768,15,64,12,15-64-12,M00,84160,7680,6144,96,12,6144,15,64,30528,1440,512,12288,55296
128x768x768w16-16-45,128,768,768,16,16,45,16-16-45,00K,87552,2048,5760,720,45,5760,16,16,27136,5760,256,11520,55296
128x768x768w17-16-45,128,768,768,17,16,45,17-16-45,M0K,86576,2176,5760,720,45,5760,17,16,28112,6120,256,11520,55296
128x768x768w16-16-44,128,768,768,16,16,44,16-16-44,00K,88064,2048,5632,704,44,5632,16,16,26624,5632,256,11264,55296
128x768x768w58-16-16,128,768,768,58,16,16,58-16-16,M00,80896,7424,2048,896,16,2048,58,16,33792,7424,896,4096,55296
128x768x768w31-16-24,128,768,768,31,16,24,31-16-24,M00,88704,3968,3072,576,24,3072,31,16,25984,5952,384,6144,55296
128x768x768w15-16-51,128,768,768,15,16,51,15-16-51,M0K,85552,1920,6528,408,51,6528,15,16,29136,6120,128,13056,55296
128x768x768w22-32-16,128,768,768,22,32,16,22-32-16,M00,89600,5632,4096,256,16,4096,22,32,25088,2816,512,8192,55296
128x768x768w17-16-43,128,768,768,17,16,43,17-16-43,M0K,87632,2176,5504,688,43,5504,17,16,27056,5848,256,11008,55296
128x768x768w31-24-16,128,768,768,31,24,16,31-24-16,M00,88704,5952,3072,384,16,3072,31,24,25984,3968,576,6144,55296
128x768x768w24-16-33,128,768,768,24,16,33,24-16-33,M0K,87424,3072,4224,792,33,4224,24,16,27264,6336,384,8448,55296
128x768x768w48-16-16,128,768,768,48,16,16,48-16-16,M00,86016,6144,2048,768,16,2048,48,16,28672,6144,768,4096,55296
128x768x768w15-48-16,128,768,768,15,48,16,15-48-16,M00,87040,5760,6144,128,16,6144,15,48,27648,1920,384,12288,55296
128x768x768w60-16-16,128,768,768,60,16,16,60-16-16,M00,79872,7680,2048,896,16,2048,60,16,34816,7680,896,4096,55296
128x768x768w63-16-12,128,768,768,63,16,12,63-16-12,M00,83392,8064,1536,672,12,1536,63,16,31296,6048,896,3072,55296
128x768x768w22-16-33,128,768,768,22,16,33,22-16-33,M0K,88992,2816,4224,528,33,4224,22,16,25696,5808,256,8448,55296
128x768x768w16-24-29,128,768,768,16,24,29,16-24-29,00K,89984,3072,5568,464,29,5568,16,24,24704,3712,384,11136,55296
128x768x768w44-16-16,128,768,768,44,16,16,44-16-16,M00,88064,5632,2048,640,16,2048,44,16,26624,5632,640,4096,55296
128x768x768w50-16-16,128,768,768,50,16,16,50-16-16,M00,84992,6400,2048,768,16,2048,50,16,29696,6400,768,4096,55296
128x768x768w24-16-32,128,768,768,24,16,32,24-16-32,M00,88064,3072,4096,768,32,4096,24,16,26624,6144,384,8192,55296
128x768x768w54-16-16,128,768,768,54,16,16,54-16-16,M00,82944,6912,2048,768,16,2048,54,16,31744,6912,768,4096,55296
128x768x768w52-16-16,128,768,768,52,16,16,52-16-16,M00,83968,6656,2048,768,16,2048,52,16,30720,6656,768,4096,55296
128x768x768w15-16-50,128,768,768,15,16,50,15-16-50,M0K,86048,1920,6400,400,50,6400,15,16,28640,6000,128,12800,55296
128x768x768w24-32-16,128,768,768,24,32,16,24-32-16,M00,88064,6144,4096,384,16,4096,24,32,26624,3072,768,8192,55296
128x768x768w53-16-16,128,768,768,53,16,16,53-16-16,M00,83456,6784,2048,768,16,2048,53,16,31232,6784,768,4096,55296
128x768x768w46-16-16,128,768,768,46,16,16,46-16-16,M00,87040,5888,2048,640,16,2048,46,16,27648,5888,640,4096,55296
128x768x768w57-16-16,128,768,768,57,16,16,57-16-16,M00,81408,7296,2048,896,16,2048,57,16,33280,7296,896,4096,55296
128x768x768w15-24-33,128,768,768,15,24,33,15-24-33,M0K,88336,2880,6336,264,33,6336,15,24,26352,3960,192,12672,55296
128x768x768w15-56-14,128,768,768,15,56,14,15-56-14,MNK,85344,6720,6272,112,14,6272,15,56,29344,1680,448,12544,55440
128x768x768w20-24-25,128,768,768,20,24,25,20-24-25,M0K,89408,3840,4800,400,25,4800,20,24,25280,4000,384,9600,55552
128x768x768w19-24-25,128,768,768,19,24,25,19-24-25,M0K,90192,3648,4800,400,25,4800,19,24,24496,3800,384,9600,55552
128x768x768w18-16-39,128,768,768,18,16,39,18-16-39,M0K,88864,2304,4992,624,39,4992,18,16,25824,5616,256,9984,55680
128x768x768w13-32-27,128,768,768,13,32,27,13-32-27,M0K,88592,3328,6912,216,27,6912,13,32,26096,2808,256,13824,55680
128x768x768w28-16-27,128,768,768,28,16,27,28-16-27,M0K,88512,3584,3456,648,27,3456,28,16,26176,6048,384,6912,55680
128x768x768w26-16-27,128,768,768,26,16,27,26-16-27,M0K,89888,3328,3456,648,27,3456,26,16,24800,5616,384,6912,55680
128x768x768w18-24-26,128,768,768,18,24,26,18-24-26,M0K,90304,3456,4992,416,26,4992,18,24,24384,3744,384,9984,55680
128x768x768w18-16-40,128,768,768,18,16,40,18-16-40,M0K,88320,2304,5120,640,40,5120,18,16,26368,5760,256,10240,55680
128x768x768w30-16-27,128,768,768,30,16,27,30-16-27,M0K,87136,3840,3456,648,27,3456,30,16,27552,6480,384,6912,55680
128x768x768w29-16-27,128,768,768,29,16,27,29-16-27,M0K,87824,3712,3456,648,27,3456,29,16,26864,6264,384,6912,55680
128x768x768w27-16-27,128,768,768,27,16,27,27-16-27,M0K,89200,3456,3456,648,27,3456,27,16,25488,5832,384,6912,55680
128x768x768w18-40-16,128,768,768,18,40,16,18-40-16,MN0,88320,5760,5120,256,16,5120,18,40,26368,2304,640,10240,55680
128x768x768w25-16-29,128,768,768,25,16,29,25-16-29,M0K,89264,3200,3712,696,29,3712,25,16,25424,5800,384,7424,55728
128x768x768w21-48-11,128,768,768,21,48,11,21-48-11,M0K,86416,8064,4224,176,11,4224,21,48,28272,1848,768,8448,56000
128x768x768w21-24-22,128,768,768,21,24,22,21-24-22,M0K,90784,4032,4224,352,22,4224,21,24,23904,3696,384,8448,56000
128x768x768w13-40-22,128,768,768,13,40,22,13-40-22,MNK,87712,4160,7040,176,22,7040,13,40,26976,2288,320,14080,56000
128x768x768w15-40-20,128,768,768,15,40,20,15-40-20,MNK,87488,4800,6400,160,20,6400,15,40,27200,2400,320,12800,56160
128x768x768w11-48-21,128,768,768,11,48,21,11-48-21,M0K,86416,4224,8064,168,21,8064,11,48,28272,1848,384,16128,56240
128x768x768w13-24-36,128,768,768,13,24,36,13-24-36,M0K,88384,2496,6912,288,36,6912,13,24,26304,3744,192,13824,56320
128x768x768w39-24-14,128,768,768,39,24,14,39-24-14,M0K,85600,7488,2688,448,14,2688,39,24,29088,4368,768,5376,56320
128x768x768w13-72-12,128,768,768,13,72,12,13-72-12,MN0,83392,7488,6912,96,12,6912,13,72,31296,1248,576,13824,56320
128x768x768w13-24-35,128,768,768,13,24,35,13-24-35,M0K,88976,2496,6720,280,35,6720,13,24,25712,3640,192,13440,56320
128x768x768w34-24-14,128,768,768,34,24,14,34-24-14,M0K,88640,6528,2688,448,14,2688,34,24,26048,3808,768,5376,56320
128x768x768w35-24-14,128,768,768,35,24,14,35-24-14,M0K,88032,6720,2688,448,14,2688,35,24,26656,3920,768,5376,56320
128x768x768w12-80-12,128,768,768,12,80,12,12-80-12,MN0,81664,7680,7680,96,12,7680,12,80,33024,1152,640,15360,56320
128x768x768w12-24-39,128,768,768,12,24,39,12-24-39,M0K,87616,2304,7488,312,39,7488,12,24,27072,3744,192,14976,56320
128x768x768w36-24-14,128,768,768,36,24,14,36-24-14,M0K,87424,6912,2688,448,14,2688,36,24,27264,4032,768,5376,56320
128x768x768w38-24-14,128,768,768,38,24,14,38-24-14,M0K,86208,7296,2688,448,14,2688,38,24,28480,4256,768,5376,56320
128x768x768w16-48-14,128,768,768,16,48,14,16-48-14,00K,88064,6144,5376,224,14,5376,16,48,26624,1792,768,10752,56320
128x768x768w37-24-14,128,768,768,37,24,14,37-24-14,M0K,86816,7104,2688,448,14,2688,37,24,27872,4144,768,5376,56320
128x768x768w17-48-14,128,768,768,17,48,14,17-48-14,M0K,87072,6528,5376,224,14,5376,17,48,27616,1904,768,10752,56320
128x768x768w33-24-14,128,768,768,33,24,14,33-24-14,M0K,89248,6336,2688,448,14,2688,33,24,25440,3696,768,5376,56320
128x768x768w12-40-24,128,768,768,12,40,24,12-40-24,MN0,87040,3840,7680,192,24,7680,12,40,27648,2304,320,15360,56320
128x768x768w40-24-14,128,768,768,40,24,14,40-24-14,M0K,84992,7680,2688,560,14,2688,40,24,29696,4480,960,5376,56320
128x768x768w32-24-14,128,768,768,32,24,14,32-24-14,00K,89856,6144,2688,448,14,2688,32,24,24832,3584,768,5376,56320
128x768x768w12-24-40,128,768,768,12,24,40,12-24-40,M0K,87040,2304,7680,320,40,7680,12,24,27648,3840,192,15360,56320
128x768x768w25-24-19,128,768,768,25,24,19,25-24-19,M0K,90192,4800,3648,456,19,3648,25,24,24496,3800,576,7296,56416
128x768x768w19-16-38,128,768,768,19,16,38,19-16-38,M0K,88544,2432,4864,608,38,4864,19,16,26144,5776,256,9728,56448
128x768x768w20-16-38,128,768,768,20,16,38,20-16-38,M0K,87680,2560,4864,608,38,4864,20,16,27008,6080,256,9728,56448
128x768x768w20-16-37,128,768,768,20,16,37,20-16-37,M0K,88256,2560,4736,592,37,4736,20,16,26432,5920,256,9472,56448
128x768x768w19-16-37,128,768,768,19,16,37,19-16-37,M0K,89104,2432,4736,592,37,4736,19,16,25584,5624,256,9472,56448
128x768x768w12-56-17,128,768,768,12,56,17,12-56-17,MNK,85440,5376,7616,136,17,7616,12,56,29248,1632,448,15232,56672
128x768x768w25-32-14,128,768,768,25,32,14,25-32-14,M0K,89120,6400,3584,336,14,3584,25,32,25568,2800,768,7168,56760
128x768x768w38-16-21,128,768,768,38,16,21,38-16-21,M0K,86816,4864,2688,672,21,2688,38,16,27872,6384,512,5376,56832
128x768x768w14-16-48,128,768,768,14,16,48,14-16-48,M00,88064,1792,6144,384,48,6144,14,16,26624,5376,128,12288,56832
128x768x768w37-16-21,128,768,768,37,16,21,37-16-21,M0K,87408,4736,2688,672,21,2688,37,16,27280,6216,512,5376,56832
128x768x768w14-16-51,128,768,768,14,16,51,14-16-51,M0K,86624,1792,6528,408,51,6528,14,16,28064,5712,128,13056,56832
128x768x768w32-16-21,128,768,768,32,16,21,32-16-21,00K,90368,4096,2688,672,21,2688,32,16,24320,5376,512,5376,56832
128x768x768w24-24-21,128,768,768,24,24,21,24-24-21,M0K,89344,4608,4032,504,21,4032,24,24,25344,4032,576,8064,56832
128x768x768w14-24-32,128,768,768,14,24,32,14-24-32,M00,89856,2688,6144,256,32,6144,14,24,24832,3584,192,12288,56832
128x768x768w34-16-21,128,768,768,34,16,21,34-16-21,M0K,89184,4352,2688,672,21,2688,34,16,25504,5712,512,5376,56832
128x768x768w14-24-33,128,768,768,14,24,33,14-24-33,M0K,89248,2688,6336,264,33,6336,14,24,25440,3696,192,12672,56832
128x768x768w36-16-21,128,768,768,36,16,21,36-16-21,M0K,88000,4608,2688,672,21,2688,36,16,26688,6048,512,5376,56832
128x768x768w22-24-21,128,768,768,22,24,21,22-24-21,M0K,90784,4224,4032,336,21,4032,22,24,23904,3696,384,8064,56832
128x768x768w33-16-21,128,768,768,33,16,21,33-16-21,M0K,89776,4224,2688,672,21,2688,33,16,24912,5544,512,5376,56832
128x768x768w14-16-49,128,768,768,14,16,49,14-16-49,M0K,87584,1792,6272,392,49,6272,14,16,27104,5488,128,12544,56832
128x768x768w14-48-16,128,768,768,14,48,16,14-48-16,M00,88064,5376,6144,128,16,6144,14,48,26624,1792,384,12288,56832
128x768x768w14-16-50,128,768,768,14,16,50,14-16-50,M0K,87104,1792,6400,400,50,6400,14,16,27584,5600,128,12800,56832
128x768x768w23-24-21,128,768,768,23,24,21,23-24-21,M0K,90064,4416,4032,336,21,4032,23,24,24624,3864,384,8064,56832
128x768x768w35-16-21,128,768,768,35,16,21,35-16-21,M0K,88592,4480,2688,672,21,2688,35,16,26096,5880,512,5376,56832
128x768x768w40-16-21,128,768,768,40,16,21,40-16-21,M0K,85632,5120,2688,840,21,2688,40,16,29056,6720,640,5376,56832
128x768x768w14-64-12,128,768,768,14,64,12,14-64-12,M00,85376,7168,6144,96,12,6144,14,64,29312,1344,512,12288,56832
128x768x768w17-32-21,128,768,768,17,32,21,17-32-21,M0K,89520,4352,5376,336,21,5376,17,32,25168,2856,512,10752,56832
128x768x768w14-32-24,128,768,768,14,32,24,14-32-24,M00,89856,3584,6144,192,24,6144,14,32,24832,2688,256,12288,56832
128x768x768w39-16-21,128,768,768,39,16,21,39-16-21,M0K,86224,4992,2688,672,21,2688,39,16,28464,6552,512,5376,56832
128x768x768w16-32-21,128,768,768,16,32,21,16-32-21,00K,90368,4096,5376,336,21,5376,16,32,24320,2688,512,10752,56832
128x768x768w18-56-11,128,768,768,18,56,11,18-56-11,MNK,85536,8064,4928,176,11,4928,18,56,29152,1584,896,9856,56840
128x768x768w14-56-14,128,768,768,14,56,14,14-56-14,MNK,86464,6272,6272,112,14,6272,14,56,28224,1568,448,12544,56980
128x768x768w14-72-11,128,768,768,14,72,11,14-72-11,MNK,83424,8064,6336,88,11,6336,14,72,31264,1232,576,12672,56980
128x768x768w11-32-31,128,768,768,11,32,31,11-32-31,M0K,87728,2816,7936,248,31,7936,11,32,26960,2728,256,15872,57000
128x768x768w12-32-29,128,768,768,12,32,29,12-32-29,M0K,88128,3072,7424,232,29,7424,12,32,26560,2784,256,14848,57024
128x768x768w18-32-19,128,768,768,18,32,19,18-32-19,M0K,90272,4608,4864,304,19,4864,18,32,24416,2736,512,9728,57072
128x768x768w41-16-19,128,768,768,41,16,19,41-16-19,M0K,86864,5248,2432,760,19,2432,41,16,27824,6232,640,4864,57072
128x768x768w11-56-18,128,768,768,11,56,18,11-56-18,MNK,85536,4928,8064,144,18,8064,11,56,29152,1584,448,16128,57190
128x768x768w16-24-28,128,768,768,16,24,28,16-24-28,00K,90624,3072,5376,448,28,5376,16,24,24064,3584,384,10752,57344
128x768x768w20-24-24,128,768,768,20,24,24,20-24-24,M00,90112,3840,4608,384,24,4608,20,24,24576,3840,384,9216,57344
128x768x768w19-48-12,128,768,768,19,48,12,19-48-12,M00,87232,7296,4608,192,12,4608,19,48,27456,1824,768,9216,57344
128x768x768w19-24-24,128,768,768,19,24,24,19-24-24,M00,90880,3648,4608,384,24,4608,19,24,23808,3648,384,9216,57344
128x768x768w20-48-12,128,768,768,20,48,12,20-48-12,M00,86272,7680,4608,192,12,4608,20,48,28416,1920,768,9216,57344
128x768x768w17-24-28,128,768,768,17,24,28,17-24-28,M0K,89792,3264,5376,448,28,5376,17,24,24896,3808,384,10752,57344
128x768x768w17-56-12,128,768,768,17,56,12,17-56-12,MN0,85440,7616,5376,192,12,5376,17,56,29248,1632,896,10752,57344
128x768x768w16-56-12,128,768,768,16,56,12,16-56-12,0N0,86528,7168,5376,192,12,5376,16,56,28160,1536,896,10752,57344
128x768x768w42-16-17,128,768,768,42,16,17,42-16-17,M0K,88160,5376,2176,680,17,2176,42,16,26528,5712,640,4352,57408
128x768x768w11-72-14,128,768,768,11,72,14,11-72-14,MNK,83424,6336,8064,112,14,8064,11,72,31264,1232,576,16128,57475
128x768x768w18-24-25,128,768,768,18,24,25,18-24-25,M0K,90976,3456,4800,400,25,4800,18,24,23712,3600,384,9600,57536
128x768x768w26-16-26,128,768,768,26,16,26,26-16-26,M0K,90560,3328,3328,624,26,3328,26,16,24128,5408,384,6656,57600
128x768x768w22-16-31,128,768,768,22,16,31,22-16-31,M0K,90208,2816,3968,496,31,3968,22,16,24480,5456,256,7936,57600
128x768x768w21-16-33,128,768,768,21,16,33,21-16-33,M0K,89776,2688,4224,528,33,4224,21,16,24912,5544,256,8448,57600
128x768x768w13-16-52,128,768,768,13,16,52,13-16-52,M0K,87232,1664,6656,416,52,6656,13,16,27456,5408,128,13312,57600
128x768x768w15-24-31,128,768,768,15,24,31,15-24-31,M0K,89584,2880,5952,248,31,5952,15,24,25104,3720,192,11904,57600
128x768x768w24-16-31,128,768,768,24,16,31,24-16-31,M0K,88704,3072,3968,744,31,3968,24,16,25984,5952,384,7936,57600
128x768x768w29-16-26,128,768,768,29,16,26,29-16-26,M0K,88544,3712,3328,624,26,3328,29,16,26144,6032,384,6656,57600
128x768x768w23-16-31,128,768,768,23,16,31,23-16-31,M0K,89456,2944,3968,496,31,3968,23,16,25232,5704,256,7936,57600
128x768x768w21-32-16,128,768,768,21,32,16,21-32-16,M00,90368,5376,4096,256,16,4096,21,32,24320,2688,512,8192,57600
128x768x768w13-16-54,128,768,768,13,16,54,13-16-54,M0K,86304,1664,6912,432,54,6912,13,16,28384,5616,128,13824,57600
128x768x768w27-16-26,128,768,768,27,16,26,27-16-26,M0K,89888,3456,3328,624,26,3328,27,16,24800,5616,384,6656,57600
128x768x768w30-16-26,128,768,768,30,16,26,30-16-26,M0K,87872,3840,3328,624,26,3328,30,16,26816,6240,384,6656,57600
128x768x768w21-16-32,128,768,768,21,16,32,21-16-32,M00,90368,2688,4096,512,32,4096,21,16,24320,5376,256,8192,57600
128x768x768w28-16-26,128,768,768,28,16,26,28-16-26,M0K,89216,3584,3328,624,26,3328,28,16,25472,5824,384,6656,57600
128x768x768w13-16-53,128,768,768,13,16,53,13-16-53,M0K,86768,1664,6784,424,53,6784,13,16,27920,5512,128,13568,57600
128x768x768w13-32-26,128,768,768,13,32,26,13-32-26,M0K,89312,3328,6656,208,26,6656,13,32,25376,2704,256,13312,57600
128x768x768w14-40-20,128,768,768,14,40,20,14-40-20,MNK,88448,4480,6400,160,20,6400,14,40,26240,2240,320,12800,57720
128x768x768w12-48-19,128,768,768,12,48,19,12-48-19,M0K,87232,4608,7296,152,19,7296,12,48,27456,1824,384,14592,57728
128x768x768w11-24-41,128,768,768,11,24,41,11-24-41,M0K,87504,2112,7872,328,41,7872,11,24,27184,3608,192,15744,57760
128x768x768w11-24-42,128,768,768,11,24,42,11-24-42,M0K,86944,2112,8064,336,42,8064,11,24,27744,3696,192,16128,57760
128x768x768w19-32-18,128,768,768,19,32,18,19-32-18,M0K,90272,4864,4608,288,18,4608,19,32,24416,2736,512,9216,57792
128x768x768w20-32-18,128,768,768,20,32,18,20-32-18,M0K,89472,5120,4608,288,18,4608,20,32,25216,2880,512,9216,57792
128x768x768w25-16-28,128,768,768,25,16,28,25-16-28,M0K,89920,3200,3584,672,28,3584,25,16,24768,5600,384,7168,57792
128x768x768w12-64-14,128,768,768,12,64,14,12-64-14,M0K,85376,6144,7168,112,14,7168,12,64,29312,1344,512,14336,58080
128x768x768w61-16-14,128,768,768,61,16,14,61-16-14,M0K,81824,7808,1792,784,14,1792,61,16,32864,6832,896,3584,58080
128x768x768w19-40-15,128,768,768,19,40,15,19-40-15,MNK,88368,6080,4800,240,15,4800,19,40,26320,2280,640,9600,58240
128x768x768w42-24-11,128,768,768,42,24,11,42-24-11,M0K,86944,8064,2112,440,11,2112,42,24,27744,3696,960,4224,58240
128x768x768w13-56-15,128,768,768,13,56,15,13-56-15,MNK,86480,5824,6720,120,15,6720,13,56,28208,1560,448,13440,58240
128x768x768w20-40-15,128,768,768,20,40,15,20-40-15,MNK,87488,6400,4800,240,15,4800,20,40,27200,2400,640,9600,58240
128x768x768w17-16-42,128,768,768,17,16,42,17-16-42,M0K,88160,2176,5376,672,42,5376,17,16,26528,5712,256,10752,58368
128x768x768w16-16-42,128,768,768,16,16,42,16-16-42,00K,89088,2048,5376,672,42,5376,16,16,25600,5376,256,10752,58368
128x768x768w16-16-41,128,768,768,16,16,41,16-16-41,00K,89600,2048,5248,656,41,5248,16,16,25088,5248,256,10496,58368
128x768x768w17-16-41,128,768,768,17,16,41,17-16-41,M0K,88688,2176,5248,656,41,5248,17,16,26000,5576,256,10496,58368
128x768x768w18-16-38,128,768,768,18,16,38,18-16-38,M0K,89408,2304,4864,608,38,4864,18,16,25280,5472,256,9728,58464
128x768x768w18-16-37,128,768,768,18,16,37,18-16-37,M0K,89952,2304,4736,592,37,4736,18,16,24736,5328,256,9472,58464
128x768x768w15-16-46,128,768,768,15,16,46,15-16-46,M0K,88032,1920,5888,368,46,5888,15,16,26656,5520,128,11776,58752
128x768x768w15-16-47,128,768,768,15,16,47,15-16-47,M0K,87536,1920,6016,376,47,6016,15,16,27152,5640,128,12032,58752
128x768x768w31-16-23,128,768,768,31,16,23,31-16-23,M0K,89456,3968,2944,552,23,2944,31,16,25232,5704,384,5888,58752
128x768x768w15-32-23,128,768,768,15,32,23,15-32-23,M0K,89712,3840,5888,184,23,5888,15,32,24976,2760,256,11776,58752
128x768x768w16-40-17,128,768,768,16,40,17,16-40-17,0NK,89216,5120,5440,272,17,5440,16,40,25472,2176,640,10880,58880
128x768x768w17-40-17,128,768,768,17,40,17,17-40-17,MNK,88304,5440,5440,272,17,5440,17,40,26384,2312,640,10880,58880
128x768x768w13-48-17,128,768,768,13,48,17,13-48-17,M0K,88112,4992,6528,136,17,6528,13,48,26576,1768,384,13056,58880
128x768x768w30-24-17,128,768,768,30,24,17,30-24-17,M0K,88480,5760,3264,408,17,3264,30,24,26208,4080,576,6528,58880
128x768x768w26-24-17,128,768,768,26,24,17,26-24-17,M0K,91104,4992,3264,408,17,3264,26,24,23584,3536,576,6528,58880
128x768x768w28-24-17,128,768,768,28,24,17,28-24-17,M0K,89792,5376,3264,408,17,3264,28,24,24896,3808,576,6528,58880
128x768x768w29-24-17,128,768,768,29,24,17,29-24-17,M0K,89136,5568,3264,408,17,3264,29,24,25552,3944,576,6528,58880
128x768x768w27-24-17,128,768,768,27,24,17,27-24-17,M0K,90448,5184,3264,408,17,3264,27,24,24240,3672,576,6528,58880
128x768x768w13-24-34,128,768,768,13,24,34,13-24-34,M0K,89568,2496,6528,272,34,6528,13,24,25120,3536,192,13056,58880
128x768x768w11-40-25,128,768,768,11,40,25,11-40-25,MNK,87248,3520,8000,200,25,8000,11,40,27440,2200,320,16000,58900
128x768x768w15-40-19,128,768,768,15,40,19,15-40-19,MNK,88368,4800,6080,152,19,6080,15,40,26320,2280,320,12160,59040
128x768x768w12-16-55,128,768,768,12,16,55,12-16-55,M0K,86976,1536,7040,440,55,7040,12,16,27712,5280,128,14080,59136
128x768x768w12-56-16,128,768,768,12,56,16,12-56-16,MN0,86528,5376,7168,128,16,7168,12,56,28160,1536,448,14336,59136
128x768x768w12-24-38,128,768,768,12,24,38,12-24-38,M0K,88192,2304,7296,304,38,7296,12,24,26496,3648,192,14592,59136
128x768x768w20-16-35,128,768,768,20,16,35,20-16-35,M0K,89408,2560,4480,560,35,4480,20,16,25280,5600,256,8960,59136
128x768x768w19-16-35,128,768,768,19,16,35,19-16-35,M0K,90224,2432,4480,560,35,4480,19,16,24464,5320,256,8960,59136
128x768x768w32-32-10,128,768,768,32,32,10,32-32-10,00K,88064,8192,2560,320,10,2560,32,32,26624,2560,1024,5120,59136
128x768x768w19-16-36,128,768,768,19,16,36,19-16-36,M0K,89664,2432,4608,576,36,4608,19,16,25024,5472,256,9216,59136
128x768x768w12-16-57,128,768,768,12,16,57,12-16-57,M0K,86080,1536,7296,456,57,7296,12,16,28608,5472,128,14592,59136
128x768x768w12-16-56,128,768,768,12,16,56,12-16-56,M0K,86528,1536,7168,448,56,7168,12,16,28160,5376,128,14336,59136
128x768x768w16-64-10,128,768,768,16,64,10,16-64-10,00K,85504,8192,5120,160,10,5120,16,64,29184,1280,1024,10240,59136
128x768x768w20-16-36,128,768,768,20,16,36,20-16-36,M0K,88832,2560,4608,576,36,4608,20,16,25856,5760,256,9216,59136
128x768x768w12-24-37,128,768,768,12,24,37,12-24-37,M0K,88768,2304,7104,296,37,7104,12,24,25920,3552,192,14208,59136
128x768x768w12-32-28,128,768,768,12,32,28,12-32-28,M0K,88832,3072,7168,224,28,7168,12,32,25856,2688,256,14336,59136
128x768x768w12-16-58,128,768,768,12,16,58,12-16-58,M0K,85632,1536,7424,464,58,7424,12,16,29056,5568,128,14848,59136
128x768x768w64-16-10,128,768,768,64,16,10,64-16-10,00K,85504,8192,1280,640,10,1280,64,16,29184,5120,1024,2560,59136
128x768x768w25-24-18,128,768,768,25,24,18,25-24-18,M0K,90976,4800,3456,432,18,3456,25,24,23712,3600,576,6912,59168
128x768x768w13-40-21,128,768,768,13,40,21,13-40-21,MNK,88560,4160,6720,168,21,6720,13,40,26128,2184,320,13440,59200
128x768x768w14-24-31,128,768,768,14,24,31,14-24-31,M0K,90464,2688,5952,248,31,5952,14,24,24224,3472,192,11904,59200
128x768x768w21-24-21,128,768,768,21,24,21,21-24-21,M0K,91504,4032,4032,336,21,4032,21,24,23184,3528,384,8064,59200
128x768x768w11-16-63,128,768,768,11,16,63,11-16-63,M0K,84656,1408,8064,504,63,8064,11,16,30032,5544,128,16128,59280
128x768x768w11-32-30,128,768,768,11,32,30,11-32-30,M0K,88416,2816,7680,240,30,7680,11,32,26272,2640,256,15360,59280
128x768x768w11-16-61,128,768,768,11,16,61,11-16-61,M0K,85520,1408,7808,488,61,7808,11,16,29168,5368,128,15616,59280
128x768x768w11-64-15,128,768,768,11,64,15,11-64-15,M0K,85424,5632,7680,120,15,7680,11,64,29264,1320,512,15360,59280
128x768x768w11-16-62,128,768,768,11,16,62,11-16-62,M0K,85088,1408,7936,496,62,7936,11,16,29600,5456,128,15872,59280
128x768x768w11-48-20,128,768,768,11,48,20,11-48-20,M0K,87360,4224,7680,160,20,7680,11,48,27328,1760,384,15360,59280
128x768x768w11-16-60,128,768,768,11,16,60,11-16-60,M0K,85952,1408,7680,480,60,7680,11,16,28736,5280,128,15360,59280
128x768x768w41-24-12,128,768,768,41,24,12,41-24-12,M00,86464,7872,2304,480,12,2304,41,24,28224,3936,960,4608,59392
128x768x768w17-24-27,128,768,768,17,24,27,17-24-27,M0K,90448,3264,5184,432,27,5184,17,24,24240,3672,384,10368,59392
128x768x768w18-24-24,128,768,768,18,24,24,18-24-24,M00,91648,3456,4608,384,24,4608,18,24,23040,3456,384,9216,59392
128x768x768w18-48-12,128,768,768,18,48,12,18-48-12,M00,88192,6912,4608,192,12,4608,18,48,26496,1728,768,9216,59392
128x768x768w16-24-27,128,768,768,16,24,27,16-24-27,00K,91264,3072,5184,432,27,5184,16,24,23424,3456,384,10368,59392
128x768x768w30-16-25,128,768,768,30,16,25,30-16-25,M0K,88608,3840,3200,600,25,3200,30,16,26080,6000,384,6400,59520
128x768x768w28-16-25,128,768,768,28,16,25,28-16-25,M0K,89920,3584,3200,600,25,3200,28,16,24768,5600,384,6400,59520
128x768x768w13-32-25,128,768,768,13,32,25,13-32-25,M0K,90032,3328,6400,200,25,6400,13,32,24656,2600,256,12800,59520
128x768x768w26-16-25,128,768,768,26,16,25,26-16-25,M0K,91232,3328,3200,600,25,3200,26,16,23456,5200,384,6400,59520
128x768x768w27-16-25,128,768,768,27,16,25,27-16-25,M0K,90576,3456,3200,600,25,3200,27,16,24112,5400,384,6400,59520
128x768x768w29-16-25,128,768,768,29,16,25,29-16-25,M0K,89264,3712,3200,600,25,3200,29,16,25424,5800,384,6400,59520
128x768x768w12-40-23,128,768,768,12,40,23,12-40-23,MNK,87872,3840,7360,184,23,7360,12,40,26816,2208,320,14720,59840
128x768x768w11-88-11,128,768,768,11,88,11,11-88-11,MNK,81776,7744,7744,88,11,7744,11,88,32912,968,704,15488,59850
128x768x768w25-16-27,128,768,768,25,16,27,25-16-27,M0K,90576,3200,3456,648,27,3456,25,16,24112,5400,384,6912,59856
128x768x768w41-16-18,128,768,768,41,16,18,41-16-18,M0K,87776,5248,2304,720,18,2304,41,16,26912,5904,640,4608,59856
128x768x768w18-32-18,128,768,768,18,32,18,18-32-18,M0K,91072,4608,4608,288,18,4608,18,32,23616,2592,512,9216,59856
128x768x768w46-16-15,128,768,768,46,16,15,46-16-15,M0K,88032,5888,1920,600,15,1920,46,16,26656,5520,640,3840,59904
128x768x768w23-24-20,128,768,768,23,24,20,23-24-20,M0K,90816,4416,3840,320,20,3840,23,24,23872,3680,384,7680,59904
128x768x768w17-32-20,128,768,768,17,32,20,17-32-20,M0K,90304,4352,5120,320,20,5120,17,32,24384,2720,512,10240,59904
128x768x768w59-16-15,128,768,768,59,16,15,59-16-15,M0K,81584,7552,1920,840,15,1920,59,16,33104,7080,896,3840,59904
128x768x768w49-16-15,128,768,768,49,16,15,49-16-15,M0K,86544,6272,1920,720,15,1920,49,16,28144,5880,768,3840,59904
128x768x768w35-16-20,128,768,768,35,16,20,35-16-20,M0K,89408,4480,2560,640,20,2560,35,16,25280,5600,512,5120,59904
128x768x768w34-16-20,128,768,768,34,16,20,34-16-20,M0K,89984,4352,2560,640,20,2560,34,16,24704,5440,512,5120,59904
128x768x768w31-24-15,128,768,768,31,24,15,31-24-15,M0K,89584,5952,2880,360,15,2880,31,24,25104,3720,576,5760,59904
128x768x768w58-16-15,128,768,768,58,16,15,58-16-15,M0K,82080,7424,1920,840,15,1920,58,16,32608,6960,896,3840,59904
128x768x768w10-16-64,128,768,768,10,16,64,10-16-64,M00,85504,1280,8192,512,64,8192,10,16,29184,5120,128,16384,59904
128x768x768w22-24-20,128,768,768,22,24,20,22-24-20,M0K,91520,4224,3840,320,20,3840,22,24,23168,3520,384,7680,59904
128x768x768w40-16-20,128,768,768,40,16,20,40-16-20,M0K,86528,5120,2560,800,20,2560,40,16,28160,6400,640,5120,59904
128x768x768w44-16-15,128,768,768,44,16,15,44-16-15,M0K,89024,5632,1920,600,15,1920,44,16,25664,5280,640,3840,59904
128x768x768w52-16-15,128,768,768,52,16,15,52-16-15,M0K,85056,6656,1920,720,15,1920,52,16,29632,6240,768,3840,59904
128x768x768w60-16-15,128,768,768,60,16,15,60-16-15,M0K,81088,7680,1920,840,15,1920,60,16,33600,7200,896,3840,59904
128x768x768w54-16-15,128,768,768,54,16,15,54-16-15,M0K,84064,6912,1920,720,15,1920,54,16,30624,6480,768,3840,59904
128x768x768w50-16-15,128,768,768,50,16,15,50-16-15,M0K,86048,6400,1920,720,15,1920,50,16,28640,6000,768,3840,59904
128x768x768w42-16-16,128,768,768,42,16,16,42-16-16,M00,89088,5376,2048,640,16,2048,42,16,25600,5376,640,4096,59904
128x768x768w39-16-20,128,768,768,39,16,20,39-16-20,M0K,87104,4992,2560,640,20,2560,39,16,27584,6240,512,5120,59904
128x768x768w56-16-15,128,768,768,56,16,15,56-16-15,M0K,83072,7168,1920,840,15,1920,56,16,31616,6720,896,3840,59904
128x768x768w10-32-32,128,768,768,10,32,32,10-32-32,M00,88064,2560,8192,256,32,8192,10,32,26624,2560,256,16384,59904
128x768x768w36-16-20,128,768,768,36,16,20,36-16-20,M0K,88832,4608,2560,640,20,2560,36,16,25856,5760,512,5120,59904
128x768x768w23-32-15,128,768,768,23,32,15,23-32-15,M0K,89712,5888,3840,240,15,3840,23,32,24976,2760,512,7680,59904
128x768x768w53-16-15,128,768,768,53,16,15,53-16-15,M0K,84560,6784,1920,720,15,1920,53,16,30128,6360,768,3840,59904
128x768x768w23-16-30,128,768,768,23,16,30,23-16-30,M0K,90080,2944,3840,480,30,3840,23,16,24608,5520,256,7680,59904
128x768x768w48-16-15,128,768,768,48,16,15,48-16-15,M0K,87040,6144,1920,720,15,1920,48,16,27648,5760,768,3840,59904
128x768x768w38-16-20,128,768,768,38,16,20,38-16-20,M0K,87680,4864,2560,640,20,2560,38,16,27008,6080,512,5120,59904
128x768x768w24-24-20,128,768,768,24,24,20,24-24-20,M0K,90112,4608,3840,480,20,3840,24,24,24576,3840,576,7680,59904
128x768x768w16-32-20,128,768,768,16,32,20,16-32-20,00K,91136,4096,5120,320,20,5120,16,32,23552,2560,512,10240,59904
128x768x768w24-16-30,128,768,768,24,16,30,24-16-30,M0K,89344,3072,3840,720,30,3840,24,16,25344,5760,384,7680,59904
128x768x768w10-64-16,128,768,768,10,64,16,10-64-16,M00,85504,5120,8192,128,16,8192,10,64,29184,1280,512,16384,59904
128x768x768w45-16-15,128,768,768,45,16,15,45-16-15,M0K,88528,5760,1920,600,15,1920,45,16,26160,5400,640,3840,59904
128x768x768w15-48-15,128,768,768,15,48,15,15-48-15,M0K,88048,5760,5760,120,15,5760,15,48,26640,1800,384,11520,59904
128x768x768w24-32-15,128,768,768,24,32,15,24-32-15,M0K,88960,6144,3840,360,15,3840,24,32,25728,2880,768,7680,59904
128x768x768w37-16-20,128,768,768,37,16,20,37-16-20,M0K,88256,4736,2560,640,20,2560,37,16,26432,5920,512,5120,59904
128x768x768w57-16-15,128,768,768,57,16,15,57-16-15,M0K,82576,7296,1920,840,15,1920,57,16,32112,6840,896,3840,59904
128x768x768w33-16-20,128,768,768,33,16,20,33-16-20,M0K,90560,4224,2560,640,20,2560,33,16,24128,5280,512,5120,59904
128x768x768w15-24-30,128,768,768,15,24,30,15-24-30,M0K,90208,2880,5760,240,30,5760,15,24,24480,3600,192,11520,59904
128x768x768w47-16-15,128,768,768,47,16,15,47-16-15,M0K,87536,6016,1920,600,15,1920,47,16,27152,5640,640,3840,59904
128x768x768w55-16-15,128,768,768,55,16,15,55-16-15,M0K,83568,7040,1920,720,15,1920,55,16,31120,6600,768,3840,59904
128x768x768w22-32-15,128,768,768,22,32,15,22-32-15,M0K,90464,5632,3840,240,15,3840,22,32,24224,2640,512,7680,59904
128x768x768w51-16-15,128,768,768,51,16,15,51-16-15,M0K,85552,6528,1920,720,15,1920,51,16,29136,6120,768,3840,59904
128x768x768w43-16-15,128,768,768,43,16,15,43-16-15,M0K,89520,5504,1920,600,15,1920,43,16,25168,5160,640,3840,59904
128x768x768w22-16-30,128,768,768,22,16,30,22-16-30,M0K,90816,2816,3840,480,30,3840,22,16,23872,5280,256,7680,59904
128x768x768w32-16-20,128,768,768,32,16,20,32-16-20,00K,91136,4096,2560,640,20,2560,32,16,23552,5120,512,5120,59904
128x768x768w21-16-31,128,768,768,21,16,31,21-16-31,M0K,90960,2688,3968,496,31,3968,21,16,23728,5208,256,7936,60000
128x768x768w25-40-11,128,768,768,25,40,11,25-40-11,MNK,87248,8000,3520,264,11,3520,25,40,27440,2200,960,7040,60200
128x768x768w18-40-15,128,768,768,18,40,15,18-40-15,MNK,89248,5760,4800,240,15,4800,18,40,25440,2160,640,9600,60320
128x768x768w14-16-46,128,768,768,14,16,46,14-16-46,M0K,89024,1792,5888,368,46,5888,14,16,25664,5152,128,11776,60384
128x768x768w14-16-47,128,768,768,14,16,47,14-16-47,M0K,88544,1792,6016,376,47,6016,14,16,26144,5264,128,12032,60384
128x768x768w14-32-23,128,768,768,14,32,23,14-32-23,M0K,90592,3584,5888,184,23,5888,14,32,24096,2576,256,11776,60384
128x768x768w63-16-11,128,768,768,63,16,11,63-16-11,M0K,84656,8064,1408,616,11,1408,63,16,30032,5544,896,2816,60480
128x768x768w15-32-22,128,768,768,15,32,22,15-32-22,M0K,90464,3840,5632,176,22,5632,15,32,24224,2640,256,11264,60480
128x768x768w31-16-22,128,768,768,31,16,22,31-16-22,M0K,90208,3968,2816,528,22,2816,31,16,24480,5456,384,5632,60480
128x768x768w15-64-11,128,768,768,15,64,11,15-64-11,M0K,85424,7680,5632,88,11,5632,15,64,29264,1320,512,11264,60480
128x768x768w31-32-11,128,768,768,31,32,11,31-32-11,M0K,87728,7936,2816,264,11,2816,31,32,26960,2728,768,5632,60480
128x768x768w12-48-18,128,768,768,12,48,18,12-48-18,M0K,88192,4608,6912,144,18,6912,12,48,26496,1728,384,13824,60544
128x768x768w14-40-19,128,768,768,14,40,19,14-40-19,MNK,89312,4480,6080,152,19,6080,14,40,25376,2128,320,12160,60680
128x768x768w11-80-12,128,768,768,11,80,12,11-80-12,MN0,83136,7040,7680,96,12,7680,11,80,31552,1056,640,15360,60800
128x768x768w11-40-24,128,768,768,11,40,24,11-40-24,MN0,88064,3520,7680,192,24,7680,11,40,26624,2112,320,15360,60800
128x768x768w11-24-40,128,768,768,11,24,40,11-24-40,M0K,88064,2112,7680,320,40,7680,11,24,26624,3520,192,15360,60800
128x768x768w11-24-39,128,768,768,11,24,39,11-24-39,M0K,88624,2112,7488,312,39,7488,11,24,26064,3432,192,14976,60800
128x768x768w19-24-23,128,768,768,19,24,23,19-24-23,M0K,91568,3648,4416,368,23,4416,19,24,23120,3496,384,8832,60928
128x768x768w20-24-23,128,768,768,20,24,23,20-24-23,M0K,90816,3840,4416,368,23,4416,20,24,23872,3680,384,8832,60928
128x768x768w11-56-17,128,768,768,11,56,17,11-56-17,MNK,86608,4928,7616,136,17,7616,11,56,28080,1496,448,15232,61180
128x768x768w18-16-35,128,768,768,18,16,35,18-16-35,M0K,91040,2304,4480,560,35,4480,18,16,23648,5040,256,8960,61248
128x768x768w12-32-27,128,768,768,12,32,27,12-32-27,M0K,89536,3072,6912,216,27,6912,12,32,25152,2592,256,13824,61248
128x768x768w18-16-36,128,768,768,18,16,36,18-16-36,M0K,90496,2304,4608,576,36,4608,18,16,24192,5184,256,9216,61248
128x768x768w13-64-12,128,768,768,13,64,12,13-64-12,M00,86592,6656,6144,96,12,6144,13,64,28096,1248,512,12288,61440
128x768x768w28-16-24,128,768,768,28,16,24,28-16-24,M00,90624,3584,3072,576,24,3072,28,16,24064,5376,384,6144,61440
128x768x768w26-24-16,128,768,768,26,24,16,26-24-16,M00,91904,4992,3072,384,16,3072,26,24,22784,3328,576,6144,61440
128x768x768w24-40-12,128,768,768,24,40,12,24-40-12,MN0,87040,7680,3840,288,12,3840,24,40,27648,2304,960,7680,61440
128x768x768w13-48-16,128,768,768,13,48,16,13-48-16,M00,89088,4992,6144,128,16,6144,13,48,25600,1664,384,12288,61440
128x768x768w17-16-40,128,768,768,17,16,40,17-16-40,M0K,89216,2176,5120,640,40,5120,17,16,25472,5440,256,10240,61440
128x768x768w13-24-32,128,768,768,13,24,32,13-24-32,M00,90752,2496,6144,256,32,6144,13,24,23936,3328,192,12288,61440
128x768x768w26-16-24,128,768,768,26,16,24,26-16-24,M00,91904,3328,3072,576,24,3072,26,16,22784,4992,384,6144,61440
128x768x768w28-24-16,128,768,768,28,24,16,28-24-16,M00,90624,5376,3072,384,16,3072,28,24,24064,3584,576,6144,61440
128x768x768w27-16-24,128,768,768,27,16,24,27-16-24,M00,91264,3456,3072,576,24,3072,27,16,23424,5184,384,6144,61440
128x768x768w30-32-12,128,768,768,30,32,12,30-32-12,M00,87424,7680,3072,288,12,3072,30,32,27264,2880,768,6144,61440
128x768x768w13-32-24,128,768,768,13,32,24,13-32-24,M00,90752,3328,6144,192,24,6144,13,32,23936,2496,256,12288,61440
128x768x768w22-40-12,128,768,768,22,40,12,22-40-12,MN0,88704,7040,3840,192,12,3840,22,40,25984,2112,640,7680,61440
128x768x768w23-40-12,128,768,768,23,40,12,23-40-12,MN0,87872,7360,3840,192,12,3840,23,40,26816,2208,640,7680,61440
128x768x768w29-32-12,128,768,768,29,32,12,29-32-12,M00,88128,7424,3072,288,12,3072,29,32,26560,2784,768,6144,61440
128x768x768w30-24-16,128,768,768,30,24,16,30-24-16,M00,89344,5760,3072,384,16,3072,30,24,25344,3840,576,6144,61440
128x768x768w26-32-12,128,768,768,26,32,12,26-32-12,M00,90240,6656,3072,288,12,3072,26,32,24448,2496,768,6144,61440
128x768x768w17-40-16,128,768,768,17,40,16,17-40-16,MN0,89216,5440,5120,256,16,5120,17,40,25472,2176,640,10240,61440
128x768x768w17-16-39,128,768,768,17,16,39,17-16-39,M0K,89744,2176,4992,624,39,4992,17,16,24944,5304,256,9984,61440
128x768x768w13-16-48,128,768,768,13,16,48,13-16-48,M00,89088,1664,6144,384,48,6144,13,16,25600,4992,128,12288,61440
128x768x768w27-32-12,128,768,768,27,32,12,27-32-12,M00,89536,6912,3072,288,12,3072,27,32,25152,2592,768,6144,61440
128x768x768w13-16-50,128,768,768,13,16,50,13-16-50,M0K,88160,1664,6400,400,50,6400,13,16,26528,5200,128,12800,61440
128x768x768w62-16-12,128,768,768,62,16,12,62-16-12,M00,83840,7936,1536,672,12,1536,62,16,30848,5952,896,3072,61440
128x768x768w13-24-33,128,768,768,13,24,33,13-24-33,M0K,90160,2496,6336,264,33,6336,13,24,24528,3432,192,12672,61440
128x768x768w13-16-49,128,768,768,13,16,49,13-16-49,M0K,88624,1664,6272,392,49,6272,13,16,26064,5096,128,12544,61440
128x768x768w28-32-12,128,768,768,28,32,12,28-32-12,M00,88832,7168,3072,288,12,3072,28,32,25856,2688,768,6144,61440
128x768x768w16-40-16,128,768,768,16,40,16,16-40-16,0N0,90112,5120,5120,256,16,5120,16,40,24576,2048,640,10240,61440
128x768x768w29-16-24,128,768,768,29,16,24,29-16-24,M00,89984,3712,3072,576,24,3072,29,16,24704,5568,384,6144,61440
128x768x768w16-16-39,128,768,768,16,16,39,16-16-39,00K,90624,2048,4992,624,39,4992,16,16,24064,4992,256,9984,61440
128x768x768w16-24-26,128,768,768,16,24,26,16-24-26,00K,91904,3072,4992,416,26,4992,16,24,22784,3328,384,9984,61440
128x768x768w30-16-24,128,768,768,30,16,24,30-16-24,M00,89344,3840,3072,576,24,3072,30,16,25344,5760,384,6144,61440
128x768x768w13-16-51,128,768,768,13,16,51,13-16-51,M0K,87696,1664,6528,408,51,6528,13,16,26992,5304,128,13056,61440
128x768x768w29-24-16,128,768,768,29,24,16,29-24-16,M00,89984,5568,3072,384,16,3072,29,24,24704,3712,576,6144,61440
128x768x768w17-24-26,128,768,768,17,24,26,17-24-26,M0K,91104,3264,4992,416,26,4992,17,24,23584,3536,384,9984,61440
128x768x768w27-24-16,128,768,768,27,24,16,27-24-16,M00,91264,5184,3072,384,16,3072,27,24,23424,3456,576,6144,61440
128x768x768w16-16-40,128,768,768,16,16,40,16-16-40,00K,90112,2048,5120,640,40,5120,16,16,24576,5120,256,10240,61440
128x768x768w11-32-29,128,768,768,11,32,29,11-32-29,M0K,89104,2816,7424,232,29,7424,11,32,25584,2552,256,14848,61560
128x768x768w14-48-15,128,768,768,14,48,15,14-48-15,M0K,89056,5376,5760,120,15,5760,14,48,25632,1680,384,11520,61568
128x768x768w14-24-30,128,768,768,14,24,30,14-24-30,M0K,91072,2688,5760,240,30,5760,14,24,23616,3360,192,11520,61568
128x768x768w10-48-21,128,768,768,10,48,21,10-48-21,M0K,87520,3840,8064,168,21,8064,10,48,27168,1680,384,16128,61568
128x768x768w21-48-10,128,768,768,21,48,10,21-48-10,M0K,87520,8064,3840,160,10,3840,21,48,27168,1680,768,7680,61600
128x768x768w13-72-11,128,768,768,13,72,11,13-72-11,MNK,84752,7488,6336,88,11,6336,13,72,29936,1144,576,12672,61600
128x768x768w19-40-14,128,768,768,19,40,14,19-40-14,MNK,89312,6080,4480,224,14,4480,19,40,25376,2128,640,8960,61600
128x768x768w13-56-14,128,768,768,13,56,14,13-56-14,MNK,87584,5824,6272,112,14,6272,13,56,27104,1456,448,12544,61600
128x768x768w12-40-22,128,768,768,12,40,22,12-40-22,MNK,88704,3840,7040,176,22,7040,12,40,25984,2112,320,14080,61600
128x768x768w12-80-11,128,768,768,12,80,11,12-80-11,MNK,83136,7680,7040,88,11,7040,12,80,31552,1056,640,14080,61600
128x768x768w20-40-14,128,768,768,20,40,14,20-40-14,MNK,88448,6400,4480,224,14,4480,20,40,26240,2240,640,8960,61600
128x768x768w20-16-34,128,768,768,20,16,34,20-16-34,M0K,89984,2560,4352,544,34,4352,20,16,24704,5440,256,8704,61824
128x768x768w19-16-34,128,768,768,19,16,34,19-16-34,M0K,90784,2432,4352,544,34,4352,19,16,23904,5168,256,8704,61824
128x768x768w19-32-17,128,768,768,19,32,17,19-32-17,M0K,91088,4864,4352,272,17,4352,19,32,23600,2584,512,8704,61824
128x768x768w20-32-17,128,768,768,20,32,17,20-32-17,M0K,90304,5120,4352,272,17,4352,20,32,24384,2720,512,8704,61824
128x768x768w15-40-18,128,768,768,15,40,18,15-40-18,MNK,89248,4800,5760,144,18,5760,15,40,25440,2160,320,11520,61920
128x768x768w25-16-26,128,768,768,25,16,26,25-16-26,M0K,91232,3200,3328,624,26,3328,25,16,23456,5200,384,6656,61920
128x768x768w12-72-12,128,768,768,12,72,12,12-72-12,MN0,84736,6912,6912,96,12,6912,12,72,29952,1152,576,13824,61952
128x768x768w12-24-36,128,768,768,12,24,36,12-24-36,M0K,89344,2304,6912,288,36,6912,12,24,25344,3456,192,13824,61952
128x768x768w12-24-35,128,768,768,12,24,35,12-24-35,M0K,89920,2304,6720,280,35,6720,12,24,24768,3360,192,13440,61952
128x768x768w14-32-22,128,768,768,14,32,22,14-32-22,M0K,91328,3584,5632,176,22,5632,14,32,23360,2464,256,11264,62160
128x768x768w14-64-11,128,768,768,14,64,11,14-64-11,M0K,86624,7168,5632,88,11,5632,14,64,28064,1232,512,11264,62160
128x768x768w15-24-29,128,768,768,15,24,29,15-24-29,M0K,90832,2880,5568,232,29,5568,15,24,23856,3480,192,11136,62208
128x768x768w23-16-29,128,768,768,23,16,29,23-16-29,M0K,90704,2944,3712,464,29,3712,23,16,23984,5336,256,7424,62208
128x768x768w22-16-29,128,768,768,22,16,29,22-16-29,M0K,91424,2816,3712,464,29,3712,22,16,23264,5104,256,7424,62208
128x768x768w15-16-45,128,768,768,15,16,45,15-16-45,M0K,88528,1920,5760,360,45,5760,15,16,26160,5400,128,11520,62208
128x768x768w15-16-44,128,768,768,15,16,44,15-16-44,M0K,89024,1920,5632,352,44,5632,15,16,25664,5280,128,11264,62208
128x768x768w15-16-43,128,768,768,15,16,43,15-16-43,M0K,89520,1920,5504,344,43,5504,15,16,25168,5160,128,11008,62208
128x768x768w24-16-29,128,768,768,24,16,29,24-16-29,M0K,89984,3072,3712,696,29,3712,24,16,24704,5568,384,7424,62208
128x768x768w11-48-19,128,768,768,11,48,19,11-48-19,M0K,88304,4224,7296,152,19,7296,11,48,26384,1672,384,14592,62320
128x768x768w21-16-30,128,768,768,21,16,30,21-16-30,M0K,91552,2688,3840,480,30,3840,21,16,23136,5040,256,7680,62400
128x768x768w13-40-20,128,768,768,13,40,20,13-40-20,MNK,89408,4160,6400,160,20,6400,13,40,25280,2080,320,12800,62400
128x768x768w21-32-15,128,768,768,21,32,15,21-32-15,M0K,91216,5376,3840,240,15,3840,21,32,23472,2520,512,7680,62400
128x768x768w21-24-20,128,768,768,21,24,20,21-24-20,M0K,92224,4032,3840,320,20,3840,21,24,22464,3360,384,7680,62400
128x768x768w10-32-31,128,768,768,10,32,31,10-32-31,M0K,88736,2560,7936,248,31,7936,10,32,25952,2480,256,15872,62400
128x768x768w18-56-10,128,768,768,18,56,10,18-56-10,MNK,86720,8064,4480,160,10,4480,18,56,27968,1440,896,8960,62524
128x768x768w10-56-18,128,768,768,10,56,18,10-56-18,MNK,86720,4480,8064,144,18,8064,10,56,27968,1440,448,16128,62608
128x768x768w14-72-10,128,768,768,14,72,10,14-72-10,MNK,84800,8064,5760,80,10,5760,14,72,29888,1120,576,11520,62678
128x768x768w11-64-14,128,768,768,11,64,14,11-64-14,M0K,86624,5632,7168,112,14,7168,11,64,28064,1232,512,14336,62700
128x768x768w17-56-11,128,768,768,17,56,11,17-56-11,MNK,86608,7616,4928,176,11,4928,17,56,28080,1496,896,9856,62720
128x768x768w19-24-22,128,768,768,19,24,22,19-24-22,M0K,92256,3648,4224,352,22,4224,19,24,22432,3344,384,8448,62720
128x768x768w19-48-11,128,768,768,19,48,11,19-48-11,M0K,88304,7296,4224,176,11,4224,19,48,26384,1672,768,8448,62720
128x768x768w16-56-11,128,768,768,16,56,11,16-56-11,0NK,87680,7168,4928,176,11,4928,16,56,27008,1408,896,9856,62720
128x768x768w20-24-22,128,768,768,20,24,22,20-24-22,M0K,91520,3840,4224,352,22,4224,20,24,23168,3520,384,8448,62720
128x768x768w20-48-11,128,768,768,20,48,11,20-48-11,M0K,87360,7680,4224,176,11,4224,20,48,27328,1760,768,8448,62720
128x768x768w10-72-14,128,768,768,10,72,14,10-72-14,MNK,84800,5760,8064,112,14,8064,10,72,29888,1120,576,16128,62920
128x768x768w40-16-19,128,768,768,40,16,19,40-16-19,M0K,87424,5120,2432,760,19,2432,40,16,27264,6080,640,4864,62976
128x768x768w23-24-19,128,768,768,23,24,19,23-24-19,M0K,91568,4416,3648,304,19,3648,23,24,23120,3496,384,7296,62976
128x768x768w36-16-19,128,768,768,36,16,19,36-16-19,M0K,89664,4608,2432,608,19,2432,36,16,25024,5472,512,4864,62976
128x768x768w38-16-19,128,768,768,38,16,19,38-16-19,M0K,88544,4864,2432,608,19,2432,38,16,26144,5776,512,4864,62976
128x768x768w34-16-19,128,768,768,34,16,19,34-16-19,M0K,90784,4352,2432,608,19,2432,34,16,23904,5168,512,4864,62976
128x768x768w35-16-19,128,768,768,35,16,19,35-16-19,M0K,90224,4480,2432,608,19,2432,35,16,24464,5320,512,4864,62976
128x768x768w22-24-19,128,768,768,22,24,19,22-24-19,M0K,92256,4224,3648,304,19,3648,22,24,22432,3344,384,7296,62976
128x768x768w17-32-19,128,768,768,17,32,19,17-32-19,M0K,91088,4352,4864,304,19,4864,17,32,23600,2584,512,9728,62976
128x768x768w24-24-19,128,768,768,24,24,19,24-24-19,M0K,90880,4608,3648,456,19,3648,24,24,23808,3648,576,7296,62976
128x768x768w33-16-19,128,768,768,33,16,19,33-16-19,M0K,91344,4224,2432,608,19,2432,33,16,23344,5016,512,4864,62976
128x768x768w32-16-19,128,768,768,32,16,19,32-16-19,00K,91904,4096,2432,608,19,2432,32,16,22784,4864,512,4864,62976
128x768x768w37-16-19,128,768,768,37,16,19,37-16-19,M0K,89104,4736,2432,608,19,2432,37,16,25584,5624,512,4864,62976
128x768x768w16-32-19,128,768,768,16,32,19,16-32-19,00K,91904,4096,4864,304,19,4864,16,32,22784,2432,512,9728,62976
128x768x768w39-16-19,128,768,768,39,16,19,39-16-19,M0K,87984,4992,2432,608,19,2432,39,16,26704,5928,512,4864,62976
128x768x768w18-24-23,128,768,768,18,24,23,18-24-23,M0K,92320,3456,4416,368,23,4416,18,24,22368,3312,384,8832,63104
128x768x768w10-24-42,128,768,768,10,24,42,10-24-42,M0K,88000,1920,8064,336,42,8064,10,24,26688,3360,192,16128,63232
128x768x768w10-24-41,128,768,768,10,24,41,10-24-41,M0K,88544,1920,7872,328,41,7872,10,24,26144,3280,192,15744,63232
128x768x768w25-24-17,128,768,768,25,24,17,25-24-17,M0K,91760,4800,3264,408,17,3264,25,24,22928,3400,576,6528,63296
128x768x768w59-16-14,128,768,768,59,16,14,59-16-14,M0K,82784,7552,1792,784,14,1792,59,16,31904,6608,896,3584,63360
128x768x768w22-32-14,128,768,768,22,32,14,22-32-14,M0K,91328,5632,3584,224,14,3584,22,32,23360,2464,512,7168,63360
128x768x768w58-16-14,128,768,768,58,16,14,58-16-14,M0K,83264,7424,1792,784,14,1792,58,16,31424,6496,896,3584,63360
128x768x768w50-16-14,128,768,768,50,16,14,50-16-14,M0K,87104,6400,1792,672,14,1792,50,16,27584,5600,768,3584,63360
128x768x768w48-16-14,128,768,768,48,16,14,48-16-14,M0K,88064,6144,1792,672,14,1792,48,16,26624,5376,768,3584,63360
128x768x768w46-16-14,128,768,768,46,16,14,46-16-14,M0K,89024,5888,1792,560,14,1792,46,16,25664,5152,640,3584,63360
128x768x768w12-32-26,128,768,768,12,32,26,12-32-26,M0K,90240,3072,6656,208,26,6656,12,32,24448,2496,256,13312,63360
128x768x768w24-32-14,128,768,768,24,32,14,24-32-14,M0K,89856,6144,3584,336,14,3584,24,32,24832,2688,768,7168,63360
128x768x768w44-16-14,128,768,768,44,16,14,44-16-14,M0K,89984,5632,1792,560,14,1792,44,16,24704,4928,640,3584,63360
128x768x768w43-16-14,128,768,768,43,16,14,43-16-14,M0K,90464,5504,1792,560,14,1792,43,16,24224,4816,640,3584,63360
128x768x768w12-16-54,128,768,768,12,16,54,12-16-54,M0K,87424,1536,6912,432,54,6912,12,16,27264,5184,128,13824,63360
128x768x768w15-48-14,128,768,768,15,48,14,15-48-14,M0K,89056,5760,5376,112,14,5376,15,48,25632,1680,384,10752,63360
128x768x768w53-16-14,128,768,768,53,16,14,53-16-14,M0K,85664,6784,1792,672,14,1792,53,16,29024,5936,768,3584,63360
128x768x768w52-16-14,128,768,768,52,16,14,52-16-14,M0K,86144,6656,1792,672,14,1792,52,16,28544,5824,768,3584,63360
128x768x768w45-16-14,128,768,768,45,16,14,45-16-14,M0K,89504,5760,1792,560,14,1792,45,16,25184,5040,640,3584,63360
128x768x768w60-16-14,128,768,768,60,16,14,60-16-14,M0K,82304,7680,1792,784,14,1792,60,16,32384,6720,896,3584,63360
128x768x768w55-16-14,128,768,768,55,16,14,55-16-14,M0K,84704,7040,1792,672,14,1792,55,16,29984,6160,768,3584,63360
128x768x768w12-16-52,128,768,768,12,16,52,12-16-52,M0K,88320,1536,6656,416,52,6656,12,16,26368,4992,128,13312,63360
128x768x768w31-24-14,128,768,768,31,24,14,31-24-14,M0K,90464,5952,2688,336,14,2688,31,24,24224,3472,576,5376,63360
128x768x768w54-16-14,128,768,768,54,16,14,54-16-14,M0K,85184,6912,1792,672,14,1792,54,16,29504,6048,768,3584,63360
128x768x768w56-16-14,128,768,768,56,16,14,56-16-14,M0K,84224,7168,1792,784,14,1792,56,16,30464,6272,896,3584,63360
128x768x768w47-16-14,128,768,768,47,16,14,47-16-14,M0K,88544,6016,1792,560,14,1792,47,16,26144,5264,640,3584,63360
128x768x768w51-16-14,128,768,768,51,16,14,51-16-14,M0K,86624,6528,1792,672,14,1792,51,16,28064,5712,768,3584,63360
128x768x768w23-32-14,128,768,768,23,32,14,23-32-14,M0K,90592,5888,3584,224,14,3584,23,32,24096,2576,512,7168,63360
128x768x768w49-16-14,128,768,768,49,16,14,49-16-14,M0K,87584,6272,1792,672,14,1792,49,16,27104,5488,768,3584,63360
128x768x768w57-16-14,128,768,768,57,16,14,57-16-14,M0K,83744,7296,1792,784,14,1792,57,16,30944,6384,896,3584,63360
128x768x768w12-16-53,128,768,768,12,16,53,12-16-53,M0K,87872,1536,6784,424,53,6784,12,16,26816,5088,128,13568,63360
128x768x768w17-24-25,128,768,768,17,24,25,17-24-25,M0K,91760,3264,4800,400,25,4800,17,24,22928,3400,384,9600,63488
128x768x768w16-24-25,128,768,768,16,24,25,16-24-25,00K,92544,3072,4800,400,25,4800,16,24,22144,3200,384,9600,63488
128x768x768w14-40-18,128,768,768,14,40,18,14-40-18,MNK,90176,4480,5760,144,18,5760,14,40,24512,2016,320,11520,63640
128x768x768w18-40-14,128,768,768,18,40,14,18-40-14,MNK,90176,5760,4480,224,14,4480,18,40,24512,2016,640,8960,63800
128x768x768w11-24-38,128,768,768,11,24,38,11-24-38,M0K,89184,2112,7296,304,38,7296,11,24,25504,3344,192,14592,63840
128x768x768w11-16-55,128,768,768,11,16,55,11-16-55,M0K,88112,1408,7040,440,55,7040,11,16,26576,4840,128,14080,63840
128x768x768w11-16-57,128,768,768,11,16,57,11-16-57,M0K,87248,1408,7296,456,57,7296,11,16,27440,5016,128,14592,63840
128x768x768w11-56-16,128,768,768,11,56,16,11-56-16,MN0,87680,4928,7168,128,16,7168,11,56,27008,1408,448,14336,63840
128x768x768w11-24-37,128,768,768,11,24,37,11-24-37,M0K,89744,2112,7104,296,37,7104,11,24,24944,3256,192,14208,63840
128x768x768w11-16-58,128,768,768,11,16,58,11-16-58,M0K,86816,1408,7424,464,58,7424,11,16,27872,5104,128,14848,63840
128x768x768w11-16-56,128,768,768,11,16,56,11-16-56,M0K,87680,1408,7168,448,56,7168,11,16,27008,4928,128,14336,63840
128x768x768w11-32-28,128,768,768,11,32,28,11-32-28,M0K,89792,2816,7168,224,28,7168,11,32,24896,2464,256,14336,63840
128x768x768w14-16-43,128,768,768,14,16,43,14-16-43,M0K,90464,1792,5504,344,43,5504,14,16,24224,4816,128,11008,63936
128x768x768w14-24-29,128,768,768,14,24,29,14-24-29,M0K,91680,2688,5568,232,29,5568,14,24,23008,3248,192,11136,63936
128x768x768w31-16-21,128,768,768,31,16,21,31-16-21,M0K,90960,3968,2688,504,21,2688,31,16,23728,5208,384,5376,63936
128x768x768w14-16-45,128,768,768,14,16,45,14-16-45,M0K,89504,1792,5760,360,45,5760,14,16,25184,5040,128,11520,63936
128x768x768w15-32-21,128,768,768,15,32,21,15-32-21,M0K,91216,3840,5376,168,21,5376,15,32,23472,2520,256,10752,63936
128x768x768w14-16-44,128,768,768,14,16,44,14-16-44,M0K,89984,1792,5632,352,44,5632,14,16,24704,4928,128,11264,63936
128x768x768w25-16-25,128,768,768,25,16,25,25-16-25,M0K,91888,3200,3200,600,25,3200,25,16,22800,5000,384,6400,63984
128x768x768w13-24-31,128,768,768,13,24,31,13-24-31,M0K,91344,2496,5952,248,31,5952,13,24,23344,3224,192,11904,64000
128x768x768w21-40-12,128,768,768,21,40,12,21-40-12,MN0,89536,6720,3840,192,12,3840,21,40,25152,2016,640,7680,64000
128x768x768w18-32-17,128,768,768,18,32,17,18-32-17,M0K,91872,4608,4352,272,17,4352,18,32,22816,2448,512,8704,64032
128x768x768w41-16-17,128,768,768,41,16,17,41-16-17,M0K,88688,5248,2176,680,17,2176,41,16,26000,5576,640,4352,64032
128x768x768w18-16-34,128,768,768,18,16,34,18-16-34,M0K,91584,2304,4352,544,34,4352,18,16,23104,4896,256,8704,64032
128x768x768w10-96-10,128,768,768,10,96,10,10-96-10,M0K,82368,7680,7680,80,10,7680,10,96,32320,800,768,15360,64064
128x768x768w12-56-15,128,768,768,12,56,15,12-56-15,MNK,87616,5376,6720,120,15,6720,12,56,27072,1440,448,13440,64064
128x768x768w42-24-10,128,768,768,42,24,10,42-24-10,M0K,88000,8064,1920,400,10,1920,42,24,26688,3360,960,3840,64064
128x768x768w10-40-25,128,768,768,10,40,25,10-40-25,MNK,88288,3200,8000,200,25,8000,10,40,26400,2000,320,16000,64480
128x768x768w17-16-37,128,768,768,17,16,37,17-16-37,M0K,90800,2176,4736,592,37,4736,17,16,23888,5032,256,9472,64512
128x768x768w20-32-16,128,768,768,20,32,16,20-32-16,M00,91136,5120,4096,256,16,4096,20,32,23552,2560,512,8192,64512
128x768x768w16-16-37,128,768,768,16,16,37,16-16-37,00K,91648,2048,4736,592,37,4736,16,16,23040,4736,256,9472,64512
128x768x768w19-16-33,128,768,768,19,16,33,19-16-33,M0K,91344,2432,4224,528,33,4224,19,16,23344,5016,256,8448,64512
128x768x768w22-16-28,128,768,768,22,16,28,22-16-28,M0K,92032,2816,3584,448,28,3584,22,16,22656,4928,256,7168,64512
128x768x768w17-16-38,128,768,768,17,16,38,17-16-38,M0K,90272,2176,4864,608,38,4864,17,16,24416,5168,256,9728,64512
128x768x768w23-16-28,128,768,768,23,16,28,23-16-28,M0K,91328,2944,3584,448,28,3584,23,16,23360,5152,256,7168,64512
128x768x768w20-16-32,128,768,768,20,16,32,20-16-32,M00,91136,2560,4096,512,32,4096,20,16,23552,5120,256,8192,64512
128x768x768w24-16-28,128,768,768,24,16,28,24-16-28,M0K,90624,3072,3584,672,28,3584,24,16,24064,5376,384,7168,64512
128x768x768w15-56-12,128,768,768,15,56,12,15-56-12,MN0,87616,6720,5376,96,12,5376,15,56,27072,1440,448,10752,64512
128x768x768w19-16-32,128,768,768,19,16,32,19-16-32,M00,91904,2432,4096,512,32,4096,19,16,22784,4864,256,8192,64512
128x768x768w20-16-33,128,768,768,20,16,33,20-16-33,M0K,90560,2560,4224,528,33,4224,20,16,24128,5280,256,8448,64512
128x768x768w16-16-38,128,768,768,16,16,38,16-16-38,00K,91136,2048,4864,608,38,4864,16,16,23552,4864,256,9728,64512
128x768x768w19-32-16,128,768,768,19,32,16,19-32-16,M00,91904,4864,4096,256,16,4096,19,32,22784,2432,512,8192,64512
128x768x768w15-24-28,128,768,768,15,24,28,15-24-28,M0K,91456,2880,5376,224,28,5376,15,24,23232,3360,192,10752,64512
128x768x768w11-40-23,128,768,768,11,40,23,11-40-23,MNK,88880,3520,7360,184,23,7360,11,40,25808,2024,320,14720,64600
128x768x768w12-24-34,128,768,768,12,24,34,12-24-34,M0K,90496,2304,6528,272,34,6528,12,24,24192,3264,192,13056,64768
128x768x768w12-48-17,128,768,768,12,48,17,12-48-17,M0K,89152,4608,6528,136,17,6528,12,48,25536,1632,384,13056,64768
128x768x768w21-16-29,128,768,768,21,16,29,21-16-29,M0K,92144,2688,3712,464,29,3712,21,16,22544,4872,256,7424,64800
128x768x768w10-16-62,128,768,768,10,16,62,10-16-62,M0K,86336,1280,7936,496,62,7936,10,16,28352,4960,128,15872,64896
128x768x768w10-48-20,128,768,768,10,48,20,10-48-20,M0K,88448,3840,7680,160,20,7680,10,48,26240,1600,384,15360,64896
128x768x768w42-16-15,128,768,768,42,16,15,42-16-15,M0K,90016,5376,1920,600,15,1920,42,16,24672,5040,640,3840,64896
128x768x768w10-64-15,128,768,768,10,64,15,10-64-15,M0K,86688,5120,7680,120,15,7680,10,64,28000,1200,512,15360,64896
128x768x768w10-16-60,128,768,768,10,16,60,10-16-60,M0K,87168,1280,7680,480,60,7680,10,16,27520,4800,128,15360,64896
128x768x768w10-32-30,128,768,768,10,32,30,10-32-30,M0K,89408,2560,7680,240,30,7680,10,32,25280,2400,256,15360,64896
128x768x768w10-16-63,128,768,768,10,16,63,10-16-63,M0K,85920,1280,8064,504,63,8064,10,16,28768,5040,128,16128,64896
128x768x768w10-16-61,128,768,768,10,16,61,10-16-61,M0K,86752,1280,7808,488,61,7808,10,16,27936,4880,128,15616,64896
128x768x768w18-24-22,128,768,768,18,24,22,18-24-22,M0K,92992,3456,4224,352,22,4224,18,24,21696,3168,384,8448,64960
128x768x768w18-48-11,128,768,768,18,48,11,18-48-11,M0K,89248,6912,4224,176,11,4224,18,48,25440,1584,768,8448,64960
128x768x768w41-24-11,128,768,768,41,24,11,41-24-11,M0K,87504,7872,2112,440,11,2112,41,24,27184,3608,960,4224,64960
128x768x768w12-40-21,128,768,768,12,40,21,12-40-21,MNK,89536,3840,6720,168,21,6720,12,40,25152,2016,320,13440,65120
128x768x768w14-48-14,128,768,768,14,48,14,14-48-14,M0K,90048,5376,5376,112,14,5376,14,48,24640,1568,384,10752,65120
128x768x768w29-16-23,128,768,768,29,16,23,29-16-23,M0K,90704,3712,2944,552,23,2944,29,16,23984,5336,384,5888,65280
128x768x768w28-16-23,128,768,768,28,16,23,28-16-23,M0K,91328,3584,2944,552,23,2944,28,16,23360,5152,384,5888,65280
128x768x768w26-16-23,128,768,768,26,16,23,26-16-23,M0K,92576,3328,2944,552,23,2944,26,16,22112,4784,384,5888,65280
128x768x768w27-16-23,128,768,768,27,16,23,27-16-23,M0K,91952,3456,2944,552,23,2944,27,16,22736,4968,384,5888,65280
128x768x768w13-16-46,128,768,768,13,16,46,13-16-46,M0K,90016,1664,5888,368,46,5888,13,16,24672,4784,128,11776,65280
128x768x768w13-32-23,128,768,768,13,32,23,13-32-23,M0K,91472,3328,5888,184,23,5888,13,32,23216,2392,256,11776,65280
128x768x768w13-16-47,128,768,768,13,16,47,13-16-47,M0K,89552,1664,6016,376,47,6016,13,16,25136,4888,128,12032,65280
128x768x768w30-16-23,128,768,768,30,16,23,30-16-23,M0K,90080,3840,2944,552,23,2944,30,16,24608,5520,384,5888,65280
128x768x768w11-48-18,128,768,768,11,48,18,11-48-18,M0K,89248,4224,6912,144,18,6912,11,48,25440,1584,384,13824,65360
128x768x768w12-32-25,128,768,768,12,32,25,12-32-25,M0K,90944,3072,6400,200,25,6400,12,32,23744,2400,256,12800,65472
128x768x768w10-88-11,128,768,768,10,88,11,10-88-11,MNK,83360,7040,7744,88,11,7744,10,88,31328,880,704,15488,65520
128x768x768w32-24-12,128,768,768,32,24,12,32-24-12,000,91648,6144,2304,384,12,2304,32,24,23040,3072,768,4608,65536
128x768x768w36-24-12,128,768,768,36,24,12,36-24-12,M00,89344,6912,2304,384,12,2304,36,24,25344,3456,768,4608,65536
128x768x768w38-24-12,128,768,768,38,24,12,38-24-12,M00,88192,7296,2304,384,12,2304,38,24,26496,3648,768,4608,65536
128x768x768w16-24-24,128,768,768,16,24,24,16-24-24,000,93184,3072,4608,384,24,4608,16,24,21504,3072,384,9216,65536
128x768x768w16-48-12,128,768,768,16,48,12,16-48-12,000,90112,6144,4608,192,12,4608,16,48,24576,1536,768,9216,65536
128x768x768w35-24-12,128,768,768,35,24,12,35-24-12,M00,89920,6720,2304,384,12,2304,35,24,24768,3360,768,4608,65536
128x768x768w40-24-12,128,768,768,40,24,12,40-24-12,M00,87040,7680,2304,480,12,2304,40,24,27648,3840,960,4608,65536
128x768x768w17-48-12,128,768,768,17,48,12,17-48-12,M00,89152,6528,4608,192,12,4608,17,48,25536,1632,768,9216,65536
128x768x768w34-24-12,128,768,768,34,24,12,34-24-12,M00,90496,6528,2304,384,12,2304,34,24,24192,3264,768,4608,65536
128x768x768w37-24-12,128,768,768,37,24,12,37-24-12,M00,88768,7104,2304,384,12,2304,37,24,25920,3552,768,4608,65536
128x768x768w17-24-24,128,768,768,17,24,24,17-24-24,M00,92416,3264,4608,384,24,4608,17,24,22272,3264,384,9216,65536
128x768x768w39-24-12,128,768,768,39,24,12,39-24-12,M00,87616,7488,2304,384,12,2304,39,24,27072,3744,768,4608,65536
128x768x768w33-24-12,128,768,768,33,24,12,33-24-12,M00,91072,6336,2304,384,12,2304,33,24,23616,3168,768,4608,65536
128x768x768w13-40-19,128,768,768,13,40,19,13-40-19,MNK,90256,4160,6080,152,19,6080,13,40,24432,1976,320,12160,65600
128x768x768w21-24-19,128,768,768,21,24,19,21-24-19,M0K,92944,4032,3648,304,19,3648,21,24,21744,3192,384,7296,65600
128x768x768w9-16-64,128,768,768,9,16,64,9-16-64,M00,86784,1152,8192,512,64,8192,9,16,27904,4608,128,16384,65664
128x768x768w9-32-32,128,768,768,9,32,32,9-32-32,M00,89088,2304,8192,256,32,8192,9,32,25600,2304,256,16384,65664
128x768x768w15-16-41,128,768,768,15,16,41,15-16-41,M0K,90512,1920,5248,328,41,5248,15,16,24176,4920,128,10496,65664
128x768x768w9-64-16,128,768,768,9,64,16,9-64-16,M00,86784,4608,8192,128,16,8192,9,64,27904,1152,512,16384,65664
128x768x768w15-16-42,128,768,768,15,16,42,15-16-42,M0K,90016,1920,5376,336,42,5376,15,16,24672,5040,128,10752,65664
128x768x768w14-32-21,128,768,768,14,32,21,14-32-21,M0K,92064,3584,5376,168,21,5376,14,32,22624,2352,256,10752,65712
128x768x768w11-88-10,128,768,768,11,88,10,11-88-10,MNK,83360,7744,7040,80,10,7040,11,88,31328,880,704,14080,65835
128x768x768w21-32-14,128,768,768,21,32,14,21-32-14,M0K,92064,5376,3584,224,14,3584,21,32,22624,2352,512,7168,66000
128x768x768w39-16-18,128,768,768,39,16,18,39-16-18,M0K,88864,4992,2304,576,18,2304,39,16,25824,5616,512,4608,66048
128x768x768w36-16-18,128,768,768,36,16,18,36-16-18,M0K,90496,4608,2304,576,18,2304,36,16,24192,5184,512,4608,66048
128x768x768w17-32-18,128,768,768,17,32,18,17-32-18,M0K,91872,4352,4608,288,18,4608,17,32,22816,2448,512,9216,66048
128x768x768w33-16-18,128,768,768,33,16,18,33-16-18,M0K,92128,4224,2304,576,18,2304,33,16,22560,4752,512,4608,66048
128x768x768w24-24-18,128,768,768,24,24,18,24-24-18,M0K,91648,4608,3456,432,18,3456,24,24,23040,3456,576,6912,66048
128x768x768w32-16-18,128,768,768,32,16,18,32-16-18,00K,92672,4096,2304,576,18,2304,32,16,22016,4608,512,4608,66048
128x768x768w22-24-18,128,768,768,22,24,18,22-24-18,M0K,92992,4224,3456,288,18,3456,22,24,21696,3168,384,6912,66048
128x768x768w34-16-18,128,768,768,34,16,18,34-16-18,M0K,91584,4352,2304,576,18,2304,34,16,23104,4896,512,4608,66048
128x768x768w25-24-16,128,768,768,25,24,16,25-24-16,M00,92544,4800,3072,384,16,3072,25,24,22144,3200,576,6144,66048
128x768x768w35-16-18,128,768,768,35,16,18,35-16-18,M0K,91040,4480,2304,576,18,2304,35,16,23648,5040,512,4608,66048
128x768x768w32-32-9,128,768,768,32,32,9,32-32-9,00K,89088,8192,2304,288,9,2304,32,32,25600,2304,1024,4608,66048
128x768x768w16-64-9,128,768,768,16,64,9,16-64-9,00K,86784,8192,4608,144,9,4608,16,64,27904,1152,1024,9216,66048
128x768x768w25-32-12,128,768,768,25,32,12,25-32-12,M00,90944,6400,3072,288,12,3072,25,32,23744,2400,768,6144,66048
128x768x768w40-16-18,128,768,768,40,16,18,40-16-18,M0K,88320,5120,2304,720,18,2304,40,16,26368,5760,640,4608,66048
128x768x768w16-32-18,128,768,768,16,32,18,16-32-18,00K,92672,4096,4608,288,18,4608,16,32,22016,2304,512,9216,66048
128x768x768w23-24-18,128,768,768,23,24,18,23-24-18,M0K,92320,4416,3456,288,18,3456,23,24,22368,3312,384,6912,66048
128x768x768w64-16-9,128,768,768,64,16,9,64-16-9,00K,86784,8192,1152,576,9,1152,64,16,27904,4608,1024,2304,66048
128x768x768w37-16-18,128,768,768,37,16,18,37-16-18,M0K,89952,4736,2304,576,18,2304,37,16,24736,5328,512,4608,66048
128x768x768w38-16-18,128,768,768,38,16,18,38-16-18,M0K,89408,4864,2304,576,18,2304,38,16,25280,5472,512,4608,66048
128x768x768w25-16-24,128,768,768,25,16,24,25-16-24,M00,92544,3200,3072,576,24,3072,25,16,22144,4800,384,6144,66048
128x768x768w11-32-27,128,768,768,11,32,27,11-32-27,M0K,90480,2816,6912,216,27,6912,11,32,24208,2376,256,13824,66120
128x768x768w25-40-10,128,768,768,25,40,10,25-40-10,MNK,88288,8000,3200,240,10,3200,25,40,26400,2000,960,6400,66220
128x768x768w15-40-17,128,768,768,15,40,17,15-40-17,MNK,90128,4800,5440,136,17,5440,15,40,24560,2040,320,10880,66240
128x768x768w14-56-12,128,768,768,14,56,12,14-56-12,MN0,88704,6272,5376,96,12,5376,14,56,25984,1344,448,10752,66304
128x768x768w19-24-21,128,768,768,19,24,21,19-24-21,M0K,92944,3648,4032,336,21,4032,19,24,21744,3192,384,8064,66304
128x768x768w14-24-28,128,768,768,14,24,28,14-24-28,M0K,92288,2688,5376,224,28,5376,14,24,22400,3136,192,10752,66304
128x768x768w20-24-21,128,768,768,20,24,21,20-24-21,M0K,92224,3840,4032,336,21,4032,20,24,22464,3360,384,8064,66304
128x768x768w11-80-11,128,768,768,11,80,11,11-80-11,MNK,84592,7040,7040,88,11,7040,11,80,30096,968,640,14080,66500
128x768x768w11-40-22,128,768,768,11,40,22,11-40-22,MNK,89696,3520,7040,176,22,7040,11,40,24992,1936,320,14080,66500
128x768x768w31-32-10,128,768,768,31,32,10,31-32-10,M0K,88736,7936,2560,240,10,2560,31,32,25952,2480,768,5120,66528
128x768x768w15-64-10,128,768,768,15,64,10,15-64-10,M0K,86688,7680,5120,80,10,5120,15,64,28000,1200,512,10240,66528
128x768x768w63-16-10,128,768,768,63,16,10,63-16-10,M0K,85920,8064,1280,560,10,1280,63,16,28768,5040,896,2560,66528
128x768x768w27-24-15,128,768,768,27,24,15,27-24-15,M0K,92080,5184,2880,360,15,2880,27,24,22608,3240,576,5760,66560
128x768x768w10-80-12,128,768,768,10,80,12,10-80-12,MN0,84608,6400,7680,96,12,7680,10,80,30080,960,640,15360,66560
128x768x768w10-24-39,128,768,768,10,24,39,10-24-39,M0K,89632,1920,7488,312,39,7488,10,24,25056,3120,192,14976,66560
128x768x768w28-24-15,128,768,768,28,24,15,28-24-15,M0K,91456,5376,2880,360,15,2880,28,24,23232,3360,576,5760,66560
128x768x768w10-24-40,128,768,768,10,24,40,10-24-40,M0K,89088,1920,7680,320,40,7680,10,24,25600,3200,192,15360,66560
128x768x768w16-40-15,128,768,768,16,40,15,16-40-15,0NK,91008,5120,4800,240,15,4800,16,40,23680,1920,640,9600,66560
128x768x768w17-40-15,128,768,768,17,40,15,17-40-15,MNK,90128,5440,4800,240,15,4800,17,40,24560,2040,640,9600,66560
128x768x768w13-24-30,128,768,768,13,24,30,13-24-30,M0K,91936,2496,5760,240,30,5760,13,24,22752,3120,192,11520,66560
128x768x768w10-40-24,128,768,768,10,40,24,10-40-24,MN0,89088,3200,7680,192,24,7680,10,40,25600,1920,320,15360,66560
128x768x768w13-48-15,128,768,768,13,48,15,13-48-15,M0K,90064,4992,5760,120,15,5760,13,48,24624,1560,384,11520,66560
128x768x768w26-24-15,128,768,768,26,24,15,26-24-15,M0K,92704,4992,2880,360,15,2880,26,24,21984,3120,576,5760,66560
128x768x768w30-24-15,128,768,768,30,24,15,30-24-15,M0K,90208,5760,2880,360,15,2880,30,24,24480,3600,576,5760,66560
128x768x768w29-24-15,128,768,768,29,24,15,29-24-15,M0K,90832,5568,2880,360,15,2880,29,24,23856,3480,576,5760,66560
128x768x768w18-16-33,128,768,768,18,16,33,18-16-33,M0K,92128,2304,4224,528,33,4224,18,16,22560,4752,256,8448,66816
128x768x768w15-24-27,128,768,768,15,24,27,15-24-27,M0K,92080,2880,5184,216,27,5184,15,24,22608,3240,192,10368,66816
128x768x768w24-16-27,128,768,768,24,16,27,24-16-27,M0K,91264,3072,3456,648,27,3456,24,16,23424,5184,384,6912,66816
128x768x768w23-16-27,128,768,768,23,16,27,23-16-27,M0K,91952,2944,3456,432,27,3456,23,16,22736,4968,256,6912,66816
128x768x768w18-16-32,128,768,768,18,16,32,18-16-32,M00,92672,2304,4096,512,32,4096,18,16,22016,4608,256,8192,66816
128x768x768w41-16-16,128,768,768,41,16,16,41-16-16,M00,89600,5248,2048,640,16,2048,41,16,25088,5248,640,4096,66816
128x768x768w22-16-27,128,768,768,22,16,27,22-16-27,M0K,92640,2816,3456,432,27,3456,22,16,22048,4752,256,6912,66816
128x768x768w18-32-16,128,768,768,18,32,16,18-32-16,M00,92672,4608,4096,256,16,4096,18,32,22016,2304,512,8192,66816
128x768x768w11-72-12,128,768,768,11,72,12,11-72-12,MN0,86080,6336,6912,96,12,6912,11,72,28608,1056,576,13824,66880
128x768x768w11-24-36,128,768,768,11,24,36,11-24-36,M0K,90304,2112,6912,288,36,6912,11,24,24384,3168,192,13824,66880
128x768x768w11-24-35,128,768,768,11,24,35,11-24-35,M0K,90864,2112,6720,280,35,6720,11,24,23824,3080,192,13440,66880
128x768x768w10-56-17,128,768,768,10,56,17,10-56-17,MNK,87776,4480,7616,136,17,7616,10,56,26912,1360,448,15232,66976
128x768x768w20-16-31,128,768,768,20,16,31,20-16-31,M0K,91712,2560,3968,496,31,3968,20,16,22976,4960,256,7936,67200
128x768x768w28-16-22,128,768,768,28,16,22,28-16-22,M0K,92032,3584,2816,528,22,2816,28,16,22656,4928,384,5632,67200
128x768x768w22-40-11,128,768,768,22,40,11,22-40-11,MNK,89696,7040,3520,176,11,3520,22,40,24992,1936,640,7040,67200
128x768x768w13-32-22,128,768,768,13,32,22,13-32-22,M0K,92192,3328,5632,176,22,5632,13,32,22496,2288,256,11264,67200
128x768x768w62-16-11,128,768,768,62,16,11,62-16-11,M0K,85088,7936,1408,616,11,1408,62,16,29600,5456,896,2816,67200
128x768x768w29-16-22,128,768,768,29,16,22,29-16-22,M0K,91424,3712,2816,528,22,2816,29,16,23264,5104,384,5632,67200
128x768x768w24-40-11,128,768,768,24,40,11,24-40-11,MNK,88064,7680,3520,264,11,3520,24,40,26624,2112,960,7040,67200
128x768x768w27-32-11,128,768,768,27,32,11,27-32-11,M0K,90480,6912,2816,264,11,2816,27,32,24208,2376,768,5632,67200
128x768x768w26-32-11,128,768,768,26,32,11,26-32-11,M0K,91168,6656,2816,264,11,2816,26,32,23520,2288,768,5632,67200
128x768x768w30-32-11,128,768,768,30,32,11,30-32-11,M0K,88416,7680,2816,264,11,2816,30,32,26272,2640,768,5632,67200
128x768x768w27-16-22,128,768,768,27,16,22,27-16-22,M0K,92640,3456,2816,528,22,2816,27,16,22048,4752,384,5632,67200
128x768x768w28-32-11,128,768,768,28,32,11,28-32-11,M0K,89792,7168,2816,264,11,2816,28,32,24896,2464,768,5632,67200
128x768x768w13-64-11,128,768,768,13,64,11,13-64-11,M0K,87824,6656,5632,88,11,5632,13,64,26864,1144,512,11264,67200
128x768x768w30-16-22,128,768,768,30,16,22,30-16-22,M0K,90816,3840,2816,528,22,2816,30,16,23872,5280,384,5632,67200
128x768x768w26-16-22,128,768,768,26,16,22,26-16-22,M0K,93248,3328,2816,528,22,2816,26,16,21440,4576,384,5632,67200
128x768x768w21-16-28,128,768,768,21,16,28,21-16-28,M0K,92736,2688,3584,448,28,3584,21,16,21952,4704,256,7168,67200
128x768x768w23-40-11,128,768,768,23,40,11,23-40-11,MNK,88880,7360,3520,176,11,3520,23,40,25808,2024,640,7040,67200
128x768x768w29-32-11,128,768,768,29,32,11,29-32-11,M0K,89104,7424,2816,264,11,2816,29,32,25584,2552,768,5632,67200
128x768x768w19-16-31,128,768,768,19,16,31,19-16-31,M0K,92464,2432,3968,496,31,3968,19,16,22224,4712,256,7936,67200
128x768x768w10-32-29,128,768,768,10,32,29,10-32-29,M0K,90080,2560,7424,232,29,7424,10,32,24608,2320,256,14848,67392
128x768x768w15-32-20,128,768,768,15,32,20,15-32-20,M0K,91968,3840,5120,160,20,5120,15,32,22720,2400,256,10240,67392
128x768x768w31-16-20,128,768,768,31,16,20,31-16-20,M0K,91712,3968,2560,480,20,2560,31,16,22976,4960,384,5120,67392
128x768x768w9-48-21,128,768,768,9,48,21,9-48-21,M0K,88624,3456,8064,168,21,8064,9,48,26064,1512,384,16128,67488
128x768x768w14-16-41,128,768,768,14,16,41,14-16-41,M0K,91424,1792,5248,328,41,5248,14,16,23264,4592,128,10496,67488
128x768x768w14-16-42,128,768,768,14,16,42,14-16-42,M0K,90944,1792,5376,336,42,5376,14,16,23744,4704,128,10752,67488
128x768x768w12-32-24,128,768,768,12,32,24,12-32-24,M00,91648,3072,6144,192,24,6144,12,32,23040,2304,256,12288,67584
128x768x768w17-16-36,128,768,768,17,16,36,17-16-36,M0K,91328,2176,4608,576,36,4608,17,16,23360,4896,256,9216,67584
128x768x768w12-24-32,128,768,768,12,24,32,12-24-32,M00,91648,2304,6144,256,32,6144,12,24,23040,3072,192,12288,67584
128x768x768w12-16-49,128,768,768,12,16,49,12-16-49,M0K,89664,1536,6272,392,49,6272,12,16,25024,4704,128,12544,67584
128x768x768w12-24-33,128,768,768,12,24,33,12-24-33,M0K,91072,2304,6336,264,33,6336,12,24,23616,3168,192,12672,67584
128x768x768w12-16-51,128,768,768,12,16,51,12-16-51,M0K,88768,1536,6528,408,51,6528,12,16,25920,4896,128,13056,67584
128x768x768w12-48-16,128,768,768,12,48,16,12-48-16,M00,90112,4608,6144,128,16,6144,12,48,24576,1536,384,12288,67584
128x768x768w17-16-35,128,768,768,17,16,35,17-16-35,M0K,91856,2176,4480,560,35,4480,17,16,22832,4760,256,8960,67584
128x768x768w16-16-36,128,768,768,16,16,36,16-16-36,00K,92160,2048,4608,576,36,4608,16,16,22528,4608,256,9216,67584
128x768x768w12-16-50,128,768,768,12,16,50,12-16-50,M0K,89216,1536,6400,400,50,6400,12,16,25472,4800,128,12800,67584
128x768x768w12-64-12,128,768,768,12,64,12,12-64-12,M00,87808,6144,6144,96,12,6144,12,64,26880,1152,512,12288,67584
128x768x768w61-16-12,128,768,768,61,16,12,61-16-12,M00,84288,7808,1536,672,12,1536,61,16,30400,5856,896,3072,67584
128x768x768w12-16-48,128,768,768,12,16,48,12-16-48,M00,90112,1536,6144,384,48,6144,12,16,24576,4608,128,12288,67584
128x768x768w16-16-35,128,768,768,16,16,35,16-16-35,00K,92672,2048,4480,560,35,4480,16,16,22016,4480,256,8960,67584
128x768x768w13-72-10,128,768,768,13,72,10,13-72-10,MNK,86112,7488,5760,80,10,5760,13,72,28576,1040,576,11520,67760
128x768x768w12-80-10,128,768,768,12,80,10,12-80-10,MNK,84608,7680,6400,80,10,6400,12,80,30080,960,640,12800,67760
128x768x768w12-72-11,128,768,768,12,72,11,12-72-11,MNK,86080,6912,6336,88,11,6336,12,72,28608,1056,576,12672,67760
128x768x768w12-56-14,128,768,768,12,56,14,12-56-14,MNK,88704,5376,6272,112,14,6272,12,56,25984,1344,448,12544,67760
128x768x768w14-40-17,128,768,768,14,40,17,14-40-17,MNK,91040,4480,5440,136,17,5440,14,40,23648,1904,320,10880,68080
128x768x768w10-48-19,128,768,768,10,48,19,10-48-19,M0K,89376,3840,7296,152,19,7296,10,48,25312,1520,384,14592,68224
128x768x768w14-64-10,128,768,768,14,64,10,14-64-10,M0K,87872,7168,5120,80,10,5120,14,64,26816,1120,512,10240,68376
128x768x768w9-32-31,128,768,768,9,32,31,9-32-31,M0K,89744,2304,7936,248,31,7936,9,32,24944,2232,256,15872,68400
128x768x768w11-16-52,128,768,768,11,16,52,11-16-52,M0K,89408,1408,6656,416,52,6656,11,16,25280,4576,128,13312,68400
128x768x768w11-16-54,128,768,768,11,16,54,11-16-54,M0K,88544,1408,6912,432,54,6912,11,16,26144,4752,128,13824,68400
128x768x768w11-32-26,128,768,768,11,32,26,11-32-26,M0K,91168,2816,6656,208,26,6656,11,32,23520,2288,256,13312,68400
128x768x768w11-16-53,128,768,768,11,16,53,11-16-53,M0K,88976,1408,6784,424,53,6784,11,16,25712,4664,128,13568,68400
128x768x768w9-56-18,128,768,768,9,56,18,9-56-18,MNK,87904,4032,8064,144,18,8064,9,56,26784,1296,448,16128,68628
128x768x768w9-112-9,128,768,768,9,112,9,9-112-9,MNK,81136,8064,8064,72,9,8064,9,112,33552,648,896,16128,68628
128x768x768w10-64-14,128,768,768,10,64,14,10-64-14,M0K,87872,5120,7168,112,14,7168,10,64,26816,1120,512,14336,68640
128x768x768w12-40-20,128,768,768,12,40,20,12-40-20,MNK,90368,3840,6400,160,20,6400,12,40,24320,1920,320,12800,68640
128x768x768w42-16-14,128,768,768,42,16,14,42-16-14,M0K,90944,5376,1792,560,14,1792,42,16,23744,4704,640,3584,68640
128x768x768w18-24-21,128,768,768,18,24,21,18-24-21,M0K,93664,3456,4032,336,21,4032,18,24,21024,3024,384,8064,68672
128x768x768w14-24-27,128,768,768,14,24,27,14-24-27,M0K,92896,2688,5184,216,27,5184,14,24,21792,3024,192,10368,68672
128x768x768w21-48-9,128,768,768,21,48,9,21-48-9,M0K,88624,8064,3456,144,9,3456,21,48,26064,1512,768,6912,68800
128x768x768w13-40-18,128,768,768,13,40,18,13-40-18,MNK,91104,4160,5760,144,18,5760,13,40,23584,1872,320,11520,68800
128x768x768w21-24-18,128,768,768,21,24,18,21-24-18,M0K,93664,4032,3456,288,18,3456,21,24,21024,3024,384,6912,68800
128x768x768w9-72-14,128,768,768,9,72,14,9-72-14,MNK,86176,5184,8064,112,14,8064,9,72,28512,1008,576,16128,68970
128x768x768w16-56-10,128,768,768,16,56,10,16-56-10,0NK,88832,7168,4480,160,10,4480,16,56,25856,1280,896,8960,68992
128x768x768w20-48-10,128,768,768,20,48,10,20-48-10,M0K,88448,7680,3840,160,10,3840,20,48,26240,1600,768,7680,68992
128x768x768w19-48-10,128,768,768,19,48,10,19-48-10,M0K,89376,7296,3840,160,10,3840,19,48,25312,1520,768,7680,68992
128x768x768w17-56-10,128,768,768,17,56,10,17-56-10,MNK,87776,7616,4480,160,10,4480,17,56,26912,1360,896,8960,68992
128x768x768w13-16-43,128,768,768,13,16,43,13-16-43,M0K,91408,1664,5504,344,43,5504,13,16,23280,4472,128,11008,69120
128x768x768w24-16-26,128,768,768,24,16,26,24-16-26,M0K,91904,3072,3328,624,26,3328,24,16,22784,4992,384,6656,69120
128x768x768w15-40-16,128,768,768,15,40,16,15-40-16,MN0,91008,4800,5120,128,16,5120,15,40,23680,1920,320,10240,69120
128x768x768w15-16-39,128,768,768,15,16,39,15-16-39,M0K,91504,1920,4992,312,39,4992,15,16,23184,4680,128,9984,69120
128x768x768w15-16-40,128,768,768,15,16,40,15-16-40,M0K,91008,1920,5120,320,40,5120,15,16,23680,4800,128,10240,69120
128x768x768w13-16-44,128,768,768,13,16,44,13-16-44,M0K,90944,1664,5632,352,44,5632,13,16,23744,4576,128,11264,69120
128x768x768w15-24-26,128,768,768,15,24,26,15-24-26,M0K,92704,2880,4992,208,26,4992,15,24,21984,3120,192,9984,69120
128x768x768w23-16-26,128,768,768,23,16,26,23-16-26,M0K,92576,2944,3328,416,26,3328,23,16,22112,4784,256,6656,69120
128x768x768w22-16-26,128,768,768,22,16,26,22-16-26,M0K,93248,2816,3328,416,26,3328,22,16,21440,4576,256,6656,69120
128x768x768w13-16-45,128,768,768,13,16,45,13-16-45,M0K,90480,1664,5760,360,45,5760,13,16,24208,4680,128,11520,69120
128x768x768w13-24-29,128,768,768,13,24,29,13-24-29,M0K,92528,2496,5568,232,29,5568,13,24,22160,3016,192,11136,69120
128x768x768w11-56-15,128,768,768,11,56,15,11-56-15,MNK,88752,4928,6720,120,15,6720,11,56,25936,1320,448,13440,69160
128x768x768w14-32-20,128,768,768,14,32,20,14-32-20,M0K,92800,3584,5120,160,20,5120,14,32,21888,2240,256,10240,69264
128x768x768w9-24-41,128,768,768,9,24,41,9-24-41,M0K,89584,1728,7872,328,41,7872,9,24,25104,2952,192,15744,69312
128x768x768w9-24-42,128,768,768,9,24,42,9-24-42,M0K,89056,1728,8064,336,42,8064,9,24,25632,3024,192,16128,69312
128x768x768w21-16-27,128,768,768,21,16,27,21-16-27,M0K,93328,2688,3456,432,27,3456,21,16,21360,4536,256,6912,69600
128x768x768w18-16-31,128,768,768,18,16,31,18-16-31,M0K,93216,2304,3968,496,31,3968,18,16,21472,4464,256,7936,69600
128x768x768w16-24-23,128,768,768,16,24,23,16-24-23,00K,93824,3072,4416,368,23,4416,16,24,20864,2944,384,8832,69632
128x768x768w17-24-23,128,768,768,17,24,23,17-24-23,M0K,93072,3264,4416,368,23,4416,17,24,21616,3128,384,8832,69632
128x768x768w18-56-9,128,768,768,18,56,9,18-56-9,MNK,87904,8064,4032,144,9,4032,18,56,26784,1296,896,8064,69832
128x768x768w20-32-15,128,768,768,20,32,15,20-32-15,M0K,91968,5120,3840,240,15,3840,20,32,22720,2400,512,7680,69888
128x768x768w20-24-20,128,768,768,20,24,20,20-24-20,M0K,92928,3840,3840,320,20,3840,20,24,21760,3200,384,7680,69888
128x768x768w10-16-55,128,768,768,10,16,55,10-16-55,M0K,89248,1280,7040,440,55,7040,10,16,25440,4400,128,14080,69888
128x768x768w10-16-57,128,768,768,10,16,57,10-16-57,M0K,88416,1280,7296,456,57,7296,10,16,26272,4560,128,14592,69888
128x768x768w20-16-30,128,768,768,20,16,30,20-16-30,M0K,92288,2560,3840,480,30,3840,20,16,22400,4800,256,7680,69888
128x768x768w10-56-16,128,768,768,10,56,16,10-56-16,MN0,88832,4480,7168,128,16,7168,10,56,25856,1280,448,14336,69888
128x768x768w10-32-28,128,768,768,10,32,28,10-32-28,M0K,90752,2560,7168,224,28,7168,10,32,23936,2240,256,14336,69888
128x768x768w10-16-58,128,768,768,10,16,58,10-16-58,M0K,88000,1280,7424,464,58,7424,10,16,26688,4640,128,14848,69888
128x768x768w19-16-30,128,768,768,19,16,30,19-16-30,M0K,93024,2432,3840,480,30,3840,19,16,21664,4560,256,7680,69888
128x768x768w10-24-38,128,768,768,10,24,38,10-24-38,M0K,90176,1920,7296,304,38,7296,10,24,24512,3040,192,14592,69888
128x768x768w19-24-20,128,768,768,19,24,20,19-24-20,M0K,93632,3648,3840,320,20,3840,19,24,21056,3040,384,7680,69888
128x768x768w19-32-15,128,768,768,19,32,15,19-32-15,M0K,92720,4864,3840,240,15,3840,19,32,21968,2280,512,7680,69888
128x768x768w10-24-37,128,768,768,10,24,37,10-24-37,M0K,90720,1920,7104,296,37,7104,10,24,23968,2960,192,14208,69888
128x768x768w10-16-56,128,768,768,10,16,56,10-16-56,M0K,88832,1280,7168,448,56,7168,10,16,25856,4480,128,14336,69888
128x768x768w11-24-34,128,768,768,11,24,34,11-24-34,M0K,91424,2112,6528,272,34,6528,11,24,23264,2992,192,13056,69920
128x768x768w11-48-17,128,768,768,11,48,17,11-48-17,M0K,90192,4224,6528,136,17,6528,11,48,24496,1496,384,13056,69920
128x768x768w21-40-11,128,768,768,21,40,11,21-40-11,MNK,90512,6720,3520,176,11,3520,21,40,24176,1848,640,7040,70000
128x768x768w14-72-9,128,768,768,14,72,9,14-72-9,MNK,86176,8064,5184,72,9,5184,14,72,28512,1008,576,10368,70004
128x768x768w25-16-23,128,768,768,25,16,23,25-16-23,M0K,93200,3200,2944,552,23,2944,25,16,21488,4600,384,5888,70176
128x768x768w9-96-10,128,768,768,9,96,10,9-96-10,M0K,84064,6912,7680,80,10,7680,9,96,30624,720,768,15360,70224
128x768x768w11-40-21,128,768,768,11,40,21,11-40-21,MNK,90512,3520,6720,168,21,6720,11,40,24176,1848,320,13440,70300
128x768x768w28-24-14,128,768,768,28,24,14,28-24-14,M0K,92288,5376,2688,336,14,2688,28,24,22400,3136,576,5376,70400
128x768x768w29-24-14,128,768,768,29,24,14,29-24-14,M0K,91680,5568,2688,336,14,2688,29,24,23008,3248,576,5376,70400
128x768x768w27-24-14,128,768,768,27,24,14,27-24-14,M0K,92896,5184,2688,336,14,2688,27,24,21792,3024,576,5376,70400
128x768x768w13-48-14,128,768,768,13,48,14,13-48-14,M0K,91040,4992,5376,112,14,5376,13,48,23648,1456,384,10752,70400
128x768x768w17-40-14,128,768,768,17,40,14,17-40-14,MNK,91040,5440,4480,224,14,4480,17,40,23648,1904,640,8960,70400
128x768x768w30-24-14,128,768,768,30,24,14,30-24-14,M0K,91072,5760,2688,336,14,2688,30,24,23616,3360,576,5376,70400
128x768x768w12-24-31,128,768,768,12,24,31,12-24-31,M0K,92224,2304,5952,248,31,5952,12,24,22464,2976,192,11904,70400
128x768x768w26-24-14,128,768,768,26,24,14,26-24-14,M0K,93504,4992,2688,336,14,2688,26,24,21184,2912,576,5376,70400
128x768x768w16-40-14,128,768,768,16,40,14,16-40-14,0NK,91904,5120,4480,224,14,4480,16,40,22784,1792,640,8960,70400
128x768x768w15-56-11,128,768,768,15,56,11,15-56-11,MNK,88752,6720,4928,88,11,4928,15,56,25936,1320,448,9856,70560
128x768x768w35-16-17,128,768,768,35,16,17,35-16-17,M0K,91856,4480,2176,544,17,2176,35,16,22832,4760,512,4352,70656
128x768x768w17-32-17,128,768,768,17,32,17,17-32-17,M0K,92656,4352,4352,272,17,4352,17,32,22032,2312,512,8704,70656
128x768x768w16-32-17,128,768,768,16,32,17,16-32-17,00K,93440,4096,4352,272,17,4352,16,32,21248,2176,512,8704,70656
128x768x768w39-16-17,128,768,768,39,16,17,39-16-17,M0K,89744,4992,2176,544,17,2176,39,16,24944,5304,512,4352,70656
128x768x768w22-24-17,128,768,768,22,24,17,22-24-17,M0K,93728,4224,3264,272,17,3264,22,24,20960,2992,384,6528,70656
128x768x768w36-16-17,128,768,768,36,16,17,36-16-17,M0K,91328,4608,2176,544,17,2176,36,16,23360,4896,512,4352,70656
128x768x768w24-24-17,128,768,768,24,24,17,24-24-17,M0K,92416,4608,3264,408,17,3264,24,24,22272,3264,576,6528,70656
128x768x768w40-16-17,128,768,768,40,16,17,40-16-17,M0K,89216,5120,2176,680,17,2176,40,16,25472,5440,640,4352,70656
128x768x768w23-24-17,128,768,768,23,24,17,23-24-17,M0K,93072,4416,3264,272,17,3264,23,24,21616,3128,384,6528,70656
128x768x768w37-16-17,128,768,768,37,16,17,37-16-17,M0K,90800,4736,2176,544,17,2176,37,16,23888,5032,512,4352,70656
128x768x768w17-16-34,128,768,768,17,16,34,17-16-34,M0K,92384,2176,4352,544,34,4352,17,16,22304,4624,256,8704,70656
128x768x768w32-16-17,128,768,768,32,16,17,32-16-17,00K,93440,4096,2176,544,17,2176,32,16,21248,4352,512,4352,70656
128x768x768w33-16-17,128,768,768,33,16,17,33-16-17,M0K,92912,4224,2176,544,17,2176,33,16,21776,4488,512,4352,70656
128x768x768w34-16-17,128,768,768,34,16,17,34-16-17,M0K,92384,4352,2176,544,17,2176,34,16,22304,4624,512,4352,70656
128x768x768w16-16-34,128,768,768,16,16,34,16-16-34,00K,93184,2048,4352,544,34,4352,16,16,21504,4352,256,8704,70656
128x768x768w38-16-17,128,768,768,38,16,17,38-16-17,M0K,90272,4864,2176,544,17,2176,38,16,24416,5168,512,4352,70656
128x768x768w9-40-25,128,768,768,9,40,25,9-40-25,MNK,89328,2880,8000,200,25,8000,9,40,25360,1800,320,16000,70680
128x768x768w11-32-25,128,768,768,11,32,25,11-32-25,M0K,91856,2816,6400,200,25,6400,11,32,22832,2200,256,12800,70680
128x768x768w10-40-23,128,768,768,10,40,23,10-40-23,MNK,89888,3200,7360,184,23,7360,10,40,24800,1840,320,14720,70720
128x768x768w31-16-19,128,768,768,31,16,19,31-16-19,M0K,92464,3968,2432,456,19,2432,31,16,22224,4712,384,4864,70848
128x768x768w15-32-19,128,768,768,15,32,19,15-32-19,M0K,92720,3840,4864,152,19,4864,15,32,21968,2280,256,9728,70848
128x768x768w14-24-26,128,768,768,14,24,26,14-24-26,M0K,93504,2688,4992,208,26,4992,14,24,21184,2912,192,9984,71040
128x768x768w14-40-16,128,768,768,14,40,16,14-40-16,MN0,91904,4480,5120,128,16,5120,14,40,22784,1792,320,10240,71040
128x768x768w13-32-21,128,768,768,13,32,21,13-32-21,M0K,92912,3328,5376,168,21,5376,13,32,21776,2184,256,10752,71040
128x768x768w30-16-21,128,768,768,30,16,21,30-16-21,M0K,91552,3840,2688,504,21,2688,30,16,23136,5040,384,5376,71040
128x768x768w14-16-40,128,768,768,14,16,40,14-16-40,M0K,91904,1792,5120,320,40,5120,14,16,22784,4480,128,10240,71040
128x768x768w29-16-21,128,768,768,29,16,21,29-16-21,M0K,92144,3712,2688,504,21,2688,29,16,22544,4872,384,5376,71040
128x768x768w26-16-21,128,768,768,26,16,21,26-16-21,M0K,93920,3328,2688,504,21,2688,26,16,20768,4368,384,5376,71040
128x768x768w28-16-21,128,768,768,28,16,21,28-16-21,M0K,92736,3584,2688,504,21,2688,28,16,21952,4704,384,5376,71040
128x768x768w14-16-39,128,768,768,14,16,39,14-16-39,M0K,92384,1792,4992,312,39,4992,14,16,22304,4368,128,9984,71040
128x768x768w27-16-21,128,768,768,27,16,21,27-16-21,M0K,93328,3456,2688,504,21,2688,27,16,21360,4536,384,5376,71040
128x768x768w9-16-60,128,768,768,9,16,60,9-16-60,M0K,88384,1152,7680,480,60,7680,9,16,26304,4320,128,15360,71136
128x768x768w9-32-30,128,768,768,9,32,30,9-32-30,M0K,90400,2304,7680,240,30,7680,9,32,24288,2160,256,15360,71136
128x768x768w9-48-20,128,768,768,9,48,20,9-48-20,M0K,89536,3456,7680,160,20,7680,9,48,25152,1440,384,15360,71136
128x768x768w9-16-63,128,768,768,9,16,63,9-16-63,M0K,87184,1152,8064,504,63,8064,9,16,27504,4536,128,16128,71136
128x768x768w9-16-61,128,768,768,9,16,61,9-16-61,M0K,87984,1152,7808,488,61,7808,9,16,26704,4392,128,15616,71136
128x768x768w9-64-15,128,768,768,9,64,15,9-64-15,M0K,87952,4608,7680,120,15,7680,9,64,26736,1080,512,15360,71136
128x768x768w9-16-62,128,768,768,9,16,62,9-16-62,M0K,87584,1152,7936,496,62,7936,9,16,27104,4464,128,15872,71136
128x768x768w24-16-25,128,768,768,24,16,25,24-16-25,M0K,92544,3072,3200,600,25,3200,24,16,22144,4800,384,6400,71424
128x768x768w23-16-25,128,768,768,23,16,25,23-16-25,M0K,93200,2944,3200,400,25,3200,23,16,21488,4600,256,6400,71424
128x768x768w15-24-25,128,768,768,15,24,25,15-24-25,M0K,93328,2880,4800,200,25,4800,15,24,21360,3000,192,9600,71424
128x768x768w22-16-25,128,768,768,22,16,25,22-16-25,M0K,93856,2816,3200,400,25,3200,22,16,20832,4400,256,6400,71424
128x768x768w41-24-10,128,768,768,41,24,10,41-24-10,M0K,88544,7872,1920,400,10,1920,41,24,26144,3280,960,3840,71456
128x768x768w18-48-10,128,768,768,18,48,10,18-48-10,M0K,90304,6912,3840,160,10,3840,18,48,24384,1440,768,7680,71456
128x768x768w10-48-18,128,768,768,10,48,18,10-48-18,M0K,90304,3840,6912,144,18,6912,10,48,24384,1440,384,13824,71552
128x768x768w25-24-15,128,768,768,25,24,15,25-24-15,M0K,93328,4800,2880,360,15,2880,25,24,21360,3000,576,5760,71552
128x768x768w42-24-9,128,768,768,42,24,9,42-24-9,M0K,89056,8064,1728,360,9,1728,42,24,25632,3024,960,3456,71552
128x768x768w10-96-9,128,768,768,10,96,9,10-96-9,M0K,84064,7680,6912,72,9,6912,10,96,30624,720,768,13824,71552
128x768x768w38-24-11,128,768,768,38,24,11,38-24-11,M0K,89184,7296,2112,352,11,2112,38,24,25504,3344,768,4224,71680
128x768x768w17-48-11,128,768,768,17,48,11,17-48-11,M0K,90192,6528,4224,176,11,4224,17,48,24496,1496,768,8448,71680
128x768x768w39-24-11,128,768,768,39,24,11,39-24-11,M0K,88624,7488,2112,352,11,2112,39,24,26064,3432,768,4224,71680
128x768x768w13-24-28,128,768,768,13,24,28,13-24-28,M0K,93120,2496,5376,224,28,5376,13,24,21568,2912,192,10752,71680
128x768x768w16-24-22,128,768,768,16,24,22,16-24-22,00K,94464,3072,4224,352,22,4224,16,24,20224,2816,384,8448,71680
128x768x768w20-40-12,128,768,768,20,40,12,20-40-12,MN0,90368,6400,3840,192,12,3840,20,40,24320,1920,640,7680,71680
128x768x768w19-40-12,128,768,768,19,40,12,19-40-12,MN0,91200,6080,3840,192,12,3840,19,40,23488,1824,640,7680,71680
128x768x768w37-24-11,128,768,768,37,24,11,37-24-11,M0K,89744,7104,2112,352,11,2112,37,24,24944,3256,768,4224,71680
128x768x768w16-48-11,128,768,768,16,48,11,16-48-11,00K,91136,6144,4224,176,11,4224,16,48,23552,1408,768,8448,71680
128x768x768w34-24-11,128,768,768,34,24,11,34-24-11,M0K,91424,6528,2112,352,11,2112,34,24,23264,2992,768,4224,71680
128x768x768w36-24-11,128,768,768,36,24,11,36-24-11,M0K,90304,6912,2112,352,11,2112,36,24,24384,3168,768,4224,71680
128x768x768w33-24-11,128,768,768,33,24,11,33-24-11,M0K,91984,6336,2112,352,11,2112,33,24,22704,2904,768,4224,71680
128x768x768w17-24-22,128,768,768,17,24,22,17-24-22,M0K,93728,3264,4224,352,22,4224,17,24,20960,2992,384,8448,71680
128x768x768w35-24-11,128,768,768,35,24,11,35-24-11,M0K,90864,6720,2112,352,11,2112,35,24,23824,3080,768,4224,71680
128x768x768w40-24-11,128,768,768,40,24,11,40-24-11,M0K,88064,7680,2112,440,11,2112,40,24,26624,3520,960,4224,71680
128x768x768w32-24-11,128,768,768,32,24,11,32-24-11,00K,92544,6144,2112,352,11,2112,32,24,22144,2816,768,4224,71680
128x768x768w13-56-12,128,768,768,13,56,12,13-56-12,MN0,89792,5824,5376,96,12,5376,13,56,24896,1248,448,10752,71680
128x768x768w12-16-47,128,768,768,12,16,47,12-16-47,M0K,90560,1536,6016,376,47,6016,12,16,24128,4512,128,12032,71808
128x768x768w12-32-23,128,768,768,12,32,23,12-32-23,M0K,92352,3072,5888,184,23,5888,12,32,22336,2208,256,11776,71808
128x768x768w12-16-46,128,768,768,12,16,46,12-16-46,M0K,91008,1536,5888,368,46,5888,12,16,23680,4416,128,11776,71808
128x768x768w9-88-11,128,768,768,9,88,11,9-88-11,MNK,84944,6336,7744,88,11,7744,9,88,29744,792,704,15488,71820
128x768x768w21-16-26,128,768,768,21,16,26,21-16-26,M0K,93920,2688,3328,416,26,3328,21,16,20768,4368,256,6656,72000
128x768x768w10-88-10,128,768,768,10,88,10,10-88-10,MNK,84928,7040,7040,80,10,7040,10,88,29760,800,704,14080,72072
128x768x768w12-40-19,128,768,768,12,40,19,12-40-19,MNK,91200,3840,6080,152,19,6080,12,40,23488,1824,320,12160,72160
128x768x768w25-16-22,128,768,768,25,16,22,25-16-22,M0K,93856,3200,2816,528,22,2816,25,16,20832,4400,384,5632,72240
128x768x768w25-32-11,128,768,768,25,32,11,25-32-11,M0K,91856,6400,2816,264,11,2816,25,32,22832,2200,768,5632,72240
128x768x768w41-16-15,128,768,768,41,16,15,41-16-15,M0K,90512,5248,1920,600,15,1920,41,16,24176,4920,640,3840,72384
128x768x768w10-32-27,128,768,768,10,32,27,10-32-27,M0K,91424,2560,6912,216,27,6912,10,32,23264,2160,256,13824,72384
128x768x768w18-16-30,128,768,768,18,16,30,18-16-30,M0K,93760,2304,3840,480,30,3840,18,16,20928,4320,256,7680,72384
128x768x768w18-24-20,128,768,768,18,24,20,18-24-20,M0K,94336,3456,3840,320,20,3840,18,24,20352,2880,384,7680,72384
128x768x768w18-32-15,128,768,768,18,32,15,18-32-15,M0K,93472,4608,3840,240,15,3840,18,32,21216,2160,512,7680,72384
128x768x768w14-56-11,128,768,768,14,56,11,14-56-11,MNK,89824,6272,4928,88,11,4928,14,56,24864,1232,448,9856,72520
128x768x768w15-16-37,128,768,768,15,16,37,15-16-37,M0K,92496,1920,4736,296,37,4736,15,16,22192,4440,128,9472,72576
128x768x768w15-16-38,128,768,768,15,16,38,15-16-38,M0K,92000,1920,4864,304,38,4864,15,16,22688,4560,128,9728,72576
128x768x768w19-16-29,128,768,768,19,16,29,19-16-29,M0K,93584,2432,3712,464,29,3712,19,16,21104,4408,256,7424,72576
128x768x768w20-16-29,128,768,768,20,16,29,20-16-29,M0K,92864,2560,3712,464,29,3712,20,16,21824,4640,256,7424,72576
128x768x768w10-40-22,128,768,768,10,40,22,10-40-22,MNK,90688,3200,7040,176,22,7040,10,40,24000,1760,320,14080,72800
128x768x768w10-80-11,128,768,768,10,80,11,10-80-11,MNK,86048,6400,7040,88,11,7040,10,80,28640,880,640,14080,72800
128x768x768w14-32-19,128,768,768,14,32,19,14-32-19,M0K,93536,3584,4864,152,19,4864,14,32,21152,2128,256,9728,72816
128x768x768w11-16-48,128,768,768,11,16,48,11-16-48,M00,91136,1408,6144,384,48,6144,11,16,23552,4224,128,12288,72960
128x768x768w11-16-50,128,768,768,11,16,50,11-16-50,M0K,90272,1408,6400,400,50,6400,11,16,24416,4400,128,12800,72960
128x768x768w11-24-32,128,768,768,11,24,32,11-24-32,M00,92544,2112,6144,256,32,6144,11,24,22144,2816,192,12288,72960
128x768x768w11-24-33,128,768,768,11,24,33,11-24-33,M0K,91984,2112,6336,264,33,6336,11,24,22704,2904,192,12672,72960
128x768x768w9-40-24,128,768,768,9,40,24,9-40-24,MN0,90112,2880,7680,192,24,7680,9,40,24576,1728,320,15360,72960
128x768x768w11-48-16,128,768,768,11,48,16,11-48-16,M00,91136,4224,6144,128,16,6144,11,48,23552,1408,384,12288,72960
128x768x768w11-64-12,128,768,768,11,64,12,11-64-12,M00,89024,5632,6144,96,12,6144,11,64,25664,1056,512,12288,72960
128x768x768w13-16-42,128,768,768,13,16,42,13-16-42,M0K,91872,1664,5376,336,42,5376,13,16,22816,4368,128,10752,72960
128x768x768w13-16-41,128,768,768,13,16,41,13-16-41,M0K,92336,1664,5248,328,41,5248,13,16,22352,4264,128,10496,72960
128x768x768w9-24-39,128,768,768,9,24,39,9-24-39,M0K,90640,1728,7488,312,39,7488,9,24,24048,2808,192,14976,72960
128x768x768w9-80-12,128,768,768,9,80,12,9-80-12,MN0,86080,5760,7680,96,12,7680,9,80,28608,864,640,15360,72960
128x768x768w11-16-49,128,768,768,11,16,49,11-16-49,M0K,90704,1408,6272,392,49,6272,11,16,23984,4312,128,12544,72960
128x768x768w11-16-51,128,768,768,11,16,51,11-16-51,M0K,89840,1408,6528,408,51,6528,11,16,24848,4488,128,13056,72960
128x768x768w11-32-24,128,768,768,11,32,24,11-32-24,M00,92544,2816,6144,192,24,6144,11,32,22144,2112,256,12288,72960
128x768x768w9-24-40,128,768,768,9,24,40,9-24-40,M0K,90112,1728,7680,320,40,7680,9,24,24576,2880,192,15360,72960
128x768x768w11-72-11,128,768,768,11,72,11,11-72-11,MNK,87408,6336,6336,88,11,6336,11,72,27280,968,576,12672,73150
128x768x768w11-80-10,128,768,768,11,80,10,11-80-10,MNK,86048,7040,6400,80,10,6400,11,80,28640,880,640,12800,73150
128x768x768w11-56-14,128,768,768,11,56,14,11-56-14,MNK,89824,4928,6272,112,14,6272,11,56,24864,1232,448,12544,73150
128x768x768w12-24-30,128,768,768,12,24,30,12-24-30,M0K,92800,2304,5760,240,30,5760,12,24,21888,2880,192,11520,73216
128x768x768w12-48-15,128,768,768,12,48,15,12-48-15,M0K,91072,4608,5760,120,15,5760,12,48,23616,1440,384,11520,73216
128x768x768w10-72-12,128,768,768,10,72,12,10-72-12,MN0,87424,5760,6912,96,12,6912,10,72,27264,960,576,13824,73216
128x768x768w10-24-36,128,768,768,10,24,36,10-24-36,M0K,91264,1920,6912,288,36,6912,10,24,23424,2880,192,13824,73216
128x768x768w10-24-35,128,768,768,10,24,35,10-24-35,M0K,91808,1920,6720,280,35,6720,10,24,22880,2800,192,13440,73216
128x768x768w14-24-25,128,768,768,14,24,25,14-24-25,M0K,94112,2688,4800,200,25,4800,14,24,20576,2800,192,9600,73408
128x768x768w9-56-17,128,768,768,9,56,17,9-56-17,MNK,88944,4032,7616,136,17,7616,9,56,25744,1224,448,15232,73416
128x768x768w20-24-19,128,768,768,20,24,19,20-24-19,M0K,93632,3840,3648,304,19,3648,20,24,21056,3040,384,7296,73472
128x768x768w19-24-19,128,768,768,19,24,19,19-24-19,M0K,94320,3648,3648,304,19,3648,19,24,20368,2888,384,7296,73472
128x768x768w11-88-9,128,768,768,11,88,9,11-88-9,MNK,84944,7744,6336,72,9,6336,11,88,29744,792,704,12672,73530
128x768x768w13-40-17,128,768,768,13,40,17,13-40-17,MNK,91952,4160,5440,136,17,5440,13,40,22736,1768,320,10880,73600
128x768x768w21-24-17,128,768,768,21,24,17,21-24-17,M0K,94384,4032,3264,272,17,3264,21,24,20304,2856,384,6528,73600
128x768x768w22-32-12,128,768,768,22,32,12,22-32-12,M00,93056,5632,3072,192,12,3072,22,32,21632,2112,512,6144,73728
128x768x768w53-16-12,128,768,768,53,16,12,53-16-12,M00,87872,6784,1536,576,12,1536,53,16,26816,5088,768,3072,73728
128x768x768w48-16-12,128,768,768,48,16,12,48-16-12,M00,90112,6144,1536,576,12,1536,48,16,24576,4608,768,3072,73728
128x768x768w23-24-16,128,768,768,23,24,16,23-24-16,M00,93824,4416,3072,256,16,3072,23,24,20864,2944,384,6144,73728
128x768x768w22-16-24,128,768,768,22,16,24,22-16-24,M00,94464,2816,3072,384,24,3072,22,16,20224,4224,256,6144,73728
128x768x768w36-16-16,128,768,768,36,16,16,36-16-16,M00,92160,4608,2048,512,16,2048,36,16,22528,4608,512,4096,73728
128x768x768w59-16-12,128,768,768,59,16,12,59-16-12,M00,85184,7552,1536,672,12,1536,59,16,29504,5664,896,3072,73728
128x768x768w35-16-16,128,768,768,35,16,16,35-16-16,M00,92672,4480,2048,512,16,2048,35,16,22016,4480,512,4096,73728
128x768x768w15-24-24,128,768,768,15,24,24,15-24-24,M00,93952,2880,4608,192,24,4608,15,24,20736,2880,192,9216,73728
128x768x768w16-16-32,128,768,768,16,16,32,16-16-32,000,94208,2048,4096,512,32,4096,16,16,20480,4096,256,8192,73728
128x768x768w56-16-12,128,768,768,56,16,12,56-16-12,M00,86528,7168,1536,672,12,1536,56,16,28160,5376,896,3072,73728
128x768x768w8-16-64,128,768,768,8,16,64,8-16-64,000,88064,1024,8192,512,64,8192,8,16,26624,4096,128,16384,73728
128x768x768w8-64-16,128,768,768,8,64,16,8-64-16,000,88064,4096,8192,128,16,8192,8,64,26624,1024,512,16384,73728
128x768x768w49-16-12,128,768,768,49,16,12,49-16-12,M00,89664,6272,1536,576,12,1536,49,16,25024,4704,768,3072,73728
128x768x768w52-16-12,128,768,768,52,16,12,52-16-12,M00,88320,6656,1536,576,12,1536,52,16,26368,4992,768,3072,73728
128x768x768w37-16-16,128,768,768,37,16,16,37-16-16,M00,91648,4736,2048,512,16,2048,37,16,23040,4736,512,4096,73728
128x768x768w16-16-33,128,768,768,16,16,33,16-16-33,00K,93696,2048,4224,528,33,4224,16,16,20992,4224,256,8448,73728
128x768x768w24-32-12,128,768,768,24,32,12,24-32-12,M00,91648,6144,3072,288,12,3072,24,32,23040,2304,768,6144,73728
128x768x768w15-48-12,128,768,768,15,48,12,15-48-12,M00,91072,5760,4608,96,12,4608,15,48,23616,1440,384,9216,73728
128x768x768w17-16-32,128,768,768,17,16,32,17-16-32,M00,93440,2176,4096,512,32,4096,17,16,21248,4352,256,8192,73728
128x768x768w43-16-12,128,768,768,43,16,12,43-16-12,M00,92352,5504,1536,480,12,1536,43,16,22336,4128,640,3072,73728
128x768x768w64-16-8,128,768,768,64,16,8,64-16-8,000,88064,8192,1024,512,8,1024,64,16,26624,4096,1024,2048,73728
128x768x768w16-8-64,128,768,768,16,8,64,16-8-64,000,88064,1024,4096,1024,64,4096,16,8,26624,8192,128,8192,73728
128x768x768w24-24-16,128,768,768,24,24,16,24-24-16,M00,93184,4608,3072,384,16,3072,24,24,21504,3072,576,6144,73728
128x768x768w128-8-8,128,768,768,128,8,8,128-8-8,000,80896,8192,512,1024,8,512,128,8,33792,8192,1024,1024,73728
128x768x768w39-16-16,128,768,768,39,16,16,39-16-16,M00,90624,4992,2048,512,16,2048,39,16,24064,4992,512,4096,73728
128x768x768w38-16-16,128,768,768,38,16,16,38-16-16,M00,91136,4864,2048,512,16,2048,38,16,23552,4864,512,4096,73728
128x768x768w24-16-24,128,768,768,24,16,24,24-16-24,M00,93184,3072,3072,576,24,3072,24,16,21504,4608,384,6144,73728
128x768x768w47-16-12,128,768,768,47,16,12,47-16-12,M00,90560,6016,1536,480,12,1536,47,16,24128,4512,640,3072,73728
128x768x768w16-64-8,128,768,768,16,64,8,16-64-8,000,88064,8192,4096,128,8,4096,16,64,26624,1024,1024,8192,73728
128x768x768w50-16-12,128,768,768,50,16,12,50-16-12,M00,89216,6400,1536,576,12,1536,50,16,25472,4800,768,3072,73728
128x768x768w17-32-16,128,768,768,17,32,16,17-32-16,M00,93440,4352,4096,256,16,4096,17,32,21248,2176,512,8192,73728
128x768x768w32-32-8,128,768,768,32,32,8,32-32-8,000,90112,8192,2048,256,8,2048,32,32,24576,2048,1024,4096,73728
128x768x768w32-16-16,128,768,768,32,16,16,32-16-16,000,94208,4096,2048,512,16,2048,32,16,20480,4096,512,4096,73728
128x768x768w31-24-12,128,768,768,31,24,12,31-24-12,M00,92224,5952,2304,288,12,2304,31,24,22464,2976,576,4608,73728
128x768x768w8-128-8,128,768,768,8,128,8,8-128-8,000,80896,8192,8192,64,8,8192,8,128,33792,512,1024,16384,73728
128x768x768w23-16-24,128,768,768,23,16,24,23-16-24,M00,93824,2944,3072,384,24,3072,23,16,20864,4416,256,6144,73728
128x768x768w16-32-16,128,768,768,16,32,16,16-32-16,000,94208,4096,4096,256,16,4096,16,32,20480,2048,512,8192,73728
128x768x768w58-16-12,128,768,768,58,16,12,58-16-12,M00,85632,7424,1536,672,12,1536,58,16,29056,5568,896,3072,73728
128x768x768w33-16-16,128,768,768,33,16,16,33-16-16,M00,93696,4224,2048,512,16,2048,33,16,20992,4224,512,4096,73728
128x768x768w8-32-32,128,768,768,8,32,32,8-32-32,000,90112,2048,8192,256,32,8192,8,32,24576,2048,256,16384,73728
128x768x768w22-24-16,128,768,768,22,24,16,22-24-16,M00,94464,4224,3072,256,16,3072,22,24,20224,2816,384,6144,73728
128x768x768w8-8-128,128,768,768,8,8,128,8-8-128,000,80896,512,8192,1024,128,8192,8,8,33792,8192,64,16384,73728
128x768x768w45-16-12,128,768,768,45,16,12,45-16-12,M00,91456,5760,1536,480,12,1536,45,16,23232,4320,640,3072,73728
128x768x768w60-16-12,128,768,768,60,16,12,60-16-12,M00,84736,7680,1536,672,12,1536,60,16,29952,5760,896,3072,73728
128x768x768w51-16-12,128,768,768,51,16,12,51-16-12,M00,88768,6528,1536,576,12,1536,51,16,25920,4896,768,3072,73728
128x768x768w17-16-33,128,768,768,17,16,33,17-16-33,M0K,92912,2176,4224,528,33,4224,17,16,21776,4488,256,8448,73728
128x768x768w44-16-12,128,768,768,44,16,12,44-16-12,M00,91904,5632,1536,480,12,1536,44,16,22784,4224,640,3072,73728
128x768x768w40-16-16,128,768,768,40,16,16,40-16-16,M00,90112,5120,2048,640,16,2048,40,16,24576,5120,640,4096,73728
128x768x768w32-8-32,128,768,768,32,8,32,32-8-32,000,90112,2048,2048,1024,32,2048,32,8,24576,8192,256,4096,73728
128x768x768w54-16-12,128,768,768,54,16,12,54-16-12,M00,87424,6912,1536,576,12,1536,54,16,27264,5184,768,3072,73728
128x768x768w64-8-16,128,768,768,64,8,16,64-8-16,000,88064,4096,1024,1024,16,1024,64,8,26624,8192,512,2048,73728
128x768x768w55-16-12,128,768,768,55,16,12,55-16-12,M00,86976,7040,1536,576,12,1536,55,16,27712,5280,768,3072,73728
128x768x768w57-16-12,128,768,768,57,16,12,57-16-12,M00,86080,7296,1536,672,12,1536,57,16,28608,5472,896,3072,73728
128x768x768w23-32-12,128,768,768,23,32,12,23-32-12,M00,92352,5888,3072,192,12,3072,23,32,22336,2208,512,6144,73728
128x768x768w34-16-16,128,768,768,34,16,16,34-16-16,M00,93184,4352,2048,512,16,2048,34,16,21504,4352,512,4096,73728
128x768x768w46-16-12,128,768,768,46,16,12,46-16-12,M00,91008,5888,1536,480,12,1536,46,16,23680,4416,640,3072,73728
128x768x768w9-32-29,128,768,768,9,32,29,9-32-29,M0K,91056,2304,7424,232,29,7424,9,32,23632,2088,256,14848,73872
128x768x768w30-32-10,128,768,768,30,32,10,30-32-10,M0K,89408,7680,2560,240,10,2560,30,32,25280,2400,768,5120,73920
128x768x768w28-32-10,128,768,768,28,32,10,28-32-10,M0K,90752,7168,2560,240,10,2560,28,32,23936,2240,768,5120,73920
128x768x768w24-40-10,128,768,768,24,40,10,24-40-10,MNK,89088,7680,3200,240,10,3200,24,40,25600,1920,960,6400,73920
128x768x768w29-32-10,128,768,768,29,32,10,29-32-10,M0K,90080,7424,2560,240,10,2560,29,32,24608,2320,768,5120,73920
128x768x768w27-32-10,128,768,768,27,32,10,27-32-10,M0K,91424,6912,2560,240,10,2560,27,32,23264,2160,768,5120,73920
128x768x768w61-16-11,128,768,768,61,16,11,61-16-11,M0K,85520,7808,1408,616,11,1408,61,16,29168,5368,896,2816,73920
128x768x768w12-32-22,128,768,768,12,32,22,12-32-22,M0K,93056,3072,5632,176,22,5632,12,32,21632,2112,256,11264,73920
128x768x768w22-40-10,128,768,768,22,40,10,22-40-10,MNK,90688,7040,3200,160,10,3200,22,40,24000,1760,640,6400,73920
128x768x768w62-16-10,128,768,768,62,16,10,62-16-10,M0K,86336,7936,1280,560,10,1280,62,16,28352,4960,896,2560,73920
128x768x768w23-40-10,128,768,768,23,40,10,23-40-10,MNK,89888,7360,3200,160,10,3200,23,40,24800,1840,640,6400,73920
128x768x768w20-32-14,128,768,768,20,32,14,20-32-14,M0K,92800,5120,3584,224,14,3584,20,32,21888,2240,512,7168,73920
128x768x768w19-32-14,128,768,768,19,32,14,19-32-14,M0K,93536,4864,3584,224,14,3584,19,32,21152,2128,512,7168,73920
128x768x768w13-64-10,128,768,768,13,64,10,13-64-10,M0K,89056,6656,5120,80,10,5120,13,64,25632,1040,512,10240,73920
128x768x768w26-32-10,128,768,768,26,32,10,26-32-10,M0K,92096,6656,2560,240,10,2560,26,32,22592,2080,768,5120,73920
128x768x768w12-64-11,128,768,768,12,64,11,12-64-11,M0K,89024,6144,5632,88,11,5632,12,64,25664,1056,512,11264,73920
128x768x768w25-40-9,128,768,768,25,40,9,25-40-9,MNK,89328,8000,2880,216,9,2880,25,40,25360,1800,960,5760,73960
128x768x768w11-40-20,128,768,768,11,40,20,11-40-20,MNK,91328,3520,6400,160,20,6400,11,40,23360,1760,320,12800,74100
128x768x768w13-24-27,128,768,768,13,24,27,13-24-27,M0K,93712,2496,5184,216,27,5184,13,24,20976,2808,192,10368,74240
128x768x768w18-40-12,128,768,768,18,40,12,18-40-12,MN0,92032,5760,3840,192,12,3840,18,40,22656,1728,640,7680,74240
128x768x768w31-32-9,128,768,768,31,32,9,31-32-9,M0K,89744,7936,2304,216,9,2304,31,32,24944,2232,768,4608,74304
128x768x768w15-32-18,128,768,768,15,32,18,15-32-18,M0K,93472,3840,4608,144,18,4608,15,32,21216,2160,256,9216,74304
128x768x768w15-64-9,128,768,768,15,64,9,15-64-9,M0K,87952,7680,4608,72,9,4608,15,64,26736,1080,512,9216,74304
128x768x768w31-16-18,128,768,768,31,16,18,31-16-18,M0K,93216,3968,2304,432,18,2304,31,16,21472,4464,384,4608,74304
128x768x768w63-16-9,128,768,768,63,16,9,63-16-9,M0K,87184,8064,1152,504,9,1152,63,16,27504,4536,896,2304,74304
128x768x768w21-16-25,128,768,768,21,16,25,21-16-25,M0K,94512,2688,3200,400,25,3200,21,16,20176,4200,256,6400,74400
128x768x768w12-72-10,128,768,768,12,72,10,12-72-10,MNK,87424,6912,5760,80,10,5760,12,72,27264,960,576,11520,74536
128x768x768w14-16-37,128,768,768,14,16,37,14-16-37,M0K,93344,1792,4736,296,37,4736,14,16,21344,4144,128,9472,74592
128x768x768w14-16-38,128,768,768,14,16,38,14-16-38,M0K,92864,1792,4864,304,38,4864,14,16,21824,4256,128,9728,74592
128x768x768w9-48-19,128,768,768,9,48,19,9-48-19,M0K,90448,3456,7296,152,19,7296,9,48,24240,1368,384,14592,74784
128x768x768w10-16-54,128,768,768,10,16,54,10-16-54,M0K,89664,1280,6912,432,54,6912,10,16,25024,4320,128,13824,74880
128x768x768w10-32-26,128,768,768,10,32,26,10-32-26,M0K,92096,2560,6656,208,26,6656,10,32,22592,2080,256,13312,74880
128x768x768w10-16-53,128,768,768,10,16,53,10-16-53,M0K,90080,1280,6784,424,53,6784,10,16,24608,4240,128,13568,74880
128x768x768w27-16-20,128,768,768,27,16,20,27-16-20,M0K,94016,3456,2560,480,20,2560,27,16,20672,4320,384,5120,74880
128x768x768w28-16-20,128,768,768,28,16,20,28-16-20,M0K,93440,3584,2560,480,20,2560,28,16,21248,4480,384,5120,74880
128x768x768w10-16-52,128,768,768,10,16,52,10-16-52,M0K,90496,1280,6656,416,52,6656,10,16,24192,4160,128,13312,74880
128x768x768w29-16-20,128,768,768,29,16,20,29-16-20,M0K,92864,3712,2560,480,20,2560,29,16,21824,4640,384,5120,74880
128x768x768w30-16-20,128,768,768,30,16,20,30-16-20,M0K,92288,3840,2560,480,20,2560,30,16,22400,4800,384,5120,74880
128x768x768w26-16-20,128,768,768,26,16,20,26-16-20,M0K,94592,3328,2560,480,20,2560,26,16,20096,4160,384,5120,74880
128x768x768w13-32-20,128,768,768,13,32,20,13-32-20,M0K,93632,3328,5120,160,20,5120,13,32,21056,2080,256,10240,74880
128x768x768w15-40-15,128,768,768,15,40,15,15-40-15,MNK,91888,4800,4800,120,15,4800,15,40,22800,1800,320,9600,74880
128x768x768w18-16-29,128,768,768,18,16,29,18-16-29,M0K,94304,2304,3712,464,29,3712,18,16,20384,4176,256,7424,75168
128x768x768w9-64-14,128,768,768,9,64,14,9-64-14,M0K,89120,4608,7168,112,14,7168,9,64,25568,1008,512,14336,75240
128x768x768w20-16-28,128,768,768,20,16,28,20-16-28,M0K,93440,2560,3584,448,28,3584,20,16,21248,4480,256,7168,75264
128x768x768w19-16-28,128,768,768,19,16,28,19-16-28,M0K,94144,2432,3584,448,28,3584,19,16,20544,4256,256,7168,75264
128x768x768w13-72-9,128,768,768,13,72,9,13-72-9,MNK,87472,7488,5184,72,9,5184,13,72,27216,936,576,10368,75680
128x768x768w12-40-18,128,768,768,12,40,18,12-40-18,MNK,92032,3840,5760,144,18,5760,12,40,22656,1728,320,11520,75680
128x768x768w12-80-9,128,768,768,12,80,9,12-80-9,MNK,86080,7680,5760,72,9,5760,12,80,28608,864,640,11520,75680
128x768x768w25-24-14,128,768,768,25,24,14,25-24-14,M0K,94112,4800,2688,336,14,2688,25,24,20576,2800,576,5376,75680
128x768x768w10-56-15,128,768,768,10,56,15,10-56-15,MNK,89888,4480,6720,120,15,6720,10,56,24800,1200,448,13440,75712
128x768x768w17-24-21,128,768,768,17,24,21,17-24-21,M0K,94384,3264,4032,336,21,4032,17,24,20304,2856,384,8064,75776
128x768x768w14-24-24,128,768,768,14,24,24,14-24-24,M00,94720,2688,4608,192,24,4608,14,24,19968,2688,192,9216,75776
128x768x768w8-48-21,128,768,768,8,48,21,8-48-21,00K,89728,3072,8064,168,21,8064,8,48,24960,1344,384,16128,75776
128x768x768w16-24-21,128,768,768,16,24,21,16-24-21,00K,95104,3072,4032,336,21,4032,16,24,19584,2688,384,8064,75776
128x768x768w14-48-12,128,768,768,14,48,12,14-48-12,M00,92032,5376,4608,96,12,4608,14,48,22656,1344,384,9216,75776
128x768x768w11-24-31,128,768,768,11,24,31,11-24-31,M0K,93104,2112,5952,248,31,5952,11,24,21584,2728,192,11904,76000
128x768x768w12-16-45,128,768,768,12,16,45,12-16-45,M0K,91456,1536,5760,360,45,5760,12,16,23232,4320,128,11520,76032
128x768x768w15-16-35,128,768,768,15,16,35,15-16-35,M0K,93488,1920,4480,280,35,4480,15,16,21200,4200,128,8960,76032
128x768x768w15-16-36,128,768,768,15,16,36,15-16-36,M0K,92992,1920,4608,288,36,4608,15,16,21696,4320,128,9216,76032
128x768x768w12-16-43,128,768,768,12,16,43,12-16-43,M0K,92352,1536,5504,344,43,5504,12,16,22336,4128,128,11008,76032
128x768x768w12-16-44,128,768,768,12,16,44,12-16-44,M0K,91904,1536,5632,352,44,5632,12,16,22784,4224,128,11264,76032
128x768x768w12-24-29,128,768,768,12,24,29,12-24-29,M0K,93376,2304,5568,232,29,5568,12,24,21312,2784,192,11136,76032
128x768x768w18-24-19,128,768,768,18,24,19,18-24-19,M0K,95008,3456,3648,304,19,3648,18,24,19680,2736,384,7296,76096
128x768x768w25-16-21,128,768,768,25,16,21,25-16-21,M0K,94512,3200,2688,504,21,2688,25,16,20176,4200,384,5376,76368
128x768x768w14-32-18,128,768,768,14,32,18,14-32-18,M0K,94272,3584,4608,144,18,4608,14,32,20416,2016,256,9216,76368
128x768x768w14-64-9,128,768,768,14,64,9,14-64-9,M0K,89120,7168,4608,72,9,4608,14,64,25568,1008,512,9216,76368
128x768x768w10-24-34,128,768,768,10,24,34,10-24-34,M0K,92352,1920,6528,272,34,6528,10,24,22336,2720,192,13056,76544
128x768x768w10-48-17,128,768,768,10,48,17,10-48-17,M0K,91232,3840,6528,136,17,6528,10,48,23456,1360,384,13056,76544
128x768x768w41-16-14,128,768,768,41,16,14,41-16-14,M0K,91424,5248,1792,560,14,1792,41,16,23264,4592,640,3584,76560
128x768x768w18-32-14,128,768,768,18,32,14,18-32-14,M0K,94272,4608,3584,224,14,3584,18,32,20416,2016,512,7168,76560
128x768x768w9-16-57,128,768,768,9,16,57,9-16-57,M0K,89584,1152,7296,456,57,7296,9,16,25104,4104,128,14592,76608
128x768x768w9-56-16,128,768,768,9,56,16,9-56-16,MN0,89984,4032,7168,128,16,7168,9,56,24704,1152,448,14336,76608
128x768x768w9-8-111,128,768,768,9,8,111,9-8-111,M0K,83344,576,7104,888,111,7104,9,8,31344,7992,64,14208,76608
128x768x768w9-8-110,128,768,768,9,8,110,9-8-110,M0K,83616,576,7040,880,110,7040,9,8,31072,7920,64,14080,76608
128x768x768w9-16-55,128,768,768,9,16,55,9-16-55,M0K,90384,1152,7040,440,55,7040,9,16,24304,3960,128,14080,76608
128x768x768w9-8-113,128,768,768,9,8,113,9-8-113,M0K,82800,576,7232,904,113,7232,9,8,31888,8136,64,14464,76608
128x768x768w9-112-8,128,768,768,9,112,8,9-112-8,MN0,83072,8064,7168,64,8,7168,9,112,31616,576,896,14336,76608
128x768x768w9-16-56,128,768,768,9,16,56,9-16-56,M0K,89984,1152,7168,448,56,7168,9,16,24704,4032,128,14336,76608
128x768x768w9-24-38,128,768,768,9,24,38,9-24-38,M0K,91168,1728,7296,304,38,7296,9,24,23520,2736,192,14592,76608
128x768x768w9-32-28,128,768,768,9,32,28,9-32-28,M0K,91712,2304,7168,224,28,7168,9,32,22976,2016,256,14336,76608
128x768x768w9-16-58,128,768,768,9,16,58,9-16-58,M0K,89184,1152,7424,464,58,7424,9,16,25504,4176,128,14848,76608
128x768x768w9-8-112,128,768,768,9,8,112,9-8-112,M0K,83072,576,7168,896,112,7168,9,8,31616,8064,64,14336,76608
128x768x768w9-24-37,128,768,768,9,24,37,9-24-37,M0K,91696,1728,7104,296,37,7104,9,24,22992,2664,192,14208,76608
128x768x768w13-40-16,128,768,768,13,40,16,13-40-16,MN0,92800,4160,5120,128,16,5120,13,40,21888,1664,320,10240,76800
128x768x768w13-8-77,128,768,768,13,8,77,13-8-77,M0K,87152,832,4928,616,77,4928,13,8,27536,8008,64,9856,76800
128x768x768w8-32-31,128,768,768,8,32,31,8-32-31,00K,90752,2048,7936,248,31,7936,8,32,23936,1984,256,15872,76800
128x768x768w21-32-12,128,768,768,21,32,12,21-32-12,M00,93760,5376,3072,192,12,3072,21,32,20928,2016,512,6144,76800
128x768x768w32-8-31,128,768,768,32,8,31,32-8-31,00K,90752,2048,1984,992,31,1984,32,8,23936,7936,256,3968,76800
128x768x768w33-8-31,128,768,768,33,8,31,33-8-31,M0K,90128,2112,1984,992,31,1984,33,8,24560,8184,256,3968,76800
128x768x768w21-16-24,128,768,768,21,16,24,21-16-24,M00,95104,2688,3072,384,24,3072,21,16,19584,4032,256,6144,76800
128x768x768w21-24-16,128,768,768,21,24,16,21-24-16,M00,95104,4032,3072,256,16,3072,21,24,19584,2688,384,6144,76800
128x768x768w13-8-78,128,768,768,13,8,78,13-8-78,M0K,86816,832,4992,624,78,4992,13,8,27872,8112,64,9984,76800
128x768x768w13-16-39,128,768,768,13,16,39,13-16-39,M0K,93264,1664,4992,312,39,4992,13,16,21424,4056,128,9984,76800
128x768x768w26-8-39,128,768,768,26,8,39,26-8-39,M0K,90144,1664,2496,936,39,2496,26,8,24544,8112,192,4992,76800
128x768x768w13-16-40,128,768,768,13,16,40,13-16-40,M0K,92800,1664,5120,320,40,5120,13,16,21888,4160,128,10240,76800
128x768x768w21-8-48,128,768,768,21,8,48,21-8-48,M00,89728,1344,3072,768,48,3072,21,8,24960,8064,128,6144,76800
128x768x768w13-24-26,128,768,768,13,24,26,13-24-26,M0K,94304,2496,4992,208,26,4992,13,24,20384,2704,192,9984,76800
128x768x768w16-16-31,128,768,768,16,16,31,16-16-31,00K,94720,2048,3968,496,31,3968,16,16,19968,3968,256,7936,76800
128x768x768w17-16-31,128,768,768,17,16,31,17-16-31,M0K,93968,2176,3968,496,31,3968,17,16,20720,4216,256,7936,76800
128x768x768w21-48-8,128,768,768,21,48,8,21-48-8,M00,89728,8064,3072,128,8,3072,21,48,24960,1344,768,6144,76800
128x768x768w14-40-15,128,768,768,14,40,15,14-40-15,MNK,92768,4480,4800,120,15,4800,14,40,21920,1680,320,9600,76960
128x768x768w10-40-21,128,768,768,10,40,21,10-40-21,MNK,91488,3200,6720,168,21,6720,10,40,23200,1680,320,13440,76960
128x768x768w21-40-10,128,768,768,21,40,10,21-40-10,MNK,91488,6720,3200,160,10,3200,21,40,23200,1680,640,6400,77000
128x768x768w8-112-9,128,768,768,8,112,9,8-112-9,0NK,83072,7168,8064,72,9,8064,8,112,31616,576,896,16128,77056
128x768x768w17-56-9,128,768,768,17,56,9,17-56-9,MNK,88944,7616,4032,144,9,4032,17,56,25744,1224,896,8064,77056
128x768x768w16-56-9,128,768,768,16,56,9,16-56-9,0NK,89984,7168,4032,144,9,4032,16,56,24704,1152,896,8064,77056
128x768x768w8-56-18,128,768,768,8,56,18,8-56-18,0NK,89088,3584,8064,144,18,8064,8,56,25600,1152,448,16128,77056
128x768x768w20-48-9,128,768,768,20,48,9,20-48-9,M0K,89536,7680,3456,144,9,3456,20,48,25152,1440,768,6912,77056
128x768x768w19-24-18,128,768,768,19,24,18,19-24-18,M0K,95008,3648,3456,288,18,3456,19,24,19680,2736,384,6912,77056
128x768x768w19-48-9,128,768,768,19,48,9,19-48-9,M0K,90448,7296,3456,144,9,3456,19,48,24240,1368,768,6912,77056
128x768x768w20-24-18,128,768,768,20,24,18,20-24-18,M0K,94336,3840,3456,288,18,3456,20,24,20352,2880,384,6912,77056
128x768x768w10-32-25,128,768,768,10,32,25,10-32-25,M0K,92768,2560,6400,200,25,6400,10,32,21920,2000,256,12800,77376
128x768x768w12-48-14,128,768,768,12,48,14,12-48-14,M0K,92032,4608,5376,112,14,5376,12,48,22656,1344,384,10752,77440
128x768x768w8-72-14,128,768,768,8,72,14,8-72-14,0NK,87552,4608,8064,112,14,8064,8,72,27136,896,576,16128,77440
128x768x768w11-16-46,128,768,768,11,16,46,11-16-46,M0K,92000,1408,5888,368,46,5888,11,16,22688,4048,128,11776,77520
128x768x768w9-40-23,128,768,768,9,40,23,9-40-23,MNK,90896,2880,7360,184,23,7360,9,40,23792,1656,320,14720,77520
128x768x768w11-16-47,128,768,768,11,16,47,11-16-47,M0K,91568,1408,6016,376,47,6016,11,16,23120,4136,128,12032,77520
128x768x768w11-32-23,128,768,768,11,32,23,11-32-23,M0K,93232,2816,5888,184,23,5888,11,32,21456,2024,256,11776,77520
128x768x768w15-56-10,128,768,768,15,56,10,15-56-10,MNK,89888,6720,4480,80,10,4480,15,56,24800,1200,448,8960,77616
128x768x768w8-24-41,128,768,768,8,24,41,8-24-41,00K,90624,1536,7872,328,41,7872,8,24,24064,2624,192,15744,77824
128x768x768w8-24-42,128,768,768,8,24,42,8-24-42,00K,90112,1536,8064,336,42,8064,8,24,24576,2688,192,16128,77824
128x768x768w11-40-19,128,768,768,11,40,19,11-40-19,MNK,92144,3520,6080,152,19,6080,11,40,22544,1672,320,12160,77900
128x768x768w18-8-55,128,768,768,18,8,55,18-8-55,M0K,89504,1152,3520,880,55,3520,18,8,25184,7920,128,7040,77952
128x768x768w20-16-27,128,768,768,20,16,27,20-16-27,M0K,94016,2560,3456,432,27,3456,20,16,20672,4320,256,6912,77952
128x768x768w18-56-8,128,768,768,18,56,8,18-56-8,MN0,89088,8064,3584,128,8,3584,18,56,25600,1152,896,7168,77952
128x768x768w18-16-28,128,768,768,18,16,28,18-16-28,M0K,94848,2304,3584,448,28,3584,18,16,19840,4032,256,7168,77952
128x768x768w18-8-56,128,768,768,18,8,56,18-8-56,M0K,89088,1152,3584,896,56,3584,18,8,25600,8064,128,7168,77952
128x768x768w19-16-27,128,768,768,19,16,27,19-16-27,M0K,94704,2432,3456,432,27,3456,19,16,19984,4104,256,6912,77952
128x768x768w12-32-21,128,768,768,12,32,21,12-32-21,M0K,93760,3072,5376,168,21,5376,12,32,20928,2016,256,10752,78144
128x768x768w14-72-8,128,768,768,14,72,8,14-72-8,MN0,87552,8064,4608,64,8,4608,14,72,27136,896,576,9216,78144
128x768x768w14-8-71,128,768,768,14,8,71,14-8-71,M0K,87904,896,4544,568,71,4544,14,8,26784,7952,64,9088,78144
128x768x768w14-8-72,128,768,768,14,8,72,14-8-72,M0K,87552,896,4608,576,72,4608,14,8,27136,8064,64,9216,78144
128x768x768w14-16-35,128,768,768,14,16,35,14-16-35,M0K,94304,1792,4480,280,35,4480,14,16,20384,3920,128,8960,78144
128x768x768w14-16-36,128,768,768,14,16,36,14-16-36,M0K,93824,1792,4608,288,36,4608,14,16,20864,4032,128,9216,78144
128x768x768w14-8-70,128,768,768,14,8,70,14-8-70,M0K,88256,896,4480,560,70,4480,14,8,26432,7840,64,8960,78144
128x768x768w14-8-73,128,768,768,14,8,73,14-8-73,M0K,87200,896,4672,584,73,4672,14,8,27488,8176,64,9344,78144
128x768x768w44-8-23,128,768,768,44,8,23,44-8-23,M0K,89920,2816,1472,920,23,1472,44,8,24768,8096,320,2944,78336
128x768x768w22-16-23,128,768,768,22,16,23,22-16-23,M0K,95072,2816,2944,368,23,2944,22,16,19616,4048,256,5888,78336
128x768x768w24-16-23,128,768,768,24,16,23,24-16-23,M0K,93824,3072,2944,552,23,2944,24,16,20864,4416,384,5888,78336
128x768x768w43-8-23,128,768,768,43,8,23,43-8-23,M0K,90416,2752,1472,920,23,1472,43,8,24272,7912,320,2944,78336
128x768x768w23-16-23,128,768,768,23,16,23,23-16-23,M0K,94448,2944,2944,368,23,2944,23,16,20240,4232,256,5888,78336
128x768x768w15-24-23,128,768,768,15,24,23,15-24-23,M0K,94576,2880,4416,184,23,4416,15,24,20112,2760,192,8832,78336
128x768x768w22-8-46,128,768,768,22,8,46,22-8-46,M0K,89792,1408,2944,736,46,2944,22,8,24896,8096,128,5888,78336
128x768x768w13-56-11,128,768,768,13,56,11,13-56-11,MNK,90896,5824,4928,88,11,4928,13,56,23792,1144,448,9856,78400
128x768x768w20-40-11,128,768,768,20,40,11,20-40-11,MNK,91328,6400,3520,176,11,3520,20,40,23360,1760,640,7040,78400
128x768x768w19-40-11,128,768,768,19,40,11,19-40-11,MNK,92144,6080,3520,176,11,3520,19,40,22544,1672,640,7040,78400
128x768x768w9-96-9,128,768,768,9,96,9,9-96-9,M0K,85744,6912,6912,72,9,6912,9,96,28944,648,768,13824,78432
128x768x768w9-104-9,128,768,768,9,104,9,9-104-9,MNK,83440,7488,7488,72,9,7488,9,104,31248,648,832,14976,78432
128x768x768w9-48-18,128,768,768,9,48,18,9-48-18,M0K,91360,3456,6912,144,18,6912,9,48,23328,1296,384,13824,78432
128x768x768w29-16-19,128,768,768,29,16,19,29-16-19,M0K,93584,3712,2432,456,19,2432,29,16,21104,4408,384,4864,78720
128x768x768w30-16-19,128,768,768,30,16,19,30-16-19,M0K,93024,3840,2432,456,19,2432,30,16,21664,4560,384,4864,78720
128x768x768w28-16-19,128,768,768,28,16,19,28-16-19,M0K,94144,3584,2432,456,19,2432,28,16,20544,4256,384,4864,78720
128x768x768w27-16-19,128,768,768,27,16,19,27-16-19,M0K,94704,3456,2432,456,19,2432,27,16,19984,4104,384,4864,78720
128x768x768w26-16-19,128,768,768,26,16,19,26-16-19,M0K,95264,3328,2432,456,19,2432,26,16,19424,3952,384,4864,78720
128x768x768w13-32-19,128,768,768,13,32,19,13-32-19,M0K,94352,3328,4864,152,19,4864,13,32,20336,1976,256,9728,78720
128x768x768w8-96-10,128,768,768,8,96,10,8-96-10,00K,85760,6144,7680,80,10,7680,8,96,28928,640,768,15360,78848
128x768x768w35-24-10,128,768,768,35,24,10,35-24-10,M0K,91808,6720,1920,320,10,1920,35,24,22880,2800,768,3840,78848
128x768x768w33-24-10,128,768,768,33,24,10,33-24-10,M0K,92896,6336,1920,320,10,1920,33,24,21792,2640,768,3840,78848
128x768x768w16-48-10,128,768,768,16,48,10,16-48-10,00K,92160,6144,3840,160,10,3840,16,48,22528,1280,768,7680,78848
128x768x768w39-24-10,128,768,768,39,24,10,39-24-10,M0K,89632,7488,1920,320,10,1920,39,24,25056,3120,768,3840,78848
128x768x768w36-24-10,128,768,768,36,24,10,36-24-10,M0K,91264,6912,1920,320,10,1920,36,24,23424,2880,768,3840,78848
128x768x768w32-24-10,128,768,768,32,24,10,32-24-10,00K,93440,6144,1920,320,10,1920,32,24,21248,2560,768,3840,78848
128x768x768w40-24-10,128,768,768,40,24,10,40-24-10,M0K,89088,7680,1920,400,10,1920,40,24,25600,3200,960,3840,78848
128x768x768w17-48-10,128,768,768,17,48,10,17-48-10,M0K,91232,6528,3840,160,10,3840,17,48,23456,1360,768,7680,78848
128x768x768w38-24-10,128,768,768,38,24,10,38-24-10,M0K,90176,7296,1920,320,10,1920,38,24,24512,3040,768,3840,78848
128x768x768w12-24-28,128,768,768,12,24,28,12-24-28,M0K,93952,2304,5376,224,28,5376,12,24,20736,2688,192,10752,78848
128x768x768w12-56-12,128,768,768,12,56,12,12-56-12,MN0,90880,5376,5376,96,12,5376,12,56,23808,1152,448,10752,78848
128x768x768w34-24-10,128,768,768,34,24,10,34-24-10,M0K,92352,6528,1920,320,10,1920,34,24,22336,2720,768,3840,78848
128x768x768w37-24-10,128,768,768,37,24,10,37-24-10,M0K,90720,7104,1920,320,10,1920,37,24,23968,2960,768,3840,78848
128x768x768w9-88-10,128,768,768,9,88,10,9-88-10,MNK,86496,6336,7040,80,10,7040,9,88,28192,720,704,14080,79002
128x768x768w11-24-30,128,768,768,11,24,30,11-24-30,M0K,93664,2112,5760,240,30,5760,11,24,21024,2640,192,11520,79040
128x768x768w11-48-15,128,768,768,11,48,15,11-48-15,M0K,92080,4224,5760,120,15,5760,11,48,22608,1320,384,11520,79040
128x768x768w15-40-14,128,768,768,15,40,14,15-40-14,MNK,92768,4800,4480,112,14,4480,15,40,21920,1680,320,8960,79200
128x768x768w9-32-27,128,768,768,9,32,27,9-32-27,M0K,92368,2304,6912,216,27,6912,9,32,22320,1944,256,13824,79344
128x768x768w8-40-25,128,768,768,8,40,25,8-40-25,0NK,90368,2560,8000,200,25,8000,8,40,24320,1600,320,16000,79360
128x768x768w13-24-25,128,768,768,13,24,25,13-24-25,M0K,94896,2496,4800,200,25,4800,13,24,19792,2600,192,9600,79360
128x768x768w25-32-10,128,768,768,25,32,10,25-32-10,M0K,92768,6400,2560,240,10,2560,25,32,21920,2000,768,5120,79464
128x768x768w15-32-17,128,768,768,15,32,17,15-32-17,M0K,94224,3840,4352,136,17,4352,15,32,20464,2040,256,8704,79488
128x768x768w31-16-17,128,768,768,31,16,17,31-16-17,M0K,93968,3968,2176,408,17,2176,31,16,20720,4216,384,4352,79488
128x768x768w15-16-34,128,768,768,15,16,34,15-16-34,M0K,93984,1920,4352,272,34,4352,15,16,20704,4080,128,8704,79488
128x768x768w14-56-10,128,768,768,14,56,10,14-56-10,MNK,90944,6272,4480,80,10,4480,14,56,23744,1120,448,8960,79772
128x768x768w11-32-22,128,768,768,11,32,22,11-32-22,M0K,93920,2816,5632,176,22,5632,11,32,20768,1936,256,11264,79800
128x768x768w9-40-22,128,768,768,9,40,22,9-40-22,MNK,91680,2880,7040,176,22,7040,9,40,23008,1584,320,14080,79800
128x768x768w11-64-11,128,768,768,11,64,11,11-64-11,M0K,90224,5632,5632,88,11,5632,11,64,24464,968,512,11264,79800
128x768x768w9-80-11,128,768,768,9,80,11,9-80-11,MNK,87504,5760,7040,88,11,7040,9,80,27184,792,640,14080,79800
128x768x768w41-24-9,128,768,768,41,24,9,41-24-9,M0K,89584,7872,1728,360,9,1728,41,24,25104,2952,960,3456,79808
128x768x768w18-24-18,128,768,768,18,24,18,18-24-18,M0K,95680,3456,3456,288,18,3456,18,24,19008,2592,384,6912,79808
128x768x768w18-48-9,128,768,768,18,48,9,18-48-9,M0K,91360,6912,3456,144,9,3456,18,48,23328,1296,768,6912,79808
128x768x768w10-8-100,128,768,768,10,8,100,10-8-100,M0K,84608,640,6400,800,100,6400,10,8,30080,8000,64,12800,79872
128x768x768w10-48-16,128,768,768,10,48,16,10-48-16,M00,92160,3840,6144,128,16,6144,10,48,22528,1280,384,12288,79872
128x768x768w10-16-49,128,768,768,10,16,49,10-16-49,M0K,91744,1280,6272,392,49,6272,10,16,22944,3920,128,12544,79872
128x768x768w10-96-8,128,768,768,10,96,8,10-96-8,M00,85760,7680,6144,64,8,6144,10,96,28928,640,768,12288,79872
128x768x768w8-64-15,128,768,768,8,64,15,8-64-15,00K,89216,4096,7680,120,15,7680,8,64,25472,960,512,15360,79872
128x768x768w16-24-20,128,768,768,16,24,20,16-24-20,00K,95744,3072,3840,320,20,3840,16,24,18944,2560,384,7680,79872
128x768x768w32-16-15,128,768,768,32,16,15,32-16-15,00K,94976,4096,1920,480,15,1920,32,16,19712,3840,512,3840,79872
128x768x768w33-16-15,128,768,768,33,16,15,33-16-15,M0K,94480,4224,1920,480,15,1920,33,16,20208,3960,512,3840,79872
128x768x768w8-16-61,128,768,768,8,16,61,8-16-61,00K,89216,1024,7808,488,61,7808,8,16,25472,3904,128,15616,79872
128x768x768w17-16-30,128,768,768,17,16,30,17-16-30,M0K,94496,2176,3840,480,30,3840,17,16,20192,4080,256,7680,79872
128x768x768w38-16-15,128,768,768,38,16,15,38-16-15,M0K,92000,4864,1920,480,15,1920,38,16,22688,4560,512,3840,79872
128x768x768w35-16-15,128,768,768,35,16,15,35-16-15,M0K,93488,4480,1920,480,15,1920,35,16,21200,4200,512,3840,79872
128x768x768w8-16-62,128,768,768,8,16,62,8-16-62,00K,88832,1024,7936,496,62,7936,8,16,25856,3968,128,15872,79872
128x768x768w65-8-15,128,768,768,65,8,15,65-8-15,M0K,88848,4160,960,960,15,960,65,8,25840,7800,512,1920,79872
128x768x768w17-32-15,128,768,768,17,32,15,17-32-15,M0K,94224,4352,3840,240,15,3840,17,32,20464,2040,512,7680,79872
128x768x768w10-64-12,128,768,768,10,64,12,10-64-12,M00,90240,5120,6144,96,12,6144,10,64,24448,960,512,12288,79872
128x768x768w10-16-48,128,768,768,10,16,48,10-16-48,M00,92160,1280,6144,384,48,6144,10,16,22528,3840,128,12288,79872
128x768x768w16-8-62,128,768,768,16,8,62,16-8-62,00K,88832,1024,3968,992,62,3968,16,8,25856,7936,128,7936,79872
128x768x768w10-8-98,128,768,768,10,8,98,10-8-98,M0K,85184,640,6272,784,98,6272,10,8,29504,7840,64,12544,79872
128x768x768w23-24-15,128,768,768,23,24,15,23-24-15,M0K,94576,4416,2880,240,15,2880,23,24,20112,2760,384,5760,79872
128x768x768w33-8-30,128,768,768,33,8,30,33-8-30,M0K,90784,2112,1920,960,30,1920,33,8,23904,7920,256,3840,79872
128x768x768w8-16-63,128,768,768,8,16,63,8-16-63,00K,88448,1024,8064,504,63,8064,8,16,26240,4032,128,16128,79872
128x768x768w10-8-101,128,768,768,10,8,101,10-8-101,M0K,84320,640,6464,808,101,6464,10,8,30368,8080,64,12928,79872
128x768x768w10-32-24,128,768,768,10,32,24,10-32-24,M00,93440,2560,6144,192,24,6144,10,32,21248,1920,256,12288,79872
128x768x768w68-8-15,128,768,768,68,8,15,68-8-15,M0K,87744,4352,960,960,15,960,68,8,26944,8160,512,1920,79872
128x768x768w8-32-30,128,768,768,8,32,30,8-32-30,00K,91392,2048,7680,240,30,7680,8,32,23296,1920,256,15360,79872
128x768x768w42-8-24,128,768,768,42,8,24,42-8-24,M00,90112,2688,1536,960,24,1536,42,8,24576,8064,320,3072,79872
128x768x768w42-24-8,128,768,768,42,24,8,42-24-8,M00,90112,8064,1536,320,8,1536,42,24,24576,2688,960,3072,79872
128x768x768w42-16-12,128,768,768,42,16,12,42-16-12,M00,92800,5376,1536,480,12,1536,42,16,21888,4032,640,3072,79872
128x768x768w10-8-97,128,768,768,10,8,97,10-8-97,M0K,85472,640,6208,776,97,6208,10,8,29216,7760,64,12416,79872
128x768x768w10-8-96,128,768,768,10,8,96,10-8-96,M00,85760,640,6144,768,96,6144,10,8,28928,7680,64,12288,79872
128x768x768w66-8-15,128,768,768,66,8,15,66-8-15,M0K,88480,4224,960,960,15,960,66,8,26208,7920,512,1920,79872
128x768x768w24-24-15,128,768,768,24,24,15,24-24-15,M0K,93952,4608,2880,360,15,2880,24,24,20736,2880,576,5760,79872
128x768x768w10-16-51,128,768,768,10,16,51,10-16-51,M0K,90912,1280,6528,408,51,6528,10,16,23776,4080,128,13056,79872
128x768x768w10-8-99,128,768,768,10,8,99,10-8-99,M0K,84896,640,6336,792,99,6336,10,8,29792,7920,64,12672,79872
128x768x768w37-16-15,128,768,768,37,16,15,37-16-15,M0K,92496,4736,1920,480,15,1920,37,16,22192,4440,512,3840,79872
128x768x768w22-24-15,128,768,768,22,24,15,22-24-15,M0K,95200,4224,2880,240,15,2880,22,24,19488,2640,384,5760,79872
128x768x768w17-8-60,128,768,768,17,8,60,17-8-60,M0K,88512,1088,3840,960,60,3840,17,8,26176,8160,128,7680,79872
128x768x768w16-8-60,128,768,768,16,8,60,16-8-60,00K,89600,1024,3840,960,60,3840,16,8,25088,7680,128,7680,79872
128x768x768w10-8-102,128,768,768,10,8,102,10-8-102,M0K,84032,640,6528,816,102,6528,10,8,30656,8160,64,13056,79872
128x768x768w10-16-50,128,768,768,10,16,50,10-16-50,M0K,91328,1280,6400,400,50,6400,10,16,23360,4000,128,12800,79872
128x768x768w36-16-15,128,768,768,36,16,15,36-16-15,M0K,92992,4608,1920,480,15,1920,36,16,21696,4320,512,3840,79872
128x768x768w16-32-15,128,768,768,16,32,15,16-32-15,00K,94976,4096,3840,240,15,3840,16,32,19712,1920,512,7680,79872
128x768x768w8-16-60,128,768,768,8,16,60,8-16-60,00K,89600,1024,7680,480,60,7680,8,16,25088,3840,128,15360,79872
128x768x768w64-8-15,128,768,768,64,8,15,64-8-15,00K,89216,4096,960,960,15,960,64,8,25472,7680,512,1920,79872
128x768x768w8-48-20,128,768,768,8,48,20,8-48-20,00K,90624,3072,7680,160,20,7680,8,48,24064,1280,384,15360,79872
128x768x768w17-24-20,128,768,768,17,24,20,17-24-20,M0K,95040,3264,3840,320,20,3840,17,24,19648,2720,384,7680,79872
128x768x768w16-16-30,128,768,768,16,16,30,16-16-30,00K,95232,2048,3840,480,30,3840,16,16,19456,3840,256,7680,79872
128x768x768w67-8-15,128,768,768,67,8,15,67-8-15,M0K,88112,4288,960,960,15,960,67,8,26576,8040,512,1920,79872
128x768x768w34-16-15,128,768,768,34,16,15,34-16-15,M0K,93984,4352,1920,480,15,1920,34,16,20704,4080,512,3840,79872
128x768x768w10-24-32,128,768,768,10,24,32,10-24-32,M00,93440,1920,6144,256,32,6144,10,24,21248,2560,192,12288,79872
128x768x768w16-8-63,128,768,768,16,8,63,16-8-63,00K,88448,1024,4032,1008,63,4032,16,8,26240,8064,128,8064,79872
128x768x768w32-8-30,128,768,768,32,8,30,32-8-30,00K,91392,2048,1920,960,30,1920,32,8,23296,7680,256,3840,79872
128x768x768w16-8-61,128,768,768,16,8,61,16-8-61,00K,89216,1024,3904,976,61,3904,16,8,25472,7808,128,7808,79872
128x768x768w40-16-15,128,768,768,40,16,15,40-16-15,M0K,91008,5120,1920,600,15,1920,40,16,23680,4800,640,3840,79872
128x768x768w34-8-30,128,768,768,34,8,30,34-8-30,M0K,90176,2176,1920,960,30,1920,34,8,24512,8160,256,3840,79872
128x768x768w39-16-15,128,768,768,39,16,15,39-16-15,M0K,91504,4992,1920,480,15,1920,39,16,23184,4680,512,3840,79872
128x768x768w10-24-33,128,768,768,10,24,33,10-24-33,M0K,92896,1920,6336,264,33,6336,10,24,21792,2640,192,12672,79872
128x768x768w10-72-11,128,768,768,10,72,11,10-72-11,MNK,88736,5760,6336,88,11,6336,10,72,25952,880,576,12672,80080
128x768x768w10-80-10,128,768,768,10,80,10,10-80-10,MNK,87488,6400,6400,80,10,6400,10,80,27200,800,640,12800,80080
128x768x768w10-56-14,128,768,768,10,56,14,10-56-14,MNK,90944,4480,6272,112,14,6272,10,56,23744,1120,448,12544,80080
128x768x768w9-24-35,128,768,768,9,24,35,9-24-35,M0K,92752,1728,6720,280,35,6720,9,24,21936,2520,192,13440,80256
128x768x768w9-24-36,128,768,768,9,24,36,9-24-36,M0K,92224,1728,6912,288,36,6912,9,24,22464,2592,192,13824,80256
128x768x768w12-16-41,128,768,768,12,16,41,12-16-41,M0K,93248,1536,5248,328,41,5248,12,16,21440,3936,128,10496,80256
128x768x768w12-16-42,128,768,768,12,16,42,12-16-42,M0K,92800,1536,5376,336,42,5376,12,16,21888,4032,128,10752,80256
128x768x768w9-72-12,128,768,768,9,72,12,9-72-12,MN0,88768,5184,6912,96,12,6912,9,72,25920,864,576,13824,80256
128x768x768w11-72-10,128,768,768,11,72,10,11-72-10,MNK,88736,6336,5760,80,10,5760,11,72,25952,880,576,11520,80465
128x768x768w10-88-9,128,768,768,10,88,9,10-88-9,MNK,86496,7040,6336,72,9,6336,10,88,28192,720,704,12672,80496
128x768x768w25-16-20,128,768,768,25,16,20,25-16-20,M0K,95168,3200,2560,480,20,2560,25,16,19520,4000,384,5120,80496
128x768x768w14-24-23,128,768,768,14,24,23,14-24-23,M0K,95328,2688,4416,184,23,4416,14,24,19360,2576,192,8832,80512
128x768x768w23-32-11,128,768,768,23,32,11,23-32-11,M0K,93232,5888,2816,176,11,2816,23,32,21456,2024,512,5632,80640
128x768x768w19-16-26,128,768,768,19,16,26,19-16-26,M0K,95264,2432,3328,416,26,3328,19,16,19424,3952,256,6656,80640
128x768x768w31-24-11,128,768,768,31,24,11,31-24-11,M0K,93104,5952,2112,264,11,2112,31,24,21584,2728,576,4224,80640
128x768x768w59-16-11,128,768,768,59,16,11,59-16-11,M0K,86384,7552,1408,616,11,1408,59,16,28304,5192,896,2816,80640
128x768x768w46-16-11,128,768,768,46,16,11,46-16-11,M0K,92000,5888,1408,440,11,1408,46,16,22688,4048,640,2816,80640
128x768x768w19-8-53,128,768,768,19,8,53,19-8-53,M0K,89360,1216,3392,848,53,3392,19,8,25328,8056,128,6784,80640
128x768x768w43-16-11,128,768,768,43,16,11,43-16-11,M0K,93296,5504,1408,440,11,1408,43,16,21392,3784,640,2816,80640
128x768x768w26-8-37,128,768,768,26,8,37,26-8-37,M0K,91232,1664,2368,888,37,2368,26,8,23456,7696,192,4736,80640
128x768x768w57-16-11,128,768,768,57,16,11,57-16-11,M0K,87248,7296,1408,616,11,1408,57,16,27440,5016,896,2816,80640
128x768x768w15-24-22,128,768,768,15,24,22,15-24-22,M0K,95200,2880,4224,176,22,4224,15,24,19488,2640,192,8448,80640
128x768x768w45-16-11,128,768,768,45,16,11,45-16-11,M0K,92432,5760,1408,440,11,1408,45,16,22256,3960,640,2816,80640
128x768x768w58-16-11,128,768,768,58,16,11,58-16-11,M0K,86816,7424,1408,616,11,1408,58,16,27872,5104,896,2816,80640
128x768x768w22-32-11,128,768,768,22,32,11,22-32-11,M0K,93920,5632,2816,176,11,2816,22,32,20768,1936,512,5632,80640
128x768x768w19-8-52,128,768,768,19,8,52,19-8-52,M0K,89792,1216,3328,832,52,3328,19,8,24896,7904,128,6656,80640
128x768x768w22-16-22,128,768,768,22,16,22,22-16-22,M0K,95680,2816,2816,352,22,2816,22,16,19008,3872,256,5632,80640
128x768x768w54-16-11,128,768,768,54,16,11,54-16-11,M0K,88544,6912,1408,528,11,1408,54,16,26144,4752,768,2816,80640
128x768x768w53-16-11,128,768,768,53,16,11,53-16-11,M0K,88976,6784,1408,528,11,1408,53,16,25712,4664,768,2816,80640
128x768x768w50-16-11,128,768,768,50,16,11,50-16-11,M0K,90272,6400,1408,528,11,1408,50,16,24416,4400,768,2816,80640
128x768x768w46-8-22,128,768,768,46,8,22,46-8-22,M0K,89792,2944,1408,880,22,1408,46,8,24896,8096,320,2816,80640
128x768x768w27-8-37,128,768,768,27,8,37,27-8-37,M0K,90512,1728,2368,888,37,2368,27,8,24176,7992,192,4736,80640
128x768x768w52-16-11,128,768,768,52,16,11,52-16-11,M0K,89408,6656,1408,528,11,1408,52,16,25280,4576,768,2816,80640
128x768x768w24-32-11,128,768,768,24,32,11,24-32-11,M0K,92544,6144,2816,264,11,2816,24,32,22144,2112,768,5632,80640
128x768x768w60-16-11,128,768,768,60,16,11,60-16-11,M0K,85952,7680,1408,616,11,1408,60,16,28736,5280,896,2816,80640
128x768x768w56-16-11,128,768,768,56,16,11,56-16-11,M0K,87680,7168,1408,616,11,1408,56,16,27008,4928,896,2816,80640
128x768x768w55-16-11,128,768,768,55,16,11,55-16-11,M0K,88112,7040,1408,528,11,1408,55,16,26576,4840,768,2816,80640
128x768x768w47-16-11,128,768,768,47,16,11,47-16-11,M0K,91568,6016,1408,440,11,1408,47,16,23120,4136,640,2816,80640
128x768x768w26-8-38,128,768,768,26,8,38,26-8-38,M0K,90688,1664,2432,912,38,2432,26,8,24000,7904,192,4864,80640
128x768x768w20-16-26,128,768,768,20,16,26,20-16-26,M0K,94592,2560,3328,416,26,3328,20,16,20096,4160,256,6656,80640
128x768x768w45-8-22,128,768,768,45,8,22,45-8-22,M0K,90272,2880,1408,880,22,1408,45,8,24416,7920,320,2816,80640
128x768x768w24-16-22,128,768,768,24,16,22,24-16-22,M0K,94464,3072,2816,528,22,2816,24,16,20224,4224,384,5632,80640
128x768x768w43-8-22,128,768,768,43,8,22,43-8-22,M0K,91232,2752,1408,880,22,1408,43,8,23456,7568,320,2816,80640
128x768x768w51-16-11,128,768,768,51,16,11,51-16-11,M0K,89840,6528,1408,528,11,1408,51,16,24848,4488,768,2816,80640
128x768x768w44-8-22,128,768,768,44,8,22,44-8-22,M0K,90752,2816,1408,880,22,1408,44,8,23936,7744,320,2816,80640
128x768x768w44-16-11,128,768,768,44,16,11,44-16-11,M0K,92864,5632,1408,440,11,1408,44,16,21824,3872,640,2816,80640
128x768x768w49-16-11,128,768,768,49,16,11,49-16-11,M0K,90704,6272,1408,528,11,1408,49,16,23984,4312,768,2816,80640
128x768x768w48-16-11,128,768,768,48,16,11,48-16-11,M0K,91136,6144,1408,528,11,1408,48,16,23552,4224,768,2816,80640
128x768x768w13-16-38,128,768,768,13,16,38,13-16-38,M0K,93728,1664,4864,304,38,4864,13,16,20960,3952,128,9728,80640
128x768x768w8-88-11,128,768,768,8,88,11,8-88-11,0NK,86528,5632,7744,88,11,7744,8,88,28160,704,704,15488,80640
128x768x768w13-16-37,128,768,768,13,16,37,13-16-37,M0K,94192,1664,4736,296,37,4736,13,16,20496,3848,128,9472,80640
128x768x768w23-16-22,128,768,768,23,16,22,23-16-22,M0K,95072,2944,2816,352,22,2816,23,16,19616,4048,256,5632,80640
128x768x768w15-48-11,128,768,768,15,48,11,15-48-11,M0K,92080,5760,4224,88,11,4224,15,48,22608,1320,384,8448,80640
128x768x768w18-16-27,128,768,768,18,16,27,18-16-27,M0K,95392,2304,3456,432,27,3456,18,16,19296,3888,256,6912,80736
128x768x768w12-40-17,128,768,768,12,40,17,12-40-17,MNK,92864,3840,5440,136,17,5440,12,40,21824,1632,320,10880,80960
128x768x768w10-40-20,128,768,768,10,40,20,10-40-20,MNK,92288,3200,6400,160,20,6400,10,40,22400,1600,320,12800,81120
128x768x768w18-40-11,128,768,768,18,40,11,18-40-11,MNK,92960,5760,3520,176,11,3520,18,40,21728,1584,640,7040,81200
128x768x768w12-64-10,128,768,768,12,64,10,12-64-10,M0K,90240,6144,5120,80,10,5120,12,64,24448,960,512,10240,81312
128x768x768w61-16-10,128,768,768,61,16,10,61-16-10,M0K,86752,7808,1280,560,10,1280,61,16,27936,4880,896,2560,81312
128x768x768w14-40-14,128,768,768,14,40,14,14-40-14,MNK,93632,4480,4480,112,14,4480,14,40,21056,1568,320,8960,81400
128x768x768w21-8-46,128,768,768,21,8,46,21-8-46,M0K,90656,1344,2944,736,46,2944,21,8,24032,7728,128,5888,81600
128x768x768w21-8-47,128,768,768,21,8,47,21-8-47,M0K,90192,1344,3008,752,47,3008,21,8,24496,7896,128,6016,81600
128x768x768w21-16-23,128,768,768,21,16,23,21-16-23,M0K,95696,2688,2944,368,23,2944,21,16,18992,3864,256,5888,81600
128x768x768w12-24-27,128,768,768,12,24,27,12-24-27,M0K,94528,2304,5184,216,27,5184,12,24,20160,2592,192,10368,81664
128x768x768w14-32-17,128,768,768,14,32,17,14-32-17,M0K,95008,3584,4352,136,17,4352,14,32,19680,1904,256,8704,81696
128x768x768w14-16-34,128,768,768,14,16,34,14-16-34,M0K,94784,1792,4352,272,34,4352,14,16,19904,3808,128,8704,81696
128x768x768w11-80-9,128,768,768,11,80,9,11-80-9,MNK,87504,7040,5760,72,9,5760,11,80,27184,792,640,11520,81700
128x768x768w11-40-18,128,768,768,11,40,18,11-40-18,MNK,92960,3520,5760,144,18,5760,11,40,21728,1584,320,11520,81700
128x768x768w28-24-12,128,768,768,28,24,12,28-24-12,M00,93952,5376,2304,288,12,2304,28,24,20736,2688,576,4608,81920
128x768x768w30-24-12,128,768,768,30,24,12,30-24-12,M00,92800,5760,2304,288,12,2304,30,24,21888,2880,576,4608,81920
128x768x768w8-24-39,128,768,768,8,24,39,8-24-39,00K,91648,1536,7488,312,39,7488,8,24,23040,2496,192,14976,81920
128x768x768w27-24-12,128,768,768,27,24,12,27-24-12,M00,94528,5184,2304,288,12,2304,27,24,20160,2592,576,4608,81920
128x768x768w8-80-12,128,768,768,8,80,12,8-80-12,0N0,87552,5120,7680,96,12,7680,8,80,27136,768,640,15360,81920
128x768x768w16-40-12,128,768,768,16,40,12,16-40-12,0N0,93696,5120,3840,192,12,3840,16,40,20992,1536,640,7680,81920
128x768x768w29-24-12,128,768,768,29,24,12,29-24-12,M00,93376,5568,2304,288,12,2304,29,24,21312,2784,576,4608,81920
128x768x768w8-24-40,128,768,768,8,24,40,8-24-40,00K,91136,1536,7680,320,40,7680,8,24,23552,2560,192,15360,81920
128x768x768w13-48-12,128,768,768,13,48,12,13-48-12,M00,92992,4992,4608,96,12,4608,13,48,21696,1248,384,9216,81920
128x768x768w17-40-12,128,768,768,17,40,12,17-40-12,MN0,92864,5440,3840,192,12,3840,17,40,21824,1632,640,7680,81920
128x768x768w8-40-24,128,768,768,8,40,24,8-40-24,0N0,91136,2560,7680,192,24,7680,8,40,23552,1536,320,15360,81920
128x768x768w26-24-12,128,768,768,26,24,12,26-24-12,M00,95104,4992,2304,288,12,2304,26,24,19584,2496,576,4608,81920
128x768x768w13-24-24,128,768,768,13,24,24,13-24-24,M00,95488,2496,4608,192,24,4608,13,24,19200,2496,192,9216,81920
128x768x768w11-8-89,128,768,768,11,8,89,11-8-89,M0K,86224,704,5696,712,89,5696,11,8,28464,7832,64,11392,82080
128x768x768w11-8-87,128,768,768,11,8,87,11-8-87,M0K,86832,704,5568,696,87,5568,11,8,27856,7656,64,11136,82080
128x768x768w9-16-53,128,768,768,9,16,53,9-16-53,M0K,91184,1152,6784,424,53,6784,9,16,23504,3816,128,13568,82080
128x768x768w9-32-26,128,768,768,9,32,26,9-32-26,M0K,93024,2304,6656,208,26,6656,9,32,21664,1872,256,13312,82080
128x768x768w9-16-54,128,768,768,9,16,54,9-16-54,M0K,90784,1152,6912,432,54,6912,9,16,23904,3888,128,13824,82080
128x768x768w11-8-90,128,768,768,11,8,90,11-8-90,M0K,85920,704,5760,720,90,5760,11,8,28768,7920,64,11520,82080
128x768x768w11-24-29,128,768,768,11,24,29,11-24-29,M0K,94224,2112,5568,232,29,5568,11,24,20464,2552,192,11136,82080
128x768x768w11-8-86,128,768,768,11,8,86,11-8-86,M0K,87136,704,5504,688,86,5504,11,8,27552,7568,64,11008,82080
128x768x768w11-16-44,128,768,768,11,16,44,11-16-44,M0K,92864,1408,5632,352,44,5632,11,16,21824,3872,128,11264,82080
128x768x768w11-8-91,128,768,768,11,8,91,11-8-91,M0K,85616,704,5824,728,91,5824,11,8,29072,8008,64,11648,82080
128x768x768w11-88-8,128,768,768,11,88,8,11-88-8,MN0,86528,7744,5632,64,8,5632,11,88,28160,704,704,11264,82080
128x768x768w11-8-88,128,768,768,11,8,88,11-8-88,M0K,86528,704,5632,704,88,5632,11,8,28160,7744,64,11264,82080
128x768x768w11-16-45,128,768,768,11,16,45,11-16-45,M0K,92432,1408,5760,360,45,5760,11,16,22256,3960,128,11520,82080
128x768x768w11-8-93,128,768,768,11,8,93,11-8-93,M0K,85008,704,5952,744,93,5952,11,8,29680,8184,64,11904,82080
128x768x768w11-16-43,128,768,768,11,16,43,11-16-43,M0K,93296,1408,5504,344,43,5504,11,16,21392,3784,128,11008,82080
128x768x768w9-16-52,128,768,768,9,16,52,9-16-52,M0K,91584,1152,6656,416,52,6656,9,16,23104,3744,128,13312,82080
128x768x768w11-8-92,128,768,768,11,8,92,11-8-92,M0K,85312,704,5888,736,92,5888,11,8,29376,8096,64,11776,82080
128x768x768w12-32-20,128,768,768,12,32,20,12-32-20,M0K,94464,3072,5120,160,20,5120,12,32,20224,1920,256,10240,82368
128x768x768w19-24-17,128,768,768,19,24,17,19-24-17,M0K,95696,3648,3264,272,17,3264,19,24,18992,2584,384,6528,82432
128x768x768w20-24-17,128,768,768,20,24,17,20-24-17,M0K,95040,3840,3264,272,17,3264,20,24,19648,2720,384,6528,82432
128x768x768w8-56-17,128,768,768,8,56,17,8-56-17,0NK,90112,3584,7616,136,17,7616,8,56,24576,1088,448,15232,82432
128x768x768w22-40-9,128,768,768,22,40,9,22-40-9,MNK,91680,7040,2880,144,9,2880,22,40,23008,1584,640,5760,82560
128x768x768w23-40-9,128,768,768,23,40,9,23-40-9,MNK,90896,7360,2880,144,9,2880,23,40,23792,1656,640,5760,82560
128x768x768w28-16-18,128,768,768,28,16,18,28-16-18,M0K,94848,3584,2304,432,18,2304,28,16,19840,4032,384,4608,82560
128x768x768w28-32-9,128,768,768,28,32,9,28-32-9,M0K,91712,7168,2304,216,9,2304,28,32,22976,2016,768,4608,82560
128x768x768w24-40-9,128,768,768,24,40,9,24-40-9,MNK,90112,7680,2880,216,9,2880,24,40,24576,1728,960,5760,82560
128x768x768w30-16-18,128,768,768,30,16,18,30-16-18,M0K,93760,3840,2304,432,18,2304,30,16,20928,4320,384,4608,82560
128x768x768w62-16-9,128,768,768,62,16,9,62-16-9,M0K,87584,7936,1152,504,9,1152,62,16,27104,4464,896,2304,82560
128x768x768w27-32-9,128,768,768,27,32,9,27-32-9,M0K,92368,6912,2304,216,9,2304,27,32,22320,1944,768,4608,82560
128x768x768w29-16-18,128,768,768,29,16,18,29-16-18,M0K,94304,3712,2304,432,18,2304,29,16,20384,4176,384,4608,82560
128x768x768w26-32-9,128,768,768,26,32,9,26-32-9,M0K,93024,6656,2304,216,9,2304,26,32,21664,1872,768,4608,82560
128x768x768w26-16-18,128,768,768,26,16,18,26-16-18,M0K,95936,3328,2304,432,18,2304,26,16,18752,3744,384,4608,82560
128x768x768w13-32-18,128,768,768,13,32,18,13-32-18,M0K,95072,3328,4608,144,18,4608,13,32,19616,1872,256,9216,82560
128x768x768w13-64-9,128,768,768,13,64,9,13-64-9,M0K,90288,6656,4608,72,9,4608,13,64,24400,936,512,9216,82560
128x768x768w29-32-9,128,768,768,29,32,9,29-32-9,M0K,91056,7424,2304,216,9,2304,29,32,23632,2088,768,4608,82560
128x768x768w25-8-40,128,768,768,25,8,40,25-8-40,M0K,90368,1600,2560,960,40,2560,25,8,24320,8000,192,5120,82560
128x768x768w25-8-39,128,768,768,25,8,39,25-8-39,M0K,90896,1600,2496,936,39,2496,25,8,23792,7800,192,4992,82560
128x768x768w30-32-9,128,768,768,30,32,9,30-32-9,M0K,90400,7680,2304,216,9,2304,30,32,24288,2160,768,4608,82560
128x768x768w27-16-18,128,768,768,27,16,18,27-16-18,M0K,95392,3456,2304,432,18,2304,27,16,19296,3888,384,4608,82560
128x768x768w25-40-8,128,768,768,25,40,8,25-40-8,MN0,90368,8000,2560,192,8,2560,25,40,24320,1600,960,5120,82560
128x768x768w14-48-11,128,768,768,14,48,11,14-48-11,M0K,93024,5376,4224,88,11,4224,14,48,21664,1232,384,8448,82880
128x768x768w14-24-22,128,768,768,14,24,22,14-24-22,M0K,95936,2688,4224,176,22,4224,14,24,18752,2464,192,8448,82880
128x768x768w22-8-43,128,768,768,22,8,43,22-8-43,M0K,91232,1408,2752,688,43,2752,22,8,23456,7568,128,5504,82944
128x768x768w15-8-66,128,768,768,15,8,66,15-8-66,M0K,88480,960,4224,528,66,4224,15,8,26208,7920,64,8448,82944
128x768x768w32-8-29,128,768,768,32,8,29,32-8-29,00K,92032,2048,1856,928,29,1856,32,8,22656,7424,256,3712,82944
128x768x768w127-8-8,128,768,768,127,8,8,127-8-8,M00,81152,8128,512,960,8,512,127,8,33536,8128,960,1024,82944
128x768x768w22-8-44,128,768,768,22,8,44,22-8-44,M0K,90752,1408,2816,704,44,2816,22,8,23936,7744,128,5632,82944
128x768x768w23-8-44,128,768,768,23,8,44,23-8-44,M0K,89920,1472,2816,704,44,2816,23,8,24768,8096,128,5632,82944
128x768x768w23-8-43,128,768,768,23,8,43,23-8-43,M0K,90416,1472,2752,688,43,2752,23,8,24272,7912,128,5504,82944
128x768x768w8-32-29,128,768,768,8,32,29,8-32-29,00K,92032,2048,7424,232,29,7424,8,32,22656,1856,256,14848,82944
128x768x768w31-32-8,128,768,768,31,32,8,31-32-8,M00,90752,7936,2048,192,8,2048,31,32,23936,1984,768,4096,82944
128x768x768w15-8-64,128,768,768,15,8,64,15-8-64,M00,89216,960,4096,512,64,4096,15,8,25472,7680,64,8192,82944
128x768x768w15-8-67,128,768,768,15,8,67,15-8-67,M0K,88112,960,4288,536,67,4288,15,8,26576,8040,64,8576,82944
128x768x768w31-16-16,128,768,768,31,16,16,31-16-16,M00,94720,3968,2048,384,16,2048,31,16,19968,3968,384,4096,82944
128x768x768w31-8-33,128,768,768,31,8,33,31-8-33,M0K,90128,1984,2112,792,33,2112,31,8,24560,8184,192,4224,82944
128x768x768w34-8-29,128,768,768,34,8,29,34-8-29,M0K,90848,2176,1856,928,29,1856,34,8,23840,7888,256,3712,82944
128x768x768w15-16-33,128,768,768,15,16,33,15-16-33,M0K,94480,1920,4224,264,33,4224,15,16,20208,3960,128,8448,82944
128x768x768w15-64-8,128,768,768,15,64,8,15-64-8,M00,89216,7680,4096,64,8,4096,15,64,25472,960,512,8192,82944
128x768x768w15-16-32,128,768,768,15,16,32,15-16-32,M00,94976,1920,4096,256,32,4096,15,16,19712,3840,128,8192,82944
128x768x768w31-8-32,128,768,768,31,8,32,31-8-32,M00,90752,1984,2048,768,32,2048,31,8,23936,7936,192,4096,82944
128x768x768w22-8-45,128,768,768,22,8,45,22-8-45,M0K,90272,1408,2880,720,45,2880,22,8,24416,7920,128,5760,82944
128x768x768w63-8-16,128,768,768,63,8,16,63-8-16,M00,88448,4032,1024,896,16,1024,63,8,26240,8064,448,2048,82944
128x768x768w15-8-65,128,768,768,15,8,65,15-8-65,M0K,88848,960,4160,520,65,4160,15,8,25840,7800,64,8320,82944
128x768x768w35-8-29,128,768,768,35,8,29,35-8-29,M0K,90256,2240,1856,928,29,1856,35,8,24432,8120,256,3712,82944
128x768x768w33-8-29,128,768,768,33,8,29,33-8-29,M0K,91440,2112,1856,928,29,1856,33,8,23248,7656,256,3712,82944
128x768x768w17-16-29,128,768,768,17,16,29,17-16-29,M0K,95024,2176,3712,464,29,3712,17,16,19664,3944,256,7424,82944
128x768x768w63-16-8,128,768,768,63,16,8,63-16-8,M00,88448,8064,1024,448,8,1024,63,16,26240,4032,896,2048,82944
128x768x768w15-32-16,128,768,768,15,32,16,15-32-16,M00,94976,3840,4096,128,16,4096,15,32,19712,1920,256,8192,82944
128x768x768w15-8-68,128,768,768,15,8,68,15-8-68,M0K,87744,960,4352,544,68,4352,15,8,26944,8160,64,8704,82944
128x768x768w16-16-29,128,768,768,16,16,29,16-16-29,00K,95744,2048,3712,464,29,3712,16,16,18944,3712,256,7424,82944
128x768x768w9-56-15,128,768,768,9,56,15,9-56-15,MNK,91024,4032,6720,120,15,6720,9,56,23664,1080,448,13440,82992
128x768x768w10-24-31,128,768,768,10,24,31,10-24-31,M0K,93984,1920,5952,248,31,5952,10,24,20704,2480,192,11904,83200
128x768x768w21-24-15,128,768,768,21,24,15,21-24-15,M0K,95824,4032,2880,240,15,2880,21,24,18864,2520,384,5760,83200
128x768x768w13-40-15,128,768,768,13,40,15,13-40-15,MNK,93648,4160,4800,120,15,4800,13,40,21040,1560,320,9600,83200
128x768x768w12-72-9,128,768,768,12,72,9,12-72-9,MNK,88768,6912,5184,72,9,5184,12,72,25920,864,576,10368,83248
128x768x768w20-16-25,128,768,768,20,16,25,20-16-25,M0K,95168,2560,3200,400,25,3200,20,16,19520,4000,256,6400,83328
128x768x768w19-16-25,128,768,768,19,16,25,19-16-25,M0K,95824,2432,3200,400,25,3200,19,16,18864,3800,256,6400,83328
128x768x768w18-8-53,128,768,768,18,8,53,18-8-53,M0K,90336,1152,3392,848,53,3392,18,8,24352,7632,128,6784,83520
128x768x768w18-8-54,128,768,768,18,8,54,18-8-54,M0K,89920,1152,3456,864,54,3456,18,8,24768,7776,128,6912,83520
128x768x768w18-8-52,128,768,768,18,8,52,18-8-52,M0K,90752,1152,3328,832,52,3328,18,8,23936,7488,128,6656,83520
128x768x768w18-16-26,128,768,768,18,16,26,18-16-26,M0K,95936,2304,3328,416,26,3328,18,16,18752,3744,256,6656,83520
128x768x768w11-48-14,128,768,768,11,48,14,11-48-14,M0K,93024,4224,5376,112,14,5376,11,48,21664,1232,384,10752,83600
128x768x768w9-48-17,128,768,768,9,48,17,9-48-17,M0K,92272,3456,6528,136,17,6528,9,48,22416,1224,384,13056,83904
128x768x768w9-24-34,128,768,768,9,24,34,9-24-34,M0K,93280,1728,6528,272,34,6528,9,24,21408,2448,192,13056,83904
128x768x768w8-48-19,128,768,768,8,48,19,8-48-19,00K,91520,3072,7296,152,19,7296,8,48,23168,1216,384,14592,83968
128x768x768w16-24-19,128,768,768,16,24,19,16-24-19,00K,96384,3072,3648,304,19,3648,16,24,18304,2432,384,7296,83968
128x768x768w17-24-19,128,768,768,17,24,19,17-24-19,M0K,95696,3264,3648,304,19,3648,17,24,18992,2584,384,7296,83968
128x768x768w21-16-22,128,768,768,21,16,22,21-16-22,M0K,96288,2688,2816,352,22,2816,21,16,18400,3696,256,5632,84000
128x768x768w21-32-11,128,768,768,21,32,11,21-32-11,M0K,94608,5376,2816,176,11,2816,21,32,20080,1848,512,5632,84000
128x768x768w9-40-21,128,768,768,9,40,21,9-40-21,MNK,92464,2880,6720,168,21,6720,9,40,22224,1512,320,13440,84360
128x768x768w11-32-21,128,768,768,11,32,21,11-32-21,M0K,94608,2816,5376,168,21,5376,11,32,20080,1848,256,10752,84360
128x768x768w26-8-36,128,768,768,26,8,36,26-8-36,M0K,91776,1664,2304,864,36,2304,26,8,22912,7488,192,4608,84480
128x768x768w22-24-14,128,768,768,22,24,14,22-24-14,M0K,95936,4224,2688,224,14,2688,22,24,18752,2464,384,5376,84480
128x768x768w13-16-36,128,768,768,13,16,36,13-16-36,M0K,94656,1664,4608,288,36,4608,13,16,20032,3744,128,9216,84480
128x768x768w27-8-35,128,768,768,27,8,35,27-8-35,M0K,91632,1728,2240,840,35,2240,27,8,23056,7560,192,4480,84480
128x768x768w65-8-14,128,768,768,65,8,14,65-8-14,M0K,90016,4160,896,896,14,896,65,8,24672,7280,512,1792,84480
128x768x768w29-8-35,128,768,768,29,8,35,29-8-35,M0K,90256,1856,2240,840,35,2240,29,8,24432,8120,192,4480,84480
128x768x768w35-16-14,128,768,768,35,16,14,35-16-14,M0K,94304,4480,1792,448,14,1792,35,16,20384,3920,512,3584,84480
128x768x768w13-8-70,128,768,768,13,8,70,13-8-70,M0K,89504,832,4480,560,70,4480,13,8,25184,7280,64,8960,84480
128x768x768w13-8-72,128,768,768,13,8,72,13-8-72,M0K,88832,832,4608,576,72,4608,13,8,25856,7488,64,9216,84480
128x768x768w13-72-8,128,768,768,13,72,8,13-72-8,MN0,88832,7488,4608,64,8,4608,13,72,25856,832,576,9216,84480
128x768x768w71-8-14,128,768,768,71,8,14,71-8-14,M0K,87904,4544,896,896,14,896,71,8,26784,7952,512,1792,84480
128x768x768w40-16-14,128,768,768,40,16,14,40-16-14,M0K,91904,5120,1792,560,14,1792,40,16,22784,4480,640,3584,84480
128x768x768w17-32-14,128,768,768,17,32,14,17-32-14,M0K,95008,4352,3584,224,14,3584,17,32,19680,1904,512,7168,84480
128x768x768w12-8-78,128,768,768,12,8,78,12-8-78,M0K,88192,768,4992,624,78,4992,12,8,26496,7488,64,9984,84480
128x768x768w70-8-14,128,768,768,70,8,14,70-8-14,M0K,88256,4480,896,896,14,896,70,8,26432,7840,512,1792,84480
128x768x768w24-24-14,128,768,768,24,24,14,24-24-14,M0K,94720,4608,2688,336,14,2688,24,24,19968,2688,576,5376,84480
128x768x768w73-8-14,128,768,768,73,8,14,73-8-14,M0K,87200,4672,896,1008,14,896,73,8,27488,8176,576,1792,84480
128x768x768w66-8-14,128,768,768,66,8,14,66-8-14,M0K,89664,4224,896,896,14,896,66,8,25024,7392,512,1792,84480
128x768x768w32-16-14,128,768,768,32,16,14,32-16-14,00K,95744,4096,1792,448,14,1792,32,16,18944,3584,512,3584,84480
128x768x768w8-64-14,128,768,768,8,64,14,8-64-14,00K,90368,4096,7168,112,14,7168,8,64,24320,896,512,14336,84480
128x768x768w13-16-35,128,768,768,13,16,35,13-16-35,M0K,95120,1664,4480,280,35,4480,13,16,19568,3640,128,8960,84480
128x768x768w12-8-79,128,768,768,12,8,79,12-8-79,M0K,87872,768,5056,632,79,5056,12,8,26816,7584,64,10112,84480
128x768x768w68-8-14,128,768,768,68,8,14,68-8-14,M0K,88960,4352,896,896,14,896,68,8,25728,7616,512,1792,84480
128x768x768w72-8-14,128,768,768,72,8,14,72-8-14,M0K,87552,4608,896,1008,14,896,72,8,27136,8064,576,1792,84480
128x768x768w12-16-40,128,768,768,12,16,40,12-16-40,M0K,93696,1536,5120,320,40,5120,12,16,20992,3840,128,10240,84480
128x768x768w12-80-8,128,768,768,12,80,8,12-80-8,MN0,87552,7680,5120,64,8,5120,12,80,27136,768,640,10240,84480
128x768x768w39-16-14,128,768,768,39,16,14,39-16-14,M0K,92384,4992,1792,448,14,1792,39,16,22304,4368,512,3584,84480
128x768x768w33-16-14,128,768,768,33,16,14,33-16-14,M0K,95264,4224,1792,448,14,1792,33,16,19424,3696,512,3584,84480
128x768x768w12-8-82,128,768,768,12,8,82,12-8-82,M0K,86912,768,5248,656,82,5248,12,8,27776,7872,64,10496,84480
128x768x768w12-24-26,128,768,768,12,24,26,12-24-26,M0K,95104,2304,4992,208,26,4992,12,24,19584,2496,192,9984,84480
128x768x768w12-8-77,128,768,768,12,8,77,12-8-77,M0K,88512,768,4928,616,77,4928,12,8,26176,7392,64,9856,84480
128x768x768w12-8-81,128,768,768,12,8,81,12-8-81,M0K,87232,768,5184,648,81,5184,12,8,27456,7776,64,10368,84480
128x768x768w28-8-35,128,768,768,28,8,35,28-8-35,M0K,90944,1792,2240,840,35,2240,28,8,23744,7840,192,4480,84480
128x768x768w12-8-85,128,768,768,12,8,85,12-8-85,M0K,85952,768,5440,680,85,5440,12,8,28736,8160,64,10880,84480
128x768x768w13-8-74,128,768,768,13,8,74,13-8-74,M0K,88160,832,4736,592,74,4736,13,8,26528,7696,64,9472,84480
128x768x768w26-8-35,128,768,768,26,8,35,26-8-35,M0K,92320,1664,2240,840,35,2240,26,8,22368,7280,192,4480,84480
128x768x768w28-8-36,128,768,768,28,8,36,28-8-36,M0K,90368,1792,2304,864,36,2304,28,8,24320,8064,192,4608,84480
128x768x768w12-40-16,128,768,768,12,40,16,12-40-16,MN0,93696,3840,5120,128,16,5120,12,40,20992,1536,320,10240,84480
128x768x768w38-16-14,128,768,768,38,16,14,38-16-14,M0K,92864,4864,1792,448,14,1792,38,16,21824,4256,512,3584,84480
128x768x768w12-8-83,128,768,768,12,8,83,12-8-83,M0K,86592,768,5312,664,83,5312,12,8,28096,7968,64,10624,84480
128x768x768w12-16-39,128,768,768,12,16,39,12-16-39,M0K,94144,1536,4992,312,39,4992,12,16,20544,3744,128,9984,84480
128x768x768w12-8-80,128,768,768,12,8,80,12-8-80,M0K,87552,768,5120,640,80,5120,12,8,27136,7680,64,10240,84480
128x768x768w13-8-75,128,768,768,13,8,75,13-8-75,M0K,87824,832,4800,600,75,4800,13,8,26864,7800,64,9600,84480
128x768x768w69-8-14,128,768,768,69,8,14,69-8-14,M0K,88608,4416,896,896,14,896,69,8,26080,7728,512,1792,84480
128x768x768w13-8-73,128,768,768,13,8,73,13-8-73,M0K,88496,832,4672,584,73,4672,13,8,26192,7592,64,9344,84480
128x768x768w23-24-14,128,768,768,23,24,14,23-24-14,M0K,95328,4416,2688,224,14,2688,23,24,19360,2576,384,5376,84480
128x768x768w34-16-14,128,768,768,34,16,14,34-16-14,M0K,94784,4352,1792,448,14,1792,34,16,19904,3808,512,3584,84480
128x768x768w13-8-71,128,768,768,13,8,71,13-8-71,M0K,89168,832,4544,568,71,4544,13,8,25520,7384,64,9088,84480
128x768x768w64-8-14,128,768,768,64,8,14,64-8-14,00K,90368,4096,896,896,14,896,64,8,24320,7168,512,1792,84480
128x768x768w37-16-14,128,768,768,37,16,14,37-16-14,M0K,93344,4736,1792,448,14,1792,37,16,21344,4144,512,3584,84480
128x768x768w13-8-76,128,768,768,13,8,76,13-8-76,M0K,87488,832,4864,608,76,4864,13,8,27200,7904,64,9728,84480
128x768x768w27-8-36,128,768,768,27,8,36,27-8-36,M0K,91072,1728,2304,864,36,2304,27,8,23616,7776,192,4608,84480
128x768x768w36-16-14,128,768,768,36,16,14,36-16-14,M0K,93824,4608,1792,448,14,1792,36,16,20864,4032,512,3584,84480
128x768x768w16-32-14,128,768,768,16,32,14,16-32-14,00K,95744,4096,3584,224,14,3584,16,32,18944,1792,512,7168,84480
128x768x768w12-8-84,128,768,768,12,8,84,12-8-84,M0K,86272,768,5376,672,84,5376,12,8,28416,8064,64,10752,84480
128x768x768w67-8-14,128,768,768,67,8,14,67-8-14,M0K,89312,4288,896,896,14,896,67,8,25376,7504,512,1792,84480
128x768x768w25-16-19,128,768,768,25,16,19,25-16-19,M0K,95824,3200,2432,456,19,2432,25,16,18864,3800,384,4864,84624
128x768x768w9-32-25,128,768,768,9,32,25,9-32-25,M0K,93680,2304,6400,200,25,6400,9,32,21008,1800,256,12800,84816
128x768x768w10-16-47,128,768,768,10,16,47,10-16-47,M0K,92576,1280,6016,376,47,6016,10,16,22112,3760,128,12032,84864
128x768x768w10-16-46,128,768,768,10,16,46,10-16-46,M0K,92992,1280,5888,368,46,5888,10,16,21696,3680,128,11776,84864
128x768x768w42-8-23,128,768,768,42,8,23,42-8-23,M0K,90912,2688,1472,920,23,1472,42,8,23776,7728,320,2944,84864
128x768x768w10-32-23,128,768,768,10,32,23,10-32-23,M0K,94112,2560,5888,184,23,5888,10,32,20576,1840,256,11776,84864
128x768x768w11-56-12,128,768,768,11,56,12,11-56-12,MN0,91968,4928,5376,96,12,5376,11,56,22720,1056,448,10752,85120
128x768x768w11-24-28,128,768,768,11,24,28,11-24-28,M0K,94784,2112,5376,224,28,5376,11,24,19904,2464,192,10752,85120
128x768x768w14-8-65,128,768,768,14,8,65,14-8-65,M0K,90016,896,4160,520,65,4160,14,8,24672,7280,64,8320,85248
128x768x768w14-16-32,128,768,768,14,16,32,14-16-32,M00,95744,1792,4096,256,32,4096,14,16,18944,3584,128,8192,85248
128x768x768w14-8-67,128,768,768,14,8,67,14-8-67,M0K,89312,896,4288,536,67,4288,14,8,25376,7504,64,8576,85248
128x768x768w23-16-21,128,768,768,23,16,21,23-16-21,M0K,95696,2944,2688,336,21,2688,23,16,18992,3864,256,5376,85248
128x768x768w44-8-21,128,768,768,44,8,21,44-8-21,M0K,91584,2816,1344,840,21,1344,44,8,23104,7392,320,2688,85248
128x768x768w47-8-21,128,768,768,47,8,21,47-8-21,M0K,90192,3008,1344,840,21,1344,47,8,24496,7896,320,2688,85248
128x768x768w14-64-8,128,768,768,14,64,8,14-64-8,M00,90368,7168,4096,64,8,4096,14,64,24320,896,512,8192,85248
128x768x768w24-16-21,128,768,768,24,16,21,24-16-21,M0K,95104,3072,2688,504,21,2688,24,16,19584,4032,384,5376,85248
128x768x768w14-8-68,128,768,768,14,8,68,14-8-68,M0K,88960,896,4352,544,68,4352,14,8,25728,7616,64,8704,85248
128x768x768w43-8-21,128,768,768,43,8,21,43-8-21,M0K,92048,2752,1344,840,21,1344,43,8,22640,7224,320,2688,85248
128x768x768w14-32-16,128,768,768,14,32,16,14-32-16,M00,95744,3584,4096,128,16,4096,14,32,18944,1792,256,8192,85248
128x768x768w14-8-69,128,768,768,14,8,69,14-8-69,M0K,88608,896,4416,552,69,4416,14,8,26080,7728,64,8832,85248
128x768x768w22-16-21,128,768,768,22,16,21,22-16-21,M0K,96288,2816,2688,336,21,2688,22,16,18400,3696,256,5376,85248
128x768x768w45-8-21,128,768,768,45,8,21,45-8-21,M0K,91120,2880,1344,840,21,1344,45,8,23568,7560,320,2688,85248
128x768x768w15-24-21,128,768,768,15,24,21,15-24-21,M0K,95824,2880,4032,168,21,4032,15,24,18864,2520,192,8064,85248
128x768x768w14-16-33,128,768,768,14,16,33,14-16-33,M0K,95264,1792,4224,264,33,4224,14,16,19424,3696,128,8448,85248
128x768x768w46-8-21,128,768,768,46,8,21,46-8-21,M0K,90656,2944,1344,840,21,1344,46,8,24032,7728,320,2688,85248
128x768x768w14-8-66,128,768,768,14,8,66,14-8-66,M0K,89664,896,4224,528,66,4224,14,8,25024,7392,64,8448,85248
128x768x768w14-8-64,128,768,768,14,8,64,14-8-64,M00,90368,896,4096,512,64,4096,14,8,24320,7168,64,8192,85248
128x768x768w48-8-21,128,768,768,48,8,21,48-8-21,M0K,89728,3072,1344,1008,21,1344,48,8,24960,8064,384,2688,85248
128x768x768w10-40-19,128,768,768,10,40,19,10-40-19,MNK,93088,3200,6080,152,19,6080,10,40,21600,1520,320,12160,85280
128x768x768w18-24-17,128,768,768,18,24,17,18-24-17,M0K,96352,3456,3264,272,17,3264,18,24,18336,2448,384,6528,85376
128x768x768w21-40-9,128,768,768,21,40,9,21-40-9,MNK,92464,6720,2880,144,9,2880,21,40,22224,1512,640,5760,86000
128x768x768w19-8-50,128,768,768,19,8,50,19-8-50,M0K,90656,1216,3200,800,50,3200,19,8,24032,7600,128,6400,86016
128x768x768w8-24-38,128,768,768,8,24,38,8-24-38,00K,92160,1536,7296,304,38,7296,8,24,22528,2432,192,14592,86016
128x768x768w17-8-58,128,768,768,17,8,58,17-8-58,M0K,89312,1088,3712,928,58,3712,17,8,25376,7888,128,7424,86016
128x768x768w19-48-8,128,768,768,19,48,8,19-48-8,M00,91520,7296,3072,128,8,3072,19,48,23168,1216,768,6144,86016
128x768x768w8-16-57,128,768,768,8,16,57,8-16-57,00K,90752,1024,7296,456,57,7296,8,16,23936,3648,128,14592,86016
128x768x768w17-8-55,128,768,768,17,8,55,17-8-55,M0K,90512,1088,3520,880,55,3520,17,8,24176,7480,128,7040,86016
128x768x768w8-8-127,128,768,768,8,8,127,8-8-127,00K,81152,512,8128,1016,127,8128,8,8,33536,8128,64,16256,86016
128x768x768w8-32-28,128,768,768,8,32,28,8-32-28,00K,92672,2048,7168,224,28,7168,8,32,22016,1792,256,14336,86016
128x768x768w8-8-120,128,768,768,8,8,120,8-8-120,00K,82944,512,7680,960,120,7680,8,8,31744,7680,64,15360,86016
128x768x768w20-32-12,128,768,768,20,32,12,20-32-12,M00,94464,5120,3072,192,12,3072,20,32,20224,1920,512,6144,86016
128x768x768w8-8-114,128,768,768,8,8,114,8-8-114,00K,84480,512,7296,912,114,7296,8,8,30208,7296,64,14592,86016
128x768x768w35-8-28,128,768,768,35,8,28,35-8-28,M0K,90944,2240,1792,896,28,1792,35,8,23744,7840,256,3584,86016
128x768x768w8-8-122,128,768,768,8,8,122,8-8-122,00K,82432,512,7808,976,122,7808,8,8,32256,7808,64,15616,86016
128x768x768w17-8-57,128,768,768,17,8,57,17-8-57,M0K,89712,1088,3648,912,57,3648,17,8,24976,7752,128,7296,86016
128x768x768w17-16-28,128,768,768,17,16,28,17-16-28,M0K,95552,2176,3584,448,28,3584,17,16,19136,3808,256,7168,86016
128x768x768w8-8-113,128,768,768,8,8,113,8-8-113,00K,84736,512,7232,904,113,7232,8,8,29952,7232,64,14464,86016
128x768x768w8-8-110,128,768,768,8,8,110,8-8-110,00K,85504,512,7040,880,110,7040,8,8,29184,7040,64,14080,86016
128x768x768w8-8-115,128,768,768,8,8,115,8-8-115,00K,84224,512,7360,920,115,7360,8,8,30464,7360,64,14720,86016
128x768x768w8-8-121,128,768,768,8,8,121,8-8-121,00K,82688,512,7744,968,121,7744,8,8,32000,7744,64,15488,86016
128x768x768w8-8-125,128,768,768,8,8,125,8-8-125,00K,81664,512,8000,1000,125,8000,8,8,33024,8000,64,16000,86016
128x768x768w8-8-126,128,768,768,8,8,126,8-8-126,00K,81408,512,8064,1008,126,8064,8,8,33280,8064,64,16128,86016
128x768x768w16-8-58,128,768,768,16,8,58,16-8-58,00K,90368,1024,3712,928,58,3712,16,8,24320,7424,128,7424,86016
128x768x768w20-8-51,128,768,768,20,8,51,20-8-51,M0K,89280,1280,3264,816,51,3264,20,8,25408,8160,128,6528,86016
128x768x768w8-8-111,128,768,768,8,8,111,8-8-111,00K,85248,512,7104,888,111,7104,8,8,29440,7104,64,14208,86016
128x768x768w19-32-12,128,768,768,19,32,12,19-32-12,M00,95168,4864,3072,192,12,3072,19,32,19520,1824,512,6144,86016
128x768x768w8-16-55,128,768,768,8,16,55,8-16-55,00K,91520,1024,7040,440,55,7040,8,16,23168,3520,128,14080,86016
128x768x768w16-8-56,128,768,768,16,8,56,16-8-56,00K,91136,1024,3584,896,56,3584,16,8,23552,7168,128,7168,86016
128x768x768w16-16-28,128,768,768,16,16,28,16-16-28,00K,96256,2048,3584,448,28,3584,16,16,18432,3584,256,7168,86016
128x768x768w19-8-48,128,768,768,19,8,48,19-8-48,M00,91520,1216,3072,768,48,3072,19,8,23168,7296,128,6144,86016
128x768x768w16-8-55,128,768,768,16,8,55,16-8-55,00K,91520,1024,3520,880,55,3520,16,8,23168,7040,128,7040,86016
128x768x768w8-24-37,128,768,768,8,24,37,8-24-37,00K,92672,1536,7104,296,37,7104,8,24,22016,2368,192,14208,86016
128x768x768w20-48-8,128,768,768,20,48,8,20-48-8,M00,90624,7680,3072,128,8,3072,20,48,24064,1280,768,6144,86016
128x768x768w19-24-16,128,768,768,19,24,16,19-24-16,M00,96384,3648,3072,256,16,3072,19,24,18304,2432,384,6144,86016
128x768x768w36-8-28,128,768,768,36,8,28,36-8-28,M0K,90368,2304,1792,896,28,1792,36,8,24320,8064,256,3584,86016
128x768x768w8-16-56,128,768,768,8,16,56,8-16-56,00K,91136,1024,7168,448,56,7168,8,16,23552,3584,128,14336,86016
128x768x768w8-112-8,128,768,768,8,112,8,8-112-8,0N0,84992,7168,7168,64,8,7168,8,112,29696,512,896,14336,86016
128x768x768w8-8-124,128,768,768,8,8,124,8-8-124,00K,81920,512,7936,992,124,7936,8,8,32768,7936,64,15872,86016
128x768x768w34-8-28,128,768,768,34,8,28,34-8-28,M0K,91520,2176,1792,896,28,1792,34,8,23168,7616,256,3584,86016
128x768x768w19-8-49,128,768,768,19,8,49,19-8-49,M0K,91088,1216,3136,784,49,3136,19,8,23600,7448,128,6272,86016
128x768x768w16-56-8,128,768,768,16,56,8,16-56-8,0N0,91136,7168,3584,128,8,3584,16,56,23552,1024,896,7168,86016
128x768x768w20-8-50,128,768,768,20,8,50,20-8-50,M0K,89728,1280,3200,800,50,3200,20,8,24960,8000,128,6400,86016
128x768x768w17-56-8,128,768,768,17,56,8,17-56-8,MN0,90112,7616,3584,128,8,3584,17,56,24576,1088,896,7168,86016
128x768x768w8-8-119,128,768,768,8,8,119,8-8-119,00K,83200,512,7616,952,119,7616,8,8,31488,7616,64,15232,86016
128x768x768w8-8-118,128,768,768,8,8,118,8-8-118,00K,83456,512,7552,944,118,7552,8,8,31232,7552,64,15104,86016
128x768x768w8-16-58,128,768,768,8,16,58,8-16-58,00K,90368,1024,7424,464,58,7424,8,16,24320,3712,128,14848,86016
128x768x768w20-8-48,128,768,768,20,8,48,20-8-48,M00,90624,1280,3072,768,48,3072,20,8,24064,7680,128,6144,86016
128x768x768w32-8-28,128,768,768,32,8,28,32-8-28,00K,92672,2048,1792,896,28,1792,32,8,22016,7168,256,3584,86016
128x768x768w33-8-28,128,768,768,33,8,28,33-8-28,M0K,92096,2112,1792,896,28,1792,33,8,22592,7392,256,3584,86016
128x768x768w20-24-16,128,768,768,20,24,16,20-24-16,M00,95744,3840,3072,256,16,3072,20,24,18944,2560,384,6144,86016
128x768x768w8-8-123,128,768,768,8,8,123,8-8-123,00K,82176,512,7872,984,123,7872,8,8,32512,7872,64,15744,86016
128x768x768w20-16-24,128,768,768,20,16,24,20-16-24,M00,95744,2560,3072,384,24,3072,20,16,18944,3840,256,6144,86016
128x768x768w8-8-112,128,768,768,8,8,112,8-8-112,00K,84992,512,7168,896,112,7168,8,8,29696,7168,64,14336,86016
128x768x768w8-8-117,128,768,768,8,8,117,8-8-117,00K,83712,512,7488,936,117,7488,8,8,30976,7488,64,14976,86016
128x768x768w19-8-51,128,768,768,19,8,51,19-8-51,M0K,90224,1216,3264,816,51,3264,19,8,24464,7752,128,6528,86016
128x768x768w16-8-57,128,768,768,16,8,57,16-8-57,00K,90752,1024,3648,912,57,3648,16,8,23936,7296,128,7296,86016
128x768x768w8-8-116,128,768,768,8,8,116,8-8-116,00K,83968,512,7424,928,116,7424,8,8,30720,7424,64,14848,86016
128x768x768w17-8-56,128,768,768,17,8,56,17-8-56,M0K,90112,1088,3584,896,56,3584,17,8,24576,7616,128,7168,86016
128x768x768w8-120-8,128,768,768,8,120,8,8-120-8,0N0,82944,7680,7680,64,8,7680,8,120,31744,512,960,15360,86016
128x768x768w8-56-16,128,768,768,8,56,16,8-56-16,0N0,91136,3584,7168,128,16,7168,8,56,23552,1024,448,14336,86016
128x768x768w20-8-49,128,768,768,20,8,49,20-8-49,M0K,90176,1280,3136,784,49,3136,20,8,24512,7840,128,6272,86016
128x768x768w19-16-24,128,768,768,19,16,24,19-16-24,M00,96384,2432,3072,384,24,3072,19,16,18304,3648,256,6144,86016
128x768x768w13-56-10,128,768,768,13,56,10,13-56-10,MNK,92000,5824,4480,80,10,4480,13,56,22688,1040,448,8960,86240
128x768x768w19-40-10,128,768,768,19,40,10,19-40-10,MNK,93088,6080,3200,160,10,3200,19,40,21600,1520,640,6400,86240
128x768x768w12-56-11,128,768,768,12,56,11,12-56-11,MNK,91968,5376,4928,88,11,4928,12,56,22720,1056,448,9856,86240
128x768x768w20-40-10,128,768,768,20,40,10,20-40-10,MNK,92288,6400,3200,160,10,3200,20,40,22400,1600,640,6400,86240
128x768x768w18-16-25,128,768,768,18,16,25,18-16-25,M0K,96480,2304,3200,400,25,3200,18,16,18208,3600,256,6400,86304
128x768x768w21-8-44,128,768,768,21,8,44,21-8-44,M0K,91584,1344,2816,704,44,2816,21,8,23104,7392,128,5632,86400
128x768x768w15-16-31,128,768,768,15,16,31,15-16-31,M0K,95472,1920,3968,248,31,3968,15,16,19216,3720,128,7936,86400
128x768x768w21-8-43,128,768,768,21,8,43,21-8-43,M0K,92048,1344,2752,688,43,2752,21,8,22640,7224,128,5504,86400
128x768x768w21-8-45,128,768,768,21,8,45,21-8-45,M0K,91120,1344,2880,720,45,2880,21,8,23568,7560,128,5760,86400
128x768x768w31-8-31,128,768,768,31,8,31,31-8-31,M0K,91376,1984,1984,744,31,1984,31,8,23312,7688,192,3968,86400
128x768x768w10-24-30,128,768,768,10,24,30,10-24-30,M0K,94528,1920,5760,240,30,5760,10,24,20160,2400,192,11520,86528
128x768x768w10-48-15,128,768,768,10,48,15,10-48-15,M0K,93088,3840,5760,120,15,5760,10,48,21600,1200,384,11520,86528
128x768x768w12-32-19,128,768,768,12,32,19,12-32-19,M0K,95168,3072,4864,152,19,4864,12,32,19520,1824,256,9728,86592
128x768x768w11-16-42,128,768,768,11,16,42,11-16-42,M0K,93728,1408,5376,336,42,5376,11,16,20960,3696,128,10752,86640
128x768x768w11-16-41,128,768,768,11,16,41,11-16-41,M0K,94160,1408,5248,328,41,5248,11,16,20528,3608,128,10496,86640
128x768x768w15-56-9,128,768,768,15,56,9,15-56-9,MNK,91024,6720,4032,72,9,4032,15,56,23664,1080,448,8064,86688
128x768x768w25-8-37,128,768,768,25,8,37,25-8-37,M0K,91952,1600,2368,888,37,2368,25,8,22736,7400,192,4736,86688
128x768x768w25-8-38,128,768,768,25,8,38,25-8-38,M0K,91424,1600,2432,912,38,2432,25,8,23264,7600,192,4864,86688
128x768x768w8-40-23,128,768,768,8,40,23,8-40-23,0NK,91904,2560,7360,184,23,7360,8,40,22784,1472,320,14720,87040
128x768x768w13-24-23,128,768,768,13,24,23,13-24-23,M0K,96080,2496,4416,184,23,4416,13,24,18608,2392,192,8832,87040
128x768x768w12-24-25,128,768,768,12,24,25,12-24-25,M0K,95680,2304,4800,200,25,4800,12,24,19008,2400,192,9600,87296
128x768x768w10-32-22,128,768,768,10,32,22,10-32-22,M0K,94784,2560,5632,176,22,5632,10,32,19904,1760,256,11264,87360
128x768x768w42-8-22,128,768,768,42,8,22,42-8-22,M0K,91712,2688,1408,880,22,1408,42,8,22976,7392,320,2816,87360
128x768x768w42-16-11,128,768,768,42,16,11,42-16-11,M0K,93728,5376,1408,440,11,1408,42,16,20960,3696,640,2816,87360
128x768x768w10-64-11,128,768,768,10,64,11,10-64-11,M0K,91424,5120,5632,88,11,5632,10,64,23264,880,512,11264,87360
128x768x768w11-40-17,128,768,768,11,40,17,11-40-17,MNK,93776,3520,5440,136,17,5440,11,40,20912,1496,320,10880,87400
128x768x768w9-8-104,128,768,768,9,8,104,9-8-104,M0K,85248,576,6656,832,104,6656,9,8,29440,7488,64,13312,87552
128x768x768w9-8-97,128,768,768,9,8,97,9-8-97,M0K,87152,576,6208,776,97,6208,9,8,27536,6984,64,12416,87552
128x768x768w9-8-96,128,768,768,9,8,96,9-8-96,M00,87424,576,6144,768,96,6144,9,8,27264,6912,64,12288,87552
128x768x768w9-48-16,128,768,768,9,48,16,9-48-16,M00,93184,3456,6144,128,16,6144,9,48,21504,1152,384,12288,87552
128x768x768w9-16-49,128,768,768,9,16,49,9-16-49,M0K,92784,1152,6272,392,49,6272,9,16,21904,3528,128,12544,87552
128x768x768w9-24-32,128,768,768,9,24,32,9-24-32,M00,94336,1728,6144,256,32,6144,9,24,20352,2304,192,12288,87552
128x768x768w24-8-42,128,768,768,24,8,42,24-8-42,M0K,90112,1536,2688,1008,42,2688,24,8,24576,8064,192,5376,87552
128x768x768w9-8-99,128,768,768,9,8,99,9-8-99,M0K,86608,576,6336,792,99,6336,9,8,28080,7128,64,12672,87552
128x768x768w22-8-41,128,768,768,22,8,41,22-8-41,M0K,92192,1408,2624,656,41,2624,22,8,22496,7216,128,5248,87552
128x768x768w9-16-48,128,768,768,9,16,48,9-16-48,M00,93184,1152,6144,384,48,6144,9,16,21504,3456,128,12288,87552
128x768x768w9-8-100,128,768,768,9,8,100,9-8-100,M0K,86336,576,6400,800,100,6400,9,8,28352,7200,64,12800,87552
128x768x768w24-8-41,128,768,768,24,8,41,24-8-41,M0K,90624,1536,2624,984,41,2624,24,8,24064,7872,192,5248,87552
128x768x768w9-8-103,128,768,768,9,8,103,9-8-103,M0K,85520,576,6592,824,103,6592,9,8,29168,7416,64,13184,87552
128x768x768w9-8-106,128,768,768,9,8,106,9-8-106,M0K,84704,576,6784,848,106,6784,9,8,29984,7632,64,13568,87552
128x768x768w9-96-8,128,768,768,9,96,8,9-96-8,M00,87424,6912,6144,64,8,6144,9,96,27264,576,768,12288,87552
128x768x768w9-64-12,128,768,768,9,64,12,9-64-12,M00,91456,4608,6144,96,12,6144,9,64,23232,864,512,12288,87552
128x768x768w9-16-50,128,768,768,9,16,50,9-16-50,M0K,92384,1152,6400,400,50,6400,9,16,22304,3600,128,12800,87552
128x768x768w23-8-42,128,768,768,23,8,42,23-8-42,M0K,90912,1472,2688,672,42,2688,23,8,23776,7728,128,5376,87552
128x768x768w9-8-101,128,768,768,9,8,101,9-8-101,M0K,86064,576,6464,808,101,6464,9,8,28624,7272,64,12928,87552
128x768x768w9-8-98,128,768,768,9,8,98,9-8-98,M0K,86880,576,6272,784,98,6272,9,8,27808,7056,64,12544,87552
128x768x768w23-8-41,128,768,768,23,8,41,23-8-41,M0K,91408,1472,2624,656,41,2624,23,8,23280,7544,128,5248,87552
128x768x768w9-16-51,128,768,768,9,16,51,9-16-51,M0K,91984,1152,6528,408,51,6528,9,16,22704,3672,128,13056,87552
128x768x768w9-8-107,128,768,768,9,8,107,9-8-107,M0K,84432,576,6848,856,107,6848,9,8,30256,7704,64,13696,87552
128x768x768w9-24-33,128,768,768,9,24,33,9-24-33,M0K,93808,1728,6336,264,33,6336,9,24,20880,2376,192,12672,87552
128x768x768w9-8-102,128,768,768,9,8,102,9-8-102,M0K,85792,576,6528,816,102,6528,9,8,28896,7344,64,13056,87552
128x768x768w9-32-24,128,768,768,9,32,24,9-32-24,M00,94336,2304,6144,192,24,6144,9,32,20352,1728,256,12288,87552
128x768x768w9-104-8,128,768,768,9,104,8,9-104-8,MN0,85248,7488,6656,64,8,6656,9,104,29440,576,832,13312,87552
128x768x768w9-8-105,128,768,768,9,8,105,9-8-105,M0K,84976,576,6720,840,105,6720,9,8,29712,7560,64,13440,87552
128x768x768w22-8-42,128,768,768,22,8,42,22-8-42,M0K,91712,1408,2688,672,42,2688,22,8,22976,7392,128,5376,87552
128x768x768w9-8-108,128,768,768,9,8,108,9-8-108,M0K,84160,576,6912,864,108,6912,9,8,30528,7776,64,13824,87552
128x768x768w9-8-109,128,768,768,9,8,109,9-8-109,M0K,83888,576,6976,872,109,6976,9,8,30800,7848,64,13952,87552
128x768x768w14-24-21,128,768,768,14,24,21,14-24-21,M0K,96544,2688,4032,168,21,4032,14,24,18144,2352,192,8064,87616
128x768x768w9-80-10,128,768,768,9,80,10,9-80-10,MNK,88928,5760,6400,80,10,6400,9,80,25760,720,640,12800,87780
128x768x768w9-56-14,128,768,768,9,56,14,9-56-14,MNK,92064,4032,6272,112,14,6272,9,56,22624,1008,448,12544,87780
128x768x768w11-64-10,128,768,768,11,64,10,11-64-10,M0K,91424,5632,5120,80,10,5120,11,64,23264,880,512,10240,87780
128x768x768w9-72-11,128,768,768,9,72,11,9-72-11,MNK,90064,5184,6336,88,11,6336,9,72,24624,792,576,12672,87780
128x768x768w21-24-14,128,768,768,21,24,14,21-24-14,M0K,96544,4032,2688,224,14,2688,21,24,18144,2352,384,5376,88000
128x768x768w13-40-14,128,768,768,13,40,14,13-40-14,MNK,94496,4160,4480,112,14,4480,13,40,20192,1456,320,8960,88000
128x768x768w25-24-12,128,768,768,25,24,12,25-24-12,M00,95680,4800,2304,288,12,2304,25,24,19008,2400,576,4608,88064
128x768x768w8-104-9,128,768,768,8,104,9,8-104-9,0NK,85248,6656,7488,72,9,7488,8,104,29440,576,832,14976,88064
128x768x768w32-24-9,128,768,768,32,24,9,32-24-9,00K,94336,6144,1728,288,9,1728,32,24,20352,2304,768,3456,88064
128x768x768w39-24-9,128,768,768,39,24,9,39-24-9,M0K,90640,7488,1728,288,9,1728,39,24,24048,2808,768,3456,88064
128x768x768w35-24-9,128,768,768,35,24,9,35-24-9,M0K,92752,6720,1728,288,9,1728,35,24,21936,2520,768,3456,88064
128x768x768w8-48-18,128,768,768,8,48,18,8-48-18,00K,92416,3072,6912,144,18,6912,8,48,22272,1152,384,13824,88064
128x768x768w8-96-9,128,768,768,8,96,9,8-96-9,00K,87424,6144,6912,72,9,6912,8,96,27264,576,768,13824,88064
128x768x768w40-24-9,128,768,768,40,24,9,40-24-9,M0K,90112,7680,1728,360,9,1728,40,24,24576,2880,960,3456,88064
128x768x768w17-24-18,128,768,768,17,24,18,17-24-18,M0K,96352,3264,3456,288,18,3456,17,24,18336,2448,384,6912,88064
128x768x768w16-24-18,128,768,768,16,24,18,16-24-18,00K,97024,3072,3456,288,18,3456,16,24,17664,2304,384,6912,88064
128x768x768w34-24-9,128,768,768,34,24,9,34-24-9,M0K,93280,6528,1728,288,9,1728,34,24,21408,2448,768,3456,88064
128x768x768w17-48-9,128,768,768,17,48,9,17-48-9,M0K,92272,6528,3456,144,9,3456,17,48,22416,1224,768,6912,88064
128x768x768w36-24-9,128,768,768,36,24,9,36-24-9,M0K,92224,6912,1728,288,9,1728,36,24,22464,2592,768,3456,88064
128x768x768w33-24-9,128,768,768,33,24,9,33-24-9,M0K,93808,6336,1728,288,9,1728,33,24,20880,2376,768,3456,88064
128x768x768w16-48-9,128,768,768,16,48,9,16-48-9,00K,93184,6144,3456,144,9,3456,16,48,21504,1152,768,6912,88064
128x768x768w37-24-9,128,768,768,37,24,9,37-24-9,M0K,91696,7104,1728,288,9,1728,37,24,22992,2664,768,3456,88064
128x768x768w38-24-9,128,768,768,38,24,9,38-24-9,M0K,91168,7296,1728,288,9,1728,38,24,23520,2736,768,3456,88064
128x768x768w10-72-10,128,768,768,10,72,10,10-72-10,MNK,90048,5760,5760,80,10,5760,10,72,24640,800,576,11520,88088
128x768x768w11-24-27,128,768,768,11,24,27,11-24-27,M0K,95344,2112,5184,216,27,5184,11,24,19344,2376,192,10368,88160
128x768x768w9-88-9,128,768,768,9,88,9,9-88-9,MNK,88048,6336,6336,72,9,6336,9,88,26640,648,704,12672,88236
128x768x768w30-8-34,128,768,768,30,8,34,30-8-34,M0K,90176,1920,2176,816,34,2176,30,8,24512,8160,192,4352,88320
128x768x768w27-16-17,128,768,768,27,16,17,27-16-17,M0K,96080,3456,2176,408,17,2176,27,16,18608,3672,384,4352,88320
128x768x768w13-32-17,128,768,768,13,32,17,13-32-17,M0K,95792,3328,4352,136,17,4352,13,32,18896,1768,256,8704,88320
128x768x768w29-8-34,128,768,768,29,8,34,29-8-34,M0K,90848,1856,2176,816,34,2176,29,8,23840,7888,192,4352,88320
128x768x768w28-16-17,128,768,768,28,16,17,28-16-17,M0K,95552,3584,2176,408,17,2176,28,16,19136,3808,384,4352,88320
128x768x768w27-8-34,128,768,768,27,8,34,27-8-34,M0K,92192,1728,2176,816,34,2176,27,8,22496,7344,192,4352,88320
128x768x768w26-16-17,128,768,768,26,16,17,26-16-17,M0K,96608,3328,2176,408,17,2176,26,16,18080,3536,384,4352,88320
128x768x768w13-16-34,128,768,768,13,16,34,13-16-34,M0K,95584,1664,4352,272,34,4352,13,16,19104,3536,128,8704,88320
128x768x768w29-16-17,128,768,768,29,16,17,29-16-17,M0K,95024,3712,2176,408,17,2176,29,16,19664,3944,384,4352,88320
128x768x768w28-8-34,128,768,768,28,8,34,28-8-34,M0K,91520,1792,2176,816,34,2176,28,8,23168,7616,192,4352,88320
128x768x768w30-16-17,128,768,768,30,16,17,30-16-17,M0K,94496,3840,2176,408,17,2176,30,16,20192,4080,384,4352,88320
128x768x768w26-8-34,128,768,768,26,8,34,26-8-34,M0K,92864,1664,2176,816,34,2176,26,8,21824,7072,192,4352,88320
128x768x768w55-16-10,128,768,768,55,16,10,55-16-10,M0K,89248,7040,1280,480,10,1280,55,16,25440,4400,768,2560,88704
128x768x768w31-24-10,128,768,768,31,24,10,31-24-10,M0K,93984,5952,1920,240,10,1920,31,24,20704,2480,576,3840,88704
128x768x768w48-16-10,128,768,768,48,16,10,48-16-10,M0K,92160,6144,1280,480,10,1280,48,16,22528,3840,768,2560,88704
128x768x768w12-16-37,128,768,768,12,16,37,12-16-37,M0K,95040,1536,4736,296,37,4736,12,16,19648,3552,128,9472,88704
128x768x768w12-16-38,128,768,768,12,16,38,12-16-38,M0K,94592,1536,4864,304,38,4864,12,16,20096,3648,128,9728,88704
128x768x768w45-16-10,128,768,768,45,16,10,45-16-10,M0K,93408,5760,1280,400,10,1280,45,16,21280,3600,640,2560,88704
128x768x768w8-88-10,128,768,768,8,88,10,8-88-10,0NK,88064,5632,7040,80,10,7040,8,88,26624,640,704,14080,88704
128x768x768w43-16-10,128,768,768,43,16,10,43-16-10,M0K,94240,5504,1280,400,10,1280,43,16,20448,3440,640,2560,88704
128x768x768w58-16-10,128,768,768,58,16,10,58-16-10,M0K,88000,7424,1280,560,10,1280,58,16,26688,4640,896,2560,88704
128x768x768w59-16-10,128,768,768,59,16,10,59-16-10,M0K,87584,7552,1280,560,10,1280,59,16,27104,4720,896,2560,88704
128x768x768w56-16-10,128,768,768,56,16,10,56-16-10,M0K,88832,7168,1280,560,10,1280,56,16,25856,4480,896,2560,88704
128x768x768w46-16-10,128,768,768,46,16,10,46-16-10,M0K,92992,5888,1280,400,10,1280,46,16,21696,3680,640,2560,88704
128x768x768w51-16-10,128,768,768,51,16,10,51-16-10,M0K,90912,6528,1280,480,10,1280,51,16,23776,4080,768,2560,88704
128x768x768w44-16-10,128,768,768,44,16,10,44-16-10,M0K,93824,5632,1280,400,10,1280,44,16,20864,3520,640,2560,88704
128x768x768w23-32-10,128,768,768,23,32,10,23-32-10,M0K,94112,5888,2560,160,10,2560,23,32,20576,1840,512,5120,88704
128x768x768w54-16-10,128,768,768,54,16,10,54-16-10,M0K,89664,6912,1280,480,10,1280,54,16,25024,4320,768,2560,88704
128x768x768w52-16-10,128,768,768,52,16,10,52-16-10,M0K,90496,6656,1280,480,10,1280,52,16,24192,4160,768,2560,88704
128x768x768w24-32-10,128,768,768,24,32,10,24-32-10,M0K,93440,6144,2560,240,10,2560,24,32,21248,1920,768,5120,88704
128x768x768w22-32-10,128,768,768,22,32,10,22-32-10,M0K,94784,5632,2560,160,10,2560,22,32,19904,1760,512,5120,88704
128x768x768w60-16-10,128,768,768,60,16,10,60-16-10,M0K,87168,7680,1280,560,10,1280,60,16,27520,4800,896,2560,88704
128x768x768w47-16-10,128,768,768,47,16,10,47-16-10,M0K,92576,6016,1280,400,10,1280,47,16,22112,3760,640,2560,88704
128x768x768w57-16-10,128,768,768,57,16,10,57-16-10,M0K,88416,7296,1280,560,10,1280,57,16,26272,4560,896,2560,88704
128x768x768w53-16-10,128,768,768,53,16,10,53-16-10,M0K,90080,6784,1280,480,10,1280,53,16,24608,4240,768,2560,88704
128x768x768w50-16-10,128,768,768,50,16,10,50-16-10,M0K,91328,6400,1280,480,10,1280,50,16,23360,4000,768,2560,88704
128x768x768w15-48-10,128,768,768,15,48,10,15-48-10,M0K,93088,5760,3840,80,10,3840,15,48,21600,1200,384,7680,88704
128x768x768w49-16-10,128,768,768,49,16,10,49-16-10,M0K,91744,6272,1280,480,10,1280,49,16,22944,3920,768,2560,88704
128x768x768w25-32-9,128,768,768,25,32,9,25-32-9,M0K,93680,6400,2304,216,9,2304,25,32,21008,1800,768,4608,88752
128x768x768w25-16-18,128,768,768,25,16,18,25-16-18,M0K,96480,3200,2304,432,18,2304,25,16,18208,3600,384,4608,88752
128x768x768w21-16-21,128,768,768,21,16,21,21-16-21,M0K,96880,2688,2688,336,21,2688,21,16,17808,3528,256,5376,88800
128x768x768w14-16-31,128,768,768,14,16,31,14-16-31,M0K,96224,1792,3968,248,31,3968,14,16,18464,3472,128,7936,88800
128x768x768w11-32-20,128,768,768,11,32,20,11-32-20,M0K,95296,2816,5120,160,20,5120,11,32,19392,1760,256,10240,88920
128x768x768w9-40-20,128,768,768,9,40,20,9-40-20,MNK,93248,2880,6400,160,20,6400,9,40,21440,1440,320,12800,88920
128x768x768w37-8-27,128,768,768,37,8,27,37-8-27,M0K,90512,2368,1728,864,27,1728,37,8,24176,7992,256,3456,89088
128x768x768w33-8-27,128,768,768,33,8,27,33-8-27,M0K,92752,2112,1728,864,27,1728,33,8,21936,7128,256,3456,89088
128x768x768w36-8-27,128,768,768,36,8,27,36-8-27,M0K,91072,2304,1728,864,27,1728,36,8,23616,7776,256,3456,89088
128x768x768w16-16-27,128,768,768,16,16,27,16-16-27,00K,96768,2048,3456,432,27,3456,16,16,17920,3456,256,6912,89088
128x768x768w18-8-51,128,768,768,18,8,51,18-8-51,M0K,91168,1152,3264,816,51,3264,18,8,23520,7344,128,6528,89088
128x768x768w41-24-8,128,768,768,41,24,8,41-24-8,M00,90624,7872,1536,320,8,1536,41,24,24064,2624,960,3072,89088
128x768x768w35-8-27,128,768,768,35,8,27,35-8-27,M0K,91632,2240,1728,864,27,1728,35,8,23056,7560,256,3456,89088
128x768x768w18-8-49,128,768,768,18,8,49,18-8-49,M0K,92000,1152,3136,784,49,3136,18,8,22688,7056,128,6272,89088
128x768x768w18-16-24,128,768,768,18,16,24,18-16-24,M00,97024,2304,3072,384,24,3072,18,16,17664,3456,256,6144,89088
128x768x768w18-48-8,128,768,768,18,48,8,18-48-8,M00,92416,6912,3072,128,8,3072,18,48,22272,1152,768,6144,89088
128x768x768w18-32-12,128,768,768,18,32,12,18-32-12,M00,95872,4608,3072,192,12,3072,18,32,18816,1728,512,6144,89088
128x768x768w41-8-24,128,768,768,41,8,24,41-8-24,M00,90624,2624,1536,960,24,1536,41,8,24064,7872,320,3072,89088
128x768x768w18-8-48,128,768,768,18,8,48,18-8-48,M00,92416,1152,3072,768,48,3072,18,8,22272,6912,128,6144,89088
128x768x768w32-8-27,128,768,768,32,8,27,32-8-27,00K,93312,2048,1728,864,27,1728,32,8,21376,6912,256,3456,89088
128x768x768w17-16-27,128,768,768,17,16,27,17-16-27,M0K,96080,2176,3456,432,27,3456,17,16,18608,3672,256,6912,89088
128x768x768w18-24-16,128,768,768,18,24,16,18-24-16,M00,97024,3456,3072,256,16,3072,18,24,17664,2304,384,6144,89088
128x768x768w34-8-27,128,768,768,34,8,27,34-8-27,M0K,92192,2176,1728,864,27,1728,34,8,22496,7344,256,3456,89088
128x768x768w18-8-50,128,768,768,18,8,50,18-8-50,M0K,91584,1152,3200,800,50,3200,18,8,23104,7200,128,6400,89088
128x768x768w8-32-27,128,768,768,8,32,27,8-32-27,00K,93312,2048,6912,216,27,6912,8,32,21376,1728,256,13824,89088
128x768x768w41-16-12,128,768,768,41,16,12,41-16-12,M00,93248,5248,1536,480,12,1536,41,16,21440,3936,640,3072,89088
128x768x768w14-56-9,128,768,768,14,56,9,14-56-9,MNK,92064,6272,4032,72,9,4032,14,56,22624,1008,448,8064,89096
128x768x768w18-40-10,128,768,768,18,40,10,18-40-10,MNK,93888,5760,3200,160,10,3200,18,40,20800,1440,640,6400,89320
128x768x768w10-80-9,128,768,768,10,80,9,10-80-9,MNK,88928,6400,5760,72,9,5760,10,80,25760,720,640,11520,89440
128x768x768w10-40-18,128,768,768,10,40,18,10-40-18,MNK,93888,3200,5760,144,18,5760,10,40,20800,1440,320,11520,89440
128x768x768w28-24-11,128,768,768,28,24,11,28-24-11,M0K,94784,5376,2112,264,11,2112,28,24,19904,2464,576,4224,89600
128x768x768w29-24-11,128,768,768,29,24,11,29-24-11,M0K,94224,5568,2112,264,11,2112,29,24,20464,2552,576,4224,89600
128x768x768w16-40-11,128,768,768,16,40,11,16-40-11,0NK,94592,5120,3520,176,11,3520,16,40,20096,1408,640,7040,89600
128x768x768w27-24-11,128,768,768,27,24,11,27-24-11,M0K,95344,5184,2112,264,11,2112,27,24,19344,2376,576,4224,89600
128x768x768w17-40-11,128,768,768,17,40,11,17-40-11,MNK,93776,5440,3520,176,11,3520,17,40,20912,1496,640,7040,89600
128x768x768w8-80-11,128,768,768,8,80,11,8-80-11,0NK,88960,5120,7040,88,11,7040,8,80,25728,704,640,14080,89600
128x768x768w13-24-22,128,768,768,13,24,22,13-24-22,M0K,96672,2496,4224,176,22,4224,13,24,18016,2288,192,8448,89600
128x768x768w13-48-11,128,768,768,13,48,11,13-48-11,M0K,93968,4992,4224,88,11,4224,13,48,20720,1144,384,8448,89600
128x768x768w8-40-22,128,768,768,8,40,22,8-40-22,0NK,92672,2560,7040,176,22,7040,8,40,22016,1408,320,14080,89600
128x768x768w26-24-11,128,768,768,26,24,11,26-24-11,M0K,95904,4992,2112,264,11,2112,26,24,18784,2288,576,4224,89600
128x768x768w30-24-11,128,768,768,30,24,11,30-24-11,M0K,93664,5760,2112,264,11,2112,30,24,21024,2640,576,4224,89600
128x768x768w10-16-45,128,768,768,10,16,45,10-16-45,M0K,93408,1280,5760,360,45,5760,10,16,21280,3600,128,11520,89856
128x768x768w15-8-63,128,768,768,15,8,63,15-8-63,M0K,89584,960,4032,504,63,4032,15,8,25104,7560,64,8064,89856
128x768x768w10-8-87,128,768,768,10,8,87,10-8-87,M0K,88352,640,5568,696,87,5568,10,8,26336,6960,64,11136,89856
128x768x768w10-8-86,128,768,768,10,8,86,10-8-86,M0K,88640,640,5504,688,86,5504,10,8,26048,6880,64,11008,89856
128x768x768w15-8-60,128,768,768,15,8,60,15-8-60,M0K,90688,960,3840,480,60,3840,15,8,24000,7200,64,7680,89856
128x768x768w15-16-30,128,768,768,15,16,30,15-16-30,M0K,95968,1920,3840,240,30,3840,15,16,18720,3600,128,7680,89856
128x768x768w63-8-15,128,768,768,63,8,15,63-8-15,M0K,89584,4032,960,840,15,960,63,8,25104,7560,448,1920,89856
128x768x768w15-24-20,128,768,768,15,24,20,15-24-20,M0K,96448,2880,3840,160,20,3840,15,24,18240,2400,192,7680,89856
128x768x768w49-8-20,128,768,768,49,8,20,49-8-20,M0K,90176,3136,1280,960,20,1280,49,8,24512,7840,384,2560,89856
128x768x768w15-8-62,128,768,768,15,8,62,15-8-62,M0K,89952,960,3968,496,62,3968,15,8,24736,7440,64,7936,89856
128x768x768w22-16-20,128,768,768,22,16,20,22-16-20,M0K,96896,2816,2560,320,20,2560,22,16,17792,3520,256,5120,89856
128x768x768w24-16-20,128,768,768,24,16,20,24-16-20,M0K,95744,3072,2560,480,20,2560,24,16,18944,3840,384,5120,89856
128x768x768w10-24-29,128,768,768,10,24,29,10-24-29,M0K,95072,1920,5568,232,29,5568,10,24,19616,2320,192,11136,89856
128x768x768w10-88-8,128,768,768,10,88,8,10-88-8,MN0,88064,7040,5632,64,8,5632,10,88,26624,640,704,11264,89856
128x768x768w10-16-43,128,768,768,10,16,43,10-16-43,M0K,94240,1280,5504,344,43,5504,10,16,20448,3440,128,11008,89856
128x768x768w10-8-90,128,768,768,10,8,90,10-8-90,M0K,87488,640,5760,720,90,5760,10,8,27200,7200,64,11520,89856
128x768x768w43-8-20,128,768,768,43,8,20,43-8-20,M0K,92864,2752,1280,800,20,1280,43,8,21824,6880,320,2560,89856
128x768x768w46-8-20,128,768,768,46,8,20,46-8-20,M0K,91520,2944,1280,800,20,1280,46,8,23168,7360,320,2560,89856
128x768x768w31-8-30,128,768,768,31,8,30,31-8-30,M0K,92000,1984,1920,720,30,1920,31,8,22688,7440,192,3840,89856
128x768x768w15-32-15,128,768,768,15,32,15,15-32-15,M0K,95728,3840,3840,120,15,3840,15,32,18960,1800,256,7680,89856
128x768x768w10-8-95,128,768,768,10,8,95,10-8-95,M0K,86048,640,6080,760,95,6080,10,8,28640,7600,64,12160,89856
128x768x768w51-8-20,128,768,768,51,8,20,51-8-20,M0K,89280,3264,1280,960,20,1280,51,8,25408,8160,384,2560,89856
128x768x768w48-8-20,128,768,768,48,8,20,48-8-20,M0K,90624,3072,1280,960,20,1280,48,8,24064,7680,384,2560,89856
128x768x768w10-8-94,128,768,768,10,8,94,10-8-94,M0K,86336,640,6016,752,94,6016,10,8,28352,7520,64,12032,89856
128x768x768w44-8-20,128,768,768,44,8,20,44-8-20,M0K,92416,2816,1280,800,20,1280,44,8,22272,7040,320,2560,89856
128x768x768w23-16-20,128,768,768,23,16,20,23-16-20,M0K,96320,2944,2560,320,20,2560,23,16,18368,3680,256,5120,89856
128x768x768w10-8-91,128,768,768,10,8,91,10-8-91,M0K,87200,640,5824,728,91,5824,10,8,27488,7280,64,11648,89856
128x768x768w50-8-20,128,768,768,50,8,20,50-8-20,M0K,89728,3200,1280,960,20,1280,50,8,24960,8000,384,2560,89856
128x768x768w10-8-92,128,768,768,10,8,92,10-8-92,M0K,86912,640,5888,736,92,5888,10,8,27776,7360,64,11776,89856
128x768x768w10-8-89,128,768,768,10,8,89,10-8-89,M0K,87776,640,5696,712,89,5696,10,8,26912,7120,64,11392,89856
128x768x768w31-16-15,128,768,768,31,16,15,31-16-15,M0K,95472,3968,1920,360,15,1920,31,16,19216,3720,384,3840,89856
128x768x768w47-8-20,128,768,768,47,8,20,47-8-20,M0K,91072,3008,1280,800,20,1280,47,8,23616,7520,320,2560,89856
128x768x768w10-16-44,128,768,768,10,16,44,10-16-44,M0K,93824,1280,5632,352,44,5632,10,16,20864,3520,128,11264,89856
128x768x768w45-8-20,128,768,768,45,8,20,45-8-20,M0K,91968,2880,1280,800,20,1280,45,8,22720,7200,320,2560,89856
128x768x768w10-8-88,128,768,768,10,8,88,10-8-88,M0K,88064,640,5632,704,88,5632,10,8,26624,7040,64,11264,89856
128x768x768w15-8-61,128,768,768,15,8,61,15-8-61,M0K,90320,960,3904,488,61,3904,15,8,24368,7320,64,7808,89856
128x768x768w10-8-93,128,768,768,10,8,93,10-8-93,M0K,86624,640,5952,744,93,5952,10,8,28064,7440,64,11904,89856
128x768x768w11-72-9,128,768,768,11,72,9,11-72-9,MNK,90064,6336,5184,72,9,5184,11,72,24624,792,576,10368,89870
128x768x768w8-72-12,128,768,768,8,72,12,8-72-12,0N0,90112,4608,6912,96,12,6912,8,72,24576,768,576,13824,90112
128x768x768w12-24-24,128,768,768,12,24,24,12-24-24,M00,96256,2304,4608,192,24,4608,12,24,18432,2304,192,9216,90112
128x768x768w8-24-36,128,768,768,8,24,36,8-24-36,00K,93184,1536,6912,288,36,6912,8,24,21504,2304,192,13824,90112
128x768x768w8-24-35,128,768,768,8,24,35,8-24-35,00K,93696,1536,6720,280,35,6720,8,24,20992,2240,192,13440,90112
128x768x768w12-48-12,128,768,768,12,48,12,12-48-12,M00,93952,4608,4608,96,12,4608,12,48,20736,1152,384,9216,90112
128x768x768w25-8-36,128,768,768,25,8,36,25-8-36,M0K,92480,1600,2304,864,36,2304,25,8,22208,7200,192,4608,90816
128x768x768w25-8-35,128,768,768,25,8,35,25-8-35,M0K,93008,1600,2240,840,35,2240,25,8,21680,7000,192,4480,90816
128x768x768w12-64-9,128,768,768,12,64,9,12-64-9,M0K,91456,6144,4608,72,9,4608,12,64,23232,864,512,9216,90816
128x768x768w61-16-9,128,768,768,61,16,9,61-16-9,M0K,87984,7808,1152,504,9,1152,61,16,26704,4392,896,2304,90816
128x768x768w12-32-18,128,768,768,12,32,18,12-32-18,M0K,95872,3072,4608,144,18,4608,12,32,18816,1728,256,9216,90816
128x768x768w14-48-10,128,768,768,14,48,10,14-48-10,M0K,94016,5376,3840,80,10,3840,14,48,20672,1120,384,7680,91168
128x768x768w11-8-79,128,768,768,11,8,79,11-8-79,M0K,89264,704,5056,632,79,5056,11,8,25424,6952,64,10112,91200
128x768x768w11-80-8,128,768,768,11,80,8,11-80-8,MN0,88960,7040,5120,64,8,5120,11,80,25728,704,640,10240,91200
128x768x768w11-16-39,128,768,768,11,16,39,11-16-39,M0K,95024,1408,4992,312,39,4992,11,16,19664,3432,128,9984,91200
128x768x768w9-24-31,128,768,768,9,24,31,9-24-31,M0K,94864,1728,5952,248,31,5952,9,24,19824,2232,192,11904,91200
128x768x768w21-8-41,128,768,768,21,8,41,21-8-41,M0K,92976,1344,2624,656,41,2624,21,8,21712,6888,128,5248,91200
128x768x768w11-8-84,128,768,768,11,8,84,11-8-84,M0K,87744,704,5376,672,84,5376,11,8,26944,7392,64,10752,91200
128x768x768w11-8-78,128,768,768,11,8,78,11-8-78,M0K,89568,704,4992,624,78,4992,11,8,25120,6864,64,9984,91200
128x768x768w11-8-82,128,768,768,11,8,82,11-8-82,M0K,88352,704,5248,656,82,5248,11,8,26336,7216,64,10496,91200
128x768x768w11-8-80,128,768,768,11,8,80,11-8-80,M0K,88960,704,5120,640,80,5120,11,8,25728,7040,64,10240,91200
128x768x768w11-16-40,128,768,768,11,16,40,11-16-40,M0K,94592,1408,5120,320,40,5120,11,16,20096,3520,128,10240,91200
128x768x768w21-8-42,128,768,768,21,8,42,21-8-42,M0K,92512,1344,2688,672,42,2688,21,8,22176,7056,128,5376,91200
128x768x768w11-8-77,128,768,768,11,8,77,11-8-77,M0K,89872,704,4928,616,77,4928,11,8,24816,6776,64,9856,91200
128x768x768w11-8-85,128,768,768,11,8,85,11-8-85,M0K,87440,704,5440,680,85,5440,11,8,27248,7480,64,10880,91200
128x768x768w11-40-16,128,768,768,11,40,16,11-40-16,MN0,94592,3520,5120,128,16,5120,11,40,20096,1408,320,10240,91200
128x768x768w11-24-26,128,768,768,11,24,26,11-24-26,M0K,95904,2112,4992,208,26,4992,11,24,18784,2288,192,9984,91200
128x768x768w11-8-81,128,768,768,11,8,81,11-8-81,M0K,88656,704,5184,648,81,5184,11,8,26032,7128,64,10368,91200
128x768x768w11-8-83,128,768,768,11,8,83,11-8-83,M0K,88048,704,5312,664,83,5312,11,8,26640,7304,64,10624,91200
128x768x768w19-16-23,128,768,768,19,16,23,19-16-23,M0K,96944,2432,2944,368,23,2944,19,16,17744,3496,256,5888,91392
128x768x768w20-8-47,128,768,768,20,8,47,20-8-47,M0K,91072,1280,3008,752,47,3008,20,8,23616,7520,128,6016,91392
128x768x768w19-8-47,128,768,768,19,8,47,19-8-47,M0K,91952,1216,3008,752,47,3008,19,8,22736,7144,128,6016,91392
128x768x768w20-8-46,128,768,768,20,8,46,20-8-46,M0K,91520,1280,2944,736,46,2944,20,8,23168,7360,128,5888,91392
128x768x768w20-16-23,128,768,768,20,16,23,20-16-23,M0K,96320,2560,2944,368,23,2944,20,16,18368,3680,256,5888,91392
128x768x768w19-8-46,128,768,768,19,8,46,19-8-46,M0K,92384,1216,2944,736,46,2944,19,8,22304,6992,128,5888,91392
128x768x768w10-48-14,128,768,768,10,48,14,10-48-14,M0K,94016,3840,5376,112,14,5376,10,48,20672,1120,384,10752,91520
128x768x768w12-40-15,128,768,768,12,40,15,12-40-15,MNK,94528,3840,4800,120,15,4800,12,40,20160,1440,320,9600,91520
128x768x768w33-8-26,128,768,768,33,8,26,33-8-26,M0K,93408,2112,1664,832,26,1664,33,8,21280,6864,256,3328,92160
128x768x768w17-16-26,128,768,768,17,16,26,17-16-26,M0K,96608,2176,3328,416,26,3328,17,16,18080,3536,256,6656,92160
128x768x768w22-8-40,128,768,768,22,8,40,22-8-40,M0K,92672,1408,2560,640,40,2560,22,8,22016,7040,128,5120,92160
128x768x768w8-16-54,128,768,768,8,16,54,8-16-54,00K,91904,1024,6912,432,54,6912,8,16,22784,3456,128,13824,92160
128x768x768w23-8-39,128,768,768,23,8,39,23-8-39,M0K,92400,1472,2496,624,39,2496,23,8,22288,7176,128,4992,92160
128x768x768w27-8-33,128,768,768,27,8,33,27-8-33,M0K,92752,1728,2112,792,33,2112,27,8,21936,7128,192,4224,92160
128x768x768w13-16-32,128,768,768,13,16,32,13-16-32,M00,96512,1664,4096,256,32,4096,13,16,18176,3328,128,8192,92160
128x768x768w28-16-16,128,768,768,28,16,16,28-16-16,M00,96256,3584,2048,384,16,2048,28,16,18432,3584,384,4096,92160
128x768x768w8-16-53,128,768,768,8,16,53,8-16-53,00K,92288,1024,6784,424,53,6784,8,16,22400,3392,128,13568,92160
128x768x768w16-8-54,128,768,768,16,8,54,16-8-54,00K,91904,1024,3456,864,54,3456,16,8,22784,6912,128,6912,92160
128x768x768w27-16-16,128,768,768,27,16,16,27-16-16,M00,96768,3456,2048,384,16,2048,27,16,17920,3456,384,4096,92160
128x768x768w16-16-26,128,768,768,16,16,26,16-16-26,00K,97280,2048,3328,416,26,3328,16,16,17408,3328,256,6656,92160
128x768x768w15-40-12,128,768,768,15,40,12,15-40-12,MN0,94528,4800,3840,96,12,3840,15,40,20160,1440,320,7680,92160
128x768x768w35-8-26,128,768,768,35,8,26,35-8-26,M0K,92320,2240,1664,832,26,1664,35,8,22368,7280,256,3328,92160
128x768x768w29-8-32,128,768,768,29,8,32,29-8-32,M00,92032,1856,2048,768,32,2048,29,8,22656,7424,192,4096,92160
128x768x768w13-8-66,128,768,768,13,8,66,13-8-66,M0K,90848,832,4224,528,66,4224,13,8,23840,6864,64,8448,92160
128x768x768w17-8-54,128,768,768,17,8,54,17-8-54,M0K,90912,1088,3456,864,54,3456,17,8,23776,7344,128,6912,92160
128x768x768w23-40-8,128,768,768,23,40,8,23-40-8,MN0,91904,7360,2560,128,8,2560,23,40,22784,1472,640,5120,92160
128x768x768w26-32-8,128,768,768,26,32,8,26-32-8,M00,93952,6656,2048,192,8,2048,26,32,20736,1664,768,4096,92160
128x768x768w24-8-40,128,768,768,24,8,40,24-8-40,M0K,91136,1536,2560,960,40,2560,24,8,23552,7680,192,5120,92160
128x768x768w38-8-26,128,768,768,38,8,26,38-8-26,M0K,90688,2432,1664,832,26,1664,38,8,24000,7904,256,3328,92160
128x768x768w13-64-8,128,768,768,13,64,8,13-64-8,M00,91520,6656,4096,64,8,4096,13,64,23168,832,512,8192,92160
128x768x768w22-8-39,128,768,768,22,8,39,22-8-39,M0K,93152,1408,2496,624,39,2496,22,8,21536,6864,128,4992,92160
128x768x768w28-32-8,128,768,768,28,32,8,28-32-8,M00,92672,7168,2048,192,8,2048,28,32,22016,1792,768,4096,92160
128x768x768w30-16-16,128,768,768,30,16,16,30-16-16,M00,95232,3840,2048,384,16,2048,30,16,19456,3840,384,4096,92160
128x768x768w27-32-8,128,768,768,27,32,8,27-32-8,M00,93312,6912,2048,192,8,2048,27,32,21376,1728,768,4096,92160
128x768x768w28-8-32,128,768,768,28,8,32,28-8-32,M00,92672,1792,2048,768,32,2048,28,8,22016,7168,192,4096,92160
128x768x768w17-8-53,128,768,768,17,8,53,17-8-53,M0K,91312,1088,3392,848,53,3392,17,8,23376,7208,128,6784,92160
128x768x768w13-16-33,128,768,768,13,16,33,13-16-33,M0K,96048,1664,4224,264,33,4224,13,16,18640,3432,128,8448,92160
128x768x768w126-8-8,128,768,768,126,8,8,126-8-8,M00,81408,8064,512,960,8,512,126,8,33280,8064,960,1024,92160
128x768x768w36-8-26,128,768,768,36,8,26,36-8-26,M0K,91776,2304,1664,832,26,1664,36,8,22912,7488,256,3328,92160
128x768x768w30-8-33,128,768,768,30,8,33,30-8-33,M0K,90784,1920,2112,792,33,2112,30,8,23904,7920,192,4224,92160
128x768x768w13-8-68,128,768,768,13,8,68,13-8-68,M0K,90176,832,4352,544,68,4352,13,8,24512,7072,64,8704,92160
128x768x768w27-8-32,128,768,768,27,8,32,27-8-32,M00,93312,1728,2048,768,32,2048,27,8,21376,6912,192,4096,92160
128x768x768w23-8-40,128,768,768,23,8,40,23-8-40,M0K,91904,1472,2560,640,40,2560,23,8,22784,7360,128,5120,92160
128x768x768w26-16-16,128,768,768,26,16,16,26-16-16,M00,97280,3328,2048,384,16,2048,26,16,17408,3328,384,4096,92160
128x768x768w8-16-52,128,768,768,8,16,52,8-16-52,00K,92672,1024,6656,416,52,6656,8,16,22016,3328,128,13312,92160
128x768x768w62-16-8,128,768,768,62,16,8,62-16-8,M00,88832,7936,1024,448,8,1024,62,16,25856,3968,896,2048,92160
128x768x768w16-8-53,128,768,768,16,8,53,16-8-53,00K,92288,1024,3392,848,53,3392,16,8,22400,6784,128,6784,92160
128x768x768w34-8-26,128,768,768,34,8,26,34-8-26,M0K,92864,2176,1664,832,26,1664,34,8,21824,7072,256,3328,92160
128x768x768w29-32-8,128,768,768,29,32,8,29-32-8,M00,92032,7424,2048,192,8,2048,29,32,22656,1856,768,4096,92160
128x768x768w13-8-65,128,768,768,13,8,65,13-8-65,M0K,91184,832,4160,520,65,4160,13,8,23504,6760,64,8320,92160
128x768x768w32-8-26,128,768,768,32,8,26,32-8-26,00K,93952,2048,1664,832,26,1664,32,8,20736,6656,256,3328,92160
128x768x768w37-8-26,128,768,768,37,8,26,37-8-26,M0K,91232,2368,1664,832,26,1664,37,8,23456,7696,256,3328,92160
128x768x768w29-8-33,128,768,768,29,8,33,29-8-33,M0K,91440,1856,2112,792,33,2112,29,8,23248,7656,192,4224,92160
128x768x768w30-8-32,128,768,768,30,8,32,30-8-32,M00,91392,1920,2048,768,32,2048,30,8,23296,7680,192,4096,92160
128x768x768w13-8-64,128,768,768,13,8,64,13-8-64,M00,91520,832,4096,512,64,4096,13,8,23168,6656,64,8192,92160
128x768x768w29-16-16,128,768,768,29,16,16,29-16-16,M00,95744,3712,2048,384,16,2048,29,16,18944,3712,384,4096,92160
128x768x768w17-8-52,128,768,768,17,8,52,17-8-52,M0K,91712,1088,3328,832,52,3328,17,8,22976,7072,128,6656,92160
128x768x768w24-8-39,128,768,768,24,8,39,24-8-39,M0K,91648,1536,2496,936,39,2496,24,8,23040,7488,192,4992,92160
128x768x768w13-8-69,128,768,768,13,8,69,13-8-69,M0K,89840,832,4416,552,69,4416,13,8,24848,7176,64,8832,92160
128x768x768w13-32-16,128,768,768,13,32,16,13-32-16,M00,96512,3328,4096,128,16,4096,13,32,18176,1664,256,8192,92160
128x768x768w26-8-32,128,768,768,26,8,32,26-8-32,M00,93952,1664,2048,768,32,2048,26,8,20736,6656,192,4096,92160
128x768x768w24-40-8,128,768,768,24,40,8,24-40-8,MN0,91136,7680,2560,192,8,2560,24,40,23552,1536,960,5120,92160
128x768x768w62-8-16,128,768,768,62,8,16,62-8-16,M00,88832,3968,1024,896,16,1024,62,8,25856,7936,448,2048,92160
128x768x768w22-40-8,128,768,768,22,40,8,22-40-8,MN0,92672,7040,2560,128,8,2560,22,40,22016,1408,640,5120,92160
128x768x768w13-8-67,128,768,768,13,8,67,13-8-67,M0K,90512,832,4288,536,67,4288,13,8,24176,6968,64,8576,92160
128x768x768w26-8-33,128,768,768,26,8,33,26-8-33,M0K,93408,1664,2112,792,33,2112,26,8,21280,6864,192,4224,92160
128x768x768w8-32-26,128,768,768,8,32,26,8-32-26,00K,93952,2048,6656,208,26,6656,8,32,20736,1664,256,13312,92160
128x768x768w28-8-33,128,768,768,28,8,33,28-8-33,M0K,92096,1792,2112,792,33,2112,28,8,22592,7392,192,4224,92160
128x768x768w30-32-8,128,768,768,30,32,8,30-32-8,M00,91392,7680,2048,192,8,2048,30,32,23296,1920,768,4096,92160
128x768x768w39-8-26,128,768,768,39,8,26,39-8-26,M0K,90144,2496,1664,832,26,1664,39,8,24544,8112,256,3328,92160
128x768x768w16-8-52,128,768,768,16,8,52,16-8-52,00K,92672,1024,3328,832,52,3328,16,8,22016,6656,128,6656,92160
128x768x768w14-8-61,128,768,768,14,8,61,14-8-61,M0K,91424,896,3904,488,61,3904,14,8,23264,6832,64,7808,92352
128x768x768w42-8-21,128,768,768,42,8,21,42-8-21,M0K,92512,2688,1344,840,21,1344,42,8,22176,7056,320,2688,92352
128x768x768w10-32-21,128,768,768,10,32,21,10-32-21,M0K,95456,2560,5376,168,21,5376,10,32,19232,1680,256,10752,92352
128x768x768w14-8-60,128,768,768,14,8,60,14-8-60,M0K,91776,896,3840,480,60,3840,14,8,22912,6720,64,7680,92352
128x768x768w14-8-62,128,768,768,14,8,62,14-8-62,M0K,91072,896,3968,496,62,3968,14,8,23616,6944,64,7936,92352
128x768x768w14-32-15,128,768,768,14,32,15,14-32-15,M0K,96480,3584,3840,120,15,3840,14,32,18208,1680,256,7680,92352
128x768x768w14-24-20,128,768,768,14,24,20,14-24-20,M0K,97152,2688,3840,160,20,3840,14,24,17536,2240,192,7680,92352
128x768x768w14-16-30,128,768,768,14,16,30,14-16-30,M0K,96704,1792,3840,240,30,3840,14,16,17984,3360,128,7680,92352
128x768x768w14-8-63,128,768,768,14,8,63,14-8-63,M0K,90720,896,4032,504,63,4032,14,8,23968,7056,64,8064,92352
128x768x768w21-32-10,128,768,768,21,32,10,21-32-10,M0K,95456,5376,2560,160,10,2560,21,32,19232,1680,512,5120,92400
128x768x768w12-8-71,128,768,768,12,8,71,12-8-71,M0K,90432,768,4544,568,71,4544,12,8,24256,6816,64,9088,92928
128x768x768w12-8-75,128,768,768,12,8,75,12-8-75,M0K,89152,768,4800,600,75,4800,12,8,25536,7200,64,9600,92928
128x768x768w12-8-73,128,768,768,12,8,73,12-8-73,M0K,89792,768,4672,584,73,4672,12,8,24896,7008,64,9344,92928
128x768x768w12-16-36,128,768,768,12,16,36,12-16-36,M0K,95488,1536,4608,288,36,4608,12,16,19200,3456,128,9216,92928
128x768x768w12-16-35,128,768,768,12,16,35,12-16-35,M0K,95936,1536,4480,280,35,4480,12,16,18752,3360,128,8960,92928
128x768x768w12-8-72,128,768,768,12,8,72,12-8-72,M0K,90112,768,4608,576,72,4608,12,8,24576,6912,64,9216,92928
128x768x768w12-8-70,128,768,768,12,8,70,12-8-70,M0K,90752,768,4480,560,70,4480,12,8,23936,6720,64,8960,92928
128x768x768w12-8-76,128,768,768,12,8,76,12-8-76,M0K,88832,768,4864,608,76,4864,12,8,25856,7296,64,9728,92928
128x768x768w12-72-8,128,768,768,12,72,8,12-72-8,MN0,90112,6912,4608,64,8,4608,12,72,24576,768,576,9216,92928
128x768x768w12-8-74,128,768,768,12,8,74,12-8-74,M0K,89472,768,4736,592,74,4736,12,8,25216,7104,64,9472,92928
128x768x768w9-16-46,128,768,768,9,16,46,9-16-46,M0K,93984,1152,5888,368,46,5888,9,16,20704,3312,128,11776,93024
128x768x768w9-16-47,128,768,768,9,16,47,9-16-47,M0K,93584,1152,6016,376,47,6016,9,16,21104,3384,128,12032,93024
128x768x768w9-32-23,128,768,768,9,32,23,9-32-23,M0K,94992,2304,5888,184,23,5888,9,32,19696,1656,256,11776,93024
128x768x768w11-56-11,128,768,768,11,56,11,11-56-11,MNK,93040,4928,4928,88,11,4928,11,56,21648,968,448,9856,93100
128x768x768w10-56-12,128,768,768,10,56,12,10-56-12,MN0,93056,4480,5376,96,12,5376,10,56,21632,960,448,10752,93184
128x768x768w8-56-15,128,768,768,8,56,15,8-56-15,0NK,92160,3584,6720,120,15,6720,8,56,22528,960,448,13440,93184
128x768x768w10-24-28,128,768,768,10,24,28,10-24-28,M0K,95616,1920,5376,224,28,5376,10,24,19072,2240,192,10752,93184
128x768x768w19-24-15,128,768,768,19,24,15,19-24-15,M0K,97072,3648,2880,240,15,2880,19,24,17616,2280,384,5760,93184
128x768x768w20-24-15,128,768,768,20,24,15,20-24-15,M0K,96448,3840,2880,240,15,2880,20,24,18240,2400,384,5760,93184
128x768x768w31-8-29,128,768,768,31,8,29,31-8-29,M0K,92624,1984,1856,696,29,1856,31,8,22064,7192,192,3712,93312
128x768x768w15-16-29,128,768,768,15,16,29,15-16-29,M0K,96464,1920,3712,232,29,3712,15,16,18224,3480,128,7424,93312
128x768x768w9-40-19,128,768,768,9,40,19,9-40-19,MNK,94032,2880,6080,152,19,6080,9,40,20656,1368,320,12160,93480
128x768x768w11-32-19,128,768,768,11,32,19,11-32-19,M0K,95984,2816,4864,152,19,4864,11,32,18704,1672,256,9728,93480
128x768x768w21-16-20,128,768,768,21,16,20,21-16-20,M0K,97472,2688,2560,320,20,2560,21,16,17216,3360,256,5120,93600
128x768x768w19-16-22,128,768,768,19,16,22,19-16-22,M0K,97504,2432,2816,352,22,2816,19,16,17184,3344,256,5632,94080
128x768x768w19-32-11,128,768,768,19,32,11,19-32-11,M0K,95984,4864,2816,176,11,2816,19,32,18704,1672,512,5632,94080
128x768x768w20-16-22,128,768,768,20,16,22,20-16-22,M0K,96896,2560,2816,352,22,2816,20,16,17792,3520,256,5632,94080
128x768x768w20-32-11,128,768,768,20,32,11,20-32-11,M0K,95296,5120,2816,176,11,2816,20,32,19392,1760,512,5632,94080
128x768x768w8-48-17,128,768,768,8,48,17,8-48-17,00K,93312,3072,6528,136,17,6528,8,48,21376,1088,384,13056,94208
128x768x768w8-24-34,128,768,768,8,24,34,8-24-34,00K,94208,1536,6528,272,34,6528,8,24,20480,2176,192,13056,94208
128x768x768w16-24-17,128,768,768,16,24,17,16-24-17,00K,97664,3072,3264,272,17,3264,16,24,17024,2176,384,6528,94208
128x768x768w17-24-17,128,768,768,17,24,17,17-24-17,M0K,97008,3264,3264,272,17,3264,17,24,17680,2312,384,6528,94208
128x768x768w11-24-25,128,768,768,11,24,25,11-24-25,M0K,96464,2112,4800,200,25,4800,11,24,18224,2200,192,9600,94240
128x768x768w43-8-19,128,768,768,43,8,19,43-8-19,M0K,93680,2752,1216,760,19,1216,43,8,21008,6536,320,2432,94464
128x768x768w22-16-19,128,768,768,22,16,19,22-16-19,M0K,97504,2816,2432,304,19,2432,22,16,17184,3344,256,4864,94464
128x768x768w51-8-19,128,768,768,51,8,19,51-8-19,M0K,90224,3264,1216,912,19,1216,51,8,24464,7752,384,2432,94464
128x768x768w15-24-19,128,768,768,15,24,19,15-24-19,M0K,97072,2880,3648,152,19,3648,15,24,17616,2280,192,7296,94464
128x768x768w50-8-19,128,768,768,50,8,19,50-8-19,M0K,90656,3200,1216,912,19,1216,50,8,24032,7600,384,2432,94464
128x768x768w49-8-19,128,768,768,49,8,19,49-8-19,M0K,91088,3136,1216,912,19,1216,49,8,23600,7448,384,2432,94464
128x768x768w47-8-19,128,768,768,47,8,19,47-8-19,M0K,91952,3008,1216,760,19,1216,47,8,22736,7144,320,2432,94464
128x768x768w24-16-19,128,768,768,24,16,19,24-16-19,M0K,96384,3072,2432,456,19,2432,24,16,18304,3648,384,4864,94464
128x768x768w44-8-19,128,768,768,44,8,19,44-8-19,M0K,93248,2816,1216,760,19,1216,44,8,21440,6688,320,2432,94464
128x768x768w23-16-19,128,768,768,23,16,19,23-16-19,M0K,96944,2944,2432,304,19,2432,23,16,17744,3496,256,4864,94464
128x768x768w53-8-19,128,768,768,53,8,19,53-8-19,M0K,89360,3392,1216,912,19,1216,53,8,25328,8056,384,2432,94464
128x768x768w45-8-19,128,768,768,45,8,19,45-8-19,M0K,92816,2880,1216,760,19,1216,45,8,21872,6840,320,2432,94464
128x768x768w48-8-19,128,768,768,48,8,19,48-8-19,M0K,91520,3072,1216,912,19,1216,48,8,23168,7296,384,2432,94464
128x768x768w46-8-19,128,768,768,46,8,19,46-8-19,M0K,92384,2944,1216,760,19,1216,46,8,22304,6992,320,2432,94464
128x768x768w52-8-19,128,768,768,52,8,19,52-8-19,M0K,89792,3328,1216,912,19,1216,52,8,24896,7904,384,2432,94464
128x768x768w18-16-23,128,768,768,18,16,23,18-16-23,M0K,97568,2304,2944,368,23,2944,18,16,17120,3312,256,5888,94656
128x768x768w41-8-23,128,768,768,41,8,23,41-8-23,M0K,91408,2624,1472,920,23,1472,41,8,23280,7544,320,2944,94656
128x768x768w18-8-47,128,768,768,18,8,47,18-8-47,M0K,92832,1152,3008,752,47,3008,18,8,21856,6768,128,6016,94656
128x768x768w18-8-46,128,768,768,18,8,46,18-8-46,M0K,93248,1152,2944,736,46,2944,18,8,21440,6624,128,5888,94656
128x768x768w13-24-21,128,768,768,13,24,21,13-24-21,M0K,97264,2496,4032,168,21,4032,13,24,17424,2184,192,8064,94720
128x768x768w14-40-12,128,768,768,14,40,12,14-40-12,MN0,95360,4480,3840,96,12,3840,14,40,19328,1344,320,7680,94720
128x768x768w8-40-21,128,768,768,8,40,21,8-40-21,0NK,93440,2560,6720,168,21,6720,8,40,21248,1344,320,13440,94720
128x768x768w9-24-30,128,768,768,9,24,30,9-24-30,M0K,95392,1728,5760,240,30,5760,9,24,19296,2160,192,11520,94848
128x768x768w9-48-15,128,768,768,9,48,15,9-48-15,M0K,94096,3456,5760,120,15,5760,9,48,20592,1080,384,11520,94848
128x768x768w10-16-41,128,768,768,10,16,41,10-16-41,M0K,95072,1280,5248,328,41,5248,10,16,19616,3280,128,10496,94848
128x768x768w10-16-42,128,768,768,10,16,42,10-16-42,M0K,94656,1280,5376,336,42,5376,10,16,20032,3360,128,10752,94848
128x768x768w12-56-10,128,768,768,12,56,10,12-56-10,MNK,93056,5376,4480,80,10,4480,12,56,21632,960,448,8960,94864
128x768x768w25-16-17,128,768,768,25,16,17,25-16-17,M0K,97136,3200,2176,408,17,2176,25,16,17552,3400,384,4352,94944
128x768x768w25-8-34,128,768,768,25,8,34,25-8-34,M0K,93536,1600,2176,816,34,2176,25,8,21152,6800,192,4352,94944
128x768x768w63-8-14,128,768,768,63,8,14,63-8-14,M0K,90720,4032,896,784,14,896,63,8,23968,7056,448,1792,95040
128x768x768w15-32-14,128,768,768,15,32,14,15-32-14,M0K,96480,3840,3584,112,14,3584,15,32,18208,1680,256,7168,95040
128x768x768w31-16-14,128,768,768,31,16,14,31-16-14,M0K,96224,3968,1792,336,14,1792,31,16,18464,3472,384,3584,95040
128x768x768w37-8-25,128,768,768,37,8,25,37-8-25,M0K,91952,2368,1600,800,25,1600,37,8,22736,7400,256,3200,95232
128x768x768w32-8-25,128,768,768,32,8,25,32-8-25,00K,94592,2048,1600,800,25,1600,32,8,20096,6400,256,3200,95232
128x768x768w39-8-25,128,768,768,39,8,25,39-8-25,M0K,90896,2496,1600,800,25,1600,39,8,23792,7800,256,3200,95232
128x768x768w36-8-25,128,768,768,36,8,25,36-8-25,M0K,92480,2304,1600,800,25,1600,36,8,22208,7200,256,3200,95232
128x768x768w40-8-25,128,768,768,40,8,25,40-8-25,M0K,90368,2560,1600,1000,25,1600,40,8,24320,8000,320,3200,95232
128x768x768w35-8-25,128,768,768,35,8,25,35-8-25,M0K,93008,2240,1600,800,25,1600,35,8,21680,7000,256,3200,95232
128x768x768w33-8-25,128,768,768,33,8,25,33-8-25,M0K,94064,2112,1600,800,25,1600,33,8,20624,6600,256,3200,95232
128x768x768w8-32-25,128,768,768,8,32,25,8-32-25,00K,94592,2048,6400,200,25,6400,8,32,20096,1600,256,12800,95232
128x768x768w38-8-25,128,768,768,38,8,25,38-8-25,M0K,91424,2432,1600,800,25,1600,38,8,23264,7600,256,3200,95232
128x768x768w17-16-25,128,768,768,17,16,25,17-16-25,M0K,97136,2176,3200,400,25,3200,17,16,17552,3400,256,6400,95232
128x768x768w16-16-25,128,768,768,16,16,25,16-16-25,00K,97792,2048,3200,400,25,3200,16,16,16896,3200,256,6400,95232
128x768x768w34-8-25,128,768,768,34,8,25,34-8-25,M0K,93536,2176,1600,800,25,1600,34,8,21152,6800,256,3200,95232
128x768x768w10-40-17,128,768,768,10,40,17,10-40-17,MNK,94688,3200,5440,136,17,5440,10,40,20000,1360,320,10880,95680
128x768x768w12-24-23,128,768,768,12,24,23,12-24-23,M0K,96832,2304,4416,184,23,4416,12,24,17856,2208,192,8832,95744
128x768x768w11-16-37,128,768,768,11,16,37,11-16-37,M0K,95888,1408,4736,296,37,4736,11,16,18800,3256,128,9472,95760
128x768x768w11-16-38,128,768,768,11,16,38,11-16-38,M0K,95456,1408,4864,304,38,4864,11,16,19232,3344,128,9728,95760
128x768x768w9-64-11,128,768,768,9,64,11,9-64-11,M0K,92624,4608,5632,88,11,5632,9,64,22064,792,512,11264,95760
128x768x768w9-32-22,128,768,768,9,32,22,9-32-22,M0K,95648,2304,5632,176,22,5632,9,32,19040,1584,256,11264,95760
128x768x768w14-16-29,128,768,768,14,16,29,14-16-29,M0K,97184,1792,3712,232,29,3712,14,16,17504,3248,128,7424,95904
128x768x768w21-8-39,128,768,768,21,8,39,21-8-39,M0K,93904,1344,2496,624,39,2496,21,8,20784,6552,128,4992,96000
128x768x768w13-16-31,128,768,768,13,16,31,13-16-31,M0K,96976,1664,3968,248,31,3968,13,16,17712,3224,128,7936,96000
128x768x768w21-8-40,128,768,768,21,8,40,21-8-40,M0K,93440,1344,2560,640,40,2560,21,8,21248,6720,128,5120,96000
128x768x768w21-40-8,128,768,768,21,40,8,21-40-8,MN0,93440,6720,2560,128,8,2560,21,40,21248,1344,640,5120,96000
128x768x768w30-8-31,128,768,768,30,8,31,30-8-31,M0K,92000,1920,1984,744,31,1984,30,8,22688,7440,192,3968,96000
128x768x768w27-8-31,128,768,768,27,8,31,27-8-31,M0K,93872,1728,1984,744,31,1984,27,8,20816,6696,192,3968,96000
128x768x768w29-8-31,128,768,768,29,8,31,29-8-31,M0K,92624,1856,1984,744,31,1984,29,8,22064,7192,192,3968,96000
128x768x768w26-8-31,128,768,768,26,8,31,26-8-31,M0K,94496,1664,1984,744,31,1984,26,8,20192,6448,192,3968,96000
128x768x768w28-8-31,128,768,768,28,8,31,28-8-31,M0K,93248,1792,1984,744,31,1984,28,8,21440,6944,192,3968,96000
128x768x768w10-64-10,128,768,768,10,64,10,10-64-10,M0K,92608,5120,5120,80,10,5120,10,64,22080,800,512,10240,96096
128x768x768w42-16-10,128,768,768,42,16,10,42-16-10,M0K,94656,5376,1280,400,10,1280,42,16,20032,3360,640,2560,96096
128x768x768w20-40-9,128,768,768,20,40,9,20-40-9,MNK,93248,6400,2880,144,9,2880,20,40,21440,1440,640,5760,96320
128x768x768w13-56-9,128,768,768,13,56,9,13-56-9,MNK,93104,5824,4032,72,9,4032,13,56,21584,936,448,8064,96320
128x768x768w19-40-9,128,768,768,19,40,9,19-40-9,MNK,94032,6080,2880,144,9,2880,19,40,20656,1368,640,5760,96320
128x768x768w25-24-11,128,768,768,25,24,11,25-24-11,M0K,96464,4800,2112,264,11,2112,25,24,18224,2200,576,4224,96320
128x768x768w10-24-27,128,768,768,10,24,27,10-24-27,M0K,96160,1920,5184,216,27,5184,10,24,18528,2160,192,10368,96512
128x768x768w18-24-15,128,768,768,18,24,15,18-24-15,M0K,97696,3456,2880,240,15,2880,18,24,16992,2160,384,5760,96512
128x768x768w9-72-10,128,768,768,9,72,10,9-72-10,MNK,91360,5184,5760,80,10,5760,9,72,23328,720,576,11520,96558
128x768x768w24-8-37,128,768,768,24,8,37,24-8-37,M0K,92672,1536,2368,888,37,2368,24,8,22016,7104,192,4736,96768
128x768x768w20-8-44,128,768,768,20,8,44,20-8-44,M0K,92416,1280,2816,704,44,2816,20,8,22272,7040,128,5632,96768
128x768x768w31-8-28,128,768,768,31,8,28,31-8-28,M0K,93248,1984,1792,672,28,1792,31,8,21440,6944,192,3584,96768
128x768x768w20-8-45,128,768,768,20,8,45,20-8-45,M0K,91968,1280,2880,720,45,2880,20,8,22720,7200,128,5760,96768
128x768x768w15-8-55,128,768,768,15,8,55,15-8-55,M0K,92528,960,3520,440,55,3520,15,8,22160,6600,64,7040,96768
128x768x768w15-8-57,128,768,768,15,8,57,15-8-57,M0K,91792,960,3648,456,57,3648,15,8,22896,6840,64,7296,96768
128x768x768w19-8-45,128,768,768,19,8,45,19-8-45,M0K,92816,1216,2880,720,45,2880,19,8,21872,6840,128,5760,96768
128x768x768w15-8-58,128,768,768,15,8,58,15-8-58,M0K,91424,960,3712,464,58,3712,15,8,23264,6960,64,7424,96768
128x768x768w22-8-38,128,768,768,22,8,38,22-8-38,M0K,93632,1408,2432,608,38,2432,22,8,21056,6688,128,4864,96768
128x768x768w23-8-37,128,768,768,23,8,37,23-8-37,M0K,93392,1472,2368,592,37,2368,23,8,21296,6808,128,4736,96768
128x768x768w15-16-28,128,768,768,15,16,28,15-16-28,M0K,96960,1920,3584,224,28,3584,15,16,17728,3360,128,7168,96768
128x768x768w24-8-38,128,768,768,24,8,38,24-8-38,M0K,92160,1536,2432,912,38,2432,24,8,22528,7296,192,4864,96768
128x768x768w23-8-38,128,768,768,23,8,38,23-8-38,M0K,92896,1472,2432,608,38,2432,23,8,21792,6992,128,4864,96768
128x768x768w22-8-37,128,768,768,22,8,37,22-8-37,M0K,94112,1408,2368,592,37,2368,22,8,20576,6512,128,4736,96768
128x768x768w19-8-43,128,768,768,19,8,43,19-8-43,M0K,93680,1216,2752,688,43,2752,19,8,21008,6536,128,5504,96768
128x768x768w15-8-56,128,768,768,15,8,56,15-8-56,M0K,92160,960,3584,448,56,3584,15,8,22528,6720,64,7168,96768
128x768x768w20-8-43,128,768,768,20,8,43,20-8-43,M0K,92864,1280,2752,688,43,2752,20,8,21824,6880,128,5504,96768
128x768x768w19-8-44,128,768,768,19,8,44,19-8-44,M0K,93248,1216,2816,704,44,2816,19,8,21440,6688,128,5632,96768
128x768x768w15-56-8,128,768,768,15,56,8,15-56-8,MN0,92160,6720,3584,64,8,3584,15,56,22528,960,448,7168,96768
128x768x768w12-40-14,128,768,768,12,40,14,12-40-14,MNK,95360,3840,4480,112,14,4480,12,40,19328,1344,320,8960,96800
128x768x768w14-24-19,128,768,768,14,24,19,14-24-19,M0K,97760,2688,3648,152,19,3648,14,24,16928,2128,192,7296,97088
128x768x768w12-32-17,128,768,768,12,32,17,12-32-17,M0K,96576,3072,4352,136,17,4352,12,32,18112,1632,256,8704,97152
128x768x768w12-16-34,128,768,768,12,16,34,12-16-34,M0K,96384,1536,4352,272,34,4352,12,16,18304,3264,128,8704,97152
128x768x768w11-24-24,128,768,768,11,24,24,11-24-24,M00,97024,2112,4608,192,24,4608,11,24,17664,2112,192,9216,97280
128x768x768w11-48-12,128,768,768,11,48,12,11-48-12,M00,94912,4224,4608,96,12,4608,11,48,19776,1056,384,9216,97280
128x768x768w42-8-20,128,768,768,42,8,20,42-8-20,M0K,93312,2688,1280,800,20,1280,42,8,21376,6720,320,2560,97344
128x768x768w10-32-20,128,768,768,10,32,20,10-32-20,M0K,96128,2560,5120,160,20,5120,10,32,18560,1600,256,10240,97344
128x768x768w41-16-11,128,768,768,41,16,11,41-16-11,M0K,94160,5248,1408,440,11,1408,41,16,20528,3608,640,2816,97440
128x768x768w41-8-22,128,768,768,41,8,22,41-8-22,M0K,92192,2624,1408,880,22,1408,41,8,22496,7216,320,2816,97440
128x768x768w18-16-22,128,768,768,18,16,22,18-16-22,M0K,98112,2304,2816,352,22,2816,18,16,16576,3168,256,5632,97440
128x768x768w18-32-11,128,768,768,18,32,11,18-32-11,M0K,96672,4608,2816,176,11,2816,18,32,18016,1584,512,5632,97440
128x768x768w14-32-14,128,768,768,14,32,14,14-32-14,M0K,97216,3584,3584,112,14,3584,14,32,17472,1568,256,7168,97680
128x768x768w9-80-9,128,768,768,9,80,9,9-80-9,MNK,90352,5760,5760,72,9,5760,9,80,24336,648,640,11520,98040
128x768x768w9-40-18,128,768,768,9,40,18,9-40-18,MNK,94816,2880,5760,144,18,5760,9,40,19872,1296,320,11520,98040
128x768x768w11-64-9,128,768,768,11,64,9,11-64-9,M0K,92624,5632,4608,72,9,4608,11,64,22064,792,512,9216,98040
128x768x768w11-32-18,128,768,768,11,32,18,11-32-18,M0K,96672,2816,4608,144,18,4608,11,32,18016,1584,256,9216,98040
128x768x768w8-8-108,128,768,768,8,8,108,8-8-108,00K,86016,512,6912,864,108,6912,8,8,28672,6912,64,13824,98304
128x768x768w40-24-8,128,768,768,40,24,8,40-24-8,M00,91136,7680,1536,320,8,1536,40,24,23552,2560,960,3072,98304
128x768x768w85-8-12,128,768,768,85,8,12,85-8-12,M00,85952,5440,768,960,12,768,85,8,28736,8160,640,1536,98304
128x768x768w17-8-48,128,768,768,17,8,48,17-8-48,M00,93312,1088,3072,768,48,3072,17,8,21376,6528,128,6144,98304
128x768x768w16-48-8,128,768,768,16,48,8,16-48-8,000,94208,6144,3072,128,8,3072,16,48,20480,1024,768,6144,98304
128x768x768w8-16-49,128,768,768,8,16,49,8-16-49,00K,93824,1024,6272,392,49,6272,8,16,20864,3136,128,12544,98304
128x768x768w78-8-12,128,768,768,78,8,12,78-8-12,M00,88192,4992,768,864,12,768,78,8,26496,7488,576,1536,98304
128x768x768w35-24-8,128,768,768,35,24,8,35-24-8,M00,93696,6720,1536,256,8,1536,35,24,20992,2240,768,3072,98304
128x768x768w82-8-12,128,768,768,82,8,12,82-8-12,M00,86912,5248,768,960,12,768,82,8,27776,7872,640,1536,98304
128x768x768w73-8-12,128,768,768,73,8,12,73-8-12,M00,89792,4672,768,864,12,768,73,8,24896,7008,576,1536,98304
128x768x768w8-8-101,128,768,768,8,8,101,8-8-101,00K,87808,512,6464,808,101,6464,8,8,26880,6464,64,12928,98304
128x768x768w40-8-24,128,768,768,40,8,24,40-8-24,M00,91136,2560,1536,960,24,1536,40,8,23552,7680,320,3072,98304
128x768x768w37-16-12,128,768,768,37,16,12,37-16-12,M00,95040,4736,1536,384,12,1536,37,16,19648,3552,512,3072,98304
128x768x768w83-8-12,128,768,768,83,8,12,83-8-12,M00,86592,5312,768,960,12,768,83,8,28096,7968,640,1536,98304
128x768x768w32-8-24,128,768,768,32,8,24,32-8-24,000,95232,2048,1536,768,24,1536,32,8,19456,6144,256,3072,98304
128x768x768w39-24-8,128,768,768,39,24,8,39-24-8,M00,91648,7488,1536,256,8,1536,39,24,23040,2496,768,3072,98304
128x768x768w8-16-50,128,768,768,8,16,50,8-16-50,00K,93440,1024,6400,400,50,6400,8,16,21248,3200,128,12800,98304
128x768x768w75-8-12,128,768,768,75,8,12,75-8-12,M00,89152,4800,768,864,12,768,75,8,25536,7200,576,1536,98304
128x768x768w8-16-51,128,768,768,8,16,51,8-16-51,00K,93056,1024,6528,408,51,6528,8,16,21632,3264,128,13056,98304
128x768x768w74-8-12,128,768,768,74,8,12,74-8-12,M00,89472,4736,768,864,12,768,74,8,25216,7104,576,1536,98304
128x768x768w33-16-12,128,768,768,33,16,12,33-16-12,M00,96832,4224,1536,384,12,1536,33,16,17856,3168,512,3072,98304
128x768x768w16-24-16,128,768,768,16,24,16,16-24-16,000,98304,3072,3072,256,16,3072,16,24,16384,2048,384,6144,98304
128x768x768w35-16-12,128,768,768,35,16,12,35-16-12,M00,95936,4480,1536,384,12,1536,35,16,18752,3360,512,3072,98304
128x768x768w69-8-12,128,768,768,69,8,12,69-8-12,M00,91072,4416,768,768,12,768,69,8,23616,6624,512,1536,98304
128x768x768w8-16-48,128,768,768,8,16,48,8-16-48,000,94208,1024,6144,384,48,6144,8,16,20480,3072,128,12288,98304
128x768x768w24-24-12,128,768,768,24,24,12,24-24-12,M00,96256,4608,2304,288,12,2304,24,24,18432,2304,576,4608,98304
128x768x768w38-24-8,128,768,768,38,24,8,38-24-8,M00,92160,7296,1536,256,8,1536,38,24,22528,2432,768,3072,98304
128x768x768w8-8-109,128,768,768,8,8,109,8-8-109,00K,85760,512,6976,872,109,6976,8,8,28928,6976,64,13952,98304
128x768x768w8-96-8,128,768,768,8,96,8,8-96-8,000,89088,6144,6144,64,8,6144,8,96,25600,512,768,12288,98304
128x768x768w40-16-12,128,768,768,40,16,12,40-16-12,M00,93696,5120,1536,480,12,1536,40,16,20992,3840,640,3072,98304
128x768x768w81-8-12,128,768,768,81,8,12,81-8-12,M00,87232,5184,768,960,12,768,81,8,27456,7776,640,1536,98304
128x768x768w8-8-105,128,768,768,8,8,105,8-8-105,00K,86784,512,6720,840,105,6720,8,8,27904,6720,64,13440,98304
128x768x768w84-8-12,128,768,768,84,8,12,84-8-12,M00,86272,5376,768,960,12,768,84,8,28416,8064,640,1536,98304
128x768x768w8-8-96,128,768,768,8,8,96,8-8-96,000,89088,512,6144,768,96,6144,8,8,25600,6144,64,12288,98304
128x768x768w39-16-12,128,768,768,39,16,12,39-16-12,M00,94144,4992,1536,384,12,1536,39,16,20544,3744,512,3072,98304
128x768x768w8-24-32,128,768,768,8,24,32,8-24-32,000,95232,1536,6144,256,32,6144,8,24,19456,2048,192,12288,98304
128x768x768w8-24-33,128,768,768,8,24,33,8-24-33,00K,94720,1536,6336,264,33,6336,8,24,19968,2112,192,12672,98304
128x768x768w17-24-16,128,768,768,17,24,16,17-24-16,M00,97664,3264,3072,256,16,3072,17,24,17024,2176,384,6144,98304
128x768x768w17-16-24,128,768,768,17,16,24,17-16-24,M00,97664,2176,3072,384,24,3072,17,16,17024,3264,256,6144,98304
128x768x768w8-8-103,128,768,768,8,8,103,8-8-103,00K,87296,512,6592,824,103,6592,8,8,27392,6592,64,13184,98304
128x768x768w22-24-12,128,768,768,22,24,12,22-24-12,M00,97408,4224,2304,192,12,2304,22,24,17280,2112,384,4608,98304
128x768x768w33-8-24,128,768,768,33,8,24,33-8-24,M00,94720,2112,1536,768,24,1536,33,8,19968,6336,256,3072,98304
128x768x768w32-16-12,128,768,768,32,16,12,32-16-12,000,97280,4096,1536,384,12,1536,32,16,17408,3072,512,3072,98304
128x768x768w8-104-8,128,768,768,8,104,8,8-104-8,0N0,87040,6656,6656,64,8,6656,8,104,27648,512,832,13312,98304
128x768x768w8-8-97,128,768,768,8,8,97,8-8-97,00K,88832,512,6208,776,97,6208,8,8,25856,6208,64,12416,98304
128x768x768w16-8-50,128,768,768,16,8,50,16-8-50,00K,93440,1024,3200,800,50,3200,16,8,21248,6400,128,6400,98304
128x768x768w33-24-8,128,768,768,33,24,8,33-24-8,M00,94720,6336,1536,256,8,1536,33,24,19968,2112,768,3072,98304
128x768x768w8-8-99,128,768,768,8,8,99,8-8-99,00K,88320,512,6336,792,99,6336,8,8,26368,6336,64,12672,98304
128x768x768w37-24-8,128,768,768,37,24,8,37-24-8,M00,92672,7104,1536,256,8,1536,37,24,22016,2368,768,3072,98304
128x768x768w72-8-12,128,768,768,72,8,12,72-8-12,M00,90112,4608,768,864,12,768,72,8,24576,6912,576,1536,98304
128x768x768w34-16-12,128,768,768,34,16,12,34-16-12,M00,96384,4352,1536,384,12,1536,34,16,18304,3264,512,3072,98304
128x768x768w8-8-100,128,768,768,8,8,100,8-8-100,00K,88064,512,6400,800,100,6400,8,8,26624,6400,64,12800,98304
128x768x768w23-24-12,128,768,768,23,24,12,23-24-12,M00,96832,4416,2304,192,12,2304,23,24,17856,2208,384,4608,98304
128x768x768w17-32-12,128,768,768,17,32,12,17-32-12,M00,96576,4352,3072,192,12,3072,17,32,18112,1632,512,6144,98304
128x768x768w38-8-24,128,768,768,38,8,24,38-8-24,M00,92160,2432,1536,768,24,1536,38,8,22528,7296,256,3072,98304
128x768x768w16-8-48,128,768,768,16,8,48,16-8-48,000,94208,1024,3072,768,48,3072,16,8,20480,6144,128,6144,98304
128x768x768w64-8-12,128,768,768,64,8,12,64-8-12,000,92672,4096,768,768,12,768,64,8,22016,6144,512,1536,98304
128x768x768w80-8-12,128,768,768,80,8,12,80-8-12,M00,87552,5120,768,960,12,768,80,8,27136,7680,640,1536,98304
128x768x768w66-8-12,128,768,768,66,8,12,66-8-12,M00,92032,4224,768,768,12,768,66,8,22656,6336,512,1536,98304
128x768x768w8-8-98,128,768,768,8,8,98,8-8-98,00K,88576,512,6272,784,98,6272,8,8,26112,6272,64,12544,98304
128x768x768w16-16-24,128,768,768,16,16,24,16-16-24,000,98304,2048,3072,384,24,3072,16,16,16384,3072,256,6144,98304
128x768x768w34-24-8,128,768,768,34,24,8,34-24-8,M00,94208,6528,1536,256,8,1536,34,24,20480,2176,768,3072,98304
128x768x768w76-8-12,128,768,768,76,8,12,76-8-12,M00,88832,4864,768,864,12,768,76,8,25856,7296,576,1536,98304
128x768x768w8-8-106,128,768,768,8,8,106,8-8-106,00K,86528,512,6784,848,106,6784,8,8,28160,6784,64,13568,98304
128x768x768w71-8-12,128,768,768,71,8,12,71-8-12,M00,90432,4544,768,768,12,768,71,8,24256,6816,512,1536,98304
128x768x768w8-32-24,128,768,768,8,32,24,8-32-24,000,95232,2048,6144,192,24,6144,8,32,19456,1536,256,12288,98304
128x768x768w36-24-8,128,768,768,36,24,8,36-24-8,M00,93184,6912,1536,256,8,1536,36,24,21504,2304,768,3072,98304
128x768x768w17-8-49,128,768,768,17,8,49,17-8-49,M0K,92912,1088,3136,784,49,3136,17,8,21776,6664,128,6272,98304
128x768x768w38-16-12,128,768,768,38,16,12,38-16-12,M00,94592,4864,1536,384,12,1536,38,16,20096,3648,512,3072,98304
128x768x768w77-8-12,128,768,768,77,8,12,77-8-12,M00,88512,4928,768,864,12,768,77,8,26176,7392,576,1536,98304
128x768x768w34-8-24,128,768,768,34,8,24,34-8-24,M00,94208,2176,1536,768,24,1536,34,8,20480,6528,256,3072,98304
128x768x768w68-8-12,128,768,768,68,8,12,68-8-12,M00,91392,4352,768,768,12,768,68,8,23296,6528,512,1536,98304
128x768x768w39-8-24,128,768,768,39,8,24,39-8-24,M00,91648,2496,1536,768,24,1536,39,8,23040,7488,256,3072,98304
128x768x768w8-48-16,128,768,768,8,48,16,8-48-16,000,94208,3072,6144,128,16,6144,8,48,20480,1024,384,12288,98304
128x768x768w79-8-12,128,768,768,79,8,12,79-8-12,M00,87872,5056,768,864,12,768,79,8,26816,7584,576,1536,98304
128x768x768w16-8-49,128,768,768,16,8,49,16-8-49,00K,93824,1024,3136,784,49,3136,16,8,20864,6272,128,6272,98304
128x768x768w8-8-107,128,768,768,8,8,107,8-8-107,00K,86272,512,6848,856,107,6848,8,8,28416,6848,64,13696,98304
128x768x768w67-8-12,128,768,768,67,8,12,67-8-12,M00,91712,4288,768,768,12,768,67,8,22976,6432,512,1536,98304
128x768x768w17-8-51,128,768,768,17,8,51,17-8-51,M0K,92112,1088,3264,816,51,3264,17,8,22576,6936,128,6528,98304
128x768x768w37-8-24,128,768,768,37,8,24,37-8-24,M00,92672,2368,1536,768,24,1536,37,8,22016,7104,256,3072,98304
128x768x768w35-8-24,128,768,768,35,8,24,35-8-24,M00,93696,2240,1536,768,24,1536,35,8,20992,6720,256,3072,98304
128x768x768w70-8-12,128,768,768,70,8,12,70-8-12,M00,90752,4480,768,768,12,768,70,8,23936,6720,512,1536,98304
128x768x768w16-8-51,128,768,768,16,8,51,16-8-51,00K,93056,1024,3264,816,51,3264,16,8,21632,6528,128,6528,98304
128x768x768w32-24-8,128,768,768,32,24,8,32-24-8,000,95232,6144,1536,256,8,1536,32,24,19456,2048,768,3072,98304
128x768x768w36-16-12,128,768,768,36,16,12,36-16-12,M00,95488,4608,1536,384,12,1536,36,16,19200,3456,512,3072,98304
128x768x768w8-8-104,128,768,768,8,8,104,8-8-104,00K,87040,512,6656,832,104,6656,8,8,27648,6656,64,13312,98304
128x768x768w8-8-102,128,768,768,8,8,102,8-8-102,00K,87552,512,6528,816,102,6528,8,8,27136,6528,64,13056,98304
128x768x768w36-8-24,128,768,768,36,8,24,36-8-24,M00,93184,2304,1536,768,24,1536,36,8,21504,6912,256,3072,98304
128x768x768w65-8-12,128,768,768,65,8,12,65-8-12,M00,92352,4160,768,768,12,768,65,8,22336,6240,512,1536,98304
128x768x768w17-48-8,128,768,768,17,48,8,17-48-8,M00,93312,6528,3072,128,8,3072,17,48,21376,1088,768,6144,98304
128x768x768w16-32-12,128,768,768,16,32,12,16-32-12,000,97280,4096,3072,192,12,3072,16,32,17408,1536,512,6144,98304
128x768x768w17-8-50,128,768,768,17,8,50,17-8-50,M0K,92512,1088,3200,800,50,3200,17,8,22176,6800,128,6400,98304
128x768x768w8-64-12,128,768,768,8,64,12,8-64-12,000,92672,4096,6144,96,12,6144,8,64,22016,768,512,12288,98304
128x768x768w10-72-9,128,768,768,10,72,9,10-72-9,MNK,91360,5760,5184,72,9,5184,10,72,23328,720,576,10368,98384
128x768x768w21-16-19,128,768,768,21,16,19,21-16-19,M0K,98064,2688,2432,304,19,2432,21,16,16624,3192,256,4864,98400
128x768x768w9-8-87,128,768,768,9,8,87,9-8-87,M0K,89872,576,5568,696,87,5568,9,8,24816,6264,64,11136,98496
128x768x768w9-8-86,128,768,768,9,8,86,9-8-86,M0K,90144,576,5504,688,86,5504,9,8,24544,6192,64,11008,98496
128x768x768w9-24-29,128,768,768,9,24,29,9-24-29,M0K,95920,1728,5568,232,29,5568,9,24,18768,2088,192,11136,98496
128x768x768w9-8-93,128,768,768,9,8,93,9-8-93,M0K,88240,576,5952,744,93,5952,9,8,26448,6696,64,11904,98496
128x768x768w9-16-45,128,768,768,9,16,45,9-16-45,M0K,94384,1152,5760,360,45,5760,9,16,20304,3240,128,11520,98496
128x768x768w9-8-94,128,768,768,9,8,94,9-8-94,M0K,87968,576,6016,752,94,6016,9,8,26720,6768,64,12032,98496
128x768x768w9-8-90,128,768,768,9,8,90,9-8-90,M0K,89056,576,5760,720,90,5760,9,8,25632,6480,64,11520,98496
128x768x768w9-8-89,128,768,768,9,8,89,9-8-89,M0K,89328,576,5696,712,89,5696,9,8,25360,6408,64,11392,98496
128x768x768w9-8-95,128,768,768,9,8,95,9-8-95,M0K,87696,576,6080,760,95,6080,9,8,26992,6840,64,12160,98496
128x768x768w9-8-92,128,768,768,9,8,92,9-8-92,M0K,88512,576,5888,736,92,5888,9,8,26176,6624,64,11776,98496
128x768x768w9-16-44,128,768,768,9,16,44,9-16-44,M0K,94784,1152,5632,352,44,5632,9,16,19904,3168,128,11264,98496
128x768x768w9-8-91,128,768,768,9,8,91,9-8-91,M0K,88784,576,5824,728,91,5824,9,8,25904,6552,64,11648,98496
128x768x768w9-88-8,128,768,768,9,88,8,9-88-8,MN0,89600,6336,5632,64,8,5632,9,88,25088,576,704,11264,98496
128x768x768w9-16-43,128,768,768,9,16,43,9-16-43,M0K,95184,1152,5504,344,43,5504,9,16,19504,3096,128,11008,98496
128x768x768w9-8-88,128,768,768,9,8,88,9-8-88,M0K,89600,576,5632,704,88,5632,9,8,25088,6336,64,11264,98496
128x768x768w30-24-10,128,768,768,30,24,10,30-24-10,M0K,94528,5760,1920,240,10,1920,30,24,20160,2400,576,3840,98560
128x768x768w27-24-10,128,768,768,27,24,10,27-24-10,M0K,96160,5184,1920,240,10,1920,27,24,18528,2160,576,3840,98560
128x768x768w17-40-10,128,768,768,17,40,10,17-40-10,MNK,94688,5440,3200,160,10,3200,17,40,20000,1360,640,6400,98560
128x768x768w12-24-22,128,768,768,12,24,22,12-24-22,M0K,97408,2304,4224,176,22,4224,12,24,17280,2112,192,8448,98560
128x768x768w29-24-10,128,768,768,29,24,10,29-24-10,M0K,95072,5568,1920,240,10,1920,29,24,19616,2320,576,3840,98560
128x768x768w8-80-10,128,768,768,8,80,10,8-80-10,0NK,90368,5120,6400,80,10,6400,8,80,24320,640,640,12800,98560
128x768x768w13-48-10,128,768,768,13,48,10,13-48-10,M0K,94944,4992,3840,80,10,3840,13,48,19744,1040,384,7680,98560
128x768x768w16-40-10,128,768,768,16,40,10,16-40-10,0NK,95488,5120,3200,160,10,3200,16,40,19200,1280,640,6400,98560
128x768x768w19-24-14,128,768,768,19,24,14,19-24-14,M0K,97760,3648,2688,224,14,2688,19,24,16928,2128,384,5376,98560
128x768x768w20-24-14,128,768,768,20,24,14,20-24-14,M0K,97152,3840,2688,224,14,2688,20,24,17536,2240,384,5376,98560
128x768x768w28-24-10,128,768,768,28,24,10,28-24-10,M0K,95616,5376,1920,240,10,1920,28,24,19072,2240,576,3840,98560
128x768x768w12-48-11,128,768,768,12,48,11,12-48-11,M0K,94912,4608,4224,88,11,4224,12,48,19776,1056,384,8448,98560
128x768x768w26-24-10,128,768,768,26,24,10,26-24-10,M0K,96704,4992,1920,240,10,1920,26,24,17984,2080,576,3840,98560
128x768x768w8-72-11,128,768,768,8,72,11,8-72-11,0NK,91392,4608,6336,88,11,6336,8,72,23296,704,576,12672,98560
128x768x768w8-56-14,128,768,768,8,56,14,8-56-14,0NK,93184,3584,6272,112,14,6272,8,56,21504,896,448,12544,98560
128x768x768w11-40-15,128,768,768,11,40,15,11-40-15,MNK,95408,3520,4800,120,15,4800,11,40,19280,1320,320,9600,98800
128x768x768w22-32-9,128,768,768,22,32,9,22-32-9,M0K,95648,5632,2304,144,9,2304,22,32,19040,1584,512,4608,99072
128x768x768w46-8-18,128,768,768,46,8,18,46-8-18,M0K,93248,2944,1152,720,18,1152,46,8,21440,6624,320,2304,99072
128x768x768w50-8-18,128,768,768,50,8,18,50-8-18,M0K,91584,3200,1152,864,18,1152,50,8,23104,7200,384,2304,99072
128x768x768w46-16-9,128,768,768,46,16,9,46-16-9,M0K,93984,5888,1152,360,9,1152,46,16,20704,3312,640,2304,99072
128x768x768w52-16-9,128,768,768,52,16,9,52-16-9,M0K,91584,6656,1152,432,9,1152,52,16,23104,3744,768,2304,99072
128x768x768w15-24-18,128,768,768,15,24,18,15-24-18,M0K,97696,2880,3456,144,18,3456,15,24,16992,2160,192,6912,99072
128x768x768w45-16-9,128,768,768,45,16,9,45-16-9,M0K,94384,5760,1152,360,9,1152,45,16,20304,3240,640,2304,99072
128x768x768w49-8-18,128,768,768,49,8,18,49-8-18,M0K,92000,3136,1152,864,18,1152,49,8,22688,7056,384,2304,99072
128x768x768w47-16-9,128,768,768,47,16,9,47-16-9,M0K,93584,6016,1152,360,9,1152,47,16,21104,3384,640,2304,99072
128x768x768w25-32-8,128,768,768,25,32,8,25-32-8,M00,94592,6400,2048,192,8,2048,25,32,20096,1600,768,4096,99072
128x768x768w48-16-9,128,768,768,48,16,9,48-16-9,M0K,93184,6144,1152,432,9,1152,48,16,21504,3456,768,2304,99072
128x768x768w47-8-18,128,768,768,47,8,18,47-8-18,M0K,92832,3008,1152,720,18,1152,47,8,21856,6768,320,2304,99072
128x768x768w60-16-9,128,768,768,60,16,9,60-16-9,M0K,88384,7680,1152,504,9,1152,60,16,26304,4320,896,2304,99072
128x768x768w23-32-9,128,768,768,23,32,9,23-32-9,M0K,94992,5888,2304,144,9,2304,23,32,19696,1656,512,4608,99072
128x768x768w23-16-18,128,768,768,23,16,18,23-16-18,M0K,97568,2944,2304,288,18,2304,23,16,17120,3312,256,4608,99072
128x768x768w24-16-18,128,768,768,24,16,18,24-16-18,M0K,97024,3072,2304,432,18,2304,24,16,17664,3456,384,4608,99072
128x768x768w25-8-32,128,768,768,25,8,32,25-8-32,M00,94592,1600,2048,768,32,2048,25,8,20096,6400,192,4096,99072
128x768x768w43-8-18,128,768,768,43,8,18,43-8-18,M0K,94496,2752,1152,720,18,1152,43,8,20192,6192,320,2304,99072
128x768x768w24-32-9,128,768,768,24,32,9,24-32-9,M0K,94336,6144,2304,216,9,2304,24,32,20352,1728,768,4608,99072
128x768x768w50-16-9,128,768,768,50,16,9,50-16-9,M0K,92384,6400,1152,432,9,1152,50,16,22304,3600,768,2304,99072
128x768x768w31-24-9,128,768,768,31,24,9,31-24-9,M0K,94864,5952,1728,216,9,1728,31,24,19824,2232,576,3456,99072
128x768x768w51-8-18,128,768,768,51,8,18,51-8-18,M0K,91168,3264,1152,864,18,1152,51,8,23520,7344,384,2304,99072
128x768x768w53-8-18,128,768,768,53,8,18,53-8-18,M0K,90336,3392,1152,864,18,1152,53,8,24352,7632,384,2304,99072
128x768x768w54-8-18,128,768,768,54,8,18,54-8-18,M0K,89920,3456,1152,864,18,1152,54,8,24768,7776,384,2304,99072
128x768x768w59-16-9,128,768,768,59,16,9,59-16-9,M0K,88784,7552,1152,504,9,1152,59,16,25904,4248,896,2304,99072
128x768x768w25-16-16,128,768,768,25,16,16,25-16-16,M00,97792,3200,2048,384,16,2048,25,16,16896,3200,384,4096,99072
128x768x768w43-16-9,128,768,768,43,16,9,43-16-9,M0K,95184,5504,1152,360,9,1152,43,16,19504,3096,640,2304,99072
128x768x768w55-16-9,128,768,768,55,16,9,55-16-9,M0K,90384,7040,1152,432,9,1152,55,16,24304,3960,768,2304,99072
128x768x768w48-8-18,128,768,768,48,8,18,48-8-18,M0K,92416,3072,1152,864,18,1152,48,8,22272,6912,384,2304,99072
128x768x768w44-16-9,128,768,768,44,16,9,44-16-9,M0K,94784,5632,1152,360,9,1152,44,16,19904,3168,640,2304,99072
128x768x768w44-8-18,128,768,768,44,8,18,44-8-18,M0K,94080,2816,1152,720,18,1152,44,8,20608,6336,320,2304,99072
128x768x768w54-16-9,128,768,768,54,16,9,54-16-9,M0K,90784,6912,1152,432,9,1152,54,16,23904,3888,768,2304,99072
128x768x768w57-16-9,128,768,768,57,16,9,57-16-9,M0K,89584,7296,1152,504,9,1152,57,16,25104,4104,896,2304,99072
128x768x768w56-16-9,128,768,768,56,16,9,56-16-9,M0K,89984,7168,1152,504,9,1152,56,16,24704,4032,896,2304,99072
128x768x768w25-8-33,128,768,768,25,8,33,25-8-33,M0K,94064,1600,2112,792,33,2112,25,8,20624,6600,192,4224,99072
128x768x768w8-88-9,128,768,768,8,88,9,8-88-9,0NK,89600,5632,6336,72,9,6336,8,88,25088,576,704,12672,99072
128x768x768w58-16-9,128,768,768,58,16,9,58-16-9,M0K,89184,7424,1152,504,9,1152,58,16,25504,4176,896,2304,99072
128x768x768w55-8-18,128,768,768,55,8,18,55-8-18,M0K,89504,3520,1152,864,18,1152,55,8,25184,7920,384,2304,99072
128x768x768w52-8-18,128,768,768,52,8,18,52-8-18,M0K,90752,3328,1152,864,18,1152,52,8,23936,7488,384,2304,99072
128x768x768w22-16-18,128,768,768,22,16,18,22-16-18,M0K,98112,2816,2304,288,18,2304,22,16,16576,3168,256,4608,99072
128x768x768w49-16-9,128,768,768,49,16,9,49-16-9,M0K,92784,6272,1152,432,9,1152,49,16,21904,3528,768,2304,99072
128x768x768w15-48-9,128,768,768,15,48,9,15-48-9,M0K,94096,5760,3456,72,9,3456,15,48,20592,1080,384,6912,99072
128x768x768w45-8-18,128,768,768,45,8,18,45-8-18,M0K,93664,2880,1152,720,18,1152,45,8,21024,6480,320,2304,99072
128x768x768w53-16-9,128,768,768,53,16,9,53-16-9,M0K,91184,6784,1152,432,9,1152,53,16,23504,3816,768,2304,99072
128x768x768w56-8-18,128,768,768,56,8,18,56-8-18,M0K,89088,3584,1152,1008,18,1152,56,8,25600,8064,448,2304,99072
128x768x768w51-16-9,128,768,768,51,16,9,51-16-9,M0K,91984,6528,1152,432,9,1152,51,16,22704,3672,768,2304,99072
128x768x768w14-8-55,128,768,768,14,8,55,14-8-55,M0K,93536,896,3520,440,55,3520,14,8,21152,6160,64,7040,99456
128x768x768w14-16-28,128,768,768,14,16,28,14-16-28,M0K,97664,1792,3584,224,28,3584,14,16,17024,3136,128,7168,99456
128x768x768w14-56-8,128,768,768,14,56,8,14-56-8,MN0,93184,6272,3584,64,8,3584,14,56,21504,896,448,7168,99456
128x768x768w20-16-21,128,768,768,20,16,21,20-16-21,M0K,97472,2560,2688,336,21,2688,20,16,17216,3360,256,5376,99456
128x768x768w14-8-57,128,768,768,14,8,57,14-8-57,M0K,92832,896,3648,456,57,3648,14,8,21856,6384,64,7296,99456
128x768x768w14-8-56,128,768,768,14,8,56,14-8-56,M0K,93184,896,3584,448,56,3584,14,8,21504,6272,64,7168,99456
128x768x768w14-8-58,128,768,768,14,8,58,14-8-58,M0K,92480,896,3712,464,58,3712,14,8,22208,6496,64,7424,99456
128x768x768w19-16-21,128,768,768,19,16,21,19-16-21,M0K,98064,2432,2688,336,21,2688,19,16,16624,3192,256,5376,99456
128x768x768w18-40-9,128,768,768,18,40,9,18-40-9,MNK,94816,5760,2880,144,9,2880,18,40,19872,1296,640,5760,99760
128x768x768w10-24-26,128,768,768,10,24,26,10-24-26,M0K,96704,1920,4992,208,26,4992,10,24,17984,2080,192,9984,99840
128x768x768w13-24-20,128,768,768,13,24,20,13-24-20,M0K,97856,2496,3840,160,20,3840,13,24,16832,2080,192,7680,99840
128x768x768w28-8-30,128,768,768,28,8,30,28-8-30,M0K,93824,1792,1920,720,30,1920,28,8,20864,6720,192,3840,99840
128x768x768w8-40-20,128,768,768,8,40,20,8-40-20,0NK,94208,2560,6400,160,20,6400,8,40,20480,1280,320,12800,99840
128x768x768w13-8-63,128,768,768,13,8,63,13-8-63,M0K,91856,832,4032,504,63,4032,13,8,22832,6552,64,8064,99840
128x768x768w13-8-62,128,768,768,13,8,62,13-8-62,M0K,92192,832,3968,496,62,3968,13,8,22496,6448,64,7936,99840
128x768x768w10-8-79,128,768,768,10,8,79,10-8-79,M0K,90656,640,5056,632,79,5056,10,8,24032,6320,64,10112,99840
128x768x768w10-8-83,128,768,768,10,8,83,10-8-83,M0K,89504,640,5312,664,83,5312,10,8,25184,6640,64,10624,99840
128x768x768w10-8-84,128,768,768,10,8,84,10-8-84,M0K,89216,640,5376,672,84,5376,10,8,25472,6720,64,10752,99840
128x768x768w26-8-30,128,768,768,26,8,30,26-8-30,M0K,95040,1664,1920,720,30,1920,26,8,19648,6240,192,3840,99840
128x768x768w30-8-30,128,768,768,30,8,30,30-8-30,M0K,92608,1920,1920,720,30,1920,30,8,22080,7200,192,3840,99840
128x768x768w28-16-15,128,768,768,28,16,15,28-16-15,M0K,96960,3584,1920,360,15,1920,28,16,17728,3360,384,3840,99840
128x768x768w62-8-15,128,768,768,62,8,15,62-8-15,M0K,89952,3968,960,840,15,960,62,8,24736,7440,448,1920,99840
128x768x768w10-80-8,128,768,768,10,80,8,10-80-8,MN0,90368,6400,5120,64,8,5120,10,80,24320,640,640,10240,99840
128x768x768w13-16-30,128,768,768,13,16,30,13-16-30,M0K,97440,1664,3840,240,30,3840,13,16,17248,3120,128,7680,99840
128x768x768w10-16-39,128,768,768,10,16,39,10-16-39,M0K,95904,1280,4992,312,39,4992,10,16,18784,3120,128,9984,99840
128x768x768w29-8-30,128,768,768,29,8,30,29-8-30,M0K,93216,1856,1920,720,30,1920,29,8,21472,6960,192,3840,99840
128x768x768w10-40-16,128,768,768,10,40,16,10-40-16,MN0,95488,3200,5120,128,16,5120,10,40,19200,1280,320,10240,99840
128x768x768w13-32-15,128,768,768,13,32,15,13-32-15,M0K,97232,3328,3840,120,15,3840,13,32,17456,1560,256,7680,99840
128x768x768w10-8-82,128,768,768,10,8,82,10-8-82,M0K,89792,640,5248,656,82,5248,10,8,24896,6560,64,10496,99840
128x768x768w10-8-85,128,768,768,10,8,85,10-8-85,M0K,88928,640,5440,680,85,5440,10,8,25760,6800,64,10880,99840
128x768x768w10-16-40,128,768,768,10,16,40,10-16-40,M0K,95488,1280,5120,320,40,5120,10,16,19200,3200,128,10240,99840
128x768x768w10-8-77,128,768,768,10,8,77,10-8-77,M0K,91232,640,4928,616,77,4928,10,8,23456,6160,64,9856,99840
128x768x768w29-16-15,128,768,768,29,16,15,29-16-15,M0K,96464,3712,1920,360,15,1920,29,16,18224,3480,384,3840,99840
128x768x768w10-8-81,128,768,768,10,8,81,10-8-81,M0K,90080,640,5184,648,81,5184,10,8,24608,6480,64,10368,99840
128x768x768w10-8-80,128,768,768,10,8,80,10-8-80,M0K,90368,640,5120,640,80,5120,10,8,24320,6400,64,10240,99840
128x768x768w30-16-15,128,768,768,30,16,15,30-16-15,M0K,95968,3840,1920,360,15,1920,30,16,18720,3600,384,3840,99840
128x768x768w26-16-15,128,768,768,26,16,15,26-16-15,M0K,97952,3328,1920,360,15,1920,26,16,16736,3120,384,3840,99840
128x768x768w13-8-61,128,768,768,13,8,61,13-8-61,M0K,92528,832,3904,488,61,3904,13,8,22160,6344,64,7808,99840
128x768x768w27-16-15,128,768,768,27,16,15,27-16-15,M0K,97456,3456,1920,360,15,1920,27,16,17232,3240,384,3840,99840
128x768x768w27-8-30,128,768,768,27,8,30,27-8-30,M0K,94432,1728,1920,720,30,1920,27,8,20256,6480,192,3840,99840
128x768x768w10-8-78,128,768,768,10,8,78,10-8-78,M0K,90944,640,4992,624,78,4992,10,8,23744,6240,64,9984,99840
128x768x768w13-8-60,128,768,768,13,8,60,13-8-60,M0K,92864,832,3840,480,60,3840,13,8,21824,6240,64,7680,99840
128x768x768w18-8-45,128,768,768,18,8,45,18-8-45,M0K,93664,1152,2880,720,45,2880,18,8,21024,6480,128,5760,100224
128x768x768w15-16-27,128,768,768,15,16,27,15-16-27,M0K,97456,1920,3456,216,27,3456,15,16,17232,3240,128,6912,100224
128x768x768w31-8-27,128,768,768,31,8,27,31-8-27,M0K,93872,1984,1728,648,27,1728,31,8,20816,6696,192,3456,100224
128x768x768w18-8-43,128,768,768,18,8,43,18-8-43,M0K,94496,1152,2752,688,43,2752,18,8,20192,6192,128,5504,100224
128x768x768w18-8-44,128,768,768,18,8,44,18-8-44,M0K,94080,1152,2816,704,44,2816,18,8,20608,6336,128,5632,100224
128x768x768w11-8-71,128,768,768,11,8,71,11-8-71,M0K,91696,704,4544,568,71,4544,11,8,22992,6248,64,9088,100320
128x768x768w11-72-8,128,768,768,11,72,8,11-72-8,MN0,91392,6336,4608,64,8,4608,11,72,23296,704,576,9216,100320
128x768x768w9-48-14,128,768,768,9,48,14,9-48-14,M0K,95008,3456,5376,112,14,5376,9,48,19680,1008,384,10752,100320
128x768x768w11-16-36,128,768,768,11,16,36,11-16-36,M0K,96320,1408,4608,288,36,4608,11,16,18368,3168,128,9216,100320
128x768x768w11-8-74,128,768,768,11,8,74,11-8-74,M0K,90784,704,4736,592,74,4736,11,8,23904,6512,64,9472,100320
128x768x768w11-8-75,128,768,768,11,8,75,11-8-75,M0K,90480,704,4800,600,75,4800,11,8,24208,6600,64,9600,100320
128x768x768w11-8-72,128,768,768,11,8,72,11-8-72,M0K,91392,704,4608,576,72,4608,11,8,23296,6336,64,9216,100320
128x768x768w11-8-76,128,768,768,11,8,76,11-8-76,M0K,90176,704,4864,608,76,4864,11,8,24512,6688,64,9728,100320
128x768x768w11-8-70,128,768,768,11,8,70,11-8-70,M0K,92000,704,4480,560,70,4480,11,8,22688,6160,64,8960,100320
128x768x768w11-16-35,128,768,768,11,16,35,11-16-35,M0K,96752,1408,4480,280,35,4480,11,16,17936,3080,128,8960,100320
128x768x768w11-8-73,128,768,768,11,8,73,11-8-73,M0K,91088,704,4672,584,73,4672,11,8,23600,6424,64,9344,100320
128x768x768w21-8-38,128,768,768,21,8,38,21-8-38,M0K,94368,1344,2432,608,38,2432,21,8,20320,6384,128,4864,100800
128x768x768w15-40-11,128,768,768,15,40,11,15-40-11,MNK,95408,4800,3520,88,11,3520,15,40,19280,1320,320,7040,100800
128x768x768w21-8-37,128,768,768,21,8,37,21-8-37,M0K,94832,1344,2368,592,37,2368,21,8,19856,6216,128,4736,100800
128x768x768w9-32-21,128,768,768,9,32,21,9-32-21,M0K,96304,2304,5376,168,21,5376,9,32,18384,1512,256,10752,101232
128x768x768w12-8-65,128,768,768,12,8,65,12-8-65,M0K,92352,768,4160,520,65,4160,12,8,22336,6240,64,8320,101376
128x768x768w24-8-36,128,768,768,24,8,36,24-8-36,M0K,93184,1536,2304,864,36,2304,24,8,21504,6912,192,4608,101376
128x768x768w12-8-66,128,768,768,12,8,66,12-8-66,M0K,92032,768,4224,528,66,4224,12,8,22656,6336,64,8448,101376
128x768x768w23-8-36,128,768,768,23,8,36,23-8-36,M0K,93888,1472,2304,576,36,2304,23,8,20800,6624,128,4608,101376
128x768x768w12-64-8,128,768,768,12,64,8,12-64-8,M00,92672,6144,4096,64,8,4096,12,64,22016,768,512,8192,101376
128x768x768w24-8-35,128,768,768,24,8,35,24-8-35,M0K,93696,1536,2240,840,35,2240,24,8,20992,6720,192,4480,101376
128x768x768w61-8-16,128,768,768,61,8,16,61-8-16,M00,89216,3904,1024,896,16,1024,61,8,25472,7808,448,2048,101376
128x768x768w61-16-8,128,768,768,61,16,8,61-16-8,M00,89216,7808,1024,448,8,1024,61,16,25472,3904,896,2048,101376
128x768x768w23-8-35,128,768,768,23,8,35,23-8-35,M0K,94384,1472,2240,560,35,2240,23,8,20304,6440,128,4480,101376
128x768x768w12-8-64,128,768,768,12,8,64,12-8-64,M00,92672,768,4096,512,64,4096,12,8,22016,6144,64,8192,101376
128x768x768w22-8-35,128,768,768,22,8,35,22-8-35,M0K,95072,1408,2240,560,35,2240,22,8,19616,6160,128,4480,101376
128x768x768w12-16-33,128,768,768,12,16,33,12-16-33,M0K,96832,1536,4224,264,33,4224,12,16,17856,3168,128,8448,101376
128x768x768w12-8-69,128,768,768,12,8,69,12-8-69,M0K,91072,768,4416,552,69,4416,12,8,23616,6624,64,8832,101376
128x768x768w12-32-16,128,768,768,12,32,16,12-32-16,M00,97280,3072,4096,128,16,4096,12,32,17408,1536,256,8192,101376
128x768x768w12-8-68,128,768,768,12,8,68,12-8-68,M0K,91392,768,4352,544,68,4352,12,8,23296,6528,64,8704,101376
128x768x768w22-8-36,128,768,768,22,8,36,22-8-36,M0K,94592,1408,2304,576,36,2304,22,8,20096,6336,128,4608,101376
128x768x768w125-8-8,128,768,768,125,8,8,125-8-8,M00,81664,8000,512,960,8,512,125,8,33024,8000,960,1024,101376
128x768x768w12-8-67,128,768,768,12,8,67,12-8-67,M0K,91712,768,4288,536,67,4288,12,8,22976,6432,64,8576,101376
128x768x768w12-16-32,128,768,768,12,16,32,12-16-32,M00,97280,1536,4096,256,32,4096,12,16,17408,3072,128,8192,101376
128x768x768w14-48-9,128,768,768,14,48,9,14-48-9,M0K,95008,5376,3456,72,9,3456,14,48,19680,1008,384,6912,101824
128x768x768w14-24-18,128,768,768,14,24,18,14-24-18,M0K,98368,2688,3456,144,18,3456,14,24,16320,2016,192,6912,101824
128x768x768w10-56-11,128,768,768,10,56,11,10-56-11,MNK,94112,4480,4928,88,11,4928,10,56,20576,880,448,9856,101920
128x768x768w18-24-14,128,768,768,18,24,14,18-24-14,M0K,98368,3456,2688,224,14,2688,18,24,16320,2016,384,5376,102080
128x768x768w9-56-12,128,768,768,9,56,12,9-56-12,MN0,94144,4032,5376,96,12,5376,9,56,20544,864,448,10752,102144
128x768x768w20-8-41,128,768,768,20,8,41,20-8-41,M0K,93760,1280,2624,656,41,2624,20,8,20928,6560,128,5248,102144
128x768x768w9-24-28,128,768,768,9,24,28,9-24-28,M0K,96448,1728,5376,224,28,5376,9,24,18240,2016,192,10752,102144
128x768x768w19-8-42,128,768,768,19,8,42,19-8-42,M0K,94112,1216,2688,672,42,2688,19,8,20576,6384,128,5376,102144
128x768x768w20-8-42,128,768,768,20,8,42,20-8-42,M0K,93312,1280,2688,672,42,2688,20,8,21376,6720,128,5376,102144
128x768x768w19-8-41,128,768,768,19,8,41,19-8-41,M0K,94544,1216,2624,656,41,2624,19,8,20144,6232,128,5248,102144
128x768x768w42-8-19,128,768,768,42,8,19,42-8-19,M0K,94112,2688,1216,760,19,1216,42,8,20576,6384,320,2432,102336
128x768x768w10-32-19,128,768,768,10,32,19,10-32-19,M0K,96800,2560,4864,152,19,4864,10,32,17888,1520,256,9728,102336
128x768x768w21-24-12,128,768,768,21,24,12,21-24-12,M00,97984,4032,2304,192,12,2304,21,24,16704,2016,384,4608,102400
128x768x768w8-24-31,128,768,768,8,24,31,8-24-31,00K,95744,1536,5952,248,31,5952,8,24,18944,1984,192,11904,102400
128x768x768w13-40-12,128,768,768,13,40,12,13-40-12,MN0,96192,4160,3840,96,12,3840,13,40,18496,1248,320,7680,102400
128x768x768w11-56-10,128,768,768,11,56,10,11-56-10,MNK,94112,4928,4480,80,10,4480,11,56,20576,880,448,8960,102410
128x768x768w41-8-21,128,768,768,41,8,21,41-8-21,M0K,92976,2624,1344,840,21,1344,41,8,21712,6888,320,2688,103008
128x768x768w18-16-21,128,768,768,18,16,21,18-16-21,M0K,98656,2304,2688,336,21,2688,18,16,16032,3024,256,5376,103008
128x768x768w14-16-27,128,768,768,14,16,27,14-16-27,M0K,98144,1792,3456,216,27,3456,14,16,16544,3024,128,6912,103008
128x768x768w10-24-25,128,768,768,10,24,25,10-24-25,M0K,97248,1920,4800,200,25,4800,10,24,17440,2000,192,9600,103168
128x768x768w21-32-9,128,768,768,21,32,9,21-32-9,M0K,96304,5376,2304,144,9,2304,21,32,18384,1512,512,4608,103200
128x768x768w21-16-18,128,768,768,21,16,18,21-16-18,M0K,98656,2688,2304,288,18,2304,21,16,16032,3024,256,4608,103200
128x768x768w25-8-31,128,768,768,25,8,31,25-8-31,M0K,95120,1600,1984,744,31,1984,25,8,19568,6200,192,3968,103200
128x768x768w11-24-23,128,768,768,11,24,23,11-24-23,M0K,97584,2112,4416,184,23,4416,11,24,17104,2024,192,8832,103360
128x768x768w20-32-10,128,768,768,20,32,10,20-32-10,M0K,96128,5120,2560,160,10,2560,20,32,18560,1600,512,5120,103488
128x768x768w19-32-10,128,768,768,19,32,10,19-32-10,M0K,96800,4864,2560,160,10,2560,19,32,17888,1520,512,5120,103488
128x768x768w14-40-11,128,768,768,14,40,11,14-40-11,MNK,96224,4480,3520,88,11,3520,14,40,18464,1232,320,7040,103600
128x768x768w26-8-29,128,768,768,26,8,29,26-8-29,M0K,95584,1664,1856,696,29,1856,26,8,19104,6032,192,3712,103680
128x768x768w31-8-26,128,768,768,31,8,26,31-8-26,M0K,94496,1984,1664,624,26,1664,31,8,20192,6448,192,3328,103680
128x768x768w30-8-29,128,768,768,30,8,29,30-8-29,M0K,93216,1920,1856,696,29,1856,30,8,21472,6960,192,3712,103680
128x768x768w15-8-52,128,768,768,15,8,52,15-8-52,M0K,93632,960,3328,416,52,3328,15,8,21056,6240,64,6656,103680
128x768x768w29-8-29,128,768,768,29,8,29,29-8-29,M0K,93808,1856,1856,696,29,1856,29,8,20880,6728,192,3712,103680
128x768x768w15-16-26,128,768,768,15,16,26,15-16-26,M0K,97952,1920,3328,208,26,3328,15,16,16736,3120,128,6656,103680
128x768x768w28-8-29,128,768,768,28,8,29,28-8-29,M0K,94400,1792,1856,696,29,1856,28,8,20288,6496,192,3712,103680
128x768x768w27-8-29,128,768,768,27,8,29,27-8-29,M0K,94992,1728,1856,696,29,1856,27,8,19696,6264,192,3712,103680
128x768x768w15-8-54,128,768,768,15,8,54,15-8-54,M0K,92896,960,3456,432,54,3456,15,8,21792,6480,64,6912,103680
128x768x768w13-16-29,128,768,768,13,16,29,13-16-29,M0K,97904,1664,3712,232,29,3712,13,16,16784,3016,128,7424,103680
128x768x768w15-8-53,128,768,768,15,8,53,15-8-53,M0K,93264,960,3392,424,53,3392,15,8,21424,6360,64,6784,103680
128x768x768w9-16-42,128,768,768,9,16,42,9-16-42,M0K,95584,1152,5376,336,42,5376,9,16,19104,3024,128,10752,103968
128x768x768w9-16-41,128,768,768,9,16,41,9-16-41,M0K,95984,1152,5248,328,41,5248,9,16,18704,2952,128,10496,103968
128x768x768w12-24-21,128,768,768,12,24,21,12-24-21,M0K,97984,2304,4032,168,21,4032,12,24,16704,2016,192,8064,104192
128x768x768w8-16-46,128,768,768,8,16,46,8-16-46,00K,94976,1024,5888,368,46,5888,8,16,19712,2944,128,11776,104448
128x768x768w16-8-47,128,768,768,16,8,47,16-8-47,00K,94592,1024,3008,752,47,3008,16,8,20096,6016,128,6016,104448
128x768x768w37-8-23,128,768,768,37,8,23,37-8-23,M0K,93392,2368,1472,736,23,1472,37,8,21296,6808,256,2944,104448
128x768x768w35-8-23,128,768,768,35,8,23,35-8-23,M0K,94384,2240,1472,736,23,1472,35,8,20304,6440,256,2944,104448
128x768x768w17-8-46,128,768,768,17,8,46,17-8-46,M0K,94112,1088,2944,736,46,2944,17,8,20576,6256,128,5888,104448
128x768x768w17-16-23,128,768,768,17,16,23,17-16-23,M0K,98192,2176,2944,368,23,2944,17,16,16496,3128,256,5888,104448
128x768x768w16-8-46,128,768,768,16,8,46,16-8-46,00K,94976,1024,2944,736,46,2944,16,8,19712,5888,128,5888,104448
128x768x768w34-8-23,128,768,768,34,8,23,34-8-23,M0K,94880,2176,1472,736,23,1472,34,8,19808,6256,256,2944,104448
128x768x768w40-8-23,128,768,768,40,8,23,40-8-23,M0K,91904,2560,1472,920,23,1472,40,8,22784,7360,320,2944,104448
128x768x768w8-16-47,128,768,768,8,16,47,8-16-47,00K,94592,1024,6016,376,47,6016,8,16,20096,3008,128,12032,104448
128x768x768w8-32-23,128,768,768,8,32,23,8-32-23,00K,95872,2048,5888,184,23,5888,8,32,18816,1472,256,11776,104448
128x768x768w39-8-23,128,768,768,39,8,23,39-8-23,M0K,92400,2496,1472,736,23,1472,39,8,22288,7176,256,2944,104448
128x768x768w36-8-23,128,768,768,36,8,23,36-8-23,M0K,93888,2304,1472,736,23,1472,36,8,20800,6624,256,2944,104448
128x768x768w32-8-23,128,768,768,32,8,23,32-8-23,00K,95872,2048,1472,736,23,1472,32,8,18816,5888,256,2944,104448
128x768x768w33-8-23,128,768,768,33,8,23,33-8-23,M0K,95376,2112,1472,736,23,1472,33,8,19312,6072,256,2944,104448
128x768x768w16-16-23,128,768,768,16,16,23,16-16-23,00K,98816,2048,2944,368,23,2944,16,16,15872,2944,256,5888,104448
128x768x768w38-8-23,128,768,768,38,8,23,38-8-23,M0K,92896,2432,1472,736,23,1472,38,8,21792,6992,256,2944,104448
128x768x768w17-8-47,128,768,768,17,8,47,17-8-47,M0K,93712,1088,3008,752,47,3008,17,8,20976,6392,128,6016,104448
128x768x768w11-40-14,128,768,768,11,40,14,11-40-14,MNK,96224,3520,4480,112,14,4480,11,40,18464,1232,320,8960,104500
128x768x768w10-16-37,128,768,768,10,16,37,10-16-37,M0K,96736,1280,4736,296,37,4736,10,16,17952,2960,128,9472,104832
128x768x768w10-16-38,128,768,768,10,16,38,10-16-38,M0K,96320,1280,4864,304,38,4864,10,16,18368,3040,128,9728,104832
128x768x768w20-16-20,128,768,768,20,16,20,20-16-20,M0K,98048,2560,2560,320,20,2560,20,16,16640,3200,256,5120,104832
128x768x768w19-16-20,128,768,768,19,16,20,19-16-20,M0K,98624,2432,2560,320,20,2560,19,16,16064,3040,256,5120,104832
128x768x768w11-32-17,128,768,768,11,32,17,11-32-17,M0K,97360,2816,4352,136,17,4352,11,32,17328,1496,256,8704,104880
128x768x768w9-40-17,128,768,768,9,40,17,9-40-17,MNK,95600,2880,5440,136,17,5440,9,40,19088,1224,320,10880,104880
128x768x768w11-16-34,128,768,768,11,16,34,11-16-34,M0K,97184,1408,4352,272,34,4352,11,16,17504,2992,128,8704,104880
128x768x768w8-40-19,128,768,768,8,40,19,8-40-19,0NK,94976,2560,6080,152,19,6080,8,40,19712,1216,320,12160,104960
128x768x768w13-24-19,128,768,768,13,24,19,13-24-19,M0K,98448,2496,3648,152,19,3648,13,24,16240,1976,192,7296,104960
128x768x768w9-64-10,128,768,768,9,64,10,9-64-10,M0K,93792,4608,5120,80,10,5120,9,64,20896,720,512,10240,105336
128x768x768w26-16-14,128,768,768,26,16,14,26-16-14,M0K,98624,3328,1792,336,14,1792,26,16,16064,2912,384,3584,105600
128x768x768w30-16-14,128,768,768,30,16,14,30-16-14,M0K,96704,3840,1792,336,14,1792,30,16,17984,3360,384,3584,105600
128x768x768w12-16-31,128,768,768,12,16,31,12-16-31,M0K,97728,1536,3968,248,31,3968,12,16,16960,2976,128,7936,105600
128x768x768w29-16-14,128,768,768,29,16,14,29-16-14,M0K,97184,3712,1792,336,14,1792,29,16,17504,3248,384,3584,105600
128x768x768w21-8-35,128,768,768,21,8,35,21-8-35,M0K,95760,1344,2240,560,35,2240,21,8,18928,5880,128,4480,105600
128x768x768w21-8-36,128,768,768,21,8,36,21-8-36,M0K,95296,1344,2304,576,36,2304,21,8,19392,6048,128,4608,105600
128x768x768w13-32-14,128,768,768,13,32,14,13-32-14,M0K,97952,3328,3584,112,14,3584,13,32,16736,1456,256,7168,105600
128x768x768w62-8-14,128,768,768,62,8,14,62-8-14,M0K,91072,3968,896,784,14,896,62,8,23616,6944,448,1792,105600
128x768x768w27-16-14,128,768,768,27,16,14,27-16-14,M0K,98144,3456,1792,336,14,1792,27,16,16544,3024,384,3584,105600
128x768x768w28-16-14,128,768,768,28,16,14,28-16-14,M0K,97664,3584,1792,336,14,1792,28,16,17024,3136,384,3584,105600
128x768x768w18-8-41,128,768,768,18,8,41,18-8-41,M0K,95328,1152,2624,656,41,2624,18,8,19360,5904,128,5248,105792
128x768x768w18-8-42,128,768,768,18,8,42,18-8-42,M0K,94912,1152,2688,672,42,2688,18,8,19776,6048,128,5376,105792
128x768x768w9-24-27,128,768,768,9,24,27,9-24-27,M0K,96976,1728,5184,216,27,5184,9,24,17712,1944,192,10368,105792
128x768x768w25-24-10,128,768,768,25,24,10,25-24-10,M0K,97248,4800,1920,240,10,1920,25,24,17440,2000,576,3840,105952
128x768x768w12-56-9,128,768,768,12,56,9,12-56-9,MNK,94144,5376,4032,72,9,4032,12,56,20544,864,448,8064,105952
128x768x768w22-16-17,128,768,768,22,16,17,22-16-17,M0K,98720,2816,2176,272,17,2176,22,16,15968,2992,256,4352,105984
128x768x768w45-8-17,128,768,768,45,8,17,45-8-17,M0K,94512,2880,1088,680,17,1088,45,8,20176,6120,320,2176,105984
128x768x768w23-8-34,128,768,768,23,8,34,23-8-34,M0K,94880,1472,2176,544,34,2176,23,8,19808,6256,128,4352,105984
128x768x768w54-8-17,128,768,768,54,8,17,54-8-17,M0K,90912,3456,1088,816,17,1088,54,8,23776,7344,384,2176,105984
128x768x768w47-8-17,128,768,768,47,8,17,47-8-17,M0K,93712,3008,1088,680,17,1088,47,8,20976,6392,320,2176,105984
128x768x768w15-24-17,128,768,768,15,24,17,15-24-17,M0K,98320,2880,3264,136,17,3264,15,24,16368,2040,192,6528,105984
128x768x768w48-8-17,128,768,768,48,8,17,48-8-17,M0K,93312,3072,1088,816,17,1088,48,8,21376,6528,384,2176,105984
128x768x768w57-8-17,128,768,768,57,8,17,57-8-17,M0K,89712,3648,1088,952,17,1088,57,8,24976,7752,448,2176,105984
128x768x768w56-8-17,128,768,768,56,8,17,56-8-17,M0K,90112,3584,1088,952,17,1088,56,8,24576,7616,448,2176,105984
128x768x768w43-8-17,128,768,768,43,8,17,43-8-17,M0K,95312,2752,1088,680,17,1088,43,8,19376,5848,320,2176,105984
128x768x768w49-8-17,128,768,768,49,8,17,49-8-17,M0K,92912,3136,1088,816,17,1088,49,8,21776,6664,384,2176,105984
128x768x768w50-8-17,128,768,768,50,8,17,50-8-17,M0K,92512,3200,1088,816,17,1088,50,8,22176,6800,384,2176,105984
128x768x768w52-8-17,128,768,768,52,8,17,52-8-17,M0K,91712,3328,1088,816,17,1088,52,8,22976,7072,384,2176,105984
128x768x768w24-16-17,128,768,768,24,16,17,24-16-17,M0K,97664,3072,2176,408,17,2176,24,16,17024,3264,384,4352,105984
128x768x768w60-8-17,128,768,768,60,8,17,60-8-17,M0K,88512,3840,1088,952,17,1088,60,8,26176,8160,448,2176,105984
128x768x768w46-8-17,128,768,768,46,8,17,46-8-17,M0K,94112,2944,1088,680,17,1088,46,8,20576,6256,320,2176,105984
128x768x768w55-8-17,128,768,768,55,8,17,55-8-17,M0K,90512,3520,1088,816,17,1088,55,8,24176,7480,384,2176,105984
128x768x768w59-8-17,128,768,768,59,8,17,59-8-17,M0K,88912,3776,1088,952,17,1088,59,8,25776,8024,448,2176,105984
128x768x768w51-8-17,128,768,768,51,8,17,51-8-17,M0K,92112,3264,1088,816,17,1088,51,8,22576,6936,384,2176,105984
128x768x768w24-8-34,128,768,768,24,8,34,24-8-34,M0K,94208,1536,2176,816,34,2176,24,8,20480,6528,192,4352,105984
128x768x768w44-8-17,128,768,768,44,8,17,44-8-17,M0K,94912,2816,1088,680,17,1088,44,8,19776,5984,320,2176,105984
128x768x768w23-16-17,128,768,768,23,16,17,23-16-17,M0K,98192,2944,2176,272,17,2176,23,16,16496,3128,256,4352,105984
128x768x768w22-8-34,128,768,768,22,8,34,22-8-34,M0K,95552,1408,2176,544,34,2176,22,8,19136,5984,128,4352,105984
128x768x768w58-8-17,128,768,768,58,8,17,58-8-17,M0K,89312,3712,1088,952,17,1088,58,8,25376,7888,448,2176,105984
128x768x768w53-8-17,128,768,768,53,8,17,53-8-17,M0K,91312,3392,1088,816,17,1088,53,8,23376,7208,384,2176,105984
128x768x768w11-48-11,128,768,768,11,48,11,11-48-11,M0K,95856,4224,4224,88,11,4224,11,48,18832,968,384,8448,106400
128x768x768w11-24-22,128,768,768,11,24,22,11-24-22,M0K,98144,2112,4224,176,22,4224,11,24,16544,1936,192,8448,106400
128x768x768w10-24-24,128,768,768,10,24,24,10-24-24,M00,97792,1920,4608,192,24,4608,10,24,16896,1920,192,9216,106496
128x768x768w16-24-15,128,768,768,16,24,15,16-24-15,00K,98944,3072,2880,240,15,2880,16,24,15744,1920,384,5760,106496
128x768x768w17-24-15,128,768,768,17,24,15,17-24-15,M0K,98320,3264,2880,240,15,2880,17,24,16368,2040,384,5760,106496
128x768x768w8-24-30,128,768,768,8,24,30,8-24-30,00K,96256,1536,5760,240,30,5760,8,24,18432,1920,192,11520,106496
128x768x768w8-48-15,128,768,768,8,48,15,8-48-15,00K,95104,3072,5760,120,15,5760,8,48,19584,960,384,11520,106496
128x768x768w10-48-12,128,768,768,10,48,12,10-48-12,M00,95872,3840,4608,96,12,4608,10,48,18816,960,384,9216,106496
128x768x768w14-8-54,128,768,768,14,8,54,14-8-54,M0K,93888,896,3456,432,54,3456,14,8,20800,6048,64,6912,106560
128x768x768w14-8-52,128,768,768,14,8,52,14-8-52,M0K,94592,896,3328,416,52,3328,14,8,20096,5824,64,6656,106560
128x768x768w14-16-26,128,768,768,14,16,26,14-16-26,M0K,98624,1792,3328,208,26,3328,14,16,16064,2912,128,6656,106560
128x768x768w14-8-53,128,768,768,14,8,53,14-8-53,M0K,94240,896,3392,424,53,3392,14,8,20448,5936,64,6784,106560
128x768x768w9-32-20,128,768,768,9,32,20,9-32-20,M0K,96960,2304,5120,160,20,5120,9,32,17728,1440,256,10240,106704
128x768x768w15-16-25,128,768,768,15,16,25,15-16-25,M0K,98448,1920,3200,200,25,3200,15,16,16240,3000,128,6400,107136
128x768x768w31-8-25,128,768,768,31,8,25,31-8-25,M0K,95120,1984,1600,600,25,1600,31,8,19568,6200,192,3200,107136
128x768x768w18-32-10,128,768,768,18,32,10,18-32-10,M0K,97472,4608,2560,160,10,2560,18,32,17216,1440,512,5120,107184
128x768x768w41-16-10,128,768,768,41,16,10,41-16-10,M0K,95072,5248,1280,400,10,1280,41,16,19616,3280,640,2560,107184
128x768x768w25-8-30,128,768,768,25,8,30,25-8-30,M0K,95648,1600,1920,720,30,1920,25,8,19040,6000,192,3840,107328
128x768x768w42-16-9,128,768,768,42,16,9,42-16-9,M0K,95584,5376,1152,360,9,1152,42,16,19104,3024,640,2304,107328
128x768x768w10-64-9,128,768,768,10,64,9,10-64-9,M0K,93792,5120,4608,72,9,4608,10,64,20896,720,512,9216,107328
128x768x768w25-16-15,128,768,768,25,16,15,25-16-15,M0K,98448,3200,1920,360,15,1920,25,16,16240,3000,384,3840,107328
128x768x768w42-8-18,128,768,768,42,8,18,42-8-18,M0K,94912,2688,1152,720,18,1152,42,8,19776,6048,320,2304,107328
128x768x768w10-32-18,128,768,768,10,32,18,10-32-18,M0K,97472,2560,4608,144,18,4608,10,32,17216,1440,256,9216,107328
128x768x768w33-16-11,128,768,768,33,16,11,33-16-11,M0K,97616,4224,1408,352,11,1408,33,16,17072,2904,512,2816,107520
128x768x768w88-8-11,128,768,768,88,8,11,88-8-11,M0K,86528,5632,704,968,11,704,88,8,28160,7744,704,1408,107520
128x768x768w34-16-11,128,768,768,34,16,11,34-16-11,M0K,97184,4352,1408,352,11,1408,34,16,17504,2992,512,2816,107520
128x768x768w67-8-11,128,768,768,67,8,11,67-8-11,M0K,92912,4288,704,704,11,704,67,8,21776,5896,512,1408,107520
128x768x768w22-24-11,128,768,768,22,24,11,22-24-11,M0K,98144,4224,2112,176,11,2112,22,24,16544,1936,384,4224,107520
128x768x768w39-16-11,128,768,768,39,16,11,39-16-11,M0K,95024,4992,1408,352,11,1408,39,16,19664,3432,512,2816,107520
128x768x768w16-32-11,128,768,768,16,32,11,16-32-11,00K,98048,4096,2816,176,11,2816,16,32,16640,1408,512,5632,107520
128x768x768w39-8-22,128,768,768,39,8,22,39-8-22,M0K,93152,2496,1408,704,22,1408,39,8,21536,6864,256,2816,107520
128x768x768w86-8-11,128,768,768,86,8,11,86-8-11,M0K,87136,5504,704,880,11,704,86,8,27552,7568,640,1408,107520
128x768x768w32-16-11,128,768,768,32,16,11,32-16-11,00K,98048,4096,1408,352,11,1408,32,16,16640,2816,512,2816,107520
128x768x768w19-40-8,128,768,768,19,40,8,19-40-8,MN0,94976,6080,2560,128,8,2560,19,40,19712,1216,640,5120,107520
128x768x768w8-32-22,128,768,768,8,32,22,8-32-22,00K,96512,2048,5632,176,22,5632,8,32,18176,1408,256,11264,107520
128x768x768w16-16-22,128,768,768,16,16,22,16-16-22,00K,99328,2048,2816,352,22,2816,16,16,15360,2816,256,5632,107520
128x768x768w13-56-8,128,768,768,13,56,8,13-56-8,MN0,94208,5824,3584,64,8,3584,13,56,20480,832,448,7168,107520
128x768x768w83-8-11,128,768,768,83,8,11,83-8-11,M0K,88048,5312,704,880,11,704,83,8,26640,7304,640,1408,107520
128x768x768w29-8-28,128,768,768,29,8,28,29-8-28,M0K,94400,1856,1792,672,28,1792,29,8,20288,6496,192,3584,107520
128x768x768w78-8-11,128,768,768,78,8,11,78-8-11,M0K,89568,4992,704,792,11,704,78,8,25120,6864,576,1408,107520
128x768x768w69-8-11,128,768,768,69,8,11,69-8-11,M0K,92304,4416,704,704,11,704,69,8,22384,6072,512,1408,107520
128x768x768w26-8-28,128,768,768,26,8,28,26-8-28,M0K,96128,1664,1792,672,28,1792,26,8,18560,5824,192,3584,107520
128x768x768w74-8-11,128,768,768,74,8,11,74-8-11,M0K,90784,4736,704,792,11,704,74,8,23904,6512,576,1408,107520
128x768x768w38-8-22,128,768,768,38,8,22,38-8-22,M0K,93632,2432,1408,704,22,1408,38,8,21056,6688,256,2816,107520
128x768x768w27-8-28,128,768,768,27,8,28,27-8-28,M0K,95552,1728,1792,672,28,1792,27,8,19136,6048,192,3584,107520
128x768x768w33-8-22,128,768,768,33,8,22,33-8-22,M0K,96032,2112,1408,704,22,1408,33,8,18656,5808,256,2816,107520
128x768x768w70-8-11,128,768,768,70,8,11,70-8-11,M0K,92000,4480,704,704,11,704,70,8,22688,6160,512,1408,107520
128x768x768w30-8-28,128,768,768,30,8,28,30-8-28,M0K,93824,1920,1792,672,28,1792,30,8,20864,6720,192,3584,107520
128x768x768w75-8-11,128,768,768,75,8,11,75-8-11,M0K,90480,4800,704,792,11,704,75,8,24208,6600,576,1408,107520
128x768x768w20-8-39,128,768,768,20,8,39,20-8-39,M0K,94656,1280,2496,624,39,2496,20,8,20032,6240,128,4992,107520
128x768x768w37-16-11,128,768,768,37,16,11,37-16-11,M0K,95888,4736,1408,352,11,1408,37,16,18800,3256,512,2816,107520
128x768x768w13-8-57,128,768,768,13,8,57,13-8-57,M0K,93872,832,3648,456,57,3648,13,8,20816,5928,64,7296,107520
128x768x768w93-8-11,128,768,768,93,8,11,93-8-11,M0K,85008,5952,704,968,11,704,93,8,29680,8184,704,1408,107520
128x768x768w20-40-8,128,768,768,20,40,8,20-40-8,MN0,94208,6400,2560,128,8,2560,20,40,20480,1280,640,5120,107520
128x768x768w28-8-28,128,768,768,28,8,28,28-8-28,M0K,94976,1792,1792,672,28,1792,28,8,19712,6272,192,3584,107520
128x768x768w64-8-11,128,768,768,64,8,11,64-8-11,00K,93824,4096,704,704,11,704,64,8,20864,5632,512,1408,107520
128x768x768w32-8-22,128,768,768,32,8,22,32-8-22,00K,96512,2048,1408,704,22,1408,32,8,18176,5632,256,2816,107520
128x768x768w17-16-22,128,768,768,17,16,22,17-16-22,M0K,98720,2176,2816,352,22,2816,17,16,15968,2992,256,5632,107520
128x768x768w72-8-11,128,768,768,72,8,11,72-8-11,M0K,91392,4608,704,792,11,704,72,8,23296,6336,576,1408,107520
128x768x768w87-8-11,128,768,768,87,8,11,87-8-11,M0K,86832,5568,704,880,11,704,87,8,27856,7656,640,1408,107520
128x768x768w36-16-11,128,768,768,36,16,11,36-16-11,M0K,96320,4608,1408,352,11,1408,36,16,18368,3168,512,2816,107520
128x768x768w13-8-56,128,768,768,13,8,56,13-8-56,M0K,94208,832,3584,448,56,3584,13,8,20480,5824,64,7168,107520
128x768x768w35-8-22,128,768,768,35,8,22,35-8-22,M0K,95072,2240,1408,704,22,1408,35,8,19616,6160,256,2816,107520
128x768x768w73-8-11,128,768,768,73,8,11,73-8-11,M0K,91088,4672,704,792,11,704,73,8,23600,6424,576,1408,107520
128x768x768w91-8-11,128,768,768,91,8,11,91-8-11,M0K,85616,5824,704,968,11,704,91,8,29072,8008,704,1408,107520
128x768x768w65-8-11,128,768,768,65,8,11,65-8-11,M0K,93520,4160,704,704,11,704,65,8,21168,5720,512,1408,107520
128x768x768w19-8-39,128,768,768,19,8,39,19-8-39,M0K,95408,1216,2496,624,39,2496,19,8,19280,5928,128,4992,107520
128x768x768w77-8-11,128,768,768,77,8,11,77-8-11,M0K,89872,4928,704,792,11,704,77,8,24816,6776,576,1408,107520
128x768x768w81-8-11,128,768,768,81,8,11,81-8-11,M0K,88656,5184,704,880,11,704,81,8,26032,7128,640,1408,107520
128x768x768w84-8-11,128,768,768,84,8,11,84-8-11,M0K,87744,5376,704,880,11,704,84,8,26944,7392,640,1408,107520
128x768x768w40-8-22,128,768,768,40,8,22,40-8-22,M0K,92672,2560,1408,880,22,1408,40,8,22016,7040,320,2816,107520
128x768x768w38-16-11,128,768,768,38,16,11,38-16-11,M0K,95456,4864,1408,352,11,1408,38,16,19232,3344,512,2816,107520
128x768x768w66-8-11,128,768,768,66,8,11,66-8-11,M0K,93216,4224,704,704,11,704,66,8,21472,5808,512,1408,107520
128x768x768w89-8-11,128,768,768,89,8,11,89-8-11,M0K,86224,5696,704,968,11,704,89,8,28464,7832,704,1408,107520
128x768x768w24-24-11,128,768,768,24,24,11,24-24-11,M0K,97024,4608,2112,264,11,2112,24,24,17664,2112,576,4224,107520
128x768x768w76-8-11,128,768,768,76,8,11,76-8-11,M0K,90176,4864,704,792,11,704,76,8,24512,6688,576,1408,107520
128x768x768w19-8-40,128,768,768,19,8,40,19-8-40,M0K,94976,1216,2560,640,40,2560,19,8,19712,6080,128,5120,107520
128x768x768w35-16-11,128,768,768,35,16,11,35-16-11,M0K,96752,4480,1408,352,11,1408,35,16,17936,3080,512,2816,107520
128x768x768w85-8-11,128,768,768,85,8,11,85-8-11,M0K,87440,5440,704,880,11,704,85,8,27248,7480,640,1408,107520
128x768x768w8-64-11,128,768,768,8,64,11,8-64-11,00K,93824,4096,5632,88,11,5632,8,64,20864,704,512,11264,107520
128x768x768w34-8-22,128,768,768,34,8,22,34-8-22,M0K,95552,2176,1408,704,22,1408,34,8,19136,5984,256,2816,107520
128x768x768w80-8-11,128,768,768,80,8,11,80-8-11,M0K,88960,5120,704,880,11,704,80,8,25728,7040,640,1408,107520
128x768x768w13-8-58,128,768,768,13,8,58,13-8-58,M0K,93536,832,3712,464,58,3712,13,8,21152,6032,64,7424,107520
128x768x768w36-8-22,128,768,768,36,8,22,36-8-22,M0K,94592,2304,1408,704,22,1408,36,8,20096,6336,256,2816,107520
128x768x768w37-8-22,128,768,768,37,8,22,37-8-22,M0K,94112,2368,1408,704,22,1408,37,8,20576,6512,256,2816,107520
128x768x768w71-8-11,128,768,768,71,8,11,71-8-11,M0K,91696,4544,704,704,11,704,71,8,22992,6248,512,1408,107520
128x768x768w82-8-11,128,768,768,82,8,11,82-8-11,M0K,88352,5248,704,880,11,704,82,8,26336,7216,640,1408,107520
128x768x768w92-8-11,128,768,768,92,8,11,92-8-11,M0K,85312,5888,704,968,11,704,92,8,29376,8096,704,1408,107520
128x768x768w40-16-11,128,768,768,40,16,11,40-16-11,M0K,94592,5120,1408,440,11,1408,40,16,20096,3520,640,2816,107520
128x768x768w90-8-11,128,768,768,90,8,11,90-8-11,M0K,85920,5760,704,968,11,704,90,8,28768,7920,704,1408,107520
128x768x768w20-8-40,128,768,768,20,8,40,20-8-40,M0K,94208,1280,2560,640,40,2560,20,8,20480,6400,128,5120,107520
128x768x768w17-32-11,128,768,768,17,32,11,17-32-11,M0K,97360,4352,2816,176,11,2816,17,32,17328,1496,512,5632,107520
128x768x768w13-16-28,128,768,768,13,16,28,13-16-28,M0K,98368,1664,3584,224,28,3584,13,16,16320,2912,128,7168,107520
128x768x768w68-8-11,128,768,768,68,8,11,68-8-11,M0K,92608,4352,704,704,11,704,68,8,22080,5984,512,1408,107520
128x768x768w13-8-55,128,768,768,13,8,55,13-8-55,M0K,94544,832,3520,440,55,3520,13,8,20144,5720,64,7040,107520
128x768x768w23-24-11,128,768,768,23,24,11,23-24-11,M0K,97584,4416,2112,176,11,2112,23,24,17104,2024,384,4224,107520
128x768x768w79-8-11,128,768,768,79,8,11,79-8-11,M0K,89264,5056,704,792,11,704,79,8,25424,6952,576,1408,107520
128x768x768w9-72-9,128,768,768,9,72,9,9-72-9,MNK,92656,5184,5184,72,9,5184,9,72,22032,648,576,10368,107844
128x768x768w10-40-15,128,768,768,10,40,15,10-40-15,MNK,96288,3200,4800,120,15,4800,10,40,18400,1200,320,9600,108160
128x768x768w8-72-10,128,768,768,8,72,10,8-72-10,0NK,92672,4608,5760,80,10,5760,8,72,22016,640,576,11520,108416
128x768x768w12-48-10,128,768,768,12,48,10,12-48-10,M0K,95872,4608,3840,80,10,3840,12,48,18816,960,384,7680,108416
128x768x768w41-8-20,128,768,768,41,8,20,41-8-20,M0K,93760,2624,1280,800,20,1280,41,8,20928,6560,320,2560,108576
128x768x768w18-16-20,128,768,768,18,16,20,18-16-20,M0K,99200,2304,2560,320,20,2560,18,16,15488,2880,256,5120,108576
128x768x768w14-24-17,128,768,768,14,24,17,14-24-17,M0K,98976,2688,3264,136,17,3264,14,24,15712,1904,192,6528,108928
128x768x768w9-40-16,128,768,768,9,40,16,9-40-16,MN0,96384,2880,5120,128,16,5120,9,40,18304,1152,320,10240,109440
128x768x768w9-16-40,128,768,768,9,16,40,9-16-40,M0K,96384,1152,5120,320,40,5120,9,16,18304,2880,128,10240,109440
128x768x768w11-16-33,128,768,768,11,16,33,11-16-33,M0K,97616,1408,4224,264,33,4224,11,16,17072,2904,128,8448,109440
128x768x768w9-8-80,128,768,768,9,8,80,9-8-80,M0K,91776,576,5120,640,80,5120,9,8,22912,5760,64,10240,109440
128x768x768w9-8-82,128,768,768,9,8,82,9-8-82,M0K,91232,576,5248,656,82,5248,9,8,23456,5904,64,10496,109440
128x768x768w9-24-26,128,768,768,9,24,26,9-24-26,M0K,97504,1728,4992,208,26,4992,9,24,17184,1872,192,9984,109440
128x768x768w9-8-85,128,768,768,9,8,85,9-8-85,M0K,90416,576,5440,680,85,5440,9,8,24272,6120,64,10880,109440
128x768x768w9-80-8,128,768,768,9,80,8,9-80-8,MN0,91776,5760,5120,64,8,5120,9,80,22912,576,640,10240,109440
128x768x768w9-8-79,128,768,768,9,8,79,9-8-79,M0K,92048,576,5056,632,79,5056,9,8,22640,5688,64,10112,109440
128x768x768w11-8-68,128,768,768,11,8,68,11-8-68,M0K,92608,704,4352,544,68,4352,11,8,22080,5984,64,8704,109440
128x768x768w9-8-83,128,768,768,9,8,83,9-8-83,M0K,90960,576,5312,664,83,5312,9,8,23728,5976,64,10624,109440
128x768x768w11-8-64,128,768,768,11,8,64,11-8-64,M00,93824,704,4096,512,64,4096,11,8,20864,5632,64,8192,109440
128x768x768w9-8-84,128,768,768,9,8,84,9-8-84,M0K,90688,576,5376,672,84,5376,9,8,24000,6048,64,10752,109440
128x768x768w11-8-67,128,768,768,11,8,67,11-8-67,M0K,92912,704,4288,536,67,4288,11,8,21776,5896,64,8576,109440
128x768x768w9-16-39,128,768,768,9,16,39,9-16-39,M0K,96784,1152,4992,312,39,4992,9,16,17904,2808,128,9984,109440
128x768x768w11-16-32,128,768,768,11,16,32,11-16-32,M00,98048,1408,4096,256,32,4096,11,16,16640,2816,128,8192,109440
128x768x768w9-8-77,128,768,768,9,8,77,9-8-77,M0K,92592,576,4928,616,77,4928,9,8,22096,5544,64,9856,109440
128x768x768w11-8-65,128,768,768,11,8,65,11-8-65,M0K,93520,704,4160,520,65,4160,11,8,21168,5720,64,8320,109440
128x768x768w11-8-66,128,768,768,11,8,66,11-8-66,M0K,93216,704,4224,528,66,4224,11,8,21472,5808,64,8448,109440
128x768x768w11-8-69,128,768,768,11,8,69,11-8-69,M0K,92304,704,4416,552,69,4416,11,8,22384,6072,64,8832,109440
128x768x768w11-64-8,128,768,768,11,64,8,11-64-8,M00,93824,5632,4096,64,8,4096,11,64,20864,704,512,8192,109440
128x768x768w9-8-81,128,768,768,9,8,81,9-8-81,M0K,91504,576,5184,648,81,5184,9,8,23184,5832,64,10368,109440
128x768x768w11-32-16,128,768,768,11,32,16,11-32-16,M00,98048,2816,4096,128,16,4096,11,32,16640,1408,256,8192,109440
128x768x768w9-8-78,128,768,768,9,8,78,9-8-78,M0K,92320,576,4992,624,78,4992,9,8,22368,5616,64,9984,109440
128x768x768w10-8-72,128,768,768,10,8,72,10-8-72,M0K,92672,640,4608,576,72,4608,10,8,22016,5760,64,9216,109824
128x768x768w10-8-75,128,768,768,10,8,75,10-8-75,M0K,91808,640,4800,600,75,4800,10,8,22880,6000,64,9600,109824
128x768x768w10-8-70,128,768,768,10,8,70,10-8-70,M0K,93248,640,4480,560,70,4480,10,8,21440,5600,64,8960,109824
128x768x768w10-8-71,128,768,768,10,8,71,10-8-71,M0K,92960,640,4544,568,71,4544,10,8,21728,5680,64,9088,109824
128x768x768w10-8-74,128,768,768,10,8,74,10-8-74,M0K,92096,640,4736,592,74,4736,10,8,22592,5920,64,9472,109824
128x768x768w61-8-15,128,768,768,61,8,15,61-8-15,M0K,90320,3904,960,840,15,960,61,8,24368,7320,448,1920,109824
128x768x768w10-16-36,128,768,768,10,16,36,10-16-36,M0K,97152,1280,4608,288,36,4608,10,16,17536,2880,128,9216,109824
128x768x768w12-16-30,128,768,768,12,16,30,12-16-30,M0K,98176,1536,3840,240,30,3840,12,16,16512,2880,128,7680,109824
128x768x768w10-72-8,128,768,768,10,72,8,10-72-8,MN0,92672,5760,4608,64,8,4608,10,72,22016,640,576,9216,109824
128x768x768w12-32-15,128,768,768,12,32,15,12-32-15,M0K,97984,3072,3840,120,15,3840,12,32,16704,1440,256,7680,109824
128x768x768w10-16-35,128,768,768,10,16,35,10-16-35,M0K,97568,1280,4480,280,35,4480,10,16,17120,2800,128,8960,109824
128x768x768w12-8-63,128,768,768,12,8,63,12-8-63,M0K,92992,768,4032,504,63,4032,12,8,21696,6048,64,8064,109824
128x768x768w10-8-73,128,768,768,10,8,73,10-8-73,M0K,92384,640,4672,584,73,4672,10,8,22304,5840,64,9344,109824
128x768x768w10-8-76,128,768,768,10,8,76,10-8-76,M0K,91520,640,4864,608,76,4864,10,8,23168,6080,64,9728,109824
128x768x768w12-8-62,128,768,768,12,8,62,12-8-62,M0K,93312,768,3968,496,62,3968,12,8,21376,5952,64,7936,109824
128x768x768w12-8-60,128,768,768,12,8,60,12-8-60,M0K,93952,768,3840,480,60,3840,12,8,20736,5760,64,7680,109824
128x768x768w12-24-20,128,768,768,12,24,20,12-24-20,M0K,98560,2304,3840,160,20,3840,12,24,16128,1920,192,7680,109824
128x768x768w12-8-61,128,768,768,12,8,61,12-8-61,M0K,93632,768,3904,488,61,3904,12,8,21056,5856,64,7808,109824
128x768x768w27-24-9,128,768,768,27,24,9,27-24-9,M0K,96976,5184,1728,216,9,1728,27,24,17712,1944,576,3456,110080
128x768x768w29-24-9,128,768,768,29,24,9,29-24-9,M0K,95920,5568,1728,216,9,1728,29,24,18768,2088,576,3456,110080
128x768x768w13-48-9,128,768,768,13,48,9,13-48-9,M0K,95920,4992,3456,72,9,3456,13,48,18768,936,384,6912,110080
128x768x768w8-80-9,128,768,768,8,80,9,8-80-9,0NK,91776,5120,5760,72,9,5760,8,80,22912,576,640,11520,110080
128x768x768w30-24-9,128,768,768,30,24,9,30-24-9,M0K,95392,5760,1728,216,9,1728,30,24,19296,2160,576,3456,110080
128x768x768w8-40-18,128,768,768,8,40,18,8-40-18,0NK,95744,2560,5760,144,18,5760,8,40,18944,1152,320,11520,110080
128x768x768w13-24-18,128,768,768,13,24,18,13-24-18,M0K,99040,2496,3456,144,18,3456,13,24,15648,1872,192,6912,110080
128x768x768w16-40-9,128,768,768,16,40,9,16-40-9,0NK,96384,5120,2880,144,9,2880,16,40,18304,1152,640,5760,110080
128x768x768w17-40-9,128,768,768,17,40,9,17-40-9,MNK,95600,5440,2880,144,9,2880,17,40,19088,1224,640,5760,110080
128x768x768w28-24-9,128,768,768,28,24,9,28-24-9,M0K,96448,5376,1728,216,9,1728,28,24,18240,2016,576,3456,110080
128x768x768w26-24-9,128,768,768,26,24,9,26-24-9,M0K,97504,4992,1728,216,9,1728,26,24,17184,1872,576,3456,110080
128x768x768w14-16-25,128,768,768,14,16,25,14-16-25,M0K,99104,1792,3200,200,25,3200,14,16,15584,2800,128,6400,110112
128x768x768w19-16-19,128,768,768,19,16,19,19-16-19,M0K,99184,2432,2432,304,19,2432,19,16,15504,2888,256,4864,110208
128x768x768w20-16-19,128,768,768,20,16,19,20-16-19,M0K,98624,2560,2432,304,19,2432,20,16,16064,3040,256,4864,110208
128x768x768w21-8-34,128,768,768,21,8,34,21-8-34,M0K,96224,1344,2176,544,34,2176,21,8,18464,5712,128,4352,110400
128x768x768w21-16-17,128,768,768,21,16,17,21-16-17,M0K,99248,2688,2176,272,17,2176,21,16,15440,2856,256,4352,110400
128x768x768w16-8-44,128,768,768,16,8,44,16-8-44,00K,95744,1024,2816,704,44,2816,16,8,18944,5632,128,5632,110592
128x768x768w51-16-8,128,768,768,51,16,8,51-16-8,M00,93056,6528,1024,384,8,1024,51,16,21632,3264,768,2048,110592
128x768x768w31-8-24,128,768,768,31,8,24,31-8-24,M00,95744,1984,1536,576,24,1536,31,8,18944,5952,192,3072,110592
128x768x768w15-16-24,128,768,768,15,16,24,15-16-24,M00,98944,1920,3072,192,24,3072,15,16,15744,2880,128,6144,110592
128x768x768w8-8-95,128,768,768,8,8,95,8-8-95,00K,89344,512,6080,760,95,6080,8,8,25344,6080,64,12160,110592
128x768x768w59-16-8,128,768,768,59,16,8,59-16-8,M00,89984,7552,1024,448,8,1024,59,16,24704,3776,896,2048,110592
128x768x768w8-16-44,128,768,768,8,16,44,8-16-44,00K,95744,1024,5632,352,44,5632,8,16,18944,2816,128,11264,110592
128x768x768w31-24-8,128,768,768,31,24,8,31-24-8,M00,95744,5952,1536,192,8,1536,31,24,18944,1984,576,3072,110592
128x768x768w58-8-16,128,768,768,58,8,16,58-8-16,M00,90368,3712,1024,896,16,1024,58,8,24320,7424,448,2048,110592
128x768x768w24-32-8,128,768,768,24,32,8,24-32-8,M00,95232,6144,2048,192,8,2048,24,32,19456,1536,768,4096,110592
128x768x768w63-8-12,128,768,768,63,8,12,63-8-12,M00,92992,4032,768,672,12,768,63,8,21696,6048,448,1536,110592
128x768x768w15-8-48,128,768,768,15,8,48,15-8-48,M00,95104,960,3072,384,48,3072,15,8,19584,5760,64,6144,110592
128x768x768w15-8-50,128,768,768,15,8,50,15-8-50,M0K,94368,960,3200,400,50,3200,15,8,20320,6000,64,6400,110592
128x768x768w47-8-16,128,768,768,47,8,16,47-8-16,M00,94592,3008,1024,640,16,1024,47,8,20096,6016,320,2048,110592
128x768x768w8-8-90,128,768,768,8,8,90,8-8-90,00K,90624,512,5760,720,90,5760,8,8,24064,5760,64,11520,110592
128x768x768w45-8-16,128,768,768,45,8,16,45-8-16,M00,95360,2880,1024,640,16,1024,45,8,19328,5760,320,2048,110592
128x768x768w49-16-8,128,768,768,49,16,8,49-16-8,M00,93824,6272,1024,384,8,1024,49,16,20864,3136,768,2048,110592
128x768x768w49-8-16,128,768,768,49,8,16,49-8-16,M00,93824,3136,1024,768,16,1024,49,8,20864,6272,384,2048,110592
128x768x768w24-16-16,128,768,768,24,16,16,24-16-16,M00,98304,3072,2048,384,16,2048,24,16,16384,3072,384,4096,110592
128x768x768w60-8-16,128,768,768,60,8,16,60-8-16,M00,89600,3840,1024,896,16,1024,60,8,25088,7680,448,2048,110592
128x768x768w60-16-8,128,768,768,60,16,8,60-16-8,M00,89600,7680,1024,448,8,1024,60,16,25088,3840,896,2048,110592
128x768x768w23-8-32,128,768,768,23,8,32,23-8-32,M00,95872,1472,2048,512,32,2048,23,8,18816,5888,128,4096,110592
128x768x768w59-8-16,128,768,768,59,8,16,59-8-16,M00,89984,3776,1024,896,16,1024,59,8,24704,7552,448,2048,110592
128x768x768w53-16-8,128,768,768,53,16,8,53-16-8,M00,92288,6784,1024,384,8,1024,53,16,22400,3392,768,2048,110592
128x768x768w23-32-8,128,768,768,23,32,8,23-32-8,M00,95872,5888,2048,128,8,2048,23,32,18816,1472,512,4096,110592
128x768x768w8-8-89,128,768,768,8,8,89,8-8-89,00K,90880,512,5696,712,89,5696,8,8,23808,5696,64,11392,110592
128x768x768w15-8-51,128,768,768,15,8,51,15-8-51,M0K,94000,960,3264,408,51,3264,15,8,20688,6120,64,6528,110592
128x768x768w50-16-8,128,768,768,50,16,8,50-16-8,M00,93440,6400,1024,384,8,1024,50,16,21248,3200,768,2048,110592
128x768x768w124-8-8,128,768,768,124,8,8,124-8-8,M00,81920,7936,512,960,8,512,124,8,32768,7936,960,1024,110592
128x768x768w17-8-43,128,768,768,17,8,43,17-8-43,M0K,95312,1088,2752,688,43,2752,17,8,19376,5848,128,5504,110592
128x768x768w48-8-16,128,768,768,48,8,16,48-8-16,M00,94208,3072,1024,768,16,1024,48,8,20480,6144,384,2048,110592
128x768x768w15-32-12,128,768,768,15,32,12,15-32-12,M00,97984,3840,3072,96,12,3072,15,32,16704,1440,256,6144,110592
128x768x768w8-16-45,128,768,768,8,16,45,8-16-45,00K,95360,1024,5760,360,45,5760,8,16,19328,2880,128,11520,110592
128x768x768w15-8-49,128,768,768,15,8,49,15-8-49,M0K,94736,960,3136,392,49,3136,15,8,19952,5880,64,6272,110592
128x768x768w57-16-8,128,768,768,57,16,8,57-16-8,M00,90752,7296,1024,448,8,1024,57,16,23936,3648,896,2048,110592
128x768x768w58-16-8,128,768,768,58,16,8,58-16-8,M00,90368,7424,1024,448,8,1024,58,16,24320,3712,896,2048,110592
128x768x768w52-8-16,128,768,768,52,8,16,52-8-16,M00,92672,3328,1024,768,16,1024,52,8,22016,6656,384,2048,110592
128x768x768w54-8-16,128,768,768,54,8,16,54-8-16,M00,91904,3456,1024,768,16,1024,54,8,22784,6912,384,2048,110592
128x768x768w8-88-8,128,768,768,8,88,8,8-88-8,0N0,91136,5632,5632,64,8,5632,8,88,23552,512,704,11264,110592
128x768x768w46-16-8,128,768,768,46,16,8,46-16-8,M00,94976,5888,1024,320,8,1024,46,16,19712,2944,640,2048,110592
128x768x768w15-48-8,128,768,768,15,48,8,15-48-8,M00,95104,5760,3072,64,8,3072,15,48,19584,960,384,6144,110592
128x768x768w16-8-45,128,768,768,16,8,45,16-8-45,00K,95360,1024,2880,720,45,2880,16,8,19328,5760,128,5760,110592
128x768x768w22-8-32,128,768,768,22,8,32,22-8-32,M00,96512,1408,2048,512,32,2048,22,8,18176,5632,128,4096,110592
128x768x768w43-16-8,128,768,768,43,16,8,43-16-8,M00,96128,5504,1024,320,8,1024,43,16,18560,2752,640,2048,110592
128x768x768w8-8-91,128,768,768,8,8,91,8-8-91,00K,90368,512,5824,728,91,5824,8,8,24320,5824,64,11648,110592
128x768x768w57-8-16,128,768,768,57,8,16,57-8-16,M00,90752,3648,1024,896,16,1024,57,8,23936,7296,448,2048,110592
128x768x768w22-8-33,128,768,768,22,8,33,22-8-33,M0K,96032,1408,2112,528,33,2112,22,8,18656,5808,128,4224,110592
128x768x768w46-8-16,128,768,768,46,8,16,46-8-16,M00,94976,2944,1024,640,16,1024,46,8,19712,5888,320,2048,110592
128x768x768w23-8-33,128,768,768,23,8,33,23-8-33,M0K,95376,1472,2112,528,33,2112,23,8,19312,6072,128,4224,110592
128x768x768w56-8-16,128,768,768,56,8,16,56-8-16,M00,91136,3584,1024,896,16,1024,56,8,23552,7168,448,2048,110592
128x768x768w8-24-29,128,768,768,8,24,29,8-24-29,00K,96768,1536,5568,232,29,5568,8,24,17920,1856,192,11136,110592
128x768x768w8-8-93,128,768,768,8,8,93,8-8-93,00K,89856,512,5952,744,93,5952,8,8,24832,5952,64,11904,110592
128x768x768w43-8-16,128,768,768,43,8,16,43-8-16,M00,96128,2752,1024,640,16,1024,43,8,18560,5504,320,2048,110592
128x768x768w44-16-8,128,768,768,44,16,8,44-16-8,M00,95744,5632,1024,320,8,1024,44,16,18944,2816,640,2048,110592
128x768x768w8-8-94,128,768,768,8,8,94,8-8-94,00K,89600,512,6016,752,94,6016,8,8,25088,6016,64,12032,110592
128x768x768w52-16-8,128,768,768,52,16,8,52-16-8,M00,92672,6656,1024,384,8,1024,52,16,22016,3328,768,2048,110592
128x768x768w54-16-8,128,768,768,54,16,8,54-16-8,M00,91904,6912,1024,384,8,1024,54,16,22784,3456,768,2048,110592
128x768x768w16-8-43,128,768,768,16,8,43,16-8-43,00K,96128,1024,2752,688,43,2752,16,8,18560,5504,128,5504,110592
128x768x768w51-8-16,128,768,768,51,8,16,51-8-16,M00,93056,3264,1024,768,16,1024,51,8,21632,6528,384,2048,110592
128x768x768w50-8-16,128,768,768,50,8,16,50-8-16,M00,93440,3200,1024,768,16,1024,50,8,21248,6400,384,2048,110592
128x768x768w22-32-8,128,768,768,22,32,8,22-32-8,M00,96512,5632,2048,128,8,2048,22,32,18176,1408,512,4096,110592
128x768x768w53-8-16,128,768,768,53,8,16,53-8-16,M00,92288,3392,1024,768,16,1024,53,8,22400,6784,384,2048,110592
128x768x768w47-16-8,128,768,768,47,16,8,47-16-8,M00,94592,6016,1024,320,8,1024,47,16,20096,3008,640,2048,110592
128x768x768w31-16-12,128,768,768,31,16,12,31-16-12,M00,97728,3968,1536,288,12,1536,31,16,16960,2976,384,3072,110592
128x768x768w45-16-8,128,768,768,45,16,8,45-16-8,M00,95360,5760,1024,320,8,1024,45,16,19328,2880,640,2048,110592
128x768x768w15-24-16,128,768,768,15,24,16,15-24-16,M00,98944,2880,3072,128,16,3072,15,24,15744,1920,192,6144,110592
128x768x768w17-8-44,128,768,768,17,8,44,17-8-44,M0K,94912,1088,2816,704,44,2816,17,8,19776,5984,128,5632,110592
128x768x768w8-16-43,128,768,768,8,16,43,8-16-43,00K,96128,1024,5504,344,43,5504,8,16,18560,2752,128,11008,110592
128x768x768w44-8-16,128,768,768,44,8,16,44-8-16,M00,95744,2816,1024,640,16,1024,44,8,18944,5632,320,2048,110592
128x768x768w22-16-16,128,768,768,22,16,16,22-16-16,M00,99328,2816,2048,256,16,2048,22,16,15360,2816,256,4096,110592
128x768x768w48-16-8,128,768,768,48,16,8,48-16-8,M00,94208,6144,1024,384,8,1024,48,16,20480,3072,768,2048,110592
128x768x768w24-8-32,128,768,768,24,8,32,24-8-32,M00,95232,1536,2048,768,32,2048,24,8,19456,6144,192,4096,110592
128x768x768w23-16-16,128,768,768,23,16,16,23-16-16,M00,98816,2944,2048,256,16,2048,23,16,15872,2944,256,4096,110592
128x768x768w17-8-45,128,768,768,17,8,45,17-8-45,M0K,94512,1088,2880,720,45,2880,17,8,20176,6120,128,5760,110592
128x768x768w24-8-33,128,768,768,24,8,33,24-8-33,M0K,94720,1536,2112,792,33,2112,24,8,19968,6336,192,4224,110592
128x768x768w8-8-86,128,768,768,8,8,86,8-8-86,00K,91648,512,5504,688,86,5504,8,8,23040,5504,64,11008,110592
128x768x768w8-8-87,128,768,768,8,8,87,8-8-87,00K,91392,512,5568,696,87,5568,8,8,23296,5568,64,11136,110592
128x768x768w56-16-8,128,768,768,56,16,8,56-16-8,M00,91136,7168,1024,448,8,1024,56,16,23552,3584,896,2048,110592
128x768x768w55-8-16,128,768,768,55,8,16,55-8-16,M00,91520,3520,1024,768,16,1024,55,8,23168,7040,384,2048,110592
128x768x768w55-16-8,128,768,768,55,16,8,55-16-8,M00,91520,7040,1024,384,8,1024,55,16,23168,3520,768,2048,110592
128x768x768w8-8-88,128,768,768,8,8,88,8-8-88,00K,91136,512,5632,704,88,5632,8,8,23552,5632,64,11264,110592
128x768x768w8-8-92,128,768,768,8,8,92,8-8-92,00K,90112,512,5888,736,92,5888,8,8,24576,5888,64,11776,110592
128x768x768w15-40-10,128,768,768,15,40,10,15-40-10,MNK,96288,4800,3200,80,10,3200,15,40,18400,1200,320,6400,110880
128x768x768w18-8-39,128,768,768,18,8,39,18-8-39,M0K,96160,1152,2496,624,39,2496,18,8,18528,5616,128,4992,111360
128x768x768w18-8-40,128,768,768,18,8,40,18-8-40,M0K,95744,1152,2560,640,40,2560,18,8,18944,5760,128,5120,111360
128x768x768w27-8-27,128,768,768,27,8,27,27-8-27,M0K,96112,1728,1728,648,27,1728,27,8,18576,5832,192,3456,111360
128x768x768w30-8-27,128,768,768,30,8,27,30-8-27,M0K,94432,1920,1728,648,27,1728,30,8,20256,6480,192,3456,111360
128x768x768w26-8-27,128,768,768,26,8,27,26-8-27,M0K,96672,1664,1728,648,27,1728,26,8,18016,5616,192,3456,111360
128x768x768w28-8-27,128,768,768,28,8,27,28-8-27,M0K,95552,1792,1728,648,27,1728,28,8,19136,6048,192,3456,111360
128x768x768w29-8-27,128,768,768,29,8,27,29-8-27,M0K,94992,1856,1728,648,27,1728,29,8,19696,6264,192,3456,111360
128x768x768w18-40-8,128,768,768,18,40,8,18-40-8,MN0,95744,5760,2560,128,8,2560,18,40,18944,1152,640,5120,111360
128x768x768w13-16-27,128,768,768,13,16,27,13-16-27,M0K,98832,1664,3456,216,27,3456,13,16,15856,2808,128,6912,111360
128x768x768w25-8-29,128,768,768,25,8,29,25-8-29,M0K,96176,1600,1856,696,29,1856,25,8,18512,5800,192,3712,111456
128x768x768w9-56-11,128,768,768,9,56,11,9-56-11,MNK,95184,4032,4928,88,11,4928,9,56,19504,792,448,9856,111720
128x768x768w21-24-11,128,768,768,21,24,11,21-24-11,M0K,98704,4032,2112,176,11,2112,21,24,15984,1848,384,4224,112000
128x768x768w13-40-11,128,768,768,13,40,11,13-40-11,MNK,97040,4160,3520,88,11,3520,13,40,17648,1144,320,7040,112000
128x768x768w10-56-10,128,768,768,10,56,10,10-56-10,MNK,95168,4480,4480,80,10,4480,10,56,19520,800,448,8960,112112
128x768x768w9-32-19,128,768,768,9,32,19,9-32-19,M0K,97616,2304,4864,152,19,4864,9,32,17072,1368,256,9728,112176
128x768x768w11-24-21,128,768,768,11,24,21,11-24-21,M0K,98704,2112,4032,168,21,4032,11,24,15984,1848,192,8064,112480
128x768x768w17-24-14,128,768,768,17,24,14,17-24-14,M0K,98976,3264,2688,224,14,2688,17,24,15712,1904,384,5376,112640
128x768x768w12-40-12,128,768,768,12,40,12,12-40-12,MN0,97024,3840,3840,96,12,3840,12,40,17664,1152,320,7680,112640
128x768x768w8-48-14,128,768,768,8,48,14,8-48-14,00K,96000,3072,5376,112,14,5376,8,48,18688,896,384,10752,112640
128x768x768w16-24-14,128,768,768,16,24,14,16-24-14,00K,99584,3072,2688,224,14,2688,16,24,15104,1792,384,5376,112640
128x768x768w19-8-38,128,768,768,19,8,38,19-8-38,M0K,95840,1216,2432,608,38,2432,19,8,18848,5776,128,4864,112896
128x768x768w20-8-38,128,768,768,20,8,38,20-8-38,M0K,95104,1280,2432,608,38,2432,20,8,19584,6080,128,4864,112896
128x768x768w20-8-37,128,768,768,20,8,37,20-8-37,M0K,95552,1280,2368,592,37,2368,20,8,19136,5920,128,4736,112896
128x768x768w19-8-37,128,768,768,19,8,37,19-8-37,M0K,96272,1216,2368,592,37,2368,19,8,18416,5624,128,4736,112896
128x768x768w9-24-25,128,768,768,9,24,25,9-24-25,M0K,98032,1728,4800,200,25,4800,9,24,16656,1800,192,9600,113088
128x768x768w10-24-23,128,768,768,10,24,23,10-24-23,M0K,98336,1920,4416,184,23,4416,10,24,16352,1840,192,8832,113152
128x768x768w25-16-14,128,768,768,25,16,14,25-16-14,M0K,99104,3200,1792,336,14,1792,25,16,15584,2800,384,3584,113520
128x768x768w8-32-21,128,768,768,8,32,21,8-32-21,00K,97152,2048,5376,168,21,5376,8,32,17536,1344,256,10752,113664
128x768x768w14-8-49,128,768,768,14,8,49,14-8-49,M0K,95648,896,3136,392,49,3136,14,8,19040,5488,64,6272,113664
128x768x768w14-48-8,128,768,768,14,48,8,14-48-8,M00,96000,5376,3072,64,8,3072,14,48,18688,896,384,6144,113664
128x768x768w33-8-21,128,768,768,33,8,21,33-8-21,M0K,96688,2112,1344,672,21,1344,33,8,18000,5544,256,2688,113664
128x768x768w36-8-21,128,768,768,36,8,21,36-8-21,M0K,95296,2304,1344,672,21,1344,36,8,19392,6048,256,2688,113664
128x768x768w17-16-21,128,768,768,17,16,21,17-16-21,M0K,99248,2176,2688,336,21,2688,17,16,15440,2856,256,5376,113664
128x768x768w14-8-48,128,768,768,14,8,48,14-8-48,M00,96000,896,3072,384,48,3072,14,8,18688,5376,64,6144,113664
128x768x768w40-8-21,128,768,768,40,8,21,40-8-21,M0K,93440,2560,1344,840,21,1344,40,8,21248,6720,320,2688,113664
128x768x768w39-8-21,128,768,768,39,8,21,39-8-21,M0K,93904,2496,1344,672,21,1344,39,8,20784,6552,256,2688,113664
128x768x768w34-8-21,128,768,768,34,8,21,34-8-21,M0K,96224,2176,1344,672,21,1344,34,8,18464,5712,256,2688,113664
128x768x768w14-8-51,128,768,768,14,8,51,14-8-51,M0K,94944,896,3264,408,51,3264,14,8,19744,5712,64,6528,113664
128x768x768w38-8-21,128,768,768,38,8,21,38-8-21,M0K,94368,2432,1344,672,21,1344,38,8,20320,6384,256,2688,113664
128x768x768w37-8-21,128,768,768,37,8,21,37-8-21,M0K,94832,2368,1344,672,21,1344,37,8,19856,6216,256,2688,113664
128x768x768w14-32-12,128,768,768,14,32,12,14-32-12,M00,98688,3584,3072,96,12,3072,14,32,16000,1344,256,6144,113664
128x768x768w16-16-21,128,768,768,16,16,21,16-16-21,00K,99840,2048,2688,336,21,2688,16,16,14848,2688,256,5376,113664
128x768x768w35-8-21,128,768,768,35,8,21,35-8-21,M0K,95760,2240,1344,672,21,1344,35,8,18928,5880,256,2688,113664
128x768x768w14-24-16,128,768,768,14,24,16,14-24-16,M00,99584,2688,3072,128,16,3072,14,24,15104,1792,192,6144,113664
128x768x768w14-16-24,128,768,768,14,16,24,14-16-24,M00,99584,1792,3072,192,24,3072,14,16,15104,2688,128,6144,113664
128x768x768w14-8-50,128,768,768,14,8,50,14-8-50,M0K,95296,896,3200,400,50,3200,14,8,19392,5600,64,6400,113664
128x768x768w32-8-21,128,768,768,32,8,21,32-8-21,00K,97152,2048,1344,672,21,1344,32,8,17536,5376,256,2688,113664
128x768x768w14-40-10,128,768,768,14,40,10,14-40-10,MNK,97088,4480,3200,80,10,3200,14,40,17600,1120,320,6400,113960
128x768x768w11-16-31,128,768,768,11,16,31,11-16-31,M0K,98480,1408,3968,248,31,3968,11,16,16208,2728,128,7936,114000
128x768x768w12-16-29,128,768,768,12,16,29,12-16-29,M0K,98624,1536,3712,232,29,3712,12,16,16064,2784,128,7424,114048
128x768x768w41-8-19,128,768,768,41,8,19,41-8-19,M0K,94544,2624,1216,760,19,1216,41,8,20144,6232,320,2432,114144
128x768x768w18-16-19,128,768,768,18,16,19,18-16-19,M0K,99744,2304,2432,304,19,2432,18,16,14944,2736,256,4864,114144
128x768x768w11-56-9,128,768,768,11,56,9,11-56-9,MNK,95184,4928,4032,72,9,4032,11,56,19504,792,448,8064,114380
128x768x768w10-40-14,128,768,768,10,40,14,10-40-14,MNK,97088,3200,4480,112,14,4480,10,40,17600,1120,320,8960,114400
128x768x768w20-24-12,128,768,768,20,24,12,20-24-12,M00,98560,3840,2304,192,12,2304,20,24,16128,1920,384,4608,114688
128x768x768w8-24-28,128,768,768,8,24,28,8-24-28,00K,97280,1536,5376,224,28,5376,8,24,17408,1792,192,10752,114688
128x768x768w8-56-12,128,768,768,8,56,12,8-56-12,0N0,95232,3584,5376,96,12,5376,8,56,19456,768,448,10752,114688
128x768x768w19-24-12,128,768,768,19,24,12,19-24-12,M00,99136,3648,2304,192,12,2304,19,24,15552,1824,384,4608,114688
128x768x768w42-8-17,128,768,768,42,8,17,42-8-17,M0K,95712,2688,1088,680,17,1088,42,8,18976,5712,320,2176,114816
128x768x768w10-16-34,128,768,768,10,16,34,10-16-34,M0K,97984,1280,4352,272,34,4352,10,16,16704,2720,128,8704,114816
128x768x768w10-32-17,128,768,768,10,32,17,10-32-17,M0K,98144,2560,4352,136,17,4352,10,32,16544,1360,256,8704,114816
128x768x768w9-16-37,128,768,768,9,16,37,9-16-37,M0K,97584,1152,4736,296,37,4736,9,16,17104,2664,128,9472,114912
128x768x768w9-16-38,128,768,768,9,16,38,9-16-38,M0K,97184,1152,4864,304,38,4864,9,16,17504,2736,128,9728,114912
128x768x768w26-8-26,128,768,768,26,8,26,26-8-26,M0K,97216,1664,1664,624,26,1664,26,8,17472,5408,192,3328,115200
128x768x768w23-8-31,128,768,768,23,8,31,23-8-31,M0K,96368,1472,1984,496,31,1984,23,8,18320,5704,128,3968,115200
128x768x768w24-8-31,128,768,768,24,8,31,24-8-31,M0K,95744,1536,1984,744,31,1984,24,8,18944,5952,192,3968,115200
128x768x768w13-8-52,128,768,768,13,8,52,13-8-52,M0K,95552,832,3328,416,52,3328,13,8,19136,5408,64,6656,115200
128x768x768w21-8-33,128,768,768,21,8,33,21-8-33,M0K,96688,1344,2112,528,33,2112,21,8,18000,5544,128,4224,115200
128x768x768w27-8-26,128,768,768,27,8,26,27-8-26,M0K,96672,1728,1664,624,26,1664,27,8,18016,5616,192,3328,115200
128x768x768w29-8-26,128,768,768,29,8,26,29-8-26,M0K,95584,1856,1664,624,26,1664,29,8,19104,6032,192,3328,115200
128x768x768w13-16-26,128,768,768,13,16,26,13-16-26,M0K,99296,1664,3328,208,26,3328,13,16,15392,2704,128,6656,115200
128x768x768w30-8-26,128,768,768,30,8,26,30-8-26,M0K,95040,1920,1664,624,26,1664,30,8,19648,6240,192,3328,115200
128x768x768w21-16-16,128,768,768,21,16,16,21-16-16,M00,99840,2688,2048,256,16,2048,21,16,14848,2688,256,4096,115200
128x768x768w28-8-26,128,768,768,28,8,26,28-8-26,M0K,96128,1792,1664,624,26,1664,28,8,18560,5824,192,3328,115200
128x768x768w13-8-54,128,768,768,13,8,54,13-8-54,M0K,94880,832,3456,432,54,3456,13,8,19808,5616,64,6912,115200
128x768x768w22-8-31,128,768,768,22,8,31,22-8-31,M0K,96992,1408,1984,496,31,1984,22,8,17696,5456,128,3968,115200
128x768x768w13-8-53,128,768,768,13,8,53,13-8-53,M0K,95216,832,3392,424,53,3392,13,8,19472,5512,64,6784,115200
128x768x768w21-32-8,128,768,768,21,32,8,21-32-8,M00,97152,5376,2048,128,8,2048,21,32,17536,1344,512,4096,115200
128x768x768w21-8-32,128,768,768,21,8,32,21-8-32,M00,97152,1344,2048,512,32,2048,21,8,17536,5376,128,4096,115200
128x768x768w12-24-19,128,768,768,12,24,19,12-24-19,M0K,99136,2304,3648,152,19,3648,12,24,15552,1824,192,7296,115456
128x768x768w20-32-9,128,768,768,20,32,9,20-32-9,M0K,96960,5120,2304,144,9,2304,20,32,17728,1440,512,4608,115584
128x768x768w20-16-18,128,768,768,20,16,18,20-16-18,M0K,99200,2560,2304,288,18,2304,20,16,15488,2880,256,4608,115584
128x768x768w19-16-18,128,768,768,19,16,18,19-16-18,M0K,99744,2432,2304,288,18,2304,19,16,14944,2736,256,4608,115584
128x768x768w19-32-9,128,768,768,19,32,9,19-32-9,M0K,97616,4864,2304,144,9,2304,19,32,17072,1368,512,4608,115584
128x768x768w25-8-28,128,768,768,25,8,28,25-8-28,M0K,96704,1600,1792,672,28,1792,25,8,17984,5600,192,3584,115584
128x768x768w12-32-14,128,768,768,12,32,14,12-32-14,M0K,98688,3072,3584,112,14,3584,12,32,16000,1344,256,7168,116160
128x768x768w61-8-14,128,768,768,61,8,14,61-8-14,M0K,91424,3904,896,784,14,896,61,8,23264,6832,448,1792,116160
128x768x768w10-24-22,128,768,768,10,24,22,10-24-22,M0K,98880,1920,4224,176,22,4224,10,24,15808,1760,192,8448,116480
128x768x768w10-48-11,128,768,768,10,48,11,10-48-11,M0K,96800,3840,4224,88,11,4224,10,48,17888,880,384,8448,116480
128x768x768w8-16-42,128,768,768,8,16,42,8-16-42,00K,96512,1024,5376,336,42,5376,8,16,18176,2688,128,10752,116736
128x768x768w9-48-12,128,768,768,9,48,12,9-48-12,M00,96832,3456,4608,96,12,4608,9,48,17856,864,384,9216,116736
128x768x768w16-8-41,128,768,768,16,8,41,16-8-41,00K,96896,1024,2624,656,41,2624,16,8,17792,5248,128,5248,116736
128x768x768w16-8-42,128,768,768,16,8,42,16-8-42,00K,96512,1024,2688,672,42,2688,16,8,18176,5376,128,5376,116736
128x768x768w9-24-24,128,768,768,9,24,24,9-24-24,M00,98560,1728,4608,192,24,4608,9,24,16128,1728,192,9216,116736
128x768x768w17-8-42,128,768,768,17,8,42,17-8-42,M0K,95712,1088,2688,672,42,2688,17,8,18976,5712,128,5376,116736
128x768x768w17-8-41,128,768,768,17,8,41,17-8-41,M0K,96112,1088,2624,656,41,2624,17,8,18576,5576,128,5248,116736
128x768x768w8-16-41,128,768,768,8,16,41,8-16-41,00K,96896,1024,5248,328,41,5248,8,16,17792,2624,128,10496,116736
128x768x768w18-8-38,128,768,768,18,8,38,18-8-38,M0K,96576,1152,2432,608,38,2432,18,8,18112,5472,128,4864,116928
128x768x768w18-8-37,128,768,768,18,8,37,18-8-37,M0K,96992,1152,2368,592,37,2368,18,8,17696,5328,128,4736,116928
128x768x768w11-48-10,128,768,768,11,48,10,11-48-10,M0K,96800,4224,3840,80,10,3840,11,48,17888,880,384,7680,117040
128x768x768w31-8-23,128,768,768,31,8,23,31-8-23,M0K,96368,1984,1472,552,23,1472,31,8,18320,5704,192,2944,117504
128x768x768w15-8-47,128,768,768,15,8,47,15-8-47,M0K,95472,960,3008,376,47,3008,15,8,19216,5640,64,6016,117504
128x768x768w15-8-46,128,768,768,15,8,46,15-8-46,M0K,95840,960,2944,368,46,2944,15,8,18848,5520,64,5888,117504
128x768x768w15-16-23,128,768,768,15,16,23,15-16-23,M0K,99440,1920,2944,184,23,2944,15,16,15248,2760,128,5888,117504
128x768x768w9-64-9,128,768,768,9,64,9,9-64-9,M0K,94960,4608,4608,72,9,4608,9,64,19728,648,512,9216,117648
128x768x768w9-32-18,128,768,768,9,32,18,9-32-18,M0K,98272,2304,4608,144,18,4608,9,32,16416,1296,256,9216,117648
128x768x768w13-24-17,128,768,768,13,24,17,13-24-17,M0K,99632,2496,3264,136,17,3264,13,24,15056,1768,192,6528,117760
128x768x768w8-40-17,128,768,768,8,40,17,8-40-17,0NK,96512,2560,5440,136,17,5440,8,40,18176,1088,320,10880,117760
128x768x768w66-8-10,128,768,768,66,8,10,66-8-10,M0K,94400,4224,640,640,10,640,66,8,20288,5280,512,1280,118272
128x768x768w12-8-55,128,768,768,12,8,55,12-8-55,M0K,95552,768,3520,440,55,3520,12,8,19136,5280,64,7040,118272
128x768x768w99-8-10,128,768,768,99,8,10,99-8-10,M0K,84896,6336,640,960,10,640,99,8,29792,7920,768,1280,118272
128x768x768w68-8-10,128,768,768,68,8,10,68-8-10,M0K,93824,4352,640,640,10,640,68,8,20864,5440,512,1280,118272
128x768x768w35-16-10,128,768,768,35,16,10,35-16-10,M0K,97568,4480,1280,320,10,1280,35,16,17120,2800,512,2560,118272
128x768x768w76-8-10,128,768,768,76,8,10,76-8-10,M0K,91520,4864,640,720,10,640,76,8,23168,6080,576,1280,118272
128x768x768w87-8-10,128,768,768,87,8,10,87-8-10,M0K,88352,5568,640,800,10,640,87,8,26336,6960,640,1280,118272
128x768x768w102-8-10,128,768,768,102,8,10,102-8-10,M0K,84032,6528,640,960,10,640,102,8,30656,8160,768,1280,118272
128x768x768w12-8-57,128,768,768,12,8,57,12-8-57,M0K,94912,768,3648,456,57,3648,12,8,19776,5472,64,7296,118272
128x768x768w73-8-10,128,768,768,73,8,10,73-8-10,M0K,92384,4672,640,720,10,640,73,8,22304,5840,576,1280,118272
128x768x768w20-8-36,128,768,768,20,8,36,20-8-36,M0K,96000,1280,2304,576,36,2304,20,8,18688,5760,128,4608,118272
128x768x768w94-8-10,128,768,768,94,8,10,94-8-10,M0K,86336,6016,640,880,10,640,94,8,28352,7520,704,1280,118272
128x768x768w64-8-10,128,768,768,64,8,10,64-8-10,00K,94976,4096,640,640,10,640,64,8,19712,5120,512,1280,118272
128x768x768w85-8-10,128,768,768,85,8,10,85-8-10,M0K,88928,5440,640,800,10,640,85,8,25760,6800,640,1280,118272
128x768x768w23-24-10,128,768,768,23,24,10,23-24-10,M0K,98336,4416,1920,160,10,1920,23,24,16352,1840,384,3840,118272
128x768x768w65-8-10,128,768,768,65,8,10,65-8-10,M0K,94688,4160,640,640,10,640,65,8,20000,5200,512,1280,118272
128x768x768w69-8-10,128,768,768,69,8,10,69-8-10,M0K,93536,4416,640,640,10,640,69,8,21152,5520,512,1280,118272
128x768x768w39-16-10,128,768,768,39,16,10,39-16-10,M0K,95904,4992,1280,320,10,1280,39,16,18784,3120,512,2560,118272
128x768x768w98-8-10,128,768,768,98,8,10,98-8-10,M0K,85184,6272,640,960,10,640,98,8,29504,7840,768,1280,118272
128x768x768w67-8-10,128,768,768,67,8,10,67-8-10,M0K,94112,4288,640,640,10,640,67,8,20576,5360,512,1280,118272
128x768x768w12-8-58,128,768,768,12,8,58,12-8-58,M0K,94592,768,3712,464,58,3712,12,8,20096,5568,64,7424,118272
128x768x768w8-64-10,128,768,768,8,64,10,8-64-10,00K,94976,4096,5120,80,10,5120,8,64,19712,640,512,10240,118272
128x768x768w93-8-10,128,768,768,93,8,10,93-8-10,M0K,86624,5952,640,880,10,640,93,8,28064,7440,704,1280,118272
128x768x768w22-24-10,128,768,768,22,24,10,22-24-10,M0K,98880,4224,1920,160,10,1920,22,24,15808,1760,384,3840,118272
128x768x768w37-16-10,128,768,768,37,16,10,37-16-10,M0K,96736,4736,1280,320,10,1280,37,16,17952,2960,512,2560,118272
128x768x768w81-8-10,128,768,768,81,8,10,81-8-10,M0K,90080,5184,640,800,10,640,81,8,24608,6480,640,1280,118272
128x768x768w91-8-10,128,768,768,91,8,10,91-8-10,M0K,87200,5824,640,880,10,640,91,8,27488,7280,704,1280,118272
128x768x768w20-8-35,128,768,768,20,8,35,20-8-35,M0K,96448,1280,2240,560,35,2240,20,8,18240,5600,128,4480,118272
128x768x768w75-8-10,128,768,768,75,8,10,75-8-10,M0K,91808,4800,640,720,10,640,75,8,22880,6000,576,1280,118272
128x768x768w17-32-10,128,768,768,17,32,10,17-32-10,M0K,98144,4352,2560,160,10,2560,17,32,16544,1360,512,5120,118272
128x768x768w12-16-28,128,768,768,12,16,28,12-16-28,M0K,99072,1536,3584,224,28,3584,12,16,15616,2688,128,7168,118272
128x768x768w89-8-10,128,768,768,89,8,10,89-8-10,M0K,87776,5696,640,880,10,640,89,8,26912,7120,704,1280,118272
128x768x768w34-16-10,128,768,768,34,16,10,34-16-10,M0K,97984,4352,1280,320,10,1280,34,16,16704,2720,512,2560,118272
128x768x768w72-8-10,128,768,768,72,8,10,72-8-10,M0K,92672,4608,640,720,10,640,72,8,22016,5760,576,1280,118272
128x768x768w19-8-35,128,768,768,19,8,35,19-8-35,M0K,97136,1216,2240,560,35,2240,19,8,17552,5320,128,4480,118272
128x768x768w92-8-10,128,768,768,92,8,10,92-8-10,M0K,86912,5888,640,880,10,640,92,8,27776,7360,704,1280,118272
128x768x768w95-8-10,128,768,768,95,8,10,95-8-10,M0K,86048,6080,640,880,10,640,95,8,28640,7600,704,1280,118272
128x768x768w80-8-10,128,768,768,80,8,10,80-8-10,M0K,90368,5120,640,800,10,640,80,8,24320,6400,640,1280,118272
128x768x768w83-8-10,128,768,768,83,8,10,83-8-10,M0K,89504,5312,640,800,10,640,83,8,25184,6640,640,1280,118272
128x768x768w84-8-10,128,768,768,84,8,10,84-8-10,M0K,89216,5376,640,800,10,640,84,8,25472,6720,640,1280,118272
128x768x768w24-24-10,128,768,768,24,24,10,24-24-10,M0K,97792,4608,1920,240,10,1920,24,24,16896,1920,576,3840,118272
128x768x768w40-16-10,128,768,768,40,16,10,40-16-10,M0K,95488,5120,1280,400,10,1280,40,16,19200,3200,640,2560,118272
128x768x768w36-16-10,128,768,768,36,16,10,36-16-10,M0K,97152,4608,1280,320,10,1280,36,16,17536,2880,512,2560,118272
128x768x768w71-8-10,128,768,768,71,8,10,71-8-10,M0K,92960,4544,640,640,10,640,71,8,21728,5680,512,1280,118272
128x768x768w100-8-10,128,768,768,100,8,10,100-8-10,M0K,84608,6400,640,960,10,640,100,8,30080,8000,768,1280,118272
128x768x768w86-8-10,128,768,768,86,8,10,86-8-10,M0K,88640,5504,640,800,10,640,86,8,26048,6880,640,1280,118272
128x768x768w88-8-10,128,768,768,88,8,10,88-8-10,M0K,88064,5632,640,880,10,640,88,8,26624,7040,704,1280,118272
128x768x768w19-8-36,128,768,768,19,8,36,19-8-36,M0K,96704,1216,2304,576,36,2304,19,8,17984,5472,128,4608,118272
128x768x768w101-8-10,128,768,768,101,8,10,101-8-10,M0K,84320,6464,640,960,10,640,101,8,30368,8080,768,1280,118272
128x768x768w82-8-10,128,768,768,82,8,10,82-8-10,M0K,89792,5248,640,800,10,640,82,8,24896,6560,640,1280,118272
128x768x768w12-56-8,128,768,768,12,56,8,12-56-8,MN0,95232,5376,3584,64,8,3584,12,56,19456,768,448,7168,118272
128x768x768w77-8-10,128,768,768,77,8,10,77-8-10,M0K,91232,4928,640,720,10,640,77,8,23456,6160,576,1280,118272
128x768x768w90-8-10,128,768,768,90,8,10,90-8-10,M0K,87488,5760,640,880,10,640,90,8,27200,7200,704,1280,118272
128x768x768w96-8-10,128,768,768,96,8,10,96-8-10,M0K,85760,6144,640,960,10,640,96,8,28928,7680,768,1280,118272
128x768x768w32-16-10,128,768,768,32,16,10,32-16-10,00K,98816,4096,1280,320,10,1280,32,16,15872,2560,512,2560,118272
128x768x768w33-16-10,128,768,768,33,16,10,33-16-10,M0K,98400,4224,1280,320,10,1280,33,16,16288,2640,512,2560,118272
128x768x768w79-8-10,128,768,768,79,8,10,79-8-10,M0K,90656,5056,640,720,10,640,79,8,24032,6320,576,1280,118272
128x768x768w70-8-10,128,768,768,70,8,10,70-8-10,M0K,93248,4480,640,640,10,640,70,8,21440,5600,512,1280,118272
128x768x768w74-8-10,128,768,768,74,8,10,74-8-10,M0K,92096,4736,640,720,10,640,74,8,22592,5920,576,1280,118272
128x768x768w38-16-10,128,768,768,38,16,10,38-16-10,M0K,96320,4864,1280,320,10,1280,38,16,18368,3040,512,2560,118272
128x768x768w78-8-10,128,768,768,78,8,10,78-8-10,M0K,90944,4992,640,720,10,640,78,8,23744,6240,576,1280,118272
128x768x768w97-8-10,128,768,768,97,8,10,97-8-10,M0K,85472,6208,640,960,10,640,97,8,29216,7760,768,1280,118272
128x768x768w16-32-10,128,768,768,16,32,10,16-32-10,00K,98816,4096,2560,160,10,2560,16,32,15872,1280,512,5120,118272
128x768x768w12-8-56,128,768,768,12,8,56,12-8-56,M0K,95232,768,3584,448,56,3584,12,8,19456,5376,64,7168,118272
128x768x768w25-24-9,128,768,768,25,24,9,25-24-9,M0K,98032,4800,1728,216,9,1728,25,24,16656,1800,576,3456,118336
128x768x768w11-8-63,128,768,768,11,8,63,11-8-63,M0K,94128,704,4032,504,63,4032,11,8,20560,5544,64,8064,118560
128x768x768w11-16-30,128,768,768,11,16,30,11-16-30,M0K,98912,1408,3840,240,30,3840,11,16,15776,2640,128,7680,118560
128x768x768w9-40-15,128,768,768,9,40,15,9-40-15,MNK,97168,2880,4800,120,15,4800,9,40,17520,1080,320,9600,118560
128x768x768w11-8-60,128,768,768,11,8,60,11-8-60,M0K,95040,704,3840,480,60,3840,11,8,19648,5280,64,7680,118560
128x768x768w11-32-15,128,768,768,11,32,15,11-32-15,M0K,98736,2816,3840,120,15,3840,11,32,15952,1320,256,7680,118560
128x768x768w11-8-61,128,768,768,11,8,61,11-8-61,M0K,94736,704,3904,488,61,3904,11,8,19952,5368,64,7808,118560
128x768x768w11-8-62,128,768,768,11,8,62,11-8-62,M0K,94432,704,3968,496,62,3968,11,8,20256,5456,64,7936,118560
128x768x768w11-24-20,128,768,768,11,24,20,11-24-20,M0K,99264,2112,3840,160,20,3840,11,24,15424,1760,192,7680,118560
128x768x768w18-24-12,128,768,768,18,24,12,18-24-12,M00,99712,3456,2304,192,12,2304,18,24,14976,1728,384,4608,118784
128x768x768w8-24-27,128,768,768,8,24,27,8-24-27,00K,97792,1536,5184,216,27,5184,8,24,16896,1728,192,10368,118784
128x768x768w13-16-25,128,768,768,13,16,25,13-16-25,M0K,99760,1664,3200,200,25,3200,13,16,14928,2600,128,6400,119040
128x768x768w28-8-25,128,768,768,28,8,25,28-8-25,M0K,96704,1792,1600,600,25,1600,28,8,17984,5600,192,3200,119040
128x768x768w30-8-25,128,768,768,30,8,25,30-8-25,M0K,95648,1920,1600,600,25,1600,30,8,19040,6000,192,3200,119040
128x768x768w26-8-25,128,768,768,26,8,25,26-8-25,M0K,97760,1664,1600,600,25,1600,26,8,16928,5200,192,3200,119040
128x768x768w27-8-25,128,768,768,27,8,25,27-8-25,M0K,97232,1728,1600,600,25,1600,27,8,17456,5400,192,3200,119040
128x768x768w29-8-25,128,768,768,29,8,25,29-8-25,M0K,96176,1856,1600,600,25,1600,29,8,18512,5800,192,3200,119040
128x768x768w41-16-9,128,768,768,41,16,9,41-16-9,M0K,95984,5248,1152,360,9,1152,41,16,18704,2952,640,2304,119712
128x768x768w18-16-18,128,768,768,18,16,18,18-16-18,M0K,100288,2304,2304,288,18,2304,18,16,14400,2592,256,4608,119712
128x768x768w41-8-18,128,768,768,41,8,18,41-8-18,M0K,95328,2624,1152,720,18,1152,41,8,19360,5904,320,2304,119712
128x768x768w18-32-9,128,768,768,18,32,9,18-32-9,M0K,98272,4608,2304,144,9,2304,18,32,16416,1296,512,4608,119712
128x768x768w25-8-27,128,768,768,25,8,27,25-8-27,M0K,97232,1600,1728,648,27,1728,25,8,17456,5400,192,3456,119712
128x768x768w35-8-20,128,768,768,35,8,20,35-8-20,M0K,96448,2240,1280,640,20,1280,35,8,18240,5600,256,2560,119808
128x768x768w23-16-15,128,768,768,23,16,15,23-16-15,M0K,99440,2944,1920,240,15,1920,23,16,15248,2760,256,3840,119808
128x768x768w40-8-20,128,768,768,40,8,20,40-8-20,M0K,94208,2560,1280,800,20,1280,40,8,20480,6400,320,2560,119808
128x768x768w53-8-15,128,768,768,53,8,15,53-8-15,M0K,93264,3392,960,720,15,960,53,8,21424,6360,384,1920,119808
128x768x768w43-8-15,128,768,768,43,8,15,43-8-15,M0K,96944,2752,960,600,15,960,43,8,17744,5160,320,1920,119808
128x768x768w38-8-20,128,768,768,38,8,20,38-8-20,M0K,95104,2432,1280,640,20,1280,38,8,19584,6080,256,2560,119808
128x768x768w49-8-15,128,768,768,49,8,15,49-8-15,M0K,94736,3136,960,720,15,960,49,8,19952,5880,384,1920,119808
128x768x768w10-32-16,128,768,768,10,32,16,10-32-16,M00,98816,2560,4096,128,16,4096,10,32,15872,1280,256,8192,119808
128x768x768w51-8-15,128,768,768,51,8,15,51-8-15,M0K,94000,3264,960,720,15,960,51,8,20688,6120,384,1920,119808
128x768x768w37-8-20,128,768,768,37,8,20,37-8-20,M0K,95552,2368,1280,640,20,1280,37,8,19136,5920,256,2560,119808
128x768x768w47-8-15,128,768,768,47,8,15,47-8-15,M0K,95472,3008,960,600,15,960,47,8,19216,5640,320,1920,119808
128x768x768w123-8-8,128,768,768,123,8,8,123-8-8,M00,82176,7872,512,960,8,512,123,8,32512,7872,960,1024,119808
128x768x768w24-16-15,128,768,768,24,16,15,24-16-15,M0K,98944,3072,1920,360,15,1920,24,16,15744,2880,384,3840,119808
128x768x768w10-8-67,128,768,768,10,8,67,10-8-67,M0K,94112,640,4288,536,67,4288,10,8,20576,5360,64,8576,119808
128x768x768w16-16-20,128,768,768,16,16,20,16-16-20,00K,100352,2048,2560,320,20,2560,16,16,14336,2560,256,5120,119808
128x768x768w36-8-20,128,768,768,36,8,20,36-8-20,M0K,96000,2304,1280,640,20,1280,36,8,18688,5760,256,2560,119808
128x768x768w24-8-30,128,768,768,24,8,30,24-8-30,M0K,96256,1536,1920,720,30,1920,24,8,18432,5760,192,3840,119808
128x768x768w42-16-8,128,768,768,42,16,8,42-16-8,M00,96512,5376,1024,320,8,1024,42,16,18176,2688,640,2048,119808
128x768x768w10-16-32,128,768,768,10,16,32,10-16-32,M00,98816,1280,4096,256,32,4096,10,16,15872,2560,128,8192,119808
128x768x768w46-8-15,128,768,768,46,8,15,46-8-15,M0K,95840,2944,960,600,15,960,46,8,18848,5520,320,1920,119808
128x768x768w60-8-15,128,768,768,60,8,15,60-8-15,M0K,90688,3840,960,840,15,960,60,8,24000,7200,448,1920,119808
128x768x768w10-8-64,128,768,768,10,8,64,10-8-64,M00,94976,640,4096,512,64,4096,10,8,19712,5120,64,8192,119808
128x768x768w32-8-20,128,768,768,32,8,20,32-8-20,00K,97792,2048,1280,640,20,1280,32,8,16896,5120,256,2560,119808
128x768x768w48-8-15,128,768,768,48,8,15,48-8-15,M0K,95104,3072,960,720,15,960,48,8,19584,5760,384,1920,119808
128x768x768w10-8-68,128,768,768,10,8,68,10-8-68,M0K,93824,640,4352,544,68,4352,10,8,20864,5440,64,8704,119808
128x768x768w42-8-16,128,768,768,42,8,16,42-8-16,M00,96512,2688,1024,640,16,1024,42,8,18176,5376,320,2048,119808
128x768x768w39-8-20,128,768,768,39,8,20,39-8-20,M0K,94656,2496,1280,640,20,1280,39,8,20032,6240,256,2560,119808
128x768x768w58-8-15,128,768,768,58,8,15,58-8-15,M0K,91424,3712,960,840,15,960,58,8,23264,6960,448,1920,119808
128x768x768w22-16-15,128,768,768,22,16,15,22-16-15,M0K,99936,2816,1920,240,15,1920,22,16,14752,2640,256,3840,119808
128x768x768w8-32-20,128,768,768,8,32,20,8-32-20,00K,97792,2048,5120,160,20,5120,8,32,16896,1280,256,10240,119808
128x768x768w10-8-65,128,768,768,10,8,65,10-8-65,M0K,94688,640,4160,520,65,4160,10,8,20000,5200,64,8320,119808
128x768x768w50-8-15,128,768,768,50,8,15,50-8-15,M0K,94368,3200,960,720,15,960,50,8,20320,6000,384,1920,119808
128x768x768w10-16-33,128,768,768,10,16,33,10-16-33,M0K,98400,1280,4224,264,33,4224,10,16,16288,2640,128,8448,119808
128x768x768w15-24-15,128,768,768,15,24,15,15-24-15,M0K,99568,2880,2880,120,15,2880,15,24,15120,1800,192,5760,119808
128x768x768w17-16-20,128,768,768,17,16,20,17-16-20,M0K,99776,2176,2560,320,20,2560,17,16,14912,2720,256,5120,119808
128x768x768w10-8-66,128,768,768,10,8,66,10-8-66,M0K,94400,640,4224,528,66,4224,10,8,20288,5280,64,8448,119808
128x768x768w55-8-15,128,768,768,55,8,15,55-8-15,M0K,92528,3520,960,720,15,960,55,8,22160,6600,384,1920,119808
128x768x768w59-8-15,128,768,768,59,8,15,59-8-15,M0K,91056,3776,960,840,15,960,59,8,23632,7080,448,1920,119808
128x768x768w54-8-15,128,768,768,54,8,15,54-8-15,M0K,92896,3456,960,720,15,960,54,8,21792,6480,384,1920,119808
128x768x768w10-64-8,128,768,768,10,64,8,10-64-8,M00,94976,5120,4096,64,8,4096,10,64,19712,640,512,8192,119808
128x768x768w56-8-15,128,768,768,56,8,15,56-8-15,M0K,92160,3584,960,840,15,960,56,8,22528,6720,448,1920,119808
128x768x768w57-8-15,128,768,768,57,8,15,57-8-15,M0K,91792,3648,960,840,15,960,57,8,22896,6840,448,1920,119808
128x768x768w23-8-30,128,768,768,23,8,30,23-8-30,M0K,96864,1472,1920,480,30,1920,23,8,17824,5520,128,3840,119808
128x768x768w22-8-30,128,768,768,22,8,30,22-8-30,M0K,97472,1408,1920,480,30,1920,22,8,17216,5280,128,3840,119808
128x768x768w44-8-15,128,768,768,44,8,15,44-8-15,M0K,96576,2816,960,600,15,960,44,8,18112,5280,320,1920,119808
128x768x768w52-8-15,128,768,768,52,8,15,52-8-15,M0K,93632,3328,960,720,15,960,52,8,21056,6240,384,1920,119808
128x768x768w33-8-20,128,768,768,33,8,20,33-8-20,M0K,97344,2112,1280,640,20,1280,33,8,17344,5280,256,2560,119808
128x768x768w34-8-20,128,768,768,34,8,20,34-8-20,M0K,96896,2176,1280,640,20,1280,34,8,17792,5440,256,2560,119808
128x768x768w45-8-15,128,768,768,45,8,15,45-8-15,M0K,96208,2880,960,600,15,960,45,8,18480,5400,320,1920,119808
128x768x768w10-8-69,128,768,768,10,8,69,10-8-69,M0K,93536,640,4416,552,69,4416,10,8,21152,5520,64,8832,119808
128x768x768w21-8-31,128,768,768,21,8,31,21-8-31,M0K,97616,1344,1984,496,31,1984,21,8,17072,5208,128,3968,120000
128x768x768w9-8-76,128,768,768,9,8,76,9-8-76,M0K,92864,576,4864,608,76,4864,9,8,21824,5472,64,9728,120384
128x768x768w9-16-36,128,768,768,9,16,36,9-16-36,M0K,97984,1152,4608,288,36,4608,9,16,16704,2592,128,9216,120384
128x768x768w9-8-72,128,768,768,9,8,72,9-8-72,M0K,93952,576,4608,576,72,4608,9,8,20736,5184,64,9216,120384
128x768x768w9-8-71,128,768,768,9,8,71,9-8-71,M0K,94224,576,4544,568,71,4544,9,8,20464,5112,64,9088,120384
128x768x768w9-8-74,128,768,768,9,8,74,9-8-74,M0K,93408,576,4736,592,74,4736,9,8,21280,5328,64,9472,120384
128x768x768w9-16-35,128,768,768,9,16,35,9-16-35,M0K,98384,1152,4480,280,35,4480,9,16,16304,2520,128,8960,120384
128x768x768w9-8-75,128,768,768,9,8,75,9-8-75,M0K,93136,576,4800,600,75,4800,9,8,21552,5400,64,9600,120384
128x768x768w9-8-73,128,768,768,9,8,73,9-8-73,M0K,93680,576,4672,584,73,4672,9,8,21008,5256,64,9344,120384
128x768x768w9-8-70,128,768,768,9,8,70,9-8-70,M0K,94496,576,4480,560,70,4480,9,8,20192,5040,64,8960,120384
128x768x768w9-72-8,128,768,768,9,72,8,9-72-8,MN0,93952,5184,4608,64,8,4608,9,72,20736,576,576,9216,120384
128x768x768w14-16-23,128,768,768,14,16,23,14-16-23,M0K,100064,1792,2944,184,23,2944,14,16,14624,2576,128,5888,120768
128x768x768w14-8-46,128,768,768,14,8,46,14-8-46,M0K,96704,896,2944,368,46,2944,14,8,17984,5152,64,5888,120768
128x768x768w14-8-47,128,768,768,14,8,47,14-8-47,M0K,96352,896,3008,376,47,3008,14,8,18336,5264,64,6016,120768
128x768x768w63-8-11,128,768,768,63,8,11,63-8-11,M0K,94128,4032,704,616,11,704,63,8,20560,5544,448,1408,120960
128x768x768w31-8-22,128,768,768,31,8,22,31-8-22,M0K,96992,1984,1408,528,22,1408,31,8,17696,5456,192,2816,120960
128x768x768w15-32-11,128,768,768,15,32,11,15-32-11,M0K,98736,3840,2816,88,11,2816,15,32,15952,1320,256,5632,120960
128x768x768w15-16-22,128,768,768,15,16,22,15-16-22,M0K,99936,1920,2816,176,22,2816,15,16,14752,2640,128,5632,120960
128x768x768w31-16-11,128,768,768,31,16,11,31-16-11,M0K,98480,3968,1408,264,11,1408,31,16,16208,2728,384,2816,120960
128x768x768w12-48-9,128,768,768,12,48,9,12-48-9,M0K,96832,4608,3456,72,9,3456,12,48,17856,864,384,6912,121088
128x768x768w8-72-9,128,768,768,8,72,9,8-72-9,0NK,93952,4608,5184,72,9,5184,8,72,20736,576,576,10368,121088
128x768x768w12-24-18,128,768,768,12,24,18,12-24-18,M0K,99712,2304,3456,144,18,3456,12,24,14976,1728,192,6912,121088
128x768x768w11-40-12,128,768,768,11,40,12,11-40-12,MN0,97856,3520,3840,96,12,3840,11,40,16832,1056,320,7680,121600
128x768x768w12-16-27,128,768,768,12,16,27,12-16-27,M0K,99520,1536,3456,216,27,3456,12,16,15168,2592,128,6912,122496
128x768x768w18-8-36,128,768,768,18,8,36,18-8-36,M0K,97408,1152,2304,576,36,2304,18,8,17280,5184,128,4608,122496
128x768x768w18-8-35,128,768,768,18,8,35,18-8-35,M0K,97824,1152,2240,560,35,2240,18,8,16864,5040,128,4480,122496
128x768x768w17-8-39,128,768,768,17,8,39,17-8-39,M0K,96912,1088,2496,624,39,2496,17,8,17776,5304,128,4992,122880
128x768x768w16-40-8,128,768,768,16,40,8,16-40-8,0N0,97280,5120,2560,128,8,2560,16,40,17408,1024,640,5120,122880
128x768x768w27-24-8,128,768,768,27,24,8,27-24-8,M00,97792,5184,1536,192,8,1536,27,24,16896,1728,576,3072,122880
128x768x768w27-8-24,128,768,768,27,8,24,27-8-24,M00,97792,1728,1536,576,24,1536,27,8,16896,5184,192,3072,122880
128x768x768w30-16-12,128,768,768,30,16,12,30-16-12,M00,98176,3840,1536,288,12,1536,30,16,16512,2880,384,3072,122880
128x768x768w8-8-84,128,768,768,8,8,84,8-8-84,00K,92160,512,5376,672,84,5376,8,8,22528,5376,64,10752,122880
128x768x768w29-24-8,128,768,768,29,24,8,29-24-8,M00,96768,5568,1536,192,8,1536,29,24,17920,1856,576,3072,122880
128x768x768w30-24-8,128,768,768,30,24,8,30-24-8,M00,96256,5760,1536,192,8,1536,30,24,18432,1920,576,3072,122880
128x768x768w26-8-24,128,768,768,26,8,24,26-8-24,M00,98304,1664,1536,576,24,1536,26,8,16384,4992,192,3072,122880
128x768x768w16-8-40,128,768,768,16,8,40,16-8-40,00K,97280,1024,2560,640,40,2560,16,8,17408,5120,128,5120,122880
128x768x768w27-16-12,128,768,768,27,16,12,27-16-12,M00,99520,3456,1536,288,12,1536,27,16,15168,2592,384,3072,122880
128x768x768w8-40-16,128,768,768,8,40,16,8-40-16,0N0,97280,2560,5120,128,16,5120,8,40,17408,1024,320,10240,122880
128x768x768w8-24-26,128,768,768,8,24,26,8-24-26,00K,98304,1536,4992,208,26,4992,8,24,16384,1664,192,9984,122880
128x768x768w13-8-48,128,768,768,13,8,48,13-8-48,M00,96896,832,3072,384,48,3072,13,8,17792,4992,64,6144,122880
128x768x768w28-16-12,128,768,768,28,16,12,28-16-12,M00,99072,3584,1536,288,12,1536,28,16,15616,2688,384,3072,122880
128x768x768w28-8-24,128,768,768,28,8,24,28-8-24,M00,97280,1792,1536,576,24,1536,28,8,17408,5376,192,3072,122880
128x768x768w8-8-82,128,768,768,8,8,82,8-8-82,00K,92672,512,5248,656,82,5248,8,8,22016,5248,64,10496,122880
128x768x768w29-16-12,128,768,768,29,16,12,29-16-12,M00,98624,3712,1536,288,12,1536,29,16,16064,2784,384,3072,122880
128x768x768w8-8-83,128,768,768,8,8,83,8-8-83,00K,92416,512,5312,664,83,5312,8,8,22272,5312,64,10624,122880
128x768x768w13-8-51,128,768,768,13,8,51,13-8-51,M0K,95888,832,3264,408,51,3264,13,8,18800,5304,64,6528,122880
128x768x768w13-32-12,128,768,768,13,32,12,13-32-12,M00,99392,3328,3072,96,12,3072,13,32,15296,1248,256,6144,122880
128x768x768w13-24-16,128,768,768,13,24,16,13-24-16,M00,100224,2496,3072,128,16,3072,13,24,14464,1664,192,6144,122880
128x768x768w8-8-80,128,768,768,8,8,80,8-8-80,00K,93184,512,5120,640,80,5120,8,8,21504,5120,64,10240,122880
128x768x768w30-8-24,128,768,768,30,8,24,30-8-24,M00,96256,1920,1536,576,24,1536,30,8,18432,5760,192,3072,122880
128x768x768w8-16-39,128,768,768,8,16,39,8-16-39,00K,97664,1024,4992,312,39,4992,8,16,17024,2496,128,9984,122880
128x768x768w8-8-79,128,768,768,8,8,79,8-8-79,00K,93440,512,5056,632,79,5056,8,8,21248,5056,64,10112,122880
128x768x768w26-16-12,128,768,768,26,16,12,26-16-12,M00,99968,3328,1536,288,12,1536,26,16,14720,2496,384,3072,122880
128x768x768w17-8-40,128,768,768,17,8,40,17-8-40,M0K,96512,1088,2560,640,40,2560,17,8,18176,5440,128,5120,122880
128x768x768w8-8-85,128,768,768,8,8,85,8-8-85,00K,91904,512,5440,680,85,5440,8,8,22784,5440,64,10880,122880
128x768x768w62-8-12,128,768,768,62,8,12,62-8-12,M00,93312,3968,768,672,12,768,62,8,21376,5952,448,1536,122880
128x768x768w28-24-8,128,768,768,28,24,8,28-24-8,M00,97280,5376,1536,192,8,1536,28,24,17408,1792,576,3072,122880
128x768x768w8-8-78,128,768,768,8,8,78,8-8-78,00K,93696,512,4992,624,78,4992,8,8,20992,4992,64,9984,122880
128x768x768w8-8-81,128,768,768,8,8,81,8-8-81,00K,92928,512,5184,648,81,5184,8,8,21760,5184,64,10368,122880
128x768x768w16-8-39,128,768,768,16,8,39,16-8-39,00K,97664,1024,2496,624,39,2496,16,8,17024,4992,128,4992,122880
128x768x768w26-24-8,128,768,768,26,24,8,26-24-8,M00,98304,4992,1536,192,8,1536,26,24,16384,1664,576,3072,122880
128x768x768w13-8-49,128,768,768,13,8,49,13-8-49,M0K,96560,832,3136,392,49,3136,13,8,18128,5096,64,6272,122880
128x768x768w8-80-8,128,768,768,8,80,8,8-80-8,0N0,93184,5120,5120,64,8,5120,8,80,21504,512,640,10240,122880
128x768x768w17-40-8,128,768,768,17,40,8,17-40-8,MN0,96512,5440,2560,128,8,2560,17,40,18176,1088,640,5120,122880
128x768x768w13-16-24,128,768,768,13,16,24,13-16-24,M00,100224,1664,3072,192,24,3072,13,16,14464,2496,128,6144,122880
128x768x768w8-8-77,128,768,768,8,8,77,8-8-77,00K,93952,512,4928,616,77,4928,8,8,20736,4928,64,9856,122880
128x768x768w29-8-24,128,768,768,29,8,24,29-8-24,M00,96768,1856,1536,576,24,1536,29,8,17920,5568,192,3072,122880
128x768x768w13-8-50,128,768,768,13,8,50,13-8-50,M0K,96224,832,3200,400,50,3200,13,8,18464,5200,64,6400,122880
128x768x768w8-16-40,128,768,768,8,16,40,8-16-40,00K,97280,1024,5120,320,40,5120,8,16,17408,2560,128,10240,122880
128x768x768w13-48-8,128,768,768,13,48,8,13-48-8,M00,96896,4992,3072,64,8,3072,13,48,17792,832,384,6144,122880
128x768x768w9-56-10,128,768,768,9,56,10,9-56-10,MNK,96224,4032,4480,80,10,4480,9,56,18464,720,448,8960,122892
128x768x768w11-16-29,128,768,768,11,16,29,11-16-29,M0K,99344,1408,3712,232,29,3712,11,16,15344,2552,128,7424,123120
128x768x768w14-24-15,128,768,768,14,24,15,14-24-15,M0K,100192,2688,2880,120,15,2880,14,24,14496,1680,192,5760,123136
128x768x768w10-24-21,128,768,768,10,24,21,10-24-21,M0K,99424,1920,4032,168,21,4032,10,24,15264,1680,192,8064,123136
128x768x768w13-40-10,128,768,768,13,40,10,13-40-10,MNK,97888,4160,3200,80,10,3200,13,40,16800,1040,320,6400,123200
128x768x768w12-40-11,128,768,768,12,40,11,12-40-11,MNK,97856,3840,3520,88,11,3520,12,40,16832,1056,320,7040,123200
128x768x768w21-24-10,128,768,768,21,24,10,21-24-10,M0K,99424,4032,1920,160,10,1920,21,24,15264,1680,384,3840,123200
128x768x768w20-8-34,128,768,768,20,8,34,20-8-34,M0K,96896,1280,2176,544,34,2176,20,8,17792,5440,128,4352,123648
128x768x768w19-8-34,128,768,768,19,8,34,19-8-34,M0K,97568,1216,2176,544,34,2176,19,8,17120,5168,128,4352,123648
128x768x768w20-16-17,128,768,768,20,16,17,20-16-17,M0K,99776,2560,2176,272,17,2176,20,16,14912,2720,256,4352,123648
128x768x768w19-16-17,128,768,768,19,16,17,19-16-17,M0K,100304,2432,2176,272,17,2176,19,16,14384,2584,256,4352,123648
128x768x768w25-8-26,128,768,768,25,8,26,25-8-26,M0K,97760,1600,1664,624,26,1664,25,8,16928,5200,192,3328,123840
128x768x768w15-40-9,128,768,768,15,40,9,15-40-9,MNK,97168,4800,2880,72,9,2880,15,40,17520,1080,320,5760,123840
128x768x768w9-24-23,128,768,768,9,24,23,9-24-23,M0K,99088,1728,4416,184,23,4416,9,24,15600,1656,192,8832,124032
128x768x768w14-16-22,128,768,768,14,16,22,14-16-22,M0K,100544,1792,2816,176,22,2816,14,16,14144,2464,128,5632,124320
128x768x768w14-32-11,128,768,768,14,32,11,14-32-11,M0K,99424,3584,2816,88,11,2816,14,32,15264,1232,256,5632,124320
128x768x768w15-8-45,128,768,768,15,8,45,15-8-45,M0K,96208,960,2880,360,45,2880,15,8,18480,5400,64,5760,124416
128x768x768w23-8-29,128,768,768,23,8,29,23-8-29,M0K,97360,1472,1856,464,29,1856,23,8,17328,5336,128,3712,124416
128x768x768w15-8-44,128,768,768,15,8,44,15-8-44,M0K,96576,960,2816,352,44,2816,15,8,18112,5280,64,5632,124416
128x768x768w15-8-43,128,768,768,15,8,43,15-8-43,M0K,96944,960,2752,344,43,2752,15,8,17744,5160,64,5504,124416
128x768x768w22-8-29,128,768,768,22,8,29,22-8-29,M0K,97952,1408,1856,464,29,1856,22,8,16736,5104,128,3712,124416
128x768x768w24-8-29,128,768,768,24,8,29,24-8-29,M0K,96768,1536,1856,696,29,1856,24,8,17920,5568,192,3712,124416
128x768x768w11-24-19,128,768,768,11,24,19,11-24-19,M0K,99824,2112,3648,152,19,3648,11,24,14864,1672,192,7296,124640
128x768x768w10-16-31,128,768,768,10,16,31,10-16-31,M0K,99232,1280,3968,248,31,3968,10,16,15456,2480,128,7936,124800
128x768x768w21-16-15,128,768,768,21,16,15,21-16-15,M0K,100432,2688,1920,240,15,1920,21,16,14256,2520,256,3840,124800
128x768x768w21-8-30,128,768,768,21,8,30,21-8-30,M0K,98080,1344,1920,480,30,1920,21,8,16608,5040,128,3840,124800
128x768x768w10-56-9,128,768,768,10,56,9,10-56-9,MNK,96224,4480,4032,72,9,4032,10,56,18464,720,448,8064,125216
128x768x768w9-40-14,128,768,768,9,40,14,9-40-14,MNK,97952,2880,4480,112,14,4480,9,40,16736,1008,320,8960,125400
128x768x768w11-32-14,128,768,768,11,32,14,11-32-14,M0K,99424,2816,3584,112,14,3584,11,32,15264,1232,256,7168,125400
128x768x768w20-24-11,128,768,768,20,24,11,20-24-11,M0K,99264,3840,2112,176,11,2112,20,24,15424,1760,384,4224,125440
128x768x768w8-56-11,128,768,768,8,56,11,8-56-11,0NK,96256,3584,4928,88,11,4928,8,56,18432,704,448,9856,125440
128x768x768w19-24-11,128,768,768,19,24,11,19-24-11,M0K,99824,3648,2112,176,11,2112,19,24,14864,1672,384,4224,125440
128x768x768w9-16-34,128,768,768,9,16,34,9-16-34,M0K,98784,1152,4352,272,34,4352,9,16,15904,2448,128,8704,125856
128x768x768w9-32-17,128,768,768,9,32,17,9-32-17,M0K,98928,2304,4352,136,17,4352,9,32,15760,1224,256,8704,125856
128x768x768w33-8-19,128,768,768,33,8,19,33-8-19,M0K,98000,2112,1216,608,19,1216,33,8,16688,5016,256,2432,125952
128x768x768w16-16-19,128,768,768,16,16,19,16-16-19,00K,100864,2048,2432,304,19,2432,16,16,13824,2432,256,4864,125952
128x768x768w36-8-19,128,768,768,36,8,19,36-8-19,M0K,96704,2304,1216,608,19,1216,36,8,17984,5472,256,2432,125952
128x768x768w34-8-19,128,768,768,34,8,19,34-8-19,M0K,97568,2176,1216,608,19,1216,34,8,17120,5168,256,2432,125952
128x768x768w37-8-19,128,768,768,37,8,19,37-8-19,M0K,96272,2368,1216,608,19,1216,37,8,18416,5624,256,2432,125952
128x768x768w40-8-19,128,768,768,40,8,19,40-8-19,M0K,94976,2560,1216,760,19,1216,40,8,19712,6080,320,2432,125952
128x768x768w17-16-19,128,768,768,17,16,19,17-16-19,M0K,100304,2176,2432,304,19,2432,17,16,14384,2584,256,4864,125952
128x768x768w38-8-19,128,768,768,38,8,19,38-8-19,M0K,95840,2432,1216,608,19,1216,38,8,18848,5776,256,2432,125952
128x768x768w32-8-19,128,768,768,32,8,19,32-8-19,00K,98432,2048,1216,608,19,1216,32,8,16256,4864,256,2432,125952
128x768x768w35-8-19,128,768,768,35,8,19,35-8-19,M0K,97136,2240,1216,608,19,1216,35,8,17552,5320,256,2432,125952
128x768x768w8-32-19,128,768,768,8,32,19,8-32-19,00K,98432,2048,4864,152,19,4864,8,32,16256,1216,256,9728,125952
128x768x768w39-8-19,128,768,768,39,8,19,39-8-19,M0K,95408,2496,1216,608,19,1216,39,8,19280,5928,256,2432,125952
128x768x768w60-8-14,128,768,768,60,8,14,60-8-14,M0K,91776,3840,896,784,14,896,60,8,22912,6720,448,1792,126720
128x768x768w12-8-53,128,768,768,12,8,53,12-8-53,M0K,96192,768,3392,424,53,3392,12,8,18496,5088,64,6784,126720
128x768x768w59-8-14,128,768,768,59,8,14,59-8-14,M0K,92128,3776,896,784,14,896,59,8,22560,6608,448,1792,126720
128x768x768w15-24-14,128,768,768,15,24,14,15-24-14,M0K,100192,2880,2688,112,14,2688,15,24,14496,1680,192,5376,126720
128x768x768w57-8-14,128,768,768,57,8,14,57-8-14,M0K,92832,3648,896,784,14,896,57,8,21856,6384,448,1792,126720
128x768x768w12-16-26,128,768,768,12,16,26,12-16-26,M0K,99968,1536,3328,208,26,3328,12,16,14720,2496,128,6656,126720
128x768x768w12-8-52,128,768,768,12,8,52,12-8-52,M0K,96512,768,3328,416,52,3328,12,8,18176,4992,64,6656,126720
128x768x768w23-16-14,128,768,768,23,16,14,23-16-14,M0K,100064,2944,1792,224,14,1792,23,16,14624,2576,256,3584,126720
128x768x768w24-16-14,128,768,768,24,16,14,24-16-14,M0K,99584,3072,1792,336,14,1792,24,16,15104,2688,384,3584,126720
128x768x768w50-8-14,128,768,768,50,8,14,50-8-14,M0K,95296,3200,896,672,14,896,50,8,19392,5600,384,1792,126720
128x768x768w55-8-14,128,768,768,55,8,14,55-8-14,M0K,93536,3520,896,672,14,896,55,8,21152,6160,384,1792,126720
128x768x768w53-8-14,128,768,768,53,8,14,53-8-14,M0K,94240,3392,896,672,14,896,53,8,20448,5936,384,1792,126720
128x768x768w46-8-14,128,768,768,46,8,14,46-8-14,M0K,96704,2944,896,560,14,896,46,8,17984,5152,320,1792,126720
128x768x768w54-8-14,128,768,768,54,8,14,54-8-14,M0K,93888,3456,896,672,14,896,54,8,20800,6048,384,1792,126720
128x768x768w51-8-14,128,768,768,51,8,14,51-8-14,M0K,94944,3264,896,672,14,896,51,8,19744,5712,384,1792,126720
128x768x768w58-8-14,128,768,768,58,8,14,58-8-14,M0K,92480,3712,896,784,14,896,58,8,22208,6496,448,1792,126720
128x768x768w49-8-14,128,768,768,49,8,14,49-8-14,M0K,95648,3136,896,672,14,896,49,8,19040,5488,384,1792,126720
128x768x768w12-8-54,128,768,768,12,8,54,12-8-54,M0K,95872,768,3456,432,54,3456,12,8,18816,5184,64,6912,126720
128x768x768w45-8-14,128,768,768,45,8,14,45-8-14,M0K,97056,2880,896,560,14,896,45,8,17632,5040,320,1792,126720
128x768x768w47-8-14,128,768,768,47,8,14,47-8-14,M0K,96352,3008,896,560,14,896,47,8,18336,5264,320,1792,126720
128x768x768w56-8-14,128,768,768,56,8,14,56-8-14,M0K,93184,3584,896,784,14,896,56,8,21504,6272,448,1792,126720
128x768x768w52-8-14,128,768,768,52,8,14,52-8-14,M0K,94592,3328,896,672,14,896,52,8,20096,5824,384,1792,126720
128x768x768w44-8-14,128,768,768,44,8,14,44-8-14,M0K,97408,2816,896,560,14,896,44,8,17280,4928,320,1792,126720
128x768x768w22-16-14,128,768,768,22,16,14,22-16-14,M0K,100544,2816,1792,224,14,1792,22,16,14144,2464,256,3584,126720
128x768x768w48-8-14,128,768,768,48,8,14,48-8-14,M0K,96000,3072,896,672,14,896,48,8,18688,5376,384,1792,126720
128x768x768w43-8-14,128,768,768,43,8,14,43-8-14,M0K,97760,2752,896,560,14,896,43,8,16928,4816,320,1792,126720
128x768x768w8-24-25,128,768,768,8,24,25,8-24-25,00K,98816,1536,4800,200,25,4800,8,24,15872,1600,192,9600,126976
128x768x768w14-40-9,128,768,768,14,40,9,14-40-9,MNK,97952,4480,2880,72,9,2880,14,40,16736,1008,320,5760,127280
128x768x768w11-16-28,128,768,768,11,16,28,11-16-28,M0K,99776,1408,3584,224,28,3584,11,16,14912,2464,128,7168,127680
128x768x768w11-8-55,128,768,768,11,8,55,11-8-55,M0K,96560,704,3520,440,55,3520,11,8,18128,4840,64,7040,127680
128x768x768w9-24-22,128,768,768,9,24,22,9-24-22,M0K,99616,1728,4224,176,22,4224,9,24,15072,1584,192,8448,127680
128x768x768w11-56-8,128,768,768,11,56,8,11-56-8,MN0,96256,4928,3584,64,8,3584,11,56,18432,704,448,7168,127680
128x768x768w11-8-56,128,768,768,11,8,56,11-8-56,M0K,96256,704,3584,448,56,3584,11,8,18432,4928,64,7168,127680
128x768x768w9-48-11,128,768,768,9,48,11,9-48-11,M0K,97744,3456,4224,88,11,4224,9,48,16944,792,384,8448,127680
128x768x768w11-8-58,128,768,768,11,8,58,11-8-58,M0K,95648,704,3712,464,58,3712,11,8,19040,5104,64,7424,127680
128x768x768w11-8-57,128,768,768,11,8,57,11-8-57,M0K,95952,704,3648,456,57,3648,11,8,18736,5016,64,7296,127680
128x768x768w15-16-21,128,768,768,15,16,21,15-16-21,M0K,100432,1920,2688,168,21,2688,15,16,14256,2520,128,5376,127872
128x768x768w14-8-45,128,768,768,14,8,45,14-8-45,M0K,97056,896,2880,360,45,2880,14,8,17632,5040,64,5760,127872
128x768x768w31-8-21,128,768,768,31,8,21,31-8-21,M0K,97616,1984,1344,504,21,1344,31,8,17072,5208,192,2688,127872
128x768x768w14-8-44,128,768,768,14,8,44,14-8-44,M0K,97408,896,2816,352,44,2816,14,8,17280,4928,64,5632,127872
128x768x768w14-8-43,128,768,768,14,8,43,14-8-43,M0K,97760,896,2752,344,43,2752,14,8,16928,4816,64,5504,127872
128x768x768w25-8-25,128,768,768,25,8,25,25-8-25,M0K,98288,1600,1600,600,25,1600,25,8,16400,5000,192,3200,127968
128x768x768w18-16-17,128,768,768,18,16,17,18-16-17,M0K,100832,2304,2176,272,17,2176,18,16,13856,2448,256,4352,128064
128x768x768w18-8-34,128,768,768,18,8,34,18-8-34,M0K,98240,1152,2176,544,34,2176,18,8,16448,4896,128,4352,128064
128x768x768w41-8-17,128,768,768,41,8,17,41-8-17,M0K,96112,2624,1088,680,17,1088,41,8,18576,5576,320,2176,128064
128x768x768w10-48-10,128,768,768,10,48,10,10-48-10,M0K,97728,3840,3840,80,10,3840,10,48,16960,800,384,7680,128128
128x768x768w20-8-32,128,768,768,20,8,32,20-8-32,M00,97792,1280,2048,512,32,2048,20,8,16896,5120,128,4096,129024
128x768x768w20-16-16,128,768,768,20,16,16,20-16-16,M00,100352,2560,2048,256,16,2048,20,16,14336,2560,256,4096,129024
128x768x768w17-8-37,128,768,768,17,8,37,17-8-37,M0K,97712,1088,2368,592,37,2368,17,8,16976,5032,128,4736,129024
128x768x768w16-8-38,128,768,768,16,8,38,16-8-38,00K,98048,1024,2432,608,38,2432,16,8,16640,4864,128,4864,129024
128x768x768w8-16-38,128,768,768,8,16,38,8-16-38,00K,98048,1024,4864,304,38,4864,8,16,16640,2432,128,9728,129024
128x768x768w20-32-8,128,768,768,20,32,8,20-32-8,M00,97792,5120,2048,128,8,2048,20,32,16896,1280,512,4096,129024
128x768x768w16-8-37,128,768,768,16,8,37,16-8-37,00K,98432,1024,2368,592,37,2368,16,8,16256,4736,128,4736,129024
128x768x768w19-16-16,128,768,768,19,16,16,19-16-16,M00,100864,2432,2048,256,16,2048,19,16,13824,2432,256,4096,129024
128x768x768w20-8-33,128,768,768,20,8,33,20-8-33,M0K,97344,1280,2112,528,33,2112,20,8,17344,5280,128,4224,129024
128x768x768w24-8-28,128,768,768,24,8,28,24-8-28,M0K,97280,1536,1792,672,28,1792,24,8,17408,5376,192,3584,129024
128x768x768w19-8-33,128,768,768,19,8,33,19-8-33,M0K,98000,1216,2112,528,33,2112,19,8,16688,5016,128,4224,129024
128x768x768w122-8-8,128,768,768,122,8,8,122-8-8,M00,82432,7808,512,960,8,512,122,8,32256,7808,960,1024,129024
128x768x768w8-16-37,128,768,768,8,16,37,8-16-37,00K,98432,1024,4736,296,37,4736,8,16,16256,2368,128,9472,129024
128x768x768w19-8-32,128,768,768,19,8,32,19-8-32,M00,98432,1216,2048,512,32,2048,19,8,16256,4864,128,4096,129024
128x768x768w19-32-8,128,768,768,19,32,8,19-32-8,M00,98432,4864,2048,128,8,2048,19,32,16256,1216,512,4096,129024
128x768x768w17-8-38,128,768,768,17,8,38,17-8-38,M0K,97312,1088,2432,608,38,2432,17,8,17376,5168,128,4864,129024
128x768x768w23-8-28,128,768,768,23,8,28,23-8-28,M0K,97856,1472,1792,448,28,1792,23,8,16832,5152,128,3584,129024
128x768x768w22-8-28,128,768,768,22,8,28,22-8-28,M0K,98432,1408,1792,448,28,1792,22,8,16256,4928,128,3584,129024
128x768x768w12-24-17,128,768,768,12,24,17,12-24-17,M0K,100288,2304,3264,136,17,3264,12,24,14400,1632,192,6528,129536
128x768x768w21-8-29,128,768,768,21,8,29,21-8-29,M0K,98544,1344,1856,464,29,1856,21,8,16144,4872,128,3712,129600
128x768x768w10-8-60,128,768,768,10,8,60,10-8-60,M0K,96128,640,3840,480,60,3840,10,8,18560,4800,64,7680,129792
128x768x768w10-32-15,128,768,768,10,32,15,10-32-15,M0K,99488,2560,3840,120,15,3840,10,32,15200,1200,256,7680,129792
128x768x768w10-8-63,128,768,768,10,8,63,10-8-63,M0K,95264,640,4032,504,63,4032,10,8,19424,5040,64,8064,129792
128x768x768w42-8-15,128,768,768,42,8,15,42-8-15,M0K,97312,2688,960,600,15,960,42,8,17376,5040,320,1920,129792
128x768x768w10-24-20,128,768,768,10,24,20,10-24-20,M0K,99968,1920,3840,160,20,3840,10,24,14720,1600,192,7680,129792
128x768x768w10-8-61,128,768,768,10,8,61,10-8-61,M0K,95840,640,3904,488,61,3904,10,8,18848,4880,64,7808,129792
128x768x768w10-16-30,128,768,768,10,16,30,10-16-30,M0K,99648,1280,3840,240,30,3840,10,16,15040,2400,128,7680,129792
128x768x768w10-8-62,128,768,768,10,8,62,10-8-62,M0K,95552,640,3968,496,62,3968,10,8,19136,4960,64,7936,129792
128x768x768w18-24-11,128,768,768,18,24,11,18-24-11,M0K,100384,3456,2112,176,11,2112,18,24,14304,1584,384,4224,129920
128x768x768w14-24-14,128,768,768,14,24,14,14-24-14,M0K,100800,2688,2688,112,14,2688,14,24,13888,1568,192,5376,130240
128x768x768w13-8-47,128,768,768,13,8,47,13-8-47,M0K,97232,832,3008,376,47,3008,13,8,17456,4888,64,6016,130560
128x768x768w28-8-23,128,768,768,28,8,23,28-8-23,M0K,97856,1792,1472,552,23,1472,28,8,16832,5152,192,2944,130560
128x768x768w26-8-23,128,768,768,26,8,23,26-8-23,M0K,98848,1664,1472,552,23,1472,26,8,15840,4784,192,2944,130560
128x768x768w30-8-23,128,768,768,30,8,23,30-8-23,M0K,96864,1920,1472,552,23,1472,30,8,17824,5520,192,2944,130560
128x768x768w13-16-23,128,768,768,13,16,23,13-16-23,M0K,100688,1664,2944,184,23,2944,13,16,14000,2392,128,5888,130560
128x768x768w13-8-46,128,768,768,13,8,46,13-8-46,M0K,97568,832,2944,368,46,2944,13,8,17120,4784,64,5888,130560
128x768x768w29-8-23,128,768,768,29,8,23,29-8-23,M0K,97360,1856,1472,552,23,1472,29,8,17328,5336,192,2944,130560
128x768x768w27-8-23,128,768,768,27,8,23,27-8-23,M0K,98352,1728,1472,552,23,1472,27,8,16336,4968,192,2944,130560
128x768x768w11-24-18,128,768,768,11,24,18,11-24-18,M0K,100384,2112,3456,144,18,3456,11,24,14304,1584,192,6912,130720
128x768x768w11-48-9,128,768,768,11,48,9,11-48-9,M0K,97744,4224,3456,72,9,3456,11,48,16944,792,384,6912,130720
128x768x768w12-16-25,128,768,768,12,16,25,12-16-25,M0K,100416,1536,3200,200,25,3200,12,16,14272,2400,128,6400,130944
128x768x768w17-24-12,128,768,768,17,24,12,17-24-12,M00,100288,3264,2304,192,12,2304,17,24,14400,1632,384,4608,131072
128x768x768w8-24-24,128,768,768,8,24,24,8-24-24,000,99328,1536,4608,192,24,4608,8,24,15360,1536,192,9216,131072
128x768x768w8-48-12,128,768,768,8,48,12,8-48-12,000,97792,3072,4608,96,12,4608,8,48,16896,768,384,9216,131072
128x768x768w16-24-12,128,768,768,16,24,12,16-24-12,000,100864,3072,2304,192,12,2304,16,24,13824,1536,384,4608,131072
128x768x768w9-32-16,128,768,768,9,32,16,9-32-16,M00,99584,2304,4096,128,16,4096,9,32,15104,1152,256,8192,131328
128x768x768w15-8-42,128,768,768,15,8,42,15-8-42,M0K,97312,960,2688,336,42,2688,15,8,17376,5040,64,5376,131328
128x768x768w9-64-8,128,768,768,9,64,8,9-64-8,M00,96128,4608,4096,64,8,4096,9,64,18560,576,512,8192,131328
128x768x768w9-8-64,128,768,768,9,8,64,9-8-64,M00,96128,576,4096,512,64,4096,9,8,18560,4608,64,8192,131328
128x768x768w15-8-41,128,768,768,15,8,41,15-8-41,M0K,97680,960,2624,328,41,2624,15,8,17008,4920,64,5248,131328
128x768x768w9-8-69,128,768,768,9,8,69,9-8-69,M0K,94768,576,4416,552,69,4416,9,8,19920,4968,64,8832,131328
128x768x768w9-8-66,128,768,768,9,8,66,9-8-66,M0K,95584,576,4224,528,66,4224,9,8,19104,4752,64,8448,131328
128x768x768w9-8-67,128,768,768,9,8,67,9-8-67,M0K,95312,576,4288,536,67,4288,9,8,19376,4824,64,8576,131328
128x768x768w9-8-65,128,768,768,9,8,65,9-8-65,M0K,95856,576,4160,520,65,4160,9,8,18832,4680,64,8320,131328
128x768x768w9-16-32,128,768,768,9,16,32,9-16-32,M00,99584,1152,4096,256,32,4096,9,16,15104,2304,128,8192,131328
128x768x768w9-8-68,128,768,768,9,8,68,9-8-68,M0K,95040,576,4352,544,68,4352,9,8,19648,4896,64,8704,131328
128x768x768w9-16-33,128,768,768,9,16,33,9-16-33,M0K,99184,1152,4224,264,33,4224,9,16,15504,2376,128,8448,131328
128x768x768w14-16-21,128,768,768,14,16,21,14-16-21,M0K,101024,1792,2688,168,21,2688,14,16,13664,2352,128,5376,131424
128x768x768w21-16-14,128,768,768,21,16,14,21-16-14,M0K,101024,2688,1792,224,14,1792,21,16,13664,2352,256,3584,132000
128x768x768w69-8-9,128,768,768,69,8,9,69-8-9,M0K,94768,4416,576,576,9,576,69,8,19920,4968,512,1152,132096
128x768x768w35-8-18,128,768,768,35,8,18,35-8-18,M0K,97824,2240,1152,576,18,1152,35,8,16864,5040,256,2304,132096
128x768x768w38-16-9,128,768,768,38,16,9,38-16-9,M0K,97184,4864,1152,288,9,1152,38,16,17504,2736,512,2304,132096
128x768x768w105-8-9,128,768,768,105,8,9,105-8-9,M0K,84976,6720,576,936,9,576,105,8,29712,7560,832,1152,132096
128x768x768w82-8-9,128,768,768,82,8,9,82-8-9,M0K,91232,5248,576,720,9,576,82,8,23456,5904,640,1152,132096
128x768x768w104-8-9,128,768,768,104,8,9,104-8-9,M0K,85248,6656,576,936,9,576,104,8,29440,7488,832,1152,132096
128x768x768w92-8-9,128,768,768,92,8,9,92-8-9,M0K,88512,5888,576,792,9,576,92,8,26176,6624,704,1152,132096
128x768x768w34-8-18,128,768,768,34,8,18,34-8-18,M0K,98240,2176,1152,576,18,1152,34,8,16448,4896,256,2304,132096
128x768x768w90-8-9,128,768,768,90,8,9,90-8-9,M0K,89056,5760,576,792,9,576,90,8,25632,6480,704,1152,132096
128x768x768w37-16-9,128,768,768,37,16,9,37-16-9,M0K,97584,4736,1152,288,9,1152,37,16,17104,2664,512,2304,132096
128x768x768w64-8-9,128,768,768,64,8,9,64-8-9,00K,96128,4096,576,576,9,576,64,8,18560,4608,512,1152,132096
128x768x768w34-16-9,128,768,768,34,16,9,34-16-9,M0K,98784,4352,1152,288,9,1152,34,16,15904,2448,512,2304,132096
128x768x768w86-8-9,128,768,768,86,8,9,86-8-9,M0K,90144,5504,576,720,9,576,86,8,24544,6192,640,1152,132096
128x768x768w36-16-9,128,768,768,36,16,9,36-16-9,M0K,97984,4608,1152,288,9,1152,36,16,16704,2592,512,2304,132096
128x768x768w66-8-9,128,768,768,66,8,9,66-8-9,M0K,95584,4224,576,576,9,576,66,8,19104,4752,512,1152,132096
128x768x768w37-8-18,128,768,768,37,8,18,37-8-18,M0K,96992,2368,1152,576,18,1152,37,8,17696,5328,256,2304,132096
128x768x768w80-8-9,128,768,768,80,8,9,80-8-9,M0K,91776,5120,576,720,9,576,80,8,22912,5760,640,1152,132096
128x768x768w67-8-9,128,768,768,67,8,9,67-8-9,M0K,95312,4288,576,576,9,576,67,8,19376,4824,512,1152,132096
128x768x768w68-8-9,128,768,768,68,8,9,68-8-9,M0K,95040,4352,576,576,9,576,68,8,19648,4896,512,1152,132096
128x768x768w96-8-9,128,768,768,96,8,9,96-8-9,M0K,87424,6144,576,864,9,576,96,8,27264,6912,768,1152,132096
128x768x768w25-8-24,128,768,768,25,8,24,25-8-24,M00,98816,1600,1536,576,24,1536,25,8,15872,4800,192,3072,132096
128x768x768w65-8-9,128,768,768,65,8,9,65-8-9,M0K,95856,4160,576,576,9,576,65,8,18832,4680,512,1152,132096
128x768x768w40-8-18,128,768,768,40,8,18,40-8-18,M0K,95744,2560,1152,720,18,1152,40,8,18944,5760,320,2304,132096
128x768x768w23-24-9,128,768,768,23,24,9,23-24-9,M0K,99088,4416,1728,144,9,1728,23,24,15600,1656,384,3456,132096
128x768x768w75-8-9,128,768,768,75,8,9,75-8-9,M0K,93136,4800,576,648,9,576,75,8,21552,5400,576,1152,132096
128x768x768w73-8-9,128,768,768,73,8,9,73-8-9,M0K,93680,4672,576,648,9,576,73,8,21008,5256,576,1152,132096
128x768x768w72-8-9,128,768,768,72,8,9,72-8-9,M0K,93952,4608,576,648,9,576,72,8,20736,5184,576,1152,132096
128x768x768w33-16-9,128,768,768,33,16,9,33-16-9,M0K,99184,4224,1152,288,9,1152,33,16,15504,2376,512,2304,132096
128x768x768w24-24-9,128,768,768,24,24,9,24-24-9,M0K,98560,4608,1728,216,9,1728,24,24,16128,1728,576,3456,132096
128x768x768w8-64-9,128,768,768,8,64,9,8-64-9,00K,96128,4096,4608,72,9,4608,8,64,18560,576,512,9216,132096
128x768x768w77-8-9,128,768,768,77,8,9,77-8-9,M0K,92592,4928,576,648,9,576,77,8,22096,5544,576,1152,132096
128x768x768w74-8-9,128,768,768,74,8,9,74-8-9,M0K,93408,4736,576,648,9,576,74,8,21280,5328,576,1152,132096
128x768x768w70-8-9,128,768,768,70,8,9,70-8-9,M0K,94496,4480,576,576,9,576,70,8,20192,5040,512,1152,132096
128x768x768w17-16-18,128,768,768,17,16,18,17-16-18,M0K,100832,2176,2304,288,18,2304,17,16,13856,2448,256,4608,132096
128x768x768w83-8-9,128,768,768,83,8,9,83-8-9,M0K,90960,5312,576,720,9,576,83,8,23728,5976,640,1152,132096
128x768x768w108-8-9,128,768,768,108,8,9,108-8-9,M0K,84160,6912,576,936,9,576,108,8,30528,7776,832,1152,132096
128x768x768w8-32-18,128,768,768,8,32,18,8-32-18,00K,99072,2048,4608,144,18,4608,8,32,15616,1152,256,9216,132096
128x768x768w38-8-18,128,768,768,38,8,18,38-8-18,M0K,96576,2432,1152,576,18,1152,38,8,18112,5472,256,2304,132096
128x768x768w109-8-9,128,768,768,109,8,9,109-8-9,M0K,83888,6976,576,936,9,576,109,8,30800,7848,832,1152,132096
128x768x768w107-8-9,128,768,768,107,8,9,107-8-9,M0K,84432,6848,576,936,9,576,107,8,30256,7704,832,1152,132096
128x768x768w71-8-9,128,768,768,71,8,9,71-8-9,M0K,94224,4544,576,576,9,576,71,8,20464,5112,512,1152,132096
128x768x768w16-32-9,128,768,768,16,32,9,16-32-9,00K,99584,4096,2304,144,9,2304,16,32,15104,1152,512,4608,132096
128x768x768w93-8-9,128,768,768,93,8,9,93-8-9,M0K,88240,5952,576,792,9,576,93,8,26448,6696,704,1152,132096
128x768x768w85-8-9,128,768,768,85,8,9,85-8-9,M0K,90416,5440,576,720,9,576,85,8,24272,6120,640,1152,132096
128x768x768w79-8-9,128,768,768,79,8,9,79-8-9,M0K,92048,5056,576,648,9,576,79,8,22640,5688,576,1152,132096
128x768x768w17-32-9,128,768,768,17,32,9,17-32-9,M0K,98928,4352,2304,144,9,2304,17,32,15760,1224,512,4608,132096
128x768x768w32-8-18,128,768,768,32,8,18,32-8-18,00K,99072,2048,1152,576,18,1152,32,8,15616,4608,256,2304,132096
128x768x768w22-24-9,128,768,768,22,24,9,22-24-9,M0K,99616,4224,1728,144,9,1728,22,24,15072,1584,384,3456,132096
128x768x768w16-16-18,128,768,768,16,16,18,16-16-18,00K,101376,2048,2304,288,18,2304,16,16,13312,2304,256,4608,132096
128x768x768w101-8-9,128,768,768,101,8,9,101-8-9,M0K,86064,6464,576,864,9,576,101,8,28624,7272,768,1152,132096
128x768x768w113-8-9,128,768,768,113,8,9,113-8-9,M0K,82800,7232,576,1008,9,576,113,8,31888,8136,896,1152,132096
128x768x768w84-8-9,128,768,768,84,8,9,84-8-9,M0K,90688,5376,576,720,9,576,84,8,24000,6048,640,1152,132096
128x768x768w103-8-9,128,768,768,103,8,9,103-8-9,M0K,85520,6592,576,864,9,576,103,8,29168,7416,768,1152,132096
128x768x768w32-16-9,128,768,768,32,16,9,32-16-9,00K,99584,4096,1152,288,9,1152,32,16,15104,2304,512,2304,132096
128x768x768w98-8-9,128,768,768,98,8,9,98-8-9,M0K,86880,6272,576,864,9,576,98,8,27808,7056,768,1152,132096
128x768x768w78-8-9,128,768,768,78,8,9,78-8-9,M0K,92320,4992,576,648,9,576,78,8,22368,5616,576,1152,132096
128x768x768w94-8-9,128,768,768,94,8,9,94-8-9,M0K,87968,6016,576,792,9,576,94,8,26720,6768,704,1152,132096
128x768x768w39-16-9,128,768,768,39,16,9,39-16-9,M0K,96784,4992,1152,288,9,1152,39,16,17904,2808,512,2304,132096
128x768x768w39-8-18,128,768,768,39,8,18,39-8-18,M0K,96160,2496,1152,576,18,1152,39,8,18528,5616,256,2304,132096
128x768x768w110-8-9,128,768,768,110,8,9,110-8-9,M0K,83616,7040,576,936,9,576,110,8,31072,7920,832,1152,132096
128x768x768w40-16-9,128,768,768,40,16,9,40-16-9,M0K,96384,5120,1152,360,9,1152,40,16,18304,2880,640,2304,132096
128x768x768w91-8-9,128,768,768,91,8,9,91-8-9,M0K,88784,5824,576,792,9,576,91,8,25904,6552,704,1152,132096
128x768x768w106-8-9,128,768,768,106,8,9,106-8-9,M0K,84704,6784,576,936,9,576,106,8,29984,7632,832,1152,132096
128x768x768w25-16-12,128,768,768,25,16,12,25-16-12,M00,100416,3200,1536,288,12,1536,25,16,14272,2400,384,3072,132096
128x768x768w111-8-9,128,768,768,111,8,9,111-8-9,M0K,83344,7104,576,936,9,576,111,8,31344,7992,832,1152,132096
128x768x768w35-16-9,128,768,768,35,16,9,35-16-9,M0K,98384,4480,1152,288,9,1152,35,16,16304,2520,512,2304,132096
128x768x768w88-8-9,128,768,768,88,8,9,88-8-9,M0K,89600,5632,576,792,9,576,88,8,25088,6336,704,1152,132096
128x768x768w33-8-18,128,768,768,33,8,18,33-8-18,M0K,98656,2112,1152,576,18,1152,33,8,16032,4752,256,2304,132096
128x768x768w102-8-9,128,768,768,102,8,9,102-8-9,M0K,85792,6528,576,864,9,576,102,8,28896,7344,768,1152,132096
128x768x768w95-8-9,128,768,768,95,8,9,95-8-9,M0K,87696,6080,576,792,9,576,95,8,26992,6840,704,1152,132096
128x768x768w87-8-9,128,768,768,87,8,9,87-8-9,M0K,89872,5568,576,720,9,576,87,8,24816,6264,640,1152,132096
128x768x768w100-8-9,128,768,768,100,8,9,100-8-9,M0K,86336,6400,576,864,9,576,100,8,28352,7200,768,1152,132096
128x768x768w89-8-9,128,768,768,89,8,9,89-8-9,M0K,89328,5696,576,792,9,576,89,8,25360,6408,704,1152,132096
128x768x768w25-24-8,128,768,768,25,24,8,25-24-8,M00,98816,4800,1536,192,8,1536,25,24,15872,1600,576,3072,132096
128x768x768w99-8-9,128,768,768,99,8,9,99-8-9,M0K,86608,6336,576,864,9,576,99,8,28080,7128,768,1152,132096
128x768x768w97-8-9,128,768,768,97,8,9,97-8-9,M0K,87152,6208,576,864,9,576,97,8,27536,6984,768,1152,132096
128x768x768w76-8-9,128,768,768,76,8,9,76-8-9,M0K,92864,4864,576,648,9,576,76,8,21824,5472,576,1152,132096
128x768x768w81-8-9,128,768,768,81,8,9,81-8-9,M0K,91504,5184,576,720,9,576,81,8,23184,5832,640,1152,132096
128x768x768w112-8-9,128,768,768,112,8,9,112-8-9,M0K,83072,7168,576,1008,9,576,112,8,31616,8064,896,1152,132096
128x768x768w36-8-18,128,768,768,36,8,18,36-8-18,M0K,97408,2304,1152,576,18,1152,36,8,17280,5184,256,2304,132096
128x768x768w11-16-27,128,768,768,11,16,27,11-16-27,M0K,100208,1408,3456,216,27,3456,11,16,14480,2376,128,6912,132240
128x768x768w11-40-11,128,768,768,11,40,11,11-40-11,MNK,98672,3520,3520,88,11,3520,11,40,16016,968,320,7040,133000
128x768x768w15-32-10,128,768,768,15,32,10,15-32-10,M0K,99488,3840,2560,80,10,2560,15,32,15200,1200,256,5120,133056
128x768x768w63-8-10,128,768,768,63,8,10,63-8-10,M0K,95264,4032,640,560,10,640,63,8,19424,5040,448,1280,133056
128x768x768w31-16-10,128,768,768,31,16,10,31-16-10,M0K,99232,3968,1280,240,10,1280,31,16,15456,2480,384,2560,133056
128x768x768w13-24-15,128,768,768,13,24,15,13-24-15,M0K,100816,2496,2880,120,15,2880,13,24,13872,1560,192,5760,133120
128x768x768w10-40-12,128,768,768,10,40,12,10-40-12,MN0,98688,3200,3840,96,12,3840,10,40,16000,960,320,7680,133120
128x768x768w8-40-15,128,768,768,8,40,15,8-40-15,0NK,98048,2560,4800,120,15,4800,8,40,16640,960,320,9600,133120
128x768x768w18-8-32,128,768,768,18,8,32,18-8-32,M00,99072,1152,2048,512,32,2048,18,8,15616,4608,128,4096,133632
128x768x768w18-32-8,128,768,768,18,32,8,18-32-8,M00,99072,4608,2048,128,8,2048,18,32,15616,1152,512,4096,133632
128x768x768w18-8-33,128,768,768,18,8,33,18-8-33,M0K,98656,1152,2112,528,33,2112,18,8,16032,4752,128,4224,133632
128x768x768w24-8-27,128,768,768,24,8,27,24-8-27,M0K,97792,1536,1728,648,27,1728,24,8,16896,5184,192,3456,133632
128x768x768w18-16-16,128,768,768,18,16,16,18-16-16,M00,101376,2304,2048,256,16,2048,18,16,13312,2304,256,4096,133632
128x768x768w23-8-27,128,768,768,23,8,27,23-8-27,M0K,98352,1472,1728,432,27,1728,23,8,16336,4968,128,3456,133632
128x768x768w41-16-8,128,768,768,41,16,8,41-16-8,M00,96896,5248,1024,320,8,1024,41,16,17792,2624,640,2048,133632
128x768x768w22-8-27,128,768,768,22,8,27,22-8-27,M0K,98912,1408,1728,432,27,1728,22,8,15776,4752,128,3456,133632
128x768x768w41-8-16,128,768,768,41,8,16,41-8-16,M00,96896,2624,1024,640,16,1024,41,8,17792,5248,320,2048,133632
128x768x768w29-8-22,128,768,768,29,8,22,29-8-22,M0K,97952,1856,1408,528,22,1408,29,8,16736,5104,192,2816,134400
128x768x768w29-16-11,128,768,768,29,16,11,29-16-11,M0K,99344,3712,1408,264,11,1408,29,16,15344,2552,384,2816,134400
128x768x768w27-8-22,128,768,768,27,8,22,27-8-22,M0K,98912,1728,1408,528,22,1408,27,8,15776,4752,192,2816,134400
128x768x768w30-16-11,128,768,768,30,16,11,30-16-11,M0K,98912,3840,1408,264,11,1408,30,16,15776,2640,384,2816,134400
128x768x768w20-8-31,128,768,768,20,8,31,20-8-31,M0K,98240,1280,1984,496,31,1984,20,8,16448,4960,128,3968,134400
128x768x768w30-8-22,128,768,768,30,8,22,30-8-22,M0K,97472,1920,1408,528,22,1408,30,8,17216,5280,192,2816,134400
128x768x768w28-16-11,128,768,768,28,16,11,28-16-11,M0K,99776,3584,1408,264,11,1408,28,16,14912,2464,384,2816,134400
128x768x768w26-16-11,128,768,768,26,16,11,26-16-11,M0K,100640,3328,1408,264,11,1408,26,16,14048,2288,384,2816,134400
128x768x768w26-8-22,128,768,768,26,8,22,26-8-22,M0K,99392,1664,1408,528,22,1408,26,8,15296,4576,192,2816,134400
128x768x768w19-8-31,128,768,768,19,8,31,19-8-31,M0K,98864,1216,1984,496,31,1984,19,8,15824,4712,128,3968,134400
128x768x768w28-8-22,128,768,768,28,8,22,28-8-22,M0K,98432,1792,1408,528,22,1408,28,8,16256,4928,192,2816,134400
128x768x768w13-32-11,128,768,768,13,32,11,13-32-11,M0K,100112,3328,2816,88,11,2816,13,32,14576,1144,256,5632,134400
128x768x768w27-16-11,128,768,768,27,16,11,27-16-11,M0K,100208,3456,1408,264,11,1408,27,16,14480,2376,384,2816,134400
128x768x768w62-8-11,128,768,768,62,8,11,62-8-11,M0K,94432,3968,704,616,11,704,62,8,20256,5456,448,1408,134400
128x768x768w21-8-28,128,768,768,21,8,28,21-8-28,M0K,99008,1344,1792,448,28,1792,21,8,15680,4704,128,3584,134400
128x768x768w13-16-22,128,768,768,13,16,22,13-16-22,M0K,101152,1664,2816,176,22,2816,13,16,13536,2288,128,5632,134400
128x768x768w10-16-29,128,768,768,10,16,29,10-16-29,M0K,100064,1280,3712,232,29,3712,10,16,14624,2320,128,7424,134784
128x768x768w31-8-20,128,768,768,31,8,20,31-8-20,M0K,98240,1984,1280,480,20,1280,31,8,16448,4960,192,2560,134784
128x768x768w15-16-20,128,768,768,15,16,20,15-16-20,M0K,100928,1920,2560,160,20,2560,15,16,13760,2400,128,5120,134784
128x768x768w14-8-42,128,768,768,14,8,42,14-8-42,M0K,98112,896,2688,336,42,2688,14,8,16576,4704,64,5376,134976
128x768x768w9-24-21,128,768,768,9,24,21,9-24-21,M0K,100144,1728,4032,168,21,4032,9,24,14544,1512,192,8064,134976
128x768x768w14-8-41,128,768,768,14,8,41,14-8-41,M0K,98464,896,2624,328,41,2624,14,8,16224,4592,64,5248,134976
128x768x768w8-8-72,128,768,768,8,8,72,8-8-72,00K,95232,512,4608,576,72,4608,8,8,19456,4608,64,9216,135168
128x768x768w12-8-51,128,768,768,12,8,51,12-8-51,M0K,96832,768,3264,408,51,3264,12,8,17856,4896,64,6528,135168
128x768x768w12-8-50,128,768,768,12,8,50,12-8-50,M0K,97152,768,3200,400,50,3200,12,8,17536,4800,64,6400,135168
128x768x768w12-16-24,128,768,768,12,16,24,12-16-24,M00,100864,1536,3072,192,24,3072,12,16,13824,2304,128,6144,135168
128x768x768w16-8-36,128,768,768,16,8,36,16-8-36,00K,98816,1024,2304,576,36,2304,16,8,15872,4608,128,4608,135168
128x768x768w8-8-70,128,768,768,8,8,70,8-8-70,00K,95744,512,4480,560,70,4480,8,8,18944,4480,64,8960,135168
128x768x768w8-8-71,128,768,768,8,8,71,8-8-71,00K,95488,512,4544,568,71,4544,8,8,19200,4544,64,9088,135168
128x768x768w12-48-8,128,768,768,12,48,8,12-48-8,M00,97792,4608,3072,64,8,3072,12,48,16896,768,384,6144,135168
128x768x768w61-8-12,128,768,768,61,8,12,61-8-12,M00,93632,3904,768,672,12,768,61,8,21056,5856,448,1536,135168
128x768x768w8-8-76,128,768,768,8,8,76,8-8-76,00K,94208,512,4864,608,76,4864,8,8,20480,4864,64,9728,135168
128x768x768w8-16-35,128,768,768,8,16,35,8-16-35,00K,99200,1024,4480,280,35,4480,8,16,15488,2240,128,8960,135168
128x768x768w12-24-16,128,768,768,12,24,16,12-24-16,M00,100864,2304,3072,128,16,3072,12,24,13824,1536,192,6144,135168
128x768x768w12-8-49,128,768,768,12,8,49,12-8-49,M0K,97472,768,3136,392,49,3136,12,8,17216,4704,64,6272,135168
128x768x768w12-32-12,128,768,768,12,32,12,12-32-12,M00,100096,3072,3072,96,12,3072,12,32,14592,1152,256,6144,135168
128x768x768w8-72-8,128,768,768,8,72,8,8-72-8,0N0,95232,4608,4608,64,8,4608,8,72,19456,512,576,9216,135168
128x768x768w8-8-75,128,768,768,8,8,75,8-8-75,00K,94464,512,4800,600,75,4800,8,8,20224,4800,64,9600,135168
128x768x768w8-16-36,128,768,768,8,16,36,8-16-36,00K,98816,1024,4608,288,36,4608,8,16,15872,2304,128,9216,135168
128x768x768w8-8-74,128,768,768,8,8,74,8-8-74,00K,94720,512,4736,592,74,4736,8,8,19968,4736,64,9472,135168
128x768x768w17-8-36,128,768,768,17,8,36,17-8-36,M0K,98112,1088,2304,576,36,2304,17,8,16576,4896,128,4608,135168
128x768x768w16-8-35,128,768,768,16,8,35,16-8-35,00K,99200,1024,2240,560,35,2240,16,8,15488,4480,128,4480,135168
128x768x768w8-8-73,128,768,768,8,8,73,8-8-73,00K,94976,512,4672,584,73,4672,8,8,19712,4672,64,9344,135168
128x768x768w17-8-35,128,768,768,17,8,35,17-8-35,M0K,98512,1088,2240,560,35,2240,17,8,16176,4760,128,4480,135168
128x768x768w12-8-48,128,768,768,12,8,48,12-8-48,M00,97792,768,3072,384,48,3072,12,8,16896,4608,64,6144,135168
128x768x768w12-40-10,128,768,768,12,40,10,12-40-10,MNK,98688,3840,3200,80,10,3200,12,40,16000,960,320,6400,135520
128x768x768w10-24-19,128,768,768,10,24,19,10-24-19,M0K,100512,1920,3648,152,19,3648,10,24,14176,1520,192,7296,136448
128x768x768w14-32-10,128,768,768,14,32,10,14-32-10,M0K,100160,3584,2560,80,10,2560,14,32,14528,1120,256,5120,136752
128x768x768w9-16-31,128,768,768,9,16,31,9-16-31,M0K,99984,1152,3968,248,31,3968,9,16,14704,2232,128,7936,136800
128x768x768w11-16-26,128,768,768,11,16,26,11-16-26,M0K,100640,1408,3328,208,26,3328,11,16,14048,2288,128,6656,136800
128x768x768w11-8-53,128,768,768,11,8,53,11-8-53,M0K,97168,704,3392,424,53,3392,11,8,17520,4664,64,6784,136800
128x768x768w11-8-54,128,768,768,11,8,54,11-8-54,M0K,96864,704,3456,432,54,3456,11,8,17824,4752,64,6912,136800
128x768x768w11-8-52,128,768,768,11,8,52,11-8-52,M0K,97472,704,3328,416,52,3328,11,8,17216,4576,64,6656,136800
128x768x768w9-56-9,128,768,768,9,56,9,9-56-9,MNK,97264,4032,4032,72,9,4032,9,56,17424,648,448,8064,137256
128x768x768w42-8-14,128,768,768,42,8,14,42-8-14,M0K,98112,2688,896,560,14,896,42,8,16576,4704,320,1792,137280
128x768x768w10-32-14,128,768,768,10,32,14,10-32-14,M0K,100160,2560,3584,112,14,3584,10,32,14528,1120,256,7168,137280
128x768x768w21-24-9,128,768,768,21,24,9,21-24-9,M0K,100144,4032,1728,144,9,1728,21,24,14544,1512,384,3456,137600
128x768x768w13-40-9,128,768,768,13,40,9,13-40-9,MNK,98736,4160,2880,72,9,2880,13,40,15952,936,320,5760,137600
128x768x768w8-56-10,128,768,768,8,56,10,8-56-10,0NK,97280,3584,4480,80,10,4480,8,56,17408,640,448,8960,137984
128x768x768w19-24-10,128,768,768,19,24,10,19-24-10,M0K,100512,3648,1920,160,10,1920,19,24,14176,1520,384,3840,137984
128x768x768w20-24-10,128,768,768,20,24,10,20-24-10,M0K,99968,3840,1920,160,10,1920,20,24,14720,1600,384,3840,137984
128x768x768w121-8-8,128,768,768,121,8,8,121-8-8,M00,82688,7744,512,960,8,512,121,8,32000,7744,960,1024,138240
128x768x768w22-8-26,128,768,768,22,8,26,22-8-26,M0K,99392,1408,1664,416,26,1664,22,8,15296,4576,128,3328,138240
128x768x768w15-40-8,128,768,768,15,40,8,15-40-8,MN0,98048,4800,2560,64,8,2560,15,40,16640,960,320,5120,138240
128x768x768w15-8-39,128,768,768,15,8,39,15-8-39,M0K,98416,960,2496,312,39,2496,15,8,16272,4680,64,4992,138240
128x768x768w23-8-26,128,768,768,23,8,26,23-8-26,M0K,98848,1472,1664,416,26,1664,23,8,15840,4784,128,3328,138240
128x768x768w24-8-26,128,768,768,24,8,26,24-8-26,M0K,98304,1536,1664,624,26,1664,24,8,16384,4992,192,3328,138240
128x768x768w15-8-40,128,768,768,15,8,40,15-8-40,M0K,98048,960,2560,320,40,2560,15,8,16640,4800,64,5120,138240
128x768x768w13-8-44,128,768,768,13,8,44,13-8-44,M0K,98240,832,2816,352,44,2816,13,8,16448,4576,64,5632,138240
128x768x768w13-8-43,128,768,768,13,8,43,13-8-43,M0K,98576,832,2752,344,43,2752,13,8,16112,4472,64,5504,138240
128x768x768w13-8-45,128,768,768,13,8,45,13-8-45,M0K,97904,832,2880,360,45,2880,13,8,16784,4680,64,5760,138240
128x768x768w14-16-20,128,768,768,14,16,20,14-16-20,M0K,101504,1792,2560,160,20,2560,14,16,13184,2240,128,5120,138528
128x768x768w21-8-27,128,768,768,21,8,27,21-8-27,M0K,99472,1344,1728,432,27,1728,21,8,15216,4536,128,3456,139200
128x768x768w18-8-31,128,768,768,18,8,31,18-8-31,M0K,99488,1152,1984,496,31,1984,18,8,15200,4464,128,3968,139200
128x768x768w8-24-23,128,768,768,8,24,23,8-24-23,00K,99840,1536,4416,184,23,4416,8,24,14848,1472,192,8832,139264
128x768x768w10-8-56,128,768,768,10,8,56,10-8-56,M0K,97280,640,3584,448,56,3584,10,8,17408,4480,64,7168,139776
128x768x768w10-16-28,128,768,768,10,16,28,10-16-28,M0K,100480,1280,3584,224,28,3584,10,16,14208,2240,128,7168,139776
128x768x768w10-8-57,128,768,768,10,8,57,10-8-57,M0K,96992,640,3648,456,57,3648,10,8,17696,4560,64,7296,139776
128x768x768w19-16-15,128,768,768,19,16,15,19-16-15,M0K,101424,2432,1920,240,15,1920,19,16,13264,2280,256,3840,139776
128x768x768w20-16-15,128,768,768,20,16,15,20-16-15,M0K,100928,2560,1920,240,15,1920,20,16,13760,2400,256,3840,139776
128x768x768w10-8-58,128,768,768,10,8,58,10-8-58,M0K,96704,640,3712,464,58,3712,10,8,17984,4640,64,7424,139776
128x768x768w20-8-30,128,768,768,20,8,30,20-8-30,M0K,98688,1280,1920,480,30,1920,20,8,16000,4800,128,3840,139776
128x768x768w10-56-8,128,768,768,10,56,8,10-56-8,MN0,97280,4480,3584,64,8,3584,10,56,17408,640,448,7168,139776
128x768x768w10-8-55,128,768,768,10,8,55,10-8-55,M0K,97568,640,3520,440,55,3520,10,8,17120,4400,64,7040,139776
128x768x768w19-8-30,128,768,768,19,8,30,19-8-30,M0K,99296,1216,1920,480,30,1920,19,8,15392,4560,128,3840,139776
128x768x768w11-24-17,128,768,768,11,24,17,11-24-17,M0K,100944,2112,3264,136,17,3264,11,24,13744,1496,192,6528,139840
128x768x768w25-8-23,128,768,768,25,8,23,25-8-23,M0K,99344,1600,1472,552,23,1472,25,8,15344,4600,192,2944,140352
128x768x768w9-48-10,128,768,768,9,48,10,9-48-10,M0K,98656,3456,3840,80,10,3840,9,48,16032,720,384,7680,140448
128x768x768w13-24-14,128,768,768,13,24,14,13-24-14,M0K,101408,2496,2688,112,14,2688,13,24,13280,1456,192,5376,140800
128x768x768w8-40-14,128,768,768,8,40,14,8-40-14,0NK,98816,2560,4480,112,14,4480,8,40,15872,896,320,8960,140800
128x768x768w38-8-17,128,768,768,38,8,17,38-8-17,M0K,97312,2432,1088,544,17,1088,38,8,17376,5168,256,2176,141312
128x768x768w35-8-17,128,768,768,35,8,17,35-8-17,M0K,98512,2240,1088,544,17,1088,35,8,16176,4760,256,2176,141312
128x768x768w16-8-34,128,768,768,16,8,34,16-8-34,00K,99584,1024,2176,544,34,2176,16,8,15104,4352,128,4352,141312
128x768x768w8-16-34,128,768,768,8,16,34,8-16-34,00K,99584,1024,4352,272,34,4352,8,16,15104,2176,128,8704,141312
128x768x768w33-8-17,128,768,768,33,8,17,33-8-17,M0K,99312,2112,1088,544,17,1088,33,8,15376,4488,256,2176,141312
128x768x768w17-16-17,128,768,768,17,16,17,17-16-17,M0K,101360,2176,2176,272,17,2176,17,16,13328,2312,256,4352,141312
128x768x768w8-32-17,128,768,768,8,32,17,8-32-17,00K,99712,2048,4352,136,17,4352,8,32,14976,1088,256,8704,141312
128x768x768w36-8-17,128,768,768,36,8,17,36-8-17,M0K,98112,2304,1088,544,17,1088,36,8,16576,4896,256,2176,141312
128x768x768w17-8-34,128,768,768,17,8,34,17-8-34,M0K,98912,1088,2176,544,34,2176,17,8,15776,4624,128,4352,141312
128x768x768w37-8-17,128,768,768,37,8,17,37-8-17,M0K,97712,2368,1088,544,17,1088,37,8,16976,5032,256,2176,141312
128x768x768w34-8-17,128,768,768,34,8,17,34-8-17,M0K,98912,2176,1088,544,17,1088,34,8,15776,4624,256,2176,141312
128x768x768w16-16-17,128,768,768,16,16,17,16-16-17,00K,101888,2048,2176,272,17,2176,16,16,12800,2176,256,4352,141312
128x768x768w39-8-17,128,768,768,39,8,17,39-8-17,M0K,96912,2496,1088,544,17,1088,39,8,17776,5304,256,2176,141312
128x768x768w32-8-17,128,768,768,32,8,17,32-8-17,00K,99712,2048,1088,544,17,1088,32,8,14976,4352,256,2176,141312
128x768x768w40-8-17,128,768,768,40,8,17,40-8-17,M0K,96512,2560,1088,680,17,1088,40,8,18176,5440,320,2176,141312
128x768x768w11-16-25,128,768,768,11,16,25,11-16-25,M0K,101072,1408,3200,200,25,3200,11,16,13616,2200,128,6400,141360
128x768x768w31-8-19,128,768,768,31,8,19,31-8-19,M0K,98864,1984,1216,456,19,1216,31,8,15824,4712,192,2432,141696
128x768x768w15-16-19,128,768,768,15,16,19,15-16-19,M0K,101424,1920,2432,152,19,2432,15,16,13264,2280,128,4864,141696
128x768x768w27-8-21,128,768,768,27,8,21,27-8-21,M0K,99472,1728,1344,504,21,1344,27,8,15216,4536,192,2688,142080
128x768x768w29-8-21,128,768,768,29,8,21,29-8-21,M0K,98544,1856,1344,504,21,1344,29,8,16144,4872,192,2688,142080
128x768x768w13-16-21,128,768,768,13,16,21,13-16-21,M0K,101616,1664,2688,168,21,2688,13,16,13072,2184,128,5376,142080
128x768x768w14-8-40,128,768,768,14,8,40,14-8-40,M0K,98816,896,2560,320,40,2560,14,8,15872,4480,64,5120,142080
128x768x768w30-8-21,128,768,768,30,8,21,30-8-21,M0K,98080,1920,1344,504,21,1344,30,8,16608,5040,192,2688,142080
128x768x768w28-8-21,128,768,768,28,8,21,28-8-21,M0K,99008,1792,1344,504,21,1344,28,8,15680,4704,192,2688,142080
128x768x768w14-40-8,128,768,768,14,40,8,14-40-8,MN0,98816,4480,2560,64,8,2560,14,40,15872,896,320,5120,142080
128x768x768w14-8-39,128,768,768,14,8,39,14-8-39,M0K,99168,896,2496,312,39,2496,14,8,15520,4368,64,4992,142080
128x768x768w26-8-21,128,768,768,26,8,21,26-8-21,M0K,99936,1664,1344,504,21,1344,26,8,14752,4368,192,2688,142080
128x768x768w9-8-60,128,768,768,9,8,60,9-8-60,M0K,97216,576,3840,480,60,3840,9,8,17472,4320,64,7680,142272
128x768x768w9-32-15,128,768,768,9,32,15,9-32-15,M0K,100240,2304,3840,120,15,3840,9,32,14448,1080,256,7680,142272
128x768x768w9-8-62,128,768,768,9,8,62,9-8-62,M0K,96672,576,3968,496,62,3968,9,8,18016,4464,64,7936,142272
128x768x768w9-16-30,128,768,768,9,16,30,9-16-30,M0K,100384,1152,3840,240,30,3840,9,16,14304,2160,128,7680,142272
128x768x768w9-8-63,128,768,768,9,8,63,9-8-63,M0K,96400,576,4032,504,63,4032,9,8,18288,4536,64,8064,142272
128x768x768w9-24-20,128,768,768,9,24,20,9-24-20,M0K,100672,1728,3840,160,20,3840,9,24,14016,1440,192,7680,142272
128x768x768w9-8-61,128,768,768,9,8,61,9-8-61,M0K,96944,576,3904,488,61,3904,9,8,17744,4392,64,7808,142272
128x768x768w22-8-25,128,768,768,22,8,25,22-8-25,M0K,99872,1408,1600,400,25,1600,22,8,14816,4400,128,3200,142848
128x768x768w23-8-25,128,768,768,23,8,25,23-8-25,M0K,99344,1472,1600,400,25,1600,23,8,15344,4600,128,3200,142848
128x768x768w24-8-25,128,768,768,24,8,25,24-8-25,M0K,98816,1536,1600,600,25,1600,24,8,15872,4800,192,3200,142848
128x768x768w18-24-10,128,768,768,18,24,10,18-24-10,M0K,101056,3456,1920,160,10,1920,18,24,13632,1440,384,3840,142912
128x768x768w10-24-18,128,768,768,10,24,18,10-24-18,M0K,101056,1920,3456,144,18,3456,10,24,13632,1440,192,6912,143104
128x768x768w10-48-9,128,768,768,10,48,9,10-48-9,M0K,98656,3840,3456,72,9,3456,10,48,16032,720,384,6912,143104
128x768x768w16-24-11,128,768,768,16,24,11,16-24-11,00K,101504,3072,2112,176,11,2112,16,24,13184,1408,384,4224,143360
128x768x768w17-24-11,128,768,768,17,24,11,17-24-11,M0K,100944,3264,2112,176,11,2112,17,24,13744,1496,384,4224,143360
128x768x768w8-24-22,128,768,768,8,24,22,8-24-22,00K,100352,1536,4224,176,22,4224,8,24,14336,1408,192,8448,143360
128x768x768w8-48-11,128,768,768,8,48,11,8-48-11,00K,98688,3072,4224,88,11,4224,8,48,16000,704,384,8448,143360
128x768x768w12-8-46,128,768,768,12,8,46,12-8-46,M0K,98432,768,2944,368,46,2944,12,8,16256,4416,64,5888,143616
128x768x768w12-8-47,128,768,768,12,8,47,12-8-47,M0K,98112,768,3008,376,47,3008,12,8,16576,4512,64,6016,143616
128x768x768w12-16-23,128,768,768,12,16,23,12-16-23,M0K,101312,1536,2944,184,23,2944,12,16,13376,2208,128,5888,143616
128x768x768w21-8-26,128,768,768,21,8,26,21-8-26,M0K,99936,1344,1664,416,26,1664,21,8,14752,4368,128,3328,144000
128x768x768w25-16-11,128,768,768,25,16,11,25-16-11,M0K,101072,3200,1408,264,11,1408,25,16,13616,2200,384,2816,144480
128x768x768w25-8-22,128,768,768,25,8,22,25-8-22,M0K,99872,1600,1408,528,22,1408,25,8,14816,4400,192,2816,144480
128x768x768w10-16-27,128,768,768,10,16,27,10-16-27,M0K,100896,1280,3456,216,27,3456,10,16,13792,2160,128,6912,144768
128x768x768w18-16-15,128,768,768,18,16,15,18-16-15,M0K,101920,2304,1920,240,15,1920,18,16,12768,2160,256,3840,144768
128x768x768w41-8-15,128,768,768,41,8,15,41-8-15,M0K,97680,2624,960,600,15,960,41,8,17008,4920,320,1920,144768
128x768x768w18-8-30,128,768,768,18,8,30,18-8-30,M0K,99904,1152,1920,480,30,1920,18,8,14784,4320,128,3840,144768
128x768x768w20-8-29,128,768,768,20,8,29,20-8-29,M0K,99136,1280,1856,464,29,1856,20,8,15552,4640,128,3712,145152
128x768x768w15-8-37,128,768,768,15,8,37,15-8-37,M0K,99152,960,2368,296,37,2368,15,8,15536,4440,64,4736,145152
128x768x768w15-8-38,128,768,768,15,8,38,15-8-38,M0K,98784,960,2432,304,38,2432,15,8,15904,4560,64,4864,145152
128x768x768w19-8-29,128,768,768,19,8,29,19-8-29,M0K,99728,1216,1856,464,29,1856,19,8,14960,4408,128,3712,145152
128x768x768w10-40-11,128,768,768,10,40,11,10-40-11,MNK,99488,3200,3520,88,11,3520,10,40,15200,880,320,7040,145600
128x768x768w14-16-19,128,768,768,14,16,19,14-16-19,M0K,101984,1792,2432,152,19,2432,14,16,12704,2128,128,4864,145632
128x768x768w11-8-50,128,768,768,11,8,50,11-8-50,M0K,98080,704,3200,400,50,3200,11,8,16608,4400,64,6400,145920
128x768x768w13-8-41,128,768,768,13,8,41,13-8-41,M0K,99248,832,2624,328,41,2624,13,8,15440,4264,64,5248,145920
128x768x768w11-16-24,128,768,768,11,16,24,11-16-24,M00,101504,1408,3072,192,24,3072,11,16,13184,2112,128,6144,145920
128x768x768w11-24-16,128,768,768,11,24,16,11-24-16,M00,101504,2112,3072,128,16,3072,11,24,13184,1408,192,6144,145920
128x768x768w11-8-49,128,768,768,11,8,49,11-8-49,M0K,98384,704,3136,392,49,3136,11,8,16304,4312,64,6272,145920
128x768x768w11-8-48,128,768,768,11,8,48,11-8-48,M00,98688,704,3072,384,48,3072,11,8,16000,4224,64,6144,145920
128x768x768w11-32-12,128,768,768,11,32,12,11-32-12,M00,100800,2816,3072,96,12,3072,11,32,13888,1056,256,6144,145920
128x768x768w11-8-51,128,768,768,11,8,51,11-8-51,M0K,97776,704,3264,408,51,3264,11,8,16912,4488,64,6528,145920
128x768x768w9-40-12,128,768,768,9,40,12,9-40-12,MN0,99520,2880,3840,96,12,3840,9,40,15168,864,320,7680,145920
128x768x768w11-48-8,128,768,768,11,48,8,11-48-8,M00,98688,4224,3072,64,8,3072,11,48,16000,704,384,6144,145920
128x768x768w13-8-42,128,768,768,13,8,42,13-8-42,M0K,98912,832,2688,336,42,2688,13,8,15776,4368,64,5376,145920
128x768x768w11-40-10,128,768,768,11,40,10,11-40-10,MNK,99488,3520,3200,80,10,3200,11,40,15200,880,320,6400,146300
128x768x768w12-24-15,128,768,768,12,24,15,12-24-15,M0K,101440,2304,2880,120,15,2880,12,24,13248,1440,192,5760,146432
128x768x768w23-16-12,128,768,768,23,16,12,23-16-12,M00,101312,2944,1536,192,12,1536,23,16,13376,2208,256,3072,147456
128x768x768w40-16-8,128,768,768,40,16,8,40-16-8,M00,97280,5120,1024,320,8,1024,40,16,17408,2560,640,2048,147456
128x768x768w39-16-8,128,768,768,39,16,8,39-16-8,M00,97664,4992,1024,256,8,1024,39,16,17024,2496,512,2048,147456
128x768x768w117-8-8,128,768,768,117,8,8,117-8-8,M00,83712,7488,512,896,8,512,117,8,30976,7488,896,1024,147456
128x768x768w8-8-66,128,768,768,8,8,66,8-8-66,00K,96768,512,4224,528,66,4224,8,8,17920,4224,64,8448,147456
128x768x768w34-8-16,128,768,768,34,8,16,34-8-16,M00,99584,2176,1024,512,16,1024,34,8,15104,4352,256,2048,147456
128x768x768w118-8-8,128,768,768,118,8,8,118-8-8,M00,83456,7552,512,896,8,512,118,8,31232,7552,896,1024,147456
128x768x768w37-8-16,128,768,768,37,8,16,37-8-16,M00,98432,2368,1024,512,16,1024,37,8,16256,4736,256,2048,147456
128x768x768w58-8-12,128,768,768,58,8,12,58-8-12,M00,94592,3712,768,672,12,768,58,8,20096,5568,448,1536,147456
128x768x768w22-16-12,128,768,768,22,16,12,22-16-12,M00,101760,2816,1536,192,12,1536,22,16,12928,2112,256,3072,147456
128x768x768w17-32-8,128,768,768,17,32,8,17-32-8,M00,99712,4352,2048,128,8,2048,17,32,14976,1088,512,4096,147456
128x768x768w56-8-12,128,768,768,56,8,12,56-8-12,M00,95232,3584,768,672,12,768,56,8,19456,5376,448,1536,147456
128x768x768w119-8-8,128,768,768,119,8,8,119-8-8,M00,83200,7616,512,896,8,512,119,8,31488,7616,896,1024,147456
128x768x768w106-8-8,128,768,768,106,8,8,106-8-8,M00,86528,6784,512,832,8,512,106,8,28160,6784,832,1024,147456
128x768x768w105-8-8,128,768,768,105,8,8,105-8-8,M00,86784,6720,512,832,8,512,105,8,27904,6720,832,1024,147456
128x768x768w16-32-8,128,768,768,16,32,8,16-32-8,000,100352,4096,2048,128,8,2048,16,32,14336,1024,512,4096,147456
128x768x768w15-24-12,128,768,768,15,24,12,15-24-12,M00,101440,2880,2304,96,12,2304,15,24,13248,1440,192,4608,147456
128x768x768w68-8-8,128,768,768,68,8,8,68-8-8,M00,96256,4352,512,512,8,512,68,8,18432,4352,512,1024,147456
128x768x768w113-8-8,128,768,768,113,8,8,113-8-8,M00,84736,7232,512,896,8,512,113,8,29952,7232,896,1024,147456
128x768x768w57-8-12,128,768,768,57,8,12,57-8-12,M00,94912,3648,768,672,12,768,57,8,19776,5472,448,1536,147456
128x768x768w70-8-8,128,768,768,70,8,8,70-8-8,M00,95744,4480,512,512,8,512,70,8,18944,4480,512,1024,147456
128x768x768w67-8-8,128,768,768,67,8,8,67-8-8,M00,96512,4288,512,512,8,512,67,8,18176,4288,512,1024,147456
128x768x768w8-64-8,128,768,768,8,64,8,8-64-8,000,97280,4096,4096,64,8,4096,8,64,17408,512,512,8192,147456
128x768x768w33-8-16,128,768,768,33,8,16,33-8-16,M00,99968,2112,1024,512,16,1024,33,8,14720,4224,256,2048,147456
128x768x768w51-8-12,128,768,768,51,8,12,51-8-12,M00,96832,3264,768,576,12,768,51,8,17856,4896,384,1536,147456
128x768x768w22-24-8,128,768,768,22,24,8,22-24-8,M00,100352,4224,1536,128,8,1536,22,24,14336,1408,384,3072,147456
128x768x768w98-8-8,128,768,768,98,8,8,98-8-8,M00,88576,6272,512,768,8,512,98,8,26112,6272,768,1024,147456
128x768x768w23-8-24,128,768,768,23,8,24,23-8-24,M00,99840,1472,1536,384,24,1536,23,8,14848,4416,128,3072,147456
128x768x768w39-8-16,128,768,768,39,8,16,39-8-16,M00,97664,2496,1024,512,16,1024,39,8,17024,4992,256,2048,147456
128x768x768w99-8-8,128,768,768,99,8,8,99-8-8,M00,88320,6336,512,768,8,512,99,8,26368,6336,768,1024,147456
128x768x768w112-8-8,128,768,768,112,8,8,112-8-8,M00,84992,7168,512,896,8,512,112,8,29696,7168,896,1024,147456
128x768x768w55-8-12,128,768,768,55,8,12,55-8-12,M00,95552,3520,768,576,12,768,55,8,19136,5280,384,1536,147456
128x768x768w82-8-8,128,768,768,82,8,8,82-8-8,M00,92672,5248,512,640,8,512,82,8,22016,5248,640,1024,147456
128x768x768w104-8-8,128,768,768,104,8,8,104-8-8,M00,87040,6656,512,832,8,512,104,8,27648,6656,832,1024,147456
128x768x768w48-8-12,128,768,768,48,8,12,48-8-12,M00,97792,3072,768,576,12,768,48,8,16896,4608,384,1536,147456
128x768x768w35-8-16,128,768,768,35,8,16,35-8-16,M00,99200,2240,1024,512,16,1024,35,8,15488,4480,256,2048,147456
128x768x768w69-8-8,128,768,768,69,8,8,69-8-8,M00,96000,4416,512,512,8,512,69,8,18688,4416,512,1024,147456
128x768x768w54-8-12,128,768,768,54,8,12,54-8-12,M00,95872,3456,768,576,12,768,54,8,18816,5184,384,1536,147456
128x768x768w37-16-8,128,768,768,37,16,8,37-16-8,M00,98432,4736,1024,256,8,1024,37,16,16256,2368,512,2048,147456
128x768x768w32-8-16,128,768,768,32,8,16,32-8-16,000,100352,2048,1024,512,16,1024,32,8,14336,4096,256,2048,147456
128x768x768w16-16-16,128,768,768,16,16,16,16-16-16,000,102400,2048,2048,256,16,2048,16,16,12288,2048,256,4096,147456
128x768x768w107-8-8,128,768,768,107,8,8,107-8-8,M00,86272,6848,512,832,8,512,107,8,28416,6848,832,1024,147456
128x768x768w92-8-8,128,768,768,92,8,8,92-8-8,M00,90112,5888,512,704,8,512,92,8,24576,5888,704,1024,147456
128x768x768w40-8-16,128,768,768,40,8,16,40-8-16,M00,97280,2560,1024,640,16,1024,40,8,17408,5120,320,2048,147456
128x768x768w45-8-12,128,768,768,45,8,12,45-8-12,M00,98752,2880,768,480,12,768,45,8,15936,4320,320,1536,147456
128x768x768w102-8-8,128,768,768,102,8,8,102-8-8,M00,87552,6528,512,768,8,512,102,8,27136,6528,768,1024,147456
128x768x768w74-8-8,128,768,768,74,8,8,74-8-8,M00,94720,4736,512,576,8,512,74,8,19968,4736,576,1024,147456
128x768x768w85-8-8,128,768,768,85,8,8,85-8-8,M00,91904,5440,512,640,8,512,85,8,22784,5440,640,1024,147456
128x768x768w100-8-8,128,768,768,100,8,8,100-8-8,M00,88064,6400,512,768,8,512,100,8,26624,6400,768,1024,147456
128x768x768w90-8-8,128,768,768,90,8,8,90-8-8,M00,90624,5760,512,704,8,512,90,8,24064,5760,704,1024,147456
128x768x768w89-8-8,128,768,768,89,8,8,89-8-8,M00,90880,5696,512,704,8,512,89,8,23808,5696,704,1024,147456
128x768x768w16-8-32,128,768,768,16,8,32,16-8-32,000,100352,1024,2048,512,32,2048,16,8,14336,4096,128,4096,147456
128x768x768w32-16-8,128,768,768,32,16,8,32-16-8,000,100352,4096,1024,256,8,1024,32,16,14336,2048,512,2048,147456
128x768x768w97-8-8,128,768,768,97,8,8,97-8-8,M00,88832,6208,512,768,8,512,97,8,25856,6208,768,1024,147456
128x768x768w16-8-33,128,768,768,16,8,33,16-8-33,00K,99968,1024,2112,528,33,2112,16,8,14720,4224,128,4224,147456
128x768x768w24-8-24,128,768,768,24,8,24,24-8-24,M00,99328,1536,1536,576,24,1536,24,8,15360,4608,192,3072,147456
128x768x768w115-8-8,128,768,768,115,8,8,115-8-8,M00,84224,7360,512,896,8,512,115,8,30464,7360,896,1024,147456
128x768x768w8-8-69,128,768,768,8,8,69,8-8-69,00K,96000,512,4416,552,69,4416,8,8,18688,4416,64,8832,147456
128x768x768w35-16-8,128,768,768,35,16,8,35-16-8,M00,99200,4480,1024,256,8,1024,35,16,15488,2240,512,2048,147456
128x768x768w91-8-8,128,768,768,91,8,8,91-8-8,M00,90368,5824,512,704,8,512,91,8,24320,5824,704,1024,147456
128x768x768w79-8-8,128,768,768,79,8,8,79-8-8,M00,93440,5056,512,576,8,512,79,8,21248,5056,576,1024,147456
128x768x768w8-16-32,128,768,768,8,16,32,8-16-32,000,100352,1024,4096,256,32,4096,8,16,14336,2048,128,8192,147456
128x768x768w87-8-8,128,768,768,87,8,8,87-8-8,M00,91392,5568,512,640,8,512,87,8,23296,5568,640,1024,147456
128x768x768w95-8-8,128,768,768,95,8,8,95-8-8,M00,89344,6080,512,704,8,512,95,8,25344,6080,704,1024,147456
128x768x768w49-8-12,128,768,768,49,8,12,49-8-12,M00,97472,3136,768,576,12,768,49,8,17216,4704,384,1536,147456
128x768x768w65-8-8,128,768,768,65,8,8,65-8-8,M00,97024,4160,512,512,8,512,65,8,17664,4160,512,1024,147456
128x768x768w23-24-8,128,768,768,23,24,8,23-24-8,M00,99840,4416,1536,128,8,1536,23,24,14848,1472,384,3072,147456
128x768x768w84-8-8,128,768,768,84,8,8,84-8-8,M00,92160,5376,512,640,8,512,84,8,22528,5376,640,1024,147456
128x768x768w38-8-16,128,768,768,38,8,16,38-8-16,M00,98048,2432,1024,512,16,1024,38,8,16640,4864,256,2048,147456
128x768x768w101-8-8,128,768,768,101,8,8,101-8-8,M00,87808,6464,512,768,8,512,101,8,26880,6464,768,1024,147456
128x768x768w83-8-8,128,768,768,83,8,8,83-8-8,M00,92416,5312,512,640,8,512,83,8,22272,5312,640,1024,147456
128x768x768w103-8-8,128,768,768,103,8,8,103-8-8,M00,87296,6592,512,768,8,512,103,8,27392,6592,768,1024,147456
128x768x768w46-8-12,128,768,768,46,8,12,46-8-12,M00,98432,2944,768,480,12,768,46,8,16256,4416,320,1536,147456
128x768x768w38-16-8,128,768,768,38,16,8,38-16-8,M00,98048,4864,1024,256,8,1024,38,16,16640,2432,512,2048,147456
128x768x768w120-8-8,128,768,768,120,8,8,120-8-8,M00,82944,7680,512,960,8,512,120,8,31744,7680,960,1024,147456
128x768x768w8-8-64,128,768,768,8,8,64,8-8-64,000,97280,512,4096,512,64,4096,8,8,17408,4096,64,8192,147456
128x768x768w8-8-68,128,768,768,8,8,68,8-8-68,00K,96256,512,4352,544,68,4352,8,8,18432,4352,64,8704,147456
128x768x768w71-8-8,128,768,768,71,8,8,71-8-8,M00,95488,4544,512,512,8,512,71,8,19200,4544,512,1024,147456
128x768x768w72-8-8,128,768,768,72,8,8,72-8-8,M00,95232,4608,512,576,8,512,72,8,19456,4608,576,1024,147456
128x768x768w24-16-12,128,768,768,24,16,12,24-16-12,M00,100864,3072,1536,288,12,1536,24,16,13824,2304,384,3072,147456
128x768x768w116-8-8,128,768,768,116,8,8,116-8-8,M00,83968,7424,512,896,8,512,116,8,30720,7424,896,1024,147456
128x768x768w93-8-8,128,768,768,93,8,8,93-8-8,M00,89856,5952,512,704,8,512,93,8,24832,5952,704,1024,147456
128x768x768w73-8-8,128,768,768,73,8,8,73-8-8,M00,94976,4672,512,576,8,512,73,8,19712,4672,576,1024,147456
128x768x768w94-8-8,128,768,768,94,8,8,94-8-8,M00,89600,6016,512,704,8,512,94,8,25088,6016,704,1024,147456
128x768x768w8-32-16,128,768,768,8,32,16,8-32-16,000,100352,2048,4096,128,16,4096,8,32,14336,1024,256,8192,147456
128x768x768w8-8-67,128,768,768,8,8,67,8-8-67,00K,96512,512,4288,536,67,4288,8,8,18176,4288,64,8576,147456
128x768x768w78-8-8,128,768,768,78,8,8,78-8-8,M00,93696,4992,512,576,8,512,78,8,20992,4992,576,1024,147456
128x768x768w110-8-8,128,768,768,110,8,8,110-8-8,M00,85504,7040,512,832,8,512,110,8,29184,7040,832,1024,147456
128x768x768w53-8-12,128,768,768,53,8,12,53-8-12,M00,96192,3392,768,576,12,768,53,8,18496,5088,384,1536,147456
128x768x768w109-8-8,128,768,768,109,8,8,109-8-8,M00,85760,6976,512,832,8,512,109,8,28928,6976,832,1024,147456
128x768x768w8-8-65,128,768,768,8,8,65,8-8-65,00K,97024,512,4160,520,65,4160,8,8,17664,4160,64,8320,147456
128x768x768w114-8-8,128,768,768,114,8,8,114-8-8,M00,84480,7296,512,896,8,512,114,8,30208,7296,896,1024,147456
128x768x768w17-8-33,128,768,768,17,8,33,17-8-33,M0K,99312,1088,2112,528,33,2112,17,8,15376,4488,128,4224,147456
128x768x768w60-8-12,128,768,768,60,8,12,60-8-12,M00,93952,3840,768,672,12,768,60,8,20736,5760,448,1536,147456
128x768x768w50-8-12,128,768,768,50,8,12,50-8-12,M00,97152,3200,768,576,12,768,50,8,17536,4800,384,1536,147456
128x768x768w17-16-16,128,768,768,17,16,16,17-16-16,M00,101888,2176,2048,256,16,2048,17,16,12800,2176,256,4096,147456
128x768x768w86-8-8,128,768,768,86,8,8,86-8-8,M00,91648,5504,512,640,8,512,86,8,23040,5504,640,1024,147456
128x768x768w24-24-8,128,768,768,24,24,8,24-24-8,M00,99328,4608,1536,192,8,1536,24,24,15360,1536,576,3072,147456
128x768x768w77-8-8,128,768,768,77,8,8,77-8-8,M00,93952,4928,512,576,8,512,77,8,20736,4928,576,1024,147456
128x768x768w47-8-12,128,768,768,47,8,12,47-8-12,M00,98112,3008,768,480,12,768,47,8,16576,4512,320,1536,147456
128x768x768w108-8-8,128,768,768,108,8,8,108-8-8,M00,86016,6912,512,832,8,512,108,8,28672,6912,832,1024,147456
128x768x768w96-8-8,128,768,768,96,8,8,96-8-8,M00,89088,6144,512,768,8,512,96,8,25600,6144,768,1024,147456
128x768x768w76-8-8,128,768,768,76,8,8,76-8-8,M00,94208,4864,512,576,8,512,76,8,20480,4864,576,1024,147456
128x768x768w88-8-8,128,768,768,88,8,8,88-8-8,M00,91136,5632,512,704,8,512,88,8,23552,5632,704,1024,147456
128x768x768w17-8-32,128,768,768,17,8,32,17-8-32,M00,99712,1088,2048,512,32,2048,17,8,14976,4352,128,4096,147456
128x768x768w111-8-8,128,768,768,111,8,8,111-8-8,M00,85248,7104,512,832,8,512,111,8,29440,7104,832,1024,147456
128x768x768w36-8-16,128,768,768,36,8,16,36-8-16,M00,98816,2304,1024,512,16,1024,36,8,15872,4608,256,2048,147456
128x768x768w8-16-33,128,768,768,8,16,33,8-16-33,00K,99968,1024,4224,264,33,4224,8,16,14720,2112,128,8448,147456
128x768x768w34-16-8,128,768,768,34,16,8,34-16-8,M00,99584,4352,1024,256,8,1024,34,16,15104,2176,512,2048,147456
128x768x768w33-16-8,128,768,768,33,16,8,33-16-8,M00,99968,4224,1024,256,8,1024,33,16,14720,2112,512,2048,147456
128x768x768w80-8-8,128,768,768,80,8,8,80-8-8,M00,93184,5120,512,640,8,512,80,8,21504,5120,640,1024,147456
128x768x768w52-8-12,128,768,768,52,8,12,52-8-12,M00,96512,3328,768,576,12,768,52,8,18176,4992,384,1536,147456
128x768x768w64-8-8,128,768,768,64,8,8,64-8-8,000,97280,4096,512,512,8,512,64,8,17408,4096,512,1024,147456
128x768x768w44-8-12,128,768,768,44,8,12,44-8-12,M00,99072,2816,768,480,12,768,44,8,15616,4224,320,1536,147456
128x768x768w66-8-8,128,768,768,66,8,8,66-8-8,M00,96768,4224,512,512,8,512,66,8,17920,4224,512,1024,147456
128x768x768w59-8-12,128,768,768,59,8,12,59-8-12,M00,94272,3776,768,672,12,768,59,8,20416,5664,448,1536,147456
128x768x768w22-8-24,128,768,768,22,8,24,22-8-24,M00,100352,1408,1536,384,24,1536,22,8,14336,4224,128,3072,147456
128x768x768w36-16-8,128,768,768,36,16,8,36-16-8,M00,98816,4608,1024,256,8,1024,36,16,15872,2304,512,2048,147456
128x768x768w81-8-8,128,768,768,81,8,8,81-8-8,M00,92928,5184,512,640,8,512,81,8,21760,5184,640,1024,147456
128x768x768w75-8-8,128,768,768,75,8,8,75-8-8,M00,94464,4800,512,576,8,512,75,8,20224,4800,576,1024,147456
128x768x768w43-8-12,128,768,768,43,8,12,43-8-12,M00,99392,2752,768,480,12,768,43,8,15296,4128,320,1536,147456
128x768x768w9-16-29,128,768,768,9,16,29,9-16-29,M0K,100784,1152,3712,232,29,3712,9,16,13904,2088,128,7424,147744
128x768x768w30-16-10,128,768,768,30,16,10,30-16-10,M0K,99648,3840,1280,240,10,1280,30,16,15040,2400,384,2560,147840
128x768x768w19-16-14,128,768,768,19,16,14,19-16-14,M0K,101984,2432,1792,224,14,1792,19,16,12704,2128,256,3584,147840
128x768x768w20-16-14,128,768,768,20,16,14,20-16-14,M0K,101504,2560,1792,224,14,1792,20,16,13184,2240,256,3584,147840
128x768x768w61-8-11,128,768,768,61,8,11,61-8-11,M0K,94736,3904,704,616,11,704,61,8,19952,5368,448,1408,147840
128x768x768w12-16-22,128,768,768,12,16,22,12-16-22,M0K,101760,1536,2816,176,22,2816,12,16,12928,2112,128,5632,147840
128x768x768w28-16-10,128,768,768,28,16,10,28-16-10,M0K,100480,3584,1280,240,10,1280,28,16,14208,2240,384,2560,147840
128x768x768w26-16-10,128,768,768,26,16,10,26-16-10,M0K,101312,3328,1280,240,10,1280,26,16,13376,2080,384,2560,147840
128x768x768w12-32-11,128,768,768,12,32,11,12-32-11,M0K,100800,3072,2816,88,11,2816,12,32,13888,1056,256,5632,147840
128x768x768w27-16-10,128,768,768,27,16,10,27-16-10,M0K,100896,3456,1280,240,10,1280,27,16,13792,2160,384,2560,147840
128x768x768w62-8-10,128,768,768,62,8,10,62-8-10,M0K,95552,3968,640,560,10,640,62,8,19136,4960,448,1280,147840
128x768x768w13-32-10,128,768,768,13,32,10,13-32-10,M0K,100832,3328,2560,80,10,2560,13,32,13856,1040,256,5120,147840
128x768x768w29-16-10,128,768,768,29,16,10,29-16-10,M0K,100064,3712,1280,240,10,1280,29,16,14624,2320,384,2560,147840
128x768x768w15-32-9,128,768,768,15,32,9,15-32-9,M0K,100240,3840,2304,72,9,2304,15,32,14448,1080,256,4608,148608
128x768x768w31-16-9,128,768,768,31,16,9,31-16-9,M0K,99984,3968,1152,216,9,1152,31,16,14704,2232,384,2304,148608
128x768x768w63-8-9,128,768,768,63,8,9,63-8-9,M0K,96400,4032,576,504,9,576,63,8,18288,4536,448,1152,148608
128x768x768w15-16-18,128,768,768,15,16,18,15-16-18,M0K,101920,1920,2304,144,18,2304,15,16,12768,2160,128,4608,148608
128x768x768w31-8-18,128,768,768,31,8,18,31-8-18,M0K,99488,1984,1152,432,18,1152,31,8,15200,4464,192,2304,148608
128x768x768w21-8-25,128,768,768,21,8,25,21-8-25,M0K,100400,1344,1600,400,25,1600,21,8,14288,4200,128,3200,148800
128x768x768w14-8-37,128,768,768,14,8,37,14-8-37,M0K,99872,896,2368,296,37,2368,14,8,14816,4144,64,4736,149184
128x768x768w14-8-38,128,768,768,14,8,38,14-8-38,M0K,99520,896,2432,304,38,2432,14,8,15168,4256,64,4864,149184
128x768x768w9-24-19,128,768,768,9,24,19,9-24-19,M0K,101200,1728,3648,152,19,3648,9,24,13488,1368,192,7296,149568
128x768x768w10-8-52,128,768,768,10,8,52,10-8-52,M0K,98432,640,3328,416,52,3328,10,8,16256,4160,64,6656,149760
128x768x768w27-8-20,128,768,768,27,8,20,27-8-20,M0K,100032,1728,1280,480,20,1280,27,8,14656,4320,192,2560,149760
128x768x768w28-8-20,128,768,768,28,8,20,28-8-20,M0K,99584,1792,1280,480,20,1280,28,8,15104,4480,192,2560,149760
128x768x768w30-8-20,128,768,768,30,8,20,30-8-20,M0K,98688,1920,1280,480,20,1280,30,8,16000,4800,192,2560,149760
128x768x768w10-8-54,128,768,768,10,8,54,10-8-54,M0K,97856,640,3456,432,54,3456,10,8,16832,4320,64,6912,149760
128x768x768w26-8-20,128,768,768,26,8,20,26-8-20,M0K,100480,1664,1280,480,20,1280,26,8,14208,4160,192,2560,149760
128x768x768w29-8-20,128,768,768,29,8,20,29-8-20,M0K,99136,1856,1280,480,20,1280,29,8,15552,4640,192,2560,149760
128x768x768w10-8-53,128,768,768,10,8,53,10-8-53,M0K,98144,640,3392,424,53,3392,10,8,16544,4240,64,6784,149760
128x768x768w10-16-26,128,768,768,10,16,26,10-16-26,M0K,101312,1280,3328,208,26,3328,10,16,13376,2080,128,6656,149760
128x768x768w13-16-20,128,768,768,13,16,20,13-16-20,M0K,102080,1664,2560,160,20,2560,13,16,12608,2080,128,5120,149760
128x768x768w18-8-29,128,768,768,18,8,29,18-8-29,M0K,100320,1152,1856,464,29,1856,18,8,14368,4176,128,3712,150336
128x768x768w9-32-14,128,768,768,9,32,14,9-32-14,M0K,100896,2304,3584,112,14,3584,9,32,13792,1008,256,7168,150480
128x768x768w20-8-28,128,768,768,20,8,28,20-8-28,M0K,99584,1280,1792,448,28,1792,20,8,15104,4480,128,3584,150528
128x768x768w19-8-28,128,768,768,19,8,28,19-8-28,M0K,100160,1216,1792,448,28,1792,19,8,14528,4256,128,3584,150528
128x768x768w12-40-9,128,768,768,12,40,9,12-40-9,MNK,99520,3840,2880,72,9,2880,12,40,15168,864,320,5760,151360
128x768x768w14-24-12,128,768,768,14,24,12,14-24-12,M00,102016,2688,2304,96,12,2304,14,24,12672,1344,192,4608,151552
128x768x768w8-24-21,128,768,768,8,24,21,8-24-21,00K,100864,1536,4032,168,21,4032,8,24,13824,1344,192,8064,151552
128x768x768w12-8-45,128,768,768,12,8,45,12-8-45,M0K,98752,768,2880,360,45,2880,12,8,15936,4320,64,5760,152064
128x768x768w12-8-44,128,768,768,12,8,44,12-8-44,M0K,99072,768,2816,352,44,2816,12,8,15616,4224,64,5632,152064
128x768x768w12-8-43,128,768,768,12,8,43,12-8-43,M0K,99392,768,2752,344,43,2752,12,8,15296,4128,64,5504,152064
128x768x768w15-8-36,128,768,768,15,8,36,15-8-36,M0K,99520,960,2304,288,36,2304,15,8,15168,4320,64,4608,152064
128x768x768w15-8-35,128,768,768,15,8,35,15-8-35,M0K,99888,960,2240,280,35,2240,15,8,14800,4200,64,4480,152064
128x768x768w14-32-9,128,768,768,14,32,9,14-32-9,M0K,100896,3584,2304,72,9,2304,14,32,13792,1008,256,4608,152736
128x768x768w14-16-18,128,768,768,14,16,18,14-16-18,M0K,102464,1792,2304,144,18,2304,14,16,12224,2016,128,4608,152736
128x768x768w25-8-21,128,768,768,25,8,21,25-8-21,M0K,100400,1600,1344,504,21,1344,25,8,14288,4200,192,2688,152736
128x768x768w10-24-17,128,768,768,10,24,17,10-24-17,M0K,101600,1920,3264,136,17,3264,10,24,13088,1360,192,6528,153088
128x768x768w18-16-14,128,768,768,18,16,14,18-16-14,M0K,102464,2304,1792,224,14,1792,18,16,12224,2016,256,3584,153120
128x768x768w41-8-14,128,768,768,41,8,14,41-8-14,M0K,98464,2624,896,560,14,896,41,8,16224,4592,320,1792,153120
128x768x768w9-8-56,128,768,768,9,8,56,9-8-56,M0K,98304,576,3584,448,56,3584,9,8,16384,4032,64,7168,153216
128x768x768w9-8-55,128,768,768,9,8,55,9-8-55,M0K,98576,576,3520,440,55,3520,9,8,16112,3960,64,7040,153216
128x768x768w9-56-8,128,768,768,9,56,8,9-56-8,MN0,98304,4032,3584,64,8,3584,9,56,16384,576,448,7168,153216
128x768x768w9-8-57,128,768,768,9,8,57,9-8-57,M0K,98032,576,3648,456,57,3648,9,8,16656,4104,64,7296,153216
128x768x768w9-16-28,128,768,768,9,16,28,9-16-28,M0K,101184,1152,3584,224,28,3584,9,16,13504,2016,128,7168,153216
128x768x768w9-8-58,128,768,768,9,8,58,9-8-58,M0K,97760,576,3712,464,58,3712,9,8,16928,4176,64,7424,153216
128x768x768w17-8-31,128,768,768,17,8,31,17-8-31,M0K,100112,1088,1984,496,31,1984,17,8,14576,4216,128,3968,153600
128x768x768w8-16-31,128,768,768,8,16,31,8-16-31,00K,100736,1024,3968,248,31,3968,8,16,13952,1984,128,7936,153600
128x768x768w13-8-39,128,768,768,13,8,39,13-8-39,M0K,99920,832,2496,312,39,2496,13,8,14768,4056,64,4992,153600
128x768x768w13-8-40,128,768,768,13,8,40,13-8-40,M0K,99584,832,2560,320,40,2560,13,8,15104,4160,64,5120,153600
128x768x768w21-8-24,128,768,768,21,8,24,21-8-24,M00,100864,1344,1536,384,24,1536,21,8,13824,4032,128,3072,153600
128x768x768w13-40-8,128,768,768,13,40,8,13-40-8,MN0,99584,4160,2560,64,8,2560,13,40,15104,832,320,5120,153600
128x768x768w21-16-12,128,768,768,21,16,12,21-16-12,M00,102208,2688,1536,192,12,1536,21,16,12480,2016,256,3072,153600
128x768x768w21-24-8,128,768,768,21,24,8,21-24-8,M00,100864,4032,1536,128,8,1536,21,24,13824,1344,384,3072,153600
128x768x768w16-8-31,128,768,768,16,8,31,16-8-31,00K,100736,1024,1984,496,31,1984,16,8,13952,3968,128,3968,153600
128x768x768w20-24-9,128,768,768,20,24,9,20-24-9,M0K,100672,3840,1728,144,9,1728,20,24,14016,1440,384,3456,154112
128x768x768w8-56-9,128,768,768,8,56,9,8-56-9,0NK,98304,3584,4032,72,9,4032,8,56,16384,576,448,8064,154112
128x768x768w19-24-9,128,768,768,19,24,9,19-24-9,M0K,101200,3648,1728,144,9,1728,19,24,13488,1368,384,3456,154112
128x768x768w10-16-25,128,768,768,10,16,25,10-16-25,M0K,101728,1280,3200,200,25,3200,10,16,12960,2000,128,6400,154752
128x768x768w12-24-14,128,768,768,12,24,14,12-24-14,M0K,102016,2304,2688,112,14,2688,12,24,12672,1344,192,5376,154880
128x768x768w11-16-23,128,768,768,11,16,23,11-16-23,M0K,101936,1408,2944,184,23,2944,11,16,12752,2024,128,5888,155040
128x768x768w11-8-47,128,768,768,11,8,47,11-8-47,M0K,98992,704,3008,376,47,3008,11,8,15696,4136,64,6016,155040
128x768x768w11-8-46,128,768,768,11,8,46,11-8-46,M0K,99296,704,2944,368,46,2944,11,8,15392,4048,64,5888,155040
128x768x768w19-8-27,128,768,768,19,8,27,19-8-27,M0K,100592,1216,1728,432,27,1728,19,8,14096,4104,128,3456,155904
128x768x768w18-8-28,128,768,768,18,8,28,18-8-28,M0K,100736,1152,1792,448,28,1792,18,8,13952,4032,128,3584,155904
128x768x768w20-8-27,128,768,768,20,8,27,20-8-27,M0K,100032,1280,1728,432,27,1728,20,8,14656,4320,128,3456,155904
128x768x768w14-8-35,128,768,768,14,8,35,14-8-35,M0K,100576,896,2240,280,35,2240,14,8,14112,3920,64,4480,156288
128x768x768w12-16-21,128,768,768,12,16,21,12-16-21,M0K,102208,1536,2688,168,21,2688,12,16,12480,2016,128,5376,156288
128x768x768w14-8-36,128,768,768,14,8,36,14-8-36,M0K,100224,896,2304,288,36,2304,14,8,14464,4032,64,4608,156288
128x768x768w22-8-23,128,768,768,22,8,23,22-8-23,M0K,100832,1408,1472,368,23,1472,22,8,13856,4048,128,2944,156672
128x768x768w24-8-23,128,768,768,24,8,23,24-8-23,M0K,99840,1536,1472,552,23,1472,24,8,14848,4416,192,2944,156672
128x768x768w23-8-23,128,768,768,23,8,23,23-8-23,M0K,100336,1472,1472,368,23,1472,23,8,14352,4232,128,2944,156672
128x768x768w9-48-9,128,768,768,9,48,9,9-48-9,M0K,99568,3456,3456,72,9,3456,9,48,15120,648,384,6912,156864
128x768x768w9-24-18,128,768,768,9,24,18,9-24-18,M0K,101728,1728,3456,144,18,3456,9,24,12960,1296,192,6912,156864
128x768x768w28-8-19,128,768,768,28,8,19,28-8-19,M0K,100160,1792,1216,456,19,1216,28,8,14528,4256,192,2432,157440
128x768x768w13-16-19,128,768,768,13,16,19,13-16-19,M0K,102544,1664,2432,152,19,2432,13,16,12144,1976,128,4864,157440
128x768x768w30-8-19,128,768,768,30,8,19,30-8-19,M0K,99296,1920,1216,456,19,1216,30,8,15392,4560,192,2432,157440
128x768x768w26-8-19,128,768,768,26,8,19,26-8-19,M0K,101024,1664,1216,456,19,1216,26,8,13664,3952,192,2432,157440
128x768x768w27-8-19,128,768,768,27,8,19,27-8-19,M0K,100592,1728,1216,456,19,1216,27,8,14096,4104,192,2432,157440
128x768x768w29-8-19,128,768,768,29,8,19,29-8-19,M0K,99728,1856,1216,456,19,1216,29,8,14960,4408,192,2432,157440
128x768x768w17-24-10,128,768,768,17,24,10,17-24-10,M0K,101600,3264,1920,160,10,1920,17,24,13088,1360,384,3840,157696
128x768x768w16-24-10,128,768,768,16,24,10,16-24-10,00K,102144,3072,1920,160,10,1920,16,24,12544,1280,384,3840,157696
128x768x768w8-48-10,128,768,768,8,48,10,8-48-10,00K,99584,3072,3840,80,10,3840,8,48,15104,640,384,7680,157696
128x768x768w11-24-15,128,768,768,11,24,15,11-24-15,M0K,102064,2112,2880,120,15,2880,11,24,12624,1320,192,5760,158080
128x768x768w9-16-27,128,768,768,9,16,27,9-16-27,M0K,101584,1152,3456,216,27,3456,9,16,13104,1944,128,6912,158688
128x768x768w25-16-10,128,768,768,25,16,10,25-16-10,M0K,101728,3200,1280,240,10,1280,25,16,12960,2000,384,2560,158928
128x768x768w31-8-17,128,768,768,31,8,17,31-8-17,M0K,100112,1984,1088,408,17,1088,31,8,14576,4216,192,2176,158976
128x768x768w15-16-17,128,768,768,15,16,17,15-16-17,M0K,102416,1920,2176,136,17,2176,15,16,12272,2040,128,4352,158976
128x768x768w15-8-34,128,768,768,15,8,34,15-8-34,M0K,100256,960,2176,272,34,2176,15,8,14432,4080,64,4352,158976
128x768x768w9-40-11,128,768,768,9,40,11,9-40-11,MNK,100304,2880,3520,88,11,3520,9,40,14384,792,320,7040,159600
128x768x768w11-32-11,128,768,768,11,32,11,11-32-11,M0K,101488,2816,2816,88,11,2816,11,32,13200,968,256,5632,159600
128x768x768w11-16-22,128,768,768,11,16,22,11-16-22,M0K,102368,1408,2816,176,22,2816,11,16,12320,1936,128,5632,159600
128x768x768w18-24-9,128,768,768,18,24,9,18-24-9,M0K,101728,3456,1728,144,9,1728,18,24,12960,1296,384,3456,159616
128x768x768w10-48-8,128,768,768,10,48,8,10-48-8,M00,99584,3840,3072,64,8,3072,10,48,15104,640,384,6144,159744
128x768x768w10-16-24,128,768,768,10,16,24,10-16-24,M00,102144,1280,3072,192,24,3072,10,16,12544,1920,128,6144,159744
128x768x768w37-8-15,128,768,768,37,8,15,37-8-15,M0K,99152,2368,960,480,15,960,37,8,15536,4440,256,1920,159744
128x768x768w8-8-60,128,768,768,8,8,60,8-8-60,00K,98304,512,3840,480,60,3840,8,8,16384,3840,64,7680,159744
128x768x768w16-16-15,128,768,768,16,16,15,16-16-15,00K,102912,2048,1920,240,15,1920,16,16,11776,1920,256,3840,159744
128x768x768w36-8-15,128,768,768,36,8,15,36-8-15,M0K,99520,2304,960,480,15,960,36,8,15168,4320,256,1920,159744
128x768x768w8-24-20,128,768,768,8,24,20,8-24-20,00K,101376,1536,3840,160,20,3840,8,24,13312,1280,192,7680,159744
128x768x768w35-8-15,128,768,768,35,8,15,35-8-15,M0K,99888,2240,960,480,15,960,35,8,14800,4200,256,1920,159744
128x768x768w17-16-15,128,768,768,17,16,15,17-16-15,M0K,102416,2176,1920,240,15,1920,17,16,12272,2040,256,3840,159744
128x768x768w10-32-12,128,768,768,10,32,12,10-32-12,M00,101504,2560,3072,96,12,3072,10,32,13184,960,256,6144,159744
128x768x768w17-8-30,128,768,768,17,8,30,17-8-30,M0K,100512,1088,1920,480,30,1920,17,8,14176,4080,128,3840,159744
128x768x768w10-8-48,128,768,768,10,8,48,10-8-48,M00,99584,640,3072,384,48,3072,10,8,15104,3840,64,6144,159744
128x768x768w10-24-16,128,768,768,10,24,16,10-24-16,M00,102144,1920,3072,128,16,3072,10,24,12544,1280,192,6144,159744
128x768x768w16-8-30,128,768,768,16,8,30,16-8-30,00K,101120,1024,1920,480,30,1920,16,8,13568,3840,128,3840,159744
128x768x768w10-8-49,128,768,768,10,8,49,10-8-49,M0K,99296,640,3136,392,49,3136,10,8,15392,3920,64,6272,159744
128x768x768w33-8-15,128,768,768,33,8,15,33-8-15,M0K,100624,2112,960,480,15,960,33,8,14064,3960,256,1920,159744
128x768x768w40-8-15,128,768,768,40,8,15,40-8-15,M0K,98048,2560,960,600,15,960,40,8,16640,4800,320,1920,159744
128x768x768w38-8-15,128,768,768,38,8,15,38-8-15,M0K,98784,2432,960,480,15,960,38,8,15904,4560,256,1920,159744
128x768x768w32-8-15,128,768,768,32,8,15,32-8-15,00K,100992,2048,960,480,15,960,32,8,13696,3840,256,1920,159744
128x768x768w34-8-15,128,768,768,34,8,15,34-8-15,M0K,100256,2176,960,480,15,960,34,8,14432,4080,256,1920,159744
128x768x768w10-8-51,128,768,768,10,8,51,10-8-51,M0K,98720,640,3264,408,51,3264,10,8,15968,4080,64,6528,159744
128x768x768w8-32-15,128,768,768,8,32,15,8-32-15,00K,100992,2048,3840,120,15,3840,8,32,13696,960,256,7680,159744
128x768x768w8-8-61,128,768,768,8,8,61,8-8-61,00K,98048,512,3904,488,61,3904,8,8,16640,3904,64,7808,159744
128x768x768w39-8-15,128,768,768,39,8,15,39-8-15,M0K,98416,2496,960,480,15,960,39,8,16272,4680,256,1920,159744
128x768x768w10-8-50,128,768,768,10,8,50,10-8-50,M0K,99008,640,3200,400,50,3200,10,8,15680,4000,64,6400,159744
128x768x768w8-8-62,128,768,768,8,8,62,8-8-62,00K,97792,512,3968,496,62,3968,8,8,16896,3968,64,7936,159744
128x768x768w42-8-12,128,768,768,42,8,12,42-8-12,M00,99712,2688,768,480,12,768,42,8,14976,4032,320,1536,159744
128x768x768w8-16-30,128,768,768,8,16,30,8-16-30,00K,101120,1024,3840,240,30,3840,8,16,13568,1920,128,7680,159744
128x768x768w8-8-63,128,768,768,8,8,63,8-8-63,00K,97536,512,4032,504,63,4032,8,8,17152,4032,64,8064,159744
128x768x768w10-40-10,128,768,768,10,40,10,10-40-10,MNK,100288,3200,3200,80,10,3200,10,40,14400,800,320,6400,160160
128x768x768w12-8-42,128,768,768,12,8,42,12-8-42,M0K,99712,768,2688,336,42,2688,12,8,14976,4032,64,5376,160512
128x768x768w12-8-41,128,768,768,12,8,41,12-8-41,M0K,100032,768,2624,328,41,2624,12,8,14656,3936,64,5248,160512
128x768x768w25-8-20,128,768,768,25,8,20,25-8-20,M0K,100928,1600,1280,480,20,1280,25,8,13760,4000,192,2560,160992
128x768x768w44-8-11,128,768,768,44,8,11,44-8-11,M0K,99904,2816,704,440,11,704,44,8,14784,3872,320,1408,161280
128x768x768w58-8-11,128,768,768,58,8,11,58-8-11,M0K,95648,3712,704,616,11,704,58,8,19040,5104,448,1408,161280
128x768x768w48-8-11,128,768,768,48,8,11,48-8-11,M0K,98688,3072,704,528,11,704,48,8,16000,4224,384,1408,161280
128x768x768w47-8-11,128,768,768,47,8,11,47-8-11,M0K,98992,3008,704,440,11,704,47,8,15696,4136,320,1408,161280
128x768x768w15-24-11,128,768,768,15,24,11,15-24-11,M0K,102064,2880,2112,88,11,2112,15,24,12624,1320,192,4224,161280
128x768x768w49-8-11,128,768,768,49,8,11,49-8-11,M0K,98384,3136,704,528,11,704,49,8,16304,4312,384,1408,161280
128x768x768w56-8-11,128,768,768,56,8,11,56-8-11,M0K,96256,3584,704,616,11,704,56,8,18432,4928,448,1408,161280
128x768x768w22-16-11,128,768,768,22,16,11,22-16-11,M0K,102368,2816,1408,176,11,1408,22,16,12320,1936,256,2816,161280
128x768x768w13-8-37,128,768,768,13,8,37,13-8-37,M0K,100592,832,2368,296,37,2368,13,8,14096,3848,64,4736,161280
128x768x768w24-16-11,128,768,768,24,16,11,24-16-11,M0K,101504,3072,1408,264,11,1408,24,16,13184,2112,384,2816,161280
128x768x768w51-8-11,128,768,768,51,8,11,51-8-11,M0K,97776,3264,704,528,11,704,51,8,16912,4488,384,1408,161280
128x768x768w46-8-11,128,768,768,46,8,11,46-8-11,M0K,99296,2944,704,440,11,704,46,8,15392,4048,320,1408,161280
128x768x768w19-8-26,128,768,768,19,8,26,19-8-26,M0K,101024,1216,1664,416,26,1664,19,8,13664,3952,128,3328,161280
128x768x768w59-8-11,128,768,768,59,8,11,59-8-11,M0K,95344,3776,704,616,11,704,59,8,19344,5192,448,1408,161280
128x768x768w60-8-11,128,768,768,60,8,11,60-8-11,M0K,95040,3840,704,616,11,704,60,8,19648,5280,448,1408,161280
128x768x768w43-8-11,128,768,768,43,8,11,43-8-11,M0K,100208,2752,704,440,11,704,43,8,14480,3784,320,1408,161280
128x768x768w54-8-11,128,768,768,54,8,11,54-8-11,M0K,96864,3456,704,528,11,704,54,8,17824,4752,384,1408,161280
128x768x768w24-8-22,128,768,768,24,8,22,24-8-22,M0K,100352,1536,1408,528,22,1408,24,8,14336,4224,192,2816,161280
128x768x768w53-8-11,128,768,768,53,8,11,53-8-11,M0K,97168,3392,704,528,11,704,53,8,17520,4664,384,1408,161280
128x768x768w57-8-11,128,768,768,57,8,11,57-8-11,M0K,95952,3648,704,616,11,704,57,8,18736,5016,448,1408,161280
128x768x768w52-8-11,128,768,768,52,8,11,52-8-11,M0K,97472,3328,704,528,11,704,52,8,17216,4576,384,1408,161280
128x768x768w45-8-11,128,768,768,45,8,11,45-8-11,M0K,99600,2880,704,440,11,704,45,8,15088,3960,320,1408,161280
128x768x768w23-16-11,128,768,768,23,16,11,23-16-11,M0K,101936,2944,1408,176,11,1408,23,16,12752,2024,256,2816,161280
128x768x768w20-8-26,128,768,768,20,8,26,20-8-26,M0K,100480,1280,1664,416,26,1664,20,8,14208,4160,128,3328,161280
128x768x768w22-8-22,128,768,768,22,8,22,22-8-22,M0K,101312,1408,1408,352,22,1408,22,8,13376,3872,128,2816,161280
128x768x768w13-8-38,128,768,768,13,8,38,13-8-38,M0K,100256,832,2432,304,38,2432,13,8,14432,3952,64,4864,161280
128x768x768w50-8-11,128,768,768,50,8,11,50-8-11,M0K,98080,3200,704,528,11,704,50,8,16608,4400,384,1408,161280
128x768x768w55-8-11,128,768,768,55,8,11,55-8-11,M0K,96560,3520,704,528,11,704,55,8,18128,4840,384,1408,161280
128x768x768w23-8-22,128,768,768,23,8,22,23-8-22,M0K,100832,1472,1408,352,22,1408,23,8,13856,4048,128,2816,161280
128x768x768w18-8-27,128,768,768,18,8,27,18-8-27,M0K,101152,1152,1728,432,27,1728,18,8,13536,3888,128,3456,161472
128x768x768w12-32-10,128,768,768,12,32,10,12-32-10,M0K,101504,3072,2560,80,10,2560,12,32,13184,960,256,5120,162624
128x768x768w61-8-10,128,768,768,61,8,10,61-8-10,M0K,95840,3904,640,560,10,640,61,8,18848,4880,448,1280,162624
128x768x768w21-8-23,128,768,768,21,8,23,21-8-23,M0K,101328,1344,1472,368,23,1472,21,8,13360,3864,128,2944,163200
128x768x768w14-16-17,128,768,768,14,16,17,14-16-17,M0K,102944,1792,2176,136,17,2176,14,16,11744,1904,128,4352,163392
128x768x768w14-8-34,128,768,768,14,8,34,14-8-34,M0K,100928,896,2176,272,34,2176,14,8,13760,3808,64,4352,163392
128x768x768w11-40-9,128,768,768,11,40,9,11-40-9,MNK,100304,3520,2880,72,9,2880,11,40,14384,792,320,5760,163400
128x768x768w8-40-12,128,768,768,8,40,12,8-40-12,0N0,100352,2560,3840,96,12,3840,8,40,14336,768,320,7680,163840
128x768x768w13-24-12,128,768,768,13,24,12,13-24-12,M00,102592,2496,2304,96,12,2304,13,24,12096,1248,192,4608,163840
128x768x768w11-8-45,128,768,768,11,8,45,11-8-45,M0K,99600,704,2880,360,45,2880,11,8,15088,3960,64,5760,164160
128x768x768w9-8-53,128,768,768,9,8,53,9-8-53,M0K,99120,576,3392,424,53,3392,9,8,15568,3816,64,6784,164160
128x768x768w11-8-43,128,768,768,11,8,43,11-8-43,M0K,100208,704,2752,344,43,2752,11,8,14480,3784,64,5504,164160
128x768x768w9-8-52,128,768,768,9,8,52,9-8-52,M0K,99392,576,3328,416,52,3328,9,8,15296,3744,64,6656,164160
128x768x768w9-8-54,128,768,768,9,8,54,9-8-54,M0K,98848,576,3456,432,54,3456,9,8,15840,3888,64,6912,164160
128x768x768w9-16-26,128,768,768,9,16,26,9-16-26,M0K,101984,1152,3328,208,26,3328,9,16,12704,1872,128,6656,164160
128x768x768w11-8-44,128,768,768,11,8,44,11-8-44,M0K,99904,704,2816,352,44,2816,11,8,14784,3872,64,5632,164160
128x768x768w12-16-20,128,768,768,12,16,20,12-16-20,M0K,102656,1536,2560,160,20,2560,12,16,12032,1920,128,5120,164736
128x768x768w30-16-9,128,768,768,30,16,9,30-16-9,M0K,100384,3840,1152,216,9,1152,30,16,14304,2160,384,2304,165120
128x768x768w29-16-9,128,768,768,29,16,9,29-16-9,M0K,100784,3712,1152,216,9,1152,29,16,13904,2088,384,2304,165120
128x768x768w26-16-9,128,768,768,26,16,9,26-16-9,M0K,101984,3328,1152,216,9,1152,26,16,12704,1872,384,2304,165120
128x768x768w26-8-18,128,768,768,26,8,18,26-8-18,M0K,101568,1664,1152,432,18,1152,26,8,13120,3744,192,2304,165120
128x768x768w28-16-9,128,768,768,28,16,9,28-16-9,M0K,101184,3584,1152,216,9,1152,28,16,13504,2016,384,2304,165120
128x768x768w27-16-9,128,768,768,27,16,9,27-16-9,M0K,101584,3456,1152,216,9,1152,27,16,13104,1944,384,2304,165120
128x768x768w28-8-18,128,768,768,28,8,18,28-8-18,M0K,100736,1792,1152,432,18,1152,28,8,13952,4032,192,2304,165120
128x768x768w62-8-9,128,768,768,62,8,9,62-8-9,M0K,96672,3968,576,504,9,576,62,8,18016,4464,448,1152,165120
128x768x768w13-16-18,128,768,768,13,16,18,13-16-18,M0K,103008,1664,2304,144,18,2304,13,16,11680,1872,128,4608,165120
128x768x768w29-8-18,128,768,768,29,8,18,29-8-18,M0K,100320,1856,1152,432,18,1152,29,8,14368,4176,192,2304,165120
128x768x768w13-32-9,128,768,768,13,32,9,13-32-9,M0K,101552,3328,2304,72,9,2304,13,32,13136,936,256,4608,165120
128x768x768w27-8-18,128,768,768,27,8,18,27-8-18,M0K,101152,1728,1152,432,18,1152,27,8,13536,3888,192,2304,165120
128x768x768w30-8-18,128,768,768,30,8,18,30-8-18,M0K,99904,1920,1152,432,18,1152,30,8,14784,4320,192,2304,165120
128x768x768w14-24-11,128,768,768,14,24,11,14-24-11,M0K,102624,2688,2112,88,11,2112,14,24,12064,1232,192,4224,165760
128x768x768w8-16-29,128,768,768,8,16,29,8-16-29,00K,101504,1024,3712,232,29,3712,8,16,13184,1856,128,7424,165888
128x768x768w17-8-29,128,768,768,17,8,29,17-8-29,M0K,100912,1088,1856,464,29,1856,17,8,13776,3944,128,3712,165888
128x768x768w63-8-8,128,768,768,63,8,8,63-8-8,M00,97536,4032,512,448,8,512,63,8,17152,4032,448,1024,165888
128x768x768w31-16-8,128,768,768,31,16,8,31-16-8,M00,100736,3968,1024,192,8,1024,31,16,13952,1984,384,2048,165888
128x768x768w15-16-16,128,768,768,15,16,16,15-16-16,M00,102912,1920,2048,128,16,2048,15,16,11776,1920,128,4096,165888
128x768x768w15-8-33,128,768,768,15,8,33,15-8-33,M0K,100624,960,2112,264,33,2112,15,8,14064,3960,64,4224,165888
128x768x768w31-8-16,128,768,768,31,8,16,31-8-16,M00,100736,1984,1024,384,16,1024,31,8,13952,3968,192,2048,165888
128x768x768w15-8-32,128,768,768,15,8,32,15-8-32,M00,100992,960,2048,256,32,2048,15,8,13696,3840,64,4096,165888
128x768x768w15-32-8,128,768,768,15,32,8,15-32-8,M00,100992,3840,2048,64,8,2048,15,32,13696,960,256,4096,165888
128x768x768w16-8-29,128,768,768,16,8,29,16-8-29,00K,101504,1024,1856,464,29,1856,16,8,13184,3712,128,3712,165888
128x768x768w19-8-25,128,768,768,19,8,25,19-8-25,M0K,101456,1216,1600,400,25,1600,19,8,13232,3800,128,3200,166656
128x768x768w20-8-25,128,768,768,20,8,25,20-8-25,M0K,100928,1280,1600,400,25,1600,20,8,13760,4000,128,3200,166656
128x768x768w18-8-26,128,768,768,18,8,26,18-8-26,M0K,101568,1152,1664,416,26,1664,18,8,13120,3744,128,3328,167040
128x768x768w11-24-14,128,768,768,11,24,14,11-24-14,M0K,102624,2112,2688,112,14,2688,11,24,12064,1232,192,5376,167200
128x768x768w9-24-17,128,768,768,9,24,17,9-24-17,M0K,102256,1728,3264,136,17,3264,9,24,12432,1224,192,6528,167808
128x768x768w8-24-19,128,768,768,8,24,19,8-24-19,00K,101888,1536,3648,152,19,3648,8,24,12800,1216,192,7296,167936
128x768x768w21-16-11,128,768,768,21,16,11,21-16-11,M0K,102800,2688,1408,176,11,1408,21,16,11888,1848,256,2816,168000
128x768x768w21-8-22,128,768,768,21,8,22,21-8-22,M0K,101792,1344,1408,352,22,1408,21,8,12896,3696,128,2816,168000
128x768x768w11-16-21,128,768,768,11,16,21,11-16-21,M0K,102800,1408,2688,168,21,2688,11,16,11888,1848,128,5376,168720
128x768x768w35-8-14,128,768,768,35,8,14,35-8-14,M0K,100576,2240,896,448,14,896,35,8,14112,3920,256,1792,168960
128x768x768w38-8-14,128,768,768,38,8,14,38-8-14,M0K,99520,2432,896,448,14,896,38,8,15168,4256,256,1792,168960
128x768x768w32-8-14,128,768,768,32,8,14,32-8-14,00K,101632,2048,896,448,14,896,32,8,13056,3584,256,1792,168960
128x768x768w12-8-40,128,768,768,12,8,40,12-8-40,M0K,100352,768,2560,320,40,2560,12,8,14336,3840,64,5120,168960
128x768x768w33-8-14,128,768,768,33,8,14,33-8-14,M0K,101280,2112,896,448,14,896,33,8,13408,3696,256,1792,168960
128x768x768w17-16-14,128,768,768,17,16,14,17-16-14,M0K,102944,2176,1792,224,14,1792,17,16,11744,1904,256,3584,168960
128x768x768w8-32-14,128,768,768,8,32,14,8-32-14,00K,101632,2048,3584,112,14,3584,8,32,13056,896,256,7168,168960
128x768x768w12-40-8,128,768,768,12,40,8,12-40-8,MN0,100352,3840,2560,64,8,2560,12,40,14336,768,320,5120,168960
128x768x768w37-8-14,128,768,768,37,8,14,37-8-14,M0K,99872,2368,896,448,14,896,37,8,14816,4144,256,1792,168960
128x768x768w13-8-36,128,768,768,13,8,36,13-8-36,M0K,100928,832,2304,288,36,2304,13,8,13760,3744,64,4608,168960
128x768x768w12-8-39,128,768,768,12,8,39,12-8-39,M0K,100672,768,2496,312,39,2496,12,8,14016,3744,64,4992,168960
128x768x768w13-8-35,128,768,768,13,8,35,13-8-35,M0K,101264,832,2240,280,35,2240,13,8,13424,3640,64,4480,168960
128x768x768w39-8-14,128,768,768,39,8,14,39-8-14,M0K,99168,2496,896,448,14,896,39,8,15520,4368,256,1792,168960
128x768x768w36-8-14,128,768,768,36,8,14,36-8-14,M0K,100224,2304,896,448,14,896,36,8,14464,4032,256,1792,168960
128x768x768w16-16-14,128,768,768,16,16,14,16-16-14,00K,103424,2048,1792,224,14,1792,16,16,11264,1792,256,3584,168960
128x768x768w40-8-14,128,768,768,40,8,14,40-8-14,M0K,98816,2560,896,560,14,896,40,8,15872,4480,320,1792,168960
128x768x768w34-8-14,128,768,768,34,8,14,34-8-14,M0K,100928,2176,896,448,14,896,34,8,13760,3808,256,1792,168960
128x768x768w25-8-19,128,768,768,25,8,19,25-8-19,M0K,101456,1600,1216,456,19,1216,25,8,13232,3800,192,2432,169248
128x768x768w9-16-25,128,768,768,9,16,25,9-16-25,M0K,102384,1152,3200,200,25,3200,9,16,12304,1800,128,6400,169632
128x768x768w10-8-47,128,768,768,10,8,47,10-8-47,M0K,99872,640,3008,376,47,3008,10,8,14816,3760,64,6016,169728
128x768x768w10-16-23,128,768,768,10,16,23,10-16-23,M0K,102560,1280,2944,184,23,2944,10,16,12128,1840,128,5888,169728
128x768x768w10-8-46,128,768,768,10,8,46,10-8-46,M0K,100160,640,2944,368,46,2944,10,8,14528,3680,64,5888,169728
128x768x768w14-8-33,128,768,768,14,8,33,14-8-33,M0K,101280,896,2112,264,33,2112,14,8,13408,3696,64,4224,170496
128x768x768w24-8-21,128,768,768,24,8,21,24-8-21,M0K,100864,1536,1344,504,21,1344,24,8,13824,4032,192,2688,170496
128x768x768w22-8-21,128,768,768,22,8,21,22-8-21,M0K,101792,1408,1344,336,21,1344,22,8,12896,3696,128,2688,170496
128x768x768w14-8-32,128,768,768,14,8,32,14-8-32,M00,101632,896,2048,256,32,2048,14,8,13056,3584,64,4096,170496
128x768x768w14-16-16,128,768,768,14,16,16,14-16-16,M00,103424,1792,2048,128,16,2048,14,16,11264,1792,128,4096,170496
128x768x768w23-8-21,128,768,768,23,8,21,23-8-21,M0K,101328,1472,1344,336,21,1344,23,8,13360,3864,128,2688,170496
128x768x768w14-32-8,128,768,768,14,32,8,14-32-8,M00,101632,3584,2048,64,8,2048,14,32,13056,896,256,4096,170496
128x768x768w8-8-57,128,768,768,8,8,57,8-8-57,00K,99072,512,3648,456,57,3648,8,8,15616,3648,64,7296,172032
128x768x768w20-24-8,128,768,768,20,24,8,20-24-8,M00,101376,3840,1536,128,8,1536,20,24,13312,1280,384,3072,172032
128x768x768w16-8-28,128,768,768,16,8,28,16-8-28,00K,101888,1024,1792,448,28,1792,16,8,12800,3584,128,3584,172032
128x768x768w19-8-24,128,768,768,19,8,24,19-8-24,M00,101888,1216,1536,384,24,1536,19,8,12800,3648,128,3072,172032
128x768x768w20-8-24,128,768,768,20,8,24,20-8-24,M00,101376,1280,1536,384,24,1536,20,8,13312,3840,128,3072,172032
128x768x768w17-8-28,128,768,768,17,8,28,17-8-28,M0K,101312,1088,1792,448,28,1792,17,8,13376,3808,128,3584,172032
128x768x768w19-16-12,128,768,768,19,16,12,19-16-12,M00,103104,2432,1536,192,12,1536,19,16,11584,1824,256,3072,172032
128x768x768w19-24-8,128,768,768,19,24,8,19-24-8,M00,101888,3648,1536,128,8,1536,19,24,12800,1216,384,3072,172032
128x768x768w8-8-56,128,768,768,8,8,56,8-8-56,00K,99328,512,3584,448,56,3584,8,8,15360,3584,64,7168,172032
128x768x768w8-8-58,128,768,768,8,8,58,8-8-58,00K,98816,512,3712,464,58,3712,8,8,15872,3712,64,7424,172032
128x768x768w8-56-8,128,768,768,8,56,8,8-56-8,0N0,99328,3584,3584,64,8,3584,8,56,15360,512,448,7168,172032
128x768x768w8-8-55,128,768,768,8,8,55,8-8-55,00K,99584,512,3520,440,55,3520,8,8,15104,3520,64,7040,172032
128x768x768w20-16-12,128,768,768,20,16,12,20-16-12,M00,102656,2560,1536,192,12,1536,20,16,12032,1920,256,3072,172032
128x768x768w8-16-28,128,768,768,8,16,28,8-16-28,00K,101888,1024,3584,224,28,3584,8,16,12800,1792,128,7168,172032
128x768x768w18-8-25,128,768,768,18,8,25,18-8-25,M0K,101984,1152,1600,400,25,1600,18,8,12704,3600,128,3200,172608
128x768x768w15-8-31,128,768,768,15,8,31,15-8-31,M0K,101360,960,1984,248,31,1984,15,8,13328,3720,64,3968,172800
128x768x768w10-24-15,128,768,768,10,24,15,10-24-15,M0K,102688,1920,2880,120,15,2880,10,24,12000,1200,192,5760,173056
128x768x768w12-16-19,128,768,768,12,16,19,12-16-19,M0K,103104,1536,2432,152,19,2432,12,16,11584,1824,128,4864,173184
128x768x768w11-8-42,128,768,768,11,8,42,11-8-42,M0K,100512,704,2688,336,42,2688,11,8,14176,3696,64,5376,173280
128x768x768w11-8-41,128,768,768,11,8,41,11-8-41,M0K,100816,704,2624,328,41,2624,11,8,13872,3608,64,5248,173280
128x768x768w42-8-11,128,768,768,42,8,11,42-8-11,M0K,100512,2688,704,440,11,704,42,8,14176,3696,320,1408,174720
128x768x768w10-16-22,128,768,768,10,16,22,10-16-22,M0K,102976,1280,2816,176,22,2816,10,16,11712,1760,128,5632,174720
128x768x768w10-32-11,128,768,768,10,32,11,10-32-11,M0K,102176,2560,2816,88,11,2816,10,32,12512,880,256,5632,174720
128x768x768w9-8-51,128,768,768,9,8,51,9-8-51,M0K,99664,576,3264,408,51,3264,9,8,15024,3672,64,6528,175104
128x768x768w9-16-24,128,768,768,9,16,24,9-16-24,M00,102784,1152,3072,192,24,3072,9,16,11904,1728,128,6144,175104
128x768x768w9-48-8,128,768,768,9,48,8,9-48-8,M00,100480,3456,3072,64,8,3072,9,48,14208,576,384,6144,175104
128x768x768w9-24-16,128,768,768,9,24,16,9-24-16,M00,102784,1728,3072,128,16,3072,9,24,11904,1152,192,6144,175104
128x768x768w9-8-48,128,768,768,9,8,48,9-8-48,M00,100480,576,3072,384,48,3072,9,8,14208,3456,64,6144,175104
128x768x768w9-8-49,128,768,768,9,8,49,9-8-49,M0K,100208,576,3136,392,49,3136,9,8,14480,3528,64,6272,175104
128x768x768w9-32-12,128,768,768,9,32,12,9-32-12,M00,102208,2304,3072,96,12,3072,9,32,12480,864,256,6144,175104
128x768x768w9-8-50,128,768,768,9,8,50,9-8-50,M0K,99936,576,3200,400,50,3200,9,8,14752,3600,64,6400,175104
128x768x768w9-40-10,128,768,768,9,40,10,9-40-10,MNK,101088,2880,3200,80,10,3200,9,40,13600,720,320,6400,175560
128x768x768w11-32-10,128,768,768,11,32,10,11-32-10,M0K,102176,2816,2560,80,10,2560,11,32,12512,880,256,5120,175560
128x768x768w16-24-9,128,768,768,16,24,9,16-24-9,00K,102784,3072,1728,144,9,1728,16,24,11904,1152,384,3456,176128
128x768x768w17-24-9,128,768,768,17,24,9,17-24-9,M0K,102256,3264,1728,144,9,1728,17,24,12432,1224,384,3456,176128
128x768x768w8-48-9,128,768,768,8,48,9,8-48-9,00K,100480,3072,3456,72,9,3456,8,48,14208,576,384,6912,176128
128x768x768w8-24-18,128,768,768,8,24,18,8-24-18,00K,102400,1536,3456,144,18,3456,8,24,12288,1152,192,6912,176128
128x768x768w28-8-17,128,768,768,28,8,17,28-8-17,M0K,101312,1792,1088,408,17,1088,28,8,13376,3808,192,2176,176640
128x768x768w13-16-17,128,768,768,13,16,17,13-16-17,M0K,103472,1664,2176,136,17,2176,13,16,11216,1768,128,4352,176640
128x768x768w27-8-17,128,768,768,27,8,17,27-8-17,M0K,101712,1728,1088,408,17,1088,27,8,12976,3672,192,2176,176640
128x768x768w26-8-17,128,768,768,26,8,17,26-8-17,M0K,102112,1664,1088,408,17,1088,26,8,12576,3536,192,2176,176640
128x768x768w13-8-34,128,768,768,13,8,34,13-8-34,M0K,101600,832,2176,272,34,2176,13,8,13088,3536,64,4352,176640
128x768x768w29-8-17,128,768,768,29,8,17,29-8-17,M0K,100912,1856,1088,408,17,1088,29,8,13776,3944,192,2176,176640
128x768x768w30-8-17,128,768,768,30,8,17,30-8-17,M0K,100512,1920,1088,408,17,1088,30,8,14176,4080,192,2176,176640
128x768x768w45-8-10,128,768,768,45,8,10,45-8-10,M0K,100448,2880,640,400,10,640,45,8,14240,3600,320,1280,177408
128x768x768w53-8-10,128,768,768,53,8,10,53-8-10,M0K,98144,3392,640,480,10,640,53,8,16544,4240,384,1280,177408
128x768x768w48-8-10,128,768,768,48,8,10,48-8-10,M0K,99584,3072,640,480,10,640,48,8,15104,3840,384,1280,177408
128x768x768w47-8-10,128,768,768,47,8,10,47-8-10,M0K,99872,3008,640,400,10,640,47,8,14816,3760,320,1280,177408
128x768x768w15-24-10,128,768,768,15,24,10,15-24-10,M0K,102688,2880,1920,80,10,1920,15,24,12000,1200,192,3840,177408
128x768x768w46-8-10,128,768,768,46,8,10,46-8-10,M0K,100160,2944,640,400,10,640,46,8,14528,3680,320,1280,177408
128x768x768w57-8-10,128,768,768,57,8,10,57-8-10,M0K,96992,3648,640,560,10,640,57,8,17696,4560,448,1280,177408
128x768x768w55-8-10,128,768,768,55,8,10,55-8-10,M0K,97568,3520,640,480,10,640,55,8,17120,4400,384,1280,177408
128x768x768w56-8-10,128,768,768,56,8,10,56-8-10,M0K,97280,3584,640,560,10,640,56,8,17408,4480,448,1280,177408
128x768x768w43-8-10,128,768,768,43,8,10,43-8-10,M0K,101024,2752,640,400,10,640,43,8,13664,3440,320,1280,177408
128x768x768w60-8-10,128,768,768,60,8,10,60-8-10,M0K,96128,3840,640,560,10,640,60,8,18560,4800,448,1280,177408
128x768x768w52-8-10,128,768,768,52,8,10,52-8-10,M0K,98432,3328,640,480,10,640,52,8,16256,4160,384,1280,177408
128x768x768w51-8-10,128,768,768,51,8,10,51-8-10,M0K,98720,3264,640,480,10,640,51,8,15968,4080,384,1280,177408
128x768x768w59-8-10,128,768,768,59,8,10,59-8-10,M0K,96416,3776,640,560,10,640,59,8,18272,4720,448,1280,177408
128x768x768w44-8-10,128,768,768,44,8,10,44-8-10,M0K,100736,2816,640,400,10,640,44,8,13952,3520,320,1280,177408
128x768x768w23-16-10,128,768,768,23,16,10,23-16-10,M0K,102560,2944,1280,160,10,1280,23,16,12128,1840,256,2560,177408
128x768x768w12-8-38,128,768,768,12,8,38,12-8-38,M0K,100992,768,2432,304,38,2432,12,8,13696,3648,64,4864,177408
128x768x768w54-8-10,128,768,768,54,8,10,54-8-10,M0K,97856,3456,640,480,10,640,54,8,16832,4320,384,1280,177408
128x768x768w58-8-10,128,768,768,58,8,10,58-8-10,M0K,96704,3712,640,560,10,640,58,8,17984,4640,448,1280,177408
128x768x768w49-8-10,128,768,768,49,8,10,49-8-10,M0K,99296,3136,640,480,10,640,49,8,15392,3920,384,1280,177408
128x768x768w24-16-10,128,768,768,24,16,10,24-16-10,M0K,102144,3072,1280,240,10,1280,24,16,12544,1920,384,2560,177408
128x768x768w50-8-10,128,768,768,50,8,10,50-8-10,M0K,99008,3200,640,480,10,640,50,8,15680,4000,384,1280,177408
128x768x768w12-8-37,128,768,768,12,8,37,12-8-37,M0K,101312,768,2368,296,37,2368,12,8,13376,3552,64,4736,177408
128x768x768w22-16-10,128,768,768,22,16,10,22-16-10,M0K,102976,2816,1280,160,10,1280,22,16,11712,1760,256,2560,177408
128x768x768w25-16-9,128,768,768,25,16,9,25-16-9,M0K,102384,3200,1152,216,9,1152,25,16,12304,1800,384,2304,177504
128x768x768w25-8-18,128,768,768,25,8,18,25-8-18,M0K,101984,1600,1152,432,18,1152,25,8,12704,3600,192,2304,177504
128x768x768w21-8-21,128,768,768,21,8,21,21-8-21,M0K,102256,1344,1344,336,21,1344,21,8,12432,3528,128,2688,177600
128x768x768w14-8-31,128,768,768,14,8,31,14-8-31,M0K,101984,896,1984,248,31,1984,14,8,12704,3472,64,3968,177600
128x768x768w11-16-20,128,768,768,11,16,20,11-16-20,M0K,103232,1408,2560,160,20,2560,11,16,11456,1760,128,5120,177840
128x768x768w17-8-27,128,768,768,17,8,27,17-8-27,M0K,101712,1088,1728,432,27,1728,17,8,12976,3672,128,3456,178176
128x768x768w18-24-8,128,768,768,18,24,8,18-24-8,M00,102400,3456,1536,128,8,1536,18,24,12288,1152,384,3072,178176
128x768x768w16-8-27,128,768,768,16,8,27,16-8-27,00K,102272,1024,1728,432,27,1728,16,8,12416,3456,128,3456,178176
128x768x768w41-8-12,128,768,768,41,8,12,41-8-12,M00,100032,2624,768,480,12,768,41,8,14656,3936,320,1536,178176
128x768x768w18-8-24,128,768,768,18,8,24,18-8-24,M00,102400,1152,1536,384,24,1536,18,8,12288,3456,128,3072,178176
128x768x768w8-16-27,128,768,768,8,16,27,8-16-27,00K,102272,1024,3456,216,27,3456,8,16,12416,1728,128,6912,178176
128x768x768w18-16-12,128,768,768,18,16,12,18-16-12,M00,103552,2304,1536,192,12,1536,18,16,11136,1728,256,3072,178176
128x768x768w10-40-9,128,768,768,10,40,9,10-40-9,MNK,101088,3200,2880,72,9,2880,10,40,13600,720,320,5760,178880
128x768x768w13-24-11,128,768,768,13,24,11,13-24-11,M0K,103184,2496,2112,88,11,2112,13,24,11504,1144,192,4224,179200
128x768x768w8-40-11,128,768,768,8,40,11,8-40-11,0NK,101120,2560,3520,88,11,3520,8,40,13568,704,320,7040,179200
128x768x768w10-8-44,128,768,768,10,8,44,10-8-44,M0K,100736,640,2816,352,44,2816,10,8,13952,3520,64,5632,179712
128x768x768w22-8-20,128,768,768,22,8,20,22-8-20,M0K,102272,1408,1280,320,20,1280,22,8,12416,3520,128,2560,179712
128x768x768w10-8-43,128,768,768,10,8,43,10-8-43,M0K,101024,640,2752,344,43,2752,10,8,13664,3440,64,5504,179712
128x768x768w10-8-45,128,768,768,10,8,45,10-8-45,M0K,100448,640,2880,360,45,2880,10,8,14240,3600,64,5760,179712
128x768x768w15-16-15,128,768,768,15,16,15,15-16-15,M0K,103408,1920,1920,120,15,1920,15,16,11280,1800,128,3840,179712
128x768x768w31-8-15,128,768,768,31,8,15,31-8-15,M0K,101360,1984,960,360,15,960,31,8,13328,3720,192,1920,179712
128x768x768w24-8-20,128,768,768,24,8,20,24-8-20,M0K,101376,1536,1280,480,20,1280,24,8,13312,3840,192,2560,179712
128x768x768w15-8-30,128,768,768,15,8,30,15-8-30,M0K,101728,960,1920,240,30,1920,15,8,12960,3600,64,3840,179712
128x768x768w23-8-20,128,768,768,23,8,20,23-8-20,M0K,101824,1472,1280,320,20,1280,23,8,12864,3680,128,2560,179712
128x768x768w12-24-12,128,768,768,12,24,12,12-24-12,M00,103168,2304,2304,96,12,2304,12,24,11520,1152,192,4608,180224
128x768x768w12-16-18,128,768,768,12,16,18,12-16-18,M0K,103552,1536,2304,144,18,2304,12,16,11136,1728,128,4608,181632
128x768x768w12-32-9,128,768,768,12,32,9,12-32-9,M0K,102208,3072,2304,72,9,2304,12,32,12480,864,256,4608,181632
128x768x768w61-8-9,128,768,768,61,8,9,61-8-9,M0K,96944,3904,576,504,9,576,61,8,17744,4392,448,1152,181632
128x768x768w14-24-10,128,768,768,14,24,10,14-24-10,M0K,103232,2688,1920,80,10,1920,14,24,11456,1120,192,3840,182336
128x768x768w11-40-8,128,768,768,11,40,8,11-40-8,MN0,101120,3520,2560,64,8,2560,11,40,13568,704,320,5120,182400
128x768x768w11-8-39,128,768,768,11,8,39,11-8-39,M0K,101424,704,2496,312,39,2496,11,8,13264,3432,64,4992,182400
128x768x768w11-8-40,128,768,768,11,8,40,11-8-40,M0K,101120,704,2560,320,40,2560,11,8,13568,3520,64,5120,182400
128x768x768w20-8-23,128,768,768,20,8,23,20-8-23,M0K,101824,1280,1472,368,23,1472,20,8,12864,3680,128,2944,182784
128x768x768w19-8-23,128,768,768,19,8,23,19-8-23,M0K,102320,1216,1472,368,23,1472,19,8,12368,3496,128,2944,182784
128x768x768w10-24-14,128,768,768,10,24,14,10-24-14,M0K,103232,1920,2688,112,14,2688,10,24,11456,1120,192,5376,183040
128x768x768w26-16-8,128,768,768,26,16,8,26-16-8,M00,102656,3328,1024,192,8,1024,26,16,12032,1664,384,2048,184320
128x768x768w8-8-52,128,768,768,8,8,52,8-8-52,00K,100352,512,3328,416,52,3328,8,8,14336,3328,64,6656,184320
128x768x768w13-32-8,128,768,768,13,32,8,13-32-8,M00,102272,3328,2048,64,8,2048,13,32,12416,832,256,4096,184320
128x768x768w28-8-16,128,768,768,28,8,16,28-8-16,M00,101888,1792,1024,384,16,1024,28,8,12800,3584,192,2048,184320
128x768x768w8-8-54,128,768,768,8,8,54,8-8-54,00K,99840,512,3456,432,54,3456,8,8,14848,3456,64,6912,184320
128x768x768w28-16-8,128,768,768,28,16,8,28-16-8,M00,101888,3584,1024,192,8,1024,28,16,12800,1792,384,2048,184320
128x768x768w26-8-16,128,768,768,26,8,16,26-8-16,M00,102656,1664,1024,384,16,1024,26,8,12032,3328,192,2048,184320
128x768x768w13-16-16,128,768,768,13,16,16,13-16-16,M00,103936,1664,2048,128,16,2048,13,16,10752,1664,128,4096,184320
128x768x768w30-8-16,128,768,768,30,8,16,30-8-16,M00,101120,1920,1024,384,16,1024,30,8,13568,3840,192,2048,184320
128x768x768w29-8-16,128,768,768,29,8,16,29-8-16,M00,101504,1856,1024,384,16,1024,29,8,13184,3712,192,2048,184320
128x768x768w17-8-26,128,768,768,17,8,26,17-8-26,M0K,102112,1088,1664,416,26,1664,17,8,12576,3536,128,3328,184320
128x768x768w8-16-26,128,768,768,8,16,26,8-16-26,00K,102656,1024,3328,208,26,3328,8,16,12032,1664,128,6656,184320
128x768x768w27-8-16,128,768,768,27,8,16,27-8-16,M00,102272,1728,1024,384,16,1024,27,8,12416,3456,192,2048,184320
128x768x768w29-16-8,128,768,768,29,16,8,29-16-8,M00,101504,3712,1024,192,8,1024,29,16,13184,1856,384,2048,184320
128x768x768w8-8-53,128,768,768,8,8,53,8-8-53,00K,100096,512,3392,424,53,3392,8,8,14592,3392,64,6784,184320
128x768x768w13-8-32,128,768,768,13,8,32,13-8-32,M00,102272,832,2048,256,32,2048,13,8,12416,3328,64,4096,184320
128x768x768w27-16-8,128,768,768,27,16,8,27-16-8,M00,102272,3456,1024,192,8,1024,27,16,12416,1728,384,2048,184320
128x768x768w16-8-26,128,768,768,16,8,26,16-8-26,00K,102656,1024,1664,416,26,1664,16,8,12032,3328,128,3328,184320
128x768x768w13-8-33,128,768,768,13,8,33,13-8-33,M0K,101936,832,2112,264,33,2112,13,8,12752,3432,64,4224,184320
128x768x768w30-16-8,128,768,768,30,16,8,30-16-8,M00,101120,3840,1024,192,8,1024,30,16,13568,1920,384,2048,184320
128x768x768w62-8-8,128,768,768,62,8,8,62-8-8,M00,97792,3968,512,448,8,512,62,8,16896,3968,448,1024,184320
128x768x768w14-8-30,128,768,768,14,8,30,14-8-30,M0K,102336,896,1920,240,30,1920,14,8,12352,3360,64,3840,184704
128x768x768w14-16-15,128,768,768,14,16,15,14-16-15,M0K,103904,1792,1920,120,15,1920,14,16,10784,1680,128,3840,184704
128x768x768w10-16-21,128,768,768,10,16,21,10-16-21,M0K,103392,1280,2688,168,21,2688,10,16,11296,1680,128,5376,184704
128x768x768w21-16-10,128,768,768,21,16,10,21-16-10,M0K,103392,2688,1280,160,10,1280,21,16,11296,1680,256,2560,184800
128x768x768w12-8-35,128,768,768,12,8,35,12-8-35,M0K,101952,768,2240,280,35,2240,12,8,12736,3360,64,4480,185856
128x768x768w12-8-36,128,768,768,12,8,36,12-8-36,M0K,101632,768,2304,288,36,2304,12,8,13056,3456,64,4608,185856
128x768x768w9-16-23,128,768,768,9,16,23,9-16-23,M0K,103184,1152,2944,184,23,2944,9,16,11504,1656,128,5888,186048
128x768x768w9-8-47,128,768,768,9,8,47,9-8-47,M0K,100752,576,3008,376,47,3008,9,8,13936,3384,64,6016,186048
128x768x768w9-8-46,128,768,768,9,8,46,9-8-46,M0K,101024,576,2944,368,46,2944,9,8,13664,3312,64,5888,186048
128x768x768w15-8-29,128,768,768,15,8,29,15-8-29,M0K,102096,960,1856,232,29,1856,15,8,12592,3480,64,3712,186624
128x768x768w11-16-19,128,768,768,11,16,19,11-16-19,M0K,103664,1408,2432,152,19,2432,11,16,11024,1672,128,4864,186960
128x768x768w21-8-20,128,768,768,21,8,20,21-8-20,M0K,102720,1344,1280,320,20,1280,21,8,11968,3360,128,2560,187200
128x768x768w20-8-22,128,768,768,20,8,22,20-8-22,M0K,102272,1280,1408,352,22,1408,20,8,12416,3520,128,2816,188160
128x768x768w19-8-22,128,768,768,19,8,22,19-8-22,M0K,102752,1216,1408,352,22,1408,19,8,11936,3344,128,2816,188160
128x768x768w19-16-11,128,768,768,19,16,11,19-16-11,M0K,103664,2432,1408,176,11,1408,19,16,11024,1672,256,2816,188160
128x768x768w20-16-11,128,768,768,20,16,11,20-16-11,M0K,103232,2560,1408,176,11,1408,20,16,11456,1760,256,2816,188160
128x768x768w8-24-17,128,768,768,8,24,17,8-24-17,00K,102912,1536,3264,136,17,3264,8,24,11776,1088,192,6528,188416
128x768x768w22-8-19,128,768,768,22,8,19,22-8-19,M0K,102752,1408,1216,304,19,1216,22,8,11936,3344,128,2432,188928
128x768x768w24-8-19,128,768,768,24,8,19,24-8-19,M0K,101888,1536,1216,456,19,1216,24,8,12800,3648,192,2432,188928
128x768x768w23-8-19,128,768,768,23,8,19,23-8-19,M0K,102320,1472,1216,304,19,1216,23,8,12368,3496,128,2432,188928
128x768x768w18-8-23,128,768,768,18,8,23,18-8-23,M0K,102816,1152,1472,368,23,1472,18,8,11872,3312,128,2944,189312
128x768x768w9-24-15,128,768,768,9,24,15,9-24-15,M0K,103312,1728,2880,120,15,2880,9,24,11376,1080,192,5760,189696
128x768x768w10-8-42,128,768,768,10,8,42,10-8-42,M0K,101312,640,2688,336,42,2688,10,8,13376,3360,64,5376,189696
128x768x768w10-8-41,128,768,768,10,8,41,10-8-41,M0K,101600,640,2624,328,41,2624,10,8,13088,3280,64,5248,189696
128x768x768w25-8-17,128,768,768,25,8,17,25-8-17,M0K,102512,1600,1088,408,17,1088,25,8,12176,3400,192,2176,189888
128x768x768w31-8-14,128,768,768,31,8,14,31-8-14,M0K,101984,1984,896,336,14,896,31,8,12704,3472,192,1792,190080
128x768x768w15-16-14,128,768,768,15,16,14,15-16-14,M0K,103904,1920,1792,112,14,1792,15,16,10784,1680,128,3584,190080
128x768x768w17-8-25,128,768,768,17,8,25,17-8-25,M0K,102512,1088,1600,400,25,1600,17,8,12176,3400,128,3200,190464
128x768x768w8-16-25,128,768,768,8,16,25,8-16-25,00K,103040,1024,3200,200,25,3200,8,16,11648,1600,128,6400,190464
128x768x768w16-8-25,128,768,768,16,8,25,16-8-25,00K,103040,1024,1600,400,25,1600,16,8,11648,3200,128,3200,190464
128x768x768w11-8-37,128,768,768,11,8,37,11-8-37,M0K,102032,704,2368,296,37,2368,11,8,12656,3256,64,4736,191520
128x768x768w11-8-38,128,768,768,11,8,38,11-8-38,M0K,101728,704,2432,304,38,2432,11,8,12960,3344,64,4864,191520
128x768x768w9-16-22,128,768,768,9,16,22,9-16-22,M0K,103584,1152,2816,176,22,2816,9,16,11104,1584,128,5632,191520
128x768x768w9-32-11,128,768,768,9,32,11,9-32-11,M0K,102864,2304,2816,88,11,2816,9,32,11824,792,256,5632,191520
128x768x768w14-8-29,128,768,768,14,8,29,14-8-29,M0K,102688,896,1856,232,29,1856,14,8,12000,3248,64,3712,191808
128x768x768w13-8-31,128,768,768,13,8,31,13-8-31,M0K,102608,832,1984,248,31,1984,13,8,12080,3224,64,3968,192000
128x768x768w10-32-10,128,768,768,10,32,10,10-32-10,M0K,102848,2560,2560,80,10,2560,10,32,11840,800,256,5120,192192
128x768x768w42-8-10,128,768,768,42,8,10,42-8-10,M0K,101312,2688,640,400,10,640,42,8,13376,3360,320,1280,192192
128x768x768w15-8-28,128,768,768,15,8,28,15-8-28,M0K,102464,960,1792,224,28,1792,15,8,12224,3360,64,3584,193536
128x768x768w12-16-17,128,768,768,12,16,17,12-16-17,M0K,104000,1536,2176,136,17,2176,12,16,10688,1632,128,4352,194304
128x768x768w12-8-34,128,768,768,12,8,34,12-8-34,M0K,102272,768,2176,272,34,2176,12,8,12416,3264,64,4352,194304
128x768x768w11-24-12,128,768,768,11,24,12,11-24-12,M00,103744,2112,2304,96,12,2304,11,24,10944,1056,192,4608,194560
128x768x768w10-16-20,128,768,768,10,16,20,10-16-20,M0K,103808,1280,2560,160,20,2560,10,16,10880,1600,128,5120,194688
128x768x768w41-8-11,128,768,768,41,8,11,41-8-11,M0K,100816,2624,704,440,11,704,41,8,13872,3608,320,1408,194880
128x768x768w18-8-22,128,768,768,18,8,22,18-8-22,M0K,103232,1152,1408,352,22,1408,18,8,11456,3168,128,2816,194880
128x768x768w18-16-11,128,768,768,18,16,11,18-16-11,M0K,104096,2304,1408,176,11,1408,18,16,10592,1584,256,2816,194880
128x768x768w14-16-14,128,768,768,14,16,14,14-16-14,M0K,104384,1792,1792,112,14,1792,14,16,10304,1568,128,3584,195360
128x768x768w11-16-18,128,768,768,11,16,18,11-16-18,M0K,104096,1408,2304,144,18,2304,11,16,10592,1584,128,4608,196080
128x768x768w9-40-9,128,768,768,9,40,9,9-40-9,MNK,101872,2880,2880,72,9,2880,9,40,12816,648,320,5760,196080
128x768x768w11-32-9,128,768,768,11,32,9,11-32-9,M0K,102864,2816,2304,72,9,2304,11,32,11824,792,256,4608,196080
128x768x768w17-8-24,128,768,768,17,8,24,17-8-24,M00,102912,1088,1536,384,24,1536,17,8,11776,3264,128,3072,196608
128x768x768w8-48-8,128,768,768,8,48,8,8-48-8,000,101376,3072,3072,64,8,3072,8,48,13312,512,384,6144,196608
128x768x768w40-8-12,128,768,768,40,8,12,40-8-12,M00,100352,2560,768,480,12,768,40,8,14336,3840,320,1536,196608
128x768x768w8-8-48,128,768,768,8,8,48,8-8-48,000,101376,512,3072,384,48,3072,8,8,13312,3072,64,6144,196608
128x768x768w8-8-51,128,768,768,8,8,51,8-8-51,00K,100608,512,3264,408,51,3264,8,8,14080,3264,64,6528,196608
128x768x768w17-24-8,128,768,768,17,24,8,17-24-8,M00,102912,3264,1536,128,8,1536,17,24,11776,1088,384,3072,196608
128x768x768w8-16-24,128,768,768,8,16,24,8-16-24,000,103424,1024,3072,192,24,3072,8,16,11264,1536,128,6144,196608
128x768x768w16-24-8,128,768,768,16,24,8,16-24-8,000,103424,3072,1536,128,8,1536,16,24,11264,1024,384,3072,196608
128x768x768w37-8-12,128,768,768,37,8,12,37-8-12,M00,101312,2368,768,384,12,768,37,8,13376,3552,256,1536,196608
128x768x768w16-16-12,128,768,768,16,16,12,16-16-12,000,104448,2048,1536,192,12,1536,16,16,10240,1536,256,3072,196608
128x768x768w39-8-12,128,768,768,39,8,12,39-8-12,M00,100672,2496,768,384,12,768,39,8,14016,3744,256,1536,196608
128x768x768w8-32-12,128,768,768,8,32,12,8-32-12,000,102912,2048,3072,96,12,3072,8,32,11776,768,256,6144,196608
128x768x768w33-8-12,128,768,768,33,8,12,33-8-12,M00,102592,2112,768,384,12,768,33,8,12096,3168,256,1536,196608
128x768x768w34-8-12,128,768,768,34,8,12,34-8-12,M00,102272,2176,768,384,12,768,34,8,12416,3264,256,1536,196608
128x768x768w8-8-50,128,768,768,8,8,50,8-8-50,00K,100864,512,3200,400,50,3200,8,8,13824,3200,64,6400,196608
128x768x768w38-8-12,128,768,768,38,8,12,38-8-12,M00,100992,2432,768,384,12,768,38,8,13696,3648,256,1536,196608
128x768x768w8-24-16,128,768,768,8,24,16,8-24-16,000,103424,1536,3072,128,16,3072,8,24,11264,1024,192,6144,196608
128x768x768w36-8-12,128,768,768,36,8,12,36-8-12,M00,101632,2304,768,384,12,768,36,8,13056,3456,256,1536,196608
128x768x768w8-8-49,128,768,768,8,8,49,8-8-49,00K,101120,512,3136,392,49,3136,8,8,13568,3136,64,6272,196608
128x768x768w32-8-12,128,768,768,32,8,12,32-8-12,000,102912,2048,768,384,12,768,32,8,11776,3072,256,1536,196608
128x768x768w17-16-12,128,768,768,17,16,12,17-16-12,M00,104000,2176,1536,192,12,1536,17,16,10688,1632,256,3072,196608
128x768x768w16-8-24,128,768,768,16,8,24,16-8-24,000,103424,1024,1536,384,24,1536,16,8,11264,3072,128,3072,196608
128x768x768w35-8-12,128,768,768,35,8,12,35-8-12,M00,101952,2240,768,384,12,768,35,8,12736,3360,256,1536,196608
128x768x768w21-8-19,128,768,768,21,8,19,21-8-19,M0K,103184,1344,1216,304,19,1216,21,8,11504,3192,128,2432,196800
128x768x768w9-8-45,128,768,768,9,8,45,9-8-45,M0K,101296,576,2880,360,45,2880,9,8,13392,3240,64,5760,196992
128x768x768w9-8-44,128,768,768,9,8,44,9-8-44,M0K,101568,576,2816,352,44,2816,9,8,13120,3168,64,5632,196992
128x768x768w9-8-43,128,768,768,9,8,43,9-8-43,M0K,101840,576,2752,344,43,2752,9,8,12848,3096,64,5504,196992
128x768x768w12-24-11,128,768,768,12,24,11,12-24-11,M0K,103744,2304,2112,88,11,2112,12,24,10944,1056,192,4224,197120
128x768x768w13-24-10,128,768,768,13,24,10,13-24-10,M0K,103776,2496,1920,80,10,1920,13,24,10912,1040,192,3840,197120
128x768x768w8-40-10,128,768,768,8,40,10,8-40-10,0NK,101888,2560,3200,80,10,3200,8,40,12800,640,320,6400,197120
128x768x768w53-8-9,128,768,768,53,8,9,53-8-9,M0K,99120,3392,576,432,9,576,53,8,15568,3816,384,1152,198144
128x768x768w60-8-9,128,768,768,60,8,9,60-8-9,M0K,97216,3840,576,504,9,576,60,8,17472,4320,448,1152,198144
128x768x768w45-8-9,128,768,768,45,8,9,45-8-9,M0K,101296,2880,576,360,9,576,45,8,13392,3240,320,1152,198144
128x768x768w43-8-9,128,768,768,43,8,9,43-8-9,M0K,101840,2752,576,360,9,576,43,8,12848,3096,320,1152,198144
128x768x768w15-24-9,128,768,768,15,24,9,15-24-9,M0K,103312,2880,1728,72,9,1728,15,24,11376,1080,192,3456,198144
128x768x768w54-8-9,128,768,768,54,8,9,54-8-9,M0K,98848,3456,576,432,9,576,54,8,15840,3888,384,1152,198144
128x768x768w52-8-9,128,768,768,52,8,9,52-8-9,M0K,99392,3328,576,432,9,576,52,8,15296,3744,384,1152,198144
128x768x768w50-8-9,128,768,768,50,8,9,50-8-9,M0K,99936,3200,576,432,9,576,50,8,14752,3600,384,1152,198144
128x768x768w55-8-9,128,768,768,55,8,9,55-8-9,M0K,98576,3520,576,432,9,576,55,8,16112,3960,384,1152,198144
128x768x768w22-16-9,128,768,768,22,16,9,22-16-9,M0K,103584,2816,1152,144,9,1152,22,16,11104,1584,256,2304,198144
128x768x768w51-8-9,128,768,768,51,8,9,51-8-9,M0K,99664,3264,576,432,9,576,51,8,15024,3672,384,1152,198144
128x768x768w22-8-18,128,768,768,22,8,18,22-8-18,M0K,103232,1408,1152,288,18,1152,22,8,11456,3168,128,2304,198144
128x768x768w59-8-9,128,768,768,59,8,9,59-8-9,M0K,97488,3776,576,504,9,576,59,8,17200,4248,448,1152,198144
128x768x768w56-8-9,128,768,768,56,8,9,56-8-9,M0K,98304,3584,576,504,9,576,56,8,16384,4032,448,1152,198144
128x768x768w24-8-18,128,768,768,24,8,18,24-8-18,M0K,102400,1536,1152,432,18,1152,24,8,12288,3456,192,2304,198144
128x768x768w46-8-9,128,768,768,46,8,9,46-8-9,M0K,101024,2944,576,360,9,576,46,8,13664,3312,320,1152,198144
128x768x768w24-16-9,128,768,768,24,16,9,24-16-9,M0K,102784,3072,1152,216,9,1152,24,16,11904,1728,384,2304,198144
128x768x768w44-8-9,128,768,768,44,8,9,44-8-9,M0K,101568,2816,576,360,9,576,44,8,13120,3168,320,1152,198144
128x768x768w23-16-9,128,768,768,23,16,9,23-16-9,M0K,103184,2944,1152,144,9,1152,23,16,11504,1656,256,2304,198144
128x768x768w25-8-16,128,768,768,25,8,16,25-8-16,M00,103040,1600,1024,384,16,1024,25,8,11648,3200,192,2048,198144
128x768x768w49-8-9,128,768,768,49,8,9,49-8-9,M0K,100208,3136,576,432,9,576,49,8,14480,3528,384,1152,198144
128x768x768w23-8-18,128,768,768,23,8,18,23-8-18,M0K,102816,1472,1152,288,18,1152,23,8,11872,3312,128,2304,198144
128x768x768w47-8-9,128,768,768,47,8,9,47-8-9,M0K,100752,3008,576,360,9,576,47,8,13936,3384,320,1152,198144
128x768x768w48-8-9,128,768,768,48,8,9,48-8-9,M0K,100480,3072,576,432,9,576,48,8,14208,3456,384,1152,198144
128x768x768w58-8-9,128,768,768,58,8,9,58-8-9,M0K,97760,3712,576,504,9,576,58,8,16928,4176,448,1152,198144
128x768x768w25-16-8,128,768,768,25,16,8,25-16-8,M00,103040,3200,1024,192,8,1024,25,16,11648,1600,384,2048,198144
128x768x768w57-8-9,128,768,768,57,8,9,57-8-9,M0K,98032,3648,576,504,9,576,57,8,16656,4104,448,1152,198144
128x768x768w14-8-28,128,768,768,14,8,28,14-8-28,M0K,103040,896,1792,224,28,1792,14,8,11648,3136,64,3584,198912
128x768x768w20-8-21,128,768,768,20,8,21,20-8-21,M0K,102720,1280,1344,336,21,1344,20,8,11968,3360,128,2688,198912
128x768x768w19-8-21,128,768,768,19,8,21,19-8-21,M0K,103184,1216,1344,336,21,1344,19,8,11504,3192,128,2688,198912
128x768x768w10-40-8,128,768,768,10,40,8,10-40-8,MN0,101888,3200,2560,64,8,2560,10,40,12800,640,320,5120,199680
128x768x768w26-8-15,128,768,768,26,8,15,26-8-15,M0K,103200,1664,960,360,15,960,26,8,11488,3120,192,1920,199680
128x768x768w28-8-15,128,768,768,28,8,15,28-8-15,M0K,102464,1792,960,360,15,960,28,8,12224,3360,192,1920,199680
128x768x768w27-8-15,128,768,768,27,8,15,27-8-15,M0K,102832,1728,960,360,15,960,27,8,11856,3240,192,1920,199680
128x768x768w30-8-15,128,768,768,30,8,15,30-8-15,M0K,101728,1920,960,360,15,960,30,8,12960,3600,192,1920,199680
128x768x768w13-16-15,128,768,768,13,16,15,13-16-15,M0K,104400,1664,1920,120,15,1920,13,16,10288,1560,128,3840,199680
128x768x768w29-8-15,128,768,768,29,8,15,29-8-15,M0K,102096,1856,960,360,15,960,29,8,12592,3480,192,1920,199680
128x768x768w10-8-40,128,768,768,10,8,40,10-8-40,M0K,101888,640,2560,320,40,2560,10,8,12800,3200,64,5120,199680
128x768x768w10-8-39,128,768,768,10,8,39,10-8-39,M0K,102176,640,2496,312,39,2496,10,8,12512,3120,64,4992,199680
128x768x768w13-8-30,128,768,768,13,8,30,13-8-30,M0K,102944,832,1920,240,30,1920,13,8,11744,3120,64,3840,199680
128x768x768w15-8-27,128,768,768,15,8,27,15-8-27,M0K,102832,960,1728,216,27,1728,15,8,11856,3240,64,3456,200448
128x768x768w11-8-35,128,768,768,11,8,35,11-8-35,M0K,102640,704,2240,280,35,2240,11,8,12048,3080,64,4480,200640
128x768x768w9-24-14,128,768,768,9,24,14,9-24-14,M0K,103840,1728,2688,112,14,2688,9,24,10848,1008,192,5376,200640
128x768x768w11-8-36,128,768,768,11,8,36,11-8-36,M0K,102336,704,2304,288,36,2304,11,8,12352,3168,64,4608,200640
128x768x768w9-16-21,128,768,768,9,16,21,9-16-21,M0K,103984,1152,2688,168,21,2688,9,16,10704,1512,128,5376,202464
128x768x768w61-8-8,128,768,768,61,8,8,61-8-8,M00,98048,3904,512,448,8,512,61,8,16640,3904,448,1024,202752
128x768x768w12-16-16,128,768,768,12,16,16,12-16-16,M00,104448,1536,2048,128,16,2048,12,16,10240,1536,128,4096,202752
128x768x768w12-8-33,128,768,768,12,8,33,12-8-33,M0K,102592,768,2112,264,33,2112,12,8,12096,3168,64,4224,202752
128x768x768w12-32-8,128,768,768,12,32,8,12-32-8,M00,102912,3072,2048,64,8,2048,12,32,11776,768,256,4096,202752
128x768x768w12-8-32,128,768,768,12,8,32,12-8-32,M00,102912,768,2048,256,32,2048,12,8,11776,3072,64,4096,202752
128x768x768w14-24-9,128,768,768,14,24,9,14-24-9,M0K,103840,2688,1728,72,9,1728,14,24,10848,1008,192,3456,203648
128x768x768w10-16-19,128,768,768,10,16,19,10-16-19,M0K,104224,1280,2432,152,19,2432,10,16,10464,1520,128,4864,204672
128x768x768w18-8-21,128,768,768,18,8,21,18-8-21,M0K,103648,1152,1344,336,21,1344,18,8,11040,3024,128,2688,206016
128x768x768w14-8-27,128,768,768,14,8,27,14-8-27,M0K,103392,896,1728,216,27,1728,14,8,11296,3024,64,3456,206016
128x768x768w21-8-18,128,768,768,21,8,18,21-8-18,M0K,103648,1344,1152,288,18,1152,21,8,11040,3024,128,2304,206400
128x768x768w21-16-9,128,768,768,21,16,9,21-16-9,M0K,103984,2688,1152,144,9,1152,21,16,10704,1512,256,2304,206400
128x768x768w20-16-10,128,768,768,20,16,10,20-16-10,M0K,103808,2560,1280,160,10,1280,20,16,10880,1600,256,2560,206976
128x768x768w19-16-10,128,768,768,19,16,10,19-16-10,M0K,104224,2432,1280,160,10,1280,19,16,10464,1520,256,2560,206976
128x768x768w15-8-26,128,768,768,15,8,26,15-8-26,M0K,103200,960,1664,208,26,1664,15,8,11488,3120,64,3328,207360
128x768x768w13-8-29,128,768,768,13,8,29,13-8-29,M0K,103280,832,1856,232,29,1856,13,8,11408,3016,64,3712,207360
128x768x768w9-8-41,128,768,768,9,8,41,9-8-41,M0K,102384,576,2624,328,41,2624,9,8,12304,2952,64,5248,207936
128x768x768w9-8-42,128,768,768,9,8,42,9-8-42,M0K,102112,576,2688,336,42,2688,9,8,12576,3024,64,5376,207936
128x768x768w17-8-23,128,768,768,17,8,23,17-8-23,M0K,103312,1088,1472,368,23,1472,17,8,11376,3128,128,2944,208896
128x768x768w8-8-46,128,768,768,8,8,46,8-8-46,00K,101888,512,2944,368,46,2944,8,8,12800,2944,64,5888,208896
128x768x768w8-8-47,128,768,768,8,8,47,8-8-47,00K,101632,512,3008,376,47,3008,8,8,13056,3008,64,6016,208896
128x768x768w8-16-23,128,768,768,8,16,23,8-16-23,00K,103808,1024,2944,184,23,2944,8,16,10880,1472,128,5888,208896
128x768x768w16-8-23,128,768,768,16,8,23,16-8-23,00K,103808,1024,1472,368,23,1472,16,8,10880,2944,128,2944,208896
128x768x768w10-8-38,128,768,768,10,8,38,10-8-38,M0K,102464,640,2432,304,38,2432,10,8,12224,3040,64,4864,209664
128x768x768w19-8-20,128,768,768,19,8,20,19-8-20,M0K,103616,1216,1280,320,20,1280,19,8,11072,3040,128,2560,209664
128x768x768w10-8-37,128,768,768,10,8,37,10-8-37,M0K,102752,640,2368,296,37,2368,10,8,11936,2960,64,4736,209664
128x768x768w20-8-20,128,768,768,20,8,20,20-8-20,M0K,103168,1280,1280,320,20,1280,20,8,11520,3200,128,2560,209664
128x768x768w11-16-17,128,768,768,11,16,17,11-16-17,M0K,104528,1408,2176,136,17,2176,11,16,10160,1496,128,4352,209760
128x768x768w11-8-34,128,768,768,11,8,34,11-8-34,M0K,102944,704,2176,272,34,2176,11,8,11744,2992,64,4352,209760
128x768x768w9-32-10,128,768,768,9,32,10,9-32-10,M0K,103520,2304,2560,80,10,2560,9,32,11168,720,256,5120,210672
128x768x768w28-8-14,128,768,768,28,8,14,28-8-14,M0K,103040,1792,896,336,14,896,28,8,11648,3136,192,1792,211200
128x768x768w30-8-14,128,768,768,30,8,14,30-8-14,M0K,102336,1920,896,336,14,896,30,8,12352,3360,192,1792,211200
128x768x768w13-16-14,128,768,768,13,16,14,13-16-14,M0K,104864,1664,1792,112,14,1792,13,16,9824,1456,128,3584,211200
128x768x768w29-8-14,128,768,768,29,8,14,29-8-14,M0K,102688,1856,896,336,14,896,29,8,12000,3248,192,1792,211200
128x768x768w27-8-14,128,768,768,27,8,14,27-8-14,M0K,103392,1728,896,336,14,896,27,8,11296,3024,192,1792,211200
128x768x768w26-8-14,128,768,768,26,8,14,26-8-14,M0K,103744,1664,896,336,14,896,26,8,10944,2912,192,1792,211200
128x768x768w12-8-31,128,768,768,12,8,31,12-8-31,M0K,103232,768,1984,248,31,1984,12,8,11456,2976,64,3968,211200
128x768x768w24-8-17,128,768,768,24,8,17,24-8-17,M0K,102912,1536,1088,408,17,1088,24,8,11776,3264,192,2176,211968
128x768x768w23-8-17,128,768,768,23,8,17,23-8-17,M0K,103312,1472,1088,272,17,1088,23,8,11376,3128,128,2176,211968
128x768x768w22-8-17,128,768,768,22,8,17,22-8-17,M0K,103712,1408,1088,272,17,1088,22,8,10976,2992,128,2176,211968
128x768x768w11-24-11,128,768,768,11,24,11,11-24-11,M0K,104304,2112,2112,88,11,2112,11,24,10384,968,192,4224,212800
128x768x768w10-24-12,128,768,768,10,24,12,10-24-12,M00,104320,1920,2304,96,12,2304,10,24,10368,960,192,4608,212992
128x768x768w8-24-15,128,768,768,8,24,15,8-24-15,00K,103936,1536,2880,120,15,2880,8,24,10752,960,192,5760,212992
128x768x768w14-8-26,128,768,768,14,8,26,14-8-26,M0K,103744,896,1664,208,26,1664,14,8,10944,2912,64,3328,213120
128x768x768w9-16-20,128,768,768,9,16,20,9-16-20,M0K,104384,1152,2560,160,20,2560,9,16,10304,1440,128,5120,213408
128x768x768w15-8-25,128,768,768,15,8,25,15-8-25,M0K,103568,960,1600,200,25,1600,15,8,11120,3000,64,3200,214272
128x768x768w41-8-10,128,768,768,41,8,10,41-8-10,M0K,101600,2624,640,400,10,640,41,8,13088,3280,320,1280,214368
128x768x768w18-16-10,128,768,768,18,16,10,18-16-10,M0K,104640,2304,1280,160,10,1280,18,16,10048,1440,256,2560,214368
128x768x768w25-8-15,128,768,768,25,8,15,25-8-15,M0K,103568,1600,960,360,15,960,25,8,11120,3000,192,1920,214656
128x768x768w42-8-9,128,768,768,42,8,9,42-8-9,M0K,102112,2688,576,360,9,576,42,8,12576,3024,320,1152,214656
128x768x768w10-16-18,128,768,768,10,16,18,10-16-18,M0K,104640,1280,2304,144,18,2304,10,16,10048,1440,128,4608,214656
128x768x768w10-32-9,128,768,768,10,32,9,10-32-9,M0K,103520,2560,2304,72,9,2304,10,32,11168,720,256,4608,214656
128x768x768w17-8-22,128,768,768,17,8,22,17-8-22,M0K,103712,1088,1408,352,22,1408,17,8,10976,2992,128,2816,215040
128x768x768w37-8-11,128,768,768,37,8,11,37-8-11,M0K,102032,2368,704,352,11,704,37,8,12656,3256,256,1408,215040
128x768x768w16-8-22,128,768,768,16,8,22,16-8-22,00K,104192,1024,1408,352,22,1408,16,8,10496,2816,128,2816,215040
128x768x768w8-32-11,128,768,768,8,32,11,8-32-11,00K,103552,2048,2816,88,11,2816,8,32,11136,704,256,5632,215040
128x768x768w34-8-11,128,768,768,34,8,11,34-8-11,M0K,102944,2176,704,352,11,704,34,8,11744,2992,256,1408,215040
128x768x768w13-8-28,128,768,768,13,8,28,13-8-28,M0K,103616,832,1792,224,28,1792,13,8,11072,2912,64,3584,215040
128x768x768w35-8-11,128,768,768,35,8,11,35-8-11,M0K,102640,2240,704,352,11,704,35,8,12048,3080,256,1408,215040
128x768x768w39-8-11,128,768,768,39,8,11,39-8-11,M0K,101424,2496,704,352,11,704,39,8,13264,3432,256,1408,215040
128x768x768w32-8-11,128,768,768,32,8,11,32-8-11,00K,103552,2048,704,352,11,704,32,8,11136,2816,256,1408,215040
128x768x768w16-16-11,128,768,768,16,16,11,16-16-11,00K,104960,2048,1408,176,11,1408,16,16,9728,1408,256,2816,215040
128x768x768w33-8-11,128,768,768,33,8,11,33-8-11,M0K,103248,2112,704,352,11,704,33,8,11440,2904,256,1408,215040
128x768x768w38-8-11,128,768,768,38,8,11,38-8-11,M0K,101728,2432,704,352,11,704,38,8,12960,3344,256,1408,215040
128x768x768w36-8-11,128,768,768,36,8,11,36-8-11,M0K,102336,2304,704,352,11,704,36,8,12352,3168,256,1408,215040
128x768x768w40-8-11,128,768,768,40,8,11,40-8-11,M0K,101120,2560,704,440,11,704,40,8,13568,3520,320,1408,215040
128x768x768w8-16-22,128,768,768,8,16,22,8-16-22,00K,104192,1024,2816,176,22,2816,8,16,10496,1408,128,5632,215040
128x768x768w17-16-11,128,768,768,17,16,11,17-16-11,M0K,104528,2176,1408,176,11,1408,17,16,10160,1496,256,2816,215040
128x768x768w12-24-10,128,768,768,12,24,10,12-24-10,M0K,104320,2304,1920,80,10,1920,12,24,10368,960,192,3840,216832
128x768x768w18-8-20,128,768,768,18,8,20,18-8-20,M0K,104064,1152,1280,320,20,1280,18,8,10624,2880,128,2560,217152
128x768x768w11-32-8,128,768,768,11,32,8,11-32-8,M00,103552,2816,2048,64,8,2048,11,32,11136,704,256,4096,218880
128x768x768w11-16-16,128,768,768,11,16,16,11-16-16,M00,104960,1408,2048,128,16,2048,11,16,9728,1408,128,4096,218880
128x768x768w11-8-32,128,768,768,11,8,32,11-8-32,M00,103552,704,2048,256,32,2048,11,8,11136,2816,64,4096,218880
128x768x768w9-8-40,128,768,768,9,8,40,9-8-40,M0K,102656,576,2560,320,40,2560,9,8,12032,2880,64,5120,218880
128x768x768w9-40-8,128,768,768,9,40,8,9-40-8,MN0,102656,2880,2560,64,8,2560,9,40,12032,576,320,5120,218880
128x768x768w9-8-39,128,768,768,9,8,39,9-8-39,M0K,102928,576,2496,312,39,2496,9,8,11760,2808,64,4992,218880
128x768x768w11-8-33,128,768,768,11,8,33,11-8-33,M0K,103248,704,2112,264,33,2112,11,8,11440,2904,64,4224,218880
128x768x768w10-8-35,128,768,768,10,8,35,10-8-35,M0K,103328,640,2240,280,35,2240,10,8,11360,2800,64,4480,219648
128x768x768w12-8-30,128,768,768,12,8,30,12-8-30,M0K,103552,768,1920,240,30,1920,12,8,11136,2880,64,3840,219648
128x768x768w12-16-15,128,768,768,12,16,15,12-16-15,M0K,104896,1536,1920,120,15,1920,12,16,9792,1440,128,3840,219648
128x768x768w10-8-36,128,768,768,10,8,36,10-8-36,M0K,103040,640,2304,288,36,2304,10,8,11648,2880,64,4608,219648
128x768x768w8-40-9,128,768,768,8,40,9,8-40-9,0NK,102656,2560,2880,72,9,2880,8,40,12032,576,320,5760,220160
128x768x768w13-24-9,128,768,768,13,24,9,13-24-9,M0K,104368,2496,1728,72,9,1728,13,24,10320,936,192,3456,220160
128x768x768w14-8-25,128,768,768,14,8,25,14-8-25,M0K,104096,896,1600,200,25,1600,14,8,10592,2800,64,3200,220224
128x768x768w20-8-19,128,768,768,20,8,19,20-8-19,M0K,103616,1280,1216,304,19,1216,20,8,11072,3040,128,2432,220416
128x768x768w19-8-19,128,768,768,19,8,19,19-8-19,M0K,104048,1216,1216,304,19,1216,19,8,10640,2888,128,2432,220416
128x768x768w21-8-17,128,768,768,21,8,17,21-8-17,M0K,104112,1344,1088,272,17,1088,21,8,10576,2856,128,2176,220800
128x768x768w23-16-8,128,768,768,23,16,8,23-16-8,M00,103808,2944,1024,128,8,1024,23,16,10880,1472,256,2048,221184
128x768x768w46-8-8,128,768,768,46,8,8,46-8-8,M00,101888,2944,512,320,8,512,46,8,12800,2944,320,1024,221184
128x768x768w43-8-8,128,768,768,43,8,8,43-8-8,M00,102656,2752,512,320,8,512,43,8,12032,2752,320,1024,221184
128x768x768w56-8-8,128,768,768,56,8,8,56-8-8,M00,99328,3584,512,448,8,512,56,8,15360,3584,448,1024,221184
128x768x768w45-8-8,128,768,768,45,8,8,45-8-8,M00,102144,2880,512,320,8,512,45,8,12544,2880,320,1024,221184
128x768x768w49-8-8,128,768,768,49,8,8,49-8-8,M00,101120,3136,512,384,8,512,49,8,13568,3136,384,1024,221184
128x768x768w58-8-8,128,768,768,58,8,8,58-8-8,M00,98816,3712,512,448,8,512,58,8,15872,3712,448,1024,221184
128x768x768w8-8-45,128,768,768,8,8,45,8-8-45,00K,102144,512,2880,360,45,2880,8,8,12544,2880,64,5760,221184
128x768x768w57-8-8,128,768,768,57,8,8,57-8-8,M00,99072,3648,512,448,8,512,57,8,15616,3648,448,1024,221184
128x768x768w15-16-12,128,768,768,15,16,12,15-16-12,M00,104896,1920,1536,96,12,1536,15,16,9792,1440,128,3072,221184
128x768x768w54-8-8,128,768,768,54,8,8,54-8-8,M00,99840,3456,512,384,8,512,54,8,14848,3456,384,1024,221184
128x768x768w59-8-8,128,768,768,59,8,8,59-8-8,M00,98560,3776,512,448,8,512,59,8,16128,3776,448,1024,221184
128x768x768w8-8-44,128,768,768,8,8,44,8-8-44,00K,102400,512,2816,352,44,2816,8,8,12288,2816,64,5632,221184
128x768x768w23-8-16,128,768,768,23,8,16,23-8-16,M00,103808,1472,1024,256,16,1024,23,8,10880,2944,128,2048,221184
128x768x768w24-16-8,128,768,768,24,16,8,24-16-8,M00,103424,3072,1024,192,8,1024,24,16,11264,1536,384,2048,221184
128x768x768w48-8-8,128,768,768,48,8,8,48-8-8,M00,101376,3072,512,384,8,512,48,8,13312,3072,384,1024,221184
128x768x768w50-8-8,128,768,768,50,8,8,50-8-8,M00,100864,3200,512,384,8,512,50,8,13824,3200,384,1024,221184
128x768x768w15-24-8,128,768,768,15,24,8,15-24-8,M00,103936,2880,1536,64,8,1536,15,24,10752,960,192,3072,221184
128x768x768w22-16-8,128,768,768,22,16,8,22-16-8,M00,104192,2816,1024,128,8,1024,22,16,10496,1408,256,2048,221184
128x768x768w55-8-8,128,768,768,55,8,8,55-8-8,M00,99584,3520,512,384,8,512,55,8,15104,3520,384,1024,221184
128x768x768w22-8-16,128,768,768,22,8,16,22-8-16,M00,104192,1408,1024,256,16,1024,22,8,10496,2816,128,2048,221184
128x768x768w52-8-8,128,768,768,52,8,8,52-8-8,M00,100352,3328,512,384,8,512,52,8,14336,3328,384,1024,221184
128x768x768w31-8-12,128,768,768,31,8,12,31-8-12,M00,103232,1984,768,288,12,768,31,8,11456,2976,192,1536,221184
128x768x768w60-8-8,128,768,768,60,8,8,60-8-8,M00,98304,3840,512,448,8,512,60,8,16384,3840,448,1024,221184
128x768x768w44-8-8,128,768,768,44,8,8,44-8-8,M00,102400,2816,512,320,8,512,44,8,12288,2816,320,1024,221184
128x768x768w51-8-8,128,768,768,51,8,8,51-8-8,M00,100608,3264,512,384,8,512,51,8,14080,3264,384,1024,221184
128x768x768w47-8-8,128,768,768,47,8,8,47-8-8,M00,101632,3008,512,320,8,512,47,8,13056,3008,320,1024,221184
128x768x768w8-8-43,128,768,768,8,8,43,8-8-43,00K,102656,512,2752,344,43,2752,8,8,12032,2752,64,5504,221184
128x768x768w15-8-24,128,768,768,15,8,24,15-8-24,M00,103936,960,1536,192,24,1536,15,8,10752,2880,64,3072,221184
128x768x768w24-8-16,128,768,768,24,8,16,24-8-16,M00,103424,1536,1024,384,16,1024,24,8,11264,3072,192,2048,221184
128x768x768w53-8-8,128,768,768,53,8,8,53-8-8,M00,100096,3392,512,384,8,512,53,8,14592,3392,384,1024,221184
128x768x768w13-8-27,128,768,768,13,8,27,13-8-27,M0K,103952,832,1728,216,27,1728,13,8,10736,2808,64,3456,222720
128x768x768w9-16-19,128,768,768,9,16,19,9-16-19,M0K,104784,1152,2432,152,19,2432,9,16,9904,1368,128,4864,224352
128x768x768w8-24-14,128,768,768,8,24,14,8-24-14,00K,104448,1536,2688,112,14,2688,8,24,10240,896,192,5376,225280
128x768x768w25-8-14,128,768,768,25,8,14,25-8-14,M0K,104096,1600,896,336,14,896,25,8,10592,2800,192,1792,227040
128x768x768w8-16-21,128,768,768,8,16,21,8-16-21,00K,104576,1024,2688,168,21,2688,8,16,10112,1344,128,5376,227328
128x768x768w14-8-24,128,768,768,14,8,24,14-8-24,M00,104448,896,1536,192,24,1536,14,8,10240,2688,64,3072,227328
128x768x768w14-24-8,128,768,768,14,24,8,14-24-8,M00,104448,2688,1536,64,8,1536,14,24,10240,896,192,3072,227328
128x768x768w16-8-21,128,768,768,16,8,21,16-8-21,00K,104576,1024,1344,336,21,1344,16,8,10112,2688,128,2688,227328
128x768x768w17-8-21,128,768,768,17,8,21,17-8-21,M0K,104112,1088,1344,336,21,1344,17,8,10576,2856,128,2688,227328
128x768x768w14-16-12,128,768,768,14,16,12,14-16-12,M00,105344,1792,1536,96,12,1536,14,16,9344,1344,128,3072,227328
128x768x768w11-8-31,128,768,768,11,8,31,11-8-31,M0K,103856,704,1984,248,31,1984,11,8,10832,2728,64,3968,228000
128x768x768w12-8-29,128,768,768,12,8,29,12-8-29,M0K,103872,768,1856,232,29,1856,12,8,10816,2784,64,3712,228096
128x768x768w18-8-19,128,768,768,18,8,19,18-8-19,M0K,104480,1152,1216,304,19,1216,18,8,10208,2736,128,2432,228288
128x768x768w10-8-34,128,768,768,10,8,34,10-8-34,M0K,103616,640,2176,272,34,2176,10,8,11072,2720,64,4352,229632
128x768x768w10-16-17,128,768,768,10,16,17,10-16-17,M0K,105056,1280,2176,136,17,2176,10,16,9632,1360,128,4352,229632
128x768x768w9-8-38,128,768,768,9,8,38,9-8-38,M0K,103200,576,2432,304,38,2432,9,8,11488,2736,64,4864,229824
128x768x768w9-8-37,128,768,768,9,8,37,9-8-37,M0K,103472,576,2368,296,37,2368,9,8,11216,2664,64,4736,229824
128x768x768w21-16-8,128,768,768,21,16,8,21-16-8,M00,104576,2688,1024,128,8,1024,21,16,10112,1344,256,2048,230400
128x768x768w21-8-16,128,768,768,21,8,16,21-8-16,M00,104576,1344,1024,256,16,1024,21,8,10112,2688,128,2048,230400
128x768x768w13-8-26,128,768,768,13,8,26,13-8-26,M0K,104288,832,1664,208,26,1664,13,8,10400,2704,64,3328,230400
128x768x768w20-16-9,128,768,768,20,16,9,20-16-9,M0K,104384,2560,1152,144,9,1152,20,16,10304,1440,256,2304,231168
128x768x768w19-8-18,128,768,768,19,8,18,19-8-18,M0K,104480,1216,1152,288,18,1152,19,8,10208,2736,128,2304,231168
128x768x768w20-8-18,128,768,768,20,8,18,20-8-18,M0K,104064,1280,1152,288,18,1152,20,8,10624,2880,128,2304,231168
128x768x768w19-16-9,128,768,768,19,16,9,19-16-9,M0K,104784,2432,1152,144,9,1152,19,16,9904,1368,256,2304,231168
128x768x768w12-16-14,128,768,768,12,16,14,12-16-14,M0K,105344,1536,1792,112,14,1792,12,16,9344,1344,128,3584,232320
128x768x768w10-24-11,128,768,768,10,24,11,10-24-11,M0K,104864,1920,2112,88,11,2112,10,24,9824,880,192,4224,232960
128x768x768w8-8-42,128,768,768,8,8,42,8-8-42,00K,102912,512,2688,336,42,2688,8,8,11776,2688,64,5376,233472
128x768x768w8-8-41,128,768,768,8,8,41,8-8-41,00K,103168,512,2624,328,41,2624,8,8,11520,2624,64,5248,233472
128x768x768w9-24-12,128,768,768,9,24,12,9-24-12,M00,104896,1728,2304,96,12,2304,9,24,9792,864,192,4608,233472
128x768x768w11-24-10,128,768,768,11,24,10,11-24-10,M0K,104864,2112,1920,80,10,1920,11,24,9824,880,192,3840,234080
128x768x768w15-8-23,128,768,768,15,8,23,15-8-23,M0K,104304,960,1472,184,23,1472,15,8,10384,2760,64,2944,235008
128x768x768w9-16-18,128,768,768,9,16,18,9-16-18,M0K,105184,1152,2304,144,18,2304,9,16,9504,1296,128,4608,235296
128x768x768w9-32-9,128,768,768,9,32,9,9-32-9,M0K,104176,2304,2304,72,9,2304,9,32,10512,648,256,4608,235296
128x768x768w8-32-10,128,768,768,8,32,10,8-32-10,00K,104192,2048,2560,80,10,2560,8,32,10496,640,256,5120,236544
128x768x768w39-8-10,128,768,768,39,8,10,39-8-10,M0K,102176,2496,640,320,10,640,39,8,12512,3120,256,1280,236544
128x768x768w37-8-10,128,768,768,37,8,10,37-8-10,M0K,102752,2368,640,320,10,640,37,8,11936,2960,256,1280,236544
128x768x768w36-8-10,128,768,768,36,8,10,36-8-10,M0K,103040,2304,640,320,10,640,36,8,11648,2880,256,1280,236544
128x768x768w32-8-10,128,768,768,32,8,10,32-8-10,00K,104192,2048,640,320,10,640,32,8,10496,2560,256,1280,236544
128x768x768w16-16-10,128,768,768,16,16,10,16-16-10,00K,105472,2048,1280,160,10,1280,16,16,9216,1280,256,2560,236544
128x768x768w34-8-10,128,768,768,34,8,10,34-8-10,M0K,103616,2176,640,320,10,640,34,8,11072,2720,256,1280,236544
128x768x768w35-8-10,128,768,768,35,8,10,35-8-10,M0K,103328,2240,640,320,10,640,35,8,11360,2800,256,1280,236544
128x768x768w17-16-10,128,768,768,17,16,10,17-16-10,M0K,105056,2176,1280,160,10,1280,17,16,9632,1360,256,2560,236544
128x768x768w12-8-28,128,768,768,12,8,28,12-8-28,M0K,104192,768,1792,224,28,1792,12,8,10496,2688,64,3584,236544
128x768x768w40-8-10,128,768,768,40,8,10,40-8-10,M0K,101888,2560,640,400,10,640,40,8,12800,3200,320,1280,236544
128x768x768w38-8-10,128,768,768,38,8,10,38-8-10,M0K,102464,2432,640,320,10,640,38,8,12224,3040,256,1280,236544
128x768x768w33-8-10,128,768,768,33,8,10,33-8-10,M0K,103904,2112,640,320,10,640,33,8,10784,2640,256,1280,236544
128x768x768w11-16-15,128,768,768,11,16,15,11-16-15,M0K,105392,1408,1920,120,15,1920,11,16,9296,1320,128,3840,237120
128x768x768w11-8-30,128,768,768,11,8,30,11-8-30,M0K,104160,704,1920,240,30,1920,11,8,10528,2640,64,3840,237120
128x768x768w13-8-25,128,768,768,13,8,25,13-8-25,M0K,104624,832,1600,200,25,1600,13,8,10064,2600,64,3200,238080
128x768x768w41-8-9,128,768,768,41,8,9,41-8-9,M0K,102384,2624,576,360,9,576,41,8,12304,2952,320,1152,239424
128x768x768w18-16-9,128,768,768,18,16,9,18-16-9,M0K,105184,2304,1152,144,9,1152,18,16,9504,1296,256,2304,239424
128x768x768w18-8-18,128,768,768,18,8,18,18-8-18,M0K,104896,1152,1152,288,18,1152,18,8,9792,2592,128,2304,239424
128x768x768w16-8-20,128,768,768,16,8,20,16-8-20,00K,104960,1024,1280,320,20,1280,16,8,9728,2560,128,2560,239616
128x768x768w17-8-20,128,768,768,17,8,20,17-8-20,M0K,104512,1088,1280,320,20,1280,17,8,10176,2720,128,2560,239616
128x768x768w42-8-8,128,768,768,42,8,8,42-8-8,M00,102912,2688,512,320,8,512,42,8,11776,2688,320,1024,239616
128x768x768w24-8-15,128,768,768,24,8,15,24-8-15,M0K,103936,1536,960,360,15,960,24,8,10752,2880,192,1920,239616
128x768x768w22-8-15,128,768,768,22,8,15,22-8-15,M0K,104672,1408,960,240,15,960,22,8,10016,2640,128,1920,239616
128x768x768w8-16-20,128,768,768,8,16,20,8-16-20,00K,104960,1024,2560,160,20,2560,8,16,9728,1280,128,5120,239616
128x768x768w10-16-16,128,768,768,10,16,16,10-16-16,M00,105472,1280,2048,128,16,2048,10,16,9216,1280,128,4096,239616
128x768x768w10-8-32,128,768,768,10,8,32,10-8-32,M00,104192,640,2048,256,32,2048,10,8,10496,2560,64,4096,239616
128x768x768w23-8-15,128,768,768,23,8,15,23-8-15,M0K,104304,1472,960,240,15,960,23,8,10384,2760,128,1920,239616
128x768x768w10-8-33,128,768,768,10,8,33,10-8-33,M0K,103904,640,2112,264,33,2112,10,8,10784,2640,64,4224,239616
128x768x768w10-32-8,128,768,768,10,32,8,10-32-8,M00,104192,2560,2048,64,8,2048,10,32,10496,640,256,4096,239616
128x768x768w9-8-36,128,768,768,9,8,36,9-8-36,M0K,103744,576,2304,288,36,2304,9,8,10944,2592,64,4608,240768
128x768x768w9-8-35,128,768,768,9,8,35,9-8-35,M0K,104016,576,2240,280,35,2240,9,8,10672,2520,64,4480,240768
128x768x768w14-8-23,128,768,768,14,8,23,14-8-23,M0K,104800,896,1472,184,23,1472,14,8,9888,2576,64,2944,241536
128x768x768w15-16-11,128,768,768,15,16,11,15-16-11,M0K,105392,1920,1408,88,11,1408,15,16,9296,1320,128,2816,241920
128x768x768w31-8-11,128,768,768,31,8,11,31-8-11,M0K,103856,1984,704,264,11,704,31,8,10832,2728,192,1408,241920
128x768x768w15-8-22,128,768,768,15,8,22,15-8-22,M0K,104672,960,1408,176,22,1408,15,8,10016,2640,64,2816,241920
128x768x768w12-24-9,128,768,768,12,24,9,12-24-9,M0K,104896,2304,1728,72,9,1728,12,24,9792,864,192,3456,242176
128x768x768w12-8-27,128,768,768,12,8,27,12-8-27,M0K,104512,768,1728,216,27,1728,12,8,10176,2592,64,3456,244992
128x768x768w8-8-39,128,768,768,8,8,39,8-8-39,00K,103680,512,2496,312,39,2496,8,8,11008,2496,64,4992,245760
128x768x768w13-24-8,128,768,768,13,24,8,13-24-8,M00,104960,2496,1536,64,8,1536,13,24,9728,832,192,3072,245760
128x768x768w30-8-12,128,768,768,30,8,12,30-8-12,M00,103552,1920,768,288,12,768,30,8,11136,2880,192,1536,245760
128x768x768w8-8-40,128,768,768,8,8,40,8-8-40,00K,103424,512,2560,320,40,2560,8,8,11264,2560,64,5120,245760
128x768x768w26-8-12,128,768,768,26,8,12,26-8-12,M00,104832,1664,768,288,12,768,26,8,9856,2496,192,1536,245760
128x768x768w28-8-12,128,768,768,28,8,12,28-8-12,M00,104192,1792,768,288,12,768,28,8,10496,2688,192,1536,245760
128x768x768w13-16-12,128,768,768,13,16,12,13-16-12,M00,105792,1664,1536,96,12,1536,13,16,8896,1248,128,3072,245760
128x768x768w29-8-12,128,768,768,29,8,12,29-8-12,M00,103872,1856,768,288,12,768,29,8,10816,2784,192,1536,245760
128x768x768w13-8-24,128,768,768,13,8,24,13-8-24,M00,104960,832,1536,192,24,1536,13,8,9728,2496,64,3072,245760
128x768x768w27-8-12,128,768,768,27,8,12,27-8-12,M00,104512,1728,768,288,12,768,27,8,10176,2592,192,1536,245760
128x768x768w8-40-8,128,768,768,8,40,8,8-40-8,0N0,103424,2560,2560,64,8,2560,8,40,11264,512,320,5120,245760
128x768x768w11-8-29,128,768,768,11,8,29,11-8-29,M0K,104464,704,1856,232,29,1856,11,8,10224,2552,64,3712,246240
128x768x768w19-8-17,128,768,768,19,8,17,19-8-17,M0K,104912,1216,1088,272,17,1088,19,8,9776,2584,128,2176,247296
128x768x768w20-8-17,128,768,768,20,8,17,20-8-17,M0K,104512,1280,1088,272,17,1088,20,8,10176,2720,128,2176,247296
128x768x768w14-16-11,128,768,768,14,16,11,14-16-11,M0K,105824,1792,1408,88,11,1408,14,16,8864,1232,128,2816,248640
128x768x768w14-8-22,128,768,768,14,8,22,14-8-22,M0K,105152,896,1408,176,22,1408,14,8,9536,2464,64,2816,248640
128x768x768w21-8-15,128,768,768,21,8,15,21-8-15,M0K,105040,1344,960,240,15,960,21,8,9648,2520,128,1920,249600
128x768x768w10-8-31,128,768,768,10,8,31,10-8-31,M0K,104480,640,1984,248,31,1984,10,8,10208,2480,64,3968,249600
128x768x768w11-16-14,128,768,768,11,16,14,11-16-14,M0K,105824,1408,1792,112,14,1792,11,16,8864,1232,128,3584,250800
128x768x768w9-16-17,128,768,768,9,16,17,9-16-17,M0K,105584,1152,2176,136,17,2176,9,16,9104,1224,128,4352,251712
128x768x768w9-8-34,128,768,768,9,8,34,9-8-34,M0K,104288,576,2176,272,34,2176,9,8,10400,2448,64,4352,251712
128x768x768w8-16-19,128,768,768,8,16,19,8-16-19,00K,105344,1024,2432,152,19,2432,8,16,9344,1216,128,4864,251904
128x768x768w16-8-19,128,768,768,16,8,19,16-8-19,00K,105344,1024,1216,304,19,1216,16,8,9344,2432,128,2432,251904
128x768x768w17-8-19,128,768,768,17,8,19,17-8-19,M0K,104912,1088,1216,304,19,1216,17,8,9776,2584,128,2432,251904
128x768x768w24-8-14,128,768,768,24,8,14,24-8-14,M0K,104448,1536,896,336,14,896,24,8,10240,2688,192,1792,253440
128x768x768w22-8-14,128,768,768,22,8,14,22-8-14,M0K,105152,1408,896,224,14,896,22,8,9536,2464,128,1792,253440
128x768x768w12-8-26,128,768,768,12,8,26,12-8-26,M0K,104832,768,1664,208,26,1664,12,8,9856,2496,64,3328,253440
128x768x768w23-8-14,128,768,768,23,8,14,23-8-14,M0K,104800,1472,896,224,14,896,23,8,9888,2576,128,1792,253440
128x768x768w11-8-28,128,768,768,11,8,28,11-8-28,M0K,104768,704,1792,224,28,1792,11,8,9920,2464,64,3584,255360
128x768x768w9-24-11,128,768,768,9,24,11,9-24-11,M0K,105424,1728,2112,88,11,2112,9,24,9264,792,192,4224,255360
128x768x768w15-8-21,128,768,768,15,8,21,15-8-21,M0K,105040,960,1344,168,21,1344,15,8,9648,2520,64,2688,255744
128x768x768w18-8-17,128,768,768,18,8,17,18-8-17,M0K,105312,1152,1088,272,17,1088,18,8,9376,2448,128,2176,256128
128x768x768w10-24-10,128,768,768,10,24,10,10-24-10,M0K,105408,1920,1920,80,10,1920,10,24,9280,800,192,3840,256256
128x768x768w8-8-38,128,768,768,8,8,38,8-8-38,00K,103936,512,2432,304,38,2432,8,8,10752,2432,64,4864,258048
128x768x768w8-8-37,128,768,768,8,8,37,8-8-37,00K,104192,512,2368,296,37,2368,8,8,10496,2368,64,4736,258048
128x768x768w20-8-16,128,768,768,20,8,16,20-8-16,M00,104960,1280,1024,256,16,1024,20,8,9728,2560,128,2048,258048
128x768x768w19-8-16,128,768,768,19,8,16,19-8-16,M00,105344,1216,1024,256,16,1024,19,8,9344,2432,128,2048,258048
128x768x768w19-16-8,128,768,768,19,16,8,19-16-8,M00,105344,2432,1024,128,8,1024,19,16,9344,1216,256,2048,258048
128x768x768w20-16-8,128,768,768,20,16,8,20-16-8,M00,104960,2560,1024,128,8,1024,20,16,9728,1280,256,2048,258048
128x768x768w10-16-15,128,768,768,10,16,15,10-16-15,M0K,105888,1280,1920,120,15,1920,10,16,8800,1200,128,3840,259584
128x768x768w10-8-30,128,768,768,10,8,30,10-8-30,M0K,104768,640,1920,240,30,1920,10,8,9920,2400,64,3840,259584
128x768x768w13-8-23,128,768,768,13,8,23,13-8-23,M0K,105296,832,1472,184,23,1472,13,8,9392,2392,64,2944,261120
128x768x768w11-24-9,128,768,768,11,24,9,11-24-9,M0K,105424,2112,1728,72,9,1728,11,24,9264,792,192,3456,261440
128x768x768w12-8-25,128,768,768,12,8,25,12-8-25,M0K,105152,768,1600,200,25,1600,12,8,9536,2400,64,3200,261888
128x768x768w8-24-12,128,768,768,8,24,12,8-24-12,000,105472,1536,2304,96,12,2304,8,24,9216,768,192,4608,262144
128x768x768w9-8-32,128,768,768,9,8,32,9-8-32,M00,104832,576,2048,256,32,2048,9,8,9856,2304,64,4096,262656
128x768x768w9-32-8,128,768,768,9,32,8,9-32-8,M00,104832,2304,2048,64,8,2048,9,32,9856,576,256,4096,262656
128x768x768w9-16-16,128,768,768,9,16,16,9-16-16,M00,105984,1152,2048,128,16,2048,9,16,8704,1152,128,4096,262656
128x768x768w9-8-33,128,768,768,9,8,33,9-8-33,M0K,104560,576,2112,264,33,2112,9,8,10128,2376,64,4224,262656
128x768x768w14-8-21,128,768,768,14,8,21,14-8-21,M0K,105504,896,1344,168,21,1344,14,8,9184,2352,64,2688,262848
128x768x768w21-8-14,128,768,768,21,8,14,21-8-14,M0K,105504,1344,896,224,14,896,21,8,9184,2352,128,1792,264000
128x768x768w33-8-9,128,768,768,33,8,9,33-8-9,M0K,104560,2112,576,288,9,576,33,8,10128,2376,256,1152,264192
128x768x768w8-32-9,128,768,768,8,32,9,8-32-9,00K,104832,2048,2304,72,9,2304,8,32,9856,576,256,4608,264192
128x768x768w40-8-9,128,768,768,40,8,9,40-8-9,M0K,102656,2560,576,360,9,576,40,8,12032,2880,320,1152,264192
128x768x768w25-8-12,128,768,768,25,8,12,25-8-12,M00,105152,1600,768,288,12,768,25,8,9536,2400,192,1536,264192
128x768x768w8-16-18,128,768,768,8,16,18,8-16-18,00K,105728,1024,2304,144,18,2304,8,16,8960,1152,128,4608,264192
128x768x768w17-16-9,128,768,768,17,16,9,17-16-9,M0K,105584,2176,1152,144,9,1152,17,16,9104,1224,256,2304,264192
128x768x768w39-8-9,128,768,768,39,8,9,39-8-9,M0K,102928,2496,576,288,9,576,39,8,11760,2808,256,1152,264192
128x768x768w16-8-18,128,768,768,16,8,18,16-8-18,00K,105728,1024,1152,288,18,1152,16,8,8960,2304,128,2304,264192
128x768x768w37-8-9,128,768,768,37,8,9,37-8-9,M0K,103472,2368,576,288,9,576,37,8,11216,2664,256,1152,264192
128x768x768w36-8-9,128,768,768,36,8,9,36-8-9,M0K,103744,2304,576,288,9,576,36,8,10944,2592,256,1152,264192
128x768x768w34-8-9,128,768,768,34,8,9,34-8-9,M0K,104288,2176,576,288,9,576,34,8,10400,2448,256,1152,264192
128x768x768w32-8-9,128,768,768,32,8,9,32-8-9,00K,104832,2048,576,288,9,576,32,8,9856,2304,256,1152,264192
128x768x768w16-16-9,128,768,768,16,16,9,16-16-9,00K,105984,2048,1152,144,9,1152,16,16,8704,1152,256,2304,264192
128x768x768w17-8-18,128,768,768,17,8,18,17-8-18,M0K,105312,1088,1152,288,18,1152,17,8,9376,2448,128,2304,264192
128x768x768w35-8-9,128,768,768,35,8,9,35-8-9,M0K,104016,2240,576,288,9,576,35,8,10672,2520,256,1152,264192
128x768x768w38-8-9,128,768,768,38,8,9,38-8-9,M0K,103200,2432,576,288,9,576,38,8,11488,2736,256,1152,264192
128x768x768w11-8-27,128,768,768,11,8,27,11-8-27,M0K,105072,704,1728,216,27,1728,11,8,9616,2376,64,3456,264480
128x768x768w15-16-10,128,768,768,15,16,10,15-16-10,M0K,105888,1920,1280,80,10,1280,15,16,8800,1200,128,2560,266112
128x768x768w31-8-10,128,768,768,31,8,10,31-8-10,M0K,104480,1984,640,240,10,640,31,8,10208,2480,192,1280,266112
128x768x768w41-8-8,128,768,768,41,8,8,41-8-8,M00,103168,2624,512,320,8,512,41,8,11520,2624,320,1024,267264
128x768x768w18-16-8,128,768,768,18,16,8,18-16-8,M00,105728,2304,1024,128,8,1024,18,16,8960,1152,256,2048,267264
128x768x768w18-8-16,128,768,768,18,8,16,18-8-16,M00,105728,1152,1024,256,16,1024,18,8,8960,2304,128,2048,267264
128x768x768w29-8-11,128,768,768,29,8,11,29-8-11,M0K,104464,1856,704,264,11,704,29,8,10224,2552,192,1408,268800
128x768x768w26-8-11,128,768,768,26,8,11,26-8-11,M0K,105376,1664,704,264,11,704,26,8,9312,2288,192,1408,268800
128x768x768w27-8-11,128,768,768,27,8,11,27-8-11,M0K,105072,1728,704,264,11,704,27,8,9616,2376,192,1408,268800
128x768x768w30-8-11,128,768,768,30,8,11,30-8-11,M0K,104160,1920,704,264,11,704,30,8,10528,2640,192,1408,268800
128x768x768w28-8-11,128,768,768,28,8,11,28-8-11,M0K,104768,1792,704,264,11,704,28,8,9920,2464,192,1408,268800
128x768x768w13-16-11,128,768,768,13,16,11,13-16-11,M0K,106256,1664,1408,88,11,1408,13,16,8432,1144,128,2816,268800
128x768x768w13-8-22,128,768,768,13,8,22,13-8-22,M0K,105632,832,1408,176,22,1408,13,8,9056,2288,64,2816,268800
128x768x768w15-8-20,128,768,768,15,8,20,15-8-20,M0K,105408,960,1280,160,20,1280,15,8,9280,2400,64,2560,269568
128x768x768w10-8-29,128,768,768,10,8,29,10-8-29,M0K,105056,640,1856,232,29,1856,10,8,9632,2320,64,3712,269568
128x768x768w8-8-36,128,768,768,8,8,36,8-8-36,00K,104448,512,2304,288,36,2304,8,8,10240,2304,64,4608,270336
128x768x768w12-16-12,128,768,768,12,16,12,12-16-12,M00,106240,1536,1536,96,12,1536,12,16,8448,1152,128,3072,270336
128x768x768w12-8-24,128,768,768,12,8,24,12-8-24,M00,105472,768,1536,192,24,1536,12,8,9216,2304,64,3072,270336
128x768x768w12-24-8,128,768,768,12,24,8,12-24-8,M00,105472,2304,1536,64,8,1536,12,24,9216,768,192,3072,270336
128x768x768w8-8-35,128,768,768,8,8,35,8-8-35,00K,104704,512,2240,280,35,2240,8,8,9984,2240,64,4480,270336
128x768x768w14-16-10,128,768,768,14,16,10,14-16-10,M0K,106304,1792,1280,80,10,1280,14,16,8384,1120,128,2560,273504
128x768x768w11-8-26,128,768,768,11,8,26,11-8-26,M0K,105376,704,1664,208,26,1664,11,8,9312,2288,64,3328,273600
128x768x768w9-8-31,128,768,768,9,8,31,9-8-31,M0K,105104,576,1984,248,31,1984,9,8,9584,2232,64,3968,273600
128x768x768w10-16-14,128,768,768,10,16,14,10-16-14,M0K,106304,1280,1792,112,14,1792,10,16,8384,1120,128,3584,274560
128x768x768w14-8-20,128,768,768,14,8,20,14-8-20,M0K,105856,896,1280,160,20,1280,14,8,8832,2240,64,2560,277056
128x768x768w10-8-28,128,768,768,10,8,28,10-8-28,M0K,105344,640,1792,224,28,1792,10,8,9344,2240,64,3584,279552
128x768x768w20-8-15,128,768,768,20,8,15,20-8-15,M0K,105408,1280,960,240,15,960,20,8,9280,2400,128,1920,279552
128x768x768w19-8-15,128,768,768,19,8,15,19-8-15,M0K,105776,1216,960,240,15,960,19,8,8912,2280,128,1920,279552
128x768x768w9-24-10,128,768,768,9,24,10,9-24-10,M0K,105952,1728,1920,80,10,1920,9,24,8736,720,192,3840,280896
128x768x768w8-8-34,128,768,768,8,8,34,8-8-34,00K,104960,512,2176,272,34,2176,8,8,9728,2176,64,4352,282624
128x768x768w8-16-17,128,768,768,8,16,17,8-16-17,00K,106112,1024,2176,136,17,2176,8,16,8576,1088,128,4352,282624
128x768x768w17-8-17,128,768,768,17,8,17,17-8-17,M0K,105712,1088,1088,272,17,1088,17,8,8976,2312,128,2176,282624
128x768x768w16-8-17,128,768,768,16,8,17,16-8-17,00K,106112,1024,1088,272,17,1088,16,8,8576,2176,128,2176,282624
128x768x768w11-8-25,128,768,768,11,8,25,11-8-25,M0K,105680,704,1600,200,25,1600,11,8,9008,2200,64,3200,282720
128x768x768w15-8-19,128,768,768,15,8,19,15-8-19,M0K,105776,960,1216,152,19,1216,15,8,8912,2280,64,2432,283392
128x768x768w13-8-21,128,768,768,13,8,21,13-8-21,M0K,105968,832,1344,168,21,1344,13,8,8720,2184,64,2688,284160
128x768x768w9-8-30,128,768,768,9,8,30,9-8-30,M0K,105376,576,1920,240,30,1920,9,8,9312,2160,64,3840,284544
128x768x768w9-16-15,128,768,768,9,16,15,9-16-15,M0K,106384,1152,1920,120,15,1920,9,16,8304,1080,128,3840,284544
128x768x768w10-24-9,128,768,768,10,24,9,10-24-9,M0K,105952,1920,1728,72,9,1728,10,24,8736,720,192,3456,286208
128x768x768w8-24-11,128,768,768,8,24,11,8-24-11,00K,105984,1536,2112,88,11,2112,8,24,8704,704,192,4224,286720
128x768x768w12-8-23,128,768,768,12,8,23,12-8-23,M0K,105792,768,1472,184,23,1472,12,8,8896,2208,64,2944,287232
128x768x768w25-8-11,128,768,768,25,8,11,25-8-11,M0K,105680,1600,704,264,11,704,25,8,9008,2200,192,1408,288960
128x768x768w18-8-15,128,768,768,18,8,15,18-8-15,M0K,106144,1152,960,240,15,960,18,8,8544,2160,128,1920,289536
128x768x768w10-8-27,128,768,768,10,8,27,10-8-27,M0K,105632,640,1728,216,27,1728,10,8,9056,2160,64,3456,289536
128x768x768w14-8-19,128,768,768,14,8,19,14-8-19,M0K,106208,896,1216,152,19,1216,14,8,8480,2128,64,2432,291264
128x768x768w11-24-8,128,768,768,11,24,8,11-24-8,M00,105984,2112,1536,64,8,1536,11,24,8704,704,192,3072,291840
128x768x768w11-16-12,128,768,768,11,16,12,11-16-12,M00,106688,1408,1536,96,12,1536,11,16,8000,1056,128,3072,291840
128x768x768w11-8-24,128,768,768,11,8,24,11-8-24,M00,105984,704,1536,192,24,1536,11,8,8704,2112,64,3072,291840
128x768x768w39-8-8,128,768,768,39,8,8,39-8-8,M00,103680,2496,512,256,8,512,39,8,11008,2496,256,1024,294912
128x768x768w33-8-8,128,768,768,33,8,8,33-8-8,M00,105216,2112,512,256,8,512,33,8,9472,2112,256,1024,294912
128x768x768w40-8-8,128,768,768,40,8,8,40-8-8,M00,103424,2560,512,320,8,512,40,8,11264,2560,320,1024,294912
128x768x768w36-8-8,128,768,768,36,8,8,36-8-8,M00,104448,2304,512,256,8,512,36,8,10240,2304,256,1024,294912
128x768x768w17-8-16,128,768,768,17,8,16,17-8-16,M00,106112,1088,1024,256,16,1024,17,8,8576,2176,128,2048,294912
128x768x768w8-8-32,128,768,768,8,8,32,8-8-32,000,105472,512,2048,256,32,2048,8,8,9216,2048,64,4096,294912
128x768x768w8-8-33,128,768,768,8,8,33,8-8-33,00K,105216,512,2112,264,33,2112,8,8,9472,2112,64,4224,294912
128x768x768w23-8-12,128,768,768,23,8,12,23-8-12,M00,105792,1472,768,192,12,768,23,8,8896,2208,128,1536,294912
128x768x768w16-16-8,128,768,768,16,16,8,16-16-8,000,106496,2048,1024,128,8,1024,16,16,8192,1024,256,2048,294912
128x768x768w32-8-8,128,768,768,32,8,8,32-8-8,000,105472,2048,512,256,8,512,32,8,9216,2048,256,1024,294912
128x768x768w35-8-8,128,768,768,35,8,8,35-8-8,M00,104704,2240,512,256,8,512,35,8,9984,2240,256,1024,294912
128x768x768w38-8-8,128,768,768,38,8,8,38-8-8,M00,103936,2432,512,256,8,512,38,8,10752,2432,256,1024,294912
128x768x768w8-16-16,128,768,768,8,16,16,8-16-16,000,106496,1024,2048,128,16,2048,8,16,8192,1024,128,4096,294912
128x768x768w8-32-8,128,768,768,8,32,8,8-32-8,000,105472,2048,2048,64,8,2048,8,32,9216,512,256,4096,294912
128x768x768w24-8-12,128,768,768,24,8,12,24-8-12,M00,105472,1536,768,288,12,768,24,8,9216,2304,192,1536,294912
128x768x768w16-8-16,128,768,768,16,8,16,16-8-16,000,106496,1024,1024,256,16,1024,16,8,8192,2048,128,2048,294912
128x768x768w17-16-8,128,768,768,17,16,8,17-16-8,M00,106112,2176,1024,128,8,1024,17,16,8576,1088,256,2048,294912
128x768x768w34-8-8,128,768,768,34,8,8,34-8-8,M00,104960,2176,512,256,8,512,34,8,9728,2176,256,1024,294912
128x768x768w22-8-12,128,768,768,22,8,12,22-8-12,M00,106112,1408,768,192,12,768,22,8,8576,2112,128,1536,294912
128x768x768w37-8-8,128,768,768,37,8,8,37-8-8,M00,104192,2368,512,256,8,512,37,8,10496,2368,256,1024,294912
128x768x768w9-8-29,128,768,768,9,8,29,9-8-29,M0K,105648,576,1856,232,29,1856,9,8,9040,2088,64,3712,295488
128x768x768w30-8-10,128,768,768,30,8,10,30-8-10,M0K,104768,1920,640,240,10,640,30,8,9920,2400,192,1280,295680
128x768x768w26-8-10,128,768,768,26,8,10,26-8-10,M0K,105920,1664,640,240,10,640,26,8,8768,2080,192,1280,295680
128x768x768w12-8-22,128,768,768,12,8,22,12-8-22,M0K,106112,768,1408,176,22,1408,12,8,8576,2112,64,2816,295680
128x768x768w27-8-10,128,768,768,27,8,10,27-8-10,M0K,105632,1728,640,240,10,640,27,8,9056,2160,192,1280,295680
128x768x768w20-8-14,128,768,768,20,8,14,20-8-14,M0K,105856,1280,896,224,14,896,20,8,8832,2240,128,1792,295680
128x768x768w29-8-10,128,768,768,29,8,10,29-8-10,M0K,105056,1856,640,240,10,640,29,8,9632,2320,192,1280,295680
128x768x768w13-16-10,128,768,768,13,16,10,13-16-10,M0K,106720,1664,1280,80,10,1280,13,16,7968,1040,128,2560,295680
128x768x768w19-8-14,128,768,768,19,8,14,19-8-14,M0K,106208,1216,896,224,14,896,19,8,8480,2128,128,1792,295680
128x768x768w28-8-10,128,768,768,28,8,10,28-8-10,M0K,105344,1792,640,240,10,640,28,8,9344,2240,192,1280,295680
128x768x768w12-16-11,128,768,768,12,16,11,12-16-11,M0K,106688,1536,1408,88,11,1408,12,16,8000,1056,128,2816,295680
128x768x768w31-8-9,128,768,768,31,8,9,31-8-9,M0K,105104,1984,576,216,9,576,31,8,9584,2232,192,1152,297216
128x768x768w15-16-9,128,768,768,15,16,9,15-16-9,M0K,106384,1920,1152,72,9,1152,15,16,8304,1080,128,2304,297216
128x768x768w15-8-18,128,768,768,15,8,18,15-8-18,M0K,106144,960,1152,144,18,1152,15,8,8544,2160,64,2304,297216
128x768x768w10-8-26,128,768,768,10,8,26,10-8-26,M0K,105920,640,1664,208,26,1664,10,8,8768,2080,64,3328,299520
128x768x768w13-8-20,128,768,768,13,8,20,13-8-20,M0K,106304,832,1280,160,20,1280,13,8,8384,2080,64,2560,299520
128x768x768w9-16-14,128,768,768,9,16,14,9-16-14,M0K,106784,1152,1792,112,14,1792,9,16,7904,1008,128,3584,300960
128x768x768w14-16-9,128,768,768,14,16,9,14-16-9,M0K,106784,1792,1152,72,9,1152,14,16,7904,1008,128,2304,305472
128x768x768w14-8-18,128,768,768,14,8,18,14-8-18,M0K,106560,896,1152,144,18,1152,14,8,8128,2016,64,2304,305472
128x768x768w18-8-14,128,768,768,18,8,14,18-8-14,M0K,106560,1152,896,224,14,896,18,8,8128,2016,128,1792,306240
128x768x768w9-8-28,128,768,768,9,8,28,9-8-28,M0K,105920,576,1792,224,28,1792,9,8,8768,2016,64,3584,306432
128x768x768w21-8-12,128,768,768,21,8,12,21-8-12,M00,106432,1344,768,192,12,768,21,8,8256,2016,128,1536,307200
128x768x768w8-8-31,128,768,768,8,8,31,8-8-31,00K,105728,512,1984,248,31,1984,8,8,8960,1984,64,3968,307200
128x768x768w10-8-25,128,768,768,10,8,25,10-8-25,M0K,106208,640,1600,200,25,1600,10,8,8480,2000,64,3200,309504
128x768x768w11-8-23,128,768,768,11,8,23,11-8-23,M0K,106288,704,1472,184,23,1472,11,8,8400,2024,64,2944,310080
128x768x768w12-8-21,128,768,768,12,8,21,12-8-21,M0K,106432,768,1344,168,21,1344,12,8,8256,2016,64,2688,312576
128x768x768w9-24-9,128,768,768,9,24,9,9-24-9,M0K,106480,1728,1728,72,9,1728,9,24,8208,648,192,3456,313728
128x768x768w13-8-19,128,768,768,13,8,19,13-8-19,M0K,106640,832,1216,152,19,1216,13,8,8048,1976,64,2432,314880
128x768x768w8-24-10,128,768,768,8,24,10,8-24-10,00K,106496,1536,1920,80,10,1920,8,24,8192,640,192,3840,315392
128x768x768w9-8-27,128,768,768,9,8,27,9-8-27,M0K,106192,576,1728,216,27,1728,9,8,8496,1944,64,3456,317376
128x768x768w25-8-10,128,768,768,25,8,10,25-8-10,M0K,106208,1600,640,240,10,640,25,8,8480,2000,192,1280,317856
128x768x768w15-8-17,128,768,768,15,8,17,15-8-17,M0K,106512,960,1088,136,17,1088,15,8,8176,2040,64,2176,317952
128x768x768w11-16-11,128,768,768,11,16,11,11-16-11,M0K,107120,1408,1408,88,11,1408,11,16,7568,968,128,2816,319200
128x768x768w11-8-22,128,768,768,11,8,22,11-8-22,M0K,106592,704,1408,176,22,1408,11,8,8096,1936,64,2816,319200
128x768x768w10-16-12,128,768,768,10,16,12,10-16-12,M00,107136,1280,1536,96,12,1536,10,16,7552,960,128,3072,319488
128x768x768w16-8-15,128,768,768,16,8,15,16-8-15,00K,106880,1024,960,240,15,960,16,8,7808,1920,128,1920,319488
128x768x768w10-8-24,128,768,768,10,8,24,10-8-24,M00,106496,640,1536,192,24,1536,10,8,8192,1920,64,3072,319488
128x768x768w17-8-15,128,768,768,17,8,15,17-8-15,M0K,106512,1088,960,240,15,960,17,8,8176,2040,128,1920,319488
128x768x768w10-24-8,128,768,768,10,24,8,10-24-8,M00,106496,1920,1536,64,8,1536,10,24,8192,640,192,3072,319488
128x768x768w8-16-15,128,768,768,8,16,15,8-16-15,00K,106880,1024,1920,120,15,1920,8,16,7808,960,128,3840,319488
128x768x768w8-8-30,128,768,768,8,8,30,8-8-30,00K,105984,512,1920,240,30,1920,8,8,8704,1920,64,3840,319488
128x768x768w24-8-11,128,768,768,24,8,11,24-8-11,M0K,105984,1536,704,264,11,704,24,8,8704,2112,192,1408,322560
128x768x768w23-8-11,128,768,768,23,8,11,23-8-11,M0K,106288,1472,704,176,11,704,23,8,8400,2024,128,1408,322560
128x768x768w22-8-11,128,768,768,22,8,11,22-8-11,M0K,106592,1408,704,176,11,704,22,8,8096,1936,128,1408,322560
128x768x768w12-16-10,128,768,768,12,16,10,12-16-10,M0K,107136,1536,1280,80,10,1280,12,16,7552,960,128,2560,325248
128x768x768w14-8-17,128,768,768,14,8,17,14-8-17,M0K,106912,896,1088,136,17,1088,14,8,7776,1904,64,2176,326784
128x768x768w9-8-26,128,768,768,9,8,26,9-8-26,M0K,106464,576,1664,208,26,1664,9,8,8224,1872,64,3328,328320
128x768x768w12-8-20,128,768,768,12,8,20,12-8-20,M0K,106752,768,1280,160,20,1280,12,8,7936,1920,64,2560,329472
128x768x768w27-8-9,128,768,768,27,8,9,27-8-9,M0K,106192,1728,576,216,9,576,27,8,8496,1944,192,1152,330240
128x768x768w26-8-9,128,768,768,26,8,9,26-8-9,M0K,106464,1664,576,216,9,576,26,8,8224,1872,192,1152,330240
128x768x768w28-8-9,128,768,768,28,8,9,28-8-9,M0K,105920,1792,576,216,9,576,28,8,8768,2016,192,1152,330240
128x768x768w13-16-9,128,768,768,13,16,9,13-16-9,M0K,107184,1664,1152,72,9,1152,13,16,7504,936,128,2304,330240
128x768x768w29-8-9,128,768,768,29,8,9,29-8-9,M0K,105648,1856,576,216,9,576,29,8,9040,2088,192,1152,330240
128x768x768w13-8-18,128,768,768,13,8,18,13-8-18,M0K,106976,832,1152,144,18,1152,13,8,7712,1872,64,2304,330240
128x768x768w30-8-9,128,768,768,30,8,9,30-8-9,M0K,105376,1920,576,216,9,576,30,8,9312,2160,192,1152,330240
128x768x768w8-8-29,128,768,768,8,8,29,8-8-29,00K,106240,512,1856,232,29,1856,8,8,8448,1856,64,3712,331776
128x768x768w15-8-16,128,768,768,15,8,16,15-8-16,M00,106880,960,1024,128,16,1024,15,8,7808,1920,64,2048,331776
128x768x768w31-8-8,128,768,768,31,8,8,31-8-8,M00,105728,1984,512,192,8,512,31,8,8960,1984,192,1024,331776
128x768x768w15-16-8,128,768,768,15,16,8,15-16-8,M00,106880,1920,1024,64,8,1024,15,16,7808,960,128,2048,331776
128x768x768w21-8-11,128,768,768,21,8,11,21-8-11,M0K,106896,1344,704,176,11,704,21,8,7792,1848,128,1408,336000
128x768x768w11-8-21,128,768,768,11,8,21,11-8-21,M0K,106896,704,1344,168,21,1344,11,8,7792,1848,64,2688,337440
128x768x768w17-8-14,128,768,768,17,8,14,17-8-14,M0K,106912,1088,896,224,14,896,17,8,7776,1904,128,1792,337920
128x768x768w16-8-14,128,768,768,16,8,14,16-8-14,00K,107264,1024,896,224,14,896,16,8,7424,1792,128,1792,337920
128x768x768w8-16-14,128,768,768,8,16,14,8-16-14,00K,107264,1024,1792,112,14,1792,8,16,7424,896,128,3584,337920
128x768x768w9-8-25,128,768,768,9,8,25,9-8-25,M0K,106736,576,1600,200,25,1600,9,8,7952,1800,64,3200,339264
128x768x768w10-8-23,128,768,768,10,8,23,10-8-23,M0K,106784,640,1472,184,23,1472,10,8,7904,1840,64,2944,339456
128x768x768w14-16-8,128,768,768,14,16,8,14-16-8,M00,107264,1792,1024,64,8,1024,14,16,7424,896,128,2048,340992
128x768x768w14-8-16,128,768,768,14,8,16,14-8-16,M00,107264,896,1024,128,16,1024,14,8,7424,1792,64,2048,340992
128x768x768w8-8-28,128,768,768,8,8,28,8-8-28,00K,106496,512,1792,224,28,1792,8,8,8192,1792,64,3584,344064
128x768x768w19-8-12,128,768,768,19,8,12,19-8-12,M00,107072,1216,768,192,12,768,19,8,7616,1824,128,1536,344064
128x768x768w20-8-12,128,768,768,20,8,12,20-8-12,M00,106752,1280,768,192,12,768,20,8,7936,1920,128,1536,344064
128x768x768w12-8-19,128,768,768,12,8,19,12-8-19,M0K,107072,768,1216,152,19,1216,12,8,7616,1824,64,2432,346368
128x768x768w10-16-11,128,768,768,10,16,11,10-16-11,M0K,107552,1280,1408,88,11,1408,10,16,7136,880,128,2816,349440
128x768x768w10-8-22,128,768,768,10,8,22,10-8-22,M0K,107072,640,1408,176,22,1408,10,8,7616,1760,64,2816,349440
128x768x768w9-8-24,128,768,768,9,8,24,9-8-24,M00,107008,576,1536,192,24,1536,9,8,7680,1728,64,3072,350208
128x768x768w9-16-12,128,768,768,9,16,12,9-16-12,M00,107584,1152,1536,96,12,1536,9,16,7104,864,128,3072,350208
128x768x768w9-24-8,128,768,768,9,24,8,9-24-8,M00,107008,1728,1536,64,8,1536,9,24,7680,576,192,3072,350208
128x768x768w11-16-10,128,768,768,11,16,10,11-16-10,M0K,107552,1408,1280,80,10,1280,11,16,7136,880,128,2560,351120
128x768x768w8-24-9,128,768,768,8,24,9,8-24-9,00K,107008,1536,1728,72,9,1728,8,24,7680,576,192,3456,352256
128x768x768w13-8-17,128,768,768,13,8,17,13-8-17,M0K,107312,832,1088,136,17,1088,13,8,7376,1768,64,2176,353280
128x768x768w24-8-10,128,768,768,24,8,10,24-8-10,M0K,106496,1536,640,240,10,640,24,8,8192,1920,192,1280,354816
128x768x768w23-8-10,128,768,768,23,8,10,23-8-10,M0K,106784,1472,640,160,10,640,23,8,7904,1840,128,1280,354816
128x768x768w22-8-10,128,768,768,22,8,10,22-8-10,M0K,107072,1408,640,160,10,640,22,8,7616,1760,128,1280,354816
128x768x768w25-8-9,128,768,768,25,8,9,25-8-9,M0K,106736,1600,576,216,9,576,25,8,7952,1800,192,1152,355008
128x768x768w11-8-20,128,768,768,11,8,20,11-8-20,M0K,107200,704,1280,160,20,1280,11,8,7488,1760,64,2560,355680
128x768x768w18-8-12,128,768,768,18,8,12,18-8-12,M00,107392,1152,768,192,12,768,18,8,7296,1728,128,1536,356352
128x768x768w8-8-27,128,768,768,8,8,27,8-8-27,00K,106752,512,1728,216,27,1728,8,8,7936,1728,64,3456,356352
128x768x768w15-8-15,128,768,768,15,8,15,15-8-15,M0K,107248,960,960,120,15,960,15,8,7440,1800,64,1920,359424
128x768x768w12-16-9,128,768,768,12,16,9,12-16-9,M0K,107584,1536,1152,72,9,1152,12,16,7104,864,128,2304,363264
128x768x768w12-8-18,128,768,768,12,8,18,12-8-18,M0K,107392,768,1152,144,18,1152,12,8,7296,1728,64,2304,363264
128x768x768w13-16-8,128,768,768,13,16,8,13-16-8,M00,107648,1664,1024,64,8,1024,13,16,7040,832,128,2048,368640
128x768x768w27-8-8,128,768,768,27,8,8,27-8-8,M00,106752,1728,512,192,8,512,27,8,7936,1728,192,1024,368640
128x768x768w26-8-8,128,768,768,26,8,8,26-8-8,M00,107008,1664,512,192,8,512,26,8,7680,1664,192,1024,368640
128x768x768w13-8-16,128,768,768,13,8,16,13-8-16,M00,107648,832,1024,128,16,1024,13,8,7040,1664,64,2048,368640
128x768x768w29-8-8,128,768,768,29,8,8,29-8-8,M00,106240,1856,512,192,8,512,29,8,8448,1856,192,1024,368640
128x768x768w8-8-26,128,768,768,8,8,26,8-8-26,00K,107008,512,1664,208,26,1664,8,8,7680,1664,64,3328,368640
128x768x768w30-8-8,128,768,768,30,8,8,30-8-8,M00,105984,1920,512,192,8,512,30,8,8704,1920,192,1024,368640
128x768x768w28-8-8,128,768,768,28,8,8,28-8-8,M00,106496,1792,512,192,8,512,28,8,8192,1792,192,1024,368640
128x768x768w10-8-21,128,768,768,10,8,21,10-8-21,M0K,107360,640,1344,168,21,1344,10,8,7328,1680,64,2688,369408
128x768x768w14-8-15,128,768,768,14,8,15,14-8-15,M0K,107616,896,960,120,15,960,14,8,7072,1680,64,1920,369408
128x768x768w21-8-10,128,768,768,21,8,10,21-8-10,M0K,107360,1344,640,160,10,640,21,8,7328,1680,128,1280,369600
128x768x768w9-8-23,128,768,768,9,8,23,9-8-23,M0K,107280,576,1472,184,23,1472,9,8,7408,1656,64,2944,372096
128x768x768w11-8-19,128,768,768,11,8,19,11-8-19,M0K,107504,704,1216,152,19,1216,11,8,7184,1672,64,2432,373920
128x768x768w19-8-11,128,768,768,19,8,11,19-8-11,M0K,107504,1216,704,176,11,704,19,8,7184,1672,128,1408,376320
128x768x768w20-8-11,128,768,768,20,8,11,20-8-11,M0K,107200,1280,704,176,11,704,20,8,7488,1760,128,1408,376320
128x768x768w15-8-14,128,768,768,15,8,14,15-8-14,M0K,107616,960,896,112,14,896,15,8,7072,1680,64,1792,380160
128x768x768w8-8-25,128,768,768,8,8,25,8-8-25,00K,107264,512,1600,200,25,1600,8,8,7424,1600,64,3200,380928
128x768x768w9-16-11,128,768,768,9,16,11,9-16-11,M0K,107984,1152,1408,88,11,1408,9,16,6704,792,128,2816,383040
128x768x768w9-8-22,128,768,768,9,8,22,9-8-22,M0K,107552,576,1408,176,22,1408,9,8,7136,1584,64,2816,383040
128x768x768w10-16-10,128,768,768,10,16,10,10-16-10,M0K,107968,1280,1280,80,10,1280,10,16,6720,800,128,2560,384384
128x768x768w12-8-17,128,768,768,12,8,17,12-8-17,M0K,107712,768,1088,136,17,1088,12,8,6976,1632,64,2176,388608
128x768x768w10-8-20,128,768,768,10,8,20,10-8-20,M0K,107648,640,1280,160,20,1280,10,8,7040,1600,64,2560,389376
128x768x768w18-8-11,128,768,768,18,8,11,18-8-11,M0K,107808,1152,704,176,11,704,18,8,6880,1584,128,1408,389760
128x768x768w14-8-14,128,768,768,14,8,14,14-8-14,M0K,107968,896,896,112,14,896,14,8,6720,1568,64,1792,390720
128x768x768w11-16-9,128,768,768,11,16,9,11-16-9,M0K,107984,1408,1152,72,9,1152,11,16,6704,792,128,2304,392160
128x768x768w11-8-18,128,768,768,11,8,18,11-8-18,M0K,107808,704,1152,144,18,1152,11,8,6880,1584,64,2304,392160
128x768x768w17-8-12,128,768,768,17,8,12,17-8-12,M00,107712,1088,768,192,12,768,17,8,6976,1632,128,1536,393216
128x768x768w8-8-24,128,768,768,8,8,24,8-8-24,000,107520,512,1536,192,24,1536,8,8,7168,1536,64,3072,393216
128x768x768w16-8-12,128,768,768,16,8,12,16-8-12,000,108032,1024,768,192,12,768,16,8,6656,1536,128,1536,393216
128x768x768w8-24-8,128,768,768,8,24,8,8-24-8,000,107520,1536,1536,64,8,1536,8,24,7168,512,192,3072,393216
128x768x768w8-16-12,128,768,768,8,16,12,8-16-12,000,108032,1024,1536,96,12,1536,8,16,6656,768,128,3072,393216
128x768x768w22-8-9,128,768,768,22,8,9,22-8-9,M0K,107552,1408,576,144,9,576,22,8,7136,1584,128,1152,396288
128x768x768w23-8-9,128,768,768,23,8,9,23-8-9,M0K,107280,1472,576,144,9,576,23,8,7408,1656,128,1152,396288
128x768x768w25-8-8,128,768,768,25,8,8,25-8-8,M00,107264,1600,512,192,8,512,25,8,7424,1600,192,1024,396288
128x768x768w24-8-9,128,768,768,24,8,9,24-8-9,M0K,107008,1536,576,216,9,576,24,8,7680,1728,192,1152,396288
128x768x768w13-8-15,128,768,768,13,8,15,13-8-15,M0K,107984,832,960,120,15,960,13,8,6704,1560,64,1920,399360
128x768x768w9-8-21,128,768,768,9,8,21,9-8-21,M0K,107824,576,1344,168,21,1344,9,8,6864,1512,64,2688,404928
128x768x768w12-16-8,128,768,768,12,16,8,12-16-8,M00,108032,1536,1024,64,8,1024,12,16,6656,768,128,2048,405504
128x768x768w12-8-16,128,768,768,12,8,16,12-8-16,M00,108032,768,1024,128,16,1024,12,8,6656,1536,64,2048,405504
128x768x768w10-8-19,128,768,768,10,8,19,10-8-19,M0K,107936,640,1216,152,19,1216,10,8,6752,1520,64,2432,409344
128x768x768w21-8-9,128,768,768,21,8,9,21-8-9,M0K,107824,1344,576,144,9,576,21,8,6864,1512,128,1152,412800
128x768x768w19-8-10,128,768,768,19,8,10,19-8-10,M0K,107936,1216,640,160,10,640,19,8,6752,1520,128,1280,413952
128x768x768w20-8-10,128,768,768,20,8,10,20-8-10,M0K,107648,1280,640,160,10,640,20,8,7040,1600,128,1280,413952
128x768x768w8-8-23,128,768,768,8,8,23,8-8-23,00K,107776,512,1472,184,23,1472,8,8,6912,1472,64,2944,417792
128x768x768w11-8-17,128,768,768,11,8,17,11-8-17,M0K,108112,704,1088,136,17,1088,11,8,6576,1496,64,2176,419520
128x768x768w9-16-10,128,768,768,9,16,10,9-16-10,M0K,108384,1152,1280,80,10,1280,9,16,6304,720,128,2560,421344
128x768x768w13-8-14,128,768,768,13,8,14,13-8-14,M0K,108320,832,896,112,14,896,13,8,6368,1456,64,1792,422400
128x768x768w9-8-20,128,768,768,9,8,20,9-8-20,M0K,108096,576,1280,160,20,1280,9,8,6592,1440,64,2560,426816
128x768x768w18-8-10,128,768,768,18,8,10,18-8-10,M0K,108224,1152,640,160,10,640,18,8,6464,1440,128,1280,428736
128x768x768w10-16-9,128,768,768,10,16,9,10-16-9,M0K,108384,1280,1152,72,9,1152,10,16,6304,720,128,2304,429312
128x768x768w10-8-18,128,768,768,10,8,18,10-8-18,M0K,108224,640,1152,144,18,1152,10,8,6464,1440,64,2304,429312
128x768x768w8-8-22,128,768,768,8,8,22,8-8-22,00K,108032,512,1408,176,22,1408,8,8,6656,1408,64,2816,430080
128x768x768w8-16-11,128,768,768,8,16,11,8-16-11,00K,108416,1024,1408,88,11,1408,8,16,6272,704,128,2816,430080
128x768x768w16-8-11,128,768,768,16,8,11,16-8-11,00K,108416,1024,704,176,11,704,16,8,6272,1408,128,1408,430080
128x768x768w17-8-11,128,768,768,17,8,11,17-8-11,M0K,108112,1088,704,176,11,704,17,8,6576,1496,128,1408,430080
128x768x768w11-16-8,128,768,768,11,16,8,11-16-8,M00,108416,1408,1024,64,8,1024,11,16,6272,704,128,2048,437760
128x768x768w11-8-16,128,768,768,11,8,16,11-8-16,M00,108416,704,1024,128,16,1024,11,8,6272,1408,64,2048,437760
128x768x768w12-8-15,128,768,768,12,8,15,12-8-15,M0K,108352,768,960,120,15,960,12,8,6336,1440,64,1920,439296
128x768x768w24-8-8,128,768,768,24,8,8,24-8-8,M00,107520,1536,512,192,8,512,24,8,7168,1536,192,1024,442368
128x768x768w23-8-8,128,768,768,23,8,8,23-8-8,M00,107776,1472,512,128,8,512,23,8,6912,1472,128,1024,442368
128x768x768w15-8-12,128,768,768,15,8,12,15-8-12,M00,108352,960,768,96,12,768,15,8,6336,1440,64,1536,442368
128x768x768w22-8-8,128,768,768,22,8,8,22-8-8,M00,108032,1408,512,128,8,512,22,8,6656,1408,128,1024,442368
128x768x768w9-8-19,128,768,768,9,8,19,9-8-19,M0K,108368,576,1216,152,19,1216,9,8,6320,1368,64,2432,448704
128x768x768w8-8-21,128,768,768,8,8,21,8-8-21,00K,108288,512,1344,168,21,1344,8,8,6400,1344,64,2688,454656
128x768x768w14-8-12,128,768,768,14,8,12,14-8-12,M00,108672,896,768,96,12,768,14,8,6016,1344,64,1536,454656
128x768x768w10-8-17,128,768,768,10,8,17,10-8-17,M0K,108512,640,1088,136,17,1088,10,8,6176,1360,64,2176,459264
128x768x768w21-8-8,128,768,768,21,8,8,21-8-8,M00,108288,1344,512,128,8,512,21,8,6400,1344,128,1024,460800
128x768x768w20-8-9,128,768,768,20,8,9,20-8-9,M0K,108096,1280,576,144,9,576,20,8,6592,1440,128,1152,462336
128x768x768w19-8-9,128,768,768,19,8,9,19-8-9,M0K,108368,1216,576,144,9,576,19,8,6320,1368,128,1152,462336
128x768x768w12-8-14,128,768,768,12,8,14,12-8-14,M0K,108672,768,896,112,14,896,12,8,6016,1344,64,1792,464640
128x768x768w9-8-18,128,768,768,9,8,18,9-8-18,M0K,108640,576,1152,144,18,1152,9,8,6048,1296,64,2304,470592
128x768x768w9-16-9,128,768,768,9,16,9,9-16-9,M0K,108784,1152,1152,72,9,1152,9,16,5904,648,128,2304,470592
128x768x768w17-8-10,128,768,768,17,8,10,17-8-10,M0K,108512,1088,640,160,10,640,17,8,6176,1360,128,1280,473088
128x768x768w16-8-10,128,768,768,16,8,10,16-8-10,00K,108800,1024,640,160,10,640,16,8,5888,1280,128,1280,473088
128x768x768w8-16-10,128,768,768,8,16,10,8-16-10,00K,108800,1024,1280,80,10,1280,8,16,5888,640,128,2560,473088
128x768x768w11-8-15,128,768,768,11,8,15,11-8-15,M0K,108720,704,960,120,15,960,11,8,5968,1320,64,1920,474240
128x768x768w18-8-9,128,768,768,18,8,9,18-8-9,M0K,108640,1152,576,144,9,576,18,8,6048,1296,128,1152,478848
128x768x768w8-8-20,128,768,768,8,8,20,8-8-20,00K,108544,512,1280,160,20,1280,8,8,6144,1280,64,2560,479232
128x768x768w10-16-8,128,768,768,10,16,8,10-16-8,M00,108800,1280,1024,64,8,1024,10,16,5888,640,128,2048,479232
128x768x768w10-8-16,128,768,768,10,8,16,10-8-16,M00,108800,640,1024,128,16,1024,10,8,5888,1280,64,2048,479232
128x768x768w15-8-11,128,768,768,15,8,11,15-8-11,M0K,108720,960,704,88,11,704,15,8,5968,1320,64,1408,483840
128x768x768w13-8-12,128,768,768,13,8,12,13-8-12,M00,108992,832,768,96,12,768,13,8,5696,1248,64,1536,491520
128x768x768w14-8-11,128,768,768,14,8,11,14-8-11,M0K,109024,896,704,88,11,704,14,8,5664,1232,64,1408,497280
128x768x768w11-8-14,128,768,768,11,8,14,11-8-14,M0K,109024,704,896,112,14,896,11,8,5664,1232,64,1792,501600
128x768x768w9-8-17,128,768,768,9,8,17,9-8-17,M0K,108912,576,1088,136,17,1088,9,8,5776,1224,64,2176,503424
128x768x768w8-8-19,128,768,768,8,8,19,8-8-19,00K,108800,512,1216,152,19,1216,8,8,5888,1216,64,2432,503808
128x768x768w19-8-8,128,768,768,19,8,8,19-8-8,M00,108800,1216,512,128,8,512,19,8,5888,1216,128,1024,516096
128x768x768w20-8-8,128,768,768,20,8,8,20-8-8,M00,108544,1280,512,128,8,512,20,8,6144,1280,128,1024,516096
128x768x768w10-8-15,128,768,768,10,8,15,10-8-15,M0K,109088,640,960,120,15,960,10,8,5600,1200,64,1920,519168
128x768x768w9-16-8,128,768,768,9,16,8,9-16-8,M00,109184,1152,1024,64,8,1024,9,16,5504,576,128,2048,525312
128x768x768w9-8-16,128,768,768,9,8,16,9-8-16,M00,109184,576,1024,128,16,1024,9,8,5504,1152,64,2048,525312
128x768x768w16-8-9,128,768,768,16,8,9,16-8-9,00K,109184,1024,576,144,9,576,16,8,5504,1152,128,1152,528384
128x768x768w8-16-9,128,768,768,8,16,9,8-16-9,00K,109184,1024,1152,72,9,1152,8,16,5504,576,128,2304,528384
128x768x768w8-8-18,128,768,768,8,8,18,8-8-18,00K,109056,512,1152,144,18,1152,8,8,5632,1152,64,2304,528384
128x768x768w17-8-9,128,768,768,17,8,9,17-8-9,M0K,108912,1088,576,144,9,576,17,8,5776,1224,128,1152,528384
128x768x768w15-8-10,128,768,768,15,8,10,15-8-10,M0K,109088,960,640,80,10,640,15,8,5600,1200,64,1280,532224
128x768x768w18-8-8,128,768,768,18,8,8,18-8-8,M00,109056,1152,512,128,8,512,18,8,5632,1152,128,1024,534528
128x768x768w13-8-11,128,768,768,13,8,11,13-8-11,M0K,109328,832,704,88,11,704,13,8,5360,1144,64,1408,537600
128x768x768w12-8-12,128,768,768,12,8,12,12-8-12,M00,109312,768,768,96,12,768,12,8,5376,1152,64,1536,540672
128x768x768w14-8-10,128,768,768,14,8,10,14-8-10,M0K,109376,896,640,80,10,640,14,8,5312,1120,64,1280,547008
128x768x768w10-8-14,128,768,768,10,8,14,10-8-14,M0K,109376,640,896,112,14,896,10,8,5312,1120,64,1792,549120
128x768x768w8-8-17,128,768,768,8,8,17,8-8-17,00K,109312,512,1088,136,17,1088,8,8,5376,1088,64,2176,565248
128x768x768w9-8-15,128,768,768,9,8,15,9-8-15,M0K,109456,576,960,120,15,960,9,8,5232,1080,64,1920,569088
128x768x768w11-8-12,128,768,768,11,8,12,11-8-12,M00,109632,704,768,96,12,768,11,8,5056,1056,64,1536,583680
128x768x768w8-8-16,128,768,768,8,8,16,8-8-16,000,109568,512,1024,128,16,1024,8,8,5120,1024,64,2048,589824
128x768x768w17-8-8,128,768,768,17,8,8,17-8-8,M00,109312,1088,512,128,8,512,17,8,5376,1088,128,1024,589824
128x768x768w16-8-8,128,768,768,16,8,8,16-8-8,000,109568,1024,512,128,8,512,16,8,5120,1024,128,1024,589824
128x768x768w8-16-8,128,768,768,8,16,8,8-16-8,000,109568,1024,1024,64,8,1024,8,16,5120,512,128,2048,589824
128x768x768w13-8-10,128,768,768,13,8,10,13-8-10,M0K,109664,832,640,80,10,640,13,8,5024,1040,64,1280,591360
128x768x768w12-8-11,128,768,768,12,8,11,12-8-11,M0K,109632,768,704,88,11,704,12,8,5056,1056,64,1408,591360
128x768x768w15-8-9,128,768,768,15,8,9,15-8-9,M0K,109456,960,576,72,9,576,15,8,5232,1080,64,1152,594432
128x768x768w9-8-14,128,768,768,9,8,14,9-8-14,M0K,109728,576,896,112,14,896,9,8,4960,1008,64,1792,601920
128x768x768w14-8-9,128,768,768,14,8,9,14-8-9,M0K,109728,896,576,72,9,576,14,8,4960,1008,64,1152,610944
128x768x768w11-8-11,128,768,768,11,8,11,11-8-11,M0K,109936,704,704,88,11,704,11,8,4752,968,64,1408,638400
128x768x768w10-8-12,128,768,768,10,8,12,10-8-12,M00,109952,640,768,96,12,768,10,8,4736,960,64,1536,638976
128x768x768w8-8-15,128,768,768,8,8,15,8-8-15,00K,109824,512,960,120,15,960,8,8,4864,960,64,1920,638976
128x768x768w12-8-10,128,768,768,12,8,10,12-8-10,M0K,109952,768,640,80,10,640,12,8,4736,960,64,1280,650496
128x768x768w13-8-9,128,768,768,13,8,9,13-8-9,M0K,110000,832,576,72,9,576,13,8,4688,936,64,1152,660480
128x768x768w15-8-8,128,768,768,15,8,8,15-8-8,M00,109824,960,512,64,8,512,15,8,4864,960,64,1024,663552
128x768x768w8-8-14,128,768,768,8,8,14,8-8-14,00K,110080,512,896,112,14,896,8,8,4608,896,64,1792,675840
128x768x768w14-8-8,128,768,768,14,8,8,14-8-8,M00,110080,896,512,64,8,512,14,8,4608,896,64,1024,681984
128x768x768w10-8-11,128,768,768,10,8,11,10-8-11,M0K,110240,640,704,88,11,704,10,8,4448,880,64,1408,698880
128x768x768w9-8-12,128,768,768,9,8,12,9-8-12,M00,110272,576,768,96,12,768,9,8,4416,864,64,1536,700416
128x768x768w11-8-10,128,768,768,11,8,10,11-8-10,M0K,110240,704,640,80,10,640,11,8,4448,880,64,1280,702240
128x768x768w12-8-9,128,768,768,12,8,9,12-8-9,M0K,110272,768,576,72,9,576,12,8,4416,864,64,1152,726528
128x768x768w13-8-8,128,768,768,13,8,8,13-8-8,M00,110336,832,512,64,8,512,13,8,4352,832,64,1024,737280
128x768x768w9-8-11,128,768,768,9,8,11,9-8-11,M0K,110544,576,704,88,11,704,9,8,4144,792,64,1408,766080
128x768x768w10-8-10,128,768,768,10,8,10,10-8-10,M0K,110528,640,640,80,10,640,10,8,4160,800,64,1280,768768
128x768x768w11-8-9,128,768,768,11,8,9,11-8-9,M0K,110544,704,576,72,9,576,11,8,4144,792,64,1152,784320
128x768x768w8-8-12,128,768,768,8,8,12,8-8-12,000,110592,512,768,96,12,768,8,8,4096,768,64,1536,786432
128x768x768w12-8-8,128,768,768,12,8,8,12-8-8,M00,110592,768,512,64,8,512,12,8,4096,768,64,1024,811008
128x768x768w9-8-10,128,768,768,9,8,10,9-8-10,M0K,110816,576,640,80,10,640,9,8,3872,720,64,1280,842688
128x768x768w10-8-9,128,768,768,10,8,9,10-8-9,M0K,110816,640,576,72,9,576,10,8,3872,720,64,1152,858624
128x768x768w8-8-11,128,768,768,8,8,11,8-8-11,00K,110848,512,704,88,11,704,8,8,3840,704,64,1408,860160
128x768x768w11-8-8,128,768,768,11,8,8,11-8-8,M00,110848,704,512,64,8,512,11,8,3840,704,64,1024,875520
128x768x768w9-8-9,128,768,768,9,8,9,9-8-9,M0K,111088,576,576,72,9,576,9,8,3600,648,64,1152,941184
128x768x768w8-8-10,128,768,768,8,8,10,8-8-10,00K,111104,512,640,80,10,640,8,8,3584,640,64,1280,946176
128x768x768w10-8-8,128,768,768,10,8,8,10-8-8,M00,111104,640,512,64,8,512,10,8,3584,640,64,1024,958464
128x768x768w9-8-8,128,768,768,9,8,8,9-8-8,M00,111360,576,512,64,8,512,9,8,3328,576,64,1024,1050624
128x768x768w8-8-9,128,768,768,8,8,9,8-8-9,00K,111360,512,576,72,9,576,8,8,3328,576,64,1152,1056768
128x768x768w8-8-8,128,768,768,8,8,8,8-8-8,000,111616,512,512,64,8,512,8,8,3072,512,64,1024,1179648
