FakeNN JSON Name,M,N,K,m,n,k,JSON Name,remainderTiles,Weight Matrix Tile Size,tileA_cc,Row Dim,Reduction Dim,tileC_cc,m Dim,Space Needed in L1,Space Remaining,tileB_cc,tileA,tileC,tileB,SSR Config Count
256x256x256w32-32-32,256,256,256,32,32,32,32-32-32,000,16384,1024,32,32,1024,32,49152,65536,8192,8192,8192,8192,4096
256x256x256w31-32-32,256,256,256,31,32,32,31-32-32,M00,16384,768,32,32,768,31,48128,66560,8192,7936,7936,8192,4608
256x256x256w32-32-29,256,256,256,32,32,29,32-32-29,00K,14848,928,32,29,1024,32,46080,68608,7424,7424,8192,7424,4608
256x256x256w32-32-30,256,256,256,32,32,30,32-32-30,00K,15360,960,32,30,1024,32,47104,67584,7680,7680,8192,7680,4608
256x256x256w32-32-31,256,256,256,32,32,31,32-32-31,00K,15872,992,32,31,1024,32,48128,66560,7936,7936,8192,7936,4608
256x256x256w30-32-32,256,256,256,30,32,32,30-32-32,M00,16384,768,32,32,768,30,47104,67584,8192,7680,7680,8192,4608
256x256x256w29-32-32,256,256,256,29,32,32,29-32-32,M00,16384,768,32,32,768,29,46080,68608,8192,7424,7424,8192,4608
256x256x256w28-32-32,256,256,256,28,32,32,28-32-32,M00,16384,768,32,32,768,28,45056,69632,8192,7168,7168,8192,4864
256x256x256w32-32-26,256,256,256,32,32,26,32-32-26,00K,13312,832,32,26,1024,32,43008,71680,6656,6656,8192,6656,5120
256x256x256w26-32-32,256,256,256,26,32,32,26-32-32,M00,16384,768,32,32,768,26,43008,71680,8192,6656,6656,8192,5120
256x256x256w27-32-32,256,256,256,27,32,32,27-32-32,M00,16384,768,32,32,768,27,44032,70656,8192,6912,6912,8192,5120
256x256x256w32-32-27,256,256,256,32,32,27,32-32-27,00K,13824,864,32,27,1024,32,44032,70656,6912,6912,8192,6912,5120
256x256x256w32-32-28,256,256,256,32,32,28,32-32-28,00K,14336,896,32,28,1024,32,45056,69632,7168,7168,8192,7168,5120
256x256x256w30-32-29,256,256,256,30,32,29,30-32-29,M0K,14848,696,32,29,768,30,44128,70560,7424,6960,7680,7424,5184
256x256x256w29-32-30,256,256,256,29,32,30,29-32-30,M0K,15360,720,32,30,768,29,44128,70560,7680,6960,7424,7680,5184
256x256x256w30-32-30,256,256,256,30,32,30,30-32-30,M0K,15360,720,32,30,768,30,45120,69568,7680,7200,7680,7680,5184
256x256x256w31-32-29,256,256,256,31,32,29,31-32-29,M0K,14848,696,32,29,768,31,45104,69584,7424,7192,7936,7424,5184
256x256x256w29-32-31,256,256,256,29,32,31,29-32-31,M0K,15872,744,32,31,768,29,45104,69584,7936,7192,7424,7936,5184
256x256x256w29-32-29,256,256,256,29,32,29,29-32-29,M0K,14848,696,32,29,768,29,43152,71536,7424,6728,7424,7424,5184
256x256x256w31-32-31,256,256,256,31,32,31,31-32-31,M0K,15872,744,32,31,768,31,47120,67568,7936,7688,7936,7936,5184
256x256x256w31-32-30,256,256,256,31,32,30,31-32-30,M0K,15360,720,32,30,768,31,46112,68576,7680,7440,7936,7680,5184
256x256x256w30-32-31,256,256,256,30,32,31,30-32-31,M0K,15872,744,32,31,768,30,46112,68576,7936,7440,7680,7936,5184
256x256x256w28-32-30,256,256,256,28,32,30,28-32-30,M0K,15360,720,32,30,768,28,43136,71552,7680,6720,7168,7680,5472
256x256x256w28-32-31,256,256,256,28,32,31,28-32-31,M0K,15872,744,32,31,768,28,44096,70592,7936,6944,7168,7936,5472
256x256x256w28-32-29,256,256,256,28,32,29,28-32-29,M0K,14848,696,32,29,768,28,42176,72512,7424,6496,7168,7424,5472
256x256x256w25-32-32,256,256,256,25,32,32,25-32-32,M00,16384,768,32,32,768,25,41984,72704,8192,6400,6400,8192,5504
256x256x256w32-32-25,256,256,256,32,32,25,32-32-25,00K,12800,800,32,25,1024,32,41984,72704,6400,6400,8192,6400,5632
256x256x256w32-32-24,256,256,256,32,32,24,32-32-24,00K,12288,768,32,24,1024,32,40960,73728,6144,6144,8192,6144,5632
256x256x256w32-24-32,256,256,256,32,24,32,32-24-32,0N0,12288,1024,24,32,768,32,40960,73728,6144,8192,6144,6144,5632
256x256x256w24-32-32,256,256,256,24,32,32,24-32-32,M00,16384,768,32,32,768,24,40960,73728,8192,6144,6144,8192,5632
256x256x256w27-32-31,256,256,256,27,32,31,27-32-31,M0K,15872,744,32,31,768,27,43088,71600,7936,6696,6912,7936,5760
256x256x256w26-32-29,256,256,256,26,32,29,26-32-29,M0K,14848,696,32,29,768,26,40224,74464,7424,6032,6656,7424,5760
256x256x256w27-32-29,256,256,256,27,32,29,27-32-29,M0K,14848,696,32,29,768,27,41200,73488,7424,6264,6912,7424,5760
256x256x256w31-32-28,256,256,256,31,32,28,31-32-28,M0K,14336,672,32,28,768,31,44096,70592,7168,6944,7936,7168,5760
256x256x256w26-32-31,256,256,256,26,32,31,26-32-31,M0K,15872,744,32,31,768,26,42080,72608,7936,6448,6656,7936,5760
256x256x256w29-32-26,256,256,256,29,32,26,29-32-26,M0K,13312,624,32,26,768,29,40224,74464,6656,6032,7424,6656,5760
256x256x256w26-32-30,256,256,256,26,32,30,26-32-30,M0K,15360,720,32,30,768,26,41152,73536,7680,6240,6656,7680,5760
256x256x256w29-32-28,256,256,256,29,32,28,29-32-28,M0K,14336,672,32,28,768,29,42176,72512,7168,6496,7424,7168,5760
256x256x256w30-32-26,256,256,256,30,32,26,30-32-26,M0K,13312,624,32,26,768,30,41152,73536,6656,6240,7680,6656,5760
256x256x256w31-32-27,256,256,256,31,32,27,31-32-27,M0K,13824,648,32,27,768,31,43088,71600,6912,6696,7936,6912,5760
256x256x256w30-32-28,256,256,256,30,32,28,30-32-28,M0K,14336,672,32,28,768,30,43136,71552,7168,6720,7680,7168,5760
256x256x256w27-32-30,256,256,256,27,32,30,27-32-30,M0K,15360,720,32,30,768,27,42144,72544,7680,6480,6912,7680,5760
256x256x256w30-32-27,256,256,256,30,32,27,30-32-27,M0K,13824,648,32,27,768,30,42144,72544,6912,6480,7680,6912,5760
256x256x256w29-32-27,256,256,256,29,32,27,29-32-27,M0K,13824,648,32,27,768,29,41200,73488,6912,6264,7424,6912,5760
256x256x256w31-32-26,256,256,256,31,32,26,31-32-26,M0K,13312,624,32,26,768,31,42080,72608,6656,6448,7936,6656,5760
256x256x256w23-32-32,256,256,256,23,32,32,23-32-32,M00,16384,512,32,32,512,23,39936,74752,8192,5888,5888,8192,5824
256x256x256w28-32-26,256,256,256,28,32,26,28-32-26,M0K,13312,624,32,26,768,28,39296,75392,6656,5824,7168,6656,6080
256x256x256w28-32-27,256,256,256,28,32,27,28-32-27,M0K,13824,648,32,27,768,28,40256,74432,6912,6048,7168,6912,6080
256x256x256w28-32-28,256,256,256,28,32,28,28-32-28,M0K,14336,672,32,28,768,28,41216,73472,7168,6272,7168,7168,6080
256x256x256w22-32-32,256,256,256,22,32,32,22-32-32,M00,16384,512,32,32,512,22,38912,75776,8192,5632,5632,8192,6144
256x256x256w32-32-23,256,256,256,32,32,23,32-32-23,00K,11776,736,32,23,1024,32,39936,74752,5888,5888,8192,5888,6144
256x256x256w32-32-22,256,256,256,32,32,22,32-32-22,00K,11264,704,32,22,1024,32,38912,75776,5632,5632,8192,5632,6144
256x256x256w26-24-39,256,256,256,26,24,39,26-24-39,MNK,14976,936,24,39,576,26,41184,73504,7488,8112,4992,7488,6160
256x256x256w38-24-26,256,256,256,38,24,26,38-24-26,MNK,9984,832,24,26,768,38,40384,74304,4992,7904,7296,4992,6160
256x256x256w26-24-38,256,256,256,26,24,38,26-24-38,MNK,14592,912,24,38,576,26,40384,74304,7296,7904,4992,7296,6160
256x256x256w27-24-37,256,256,256,27,24,37,27-24-37,MNK,14208,888,24,37,576,27,40560,74128,7104,7992,5184,7104,6160
256x256x256w26-24-37,256,256,256,26,24,37,26-24-37,MNK,14208,888,24,37,576,26,39584,75104,7104,7696,4992,7104,6160
256x256x256w37-24-26,256,256,256,37,24,26,37-24-26,MNK,9984,832,24,26,768,37,39584,75104,4992,7696,7104,4992,6160
256x256x256w39-24-26,256,256,256,39,24,26,39-24-26,MNK,9984,832,24,26,768,39,41184,73504,4992,8112,7488,4992,6160
256x256x256w37-24-27,256,256,256,37,24,27,37-24-27,MNK,10368,864,24,27,768,37,40560,74128,5184,7992,7104,5184,6160
256x256x256w25-32-30,256,256,256,25,32,30,25-32-30,M0K,15360,720,32,30,768,25,40160,74528,7680,6000,6400,7680,6192
256x256x256w25-32-29,256,256,256,25,32,29,25-32-29,M0K,14848,696,32,29,768,25,39248,75440,7424,5800,6400,7424,6192
256x256x256w25-32-31,256,256,256,25,32,31,25-32-31,M0K,15872,744,32,31,768,25,41072,73616,7936,6200,6400,7936,6192
256x256x256w42-24-24,256,256,256,42,24,24,42-24-24,MNK,9216,960,24,24,960,42,41472,73216,4608,8064,8064,4608,6292
256x256x256w31-32-25,256,256,256,31,32,25,31-32-25,M0K,12800,600,32,25,768,31,41072,73616,6400,6200,7936,6400,6336
256x256x256w30-32-24,256,256,256,30,32,24,30-32-24,M0K,12288,576,32,24,768,30,39168,75520,6144,5760,7680,6144,6336
256x256x256w29-24-32,256,256,256,29,24,32,29-24-32,MN0,12288,768,24,32,576,29,38272,76416,6144,7424,5568,6144,6336
256x256x256w32-24-29,256,256,256,32,24,29,32-24-29,0NK,11136,928,24,29,768,32,38272,76416,5568,7424,6144,5568,6336
256x256x256w30-32-25,256,256,256,30,32,25,30-32-25,M0K,12800,600,32,25,768,30,40160,74528,6400,6000,7680,6400,6336
256x256x256w29-24-34,256,256,256,29,24,34,29-24-34,MNK,13056,816,24,34,576,29,39968,74720,6528,7888,5568,6528,6336
256x256x256w24-32-30,256,256,256,24,32,30,24-32-30,M0K,15360,720,32,30,768,24,39168,75520,7680,5760,6144,7680,6336
256x256x256w32-24-30,256,256,256,32,24,30,32-24-30,0NK,11520,960,24,30,768,32,39168,75520,5760,7680,6144,5760,6336
256x256x256w24-32-29,256,256,256,24,32,29,24-32-29,M0K,14848,696,32,29,768,24,38272,76416,7424,5568,6144,7424,6336
256x256x256w34-24-29,256,256,256,34,24,29,34-24-29,MNK,11136,928,24,29,768,34,39968,74720,5568,7888,6528,5568,6336
256x256x256w24-32-31,256,256,256,24,32,31,24-32-31,M0K,15872,744,32,31,768,24,40064,74624,7936,5952,6144,7936,6336
256x256x256w30-24-32,256,256,256,30,24,32,30-24-32,MN0,12288,768,24,32,576,30,39168,75520,6144,7680,5760,6144,6336
256x256x256w29-24-33,256,256,256,29,24,33,29-24-33,MNK,12672,792,24,33,576,29,39120,75568,6336,7656,5568,6336,6336
256x256x256w30-24-33,256,256,256,30,24,33,30-24-33,MNK,12672,792,24,33,576,30,40032,74656,6336,7920,5760,6336,6336
256x256x256w35-24-29,256,256,256,35,24,29,35-24-29,MNK,11136,928,24,29,768,35,40816,73872,5568,8120,6720,5568,6336
256x256x256w31-32-24,256,256,256,31,32,24,31-32-24,M0K,12288,576,32,24,768,31,40064,74624,6144,5952,7936,6144,6336
256x256x256w34-24-30,256,256,256,34,24,30,34-24-30,MNK,11520,960,24,30,768,34,40896,73792,5760,8160,6528,5760,6336
256x256x256w29-24-35,256,256,256,29,24,35,29-24-35,MNK,13440,840,24,35,576,29,40816,73872,6720,8120,5568,6720,6336
256x256x256w30-24-34,256,256,256,30,24,34,30-24-34,MNK,13056,816,24,34,576,30,40896,73792,6528,8160,5760,6528,6336
256x256x256w33-24-30,256,256,256,33,24,30,33-24-30,MNK,11520,960,24,30,768,33,40032,74656,5760,7920,6336,5760,6336
256x256x256w32-24-31,256,256,256,32,24,31,32-24-31,0NK,11904,992,24,31,768,32,40064,74624,5952,7936,6144,5952,6336
256x256x256w29-32-24,256,256,256,29,32,24,29-32-24,M0K,12288,576,32,24,768,29,38272,76416,6144,5568,7424,6144,6336
256x256x256w33-24-31,256,256,256,33,24,31,33-24-31,MNK,11904,992,24,31,768,33,40944,73744,5952,8184,6336,5952,6336
256x256x256w31-24-32,256,256,256,31,24,32,31-24-32,MN0,12288,768,24,32,576,31,40064,74624,6144,7936,5952,6144,6336
256x256x256w29-32-25,256,256,256,29,32,25,29-32-25,M0K,12800,600,32,25,768,29,39248,75440,6400,5800,7424,6400,6336
256x256x256w31-24-33,256,256,256,31,24,33,31-24-33,MNK,12672,792,24,33,576,31,40944,73744,6336,8184,5952,6336,6336
256x256x256w33-24-29,256,256,256,33,24,29,33-24-29,MNK,11136,928,24,29,768,33,39120,75568,5568,7656,6336,5568,6336
256x256x256w26-32-27,256,256,256,26,32,27,26-32-27,M0K,13824,648,32,27,768,26,38368,76320,6912,5616,6656,6912,6400
256x256x256w27-32-28,256,256,256,27,32,28,27-32-28,M0K,14336,672,32,28,768,27,40256,74432,7168,6048,6912,7168,6400
256x256x256w27-32-27,256,256,256,27,32,27,27-32-27,M0K,13824,648,32,27,768,27,39312,75376,6912,5832,6912,6912,6400
256x256x256w21-32-32,256,256,256,21,32,32,21-32-32,M00,16384,512,32,32,512,21,37888,76800,8192,5376,5376,8192,6400
256x256x256w27-32-26,256,256,256,27,32,26,27-32-26,M0K,13312,624,32,26,768,27,38368,76320,6656,5616,6912,6656,6400
256x256x256w26-32-26,256,256,256,26,32,26,26-32-26,M0K,13312,624,32,26,768,26,37440,77248,6656,5408,6656,6656,6400
256x256x256w26-32-28,256,256,256,26,32,28,26-32-28,M0K,14336,672,32,28,768,26,39296,75392,7168,5824,6656,7168,6400
256x256x256w23-32-29,256,256,256,23,32,29,23-32-29,M0K,14848,464,32,29,512,23,37296,77392,7424,5336,5888,7424,6552
256x256x256w23-32-31,256,256,256,23,32,31,23-32-31,M0K,15872,496,32,31,512,23,39056,75632,7936,5704,5888,7936,6552
256x256x256w23-32-30,256,256,256,23,32,30,23-32-30,M0K,15360,480,32,30,512,23,38176,76512,7680,5520,5888,7680,6552
256x256x256w36-24-28,256,256,256,36,24,28,36-24-28,MNK,10752,896,24,28,768,36,40704,73984,5376,8064,6912,5376,6600
256x256x256w36-24-26,256,256,256,36,24,26,36-24-26,MNK,9984,832,24,26,768,36,38784,75904,4992,7488,6912,4992,6600
256x256x256w36-24-27,256,256,256,36,24,27,36-24-27,MNK,10368,864,24,27,768,36,39744,74944,5184,7776,6912,5184,6600
256x256x256w25-24-39,256,256,256,25,24,39,25-24-39,MNK,14976,936,24,39,576,25,40176,74512,7488,7800,4800,7488,6622
256x256x256w25-40-24,256,256,256,25,40,24,25-40-24,MNK,15360,576,40,24,960,25,40960,73728,7680,4800,8000,7680,6622
256x256x256w25-24-38,256,256,256,25,24,38,25-24-38,MNK,14592,912,24,38,576,25,39392,75296,7296,7600,4800,7296,6622
256x256x256w25-24-37,256,256,256,25,24,37,25-24-37,MNK,14208,888,24,37,576,25,38608,76080,7104,7400,4800,7104,6622
256x256x256w25-24-40,256,256,256,25,24,40,25-24-40,MNK,15360,960,24,40,576,25,40960,73728,7680,8000,4800,7680,6622
256x256x256w25-40-25,256,256,256,25,40,25,25-40-25,MNK,16000,600,40,25,960,25,42000,72688,8000,5000,8000,8000,6622
256x256x256w32-32-20,256,256,256,32,32,20,32-32-20,00K,10240,640,32,20,1024,32,36864,77824,5120,5120,8192,5120,6656
256x256x256w32-32-21,256,256,256,32,32,21,32-32-21,00K,10752,672,32,21,1024,32,37888,76800,5376,5376,8192,5376,6656
256x256x256w20-32-32,256,256,256,20,32,32,20-32-32,M00,16384,512,32,32,512,20,36864,77824,8192,5120,5120,8192,6656
256x256x256w28-24-34,256,256,256,28,24,34,28-24-34,MNK,13056,816,24,34,576,28,39040,75648,6528,7616,5376,6528,6688
256x256x256w28-24-35,256,256,256,28,24,35,28-24-35,MNK,13440,840,24,35,576,28,39872,74816,6720,7840,5376,6720,6688
256x256x256w28-32-24,256,256,256,28,32,24,28-32-24,M0K,12288,576,32,24,768,28,37376,77312,6144,5376,7168,6144,6688
256x256x256w28-32-25,256,256,256,28,32,25,28-32-25,M0K,12800,600,32,25,768,28,38336,76352,6400,5600,7168,6400,6688
256x256x256w28-24-36,256,256,256,28,24,36,28-24-36,MNK,13824,864,24,36,576,28,40704,73984,6912,8064,5376,6912,6688
256x256x256w28-24-32,256,256,256,28,24,32,28-24-32,MN0,12288,768,24,32,576,28,37376,77312,6144,7168,5376,6144,6688
256x256x256w28-24-33,256,256,256,28,24,33,28-24-33,MNK,12672,792,24,33,576,28,38208,76480,6336,7392,5376,6336,6688
256x256x256w38-24-25,256,256,256,38,24,25,38-24-25,MNK,9600,800,24,25,768,38,39392,75296,4800,7600,7296,4800,6776
256x256x256w38-24-24,256,256,256,38,24,24,38-24-24,MNK,9216,768,24,24,768,38,38400,76288,4608,7296,7296,4608,6776
256x256x256w40-24-24,256,256,256,40,24,24,40-24-24,MNK,9216,960,24,24,960,40,39936,74752,4608,7680,7680,4608,6776
256x256x256w24-40-24,256,256,256,24,40,24,24-40-24,MNK,15360,576,40,24,960,24,39936,74752,7680,4608,7680,7680,6776
256x256x256w39-24-24,256,256,256,39,24,24,39-24-24,MNK,9216,768,24,24,768,39,39168,75520,4608,7488,7488,4608,6776
256x256x256w39-24-25,256,256,256,39,24,25,39-24-25,MNK,9600,800,24,25,768,39,40176,74512,4800,7800,7488,4800,6776
256x256x256w37-24-25,256,256,256,37,24,25,37-24-25,MNK,9600,800,24,25,768,37,38608,76080,4800,7400,7104,4800,6776
256x256x256w24-24-37,256,256,256,24,24,37,24-24-37,MNK,14208,888,24,37,576,24,37632,77056,7104,7104,4608,7104,6776
256x256x256w24-40-25,256,256,256,24,40,25,24-40-25,MNK,16000,600,40,25,960,24,40960,73728,8000,4800,7680,8000,6776
256x256x256w24-24-38,256,256,256,24,24,38,24-24-38,MNK,14592,912,24,38,576,24,38400,76288,7296,7296,4608,7296,6776
256x256x256w24-24-40,256,256,256,24,24,40,24-24-40,MNK,15360,960,24,40,576,24,39936,74752,7680,7680,4608,7680,6776
256x256x256w24-24-42,256,256,256,24,24,42,24-24-42,MNK,16128,1008,24,42,576,24,41472,73216,8064,8064,4608,8064,6776
256x256x256w37-24-24,256,256,256,37,24,24,37-24-24,MNK,9216,768,24,24,768,37,37632,77056,4608,7104,7104,4608,6776
256x256x256w24-24-39,256,256,256,24,24,39,24-24-39,MNK,14976,936,24,39,576,24,39168,75520,7488,7488,4608,7488,6776
256x256x256w41-24-24,256,256,256,41,24,24,41-24-24,MNK,9216,960,24,24,960,41,40704,73984,4608,7872,7872,4608,6776
256x256x256w24-24-41,256,256,256,24,24,41,24-24-41,MNK,15744,984,24,41,576,24,40704,73984,7872,7872,4608,7872,6776
256x256x256w40-24-25,256,256,256,40,24,25,40-24-25,MNK,9600,1000,24,25,960,40,40960,73728,4800,8000,7680,4800,6776
256x256x256w42-24-22,256,256,256,42,24,22,42-24-22,MNK,8448,880,24,22,960,42,39360,75328,4224,7392,8064,4224,6864
256x256x256w42-24-23,256,256,256,42,24,23,42-24-23,MNK,8832,920,24,23,960,42,40416,74272,4416,7728,8064,4416,6864
256x256x256w25-32-27,256,256,256,25,32,27,25-32-27,M0K,13824,648,32,27,768,25,37424,77264,6912,5400,6400,6912,6880
256x256x256w25-32-26,256,256,256,25,32,26,25-32-26,M0K,13312,624,32,26,768,25,36512,78176,6656,5200,6400,6656,6880
256x256x256w25-32-28,256,256,256,25,32,28,25-32-28,M0K,14336,672,32,28,768,25,38336,76352,7168,5600,6400,7168,6880
256x256x256w31-32-22,256,256,256,31,32,22,31-32-22,M0K,11264,528,32,22,768,31,38048,76640,5632,5456,7936,5632,6912
256x256x256w22-32-29,256,256,256,22,32,29,22-32-29,M0K,14848,464,32,29,512,22,36320,78368,7424,5104,5632,7424,6912
256x256x256w22-32-30,256,256,256,22,32,30,22-32-30,M0K,15360,480,32,30,512,22,37184,77504,7680,5280,5632,7680,6912
256x256x256w29-32-22,256,256,256,29,32,22,29-32-22,M0K,11264,528,32,22,768,29,36320,78368,5632,5104,7424,5632,6912
256x256x256w22-32-31,256,256,256,22,32,31,22-32-31,M0K,15872,496,32,31,512,22,38048,76640,7936,5456,5632,7936,6912
256x256x256w30-32-23,256,256,256,30,32,23,30-32-23,M0K,11776,552,32,23,768,30,38176,76512,5888,5520,7680,5888,6912
256x256x256w31-32-23,256,256,256,31,32,23,31-32-23,M0K,11776,552,32,23,768,31,39056,75632,5888,5704,7936,5888,6912
256x256x256w29-32-23,256,256,256,29,32,23,29-32-23,M0K,11776,552,32,23,768,29,37296,77392,5888,5336,7424,5888,6912
256x256x256w30-32-22,256,256,256,30,32,22,30-32-22,M0K,11264,528,32,22,768,30,37184,77504,5632,5280,7680,5632,6912
256x256x256w23-24-37,256,256,256,23,24,37,23-24-37,MNK,14208,592,24,37,384,23,36656,78032,7104,6808,4416,7104,7007
256x256x256w23-24-41,256,256,256,23,24,41,23-24-41,MNK,15744,656,24,41,384,23,39664,75024,7872,7544,4416,7872,7007
256x256x256w23-40-25,256,256,256,23,40,25,23-40-25,MNK,16000,400,40,25,640,23,39920,74768,8000,4600,7360,8000,7007
256x256x256w23-24-40,256,256,256,23,24,40,23-24-40,MNK,15360,640,24,40,384,23,38912,75776,7680,7360,4416,7680,7007
256x256x256w23-40-24,256,256,256,23,40,24,23-40-24,MNK,15360,384,40,24,640,23,38912,75776,7680,4416,7360,7680,7007
256x256x256w23-24-39,256,256,256,23,24,39,23-24-39,MNK,14976,624,24,39,384,23,38160,76528,7488,7176,4416,7488,7007
256x256x256w23-24-42,256,256,256,23,24,42,23-24-42,MNK,16128,672,24,42,384,23,40416,74272,8064,7728,4416,8064,7007
256x256x256w23-24-38,256,256,256,23,24,38,23-24-38,MNK,14592,608,24,38,384,23,37408,77280,7296,6992,4416,7296,7007
256x256x256w32-24-27,256,256,256,32,24,27,32-24-27,0NK,10368,864,24,27,768,32,36480,78208,5184,6912,6144,5184,7040
256x256x256w35-24-26,256,256,256,35,24,26,35-24-26,MNK,9984,832,24,26,768,35,37984,76704,4992,7280,6720,4992,7040
256x256x256w34-24-26,256,256,256,34,24,26,34-24-26,MNK,9984,832,24,26,768,34,37184,77504,4992,7072,6528,4992,7040
256x256x256w24-32-27,256,256,256,24,32,27,24-32-27,M0K,13824,648,32,27,768,24,36480,78208,6912,5184,6144,6912,7040
256x256x256w26-24-33,256,256,256,26,24,33,26-24-33,MNK,12672,792,24,33,576,26,36384,78304,6336,6864,4992,6336,7040
256x256x256w26-24-36,256,256,256,26,24,36,26-24-36,MNK,13824,864,24,36,576,26,38784,75904,6912,7488,4992,6912,7040
256x256x256w24-32-28,256,256,256,24,32,28,24-32-28,M0K,14336,672,32,28,768,24,37376,77312,7168,5376,6144,7168,7040
256x256x256w27-24-33,256,256,256,27,24,33,27-24-33,MNK,12672,792,24,33,576,27,37296,77392,6336,7128,5184,6336,7040
256x256x256w26-24-35,256,256,256,26,24,35,26-24-35,MNK,13440,840,24,35,576,26,37984,76704,6720,7280,4992,6720,7040
256x256x256w27-32-24,256,256,256,27,32,24,27-32-24,M0K,12288,576,32,24,768,27,36480,78208,6144,5184,6912,6144,7040
256x256x256w32-24-28,256,256,256,32,24,28,32-24-28,0NK,10752,896,24,28,768,32,37376,77312,5376,7168,6144,5376,7040
256x256x256w27-32-25,256,256,256,27,32,25,27-32-25,M0K,12800,600,32,25,768,27,37424,77264,6400,5400,6912,6400,7040
256x256x256w27-24-36,256,256,256,27,24,36,27-24-36,MNK,13824,864,24,36,576,27,39744,74944,6912,7776,5184,6912,7040
256x256x256w33-24-27,256,256,256,33,24,27,33-24-27,MNK,10368,864,24,27,768,33,37296,77392,5184,7128,6336,5184,7040
256x256x256w33-24-26,256,256,256,33,24,26,33-24-26,MNK,9984,832,24,26,768,33,36384,78304,4992,6864,6336,4992,7040
256x256x256w35-24-27,256,256,256,35,24,27,35-24-27,MNK,10368,864,24,27,768,35,38928,75760,5184,7560,6720,5184,7040
256x256x256w24-32-26,256,256,256,24,32,26,24-32-26,M0K,13312,624,32,26,768,24,35584,79104,6656,4992,6144,6656,7040
256x256x256w27-24-34,256,256,256,27,24,34,27-24-34,MNK,13056,816,24,34,576,27,38112,76576,6528,7344,5184,6528,7040
256x256x256w32-24-26,256,256,256,32,24,26,32-24-26,0NK,9984,832,24,26,768,32,35584,79104,4992,6656,6144,4992,7040
256x256x256w27-24-32,256,256,256,27,24,32,27-24-32,MN0,12288,768,24,32,576,27,36480,78208,6144,6912,5184,6144,7040
256x256x256w33-24-28,256,256,256,33,24,28,33-24-28,MNK,10752,896,24,28,768,33,38208,76480,5376,7392,6336,5376,7040
256x256x256w26-32-24,256,256,256,26,32,24,26-32-24,M0K,12288,576,32,24,768,26,35584,79104,6144,4992,6656,6144,7040
256x256x256w35-24-28,256,256,256,35,24,28,35-24-28,MNK,10752,896,24,28,768,35,39872,74816,5376,7840,6720,5376,7040
256x256x256w34-24-27,256,256,256,34,24,27,34-24-27,MNK,10368,864,24,27,768,34,38112,76576,5184,7344,6528,5184,7040
256x256x256w26-24-32,256,256,256,26,24,32,26-24-32,MN0,12288,768,24,32,576,26,35584,79104,6144,6656,4992,6144,7040
256x256x256w26-24-34,256,256,256,26,24,34,26-24-34,MNK,13056,816,24,34,576,26,37184,77504,6528,7072,4992,6528,7040
256x256x256w26-32-25,256,256,256,26,32,25,26-32-25,M0K,12800,600,32,25,768,26,36512,78176,6400,5200,6656,6400,7040
256x256x256w34-24-28,256,256,256,34,24,28,34-24-28,MNK,10752,896,24,28,768,34,39040,75648,5376,7616,6528,5376,7040
256x256x256w27-24-35,256,256,256,27,24,35,27-24-35,MNK,13440,840,24,35,576,27,38928,75760,6720,7560,5184,6720,7040
256x256x256w29-24-30,256,256,256,29,24,30,29-24-30,MNK,11520,720,24,30,576,29,36576,78112,5760,6960,5568,5760,7128
256x256x256w30-24-29,256,256,256,30,24,29,30-24-29,MNK,11136,696,24,29,576,30,36576,78112,5568,6960,5760,5568,7128
256x256x256w31-24-29,256,256,256,31,24,29,31-24-29,MNK,11136,696,24,29,576,31,37424,77264,5568,7192,5952,5568,7128
256x256x256w31-24-30,256,256,256,31,24,30,31-24-30,MNK,11520,720,24,30,576,31,38304,76384,5760,7440,5952,5760,7128
256x256x256w29-24-29,256,256,256,29,24,29,29-24-29,MNK,11136,696,24,29,576,29,35728,78960,5568,6728,5568,5568,7128
256x256x256w30-24-30,256,256,256,30,24,30,30-24-30,MNK,11520,720,24,30,576,30,37440,77248,5760,7200,5760,5760,7128
256x256x256w31-24-31,256,256,256,31,24,31,31-24-31,MNK,11904,744,24,31,576,31,39184,75504,5952,7688,5952,5952,7128
256x256x256w29-24-31,256,256,256,29,24,31,29-24-31,MNK,11904,744,24,31,576,29,37424,77264,5952,7192,5568,5952,7128
256x256x256w30-24-31,256,256,256,30,24,31,30-24-31,MNK,11904,744,24,31,576,30,38304,76384,5952,7440,5760,5952,7128
256x256x256w19-32-32,256,256,256,19,32,32,19-32-32,M00,16384,512,32,32,512,19,35840,78848,8192,4864,4864,8192,7168
256x256x256w32-32-19,256,256,256,32,32,19,32-32-19,00K,9728,608,32,19,1024,32,35840,78848,4864,4864,8192,4864,7168
256x256x256w21-32-31,256,256,256,21,32,31,21-32-31,M0K,15872,496,32,31,512,21,37040,77648,7936,5208,5376,7936,7200
256x256x256w21-32-30,256,256,256,21,32,30,21-32-30,M0K,15360,480,32,30,512,21,36192,78496,7680,5040,5376,7680,7200
256x256x256w21-32-29,256,256,256,21,32,29,21-32-29,M0K,14848,464,32,29,512,21,35344,79344,7424,4872,5376,7424,7200
256x256x256w25-40-22,256,256,256,25,40,22,25-40-22,MNK,14080,528,40,22,960,25,38880,75808,7040,4400,8000,7040,7224
256x256x256w25-40-23,256,256,256,25,40,23,25-40-23,MNK,14720,552,40,23,960,25,39920,74768,7360,4600,8000,7360,7224
256x256x256w36-24-24,256,256,256,36,24,24,36-24-24,MNK,9216,768,24,24,768,36,36864,77824,4608,6912,6912,4608,7260
256x256x256w36-24-25,256,256,256,36,24,25,36-24-25,MNK,9600,800,24,25,768,36,37824,76864,4800,7200,6912,4800,7260
256x256x256w23-32-26,256,256,256,23,32,26,23-32-26,M0K,13312,416,32,26,512,23,34656,80032,6656,4784,5888,6656,7280
256x256x256w23-32-28,256,256,256,23,32,28,23-32-28,M0K,14336,448,32,28,512,23,36416,78272,7168,5152,5888,7168,7280
256x256x256w23-32-27,256,256,256,23,32,27,23-32-27,M0K,13824,432,32,27,512,23,35536,79152,6912,4968,5888,6912,7280
256x256x256w28-32-22,256,256,256,28,32,22,28-32-22,M0K,11264,528,32,22,768,28,35456,79232,5632,4928,7168,5632,7296
256x256x256w28-32-23,256,256,256,28,32,23,28-32-23,M0K,11776,552,32,23,768,28,36416,78272,5888,5152,7168,5888,7296
256x256x256w38-24-23,256,256,256,38,24,23,38-24-23,MNK,8832,736,24,23,768,38,37408,77280,4416,6992,7296,4416,7392
256x256x256w22-40-24,256,256,256,22,40,24,22-40-24,MNK,15360,384,40,24,640,22,37888,76800,7680,4224,7040,7680,7392
256x256x256w39-24-22,256,256,256,39,24,22,39-24-22,MNK,8448,704,24,22,768,39,37152,77536,4224,6864,7488,4224,7392
256x256x256w40-24-22,256,256,256,40,24,22,40-24-22,MNK,8448,880,24,22,960,40,37888,76800,4224,7040,7680,4224,7392
256x256x256w41-24-23,256,256,256,41,24,23,41-24-23,MNK,8832,920,24,23,960,41,39664,75024,4416,7544,7872,4416,7392
256x256x256w22-40-25,256,256,256,22,40,25,22-40-25,MNK,16000,400,40,25,640,22,38880,75808,8000,4400,7040,8000,7392
256x256x256w22-24-41,256,256,256,22,24,41,22-24-41,MNK,15744,656,24,41,384,22,38624,76064,7872,7216,4224,7872,7392
256x256x256w38-24-22,256,256,256,38,24,22,38-24-22,MNK,8448,704,24,22,768,38,36416,78272,4224,6688,7296,4224,7392
256x256x256w39-24-23,256,256,256,39,24,23,39-24-23,MNK,8832,736,24,23,768,39,38160,76528,4416,7176,7488,4416,7392
256x256x256w40-24-23,256,256,256,40,24,23,40-24-23,MNK,8832,920,24,23,960,40,38912,75776,4416,7360,7680,4416,7392
256x256x256w22-24-37,256,256,256,22,24,37,22-24-37,MNK,14208,592,24,37,384,22,35680,79008,7104,6512,4224,7104,7392
256x256x256w22-24-39,256,256,256,22,24,39,22-24-39,MNK,14976,624,24,39,384,22,37152,77536,7488,6864,4224,7488,7392
256x256x256w37-24-22,256,256,256,37,24,22,37-24-22,MNK,8448,704,24,22,768,37,35680,79008,4224,6512,7104,4224,7392
256x256x256w24-40-22,256,256,256,24,40,22,24-40-22,MNK,14080,528,40,22,960,24,37888,76800,7040,4224,7680,7040,7392
256x256x256w22-24-38,256,256,256,22,24,38,22-24-38,MNK,14592,608,24,38,384,22,36416,78272,7296,6688,4224,7296,7392
256x256x256w37-24-23,256,256,256,37,24,23,37-24-23,MNK,8832,736,24,23,768,37,36656,78032,4416,6808,7104,4416,7392
256x256x256w22-24-42,256,256,256,22,24,42,22-24-42,MNK,16128,672,24,42,384,22,39360,75328,8064,7392,4224,8064,7392
256x256x256w41-24-22,256,256,256,41,24,22,41-24-22,MNK,8448,880,24,22,960,41,38624,76064,4224,7216,7872,4224,7392
256x256x256w24-40-23,256,256,256,24,40,23,24-40-23,MNK,14720,552,40,23,960,24,38912,75776,7360,4416,7680,7360,7392
256x256x256w22-24-40,256,256,256,22,24,40,22-24-40,MNK,15360,640,24,40,384,22,37888,76800,7680,7040,4224,7680,7392
256x256x256w18-32-32,256,256,256,18,32,32,18-32-32,M00,16384,512,32,32,512,18,34816,79872,8192,4608,4608,8192,7424
256x256x256w42-24-21,256,256,256,42,24,21,42-24-21,MNK,8064,840,24,21,960,42,38304,76384,4032,7056,8064,4032,7436
256x256x256w42-24-20,256,256,256,42,24,20,42-24-20,MNK,7680,800,24,20,960,42,37248,77440,3840,6720,8064,3840,7436
256x256x256w30-32-21,256,256,256,30,32,21,30-32-21,M0K,10752,504,32,21,768,30,36192,78496,5376,5040,7680,5376,7488
256x256x256w20-32-30,256,256,256,20,32,30,20-32-30,M0K,15360,480,32,30,512,20,35200,79488,7680,4800,5120,7680,7488
256x256x256w20-32-29,256,256,256,20,32,29,20-32-29,M0K,14848,464,32,29,512,20,34368,80320,7424,4640,5120,7424,7488
256x256x256w29-32-21,256,256,256,29,32,21,29-32-21,M0K,10752,504,32,21,768,29,35344,79344,5376,4872,7424,5376,7488
256x256x256w30-32-20,256,256,256,30,32,20,30-32-20,M0K,10240,480,32,20,768,30,35200,79488,5120,4800,7680,5120,7488
256x256x256w29-32-20,256,256,256,29,32,20,29-32-20,M0K,10240,480,32,20,768,29,34368,80320,5120,4640,7424,5120,7488
256x256x256w31-32-21,256,256,256,31,32,21,31-32-21,M0K,10752,504,32,21,768,31,37040,77648,5376,5208,7936,5376,7488
256x256x256w20-32-31,256,256,256,20,32,31,20-32-31,M0K,15872,496,32,31,512,20,36032,78656,7936,4960,5120,7936,7488
256x256x256w31-32-20,256,256,256,31,32,20,31-32-20,M0K,10240,480,32,20,768,31,36032,78656,5120,4960,7936,5120,7488
256x256x256w28-24-30,256,256,256,28,24,30,28-24-30,MNK,11520,720,24,30,576,28,35712,78976,5760,6720,5376,5760,7524
256x256x256w28-24-29,256,256,256,28,24,29,28-24-29,MNK,11136,696,24,29,576,28,34880,79808,5568,6496,5376,5568,7524
256x256x256w28-24-31,256,256,256,28,24,31,28-24-31,MNK,11904,744,24,31,576,28,36544,78144,5952,6944,5376,5952,7524
256x256x256w25-32-24,256,256,256,25,32,24,25-32-24,M0K,12288,576,32,24,768,25,34688,80000,6144,4800,6400,6144,7568
256x256x256w25-24-35,256,256,256,25,24,35,25-24-35,MNK,13440,840,24,35,576,25,37040,77648,6720,7000,4800,6720,7568
256x256x256w25-24-36,256,256,256,25,24,36,25-24-36,MNK,13824,864,24,36,576,25,37824,76864,6912,7200,4800,6912,7568
256x256x256w25-24-32,256,256,256,25,24,32,25-24-32,MN0,12288,768,24,32,576,25,34688,80000,6144,6400,4800,6144,7568
256x256x256w25-24-33,256,256,256,25,24,33,25-24-33,MNK,12672,792,24,33,576,25,35472,79216,6336,6600,4800,6336,7568
256x256x256w25-32-25,256,256,256,25,32,25,25-32-25,M0K,12800,600,32,25,768,25,35600,79088,6400,5000,6400,6400,7568
256x256x256w25-24-34,256,256,256,25,24,34,25-24-34,MNK,13056,816,24,34,576,25,36256,78432,6528,6800,4800,6528,7568
256x256x256w23-40-23,256,256,256,23,40,23,23-40-23,MNK,14720,368,40,23,640,23,37904,76784,7360,4232,7360,7360,7644
256x256x256w23-40-22,256,256,256,23,40,22,23-40-22,MNK,14080,352,40,22,640,23,36896,77792,7040,4048,7360,7040,7644
256x256x256w22-32-28,256,256,256,22,32,28,22-32-28,M0K,14336,448,32,28,512,22,35456,79232,7168,4928,5632,7168,7680
256x256x256w32-32-18,256,256,256,32,32,18,32-32-18,00K,9216,576,32,18,1024,32,34816,79872,4608,4608,8192,4608,7680
256x256x256w22-32-26,256,256,256,22,32,26,22-32-26,M0K,13312,416,32,26,512,22,33728,80960,6656,4576,5632,6656,7680
256x256x256w27-32-23,256,256,256,27,32,23,27-32-23,M0K,11776,552,32,23,768,27,35536,79152,5888,4968,6912,5888,7680
256x256x256w22-32-27,256,256,256,22,32,27,22-32-27,M0K,13824,432,32,27,512,22,34592,80096,6912,4752,5632,6912,7680
256x256x256w26-32-22,256,256,256,26,32,22,26-32-22,M0K,11264,528,32,22,768,26,33728,80960,5632,4576,6656,5632,7680
256x256x256w26-32-23,256,256,256,26,32,23,26-32-23,M0K,11776,552,32,23,768,26,34656,80032,5888,4784,6656,5888,7680
256x256x256w27-32-22,256,256,256,27,32,22,27-32-22,M0K,11264,528,32,22,768,27,34592,80096,5632,4752,6912,5632,7680
256x256x256w21-40-24,256,256,256,21,40,24,21-40-24,MNK,15360,384,40,24,640,21,36864,77824,7680,4032,6720,7680,7700
256x256x256w21-24-41,256,256,256,21,24,41,21-24-41,MNK,15744,656,24,41,384,21,37584,77104,7872,6888,4032,7872,7700
256x256x256w21-24-42,256,256,256,21,24,42,21-24-42,MNK,16128,672,24,42,384,21,38304,76384,8064,7056,4032,8064,7700
256x256x256w21-24-37,256,256,256,21,24,37,21-24-37,MNK,14208,592,24,37,384,21,34704,79984,7104,6216,4032,7104,7700
256x256x256w21-40-25,256,256,256,21,40,25,21-40-25,MNK,16000,400,40,25,640,21,37840,76848,8000,4200,6720,8000,7700
256x256x256w21-24-38,256,256,256,21,24,38,21-24-38,MNK,14592,608,24,38,384,21,35424,79264,7296,6384,4032,7296,7700
256x256x256w21-24-40,256,256,256,21,24,40,21-24-40,MNK,15360,640,24,40,384,21,36864,77824,7680,6720,4032,7680,7700
256x256x256w21-24-39,256,256,256,21,24,39,21-24-39,MNK,14976,624,24,39,384,21,36144,78544,7488,6552,4032,7488,7700
256x256x256w34-24-25,256,256,256,34,24,25,34-24-25,MNK,9600,800,24,25,768,34,36256,78432,4800,6800,6528,4800,7744
256x256x256w24-24-33,256,256,256,24,24,33,24-24-33,MNK,12672,792,24,33,576,24,34560,80128,6336,6336,4608,6336,7744
256x256x256w24-24-32,256,256,256,24,24,32,24-24-32,MN0,12288,768,24,32,576,24,33792,80896,6144,6144,4608,6144,7744
256x256x256w32-24-24,256,256,256,32,24,24,32-24-24,0NK,9216,768,24,24,768,32,33792,80896,4608,6144,6144,4608,7744
256x256x256w35-24-24,256,256,256,35,24,24,35-24-24,MNK,9216,768,24,24,768,35,36096,78592,4608,6720,6720,4608,7744
256x256x256w34-24-24,256,256,256,34,24,24,34-24-24,MNK,9216,768,24,24,768,34,35328,79360,4608,6528,6528,4608,7744
256x256x256w24-24-35,256,256,256,24,24,35,24-24-35,MNK,13440,840,24,35,576,24,36096,78592,6720,6720,4608,6720,7744
256x256x256w32-24-25,256,256,256,32,24,25,32-24-25,0NK,9600,800,24,25,768,32,34688,80000,4800,6400,6144,4800,7744
256x256x256w24-24-34,256,256,256,24,24,34,24-24-34,MNK,13056,816,24,34,576,24,35328,79360,6528,6528,4608,6528,7744
256x256x256w33-24-24,256,256,256,33,24,24,33-24-24,MNK,9216,768,24,24,768,33,34560,80128,4608,6336,6336,4608,7744
256x256x256w33-24-25,256,256,256,33,24,25,33-24-25,MNK,9600,800,24,25,768,33,35472,79216,4800,6600,6336,4800,7744
256x256x256w35-24-25,256,256,256,35,24,25,35-24-25,MNK,9600,800,24,25,768,35,37040,77648,4800,7000,6720,4800,7744
256x256x256w24-32-24,256,256,256,24,32,24,24-32-24,M0K,12288,576,32,24,768,24,33792,80896,6144,4608,6144,6144,7744
256x256x256w24-32-25,256,256,256,24,32,25,24-32-25,M0K,12800,600,32,25,768,24,34688,80000,6400,4800,6144,6400,7744
256x256x256w17-32-32,256,256,256,17,32,32,17-32-32,M00,16384,512,32,32,512,17,33792,80896,8192,4352,4352,8192,7744
256x256x256w24-24-36,256,256,256,24,24,36,24-24-36,MNK,13824,864,24,36,576,24,36864,77824,6912,6912,4608,6912,7744
256x256x256w21-48-21,256,256,256,21,48,21,21-48-21,MNK,16128,336,48,21,768,21,39312,75376,8064,3528,8064,8064,7800
256x256x256w21-48-20,256,256,256,21,48,20,21-48-20,MNK,15360,320,48,20,768,21,38208,76480,7680,3360,8064,7680,7800
256x256x256w25-40-20,256,256,256,25,40,20,25-40-20,MNK,12800,480,40,20,960,25,36800,77888,6400,4000,8000,6400,7826
256x256x256w25-40-21,256,256,256,25,40,21,25-40-21,MNK,13440,504,40,21,960,25,37840,76848,6720,4200,8000,6720,7826
256x256x256w28-32-20,256,256,256,28,32,20,28-32-20,M0K,10240,480,32,20,768,28,33536,81152,5120,4480,7168,5120,7904
256x256x256w28-32-21,256,256,256,28,32,21,28-32-21,M0K,10752,504,32,21,768,28,34496,80192,5376,4704,7168,5376,7904
256x256x256w27-24-29,256,256,256,27,24,29,27-24-29,MNK,11136,696,24,29,576,27,34032,80656,5568,6264,5184,5568,7920
256x256x256w30-24-27,256,256,256,30,24,27,30-24-27,MNK,10368,648,24,27,576,30,34848,79840,5184,6480,5760,5184,7920
256x256x256w29-24-28,256,256,256,29,24,28,29-24-28,MNK,10752,672,24,28,576,29,34880,79808,5376,6496,5568,5376,7920
256x256x256w26-24-30,256,256,256,26,24,30,26-24-30,MNK,11520,720,24,30,576,26,33984,80704,5760,6240,4992,5760,7920
256x256x256w30-24-26,256,256,256,30,24,26,30-24-26,MNK,9984,624,24,26,576,30,33984,80704,4992,6240,5760,4992,7920
256x256x256w36-24-22,256,256,256,36,24,22,36-24-22,MNK,8448,704,24,22,768,36,34944,79744,4224,6336,6912,4224,7920
256x256x256w30-24-28,256,256,256,30,24,28,30-24-28,MNK,10752,672,24,28,576,30,35712,78976,5376,6720,5760,5376,7920
256x256x256w29-24-26,256,256,256,29,24,26,29-24-26,MNK,9984,624,24,26,576,29,33184,81504,4992,6032,5568,4992,7920
256x256x256w36-24-23,256,256,256,36,24,23,36-24-23,MNK,8832,736,24,23,768,36,35904,78784,4416,6624,6912,4416,7920
256x256x256w27-24-31,256,256,256,27,24,31,27-24-31,MNK,11904,744,24,31,576,27,35664,79024,5952,6696,5184,5952,7920
256x256x256w27-24-30,256,256,256,27,24,30,27-24-30,MNK,11520,720,24,30,576,27,34848,79840,5760,6480,5184,5760,7920
256x256x256w31-24-26,256,256,256,31,24,26,31-24-26,MNK,9984,624,24,26,576,31,34784,79904,4992,6448,5952,4992,7920
256x256x256w29-24-27,256,256,256,29,24,27,29-24-27,MNK,10368,648,24,27,576,29,34032,80656,5184,6264,5568,5184,7920
256x256x256w26-24-29,256,256,256,26,24,29,26-24-29,MNK,11136,696,24,29,576,26,33184,81504,5568,6032,4992,5568,7920
256x256x256w31-24-27,256,256,256,31,24,27,31-24-27,MNK,10368,648,24,27,576,31,35664,79024,5184,6696,5952,5184,7920
256x256x256w31-24-28,256,256,256,31,24,28,31-24-28,MNK,10752,672,24,28,576,31,36544,78144,5376,6944,5952,5376,7920
256x256x256w26-24-31,256,256,256,26,24,31,26-24-31,MNK,11904,744,24,31,576,26,34784,79904,5952,6448,4992,5952,7920
256x256x256w21-32-26,256,256,256,21,32,26,21-32-26,M0K,13312,416,32,26,512,21,32800,81888,6656,4368,5376,6656,8000
256x256x256w21-32-28,256,256,256,21,32,28,21-32-28,M0K,14336,448,32,28,512,21,34496,80192,7168,4704,5376,7168,8000
256x256x256w21-32-27,256,256,256,21,32,27,21-32-27,M0K,13824,432,32,27,512,21,33648,81040,6912,4536,5376,6912,8000
256x256x256w23-24-32,256,256,256,23,24,32,23-24-32,MN0,12288,512,24,32,384,23,32896,81792,6144,5888,4416,6144,8008
256x256x256w38-24-21,256,256,256,38,24,21,38-24-21,MNK,8064,672,24,21,768,38,35424,79264,4032,6384,7296,4032,8008
256x256x256w39-24-21,256,256,256,39,24,21,39-24-21,MNK,8064,672,24,21,768,39,36144,78544,4032,6552,7488,4032,8008
256x256x256w24-40-20,256,256,256,24,40,20,24-40-20,MNK,12800,480,40,20,960,24,35840,78848,6400,3840,7680,6400,8008
256x256x256w20-24-38,256,256,256,20,24,38,20-24-38,MNK,14592,608,24,38,384,20,34432,80256,7296,6080,3840,7296,8008
256x256x256w20-24-40,256,256,256,20,24,40,20-24-40,MNK,15360,640,24,40,384,20,35840,78848,7680,6400,3840,7680,8008
256x256x256w37-24-21,256,256,256,37,24,21,37-24-21,MNK,8064,672,24,21,768,37,34704,79984,4032,6216,7104,4032,8008
256x256x256w23-24-34,256,256,256,23,24,34,23-24-34,MNK,13056,544,24,34,384,23,34400,80288,6528,6256,4416,6528,8008
256x256x256w40-24-20,256,256,256,40,24,20,40-24-20,MNK,7680,800,24,20,960,40,35840,78848,3840,6400,7680,3840,8008
256x256x256w23-32-24,256,256,256,23,32,24,23-32-24,M0K,12288,384,32,24,512,23,32896,81792,6144,4416,5888,6144,8008
256x256x256w37-24-20,256,256,256,37,24,20,37-24-20,MNK,7680,640,24,20,768,37,33728,80960,3840,5920,7104,3840,8008
256x256x256w23-24-35,256,256,256,23,24,35,23-24-35,MNK,13440,560,24,35,384,23,35152,79536,6720,6440,4416,6720,8008
256x256x256w41-24-20,256,256,256,41,24,20,41-24-20,MNK,7680,800,24,20,960,41,36544,78144,3840,6560,7872,3840,8008
256x256x256w20-24-41,256,256,256,20,24,41,20-24-41,MNK,15744,656,24,41,384,20,36544,78144,7872,6560,3840,7872,8008
256x256x256w23-24-33,256,256,256,23,24,33,23-24-33,MNK,12672,528,24,33,384,23,33648,81040,6336,6072,4416,6336,8008
256x256x256w24-40-21,256,256,256,24,40,21,24-40-21,MNK,13440,504,40,21,960,24,36864,77824,6720,4032,7680,6720,8008
256x256x256w20-24-42,256,256,256,20,24,42,20-24-42,MNK,16128,672,24,42,384,20,37248,77440,8064,6720,3840,8064,8008
256x256x256w41-24-21,256,256,256,41,24,21,41-24-21,MNK,8064,840,24,21,960,41,37584,77104,4032,6888,7872,4032,8008
256x256x256w42-24-19,256,256,256,42,24,19,42-24-19,MNK,7296,760,24,19,960,42,36192,78496,3648,6384,8064,3648,8008
256x256x256w40-24-21,256,256,256,40,24,21,40-24-21,MNK,8064,840,24,21,960,40,36864,77824,4032,6720,7680,4032,8008
256x256x256w20-24-39,256,256,256,20,24,39,20-24-39,MNK,14976,624,24,39,384,20,35136,79552,7488,6240,3840,7488,8008
256x256x256w23-24-36,256,256,256,23,24,36,23-24-36,MNK,13824,576,24,36,384,23,35904,78784,6912,6624,4416,6912,8008
256x256x256w38-24-20,256,256,256,38,24,20,38-24-20,MNK,7680,640,24,20,768,38,34432,80256,3840,6080,7296,3840,8008
256x256x256w20-40-24,256,256,256,20,40,24,20-40-24,MNK,15360,384,40,24,640,20,35840,78848,7680,3840,6400,7680,8008
256x256x256w23-32-25,256,256,256,23,32,25,23-32-25,M0K,12800,400,32,25,512,23,33776,80912,6400,4600,5888,6400,8008
256x256x256w39-24-20,256,256,256,39,24,20,39-24-20,MNK,7680,640,24,20,768,39,35136,79552,3840,6240,7488,3840,8008
256x256x256w20-40-25,256,256,256,20,40,25,20-40-25,MNK,16000,400,40,25,640,20,36800,77888,8000,4000,6400,8000,8008
256x256x256w20-24-37,256,256,256,20,24,37,20-24-37,MNK,14208,592,24,37,384,20,33728,80960,7104,5920,3840,7104,8008
256x256x256w22-40-22,256,256,256,22,40,22,22-40-22,MNK,14080,352,40,22,640,22,35904,78784,7040,3872,7040,7040,8064
256x256x256w19-32-30,256,256,256,19,32,30,19-32-30,M0K,15360,480,32,30,512,19,34208,80480,7680,4560,4864,7680,8064
256x256x256w29-32-19,256,256,256,29,32,19,29-32-19,M0K,9728,456,32,19,768,29,33392,81296,4864,4408,7424,4864,8064
256x256x256w19-32-31,256,256,256,19,32,31,19-32-31,M0K,15872,496,32,31,512,19,35024,79664,7936,4712,4864,7936,8064
256x256x256w19-32-29,256,256,256,19,32,29,19-32-29,M0K,14848,464,32,29,512,19,33392,81296,7424,4408,4864,7424,8064
256x256x256w31-32-19,256,256,256,31,32,19,31-32-19,M0K,9728,456,32,19,768,31,35024,79664,4864,4712,7936,4864,8064
256x256x256w22-40-23,256,256,256,22,40,23,22-40-23,MNK,14720,368,40,23,640,22,36896,77792,7360,4048,7040,7360,8064
256x256x256w30-32-19,256,256,256,30,32,19,30-32-19,M0K,9728,456,32,19,768,30,34208,80480,4864,4560,7680,4864,8064
256x256x256w20-48-21,256,256,256,20,48,21,20-48-21,MNK,16128,336,48,21,768,20,38208,76480,8064,3360,7680,8064,8112
256x256x256w20-48-20,256,256,256,20,48,20,20-48-20,MNK,15360,320,48,20,768,20,37120,77568,7680,3200,7680,7680,8112
256x256x256w16-32-32,256,256,256,16,32,32,16-32-32,000,16384,512,32,32,512,16,32768,81920,8192,4096,4096,8192,8192
256x256x256w32-16-32,256,256,256,32,16,32,32-16-32,000,8192,1024,16,32,512,32,32768,81920,4096,8192,4096,4096,8192
256x256x256w16-64-16,256,256,256,16,64,16,16-64-16,000,16384,256,64,16,1024,16,36864,77824,8192,2048,8192,8192,8192
256x256x256w32-32-16,256,256,256,32,32,16,32-32-16,000,8192,512,32,16,1024,32,32768,81920,4096,4096,8192,4096,8192
256x256x256w64-16-16,256,256,256,64,16,16,64-16-16,000,4096,1024,16,16,1024,64,36864,77824,2048,8192,8192,2048,8192
256x256x256w16-16-64,256,256,256,16,16,64,16-16-64,000,16384,1024,16,64,256,16,36864,77824,8192,8192,2048,8192,8192
256x256x256w25-32-22,256,256,256,25,32,22,25-32-22,M0K,11264,528,32,22,768,25,32864,81824,5632,4400,6400,5632,8256
256x256x256w25-32-23,256,256,256,25,32,23,25-32-23,M0K,11776,552,32,23,768,25,33776,80912,5888,4600,6400,5888,8256
256x256x256w23-40-20,256,256,256,23,40,20,23-40-20,MNK,12800,320,40,20,640,23,34880,79808,6400,3680,7360,6400,8281
256x256x256w23-40-21,256,256,256,23,40,21,23-40-21,MNK,13440,336,40,21,640,23,35888,78800,6720,3864,7360,6720,8281
256x256x256w27-32-21,256,256,256,27,32,21,27-32-21,M0K,10752,504,32,21,768,27,33648,81040,5376,4536,6912,5376,8320
256x256x256w26-32-21,256,256,256,26,32,21,26-32-21,M0K,10752,504,32,21,768,26,32800,81888,5376,4368,6656,5376,8320
256x256x256w20-32-28,256,256,256,20,32,28,20-32-28,M0K,14336,448,32,28,512,20,33536,81152,7168,4480,5120,7168,8320
256x256x256w20-32-27,256,256,256,20,32,27,20-32-27,M0K,13824,432,32,27,512,20,32704,81984,6912,4320,5120,6912,8320
256x256x256w20-32-26,256,256,256,20,32,26,20-32-26,M0K,13312,416,32,26,512,20,31872,82816,6656,4160,5120,6656,8320
256x256x256w27-32-20,256,256,256,27,32,20,27-32-20,M0K,10240,480,32,20,768,27,32704,81984,5120,4320,6912,5120,8320
256x256x256w26-32-20,256,256,256,26,32,20,26-32-20,M0K,10240,480,32,20,768,26,31872,82816,5120,4160,6656,5120,8320
256x256x256w18-32-31,256,256,256,18,32,31,18-32-31,M0K,15872,496,32,31,512,18,34016,80672,7936,4464,4608,7936,8352
256x256x256w18-32-29,256,256,256,18,32,29,18-32-29,M0K,14848,464,32,29,512,18,32416,82272,7424,4176,4608,7424,8352
256x256x256w18-32-30,256,256,256,18,32,30,18-32-30,M0K,15360,480,32,30,512,18,33216,81472,7680,4320,4608,7680,8352
256x256x256w28-24-28,256,256,256,28,24,28,28-24-28,MNK,10752,672,24,28,576,28,34048,80640,5376,6272,5376,5376,8360
256x256x256w28-24-27,256,256,256,28,24,27,28-24-27,MNK,10368,648,24,27,576,28,33216,81472,5184,6048,5376,5184,8360
256x256x256w28-24-26,256,256,256,28,24,26,28-24-26,MNK,9984,624,24,26,576,28,32384,82304,4992,5824,5376,4992,8360
256x256x256w21-40-22,256,256,256,21,40,22,21-40-22,MNK,14080,352,40,22,640,21,34912,79776,7040,3696,6720,7040,8400
256x256x256w21-40-23,256,256,256,21,40,23,21-40-23,MNK,14720,368,40,23,640,21,35888,78800,7360,3864,6720,7360,8400
256x256x256w21-48-19,256,256,256,21,48,19,21-48-19,MNK,14592,304,48,19,768,21,37104,77584,7296,3192,8064,7296,8400
256x256x256w25-40-19,256,256,256,25,40,19,25-40-19,MNK,12160,456,40,19,960,25,35760,78928,6080,3800,8000,6080,8428
256x256x256w22-24-33,256,256,256,22,24,33,22-24-33,MNK,12672,528,24,33,384,22,32736,81952,6336,5808,4224,6336,8448
256x256x256w22-24-36,256,256,256,22,24,36,22-24-36,MNK,13824,576,24,36,384,22,34944,79744,6912,6336,4224,6912,8448
256x256x256w22-32-24,256,256,256,22,32,24,22-32-24,M0K,12288,384,32,24,512,22,32000,82688,6144,4224,5632,6144,8448
256x256x256w32-24-23,256,256,256,32,24,23,32-24-23,0NK,8832,736,24,23,768,32,32896,81792,4416,5888,6144,4416,8448
256x256x256w33-24-22,256,256,256,33,24,22,33-24-22,MNK,8448,704,24,22,768,33,32736,81952,4224,5808,6336,4224,8448
256x256x256w22-24-34,256,256,256,22,24,34,22-24-34,MNK,13056,544,24,34,384,22,33472,81216,6528,5984,4224,6528,8448
256x256x256w22-32-25,256,256,256,22,32,25,22-32-25,M0K,12800,400,32,25,512,22,32864,81824,6400,4400,5632,6400,8448
256x256x256w24-32-22,256,256,256,24,32,22,24-32-22,M0K,11264,528,32,22,768,24,32000,82688,5632,4224,6144,5632,8448
256x256x256w22-24-35,256,256,256,22,24,35,22-24-35,MNK,13440,560,24,35,384,22,34208,80480,6720,6160,4224,6720,8448
256x256x256w35-24-23,256,256,256,35,24,23,35-24-23,MNK,8832,736,24,23,768,35,35152,79536,4416,6440,6720,4416,8448
256x256x256w22-24-32,256,256,256,22,24,32,22-24-32,MN0,12288,512,24,32,384,22,32000,82688,6144,5632,4224,6144,8448
256x256x256w33-24-23,256,256,256,33,24,23,33-24-23,MNK,8832,736,24,23,768,33,33648,81040,4416,6072,6336,4416,8448
256x256x256w24-32-23,256,256,256,24,32,23,24-32-23,M0K,11776,552,32,23,768,24,32896,81792,5888,4416,6144,5888,8448
256x256x256w34-24-22,256,256,256,34,24,22,34-24-22,MNK,8448,704,24,22,768,34,33472,81216,4224,5984,6528,4224,8448
256x256x256w32-24-22,256,256,256,32,24,22,32-24-22,0NK,8448,704,24,22,768,32,32000,82688,4224,5632,6144,4224,8448
256x256x256w35-24-22,256,256,256,35,24,22,35-24-22,MNK,8448,704,24,22,768,35,34208,80480,4224,6160,6720,4224,8448
256x256x256w34-24-23,256,256,256,34,24,23,34-24-23,MNK,8832,736,24,23,768,34,34400,80288,4416,6256,6528,4416,8448
256x256x256w28-32-19,256,256,256,28,32,19,28-32-19,M0K,9728,456,32,19,768,28,32576,82112,4864,4256,7168,4864,8512
256x256x256w25-24-29,256,256,256,25,24,29,25-24-29,MNK,11136,696,24,29,576,25,32336,82352,5568,5800,4800,5568,8514
256x256x256w25-24-30,256,256,256,25,24,30,25-24-30,MNK,11520,720,24,30,576,25,33120,81568,5760,6000,4800,5760,8514
256x256x256w25-24-31,256,256,256,25,24,31,25-24-31,MNK,11904,744,24,31,576,25,33904,80784,5952,6200,4800,5952,8514
256x256x256w51-16-20,256,256,256,51,16,20,51-16-20,M0K,5120,960,16,20,768,51,34496,80192,2560,8160,6528,2560,8528
256x256x256w36-24-20,256,256,256,36,24,20,36-24-20,MNK,7680,640,24,20,768,36,33024,81664,3840,5760,6912,3840,8580
256x256x256w42-24-18,256,256,256,42,24,18,42-24-18,MNK,6912,720,24,18,960,42,35136,79552,3456,6048,8064,3456,8580
256x256x256w36-24-21,256,256,256,36,24,21,36-24-21,MNK,8064,672,24,21,768,36,33984,80704,4032,6048,6912,4032,8580
256x256x256w39-24-19,256,256,256,39,24,19,39-24-19,MNK,7296,608,24,19,768,39,34128,80560,3648,5928,7488,3648,8624
256x256x256w19-24-38,256,256,256,19,24,38,19-24-38,MNK,14592,608,24,38,384,19,33440,81248,7296,5776,3648,7296,8624
256x256x256w19-24-42,256,256,256,19,24,42,19-24-42,MNK,16128,672,24,42,384,19,36192,78496,8064,6384,3648,8064,8624
256x256x256w19-24-37,256,256,256,19,24,37,19-24-37,MNK,14208,592,24,37,384,19,32752,81936,7104,5624,3648,7104,8624
256x256x256w19-24-40,256,256,256,19,24,40,19-24-40,MNK,15360,640,24,40,384,19,34816,79872,7680,6080,3648,7680,8624
256x256x256w38-24-19,256,256,256,38,24,19,38-24-19,MNK,7296,608,24,19,768,38,33440,81248,3648,5776,7296,3648,8624
256x256x256w19-24-41,256,256,256,19,24,41,19-24-41,MNK,15744,656,24,41,384,19,35504,79184,7872,6232,3648,7872,8624
256x256x256w19-24-39,256,256,256,19,24,39,19-24-39,MNK,14976,624,24,39,384,19,34128,80560,7488,5928,3648,7488,8624
256x256x256w41-24-19,256,256,256,41,24,19,41-24-19,MNK,7296,760,24,19,960,41,35504,79184,3648,6232,7872,3648,8624
256x256x256w19-40-25,256,256,256,19,40,25,19-40-25,MNK,16000,400,40,25,640,19,35760,78928,8000,3800,6080,8000,8624
256x256x256w37-24-19,256,256,256,37,24,19,37-24-19,MNK,7296,608,24,19,768,37,32752,81936,3648,5624,7104,3648,8624
256x256x256w40-24-19,256,256,256,40,24,19,40-24-19,MNK,7296,760,24,19,960,40,34816,79872,3648,6080,7680,3648,8624
256x256x256w24-40-19,256,256,256,24,40,19,24-40-19,MNK,12160,456,40,19,960,24,34816,79872,6080,3648,7680,6080,8624
256x256x256w19-40-24,256,256,256,19,40,24,19-40-24,MNK,15360,384,40,24,640,19,34816,79872,7680,3648,6080,7680,8624
256x256x256w30-32-18,256,256,256,30,32,18,30-32-18,M0K,9216,432,32,18,768,30,33216,81472,4608,4320,7680,4608,8640
256x256x256w29-32-18,256,256,256,29,32,18,29-32-18,M0K,9216,432,32,18,768,29,32416,82272,4608,4176,7424,4608,8640
256x256x256w31-32-18,256,256,256,31,32,18,31-32-18,M0K,9216,432,32,18,768,31,34016,80672,4608,4464,7936,4608,8640
256x256x256w18-56-18,256,256,256,18,56,18,18-56-18,MNK,16128,288,56,18,896,18,37440,77248,8064,2592,8064,8064,8700
256x256x256w24-24-31,256,256,256,24,24,31,24-24-31,MNK,11904,744,24,31,576,24,33024,81664,5952,5952,4608,5952,8712
256x256x256w17-32-30,256,256,256,17,32,30,17-32-30,M0K,15360,480,32,30,512,17,32224,82464,7680,4080,4352,7680,8712
256x256x256w29-24-24,256,256,256,29,24,24,29-24-24,MNK,9216,576,24,24,576,29,31488,83200,4608,5568,5568,4608,8712
256x256x256w30-24-24,256,256,256,30,24,24,30-24-24,MNK,9216,576,24,24,576,30,32256,82432,4608,5760,5760,4608,8712
256x256x256w30-24-25,256,256,256,30,24,25,30-24-25,MNK,9600,600,24,25,576,30,33120,81568,4800,6000,5760,4800,8712
256x256x256w29-24-25,256,256,256,29,24,25,29-24-25,MNK,9600,600,24,25,576,29,32336,82352,4800,5800,5568,4800,8712
256x256x256w24-24-30,256,256,256,24,24,30,24-24-30,MNK,11520,720,24,30,576,24,32256,82432,5760,5760,4608,5760,8712
256x256x256w31-24-25,256,256,256,31,24,25,31-24-25,MNK,9600,600,24,25,576,31,33904,80784,4800,6200,5952,4800,8712
256x256x256w24-24-29,256,256,256,24,24,29,24-24-29,MNK,11136,696,24,29,576,24,31488,83200,5568,5568,4608,5568,8712
256x256x256w31-24-24,256,256,256,31,24,24,31-24-24,MNK,9216,576,24,24,576,31,33024,81664,4608,5952,5952,4608,8712
256x256x256w17-32-31,256,256,256,17,32,31,17-32-31,M0K,15872,496,32,31,512,17,33008,81680,7936,4216,4352,7936,8712
256x256x256w17-32-29,256,256,256,17,32,29,17-32-29,M0K,14848,464,32,29,512,17,31440,83248,7424,3944,4352,7424,8712
256x256x256w20-48-19,256,256,256,20,48,19,20-48-19,MNK,14592,304,48,19,768,20,36032,78656,7296,3040,7680,7296,8736
256x256x256w23-32-23,256,256,256,23,32,23,23-32-23,M0K,11776,368,32,23,512,23,32016,82672,5888,4232,5888,5888,8736
256x256x256w20-40-22,256,256,256,20,40,22,20-40-22,MNK,14080,352,40,22,640,20,33920,80768,7040,3520,6400,7040,8736
256x256x256w22-40-20,256,256,256,22,40,20,22-40-20,MNK,12800,320,40,20,640,22,33920,80768,6400,3520,7040,6400,8736
256x256x256w19-48-21,256,256,256,19,48,21,19-48-21,MNK,16128,336,48,21,768,19,37104,77584,8064,3192,7296,8064,8736
256x256x256w22-40-21,256,256,256,22,40,21,22-40-21,MNK,13440,336,40,21,640,22,34912,79776,6720,3696,7040,6720,8736
256x256x256w20-40-23,256,256,256,20,40,23,20-40-23,MNK,14720,368,40,23,640,20,34880,79808,7360,3680,6400,7360,8736
256x256x256w23-32-22,256,256,256,23,32,22,23-32-22,M0K,11264,352,32,22,512,23,31136,83552,5632,4048,5888,5632,8736
256x256x256w19-48-20,256,256,256,19,48,20,19-48-20,MNK,15360,320,48,20,768,19,36032,78656,7680,3040,7296,7680,8736
256x256x256w23-16-44,256,256,256,23,16,44,23-16-44,M0K,11264,704,16,44,256,23,33344,81344,5632,8096,2944,5632,8736
256x256x256w23-16-43,256,256,256,23,16,43,23-16-43,M0K,11008,688,16,43,256,23,32720,81968,5504,7912,2944,5504,8736
256x256x256w15-16-64,256,256,256,15,16,64,15-16-64,M00,16384,512,16,64,128,15,35584,79104,8192,7680,1920,8192,8768
256x256x256w15-64-16,256,256,256,15,64,16,15-64-16,M00,16384,128,64,16,512,15,35584,79104,8192,1920,7680,8192,8768
256x256x256w15-32-32,256,256,256,15,32,32,15-32-32,M00,16384,256,32,32,256,15,31744,82944,8192,3840,3840,8192,8768
256x256x256w27-24-26,256,256,256,27,24,26,27-24-26,MNK,9984,624,24,26,576,27,31584,83104,4992,5616,5184,4992,8800
256x256x256w26-24-28,256,256,256,26,24,28,26-24-28,MNK,10752,672,24,28,576,26,32384,82304,5376,5824,4992,5376,8800
256x256x256w21-24-34,256,256,256,21,24,34,21-24-34,MNK,13056,544,24,34,384,21,32544,82144,6528,5712,4032,6528,8800
256x256x256w21-24-33,256,256,256,21,24,33,21-24-33,MNK,12672,528,24,33,384,21,31824,82864,6336,5544,4032,6336,8800
256x256x256w27-24-28,256,256,256,27,24,28,27-24-28,MNK,10752,672,24,28,576,27,33216,81472,5376,6048,5184,5376,8800
256x256x256w21-24-36,256,256,256,21,24,36,21-24-36,MNK,13824,576,24,36,384,21,33984,80704,6912,6048,4032,6912,8800
256x256x256w21-24-35,256,256,256,21,24,35,21-24-35,MNK,13440,560,24,35,384,21,33264,81424,6720,5880,4032,6720,8800
256x256x256w26-24-26,256,256,256,26,24,26,26-24-26,MNK,9984,624,24,26,576,26,30784,83904,4992,5408,4992,4992,8800
256x256x256w21-32-24,256,256,256,21,32,24,21-32-24,M0K,12288,384,32,24,512,21,31104,83584,6144,4032,5376,6144,8800
256x256x256w27-24-27,256,256,256,27,24,27,27-24-27,MNK,10368,648,24,27,576,27,32400,82288,5184,5832,5184,5184,8800
256x256x256w21-32-25,256,256,256,21,32,25,21-32-25,M0K,12800,400,32,25,512,21,31952,82736,6400,4200,5376,6400,8800
256x256x256w26-24-27,256,256,256,26,24,27,26-24-27,MNK,10368,648,24,27,576,26,31584,83104,5184,5616,4992,5184,8800
256x256x256w21-24-32,256,256,256,21,24,32,21-24-32,MN0,12288,512,24,32,384,21,31104,83584,6144,5376,4032,6144,8800
256x256x256w23-40-19,256,256,256,23,40,19,23-40-19,MNK,12160,304,40,19,640,23,33872,80816,6080,3496,7360,6080,8918
256x256x256w18-24-39,256,256,256,18,24,39,18-24-39,MNK,14976,624,24,39,384,18,33120,81568,7488,5616,3456,7488,8932
256x256x256w18-40-24,256,256,256,18,40,24,18-40-24,MNK,15360,384,40,24,640,18,33792,80896,7680,3456,5760,7680,8932
256x256x256w18-24-38,256,256,256,18,24,38,18-24-38,MNK,14592,608,24,38,384,18,32448,82240,7296,5472,3456,7296,8932
256x256x256w18-24-37,256,256,256,18,24,37,18-24-37,MNK,14208,592,24,37,384,18,31776,82912,7104,5328,3456,7104,8932
256x256x256w18-24-42,256,256,256,18,24,42,18-24-42,MNK,16128,672,24,42,384,18,35136,79552,8064,6048,3456,8064,8932
256x256x256w18-24-41,256,256,256,18,24,41,18-24-41,MNK,15744,656,24,41,384,18,34464,80224,7872,5904,3456,7872,8932
256x256x256w18-24-40,256,256,256,18,24,40,18-24-40,MNK,15360,640,24,40,384,18,33792,80896,7680,5760,3456,7680,8932
256x256x256w18-40-25,256,256,256,18,40,25,18-40-25,MNK,16000,400,40,25,640,18,34720,79968,8000,3600,5760,8000,8932
256x256x256w25-32-21,256,256,256,25,32,21,25-32-21,M0K,10752,504,32,21,768,25,31952,82736,5376,4200,6400,5376,8944
256x256x256w25-32-20,256,256,256,25,32,20,25-32-20,M0K,10240,480,32,20,768,25,31040,83648,5120,4000,6400,5120,8944
256x256x256w37-16-26,256,256,256,37,16,26,37-16-26,M0K,6656,832,16,26,512,37,31520,83168,3328,7696,4736,3328,8960
256x256x256w39-16-26,256,256,256,39,16,26,39-16-26,M0K,6656,832,16,26,512,39,32864,81824,3328,8112,4992,3328,8960
256x256x256w52-16-19,256,256,256,52,16,19,52-16-19,M0K,4864,912,16,19,768,52,33984,80704,2432,7904,6656,2432,8960
256x256x256w27-16-37,256,256,256,27,16,37,27-16-37,M0K,9472,888,16,37,384,27,32368,82320,4736,7992,3456,4736,8960
256x256x256w27-32-19,256,256,256,27,32,19,27-32-19,M0K,9728,456,32,19,768,27,31760,82928,4864,4104,6912,4864,8960
256x256x256w19-32-28,256,256,256,19,32,28,19-32-28,M0K,14336,448,32,28,512,19,32576,82112,7168,4256,4864,7168,8960
256x256x256w38-16-26,256,256,256,38,16,26,38-16-26,M0K,6656,832,16,26,512,38,32192,82496,3328,7904,4864,3328,8960
256x256x256w26-16-38,256,256,256,26,16,38,26-16-38,M0K,9728,912,16,38,384,26,32192,82496,4864,7904,3328,4864,8960
256x256x256w19-16-53,256,256,256,19,16,53,19-16-53,M0K,13568,848,16,53,256,19,34544,80144,6784,8056,2432,6784,8960
256x256x256w19-16-52,256,256,256,19,16,52,19-16-52,M0K,13312,832,16,52,256,19,33984,80704,6656,7904,2432,6656,8960
256x256x256w26-32-19,256,256,256,26,32,19,26-32-19,M0K,9728,456,32,19,768,26,30944,83744,4864,3952,6656,4864,8960
256x256x256w26-16-39,256,256,256,26,16,39,26-16-39,M0K,9984,936,16,39,384,26,32864,81824,4992,8112,3328,4992,8960
256x256x256w19-32-27,256,256,256,19,32,27,19-32-27,M0K,13824,432,32,27,512,19,31760,82928,6912,4104,4864,6912,8960
256x256x256w53-16-19,256,256,256,53,16,19,53-16-19,M0K,4864,912,16,19,768,53,34544,80144,2432,8056,6784,2432,8960
256x256x256w19-32-26,256,256,256,19,32,26,19-32-26,M0K,13312,416,32,26,512,19,30944,83744,6656,3952,4864,6656,8960
256x256x256w26-16-37,256,256,256,26,16,37,26-16-37,M0K,9472,888,16,37,384,26,31520,83168,4736,7696,3328,4736,8960
256x256x256w37-16-27,256,256,256,37,16,27,37-16-27,M0K,6912,864,16,27,512,37,32368,82320,3456,7992,4736,3456,8960
256x256x256w21-48-18,256,256,256,21,48,18,21-48-18,MNK,13824,288,48,18,768,21,36000,78688,6912,3024,8064,6912,9000
256x256x256w23-24-29,256,256,256,23,24,29,23-24-29,MNK,11136,464,24,29,384,23,30640,84048,5568,5336,4416,5568,9009
256x256x256w23-24-31,256,256,256,23,24,31,23-24-31,MNK,11904,496,24,31,384,23,32144,82544,5952,5704,4416,5952,9009
256x256x256w23-24-30,256,256,256,23,24,30,23-24-30,MNK,11520,480,24,30,384,23,31392,83296,5760,5520,4416,5760,9009
256x256x256w25-40-18,256,256,256,25,40,18,25-40-18,MNK,11520,432,40,18,960,25,34720,79968,5760,3600,8000,5760,9030
256x256x256w18-48-20,256,256,256,18,48,20,18-48-20,MNK,15360,320,48,20,768,18,34944,79744,7680,2880,6912,7680,9048
256x256x256w18-48-21,256,256,256,18,48,21,18-48-21,MNK,16128,336,48,21,768,18,36000,78688,8064,3024,6912,8064,9048
256x256x256w17-56-18,256,256,256,17,56,18,17-56-18,MNK,16128,288,56,18,896,17,36256,78432,8064,2448,7616,8064,9075
256x256x256w21-40-20,256,256,256,21,40,20,21-40-20,MNK,12800,320,40,20,640,21,32960,81728,6400,3360,6720,6400,9100
256x256x256w21-40-21,256,256,256,21,40,21,21-40-21,MNK,13440,336,40,21,640,21,33936,80752,6720,3528,6720,6720,9100
256x256x256w28-32-18,256,256,256,28,32,18,28-32-18,M0K,9216,432,32,18,768,28,31616,83072,4608,4032,7168,4608,9120
256x256x256w20-24-32,256,256,256,20,24,32,20-24-32,MN0,12288,512,24,32,384,20,30208,84480,6144,5120,3840,6144,9152
256x256x256w32-24-21,256,256,256,32,24,21,32-24-21,0NK,8064,672,24,21,768,32,31104,83584,4032,5376,6144,4032,9152
256x256x256w42-24-16,256,256,256,42,24,16,42-24-16,MN0,6144,640,24,16,960,42,33024,81664,3072,5376,8064,3072,9152
256x256x256w20-24-35,256,256,256,20,24,35,20-24-35,MNK,13440,560,24,35,384,20,32320,82368,6720,5600,3840,6720,9152
256x256x256w20-24-34,256,256,256,20,24,34,20-24-34,MNK,13056,544,24,34,384,20,31616,83072,6528,5440,3840,6528,9152
256x256x256w20-32-25,256,256,256,20,32,25,20-32-25,M0K,12800,400,32,25,512,20,31040,83648,6400,4000,5120,6400,9152
256x256x256w33-24-20,256,256,256,33,24,20,33-24-20,MNK,7680,640,24,20,768,33,30912,83776,3840,5280,6336,3840,9152
256x256x256w20-32-24,256,256,256,20,32,24,20-32-24,M0K,12288,384,32,24,512,20,30208,84480,6144,3840,5120,6144,9152
256x256x256w20-24-36,256,256,256,20,24,36,20-24-36,MNK,13824,576,24,36,384,20,33024,81664,6912,5760,3840,6912,9152
256x256x256w34-24-20,256,256,256,34,24,20,34-24-20,MNK,7680,640,24,20,768,34,31616,83072,3840,5440,6528,3840,9152
256x256x256w24-32-20,256,256,256,24,32,20,24-32-20,M0K,10240,480,32,20,768,24,30208,84480,5120,3840,6144,5120,9152
256x256x256w35-24-20,256,256,256,35,24,20,35-24-20,MNK,7680,640,24,20,768,35,32320,82368,3840,5600,6720,3840,9152
256x256x256w34-24-21,256,256,256,34,24,21,34-24-21,MNK,8064,672,24,21,768,34,32544,82144,4032,5712,6528,4032,9152
256x256x256w33-24-21,256,256,256,33,24,21,33-24-21,MNK,8064,672,24,21,768,33,31824,82864,4032,5544,6336,4032,9152
256x256x256w24-32-21,256,256,256,24,32,21,24-32-21,M0K,10752,504,32,21,768,24,31104,83584,5376,4032,6144,5376,9152
256x256x256w42-16-24,256,256,256,42,16,24,42-16-24,M0K,6144,960,16,24,640,42,33024,81664,3072,8064,5376,3072,9152
256x256x256w35-24-21,256,256,256,35,24,21,35-24-21,MNK,8064,672,24,21,768,35,33264,81424,4032,5880,6720,4032,9152
256x256x256w20-24-33,256,256,256,20,24,33,20-24-33,MNK,12672,528,24,33,384,20,30912,83776,6336,5280,3840,6336,9152
256x256x256w32-24-20,256,256,256,32,24,20,32-24-20,0NK,7680,640,24,20,768,32,30208,84480,3840,5120,6144,3840,9152
256x256x256w51-16-19,256,256,256,51,16,19,51-16-19,M0K,4864,912,16,19,768,51,33424,81264,2432,7752,6528,2432,9184
256x256x256w28-24-25,256,256,256,28,24,25,28-24-25,MNK,9600,600,24,25,576,28,31552,83136,4800,5600,5376,4800,9196
256x256x256w28-24-24,256,256,256,28,24,24,28-24-24,MNK,9216,576,24,24,576,28,30720,83968,4608,5376,5376,4608,9196
256x256x256w32-16-30,256,256,256,32,16,30,32-16-30,00K,7680,960,16,30,512,32,31232,83456,3840,7680,4096,3840,9216
256x256x256w32-16-29,256,256,256,32,16,29,32-16-29,00K,7424,928,16,29,512,32,30464,84224,3712,7424,4096,3712,9216
256x256x256w16-32-31,256,256,256,16,32,31,16-32-31,00K,15872,496,32,31,512,16,32000,82688,7936,3968,4096,7936,9216
256x256x256w16-32-30,256,256,256,16,32,30,16-32-30,00K,15360,480,32,30,512,16,31232,83456,7680,3840,4096,7680,9216
256x256x256w33-16-30,256,256,256,33,16,30,33-16-30,M0K,7680,960,16,30,512,33,31968,82720,3840,7920,4224,3840,9216
256x256x256w30-16-34,256,256,256,30,16,34,30-16-34,M0K,8704,816,16,34,384,30,32704,81984,4352,8160,3840,4352,9216
256x256x256w33-16-31,256,256,256,33,16,31,33-16-31,M0K,7936,992,16,31,512,33,32752,81936,3968,8184,4224,3968,9216
256x256x256w46-16-22,256,256,256,46,16,22,46-16-22,M0K,5632,880,16,22,640,46,33600,81088,2816,8096,5888,2816,9216
256x256x256w44-16-23,256,256,256,44,16,23,44-16-23,M0K,5888,920,16,23,640,44,33344,81344,2944,8096,5632,2944,9216
256x256x256w22-16-46,256,256,256,22,16,46,22-16-46,M0K,11776,736,16,46,256,22,33600,81088,5888,8096,2816,5888,9216
256x256x256w43-16-23,256,256,256,43,16,23,43-16-23,M0K,5888,920,16,23,640,43,32720,81968,2944,7912,5504,2944,9216
256x256x256w31-32-16,256,256,256,31,32,16,31-32-16,M00,8192,384,32,16,768,31,32000,82688,4096,3968,7936,4096,9216
256x256x256w32-16-31,256,256,256,32,16,31,32-16-31,00K,7936,992,16,31,512,32,32000,82688,3968,7936,4096,3968,9216
256x256x256w30-32-16,256,256,256,30,32,16,30-32-16,M00,8192,384,32,16,768,30,31232,83456,4096,3840,7680,4096,9216
256x256x256w34-16-29,256,256,256,34,16,29,34-16-29,M0K,7424,928,16,29,512,34,31904,82784,3712,7888,4352,3712,9216
256x256x256w45-16-22,256,256,256,45,16,22,45-16-22,M0K,5632,880,16,22,640,45,32992,81696,2816,7920,5760,2816,9216
256x256x256w29-16-33,256,256,256,29,16,33,29-16-33,M0K,8448,792,16,33,384,29,31184,83504,4224,7656,3712,4224,9216
256x256x256w22-16-45,256,256,256,22,16,45,22-16-45,M0K,11520,720,16,45,256,22,32992,81696,5760,7920,2816,5760,9216
256x256x256w31-16-32,256,256,256,31,16,32,31-16-32,M00,8192,768,16,32,384,31,32000,82688,4096,7936,3968,4096,9216
256x256x256w44-16-22,256,256,256,44,16,22,44-16-22,M0K,5632,880,16,22,640,44,32384,82304,2816,7744,5632,2816,9216
256x256x256w22-32-23,256,256,256,22,32,23,22-32-23,M0K,11776,368,32,23,512,22,31136,83552,5888,4048,5632,5888,9216
256x256x256w35-16-29,256,256,256,35,16,29,35-16-29,M0K,7424,928,16,29,512,35,32624,82064,3712,8120,4480,3712,9216
256x256x256w22-16-44,256,256,256,22,16,44,22-16-44,M0K,11264,704,16,44,256,22,32384,82304,5632,7744,2816,5632,9216
256x256x256w16-32-29,256,256,256,16,32,29,16-32-29,00K,14848,464,32,29,512,16,30464,84224,7424,3712,4096,7424,9216
256x256x256w30-16-32,256,256,256,30,16,32,30-16-32,M00,8192,768,16,32,384,30,31232,83456,4096,7680,3840,4096,9216
256x256x256w43-16-22,256,256,256,43,16,22,43-16-22,M0K,5632,880,16,22,640,43,31776,82912,2816,7568,5504,2816,9216
256x256x256w34-16-30,256,256,256,34,16,30,34-16-30,M0K,7680,960,16,30,512,34,32704,81984,3840,8160,4352,3840,9216
256x256x256w63-16-16,256,256,256,63,16,16,63-16-16,M00,4096,896,16,16,896,63,36352,78336,2048,8064,8064,2048,9216
256x256x256w29-16-34,256,256,256,29,16,34,29-16-34,M0K,8704,816,16,34,384,29,31904,82784,4352,7888,3712,4352,9216
256x256x256w30-16-33,256,256,256,30,16,33,30-16-33,M0K,8448,792,16,33,384,30,31968,82720,4224,7920,3840,4224,9216
256x256x256w31-16-33,256,256,256,31,16,33,31-16-33,M0K,8448,792,16,33,384,31,32752,81936,4224,8184,3968,4224,9216
256x256x256w22-16-43,256,256,256,22,16,43,22-16-43,M0K,11008,688,16,43,256,22,31776,82912,5504,7568,2816,5504,9216
256x256x256w29-16-32,256,256,256,29,16,32,29-16-32,M00,8192,768,16,32,384,29,30464,84224,4096,7424,3712,4096,9216
256x256x256w29-16-35,256,256,256,29,16,35,29-16-35,M0K,8960,840,16,35,384,29,32624,82064,4480,8120,3712,4480,9216
256x256x256w29-32-16,256,256,256,29,32,16,29-32-16,M00,8192,384,32,16,768,29,30464,84224,4096,3712,7424,4096,9216
256x256x256w33-16-29,256,256,256,33,16,29,33-16-29,M0K,7424,928,16,29,512,33,31184,83504,3712,7656,4224,3712,9216
256x256x256w22-32-22,256,256,256,22,32,22,22-32-22,M0K,11264,352,32,22,512,22,30272,84416,5632,3872,5632,5632,9216
256x256x256w38-24-18,256,256,256,38,24,18,38-24-18,MNK,6912,576,24,18,768,38,32448,82240,3456,5472,7296,3456,9240
256x256x256w24-40-18,256,256,256,24,40,18,24-40-18,MNK,11520,432,40,18,960,24,33792,80896,5760,3456,7680,5760,9240
256x256x256w40-24-18,256,256,256,40,24,18,40-24-18,MNK,6912,720,24,18,960,40,33792,80896,3456,5760,7680,3456,9240
256x256x256w39-24-18,256,256,256,39,24,18,39-24-18,MNK,6912,576,24,18,768,39,33120,81568,3456,5616,7488,3456,9240
256x256x256w41-24-18,256,256,256,41,24,18,41-24-18,MNK,6912,720,24,18,960,41,34464,80224,3456,5904,7872,3456,9240
256x256x256w37-24-18,256,256,256,37,24,18,37-24-18,MNK,6912,576,24,18,768,37,31776,82912,3456,5328,7104,3456,9240
256x256x256w36-24-19,256,256,256,36,24,19,36-24-19,MNK,7296,608,24,19,768,36,32064,82624,3648,5472,6912,3648,9240
256x256x256w18-16-55,256,256,256,18,16,55,18-16-55,M0K,14080,880,16,55,256,18,34528,80160,7040,7920,2304,7040,9280
256x256x256w18-32-27,256,256,256,18,32,27,18-32-27,M0K,13824,432,32,27,512,18,30816,83872,6912,3888,4608,6912,9280
256x256x256w18-32-28,256,256,256,18,32,28,18-32-28,M0K,14336,448,32,28,512,18,31616,83072,7168,4032,4608,7168,9280
256x256x256w18-16-54,256,256,256,18,16,54,18-16-54,M0K,13824,864,16,54,256,18,33984,80704,6912,7776,2304,6912,9280
256x256x256w18-16-56,256,256,256,18,16,56,18-16-56,M0K,14336,896,16,56,256,18,35072,79616,7168,8064,2304,7168,9280
256x256x256w18-16-52,256,256,256,18,16,52,18-16-52,M0K,13312,832,16,52,256,18,32896,81792,6656,7488,2304,6656,9280
256x256x256w18-56-16,256,256,256,18,56,16,18-56-16,MN0,14336,256,56,16,896,18,35072,79616,7168,2304,8064,7168,9280
256x256x256w18-16-53,256,256,256,18,16,53,18-16-53,M0K,13568,848,16,53,256,18,33440,81248,6784,7632,2304,6784,9280
256x256x256w18-32-26,256,256,256,18,32,26,18-32-26,M0K,13312,416,32,26,512,18,30016,84672,6656,3744,4608,6656,9280
256x256x256w17-24-39,256,256,256,17,24,39,17-24-39,MNK,14976,624,24,39,384,17,32112,82576,7488,5304,3264,7488,9317
256x256x256w17-40-25,256,256,256,17,40,25,17-40-25,MNK,16000,400,40,25,640,17,33680,81008,8000,3400,5440,8000,9317
256x256x256w17-24-38,256,256,256,17,24,38,17-24-38,MNK,14592,608,24,38,384,17,31456,83232,7296,5168,3264,7296,9317
256x256x256w17-24-40,256,256,256,17,24,40,17-24-40,MNK,15360,640,24,40,384,17,32768,81920,7680,5440,3264,7680,9317
256x256x256w17-24-41,256,256,256,17,24,41,17-24-41,MNK,15744,656,24,41,384,17,33424,81264,7872,5576,3264,7872,9317
256x256x256w17-24-37,256,256,256,17,24,37,17-24-37,MNK,14208,592,24,37,384,17,30800,83888,7104,5032,3264,7104,9317
256x256x256w17-40-24,256,256,256,17,40,24,17-40-24,MNK,15360,384,40,24,640,17,32768,81920,7680,3264,5440,7680,9317
256x256x256w17-24-42,256,256,256,17,24,42,17-24-42,MNK,16128,672,24,42,384,17,34080,80608,8064,5712,3264,8064,9317
256x256x256w20-48-18,256,256,256,20,48,18,20-48-18,MNK,13824,288,48,18,768,20,34944,79744,6912,2880,7680,6912,9360
256x256x256w22-40-19,256,256,256,22,40,19,22-40-19,MNK,12160,304,40,19,640,22,32928,81760,6080,3344,7040,6080,9408
256x256x256w19-40-22,256,256,256,19,40,22,19-40-22,MNK,14080,352,40,22,640,19,32928,81760,7040,3344,6080,7040,9408
256x256x256w19-48-19,256,256,256,19,48,19,19-48-19,MNK,14592,304,48,19,768,19,34960,79728,7296,2888,7296,7296,9408
256x256x256w19-40-23,256,256,256,19,40,23,19-40-23,MNK,14720,368,40,23,640,19,33872,80816,7360,3496,6080,7360,9408
256x256x256w17-48-21,256,256,256,17,48,21,17-48-21,MNK,16128,336,48,21,768,17,34896,79792,8064,2856,6528,8064,9438
256x256x256w17-48-20,256,256,256,17,48,20,17-48-20,MNK,15360,320,48,20,768,17,33856,80832,7680,2720,6528,7680,9438
256x256x256w25-24-27,256,256,256,25,24,27,25-24-27,MNK,10368,648,24,27,576,25,30768,83920,5184,5400,4800,5184,9460
256x256x256w25-24-28,256,256,256,25,24,28,25-24-28,MNK,10752,672,24,28,576,25,31552,83136,5376,5600,4800,5376,9460
256x256x256w25-24-26,256,256,256,25,24,26,25-24-26,MNK,9984,624,24,26,576,25,29984,84704,4992,5200,4800,4992,9460
256x256x256w20-40-21,256,256,256,20,40,21,20-40-21,MNK,13440,336,40,21,640,20,32960,81728,6720,3360,6400,6720,9464
256x256x256w23-32-20,256,256,256,23,32,20,23-32-20,M0K,10240,320,32,20,512,23,29376,85312,5120,3680,5888,5120,9464
256x256x256w23-32-21,256,256,256,23,32,21,23-32-21,M0K,10752,336,32,21,512,23,30256,84432,5376,3864,5888,5376,9464
256x256x256w20-40-20,256,256,256,20,40,20,20-40-20,MNK,12800,320,40,20,640,20,32000,82688,6400,3200,6400,6400,9464
256x256x256w14-16-64,256,256,256,14,16,64,14-16-64,M00,16384,512,16,64,128,14,34304,80384,8192,7168,1792,8192,9472
256x256x256w14-32-32,256,256,256,14,32,32,14-32-32,M00,16384,256,32,32,256,14,30720,83968,8192,3584,3584,8192,9472
256x256x256w14-64-16,256,256,256,14,64,16,14-64-16,M00,16384,128,64,16,512,14,34304,80384,8192,1792,7168,8192,9472
256x256x256w30-24-23,256,256,256,30,24,23,30-24-23,MNK,8832,552,24,23,576,30,31392,83296,4416,5520,5760,4416,9504
256x256x256w29-24-23,256,256,256,29,24,23,29-24-23,MNK,8832,552,24,23,576,29,30640,84048,4416,5336,5568,4416,9504
256x256x256w22-24-29,256,256,256,22,24,29,22-24-29,MNK,11136,464,24,29,384,22,29792,84896,5568,5104,4224,5568,9504
256x256x256w22-24-31,256,256,256,22,24,31,22-24-31,MNK,11904,496,24,31,384,22,31264,83424,5952,5456,4224,5952,9504
256x256x256w30-24-22,256,256,256,30,24,22,30-24-22,MNK,8448,528,24,22,576,30,30528,84160,4224,5280,5760,4224,9504
256x256x256w22-24-30,256,256,256,22,24,30,22-24-30,MNK,11520,480,24,30,384,22,30528,84160,5760,5280,4224,5760,9504
256x256x256w29-24-22,256,256,256,29,24,22,29-24-22,MNK,8448,528,24,22,576,29,29792,84896,4224,5104,5568,4224,9504
256x256x256w31-24-22,256,256,256,31,24,22,31-24-22,MNK,8448,528,24,22,576,31,31264,83424,4224,5456,5952,4224,9504
256x256x256w31-24-23,256,256,256,31,24,23,31-24-23,MNK,8832,552,24,23,576,31,32144,82544,4416,5704,5952,4416,9504
256x256x256w23-40-18,256,256,256,23,40,18,23-40-18,MNK,11520,288,40,18,640,23,32864,81824,5760,3312,7360,5760,9555
256x256x256w50-16-20,256,256,256,50,16,20,50-16-20,M0K,5120,960,16,20,768,50,33920,80768,2560,8000,6400,2560,9568
256x256x256w21-16-43,256,256,256,21,16,43,21-16-43,M0K,11008,688,16,43,256,21,30832,83856,5504,7224,2688,5504,9600
256x256x256w26-32-18,256,256,256,26,32,18,26-32-18,M0K,9216,432,32,18,768,26,30016,84672,4608,3744,6656,4608,9600
256x256x256w36-16-26,256,256,256,36,16,26,36-16-26,M0K,6656,832,16,26,512,36,30848,83840,3328,7488,4608,3328,9600
256x256x256w21-32-23,256,256,256,21,32,23,21-32-23,M0K,11776,368,32,23,512,21,30256,84432,5888,3864,5376,5888,9600
256x256x256w52-16-18,256,256,256,52,16,18,52-16-18,M0K,4608,864,16,18,768,52,32896,81792,2304,7488,6656,2304,9600
256x256x256w56-16-18,256,256,256,56,16,18,56-16-18,M0K,4608,1008,16,18,896,56,35072,79616,2304,8064,7168,2304,9600
256x256x256w27-32-18,256,256,256,27,32,18,27-32-18,M0K,9216,432,32,18,768,27,30816,83872,4608,3888,6912,4608,9600
256x256x256w21-16-48,256,256,256,21,16,48,21-16-48,M0K,12288,768,16,48,256,21,33792,80896,6144,8064,2688,6144,9600
256x256x256w21-16-46,256,256,256,21,16,46,21-16-46,M0K,11776,736,16,46,256,21,32608,82080,5888,7728,2688,5888,9600
256x256x256w36-16-28,256,256,256,36,16,28,36-16-28,M0K,7168,896,16,28,512,36,32512,82176,3584,8064,4608,3584,9600
256x256x256w53-16-18,256,256,256,53,16,18,53-16-18,M0K,4608,864,16,18,768,53,33440,81248,2304,7632,6784,2304,9600
256x256x256w16-56-18,256,256,256,16,56,18,16-56-18,0NK,16128,288,56,18,896,16,35072,79616,8064,2304,7168,8064,9600
256x256x256w21-16-44,256,256,256,21,16,44,21-16-44,M0K,11264,704,16,44,256,21,31424,83264,5632,7392,2688,5632,9600
256x256x256w54-16-18,256,256,256,54,16,18,54-16-18,M0K,4608,864,16,18,768,54,33984,80704,2304,7776,6912,2304,9600
256x256x256w21-32-22,256,256,256,21,32,22,21-32-22,M0K,11264,352,32,22,512,21,29408,85280,5632,3696,5376,5632,9600
256x256x256w21-16-47,256,256,256,21,16,47,21-16-47,M0K,12032,752,16,47,256,21,33200,81488,6016,7896,2688,6016,9600
256x256x256w36-16-27,256,256,256,36,16,27,36-16-27,M0K,6912,864,16,27,512,36,31680,83008,3456,7776,4608,3456,9600
256x256x256w21-16-45,256,256,256,21,16,45,21-16-45,M0K,11520,720,16,45,256,21,32016,82672,5760,7560,2688,5760,9600
256x256x256w55-16-18,256,256,256,55,16,18,55-16-18,M0K,4608,864,16,18,768,55,34528,80160,2304,7920,7040,2304,9600
256x256x256w21-48-16,256,256,256,21,48,16,21-48-16,MN0,12288,256,48,16,768,21,33792,80896,6144,2688,8064,6144,9600
256x256x256w25-40-16,256,256,256,25,40,16,25-40-16,MN0,10240,384,40,16,960,25,32640,82048,5120,3200,8000,5120,9632
256x256x256w25-16-40,256,256,256,25,16,40,25-16-40,M0K,10240,960,16,40,384,25,32640,82048,5120,8000,3200,5120,9632
256x256x256w25-16-37,256,256,256,25,16,37,25-16-37,M0K,9472,888,16,37,384,25,30672,84016,4736,7400,3200,4736,9632
256x256x256w25-16-39,256,256,256,25,16,39,25-16-39,M0K,9984,936,16,39,384,25,31984,82704,4992,7800,3200,4992,9632
256x256x256w25-16-38,256,256,256,25,16,38,25-16-38,M0K,9728,912,16,38,384,25,31328,83360,4864,7600,3200,4864,9632
256x256x256w25-32-19,256,256,256,25,32,19,25-32-19,M0K,9728,456,32,19,768,25,30128,84560,4864,3800,6400,4864,9632
256x256x256w17-56-16,256,256,256,17,56,16,17-56-16,MN0,14336,256,56,16,896,17,33920,80768,7168,2176,7616,7168,9680
256x256x256w17-32-27,256,256,256,17,32,27,17-32-27,M0K,13824,432,32,27,512,17,29872,84816,6912,3672,4352,6912,9680
256x256x256w27-24-24,256,256,256,27,24,24,27-24-24,MNK,9216,576,24,24,576,27,29952,84736,4608,5184,5184,4608,9680
256x256x256w17-16-59,256,256,256,17,16,59,17-16-59,M0K,15104,944,16,59,256,17,35504,79184,7552,8024,2176,7552,9680
256x256x256w17-16-54,256,256,256,17,16,54,17-16-54,M0K,13824,864,16,54,256,17,32864,81824,6912,7344,2176,6912,9680
256x256x256w27-24-25,256,256,256,27,24,25,27-24-25,MNK,9600,600,24,25,576,27,30768,83920,4800,5400,5184,4800,9680
256x256x256w17-32-28,256,256,256,17,32,28,17-32-28,M0K,14336,448,32,28,512,17,30656,84032,7168,3808,4352,7168,9680
256x256x256w24-24-28,256,256,256,24,24,28,24-24-28,MNK,10752,672,24,28,576,24,30720,83968,5376,5376,4608,5376,9680
256x256x256w26-24-24,256,256,256,26,24,24,26-24-24,MNK,9216,576,24,24,576,26,29184,85504,4608,4992,4992,4608,9680
256x256x256w17-16-52,256,256,256,17,16,52,17-16-52,M0K,13312,832,16,52,256,17,31808,82880,6656,7072,2176,6656,9680
256x256x256w17-16-60,256,256,256,17,16,60,17-16-60,M0K,15360,960,16,60,256,17,36032,78656,7680,8160,2176,7680,9680
256x256x256w24-24-26,256,256,256,24,24,26,24-24-26,MNK,9984,624,24,26,576,24,29184,85504,4992,4992,4608,4992,9680
256x256x256w17-16-58,256,256,256,17,16,58,17-16-58,M0K,14848,928,16,58,256,17,34976,79712,7424,7888,2176,7424,9680
256x256x256w17-16-57,256,256,256,17,16,57,17-16-57,M0K,14592,912,16,57,256,17,34448,80240,7296,7752,2176,7296,9680
256x256x256w17-16-56,256,256,256,17,16,56,17-16-56,M0K,14336,896,16,56,256,17,33920,80768,7168,7616,2176,7168,9680
256x256x256w26-24-25,256,256,256,26,24,25,26-24-25,MNK,9600,600,24,25,576,26,29984,84704,4800,5200,4992,4800,9680
256x256x256w17-16-53,256,256,256,17,16,53,17-16-53,M0K,13568,848,16,53,256,17,32336,82352,6784,7208,2176,6784,9680
256x256x256w17-32-26,256,256,256,17,32,26,17-32-26,M0K,13312,416,32,26,512,17,29088,85600,6656,3536,4352,6656,9680
256x256x256w24-24-27,256,256,256,24,24,27,24-24-27,MNK,10368,648,24,27,576,24,29952,84736,5184,5184,4608,5184,9680
256x256x256w17-16-55,256,256,256,17,16,55,17-16-55,M0K,14080,880,16,55,256,17,33392,81296,7040,7480,2176,7040,9680
256x256x256w28-16-34,256,256,256,28,16,34,28-16-34,M0K,8704,816,16,34,384,28,31104,83584,4352,7616,3584,4352,9728
256x256x256w64-16-14,256,256,256,64,16,14,64-16-14,00K,3584,896,16,14,1024,64,34304,80384,1792,7168,8192,1792,9728
256x256x256w28-16-33,256,256,256,28,16,33,28-16-33,M0K,8448,792,16,33,384,28,30400,84288,4224,7392,3584,4224,9728
256x256x256w28-16-35,256,256,256,28,16,35,28-16-35,M0K,8960,840,16,35,384,28,31808,82880,4480,7840,3584,4480,9728
256x256x256w16-64-14,256,256,256,16,64,14,16-64-14,00K,14336,224,64,14,1024,16,34304,80384,7168,1792,8192,7168,9728
256x256x256w32-32-14,256,256,256,32,32,14,32-32-14,00K,7168,448,32,14,1024,32,30720,83968,3584,3584,8192,3584,9728
256x256x256w28-16-36,256,256,256,28,16,36,28-16-36,M0K,9216,864,16,36,384,28,32512,82176,4608,8064,3584,4608,9728
256x256x256w28-32-16,256,256,256,28,32,16,28-32-16,M00,8192,384,32,16,768,28,29696,84992,4096,3584,7168,4096,9728
256x256x256w28-16-32,256,256,256,28,16,32,28-16-32,M00,8192,768,16,32,384,28,29696,84992,4096,7168,3584,4096,9728
256x256x256w18-48-19,256,256,256,18,48,19,18-48-19,MNK,14592,304,48,19,768,18,33888,80800,7296,2736,6912,7296,9744
256x256x256w18-40-22,256,256,256,18,40,22,18-40-22,MNK,14080,352,40,22,640,18,31936,82752,7040,3168,5760,7040,9744
256x256x256w18-40-23,256,256,256,18,40,23,18-40-23,MNK,14720,368,40,23,640,18,32864,81824,7360,3312,5760,7360,9744
256x256x256w21-40-19,256,256,256,21,40,19,21-40-19,MNK,12160,304,40,19,640,21,31984,82704,6080,3192,6720,6080,9800
256x256x256w51-16-18,256,256,256,51,16,18,51-16-18,M0K,4608,864,16,18,768,51,32352,82336,2304,7344,6528,2304,9840
256x256x256w39-16-24,256,256,256,39,16,24,39-16-24,M0K,6144,768,16,24,512,39,31104,83584,3072,7488,4992,3072,9856
256x256x256w37-16-25,256,256,256,37,16,25,37-16-25,M0K,6400,800,16,25,512,37,30672,84016,3200,7400,4736,3200,9856
256x256x256w40-24-16,256,256,256,40,24,16,40-24-16,MN0,6144,640,24,16,960,40,31744,82944,3072,5120,7680,3072,9856
256x256x256w16-40-25,256,256,256,16,40,25,16-40-25,0NK,16000,400,40,25,640,16,32640,82048,8000,3200,5120,8000,9856
256x256x256w37-24-16,256,256,256,37,24,16,37-24-16,MN0,6144,512,24,16,768,37,29824,84864,3072,4736,7104,3072,9856
256x256x256w35-24-19,256,256,256,35,24,19,35-24-19,MNK,7296,608,24,19,768,35,31376,83312,3648,5320,6720,3648,9856
256x256x256w38-16-25,256,256,256,38,16,25,38-16-25,M0K,6400,800,16,25,512,38,31328,83360,3200,7600,4864,3200,9856
256x256x256w19-24-34,256,256,256,19,24,34,19-24-34,MNK,13056,544,24,34,384,19,30688,84000,6528,5168,3648,6528,9856
256x256x256w24-16-38,256,256,256,24,16,38,24-16-38,M0K,9728,912,16,38,384,24,30464,84224,4864,7296,3072,4864,9856
256x256x256w24-16-41,256,256,256,24,16,41,24-16-41,M0K,10496,984,16,41,384,24,32384,82304,5248,7872,3072,5248,9856
256x256x256w19-24-33,256,256,256,19,24,33,19-24-33,MNK,12672,528,24,33,384,19,30000,84688,6336,5016,3648,6336,9856
256x256x256w39-16-25,256,256,256,39,16,25,39-16-25,M0K,6400,800,16,25,512,39,31984,82704,3200,7800,4992,3200,9856
256x256x256w38-16-24,256,256,256,38,16,24,38-16-24,M0K,6144,768,16,24,512,38,30464,84224,3072,7296,4864,3072,9856
256x256x256w16-24-38,256,256,256,16,24,38,16-24-38,0NK,14592,608,24,38,384,16,30464,84224,7296,4864,3072,7296,9856
256x256x256w19-32-24,256,256,256,19,32,24,19-32-24,M0K,12288,384,32,24,512,19,29312,85376,6144,3648,4864,6144,9856
256x256x256w24-16-40,256,256,256,24,16,40,24-16-40,M0K,10240,960,16,40,384,24,31744,82944,5120,7680,3072,5120,9856
256x256x256w16-24-37,256,256,256,16,24,37,16-24-37,0NK,14208,592,24,37,384,16,29824,84864,7104,4736,3072,7104,9856
256x256x256w38-24-16,256,256,256,38,24,16,38-24-16,MN0,6144,512,24,16,768,38,30464,84224,3072,4864,7296,3072,9856
256x256x256w24-16-39,256,256,256,24,16,39,24-16-39,M0K,9984,936,16,39,384,24,31104,83584,4992,7488,3072,4992,9856
256x256x256w16-24-42,256,256,256,16,24,42,16-24-42,0NK,16128,672,24,42,384,16,33024,81664,8064,5376,3072,8064,9856
256x256x256w19-24-36,256,256,256,19,24,36,19-24-36,MNK,13824,576,24,36,384,19,32064,82624,6912,5472,3648,6912,9856
256x256x256w24-16-37,256,256,256,24,16,37,24-16-37,M0K,9472,888,16,37,384,24,29824,84864,4736,7104,3072,4736,9856
256x256x256w33-24-19,256,256,256,33,24,19,33-24-19,MNK,7296,608,24,19,768,33,30000,84688,3648,5016,6336,3648,9856
256x256x256w16-24-41,256,256,256,16,24,41,16-24-41,0NK,15744,656,24,41,384,16,32384,82304,7872,5248,3072,7872,9856
256x256x256w16-40-24,256,256,256,16,40,24,16-40-24,0NK,15360,384,40,24,640,16,31744,82944,7680,3072,5120,7680,9856
256x256x256w24-16-42,256,256,256,24,16,42,24-16-42,M0K,10752,1008,16,42,384,24,33024,81664,5376,8064,3072,5376,9856
256x256x256w16-24-39,256,256,256,16,24,39,16-24-39,0NK,14976,624,24,39,384,16,31104,83584,7488,4992,3072,7488,9856
256x256x256w24-32-19,256,256,256,24,32,19,24-32-19,M0K,9728,456,32,19,768,24,29312,85376,4864,3648,6144,4864,9856
256x256x256w19-32-25,256,256,256,19,32,25,19-32-25,M0K,12800,400,32,25,512,19,30128,84560,6400,3800,4864,6400,9856
256x256x256w40-16-25,256,256,256,40,16,25,40-16-25,M0K,6400,1000,16,25,640,40,32640,82048,3200,8000,5120,3200,9856
256x256x256w39-24-16,256,256,256,39,24,16,39-24-16,MN0,6144,512,24,16,768,39,31104,83584,3072,4992,7488,3072,9856
256x256x256w34-24-19,256,256,256,34,24,19,34-24-19,MNK,7296,608,24,19,768,34,30688,84000,3648,5168,6528,3648,9856
256x256x256w16-24-40,256,256,256,16,24,40,16-24-40,0NK,15360,640,24,40,384,16,31744,82944,7680,5120,3072,7680,9856
256x256x256w32-24-19,256,256,256,32,24,19,32-24-19,0NK,7296,608,24,19,768,32,29312,85376,3648,4864,6144,3648,9856
256x256x256w40-16-24,256,256,256,40,16,24,40-16-24,M0K,6144,960,16,24,640,40,31744,82944,3072,7680,5120,3072,9856
256x256x256w41-16-24,256,256,256,41,16,24,41-16-24,M0K,6144,960,16,24,640,41,32384,82304,3072,7872,5248,3072,9856
256x256x256w37-16-24,256,256,256,37,16,24,37-16-24,M0K,6144,768,16,24,512,37,29824,84864,3072,7104,4736,3072,9856
256x256x256w24-40-16,256,256,256,24,40,16,24-40-16,MN0,10240,384,40,16,960,24,31744,82944,5120,3072,7680,5120,9856
256x256x256w19-24-35,256,256,256,19,24,35,19-24-35,MNK,13440,560,24,35,384,19,31376,83312,6720,5320,3648,6720,9856
256x256x256w41-24-16,256,256,256,41,24,16,41-24-16,MN0,6144,640,24,16,960,41,32384,82304,3072,5248,7872,3072,9856
256x256x256w19-24-32,256,256,256,19,24,32,19-24-32,MN0,12288,512,24,32,384,19,29312,85376,6144,4864,3648,6144,9856
256x256x256w15-32-30,256,256,256,15,32,30,15-32-30,M0K,15360,240,32,30,256,15,30240,84448,7680,3600,3840,7680,9864
256x256x256w15-32-29,256,256,256,15,32,29,15-32-29,M0K,14848,232,32,29,256,15,29488,85200,7424,3480,3840,7424,9864
256x256x256w15-32-31,256,256,256,15,32,31,15-32-31,M0K,15872,248,32,31,256,15,30992,83696,7936,3720,3840,7936,9864
256x256x256w21-24-29,256,256,256,21,24,29,21-24-29,MNK,11136,464,24,29,384,21,28944,85744,5568,4872,4032,5568,9900
256x256x256w36-24-18,256,256,256,36,24,18,36-24-18,MNK,6912,576,24,18,768,36,31104,83584,3456,5184,6912,3456,9900
256x256x256w21-24-31,256,256,256,21,24,31,21-24-31,MNK,11904,496,24,31,384,21,30384,84304,5952,5208,4032,5952,9900
256x256x256w21-24-30,256,256,256,21,24,30,21-24-30,MNK,11520,480,24,30,384,21,29664,85024,5760,5040,4032,5760,9900
256x256x256w20-16-45,256,256,256,20,16,45,20-16-45,M0K,11520,720,16,45,256,20,31040,83648,5760,7200,2560,5760,9984
256x256x256w20-16-43,256,256,256,20,16,43,20-16-43,M0K,11008,688,16,43,256,20,29888,84800,5504,6880,2560,5504,9984
256x256x256w20-48-16,256,256,256,20,48,16,20-48-16,MN0,12288,256,48,16,768,20,32768,81920,6144,2560,7680,6144,9984
256x256x256w47-16-20,256,256,256,47,16,20,47-16-20,M0K,5120,800,16,20,640,47,32192,82496,2560,7520,6016,2560,9984
256x256x256w43-16-20,256,256,256,43,16,20,43-16-20,M0K,5120,800,16,20,640,43,29888,84800,2560,6880,5504,2560,9984
256x256x256w20-32-22,256,256,256,20,32,22,20-32-22,M0K,11264,352,32,22,512,20,28544,86144,5632,3520,5120,5632,9984
256x256x256w20-16-50,256,256,256,20,16,50,20-16-50,M0K,12800,800,16,50,256,20,33920,80768,6400,8000,2560,6400,9984
256x256x256w20-16-49,256,256,256,20,16,49,20-16-49,M0K,12544,784,16,49,256,20,33344,81344,6272,7840,2560,6272,9984
256x256x256w46-16-20,256,256,256,46,16,20,46-16-20,M0K,5120,800,16,20,640,46,31616,83072,2560,7360,5888,2560,9984
256x256x256w22-32-21,256,256,256,22,32,21,22-32-21,M0K,10752,336,32,21,512,22,29408,85280,5376,3696,5632,5376,9984
256x256x256w46-16-21,256,256,256,46,16,21,46-16-21,M0K,5376,840,16,21,640,46,32608,82080,2688,7728,5888,2688,9984
256x256x256w16-48-21,256,256,256,16,48,21,16-48-21,0NK,16128,336,48,21,768,16,33792,80896,8064,2688,6144,8064,9984
256x256x256w20-16-48,256,256,256,20,16,48,20-16-48,M0K,12288,768,16,48,256,20,32768,81920,6144,7680,2560,6144,9984
256x256x256w44-16-21,256,256,256,44,16,21,44-16-21,M0K,5376,840,16,21,640,44,31424,83264,2688,7392,5632,2688,9984
256x256x256w22-32-20,256,256,256,22,32,20,22-32-20,M0K,10240,320,32,20,512,22,28544,86144,5120,3520,5632,5120,9984
256x256x256w16-48-20,256,256,256,16,48,20,16-48-20,0NK,15360,320,48,20,768,16,32768,81920,7680,2560,6144,7680,9984
256x256x256w42-16-22,256,256,256,42,16,22,42-16-22,M0K,5632,880,16,22,640,42,31168,83520,2816,7392,5376,2816,9984
256x256x256w48-16-21,256,256,256,48,16,21,48-16-21,M0K,5376,1008,16,21,768,48,33792,80896,2688,8064,6144,2688,9984
256x256x256w47-16-21,256,256,256,47,16,21,47-16-21,M0K,5376,840,16,21,640,47,33200,81488,2688,7896,6016,2688,9984
256x256x256w20-16-44,256,256,256,20,16,44,20-16-44,M0K,11264,704,16,44,256,20,30464,84224,5632,7040,2560,5632,9984
256x256x256w45-16-21,256,256,256,45,16,21,45-16-21,M0K,5376,840,16,21,640,45,32016,82672,2688,7560,5760,2688,9984
256x256x256w49-16-20,256,256,256,49,16,20,49-16-20,M0K,5120,960,16,20,768,49,33344,81344,2560,7840,6272,2560,9984
256x256x256w20-16-47,256,256,256,20,16,47,20-16-47,M0K,12032,752,16,47,256,20,32192,82496,6016,7520,2560,6016,9984
256x256x256w43-16-21,256,256,256,43,16,21,43-16-21,M0K,5376,840,16,21,640,43,30832,83856,2688,7224,5504,2688,9984
256x256x256w45-16-20,256,256,256,45,16,20,45-16-20,M0K,5120,800,16,20,640,45,31040,83648,2560,7200,5760,2560,9984
256x256x256w48-16-20,256,256,256,48,16,20,48-16-20,M0K,5120,960,16,20,768,48,32768,81920,2560,7680,6144,2560,9984
256x256x256w20-16-46,256,256,256,20,16,46,20-16-46,M0K,11776,736,16,46,256,20,31616,83072,5888,7360,2560,5888,9984
256x256x256w20-32-23,256,256,256,20,32,23,20-32-23,M0K,11776,368,32,23,512,20,29376,85312,5888,3680,5120,5888,9984
256x256x256w42-16-23,256,256,256,42,16,23,42-16-23,M0K,5888,920,16,23,640,42,32096,82592,2944,7728,5376,2944,9984
256x256x256w44-16-20,256,256,256,44,16,20,44-16-20,M0K,5120,800,16,20,640,44,30464,84224,2560,7040,5632,2560,9984
256x256x256w23-24-27,256,256,256,23,24,27,23-24-27,MNK,10368,432,24,27,384,23,29136,85552,5184,4968,4416,5184,10010
256x256x256w23-24-26,256,256,256,23,24,26,23-24-26,MNK,9984,416,24,26,384,23,28384,86304,4992,4784,4416,4992,10010
256x256x256w23-24-28,256,256,256,23,24,28,23-24-28,MNK,10752,448,24,28,384,23,29888,84800,5376,5152,4416,5376,10010
256x256x256w28-24-22,256,256,256,28,24,22,28-24-22,MNK,8448,528,24,22,576,28,29056,85632,4224,4928,5376,4224,10032
256x256x256w28-24-23,256,256,256,28,24,23,28-24-23,MNK,8832,552,24,23,576,28,29888,84800,4416,5152,5376,4416,10032
256x256x256w19-48-18,256,256,256,19,48,18,19-48-18,MNK,13824,288,48,18,768,19,33888,80800,6912,2736,7296,6912,10080
256x256x256w22-40-18,256,256,256,22,40,18,22-40-18,MNK,11520,288,40,18,640,22,31936,82752,5760,3168,7040,5760,10080
256x256x256w17-40-22,256,256,256,17,40,22,17-40-22,MNK,14080,352,40,22,640,17,30944,83744,7040,2992,5440,7040,10164
256x256x256w17-40-23,256,256,256,17,40,23,17-40-23,MNK,14720,368,40,23,640,17,31856,82832,7360,3128,5440,7360,10164
256x256x256w17-48-19,256,256,256,17,48,19,17-48-19,MNK,14592,304,48,19,768,17,32816,81872,7296,2584,6528,7296,10164
256x256x256w23-16-42,256,256,256,23,16,42,23-16-42,M0K,10752,672,16,42,256,23,32096,82592,5376,7728,2944,5376,10192
256x256x256w23-16-38,256,256,256,23,16,38,23-16-38,M0K,9728,608,16,38,256,23,29600,85088,4864,6992,2944,4864,10192
256x256x256w23-16-37,256,256,256,23,16,37,23-16-37,M0K,9472,592,16,37,256,23,28976,85712,4736,6808,2944,4736,10192
256x256x256w23-32-19,256,256,256,23,32,19,23-32-19,M0K,9728,304,32,19,512,23,28496,86192,4864,3496,5888,4864,10192
256x256x256w23-40-16,256,256,256,23,40,16,23-40-16,MN0,10240,256,40,16,640,23,30848,83840,5120,2944,7360,5120,10192
256x256x256w23-16-41,256,256,256,23,16,41,23-16-41,M0K,10496,656,16,41,256,23,31472,83216,5248,7544,2944,5248,10192
256x256x256w20-40-19,256,256,256,20,40,19,20-40-19,MNK,12160,304,40,19,640,20,31040,83648,6080,3040,6400,6080,10192
256x256x256w19-40-20,256,256,256,19,40,20,19-40-20,MNK,12800,320,40,20,640,19,31040,83648,6400,3040,6080,6400,10192
256x256x256w19-40-21,256,256,256,19,40,21,19-40-21,MNK,13440,336,40,21,640,19,31984,82704,6720,3192,6080,6720,10192
256x256x256w23-16-40,256,256,256,23,16,40,23-16-40,M0K,10240,640,16,40,256,23,30848,83840,5120,7360,2944,5120,10192
256x256x256w23-16-39,256,256,256,23,16,39,23-16-39,M0K,9984,624,16,39,256,23,30224,84464,4992,7176,2944,4992,10192
256x256x256w18-32-25,256,256,256,18,32,25,18-32-25,M0K,12800,400,32,25,512,18,29216,85472,6400,3600,4608,6400,10208
256x256x256w18-24-32,256,256,256,18,24,32,18-24-32,MN0,12288,512,24,32,384,18,28416,86272,6144,4608,3456,6144,10208
256x256x256w18-24-35,256,256,256,18,24,35,18-24-35,MNK,13440,560,24,35,384,18,30432,84256,6720,5040,3456,6720,10208
256x256x256w18-24-34,256,256,256,18,24,34,18-24-34,MNK,13056,544,24,34,384,18,29760,84928,6528,4896,3456,6528,10208
256x256x256w18-24-36,256,256,256,18,24,36,18-24-36,MNK,13824,576,24,36,384,18,31104,83584,6912,5184,3456,6912,10208
256x256x256w18-32-24,256,256,256,18,32,24,18-32-24,M0K,12288,384,32,24,512,18,28416,86272,6144,3456,4608,6144,10208
256x256x256w18-24-33,256,256,256,18,24,33,18-24-33,MNK,12672,528,24,33,384,18,29088,85600,6336,4752,3456,6336,10208
256x256x256w16-32-26,256,256,256,16,32,26,16-32-26,00K,13312,416,32,26,512,16,28160,86528,6656,3328,4096,6656,10240
256x256x256w16-16-56,256,256,256,16,16,56,16-16-56,00K,14336,896,16,56,256,16,32768,81920,7168,7168,2048,7168,10240
256x256x256w33-16-28,256,256,256,33,16,28,33-16-28,M0K,7168,896,16,28,512,33,30400,84288,3584,7392,4224,3584,10240
256x256x256w27-16-36,256,256,256,27,16,36,27-16-36,M0K,9216,864,16,36,384,27,31680,83008,4608,7776,3456,4608,10240
256x256x256w16-16-58,256,256,256,16,16,58,16-16-58,00K,14848,928,16,58,256,16,33792,80896,7424,7424,2048,7424,10240
256x256x256w58-16-16,256,256,256,58,16,16,58-16-16,M00,4096,896,16,16,896,58,33792,80896,2048,7424,7424,2048,10240
256x256x256w16-16-63,256,256,256,16,16,63,16-16-63,00K,16128,1008,16,63,256,16,36352,78336,8064,8064,2048,8064,10240
256x256x256w32-16-26,256,256,256,32,16,26,32-16-26,00K,6656,832,16,26,512,32,28160,86528,3328,6656,4096,3328,10240
256x256x256w35-16-26,256,256,256,35,16,26,35-16-26,M0K,6656,832,16,26,512,35,30176,84512,3328,7280,4480,3328,10240
256x256x256w32-16-28,256,256,256,32,16,28,32-16-28,00K,7168,896,16,28,512,32,29696,84992,3584,7168,4096,3584,10240
256x256x256w34-16-27,256,256,256,34,16,27,34-16-27,M0K,6912,864,16,27,512,34,30304,84384,3456,7344,4352,3456,10240
256x256x256w26-16-34,256,256,256,26,16,34,26-16-34,M0K,8704,816,16,34,384,26,29504,85184,4352,7072,3328,4352,10240
256x256x256w16-56-16,256,256,256,16,56,16,16-56-16,0N0,14336,256,56,16,896,16,32768,81920,7168,2048,7168,7168,10240
256x256x256w16-16-54,256,256,256,16,16,54,16-16-54,00K,13824,864,16,54,256,16,31744,82944,6912,6912,2048,6912,10240
256x256x256w27-16-32,256,256,256,27,16,32,27-16-32,M00,8192,768,16,32,384,27,28928,85760,4096,6912,3456,4096,10240
256x256x256w26-16-35,256,256,256,26,16,35,26-16-35,M0K,8960,840,16,35,384,26,30176,84512,4480,7280,3328,4480,10240
256x256x256w16-16-59,256,256,256,16,16,59,16-16-59,00K,15104,944,16,59,256,16,34304,80384,7552,7552,2048,7552,10240
256x256x256w56-16-16,256,256,256,56,16,16,56-16-16,M00,4096,896,16,16,896,56,32768,81920,2048,7168,7168,2048,10240
256x256x256w59-16-16,256,256,256,59,16,16,59-16-16,M00,4096,896,16,16,896,59,34304,80384,2048,7552,7552,2048,10240
256x256x256w55-16-16,256,256,256,55,16,16,55-16-16,M00,4096,768,16,16,768,55,32256,82432,2048,7040,7040,2048,10240
256x256x256w62-16-16,256,256,256,62,16,16,62-16-16,M00,4096,896,16,16,896,62,35840,78848,2048,7936,7936,2048,10240
256x256x256w27-16-34,256,256,256,27,16,34,27-16-34,M0K,8704,816,16,34,384,27,30304,84384,4352,7344,3456,4352,10240
256x256x256w16-16-57,256,256,256,16,16,57,16-16-57,00K,14592,912,16,57,256,16,33280,81408,7296,7296,2048,7296,10240
256x256x256w64-16-13,256,256,256,64,16,13,64-16-13,00K,3328,832,16,13,1024,64,33024,81664,1664,6656,8192,1664,10240
256x256x256w60-16-16,256,256,256,60,16,16,60-16-16,M00,4096,896,16,16,896,60,34816,79872,2048,7680,7680,2048,10240
256x256x256w57-16-16,256,256,256,57,16,16,57-16-16,M00,4096,896,16,16,896,57,33280,81408,2048,7296,7296,2048,10240
256x256x256w16-64-13,256,256,256,16,64,13,16-64-13,00K,13312,208,64,13,1024,16,33024,81664,6656,1664,8192,6656,10240
256x256x256w26-16-36,256,256,256,26,16,36,26-16-36,M0K,9216,864,16,36,384,26,30848,83840,4608,7488,3328,4608,10240
256x256x256w13-32-32,256,256,256,13,32,32,13-32-32,M00,16384,256,32,32,256,13,29696,84992,8192,3328,3328,8192,10240
256x256x256w16-16-62,256,256,256,16,16,62,16-16-62,00K,15872,992,16,62,256,16,35840,78848,7936,7936,2048,7936,10240
256x256x256w26-16-33,256,256,256,26,16,33,26-16-33,M0K,8448,792,16,33,384,26,28832,85856,4224,6864,3328,4224,10240
256x256x256w16-16-61,256,256,256,16,16,61,16-16-61,00K,15616,976,16,61,256,16,35328,79360,7808,7808,2048,7808,10240
256x256x256w33-16-27,256,256,256,33,16,27,33-16-27,M0K,6912,864,16,27,512,33,29616,85072,3456,7128,4224,3456,10240
256x256x256w27-16-35,256,256,256,27,16,35,27-16-35,M0K,8960,840,16,35,384,27,30992,83696,4480,7560,3456,4480,10240
256x256x256w34-16-26,256,256,256,34,16,26,34-16-26,M0K,6656,832,16,26,512,34,29504,85184,3328,7072,4352,3328,10240
256x256x256w26-32-16,256,256,256,26,32,16,26-32-16,M00,8192,384,32,16,768,26,28160,86528,4096,3328,6656,4096,10240
256x256x256w16-16-53,256,256,256,16,16,53,16-16-53,00K,13568,848,16,53,256,16,31232,83456,6784,6784,2048,6784,10240
256x256x256w53-16-16,256,256,256,53,16,16,53-16-16,M00,4096,768,16,16,768,53,31232,83456,2048,6784,6784,2048,10240
256x256x256w32-32-13,256,256,256,32,32,13,32-32-13,00K,6656,416,32,13,1024,32,29696,84992,3328,3328,8192,3328,10240
256x256x256w27-32-16,256,256,256,27,32,16,27-32-16,M00,8192,384,32,16,768,27,28928,85760,4096,3456,6912,4096,10240
256x256x256w13-64-16,256,256,256,13,64,16,13-64-16,M00,16384,128,64,16,512,13,33024,81664,8192,1664,6656,8192,10240
256x256x256w16-16-55,256,256,256,16,16,55,16-16-55,00K,14080,880,16,55,256,16,32256,82432,7040,7040,2048,7040,10240
256x256x256w52-16-16,256,256,256,52,16,16,52-16-16,M00,4096,768,16,16,768,52,30720,83968,2048,6656,6656,2048,10240
256x256x256w35-16-27,256,256,256,35,16,27,35-16-27,M0K,6912,864,16,27,512,35,30992,83696,3456,7560,4480,3456,10240
256x256x256w34-16-28,256,256,256,34,16,28,34-16-28,M0K,7168,896,16,28,512,34,31104,83584,3584,7616,4352,3584,10240
256x256x256w33-16-26,256,256,256,33,16,26,33-16-26,M0K,6656,832,16,26,512,33,28832,85856,3328,6864,4224,3328,10240
256x256x256w26-16-32,256,256,256,26,16,32,26-16-32,M00,8192,768,16,32,384,26,28160,86528,4096,6656,3328,4096,10240
256x256x256w27-16-33,256,256,256,27,16,33,27-16-33,M0K,8448,792,16,33,384,27,29616,85072,4224,7128,3456,4224,10240
256x256x256w54-16-16,256,256,256,54,16,16,54-16-16,M00,4096,768,16,16,768,54,31744,82944,2048,6912,6912,2048,10240
256x256x256w16-16-60,256,256,256,16,16,60,16-16-60,00K,15360,960,16,60,256,16,34816,79872,7680,7680,2048,7680,10240
256x256x256w35-16-28,256,256,256,35,16,28,35-16-28,M0K,7168,896,16,28,512,35,31808,82880,3584,7840,4480,3584,10240
256x256x256w16-32-27,256,256,256,16,32,27,16-32-27,00K,13824,432,32,27,512,16,28928,85760,6912,3456,4096,6912,10240
256x256x256w61-16-16,256,256,256,61,16,16,61-16-16,M00,4096,896,16,16,896,61,35328,79360,2048,7808,7808,2048,10240
256x256x256w32-16-27,256,256,256,32,16,27,32-16-27,00K,6912,864,16,27,512,32,28928,85760,3456,6912,4096,3456,10240
256x256x256w13-16-64,256,256,256,13,16,64,13-16-64,M00,16384,512,16,64,128,13,33024,81664,8192,6656,1664,8192,10240
256x256x256w16-32-28,256,256,256,16,32,28,16-32-28,00K,14336,448,32,28,512,16,29696,84992,7168,3584,4096,7168,10240
256x256x256w16-16-52,256,256,256,16,16,52,16-16-52,00K,13312,832,16,52,256,16,30720,83968,6656,6656,2048,6656,10240
256x256x256w15-56-18,256,256,256,15,56,18,15-56-18,MNK,16128,144,56,18,448,15,33888,80800,8064,2160,6720,8064,10275
256x256x256w29-24-21,256,256,256,29,24,21,29-24-21,MNK,8064,504,24,21,576,29,28944,85744,4032,4872,5568,4032,10296
256x256x256w30-24-20,256,256,256,30,24,20,30-24-20,MNK,7680,480,24,20,576,30,28800,85888,3840,4800,5760,3840,10296
256x256x256w31-24-21,256,256,256,31,24,21,31-24-21,MNK,8064,504,24,21,576,31,30384,84304,4032,5208,5952,4032,10296
256x256x256w31-24-20,256,256,256,31,24,20,31-24-20,MNK,7680,480,24,20,576,31,29504,85184,3840,4960,5952,3840,10296
256x256x256w29-24-20,256,256,256,29,24,20,29-24-20,MNK,7680,480,24,20,576,29,28096,86592,3840,4640,5568,3840,10296
256x256x256w20-24-29,256,256,256,20,24,29,20-24-29,MNK,11136,464,24,29,384,20,28096,86592,5568,4640,3840,5568,10296
256x256x256w20-24-30,256,256,256,20,24,30,20-24-30,MNK,11520,480,24,30,384,20,28800,85888,5760,4800,3840,5760,10296
256x256x256w20-24-31,256,256,256,20,24,31,20-24-31,MNK,11904,496,24,31,384,20,29504,85184,5952,4960,3840,5952,10296
256x256x256w30-24-21,256,256,256,30,24,21,30-24-21,MNK,8064,504,24,21,576,30,29664,85024,4032,5040,5760,4032,10296
256x256x256w50-16-19,256,256,256,50,16,19,50-16-19,M0K,4864,912,16,19,768,50,32864,81824,2432,7600,6400,2432,10304
256x256x256w25-32-18,256,256,256,25,32,18,25-32-18,M0K,9216,432,32,18,768,25,29216,85472,4608,3600,6400,4608,10320
256x256x256w31-16-29,256,256,256,31,16,29,31-16-29,M0K,7424,696,16,29,384,31,29744,84944,3712,7192,3968,3712,10368
256x256x256w30-16-30,256,256,256,30,16,30,30-16-30,M0K,7680,720,16,30,384,30,29760,84928,3840,7200,3840,3840,10368
256x256x256w29-16-31,256,256,256,29,16,31,29-16-31,M0K,7936,744,16,31,384,29,29744,84944,3968,7192,3712,3968,10368
256x256x256w30-16-29,256,256,256,30,16,29,30-16-29,M0K,7424,696,16,29,384,30,29024,85664,3712,6960,3840,3712,10368
256x256x256w31-16-31,256,256,256,31,16,31,31-16-31,M0K,7936,744,16,31,384,31,31248,83440,3968,7688,3968,3968,10368
256x256x256w31-16-30,256,256,256,31,16,30,31-16-30,M0K,7680,720,16,30,384,31,30496,84192,3840,7440,3968,3840,10368
256x256x256w29-16-29,256,256,256,29,16,29,29-16-29,M0K,7424,696,16,29,384,29,28304,86384,3712,6728,3712,3712,10368
256x256x256w30-16-31,256,256,256,30,16,31,30-16-31,M0K,7936,744,16,31,384,30,30496,84192,3968,7440,3840,3968,10368
256x256x256w29-16-30,256,256,256,29,16,30,29-16-30,M0K,7680,720,16,30,384,29,29024,85664,3840,6960,3712,3840,10368
256x256x256w21-32-21,256,256,256,21,32,21,21-32-21,M0K,10752,336,32,21,512,21,28560,86128,5376,3528,5376,5376,10400
256x256x256w21-32-20,256,256,256,21,32,20,21-32-20,M0K,10240,320,32,20,512,21,27712,86976,5120,3360,5376,5120,10400
256x256x256w25-24-25,256,256,256,25,24,25,25-24-25,MNK,9600,600,24,25,576,25,29200,85488,4800,5000,4800,4800,10406
256x256x256w25-24-24,256,256,256,25,24,24,25-24-24,MNK,9216,576,24,24,576,25,28416,86272,4608,4800,4800,4608,10406
256x256x256w15-64-14,256,256,256,15,64,14,15-64-14,M0K,14336,112,64,14,512,15,33056,81632,7168,1680,7680,7168,10412
256x256x256w18-48-18,256,256,256,18,48,18,18-48-18,MNK,13824,288,48,18,768,18,32832,81856,6912,2592,6912,6912,10440
256x256x256w51-16-16,256,256,256,51,16,16,51-16-16,M00,4096,768,16,16,768,51,30208,84480,2048,6528,6528,2048,10496
256x256x256w21-40-18,256,256,256,21,40,18,21-40-18,MNK,11520,288,40,18,640,21,31008,83680,5760,3024,6720,5760,10500
256x256x256w15-24-39,256,256,256,15,24,39,15-24-39,MNK,14976,312,24,39,192,15,30096,84592,7488,4680,2880,7488,10549
256x256x256w15-24-38,256,256,256,15,24,38,15-24-38,MNK,14592,304,24,38,192,15,29472,85216,7296,4560,2880,7296,10549
256x256x256w15-24-42,256,256,256,15,24,42,15-24-42,MNK,16128,336,24,42,192,15,31968,82720,8064,5040,2880,8064,10549
256x256x256w15-24-40,256,256,256,15,24,40,15-24-40,MNK,15360,320,24,40,192,15,30720,83968,7680,4800,2880,7680,10549
256x256x256w15-24-41,256,256,256,15,24,41,15-24-41,MNK,15744,328,24,41,192,15,31344,83344,7872,4920,2880,7872,10549
256x256x256w15-40-24,256,256,256,15,40,24,15-40-24,MNK,15360,192,40,24,320,15,30720,83968,7680,2880,4800,7680,10549
256x256x256w15-40-25,256,256,256,15,40,25,15-40-25,MNK,16000,200,40,25,320,15,31600,83088,8000,3000,4800,8000,10549
256x256x256w15-24-37,256,256,256,15,24,37,15-24-37,MNK,14208,296,24,37,192,15,28848,85840,7104,4440,2880,7104,10549
256x256x256w18-40-21,256,256,256,18,40,21,18-40-21,MNK,13440,336,40,21,640,18,31008,83680,6720,3024,5760,6720,10556
256x256x256w18-40-20,256,256,256,18,40,20,18-40-20,MNK,12800,320,40,20,640,18,30080,84608,6400,2880,5760,6400,10556
256x256x256w22-24-27,256,256,256,22,24,27,22-24-27,MNK,10368,432,24,27,384,22,28320,86368,5184,4752,4224,5184,10560
256x256x256w36-16-25,256,256,256,36,16,25,36-16-25,M0K,6400,800,16,25,512,36,30016,84672,3200,7200,4608,3200,10560
256x256x256w36-16-24,256,256,256,36,16,24,36-16-24,M0K,6144,768,16,24,512,36,29184,85504,3072,6912,4608,3072,10560
256x256x256w24-32-18,256,256,256,24,32,18,24-32-18,M0K,9216,432,32,18,768,24,28416,86272,4608,3456,6144,4608,10560
256x256x256w27-24-23,256,256,256,27,24,23,27-24-23,MNK,8832,552,24,23,576,27,29136,85552,4416,4968,5184,4416,10560
256x256x256w26-24-22,256,256,256,26,24,22,26-24-22,MNK,8448,528,24,22,576,26,27584,87104,4224,4576,4992,4224,10560
256x256x256w32-24-18,256,256,256,32,24,18,32-24-18,0NK,6912,576,24,18,768,32,28416,86272,3456,4608,6144,3456,10560
256x256x256w36-24-16,256,256,256,36,24,16,36-24-16,MN0,6144,512,24,16,768,36,29184,85504,3072,4608,6912,3072,10560
256x256x256w35-24-18,256,256,256,35,24,18,35-24-18,MNK,6912,576,24,18,768,35,30432,84256,3456,5040,6720,3456,10560
256x256x256w22-24-26,256,256,256,22,24,26,22-24-26,MNK,9984,416,24,26,384,22,27584,87104,4992,4576,4224,4992,10560
256x256x256w34-24-18,256,256,256,34,24,18,34-24-18,MNK,6912,576,24,18,768,34,29760,84928,3456,4896,6528,3456,10560
256x256x256w33-24-18,256,256,256,33,24,18,33-24-18,MNK,6912,576,24,18,768,33,29088,85600,3456,4752,6336,3456,10560
256x256x256w27-24-22,256,256,256,27,24,22,27-24-22,MNK,8448,528,24,22,576,27,28320,86368,4224,4752,5184,4224,10560
256x256x256w22-24-28,256,256,256,22,24,28,22-24-28,MNK,10752,448,24,28,384,22,29056,85632,5376,4928,4224,5376,10560
256x256x256w26-24-23,256,256,256,26,24,23,26-24-23,MNK,8832,552,24,23,576,26,28384,86304,4416,4784,4992,4416,10560
256x256x256w24-24-25,256,256,256,24,24,25,24-24-25,MNK,9600,600,24,25,576,24,28416,86272,4800,4800,4608,4800,10648
256x256x256w17-24-36,256,256,256,17,24,36,17-24-36,MNK,13824,576,24,36,384,17,30144,84544,6912,4896,3264,6912,10648
256x256x256w17-24-34,256,256,256,17,24,34,17-24-34,MNK,13056,544,24,34,384,17,28832,85856,6528,4624,3264,6528,10648
256x256x256w24-24-24,256,256,256,24,24,24,24-24-24,MNK,9216,576,24,24,576,24,27648,87040,4608,4608,4608,4608,10648
256x256x256w17-24-33,256,256,256,17,24,33,17-24-33,MNK,12672,528,24,33,384,17,28176,86512,6336,4488,3264,6336,10648
256x256x256w17-24-32,256,256,256,17,24,32,17-24-32,MN0,12288,512,24,32,384,17,27520,87168,6144,4352,3264,6144,10648
256x256x256w17-24-35,256,256,256,17,24,35,17-24-35,MNK,13440,560,24,35,384,17,29488,85200,6720,4760,3264,6720,10648
256x256x256w17-32-25,256,256,256,17,32,25,17-32-25,M0K,12800,400,32,25,512,17,28304,86384,6400,3400,4352,6400,10648
256x256x256w17-32-24,256,256,256,17,32,24,17-32-24,M0K,12288,384,32,24,512,17,27520,87168,6144,3264,4352,6144,10648
256x256x256w14-32-29,256,256,256,14,32,29,14-32-29,M0K,14848,232,32,29,256,14,28512,86176,7424,3248,3584,7424,10656
256x256x256w14-32-31,256,256,256,14,32,31,14-32-31,M0K,15872,248,32,31,256,14,29984,84704,7936,3472,3584,7936,10656
256x256x256w14-32-30,256,256,256,14,32,30,14-32-30,M0K,15360,240,32,30,256,14,29248,85440,7680,3360,3584,7680,10656
256x256x256w15-48-20,256,256,256,15,48,20,15-48-20,MNK,15360,160,48,20,384,15,31680,83008,7680,2400,5760,7680,10686
256x256x256w15-48-21,256,256,256,15,48,21,15-48-21,MNK,16128,168,48,21,384,15,32688,82000,8064,2520,5760,8064,10686
256x256x256w38-16-23,256,256,256,38,16,23,38-16-23,M0K,5888,736,16,23,512,38,29600,85088,2944,6992,4864,2944,10752
256x256x256w19-16-44,256,256,256,19,16,44,19-16-44,M0K,11264,704,16,44,256,19,29504,85184,5632,6688,2432,5632,10752
256x256x256w19-16-49,256,256,256,19,16,49,19-16-49,M0K,12544,784,16,49,256,19,32304,82384,6272,7448,2432,6272,10752
256x256x256w41-16-22,256,256,256,41,16,22,41-16-22,M0K,5632,880,16,22,640,41,30560,84128,2816,7216,5248,2816,10752
256x256x256w44-16-19,256,256,256,44,16,19,44-16-19,M0K,4864,760,16,19,640,44,29504,85184,2432,6688,5632,2432,10752
256x256x256w19-32-23,256,256,256,19,32,23,19-32-23,M0K,11776,368,32,23,512,19,28496,86192,5888,3496,4864,5888,10752
256x256x256w40-16-22,256,256,256,40,16,22,40-16-22,M0K,5632,880,16,22,640,40,29952,84736,2816,7040,5120,2816,10752
256x256x256w19-16-48,256,256,256,19,16,48,19-16-48,M0K,12288,768,16,48,256,19,31744,82944,6144,7296,2432,6144,10752
256x256x256w22-16-42,256,256,256,22,16,42,22-16-42,M0K,10752,672,16,42,256,22,31168,83520,5376,7392,2816,5376,10752
256x256x256w41-16-23,256,256,256,41,16,23,41-16-23,M0K,5888,920,16,23,640,41,31472,83216,2944,7544,5248,2944,10752
256x256x256w46-16-19,256,256,256,46,16,19,46-16-19,M0K,4864,760,16,19,640,46,30624,84064,2432,6992,5888,2432,10752
256x256x256w22-32-19,256,256,256,22,32,19,22-32-19,M0K,9728,304,32,19,512,22,27680,87008,4864,3344,5632,4864,10752
256x256x256w16-40-22,256,256,256,16,40,22,16-40-22,0NK,14080,352,40,22,640,16,29952,84736,7040,2816,5120,7040,10752
256x256x256w37-16-23,256,256,256,37,16,23,37-16-23,M0K,5888,736,16,23,512,37,28976,85712,2944,6808,4736,2944,10752
256x256x256w19-16-46,256,256,256,19,16,46,19-16-46,M0K,11776,736,16,46,256,19,30624,84064,5888,6992,2432,5888,10752
256x256x256w19-16-50,256,256,256,19,16,50,19-16-50,M0K,12800,800,16,50,256,19,32864,81824,6400,7600,2432,6400,10752
256x256x256w19-32-22,256,256,256,19,32,22,19-32-22,M0K,11264,352,32,22,512,19,27680,87008,5632,3344,4864,5632,10752
256x256x256w48-16-19,256,256,256,48,16,19,48-16-19,M0K,4864,912,16,19,768,48,31744,82944,2432,7296,6144,2432,10752
256x256x256w19-16-47,256,256,256,19,16,47,19-16-47,M0K,12032,752,16,47,256,19,31184,83504,6016,7144,2432,6016,10752
256x256x256w22-16-40,256,256,256,22,16,40,22-16-40,M0K,10240,640,16,40,256,22,29952,84736,5120,7040,2816,5120,10752
256x256x256w37-16-22,256,256,256,37,16,22,37-16-22,M0K,5632,704,16,22,512,37,28128,86560,2816,6512,4736,2816,10752
256x256x256w22-16-39,256,256,256,22,16,39,22-16-39,M0K,9984,624,16,39,256,22,29344,85344,4992,6864,2816,4992,10752
256x256x256w16-48-19,256,256,256,16,48,19,16-48-19,0NK,14592,304,48,19,768,16,31744,82944,7296,2432,6144,7296,10752
256x256x256w47-16-19,256,256,256,47,16,19,47-16-19,M0K,4864,760,16,19,640,47,31184,83504,2432,7144,6016,2432,10752
256x256x256w19-16-43,256,256,256,19,16,43,19-16-43,M0K,11008,688,16,43,256,19,28944,85744,5504,6536,2432,5504,10752
256x256x256w22-40-16,256,256,256,22,40,16,22-40-16,MN0,10240,256,40,16,640,22,29952,84736,5120,2816,7040,5120,10752
256x256x256w43-16-19,256,256,256,43,16,19,43-16-19,M0K,4864,760,16,19,640,43,28944,85744,2432,6536,5504,2432,10752
256x256x256w22-16-41,256,256,256,22,16,41,22-16-41,M0K,10496,656,16,41,256,22,30560,84128,5248,7216,2816,5248,10752
256x256x256w45-16-19,256,256,256,45,16,19,45-16-19,M0K,4864,760,16,19,640,45,30064,84624,2432,6840,5760,2432,10752
256x256x256w19-48-16,256,256,256,19,48,16,19-48-16,MN0,12288,256,48,16,768,19,31744,82944,6144,2432,7296,6144,10752
256x256x256w49-16-19,256,256,256,49,16,19,49-16-19,M0K,4864,912,16,19,768,49,32304,82384,2432,7448,6272,2432,10752
256x256x256w39-16-22,256,256,256,39,16,22,39-16-22,M0K,5632,704,16,22,512,39,29344,85344,2816,6864,4992,2816,10752
256x256x256w16-40-23,256,256,256,16,40,23,16-40-23,0NK,14720,368,40,23,640,16,30848,83840,7360,2944,5120,7360,10752
256x256x256w22-16-38,256,256,256,22,16,38,22-16-38,M0K,9728,608,16,38,256,22,28736,85952,4864,6688,2816,4864,10752
256x256x256w38-16-22,256,256,256,38,16,22,38-16-22,M0K,5632,704,16,22,512,38,28736,85952,2816,6688,4864,2816,10752
256x256x256w39-16-23,256,256,256,39,16,23,39-16-23,M0K,5888,736,16,23,512,39,30224,84464,2944,7176,4992,2944,10752
256x256x256w19-16-45,256,256,256,19,16,45,19-16-45,M0K,11520,720,16,45,256,19,30064,84624,5760,6840,2432,5760,10752
256x256x256w40-16-23,256,256,256,40,16,23,40-16-23,M0K,5888,920,16,23,640,40,30848,83840,2944,7360,5120,2944,10752
256x256x256w22-16-37,256,256,256,22,16,37,22-16-37,M0K,9472,592,16,37,256,22,28128,86560,4736,6512,2816,4736,10752
256x256x256w20-32-20,256,256,256,20,32,20,20-32-20,M0K,10240,320,32,20,512,20,26880,87808,5120,3200,5120,5120,10816
256x256x256w20-32-21,256,256,256,20,32,21,20-32-21,M0K,10752,336,32,21,512,20,27712,86976,5376,3360,5120,5376,10816
256x256x256w42-16-21,256,256,256,42,16,21,42-16-21,M0K,5376,840,16,21,640,42,30240,84448,2688,7056,5376,2688,10816
256x256x256w42-16-20,256,256,256,42,16,20,42-16-20,M0K,5120,800,16,20,640,42,29312,85376,2560,6720,5376,2560,10816
256x256x256w28-24-21,256,256,256,28,24,21,28-24-21,MNK,8064,504,24,21,576,28,28224,86464,4032,4704,5376,4032,10868
256x256x256w42-24-14,256,256,256,42,24,14,42-24-14,MNK,5376,560,24,14,960,42,30912,83776,2688,4704,8064,2688,10868
256x256x256w28-24-20,256,256,256,28,24,20,28-24-20,MNK,7680,480,24,20,576,28,27392,87296,3840,4480,5376,3840,10868
256x256x256w17-48-18,256,256,256,17,48,18,17-48-18,MNK,13824,288,48,18,768,17,31776,82912,6912,2448,6528,6912,10890
256x256x256w20-40-18,256,256,256,20,40,18,20-40-18,MNK,11520,288,40,18,640,20,30080,84608,5760,2880,6400,5760,10920
256x256x256w23-32-18,256,256,256,23,32,18,23-32-18,M0K,9216,288,32,18,512,23,27616,87072,4608,3312,5888,4608,10920
256x256x256w29-32-14,256,256,256,29,32,14,29-32-14,M0K,7168,336,32,14,768,29,28512,86176,3584,3248,7424,3584,10944
256x256x256w28-16-31,256,256,256,28,16,31,28-16-31,M0K,7936,744,16,31,384,28,28992,85696,3968,6944,3584,3968,10944
256x256x256w28-16-29,256,256,256,28,16,29,28-16-29,M0K,7424,696,16,29,384,28,27584,87104,3712,6496,3584,3712,10944
256x256x256w63-16-14,256,256,256,63,16,14,63-16-14,M0K,3584,784,16,14,896,63,33824,80864,1792,7056,8064,1792,10944
256x256x256w31-32-14,256,256,256,31,32,14,31-32-14,M0K,7168,336,32,14,768,31,29984,84704,3584,3472,7936,3584,10944
256x256x256w28-16-30,256,256,256,28,16,30,28-16-30,M0K,7680,720,16,30,384,28,28288,86400,3840,6720,3584,3840,10944
256x256x256w30-32-14,256,256,256,30,32,14,30-32-14,M0K,7168,336,32,14,768,30,29248,85440,3584,3360,7680,3584,10944
256x256x256w15-16-57,256,256,256,15,16,57,15-16-57,M0K,14592,456,16,57,128,15,32112,82576,7296,6840,1920,7296,10960
256x256x256w15-16-62,256,256,256,15,16,62,15-16-62,M0K,15872,496,16,62,128,15,34592,80096,7936,7440,1920,7936,10960
256x256x256w15-56-16,256,256,256,15,56,16,15-56-16,MN0,14336,128,56,16,448,15,31616,83072,7168,1920,6720,7168,10960
256x256x256w15-64-13,256,256,256,15,64,13,15-64-13,M0K,13312,104,64,13,512,15,31792,82896,6656,1560,7680,6656,10960
256x256x256w15-16-61,256,256,256,15,16,61,15-16-61,M0K,15616,488,16,61,128,15,34096,80592,7808,7320,1920,7808,10960
256x256x256w15-16-58,256,256,256,15,16,58,15-16-58,M0K,14848,464,16,58,128,15,32608,82080,7424,6960,1920,7424,10960
256x256x256w15-16-54,256,256,256,15,16,54,15-16-54,M0K,13824,432,16,54,128,15,30624,84064,6912,6480,1920,6912,10960
256x256x256w15-32-28,256,256,256,15,32,28,15-32-28,M0K,14336,224,32,28,256,15,28736,85952,7168,3360,3840,7168,10960
256x256x256w15-16-60,256,256,256,15,16,60,15-16-60,M0K,15360,480,16,60,128,15,33600,81088,7680,7200,1920,7680,10960
256x256x256w15-16-52,256,256,256,15,16,52,15-16-52,M0K,13312,416,16,52,128,15,29632,85056,6656,6240,1920,6656,10960
256x256x256w15-16-55,256,256,256,15,16,55,15-16-55,M0K,14080,440,16,55,128,15,31120,83568,7040,6600,1920,7040,10960
256x256x256w15-16-59,256,256,256,15,16,59,15-16-59,M0K,15104,472,16,59,128,15,33104,81584,7552,7080,1920,7552,10960
256x256x256w15-16-56,256,256,256,15,16,56,15-16-56,M0K,14336,448,16,56,128,15,31616,83072,7168,6720,1920,7168,10960
256x256x256w15-16-53,256,256,256,15,16,53,15-16-53,M0K,13568,424,16,53,128,15,30128,84560,6784,6360,1920,6784,10960
256x256x256w15-32-27,256,256,256,15,32,27,15-32-27,M0K,13824,216,32,27,256,15,27984,86704,6912,3240,3840,6912,10960
256x256x256w15-32-26,256,256,256,15,32,26,15-32-26,M0K,13312,208,32,26,256,15,27232,87456,6656,3120,3840,6656,10960
256x256x256w15-16-63,256,256,256,15,16,63,15-16-63,M0K,16128,504,16,63,128,15,35088,79600,8064,7560,1920,8064,10960
256x256x256w19-40-19,256,256,256,19,40,19,19-40-19,MNK,12160,304,40,19,640,19,30096,84592,6080,2888,6080,6080,10976
256x256x256w21-24-28,256,256,256,21,24,28,21-24-28,MNK,10752,448,24,28,384,21,28224,86464,5376,4704,4032,5376,11000
256x256x256w21-24-26,256,256,256,21,24,26,21-24-26,MNK,9984,416,24,26,384,21,26784,87904,4992,4368,4032,4992,11000
256x256x256w21-24-27,256,256,256,21,24,27,21-24-27,MNK,10368,432,24,27,384,21,27504,87184,5184,4536,4032,5184,11000
256x256x256w25-16-32,256,256,256,25,16,32,25-16-32,M00,8192,768,16,32,384,25,27392,87296,4096,6400,3200,4096,11008
256x256x256w12-64-16,256,256,256,12,64,16,12-64-16,M00,16384,128,64,16,512,12,31744,82944,8192,1536,6144,8192,11008
256x256x256w25-16-34,256,256,256,25,16,34,25-16-34,M0K,8704,816,16,34,384,25,28704,85984,4352,6800,3200,4352,11008
256x256x256w25-16-35,256,256,256,25,16,35,25-16-35,M0K,8960,840,16,35,384,25,29360,85328,4480,7000,3200,4480,11008
256x256x256w25-16-33,256,256,256,25,16,33,25-16-33,M0K,8448,792,16,33,384,25,28048,86640,4224,6600,3200,4224,11008
256x256x256w25-16-36,256,256,256,25,16,36,25-16-36,M0K,9216,864,16,36,384,25,30016,84672,4608,7200,3200,4608,11008
256x256x256w12-32-32,256,256,256,12,32,32,12-32-32,M00,16384,256,32,32,256,12,28672,86016,8192,3072,3072,8192,11008
256x256x256w12-16-64,256,256,256,12,16,64,12-16-64,M00,16384,512,16,64,128,12,31744,82944,8192,6144,1536,8192,11008
256x256x256w25-32-16,256,256,256,25,32,16,25-32-16,M00,8192,384,32,16,768,25,27392,87296,4096,3200,6400,4096,11008
256x256x256w23-24-24,256,256,256,23,24,24,23-24-24,MNK,9216,384,24,24,384,23,26880,87808,4608,4416,4416,4608,11011
256x256x256w17-40-21,256,256,256,17,40,21,17-40-21,MNK,13440,336,40,21,640,17,30032,84656,6720,2856,5440,6720,11011
256x256x256w23-24-25,256,256,256,23,24,25,23-24-25,MNK,9600,400,24,25,384,23,27632,87056,4800,4600,4416,4800,11011
256x256x256w17-40-20,256,256,256,17,40,20,17-40-20,MNK,12800,320,40,20,640,17,29120,85568,6400,2720,5440,6400,11011
256x256x256w18-56-14,256,256,256,18,56,14,18-56-14,MNK,12544,224,56,14,896,18,32704,81984,6272,2016,8064,6272,11020
256x256x256w50-16-18,256,256,256,50,16,18,50-16-18,M0K,4608,864,16,18,768,50,31808,82880,2304,7200,6400,2304,11040
256x256x256w19-24-29,256,256,256,19,24,29,19-24-29,MNK,11136,464,24,29,384,19,27248,87440,5568,4408,3648,5568,11088
256x256x256w29-24-19,256,256,256,29,24,19,29-24-19,MNK,7296,456,24,19,576,29,27248,87440,3648,4408,5568,3648,11088
256x256x256w19-24-30,256,256,256,19,24,30,19-24-30,MNK,11520,480,24,30,384,19,27936,86752,5760,4560,3648,5760,11088
256x256x256w31-24-19,256,256,256,31,24,19,31-24-19,MNK,7296,456,24,19,576,31,28624,86064,3648,4712,5952,3648,11088
256x256x256w30-24-19,256,256,256,30,24,19,30-24-19,MNK,7296,456,24,19,576,30,27936,86752,3648,4560,5760,3648,11088
256x256x256w19-24-31,256,256,256,19,24,31,19-24-31,MNK,11904,496,24,31,384,19,28624,86064,5952,4712,3648,5952,11088
256x256x256w14-56-18,256,256,256,14,56,18,14-56-18,MNK,16128,144,56,18,448,14,32704,81984,8064,2016,6272,8064,11100
256x256x256w18-16-45,256,256,256,18,16,45,18-16-45,M0K,11520,720,16,45,256,18,29088,85600,5760,6480,2304,5760,11136
256x256x256w18-32-22,256,256,256,18,32,22,18-32-22,M0K,11264,352,32,22,512,18,26816,87872,5632,3168,4608,5632,11136
256x256x256w18-16-47,256,256,256,18,16,47,18-16-47,M0K,12032,752,16,47,256,18,30176,84512,6016,6768,2304,6016,11136
256x256x256w18-16-48,256,256,256,18,16,48,18-16-48,M0K,12288,768,16,48,256,18,30720,83968,6144,6912,2304,6144,11136
256x256x256w18-16-49,256,256,256,18,16,49,18-16-49,M0K,12544,784,16,49,256,18,31264,83424,6272,7056,2304,6272,11136
256x256x256w18-48-16,256,256,256,18,48,16,18-48-16,MN0,12288,256,48,16,768,18,30720,83968,6144,2304,6912,6144,11136
256x256x256w18-16-43,256,256,256,18,16,43,18-16-43,M0K,11008,688,16,43,256,18,28000,86688,5504,6192,2304,5504,11136
256x256x256w18-32-23,256,256,256,18,32,23,18-32-23,M0K,11776,368,32,23,512,18,27616,87072,5888,3312,4608,5888,11136
256x256x256w18-16-50,256,256,256,18,16,50,18-16-50,M0K,12800,800,16,50,256,18,31808,82880,6400,7200,2304,6400,11136
256x256x256w18-16-44,256,256,256,18,16,44,18-16-44,M0K,11264,704,16,44,256,18,28544,86144,5632,6336,2304,5632,11136
256x256x256w18-16-46,256,256,256,18,16,46,18-16-46,M0K,11776,736,16,46,256,18,29632,85056,5888,6624,2304,5888,11136
256x256x256w21-16-37,256,256,256,21,16,37,21-16-37,M0K,9472,592,16,37,256,21,27280,87408,4736,6216,2688,4736,11200
256x256x256w21-16-42,256,256,256,21,16,42,21-16-42,M0K,10752,672,16,42,256,21,30240,84448,5376,7056,2688,5376,11200
256x256x256w21-16-41,256,256,256,21,16,41,21-16-41,M0K,10496,656,16,41,256,21,29648,85040,5248,6888,2688,5248,11200
256x256x256w21-16-40,256,256,256,21,16,40,21-16-40,M0K,10240,640,16,40,256,21,29056,85632,5120,6720,2688,5120,11200
256x256x256w21-16-39,256,256,256,21,16,39,21-16-39,M0K,9984,624,16,39,256,21,28464,86224,4992,6552,2688,4992,11200
256x256x256w21-40-16,256,256,256,21,40,16,21-40-16,MN0,10240,256,40,16,640,21,29056,85632,5120,2688,6720,5120,11200
256x256x256w21-16-38,256,256,256,21,16,38,21-16-38,M0K,9728,608,16,38,256,21,27872,86816,4864,6384,2688,4864,11200
256x256x256w21-32-19,256,256,256,21,32,19,21-32-19,M0K,9728,304,32,19,512,21,26864,87824,4864,3192,5376,4864,11200
256x256x256w14-64-14,256,256,256,14,64,14,14-64-14,M0K,14336,112,64,14,512,14,31808,82880,7168,1568,7168,7168,11248
256x256x256w14-72-14,256,256,256,14,72,14,14-72-14,MNK,16128,112,72,14,576,14,35392,79296,8064,1568,8064,8064,11248
256x256x256w33-16-25,256,256,256,33,16,25,33-16-25,M0K,6400,800,16,25,512,33,28048,86640,3200,6600,4224,3200,11264
256x256x256w16-24-35,256,256,256,16,24,35,16-24-35,0NK,13440,560,24,35,384,16,28544,86144,6720,4480,3072,6720,11264
256x256x256w24-32-16,256,256,256,24,32,16,24-32-16,M00,8192,384,32,16,768,24,26624,88064,4096,3072,6144,4096,11264
256x256x256w24-16-36,256,256,256,24,16,36,24-16-36,M0K,9216,864,16,36,384,24,29184,85504,4608,6912,3072,4608,11264
256x256x256w16-24-36,256,256,256,16,24,36,16-24-36,0NK,13824,576,24,36,384,16,29184,85504,6912,4608,3072,6912,11264
256x256x256w32-24-16,256,256,256,32,24,16,32-24-16,0N0,6144,512,24,16,768,32,26624,88064,3072,4096,6144,3072,11264
256x256x256w24-16-33,256,256,256,24,16,33,24-16-33,M0K,8448,792,16,33,384,24,27264,87424,4224,6336,3072,4224,11264
256x256x256w32-32-12,256,256,256,32,32,12,32-32-12,00K,6144,384,32,12,1024,32,28672,86016,3072,3072,8192,3072,11264
256x256x256w33-16-24,256,256,256,33,16,24,33-16-24,M0K,6144,768,16,24,512,33,27264,87424,3072,6336,4224,3072,11264
256x256x256w32-16-25,256,256,256,32,16,25,32-16-25,00K,6400,800,16,25,512,32,27392,87296,3200,6400,4096,3200,11264
256x256x256w16-32-24,256,256,256,16,32,24,16-32-24,00K,12288,384,32,24,512,16,26624,88064,6144,3072,4096,6144,11264
256x256x256w34-24-16,256,256,256,34,24,16,34-24-16,MN0,6144,512,24,16,768,34,27904,86784,3072,4352,6528,3072,11264
256x256x256w35-16-25,256,256,256,35,16,25,35-16-25,M0K,6400,800,16,25,512,35,29360,85328,3200,7000,4480,3200,11264
256x256x256w16-32-25,256,256,256,16,32,25,16-32-25,00K,12800,400,32,25,512,16,27392,87296,6400,3200,4096,6400,11264
256x256x256w16-24-34,256,256,256,16,24,34,16-24-34,0NK,13056,544,24,34,384,16,27904,86784,6528,4352,3072,6528,11264
256x256x256w24-16-32,256,256,256,24,16,32,24-16-32,M00,8192,768,16,32,384,24,26624,88064,4096,6144,3072,4096,11264
256x256x256w64-16-12,256,256,256,64,16,12,64-16-12,00K,3072,768,16,12,1024,64,31744,82944,1536,6144,8192,1536,11264
256x256x256w16-24-33,256,256,256,16,24,33,16-24-33,0NK,12672,528,24,33,384,16,27264,87424,6336,4224,3072,6336,11264
256x256x256w35-16-24,256,256,256,35,16,24,35-16-24,M0K,6144,768,16,24,512,35,28544,86144,3072,6720,4480,3072,11264
256x256x256w34-16-24,256,256,256,34,16,24,34-16-24,M0K,6144,768,16,24,512,34,27904,86784,3072,6528,4352,3072,11264
256x256x256w16-24-32,256,256,256,16,24,32,16-24-32,0N0,12288,512,24,32,384,16,26624,88064,6144,4096,3072,6144,11264
256x256x256w34-16-25,256,256,256,34,16,25,34-16-25,M0K,6400,800,16,25,512,34,28704,85984,3200,6800,4352,3200,11264
256x256x256w16-64-12,256,256,256,16,64,12,16-64-12,00K,12288,192,64,12,1024,16,31744,82944,6144,1536,8192,6144,11264
256x256x256w24-16-34,256,256,256,24,16,34,24-16-34,M0K,8704,816,16,34,384,24,27904,86784,4352,6528,3072,4352,11264
256x256x256w32-16-24,256,256,256,32,16,24,32-16-24,00K,6144,768,16,24,512,32,26624,88064,3072,6144,4096,3072,11264
256x256x256w33-24-16,256,256,256,33,24,16,33-24-16,MN0,6144,512,24,16,768,33,27264,87424,3072,4224,6336,3072,11264
256x256x256w24-16-35,256,256,256,24,16,35,24-16-35,M0K,8960,840,16,35,384,24,28544,86144,4480,6720,3072,4480,11264
256x256x256w35-24-16,256,256,256,35,24,16,35-24-16,MN0,6144,512,24,16,768,35,28544,86144,3072,4480,6720,3072,11264
256x256x256w25-24-23,256,256,256,25,24,23,25-24-23,MNK,8832,552,24,23,576,25,27632,87056,4416,4600,4800,4416,11352
256x256x256w25-24-22,256,256,256,25,24,22,25-24-22,MNK,8448,528,24,22,576,25,26848,87840,4224,4400,4800,4224,11352
256x256x256w18-40-19,256,256,256,18,40,19,18-40-19,MNK,12160,304,40,19,640,18,29152,85536,6080,2736,5760,6080,11368
256x256x256w14-24-37,256,256,256,14,24,37,14-24-37,MNK,14208,296,24,37,192,14,27872,86816,7104,4144,2688,7104,11396
256x256x256w14-24-39,256,256,256,14,24,39,14-24-39,MNK,14976,312,24,39,192,14,29088,85600,7488,4368,2688,7488,11396
256x256x256w14-24-42,256,256,256,14,24,42,14-24-42,MNK,16128,336,24,42,192,14,30912,83776,8064,4704,2688,8064,11396
256x256x256w14-24-38,256,256,256,14,24,38,14-24-38,MNK,14592,304,24,38,192,14,28480,86208,7296,4256,2688,7296,11396
256x256x256w14-40-25,256,256,256,14,40,25,14-40-25,MNK,16000,200,40,25,320,14,30560,84128,8000,2800,4480,8000,11396
256x256x256w14-24-40,256,256,256,14,24,40,14-24-40,MNK,15360,320,24,40,192,14,29696,84992,7680,4480,2688,7680,11396
256x256x256w14-24-41,256,256,256,14,24,41,14-24-41,MNK,15744,328,24,41,192,14,30304,84384,7872,4592,2688,7872,11396
256x256x256w14-40-24,256,256,256,14,40,24,14-40-24,MNK,15360,192,40,24,320,14,29696,84992,7680,2688,4480,7680,11396
256x256x256w21-48-14,256,256,256,21,48,14,21-48-14,MNK,10752,224,48,14,768,21,31584,83104,5376,2352,8064,5376,11400
256x256x256w25-40-14,256,256,256,25,40,14,25-40-14,MNK,8960,336,40,14,960,25,30560,84128,4480,2800,8000,4480,11438
256x256x256w27-24-20,256,256,256,27,24,20,27-24-20,MNK,7680,480,24,20,576,27,26688,88000,3840,4320,5184,3840,11440
256x256x256w27-24-21,256,256,256,27,24,21,27-24-21,MNK,8064,504,24,21,576,27,27504,87184,4032,4536,5184,4032,11440
256x256x256w20-24-28,256,256,256,20,24,28,20-24-28,MNK,10752,448,24,28,384,20,27392,87296,5376,4480,3840,5376,11440
256x256x256w26-24-20,256,256,256,26,24,20,26-24-20,MNK,7680,480,24,20,576,26,25984,88704,3840,4160,4992,3840,11440
256x256x256w20-24-26,256,256,256,20,24,26,20-24-26,MNK,9984,416,24,26,384,20,25984,88704,4992,4160,3840,4992,11440
256x256x256w42-24-13,256,256,256,42,24,13,42-24-13,MNK,4992,520,24,13,960,42,29856,84832,2496,4368,8064,2496,11440
256x256x256w20-24-27,256,256,256,20,24,27,20-24-27,MNK,10368,432,24,27,384,20,26688,88000,5184,4320,3840,5184,11440
256x256x256w26-24-21,256,256,256,26,24,21,26-24-21,MNK,8064,504,24,21,576,26,26784,87904,4032,4368,4992,4032,11440
256x256x256w18-24-30,256,256,256,18,24,30,18-24-30,MNK,11520,480,24,30,384,18,27072,87616,5760,4320,3456,5760,11484
256x256x256w18-24-29,256,256,256,18,24,29,18-24-29,MNK,11136,464,24,29,384,18,26400,88288,5568,4176,3456,5568,11484
256x256x256w18-24-31,256,256,256,18,24,31,18-24-31,MNK,11904,496,24,31,384,18,27744,86944,5952,4464,3456,5952,11484
256x256x256w17-56-14,256,256,256,17,56,14,17-56-14,MNK,12544,224,56,14,896,17,31584,83104,6272,1904,7616,6272,11495
256x256x256w15-40-22,256,256,256,15,40,22,15-40-22,MNK,14080,176,40,22,320,15,28960,85728,7040,2640,4800,7040,11508
256x256x256w15-40-23,256,256,256,15,40,23,15-40-23,MNK,14720,184,40,23,320,15,29840,84848,7360,2760,4800,7360,11508
256x256x256w15-48-19,256,256,256,15,48,19,15-48-19,MNK,14592,152,48,19,384,15,30672,84016,7296,2280,5760,7296,11508
256x256x256w36-16-22,256,256,256,36,16,22,36-16-22,M0K,5632,704,16,22,512,36,27520,87168,2816,6336,4608,2816,11520
256x256x256w47-16-18,256,256,256,47,16,18,47-16-18,M0K,4608,720,16,18,640,47,30176,84512,2304,6768,6016,2304,11520
256x256x256w26-16-29,256,256,256,26,16,29,26-16-29,M0K,7424,696,16,29,384,26,26144,88544,3712,6032,3328,3712,11520
256x256x256w63-16-13,256,256,256,63,16,13,63-16-13,M0K,3328,728,16,13,896,63,32560,82128,1664,6552,8064,1664,11520
256x256x256w29-32-13,256,256,256,29,32,13,29-32-13,M0K,6656,312,32,13,768,29,27536,87152,3328,3016,7424,3328,11520
256x256x256w26-16-30,256,256,256,26,16,30,26-16-30,M0K,7680,720,16,30,384,26,26816,87872,3840,6240,3328,3840,11520
256x256x256w27-16-30,256,256,256,27,16,30,27-16-30,M0K,7680,720,16,30,384,27,27552,87136,3840,6480,3456,3840,11520
256x256x256w31-32-13,256,256,256,31,32,13,31-32-13,M0K,6656,312,32,13,768,31,28976,85712,3328,3224,7936,3328,11520
256x256x256w29-16-26,256,256,256,29,16,26,29-16-26,M0K,6656,624,16,26,384,29,26144,88544,3328,6032,3712,3328,11520
256x256x256w13-32-31,256,256,256,13,32,31,13-32-31,M0K,15872,248,32,31,256,13,28976,85712,7936,3224,3328,7936,11520
256x256x256w45-16-18,256,256,256,45,16,18,45-16-18,M0K,4608,720,16,18,640,45,29088,85600,2304,6480,5760,2304,11520
256x256x256w49-16-18,256,256,256,49,16,18,49-16-18,M0K,4608,864,16,18,768,49,31264,83424,2304,7056,6272,2304,11520
256x256x256w31-16-28,256,256,256,31,16,28,31-16-28,M0K,7168,672,16,28,384,31,28992,85696,3584,6944,3968,3584,11520
256x256x256w46-16-18,256,256,256,46,16,18,46-16-18,M0K,4608,720,16,18,640,46,29632,85056,2304,6624,5888,2304,11520
256x256x256w30-16-28,256,256,256,30,16,28,30-16-28,M0K,7168,672,16,28,384,30,28288,86400,3584,6720,3840,3584,11520
256x256x256w22-32-18,256,256,256,22,32,18,22-32-18,M0K,9216,288,32,18,512,22,26816,87872,4608,3168,5632,4608,11520
256x256x256w30-16-27,256,256,256,30,16,27,30-16-27,M0K,6912,648,16,27,384,30,27552,87136,3456,6480,3840,3456,11520
256x256x256w13-32-29,256,256,256,13,32,29,13-32-29,M0K,14848,232,32,29,256,13,27536,87152,7424,3016,3328,7424,11520
256x256x256w13-32-30,256,256,256,13,32,30,13-32-30,M0K,15360,240,32,30,256,13,28256,86432,7680,3120,3328,7680,11520
256x256x256w29-16-28,256,256,256,29,16,28,29-16-28,M0K,7168,672,16,28,384,29,27584,87104,3584,6496,3712,3584,11520
256x256x256w36-16-23,256,256,256,36,16,23,36-16-23,M0K,5888,736,16,23,512,36,28352,86336,2944,6624,4608,2944,11520
256x256x256w27-16-31,256,256,256,27,16,31,27-16-31,M0K,7936,744,16,31,384,27,28240,86448,3968,6696,3456,3968,11520
256x256x256w43-16-18,256,256,256,43,16,18,43-16-18,M0K,4608,720,16,18,640,43,28000,86688,2304,6192,5504,2304,11520
256x256x256w16-48-18,256,256,256,16,48,18,16-48-18,0NK,13824,288,48,18,768,16,30720,83968,6912,2304,6144,6912,11520
256x256x256w31-16-26,256,256,256,31,16,26,31-16-26,M0K,6656,624,16,26,384,31,27488,87200,3328,6448,3968,3328,11520
256x256x256w26-16-31,256,256,256,26,16,31,26-16-31,M0K,7936,744,16,31,384,26,27488,87200,3968,6448,3328,3968,11520
256x256x256w31-16-27,256,256,256,31,16,27,31-16-27,M0K,6912,648,16,27,384,31,28240,86448,3456,6696,3968,3456,11520
256x256x256w29-16-27,256,256,256,29,16,27,29-16-27,M0K,6912,648,16,27,384,29,26864,87824,3456,6264,3712,3456,11520
256x256x256w30-16-26,256,256,256,30,16,26,30-16-26,M0K,6656,624,16,26,384,30,26816,87872,3328,6240,3840,3328,11520
256x256x256w30-32-13,256,256,256,30,32,13,30-32-13,M0K,6656,312,32,13,768,30,28256,86432,3328,3120,7680,3328,11520
256x256x256w48-16-18,256,256,256,48,16,18,48-16-18,M0K,4608,864,16,18,768,48,30720,83968,2304,6912,6144,2304,11520
256x256x256w44-16-18,256,256,256,44,16,18,44-16-18,M0K,4608,720,16,18,640,44,28544,86144,2304,6336,5632,2304,11520
256x256x256w27-16-29,256,256,256,27,16,29,27-16-29,M0K,7424,696,16,29,384,27,26864,87824,3712,6264,3456,3712,11520
256x256x256w14-48-21,256,256,256,14,48,21,14-48-21,MNK,16128,168,48,21,384,14,31584,83104,8064,2352,5376,8064,11544
256x256x256w14-48-20,256,256,256,14,48,20,14-48-20,MNK,15360,160,48,20,384,14,30592,84096,7680,2240,5376,7680,11544
256x256x256w28-32-14,256,256,256,28,32,14,28-32-14,M0K,7168,336,32,14,768,28,27776,86912,3584,3136,7168,3584,11552
256x256x256w18-56-13,256,256,256,18,56,13,18-56-13,MNK,11648,208,56,13,896,18,31520,83168,5824,1872,8064,5824,11600
256x256x256w22-24-25,256,256,256,22,24,25,22-24-25,MNK,9600,400,24,25,384,22,26848,87840,4800,4400,4224,4800,11616
256x256x256w24-24-23,256,256,256,24,24,23,24-24-23,MNK,8832,552,24,23,576,24,26880,87808,4416,4416,4608,4416,11616
256x256x256w17-32-23,256,256,256,17,32,23,17-32-23,M0K,11776,368,32,23,512,17,26736,87952,5888,3128,4352,5888,11616
256x256x256w17-16-44,256,256,256,17,16,44,17-16-44,M0K,11264,704,16,44,256,17,27584,87104,5632,5984,2176,5632,11616
256x256x256w17-16-43,256,256,256,17,16,43,17-16-43,M0K,11008,688,16,43,256,17,27056,87632,5504,5848,2176,5504,11616
256x256x256w17-16-47,256,256,256,17,16,47,17-16-47,M0K,12032,752,16,47,256,17,29168,85520,6016,6392,2176,6016,11616
256x256x256w17-48-16,256,256,256,17,48,16,17-48-16,MN0,12288,256,48,16,768,17,29696,84992,6144,2176,6528,6144,11616
256x256x256w17-16-49,256,256,256,17,16,49,17-16-49,M0K,12544,784,16,49,256,17,30224,84464,6272,6664,2176,6272,11616
256x256x256w17-32-22,256,256,256,17,32,22,17-32-22,M0K,11264,352,32,22,512,17,25952,88736,5632,2992,4352,5632,11616
256x256x256w17-16-46,256,256,256,17,16,46,17-16-46,M0K,11776,736,16,46,256,17,28640,86048,5888,6256,2176,5888,11616
256x256x256w24-24-22,256,256,256,24,24,22,24-24-22,MNK,8448,528,24,22,576,24,26112,88576,4224,4224,4608,4224,11616
256x256x256w17-16-45,256,256,256,17,16,45,17-16-45,M0K,11520,720,16,45,256,17,28112,86576,5760,6120,2176,5760,11616
256x256x256w17-16-48,256,256,256,17,16,48,17-16-48,M0K,12288,768,16,48,256,17,29696,84992,6144,6528,2176,6144,11616
256x256x256w22-24-24,256,256,256,22,24,24,22-24-24,MNK,9216,384,24,24,384,22,26112,88576,4608,4224,4224,4608,11616
256x256x256w17-16-50,256,256,256,17,16,50,17-16-50,M0K,12800,800,16,50,256,17,30752,83936,6400,6800,2176,6400,11616
256x256x256w37-16-21,256,256,256,37,16,21,37-16-21,M0K,5376,672,16,21,512,37,27280,87408,2688,6216,4736,2688,11648
256x256x256w37-16-20,256,256,256,37,16,20,37-16-20,M0K,5120,640,16,20,512,37,26432,88256,2560,5920,4736,2560,11648
256x256x256w23-32-16,256,256,256,23,32,16,23-32-16,M00,8192,256,32,16,512,23,25856,88832,4096,2944,5888,4096,11648
256x256x256w20-16-37,256,256,256,20,16,37,20-16-37,M0K,9472,592,16,37,256,20,26432,88256,4736,5920,2560,4736,11648
256x256x256w23-16-35,256,256,256,23,16,35,23-16-35,M0K,8960,560,16,35,256,23,27728,86960,4480,6440,2944,4480,11648
256x256x256w41-16-20,256,256,256,41,16,20,41-16-20,M0K,5120,800,16,20,640,41,28736,85952,2560,6560,5248,2560,11648
256x256x256w42-16-19,256,256,256,42,16,19,42-16-19,M0K,4864,760,16,19,640,42,28384,86304,2432,6384,5376,2432,11648
256x256x256w23-16-33,256,256,256,23,16,33,23-16-33,M0K,8448,528,16,33,256,23,26480,88208,4224,6072,2944,4224,11648
256x256x256w23-16-36,256,256,256,23,16,36,23-16-36,M0K,9216,576,16,36,256,23,28352,86336,4608,6624,2944,4608,11648
256x256x256w39-16-21,256,256,256,39,16,21,39-16-21,M0K,5376,672,16,21,512,39,28464,86224,2688,6552,4992,2688,11648
256x256x256w40-16-21,256,256,256,40,16,21,40-16-21,M0K,5376,840,16,21,640,40,29056,85632,2688,6720,5120,2688,11648
256x256x256w20-16-40,256,256,256,20,16,40,20-16-40,M0K,10240,640,16,40,256,20,28160,86528,5120,6400,2560,5120,11648
256x256x256w19-32-20,256,256,256,19,32,20,19-32-20,M0K,10240,320,32,20,512,19,26048,88640,5120,3040,4864,5120,11648
256x256x256w20-40-16,256,256,256,20,40,16,20-40-16,MN0,10240,256,40,16,640,20,28160,86528,5120,2560,6400,5120,11648
256x256x256w19-32-21,256,256,256,19,32,21,19-32-21,M0K,10752,336,32,21,512,19,26864,87824,5376,3192,4864,5376,11648
256x256x256w38-16-20,256,256,256,38,16,20,38-16-20,M0K,5120,640,16,20,512,38,27008,87680,2560,6080,4864,2560,11648
256x256x256w20-16-41,256,256,256,20,16,41,20-16-41,M0K,10496,656,16,41,256,20,28736,85952,5248,6560,2560,5248,11648
256x256x256w16-40-20,256,256,256,16,40,20,16-40-20,0NK,12800,320,40,20,640,16,28160,86528,6400,2560,5120,6400,11648
256x256x256w20-16-38,256,256,256,20,16,38,20-16-38,M0K,9728,608,16,38,256,20,27008,87680,4864,6080,2560,4864,11648
256x256x256w40-16-20,256,256,256,40,16,20,40-16-20,M0K,5120,800,16,20,640,40,28160,86528,2560,6400,5120,2560,11648
256x256x256w20-32-19,256,256,256,20,32,19,20-32-19,M0K,9728,304,32,19,512,20,26048,88640,4864,3040,5120,4864,11648
256x256x256w41-16-21,256,256,256,41,16,21,41-16-21,M0K,5376,840,16,21,640,41,29648,85040,2688,6888,5248,2688,11648
256x256x256w20-16-39,256,256,256,20,16,39,20-16-39,M0K,9984,624,16,39,256,20,27584,87104,4992,6240,2560,4992,11648
256x256x256w23-16-32,256,256,256,23,16,32,23-16-32,M00,8192,512,16,32,256,23,25856,88832,4096,5888,2944,4096,11648
256x256x256w39-16-20,256,256,256,39,16,20,39-16-20,M0K,5120,640,16,20,512,39,27584,87104,2560,6240,4992,2560,11648
256x256x256w23-16-34,256,256,256,23,16,34,23-16-34,M0K,8704,544,16,34,256,23,27104,87584,4352,6256,2944,4352,11648
256x256x256w16-40-21,256,256,256,16,40,21,16-40-21,0NK,13440,336,40,21,640,16,29056,85632,6720,2688,5120,6720,11648
256x256x256w20-16-42,256,256,256,20,16,42,20-16-42,M0K,10752,672,16,42,256,20,29312,85376,5376,6720,2560,5376,11648
256x256x256w38-16-21,256,256,256,38,16,21,38-16-21,M0K,5376,672,16,21,512,38,27872,86816,2688,6384,4864,2688,11648
256x256x256w40-24-14,256,256,256,40,24,14,40-24-14,MNK,5376,560,24,14,960,40,29696,84992,2688,4480,7680,2688,11704
256x256x256w24-40-14,256,256,256,24,40,14,24-40-14,MNK,8960,336,40,14,960,24,29696,84992,4480,2688,7680,4480,11704
256x256x256w39-24-14,256,256,256,39,24,14,39-24-14,MNK,5376,448,24,14,768,39,29088,85600,2688,4368,7488,2688,11704
256x256x256w28-24-19,256,256,256,28,24,19,28-24-19,MNK,7296,456,24,19,576,28,26560,88128,3648,4256,5376,3648,11704
256x256x256w41-24-14,256,256,256,41,24,14,41-24-14,MNK,5376,560,24,14,960,41,30304,84384,2688,4592,7872,2688,11704
256x256x256w38-24-14,256,256,256,38,24,14,38-24-14,MNK,5376,448,24,14,768,38,28480,86208,2688,4256,7296,2688,11704
256x256x256w37-24-14,256,256,256,37,24,14,37-24-14,MNK,5376,448,24,14,768,37,27872,86816,2688,4144,7104,2688,11704
256x256x256w19-40-18,256,256,256,19,40,18,19-40-18,MNK,11520,288,40,18,640,19,29152,85536,5760,2736,6080,5760,11760
256x256x256w50-16-16,256,256,256,50,16,16,50-16-16,M00,4096,768,16,16,768,50,29696,84992,2048,6400,6400,2048,11776
256x256x256w14-16-57,256,256,256,14,16,57,14-16-57,M0K,14592,456,16,57,128,14,30944,83744,7296,6384,1792,7296,11840
256x256x256w14-16-53,256,256,256,14,16,53,14-16-53,M0K,13568,424,16,53,128,14,29024,85664,6784,5936,1792,6784,11840
256x256x256w14-16-63,256,256,256,14,16,63,14-16-63,M0K,16128,504,16,63,128,14,33824,80864,8064,7056,1792,8064,11840
256x256x256w14-32-28,256,256,256,14,32,28,14-32-28,M0K,14336,224,32,28,256,14,27776,86912,7168,3136,3584,7168,11840
256x256x256w14-56-16,256,256,256,14,56,16,14-56-16,MN0,14336,128,56,16,448,14,30464,84224,7168,1792,6272,7168,11840
256x256x256w14-16-58,256,256,256,14,16,58,14-16-58,M0K,14848,464,16,58,128,14,31424,83264,7424,6496,1792,7424,11840
256x256x256w14-16-61,256,256,256,14,16,61,14-16-61,M0K,15616,488,16,61,128,14,32864,81824,7808,6832,1792,7808,11840
256x256x256w14-64-13,256,256,256,14,64,13,14-64-13,M0K,13312,104,64,13,512,14,30560,84128,6656,1456,7168,6656,11840
256x256x256w14-32-27,256,256,256,14,32,27,14-32-27,M0K,13824,216,32,27,256,14,27040,87648,6912,3024,3584,6912,11840
256x256x256w14-16-55,256,256,256,14,16,55,14-16-55,M0K,14080,440,16,55,128,14,29984,84704,7040,6160,1792,7040,11840
256x256x256w14-16-62,256,256,256,14,16,62,14-16-62,M0K,15872,496,16,62,128,14,33344,81344,7936,6944,1792,7936,11840
256x256x256w14-32-26,256,256,256,14,32,26,14-32-26,M0K,13312,208,32,26,256,14,26304,88384,6656,2912,3584,6656,11840
256x256x256w14-72-13,256,256,256,14,72,13,14-72-13,MNK,14976,104,72,13,576,14,34016,80672,7488,1456,8064,7488,11840
256x256x256w14-16-54,256,256,256,14,16,54,14-16-54,M0K,13824,432,16,54,128,14,29504,85184,6912,6048,1792,6912,11840
256x256x256w14-16-60,256,256,256,14,16,60,14-16-60,M0K,15360,480,16,60,128,14,32384,82304,7680,6720,1792,7680,11840
256x256x256w14-16-56,256,256,256,14,16,56,14-16-56,M0K,14336,448,16,56,128,14,30464,84224,7168,6272,1792,7168,11840
256x256x256w14-16-52,256,256,256,14,16,52,14-16-52,M0K,13312,416,16,52,128,14,28544,86144,6656,5824,1792,6656,11840
256x256x256w14-16-59,256,256,256,14,16,59,14-16-59,M0K,15104,472,16,59,128,14,31904,82784,7552,6608,1792,7552,11840
256x256x256w20-48-14,256,256,256,20,48,14,20-48-14,MNK,10752,224,48,14,768,20,30592,84096,5376,2240,7680,5376,11856
256x256x256w17-40-19,256,256,256,17,40,19,17-40-19,MNK,12160,304,40,19,640,17,28208,86480,6080,2584,5440,6080,11858
256x256x256w31-24-18,256,256,256,31,24,18,31-24-18,MNK,6912,432,24,18,576,31,27744,86944,3456,4464,5952,3456,11880
256x256x256w29-24-18,256,256,256,29,24,18,29-24-18,MNK,6912,432,24,18,576,29,26400,88288,3456,4176,5568,3456,11880
256x256x256w30-24-18,256,256,256,30,24,18,30-24-18,MNK,6912,432,24,18,576,30,27072,87616,3456,4320,5760,3456,11880
256x256x256w11-64-16,256,256,256,11,64,16,11-64-16,M00,16384,128,64,16,512,11,30464,84224,8192,1408,5632,8192,11968
256x256x256w11-16-64,256,256,256,11,16,64,11-16-64,M00,16384,512,16,64,128,11,30464,84224,8192,5632,1408,8192,11968
256x256x256w11-32-32,256,256,256,11,32,32,11-32-32,M00,16384,256,32,32,256,11,27648,87040,8192,2816,2816,8192,11968
256x256x256w17-24-29,256,256,256,17,24,29,17-24-29,MNK,11136,464,24,29,384,17,25552,89136,5568,3944,3264,5568,11979
256x256x256w17-24-30,256,256,256,17,24,30,17-24-30,MNK,11520,480,24,30,384,17,26208,88480,5760,4080,3264,5760,11979
256x256x256w17-24-31,256,256,256,17,24,31,17-24-31,MNK,11904,496,24,31,384,17,26864,87824,5952,4216,3264,5952,11979
256x256x256w13-56-18,256,256,256,13,56,18,13-56-18,MNK,16128,144,56,18,448,13,31520,83168,8064,1872,5824,8064,12000
256x256x256w21-32-18,256,256,256,21,32,18,21-32-18,M0K,9216,288,32,18,512,21,26016,88672,4608,3024,5376,4608,12000
256x256x256w21-48-13,256,256,256,21,48,13,21-48-13,MNK,9984,208,48,13,768,21,30480,84208,4992,2184,8064,4992,12000
256x256x256w23-24-23,256,256,256,23,24,23,23-24-23,MNK,8832,368,24,23,384,23,26128,88560,4416,4232,4416,4416,12012
256x256x256w23-24-22,256,256,256,23,24,22,23-24-22,MNK,8448,352,24,22,384,23,25376,89312,4224,4048,4416,4224,12012
256x256x256w25-40-13,256,256,256,25,40,13,25-40-13,MNK,8320,312,40,13,960,25,29520,85168,4160,2600,8000,4160,12040
256x256x256w15-24-35,256,256,256,15,24,35,15-24-35,MNK,13440,280,24,35,192,15,27600,87088,6720,4200,2880,6720,12056
256x256x256w15-24-34,256,256,256,15,24,34,15-24-34,MNK,13056,272,24,34,192,15,26976,87712,6528,4080,2880,6528,12056
256x256x256w15-64-12,256,256,256,15,64,12,15-64-12,M0K,12288,96,64,12,512,15,30528,84160,6144,1440,7680,6144,12056
256x256x256w15-24-33,256,256,256,15,24,33,15-24-33,MNK,12672,264,24,33,192,15,26352,88336,6336,3960,2880,6336,12056
256x256x256w15-24-32,256,256,256,15,24,32,15-24-32,MN0,12288,256,24,32,192,15,25728,88960,6144,3840,2880,6144,12056
256x256x256w15-32-24,256,256,256,15,32,24,15-32-24,M0K,12288,192,32,24,256,15,25728,88960,6144,2880,3840,6144,12056
256x256x256w15-24-36,256,256,256,15,24,36,15-24-36,MNK,13824,288,24,36,192,15,28224,86464,6912,4320,2880,6912,12056
256x256x256w15-32-25,256,256,256,15,32,25,15-32-25,M0K,12800,200,32,25,256,15,26480,88208,6400,3000,3840,6400,12056
256x256x256w18-32-21,256,256,256,18,32,21,18-32-21,M0K,10752,336,32,21,512,18,26016,88672,5376,3024,4608,5376,12064
256x256x256w18-32-20,256,256,256,18,32,20,18-32-20,M0K,10240,320,32,20,512,18,25216,89472,5120,2880,4608,5120,12064
256x256x256w21-24-24,256,256,256,21,24,24,21-24-24,MNK,9216,384,24,24,384,21,25344,89344,4608,4032,4032,4608,12100
256x256x256w17-56-13,256,256,256,17,56,13,17-56-13,MNK,11648,208,56,13,896,17,30416,84272,5824,1768,7616,5824,12100
256x256x256w21-24-25,256,256,256,21,24,25,21-24-25,MNK,9600,400,24,25,384,21,26064,88624,4800,4200,4032,4800,12100
256x256x256w23-40-14,256,256,256,23,40,14,23-40-14,MNK,8960,224,40,14,640,23,28832,85856,4480,2576,7360,4480,12103
256x256x256w59-16-14,256,256,256,59,16,14,59-16-14,M0K,3584,784,16,14,896,59,31904,82784,1792,6608,7552,1792,12160
256x256x256w58-16-14,256,256,256,58,16,14,58-16-14,M0K,3584,784,16,14,896,58,31424,83264,1792,6496,7424,1792,12160
256x256x256w26-32-14,256,256,256,26,32,14,26-32-14,M0K,7168,336,32,14,768,26,26304,88384,3584,2912,6656,3584,12160
256x256x256w56-16-14,256,256,256,56,16,14,56-16-14,M0K,3584,784,16,14,896,56,30464,84224,1792,6272,7168,1792,12160
256x256x256w53-16-14,256,256,256,53,16,14,53-16-14,M0K,3584,672,16,14,768,53,29024,85664,1792,5936,6784,1792,12160
256x256x256w13-64-14,256,256,256,13,64,14,13-64-14,M0K,14336,112,64,14,512,13,30560,84128,7168,1456,6656,7168,12160
256x256x256w57-16-14,256,256,256,57,16,14,57-16-14,M0K,3584,784,16,14,896,57,30944,83744,1792,6384,7296,1792,12160
256x256x256w52-16-14,256,256,256,52,16,14,52-16-14,M0K,3584,672,16,14,768,52,28544,86144,1792,5824,6656,1792,12160
256x256x256w28-16-28,256,256,256,28,16,28,28-16-28,M0K,7168,672,16,28,384,28,26880,87808,3584,6272,3584,3584,12160
256x256x256w54-16-14,256,256,256,54,16,14,54-16-14,M0K,3584,672,16,14,768,54,29504,85184,1792,6048,6912,1792,12160
256x256x256w60-16-14,256,256,256,60,16,14,60-16-14,M0K,3584,784,16,14,896,60,32384,82304,1792,6720,7680,1792,12160
256x256x256w62-16-14,256,256,256,62,16,14,62-16-14,M0K,3584,784,16,14,896,62,33344,81344,1792,6944,7936,1792,12160
256x256x256w28-32-13,256,256,256,28,32,13,28-32-13,M0K,6656,312,32,13,768,28,26816,87872,3328,2912,7168,3328,12160
256x256x256w28-16-26,256,256,256,28,16,26,28-16-26,M0K,6656,624,16,26,384,28,25472,89216,3328,5824,3584,3328,12160
256x256x256w55-16-14,256,256,256,55,16,14,55-16-14,M0K,3584,672,16,14,768,55,29984,84704,1792,6160,7040,1792,12160
256x256x256w13-72-14,256,256,256,13,72,14,13-72-14,MNK,16128,112,72,14,576,13,34016,80672,8064,1456,7488,8064,12160
256x256x256w27-32-14,256,256,256,27,32,14,27-32-14,M0K,7168,336,32,14,768,27,27040,87648,3584,3024,6912,3584,12160
256x256x256w16-56-14,256,256,256,16,56,14,16-56-14,0NK,12544,224,56,14,896,16,30464,84224,6272,1792,7168,6272,12160
256x256x256w28-16-27,256,256,256,28,16,27,28-16-27,M0K,6912,648,16,27,384,28,26176,88512,3456,6048,3584,3456,12160
256x256x256w61-16-14,256,256,256,61,16,14,61-16-14,M0K,3584,784,16,14,896,61,32864,81824,1792,6832,7808,1792,12160
256x256x256w18-40-18,256,256,256,18,40,18,18-40-18,MNK,11520,288,40,18,640,18,28224,86464,5760,2592,5760,5760,12180
256x256x256w34-16-23,256,256,256,34,16,23,34-16-23,M0K,5888,736,16,23,512,34,27104,87584,2944,6256,4352,2944,12288
256x256x256w16-16-44,256,256,256,16,16,44,16-16-44,00K,11264,704,16,44,256,16,26624,88064,5632,5632,2048,5632,12288
256x256x256w16-32-23,256,256,256,16,32,23,16-32-23,00K,11776,368,32,23,512,16,25856,88832,5888,2944,4096,5888,12288
256x256x256w64-16-11,256,256,256,64,16,11,64-16-11,00K,2816,704,16,11,1024,64,30464,84224,1408,5632,8192,1408,12288
256x256x256w32-32-11,256,256,256,32,32,11,32-32-11,00K,5632,352,32,11,1024,32,27648,87040,2816,2816,8192,2816,12288
256x256x256w33-16-23,256,256,256,33,16,23,33-16-23,M0K,5888,736,16,23,512,33,26480,88208,2944,6072,4224,2944,12288
256x256x256w22-32-16,256,256,256,22,32,16,22-32-16,M00,8192,256,32,16,512,22,25088,89600,4096,2816,5632,4096,12288
256x256x256w46-16-16,256,256,256,46,16,16,46-16-16,M00,4096,640,16,16,640,46,27648,87040,2048,5888,5888,2048,12288
256x256x256w22-16-35,256,256,256,22,16,35,22-16-35,M0K,8960,560,16,35,256,22,26912,87776,4480,6160,2816,4480,12288
256x256x256w16-16-43,256,256,256,16,16,43,16-16-43,00K,11008,688,16,43,256,16,26112,88576,5504,5504,2048,5504,12288
256x256x256w22-16-32,256,256,256,22,16,32,22-16-32,M00,8192,512,16,32,256,22,25088,89600,4096,5632,2816,4096,12288
256x256x256w22-16-34,256,256,256,22,16,34,22-16-34,M0K,8704,544,16,34,256,22,26304,88384,4352,5984,2816,4352,12288
256x256x256w47-16-16,256,256,256,47,16,16,47-16-16,M00,4096,640,16,16,640,47,28160,86528,2048,6016,6016,2048,12288
256x256x256w32-16-23,256,256,256,32,16,23,32-16-23,00K,5888,736,16,23,512,32,25856,88832,2944,5888,4096,2944,12288
256x256x256w16-16-50,256,256,256,16,16,50,16-16-50,00K,12800,800,16,50,256,16,29696,84992,6400,6400,2048,6400,12288
256x256x256w44-16-16,256,256,256,44,16,16,44-16-16,M00,4096,640,16,16,640,44,26624,88064,2048,5632,5632,2048,12288
256x256x256w33-16-22,256,256,256,33,16,22,33-16-22,M0K,5632,704,16,22,512,33,25696,88992,2816,5808,4224,2816,12288
256x256x256w16-48-16,256,256,256,16,48,16,16-48-16,0N0,12288,256,48,16,768,16,28672,86016,6144,2048,6144,6144,12288
256x256x256w16-16-48,256,256,256,16,16,48,16-16-48,00K,12288,768,16,48,256,16,28672,86016,6144,6144,2048,6144,12288
256x256x256w32-16-22,256,256,256,32,16,22,32-16-22,00K,5632,704,16,22,512,32,25088,89600,2816,5632,4096,2816,12288
256x256x256w22-16-36,256,256,256,22,16,36,22-16-36,M0K,9216,576,16,36,256,22,27520,87168,4608,6336,2816,4608,12288
256x256x256w34-16-22,256,256,256,34,16,22,34-16-22,M0K,5632,704,16,22,512,34,26304,88384,2816,5984,4352,2816,12288
256x256x256w49-16-16,256,256,256,49,16,16,49-16-16,M00,4096,768,16,16,768,49,29184,85504,2048,6272,6272,2048,12288
256x256x256w35-16-23,256,256,256,35,16,23,35-16-23,M0K,5888,736,16,23,512,35,27728,86960,2944,6440,4480,2944,12288
256x256x256w16-64-11,256,256,256,16,64,11,16-64-11,00K,11264,176,64,11,1024,16,30464,84224,5632,1408,8192,5632,12288
256x256x256w16-16-46,256,256,256,16,16,46,16-16-46,00K,11776,736,16,46,256,16,27648,87040,5888,5888,2048,5888,12288
256x256x256w45-16-16,256,256,256,45,16,16,45-16-16,M00,4096,640,16,16,640,45,27136,87552,2048,5760,5760,2048,12288
256x256x256w35-16-22,256,256,256,35,16,22,35-16-22,M0K,5632,704,16,22,512,35,26912,87776,2816,6160,4480,2816,12288
256x256x256w16-16-45,256,256,256,16,16,45,16-16-45,00K,11520,720,16,45,256,16,27136,87552,5760,5760,2048,5760,12288
256x256x256w48-16-16,256,256,256,48,16,16,48-16-16,M00,4096,768,16,16,768,48,28672,86016,2048,6144,6144,2048,12288
256x256x256w16-16-47,256,256,256,16,16,47,16-16-47,00K,12032,752,16,47,256,16,28160,86528,6016,6016,2048,6016,12288
256x256x256w43-16-16,256,256,256,43,16,16,43-16-16,M00,4096,640,16,16,640,43,26112,88576,2048,5504,5504,2048,12288
256x256x256w22-16-33,256,256,256,22,16,33,22-16-33,M0K,8448,528,16,33,256,22,25696,88992,4224,5808,2816,4224,12288
256x256x256w16-32-22,256,256,256,16,32,22,16-32-22,00K,11264,352,32,22,512,16,25088,89600,5632,2816,4096,5632,12288
256x256x256w16-16-49,256,256,256,16,16,49,16-16-49,00K,12544,784,16,49,256,16,29184,85504,6272,6272,2048,6272,12288
256x256x256w25-24-21,256,256,256,25,24,21,25-24-21,MNK,8064,504,24,21,576,25,26064,88624,4032,4200,4800,4032,12298
256x256x256w25-24-20,256,256,256,25,24,20,25-24-20,MNK,7680,480,24,20,576,25,25280,89408,3840,4000,4800,3840,12298
256x256x256w27-24-19,256,256,256,27,24,19,27-24-19,MNK,7296,456,24,19,576,27,25872,88816,3648,4104,5184,3648,12320
256x256x256w19-24-28,256,256,256,19,24,28,19-24-28,MNK,10752,448,24,28,384,19,26560,88128,5376,4256,3648,5376,12320
256x256x256w13-24-39,256,256,256,13,24,39,13-24-39,MNK,14976,312,24,39,192,13,28080,86608,7488,4056,2496,7488,12320
256x256x256w38-24-13,256,256,256,38,24,13,38-24-13,MNK,4992,416,24,13,768,38,27488,87200,2496,3952,7296,2496,12320
256x256x256w37-24-13,256,256,256,37,24,13,37-24-13,MNK,4992,416,24,13,768,37,26896,87792,2496,3848,7104,2496,12320
256x256x256w39-24-13,256,256,256,39,24,13,39-24-13,MNK,4992,416,24,13,768,39,28080,86608,2496,4056,7488,2496,12320
256x256x256w13-40-25,256,256,256,13,40,25,13-40-25,MNK,16000,200,40,25,320,13,29520,85168,8000,2600,4160,8000,12320
256x256x256w26-24-19,256,256,256,26,24,19,26-24-19,MNK,7296,456,24,19,576,26,25184,89504,3648,3952,4992,3648,12320
256x256x256w13-24-40,256,256,256,13,24,40,13-24-40,MNK,15360,320,24,40,192,13,28672,86016,7680,4160,2496,7680,12320
256x256x256w19-24-26,256,256,256,19,24,26,19-24-26,MNK,9984,416,24,26,384,19,25184,89504,4992,3952,3648,4992,12320
256x256x256w13-24-41,256,256,256,13,24,41,13-24-41,MNK,15744,328,24,41,192,13,29264,85424,7872,4264,2496,7872,12320
256x256x256w24-40-13,256,256,256,24,40,13,24-40-13,MNK,8320,312,40,13,960,24,28672,86016,4160,2496,7680,4160,12320
256x256x256w13-24-42,256,256,256,13,24,42,13-24-42,MNK,16128,336,24,42,192,13,29856,84832,8064,4368,2496,8064,12320
256x256x256w41-24-13,256,256,256,41,24,13,41-24-13,MNK,4992,520,24,13,960,41,29264,85424,2496,4264,7872,2496,12320
256x256x256w13-24-37,256,256,256,13,24,37,13-24-37,MNK,14208,296,24,37,192,13,26896,87792,7104,3848,2496,7104,12320
256x256x256w19-24-27,256,256,256,19,24,27,19-24-27,MNK,10368,432,24,27,384,19,25872,88816,5184,4104,3648,5184,12320
256x256x256w40-24-13,256,256,256,40,24,13,40-24-13,MNK,4992,520,24,13,960,40,28672,86016,2496,4160,7680,2496,12320
256x256x256w13-40-24,256,256,256,13,40,24,13-40-24,MNK,15360,192,40,24,320,13,28672,86016,7680,2496,4160,7680,12320
256x256x256w13-24-38,256,256,256,13,24,38,13-24-38,MNK,14592,304,24,38,192,13,27488,87200,7296,3952,2496,7296,12320
256x256x256w15-48-18,256,256,256,15,48,18,15-48-18,MNK,13824,144,48,18,384,15,29664,85024,6912,2160,5760,6912,12330
256x256x256w12-32-29,256,256,256,12,32,29,12-32-29,M0K,14848,232,32,29,256,12,26560,88128,7424,2784,3072,7424,12384
256x256x256w12-32-31,256,256,256,12,32,31,12-32-31,M0K,15872,248,32,31,256,12,27968,86720,7936,2976,3072,7936,12384
256x256x256w25-16-29,256,256,256,25,16,29,25-16-29,M0K,7424,696,16,29,384,25,25424,89264,3712,5800,3200,3712,12384
256x256x256w25-16-30,256,256,256,25,16,30,25-16-30,M0K,7680,720,16,30,384,25,26080,88608,3840,6000,3200,3840,12384
256x256x256w12-32-30,256,256,256,12,32,30,12-32-30,M0K,15360,240,32,30,256,12,27264,87424,7680,2880,3072,7680,12384
256x256x256w25-16-31,256,256,256,25,16,31,25-16-31,M0K,7936,744,16,31,384,25,26736,87952,3968,6200,3200,3968,12384
256x256x256w14-40-23,256,256,256,14,40,23,14-40-23,MNK,14720,184,40,23,320,14,28832,85856,7360,2576,4480,7360,12432
256x256x256w14-40-22,256,256,256,14,40,22,14-40-22,MNK,14080,176,40,22,320,14,27968,86720,7040,2464,4480,7040,12432
256x256x256w14-48-19,256,256,256,14,48,19,14-48-19,MNK,14592,152,48,19,384,14,29600,85088,7296,2128,5376,7296,12432
256x256x256w51-16-14,256,256,256,51,16,14,51-16-14,M0K,3584,672,16,14,768,51,28064,86624,1792,5712,6528,1792,12464
256x256x256w15-40-21,256,256,256,15,40,21,15-40-21,MNK,13440,168,40,21,320,15,28080,86608,6720,2520,4800,6720,12467
256x256x256w15-40-20,256,256,256,15,40,20,15-40-20,MNK,12800,160,40,20,320,15,27200,87488,6400,2400,4800,6400,12467
256x256x256w20-32-18,256,256,256,20,32,18,20-32-18,M0K,9216,288,32,18,512,20,25216,89472,4608,2880,5120,4608,12480
256x256x256w13-48-20,256,256,256,13,48,20,13-48-20,MNK,15360,160,48,20,384,13,29504,85184,7680,2080,4992,7680,12480
256x256x256w36-16-20,256,256,256,36,16,20,36-16-20,M0K,5120,640,16,20,512,36,25856,88832,2560,5760,4608,2560,12480
256x256x256w13-48-21,256,256,256,13,48,21,13-48-21,MNK,16128,168,48,21,384,13,30480,84208,8064,2184,4992,8064,12480
256x256x256w20-48-13,256,256,256,20,48,13,20-48-13,MNK,9984,208,48,13,768,20,29504,85184,4992,2080,7680,4992,12480
256x256x256w36-16-21,256,256,256,36,16,21,36-16-21,M0K,5376,672,16,21,512,36,26688,88000,2688,6048,4608,2688,12480
256x256x256w42-16-18,256,256,256,42,16,18,42-16-18,M0K,4608,720,16,18,640,42,27456,87232,2304,6048,5376,2304,12480
256x256x256w28-24-18,256,256,256,28,24,18,28-24-18,MNK,6912,432,24,18,576,28,25728,88960,3456,4032,5376,3456,12540
256x256x256w36-24-14,256,256,256,36,24,14,36-24-14,MNK,5376,448,24,14,768,36,27264,87424,2688,4032,6912,2688,12540
256x256x256w19-40-16,256,256,256,19,40,16,19-40-16,MN0,10240,256,40,16,640,19,27264,87424,5120,2432,6080,5120,12544
256x256x256w19-32-19,256,256,256,19,32,19,19-32-19,M0K,9728,304,32,19,512,19,25232,89456,4864,2888,4864,4864,12544
256x256x256w37-16-19,256,256,256,37,16,19,37-16-19,M0K,4864,608,16,19,512,37,25584,89104,2432,5624,4736,2432,12544
256x256x256w19-16-38,256,256,256,19,16,38,19-16-38,M0K,9728,608,16,38,256,19,26144,88544,4864,5776,2432,4864,12544
256x256x256w38-16-19,256,256,256,38,16,19,38-16-19,M0K,4864,608,16,19,512,38,26144,88544,2432,5776,4864,2432,12544
256x256x256w19-16-39,256,256,256,19,16,39,19-16-39,M0K,9984,624,16,39,256,19,26704,87984,4992,5928,2432,4992,12544
256x256x256w19-16-42,256,256,256,19,16,42,19-16-42,M0K,10752,672,16,42,256,19,28384,86304,5376,6384,2432,5376,12544
256x256x256w41-16-19,256,256,256,41,16,19,41-16-19,M0K,4864,760,16,19,640,41,27824,86864,2432,6232,5248,2432,12544
256x256x256w19-16-41,256,256,256,19,16,41,19-16-41,M0K,10496,656,16,41,256,19,27824,86864,5248,6232,2432,5248,12544
256x256x256w19-16-37,256,256,256,19,16,37,19-16-37,M0K,9472,592,16,37,256,19,25584,89104,4736,5624,2432,4736,12544
256x256x256w40-16-19,256,256,256,40,16,19,40-16-19,M0K,4864,760,16,19,640,40,27264,87424,2432,6080,5120,2432,12544
256x256x256w16-40-19,256,256,256,16,40,19,16-40-19,0NK,12160,304,40,19,640,16,27264,87424,6080,2432,5120,6080,12544
256x256x256w39-16-19,256,256,256,39,16,19,39-16-19,M0K,4864,608,16,19,512,39,26704,87984,2432,5928,4992,2432,12544
256x256x256w19-16-40,256,256,256,19,16,40,19-16-40,M0K,10240,640,16,40,256,19,27264,87424,5120,6080,2432,5120,12544
256x256x256w17-32-20,256,256,256,17,32,20,17-32-20,M0K,10240,320,32,20,512,17,24384,90304,5120,2720,4352,5120,12584
256x256x256w24-24-20,256,256,256,24,24,20,24-24-20,MNK,7680,480,24,20,576,24,24576,90112,3840,3840,4608,3840,12584
256x256x256w42-24-12,256,256,256,42,24,12,42-24-12,MNK,4608,480,24,12,960,42,28800,85888,2304,4032,8064,2304,12584
256x256x256w17-32-21,256,256,256,17,32,21,17-32-21,M0K,10752,336,32,21,512,17,25168,89520,5376,2856,4352,5376,12584
256x256x256w24-24-21,256,256,256,24,24,21,24-24-21,MNK,8064,504,24,21,576,24,25344,89344,4032,4032,4608,4032,12584
256x256x256w20-24-24,256,256,256,20,24,24,20-24-24,MNK,9216,384,24,24,384,20,24576,90112,4608,3840,3840,4608,12584
256x256x256w20-24-25,256,256,256,20,24,25,20-24-25,MNK,9600,400,24,25,384,20,25280,89408,4800,4000,3840,4800,12584
256x256x256w24-16-31,256,256,256,24,16,31,24-16-31,M0K,7936,744,16,31,384,24,25984,88704,3968,5952,3072,3968,12672
256x256x256w29-16-25,256,256,256,29,16,25,29-16-25,M0K,6400,600,16,25,384,29,25424,89264,3200,5800,3712,3200,12672
256x256x256w30-32-12,256,256,256,30,32,12,30-32-12,M0K,6144,288,32,12,768,30,27264,87424,3072,2880,7680,3072,12672
256x256x256w29-32-12,256,256,256,29,32,12,29-32-12,M0K,6144,288,32,12,768,29,26560,88128,3072,2784,7424,3072,12672
256x256x256w24-16-30,256,256,256,24,16,30,24-16-30,M0K,7680,720,16,30,384,24,25344,89344,3840,5760,3072,3840,12672
256x256x256w31-16-25,256,256,256,31,16,25,31-16-25,M0K,6400,600,16,25,384,31,26736,87952,3200,6200,3968,3200,12672
256x256x256w30-16-25,256,256,256,30,16,25,30-16-25,M0K,6400,600,16,25,384,30,26080,88608,3200,6000,3840,3200,12672
256x256x256w16-24-31,256,256,256,16,24,31,16-24-31,0NK,11904,496,24,31,384,16,25984,88704,5952,3968,3072,5952,12672
256x256x256w31-24-16,256,256,256,31,24,16,31-24-16,MN0,6144,384,24,16,576,31,25984,88704,3072,3968,5952,3072,12672
256x256x256w30-24-16,256,256,256,30,24,16,30-24-16,MN0,6144,384,24,16,576,30,25344,89344,3072,3840,5760,3072,12672
256x256x256w22-24-23,256,256,256,22,24,23,22-24-23,MNK,8832,368,24,23,384,22,25376,89312,4416,4048,4224,4416,12672
256x256x256w16-24-30,256,256,256,16,24,30,16-24-30,0NK,11520,480,24,30,384,16,25344,89344,5760,3840,3072,5760,12672
256x256x256w63-16-12,256,256,256,63,16,12,63-16-12,M0K,3072,672,16,12,896,63,31296,83392,1536,6048,8064,1536,12672
256x256x256w16-24-29,256,256,256,16,24,29,16-24-29,0NK,11136,464,24,29,384,16,24704,89984,5568,3712,3072,5568,12672
256x256x256w22-24-22,256,256,256,22,24,22,22-24-22,MNK,8448,352,24,22,384,22,24640,90048,4224,3872,4224,4224,12672
256x256x256w24-16-29,256,256,256,24,16,29,24-16-29,M0K,7424,696,16,29,384,24,24704,89984,3712,5568,3072,3712,12672
256x256x256w31-32-12,256,256,256,31,32,12,31-32-12,M0K,6144,288,32,12,768,31,27968,86720,3072,2976,7936,3072,12672
256x256x256w30-16-24,256,256,256,30,16,24,30-16-24,M0K,6144,576,16,24,384,30,25344,89344,3072,5760,3840,3072,12672
256x256x256w29-24-16,256,256,256,29,24,16,29-24-16,MN0,6144,384,24,16,576,29,24704,89984,3072,3712,5568,3072,12672
256x256x256w31-16-24,256,256,256,31,16,24,31-16-24,M0K,6144,576,16,24,384,31,25984,88704,3072,5952,3968,3072,12672
256x256x256w29-16-24,256,256,256,29,16,24,29-16-24,M0K,6144,576,16,24,384,29,24704,89984,3072,5568,3712,3072,12672
256x256x256w17-40-18,256,256,256,17,40,18,17-40-18,MNK,11520,288,40,18,640,17,27296,87392,5760,2448,5440,5760,12705
256x256x256w23-40-13,256,256,256,23,40,13,23-40-13,MNK,8320,208,40,13,640,23,27824,86864,4160,2392,7360,4160,12740
256x256x256w18-24-26,256,256,256,18,24,26,18-24-26,MNK,9984,416,24,26,384,18,24384,90304,4992,3744,3456,4992,12760
256x256x256w18-56-12,256,256,256,18,56,12,18-56-12,MNK,10752,192,56,12,896,18,30336,84352,5376,1728,8064,5376,12760
256x256x256w18-24-27,256,256,256,18,24,27,18-24-27,MNK,10368,432,24,27,384,18,25056,89632,5184,3888,3456,5184,12760
256x256x256w18-24-28,256,256,256,18,24,28,18-24-28,MNK,10752,448,24,28,384,18,25728,88960,5376,4032,3456,5376,12760
256x256x256w22-40-14,256,256,256,22,40,14,22-40-14,MNK,8960,224,40,14,640,22,27968,86720,4480,2464,7040,4480,12768
256x256x256w19-48-14,256,256,256,19,48,14,19-48-14,MNK,10752,224,48,14,768,19,29600,85088,5376,2128,7296,5376,12768
256x256x256w13-16-59,256,256,256,13,16,59,13-16-59,M0K,15104,472,16,59,128,13,30704,83984,7552,6136,1664,7552,12800
256x256x256w13-16-60,256,256,256,13,16,60,13-16-60,M0K,15360,480,16,60,128,13,31168,83520,7680,6240,1664,7680,12800
256x256x256w13-16-52,256,256,256,13,16,52,13-16-52,M0K,13312,416,16,52,128,13,27456,87232,6656,5408,1664,6656,12800
256x256x256w13-32-26,256,256,256,13,32,26,13-32-26,M0K,13312,208,32,26,256,13,25376,89312,6656,2704,3328,6656,12800
256x256x256w13-32-28,256,256,256,13,32,28,13-32-28,M0K,14336,224,32,28,256,13,26816,87872,7168,2912,3328,7168,12800
256x256x256w13-16-55,256,256,256,13,16,55,13-16-55,M0K,14080,440,16,55,128,13,28848,85840,7040,5720,1664,7040,12800
256x256x256w21-16-34,256,256,256,21,16,34,21-16-34,M0K,8704,544,16,34,256,21,25504,89184,4352,5712,2688,4352,12800
256x256x256w13-16-61,256,256,256,13,16,61,13-16-61,M0K,15616,488,16,61,128,13,31632,83056,7808,6344,1664,7808,12800
256x256x256w59-16-13,256,256,256,59,16,13,59-16-13,M0K,3328,728,16,13,896,59,30704,83984,1664,6136,7552,1664,12800
256x256x256w53-16-13,256,256,256,53,16,13,53-16-13,M0K,3328,624,16,13,768,53,27920,86768,1664,5512,6784,1664,12800
256x256x256w56-16-13,256,256,256,56,16,13,56-16-13,M0K,3328,728,16,13,896,56,29312,85376,1664,5824,7168,1664,12800
256x256x256w13-72-13,256,256,256,13,72,13,13-72-13,MNK,14976,104,72,13,576,13,32656,82032,7488,1352,7488,7488,12800
256x256x256w27-16-27,256,256,256,27,16,27,27-16-27,M0K,6912,648,16,27,384,27,25488,89200,3456,5832,3456,3456,12800
256x256x256w26-16-28,256,256,256,26,16,28,26-16-28,M0K,7168,672,16,28,384,26,25472,89216,3584,5824,3328,3584,12800
256x256x256w13-16-54,256,256,256,13,16,54,13-16-54,M0K,13824,432,16,54,128,13,28384,86304,6912,5616,1664,6912,12800
256x256x256w13-16-62,256,256,256,13,16,62,13-16-62,M0K,15872,496,16,62,128,13,32096,82592,7936,6448,1664,7936,12800
256x256x256w21-32-16,256,256,256,21,32,16,21-32-16,M00,8192,256,32,16,512,21,24320,90368,4096,2688,5376,4096,12800
256x256x256w61-16-13,256,256,256,61,16,13,61-16-13,M0K,3328,728,16,13,896,61,31632,83056,1664,6344,7808,1664,12800
256x256x256w60-16-13,256,256,256,60,16,13,60-16-13,M0K,3328,728,16,13,896,60,31168,83520,1664,6240,7680,1664,12800
256x256x256w16-56-13,256,256,256,16,56,13,16-56-13,0NK,11648,208,56,13,896,16,29312,85376,5824,1664,7168,5824,12800
256x256x256w26-16-27,256,256,256,26,16,27,26-16-27,M0K,6912,648,16,27,384,26,24800,89888,3456,5616,3328,3456,12800
256x256x256w52-16-13,256,256,256,52,16,13,52-16-13,M0K,3328,624,16,13,768,52,27456,87232,1664,5408,6656,1664,12800
256x256x256w27-32-13,256,256,256,27,32,13,27-32-13,M0K,6656,312,32,13,768,27,26096,88592,3328,2808,6912,3328,12800
256x256x256w26-16-26,256,256,256,26,16,26,26-16-26,M0K,6656,624,16,26,384,26,24128,90560,3328,5408,3328,3328,12800
256x256x256w57-16-13,256,256,256,57,16,13,57-16-13,M0K,3328,728,16,13,896,57,29776,84912,1664,5928,7296,1664,12800
256x256x256w13-16-58,256,256,256,13,16,58,13-16-58,M0K,14848,464,16,58,128,13,30240,84448,7424,6032,1664,7424,12800
256x256x256w21-16-35,256,256,256,21,16,35,21-16-35,M0K,8960,560,16,35,256,21,26096,88592,4480,5880,2688,4480,12800
256x256x256w27-16-26,256,256,256,27,16,26,27-16-26,M0K,6656,624,16,26,384,27,24800,89888,3328,5616,3456,3328,12800
256x256x256w21-16-36,256,256,256,21,16,36,21-16-36,M0K,9216,576,16,36,256,21,26688,88000,4608,6048,2688,4608,12800
256x256x256w54-16-13,256,256,256,54,16,13,54-16-13,M0K,3328,624,16,13,768,54,28384,86304,1664,5616,6912,1664,12800
256x256x256w55-16-13,256,256,256,55,16,13,55-16-13,M0K,3328,624,16,13,768,55,28848,85840,1664,5720,7040,1664,12800
256x256x256w13-16-63,256,256,256,13,16,63,13-16-63,M0K,16128,504,16,63,128,13,32560,82128,8064,6552,1664,8064,12800
256x256x256w21-16-33,256,256,256,21,16,33,21-16-33,M0K,8448,528,16,33,256,21,24912,89776,4224,5544,2688,4224,12800
256x256x256w26-32-13,256,256,256,26,32,13,26-32-13,M0K,6656,312,32,13,768,26,25376,89312,3328,2704,6656,3328,12800
256x256x256w13-16-53,256,256,256,13,16,53,13-16-53,M0K,13568,424,16,53,128,13,27920,86768,6784,5512,1664,6784,12800
256x256x256w13-16-57,256,256,256,13,16,57,13-16-57,M0K,14592,456,16,57,128,13,29776,84912,7296,5928,1664,7296,12800
256x256x256w21-16-32,256,256,256,21,16,32,21-16-32,M00,8192,512,16,32,256,21,24320,90368,4096,5376,2688,4096,12800
256x256x256w13-32-27,256,256,256,13,32,27,13-32-27,M0K,13824,216,32,27,256,13,26096,88592,6912,2808,3328,6912,12800
256x256x256w13-16-56,256,256,256,13,16,56,13-16-56,M0K,14336,448,16,56,128,13,29312,85376,7168,5824,1664,7168,12800
256x256x256w13-64-13,256,256,256,13,64,13,13-64-13,M0K,13312,104,64,13,512,13,29328,85360,6656,1352,6656,6656,12800
256x256x256w13-56-16,256,256,256,13,56,16,13-56-16,MN0,14336,128,56,16,448,13,29312,85376,7168,1664,5824,7168,12800
256x256x256w27-16-28,256,256,256,27,16,28,27-16-28,M0K,7168,672,16,28,384,27,26176,88512,3584,6048,3456,3584,12800
256x256x256w58-16-13,256,256,256,58,16,13,58-16-13,M0K,3328,728,16,13,896,58,30240,84448,1664,6032,7424,1664,12800
256x256x256w62-16-13,256,256,256,62,16,13,62-16-13,M0K,3328,728,16,13,896,62,32096,82592,1664,6448,7936,1664,12800
256x256x256w12-56-18,256,256,256,12,56,18,12-56-18,MNK,16128,144,56,18,448,12,30336,84352,8064,1728,5376,8064,12900
256x256x256w18-16-37,256,256,256,18,16,37,18-16-37,M0K,9472,592,16,37,256,18,24736,89952,4736,5328,2304,4736,12992
256x256x256w18-16-39,256,256,256,18,16,39,18-16-39,M0K,9984,624,16,39,256,18,25824,88864,4992,5616,2304,4992,12992
256x256x256w18-16-41,256,256,256,18,16,41,18-16-41,M0K,10496,656,16,41,256,18,26912,87776,5248,5904,2304,5248,12992
256x256x256w18-16-40,256,256,256,18,16,40,18-16-40,M0K,10240,640,16,40,256,18,26368,88320,5120,5760,2304,5120,12992
256x256x256w18-16-42,256,256,256,18,16,42,18-16-42,M0K,10752,672,16,42,256,18,27456,87232,5376,6048,2304,5376,12992
256x256x256w18-16-38,256,256,256,18,16,38,18-16-38,M0K,9728,608,16,38,256,18,25280,89408,4864,5472,2304,4864,12992
256x256x256w18-32-19,256,256,256,18,32,19,18-32-19,M0K,9728,304,32,19,512,18,24416,90272,4864,2736,4608,4864,12992
256x256x256w18-40-16,256,256,256,18,40,16,18-40-16,MN0,10240,256,40,16,640,18,26368,88320,5120,2304,5760,5120,12992
256x256x256w23-24-20,256,256,256,23,24,20,23-24-20,MNK,7680,320,24,20,384,23,23872,90816,3840,3680,4416,3840,13013
256x256x256w23-24-21,256,256,256,23,24,21,23-24-21,MNK,8064,336,24,21,384,23,24624,90064,4032,3864,4416,4032,13013
256x256x256w15-56-14,256,256,256,15,56,14,15-56-14,MNK,12544,112,56,14,448,15,29344,85344,6272,1680,6720,6272,13015
256x256x256w14-24-36,256,256,256,14,24,36,14-24-36,MNK,13824,288,24,36,192,14,27264,87424,6912,4032,2688,6912,13024
256x256x256w14-24-35,256,256,256,14,24,35,14-24-35,MNK,13440,280,24,35,192,14,26656,88032,6720,3920,2688,6720,13024
256x256x256w14-24-34,256,256,256,14,24,34,14-24-34,MNK,13056,272,24,34,192,14,26048,88640,6528,3808,2688,6528,13024
256x256x256w14-24-32,256,256,256,14,24,32,14-24-32,MN0,12288,256,24,32,192,14,24832,89856,6144,3584,2688,6144,13024
256x256x256w14-32-25,256,256,256,14,32,25,14-32-25,M0K,12800,200,32,25,256,14,25568,89120,6400,2800,3584,6400,13024
256x256x256w14-72-12,256,256,256,14,72,12,14-72-12,MNK,13824,96,72,12,576,14,32640,82048,6912,1344,8064,6912,13024
256x256x256w14-24-33,256,256,256,14,24,33,14-24-33,MNK,12672,264,24,33,192,14,25440,89248,6336,3696,2688,6336,13024
256x256x256w14-32-24,256,256,256,14,32,24,14-32-24,M0K,12288,192,32,24,256,14,24832,89856,6144,2688,3584,6144,13024
256x256x256w14-64-12,256,256,256,14,64,12,14-64-12,M0K,12288,96,64,12,512,14,29312,85376,6144,1344,7168,6144,13024
256x256x256w12-64-14,256,256,256,12,64,14,12-64-14,M0K,14336,112,64,14,512,12,29312,85376,7168,1344,6144,7168,13072
256x256x256w12-72-14,256,256,256,12,72,14,12-72-14,MNK,16128,112,72,14,576,12,32640,82048,8064,1344,6912,8064,13072
256x256x256w25-32-14,256,256,256,25,32,14,25-32-14,M0K,7168,336,32,14,768,25,25568,89120,3584,2800,6400,3584,13072
256x256x256w23-16-31,256,256,256,23,16,31,23-16-31,M0K,7936,496,16,31,256,23,25232,89456,3968,5704,2944,3968,13104
256x256x256w23-16-30,256,256,256,23,16,30,23-16-30,M0K,7680,480,16,30,256,23,24608,90080,3840,5520,2944,3840,13104
256x256x256w23-16-29,256,256,256,23,16,29,23-16-29,M0K,7424,464,16,29,256,23,23984,90704,3712,5336,2944,3712,13104
256x256x256w51-16-13,256,256,256,51,16,13,51-16-13,M0K,3328,624,16,13,768,51,26992,87696,1664,5304,6528,1664,13120
256x256x256w15-16-45,256,256,256,15,16,45,15-16-45,M0K,11520,360,16,45,128,15,26160,88528,5760,5400,1920,5760,13152
256x256x256w15-32-23,256,256,256,15,32,23,15-32-23,M0K,11776,184,32,23,256,15,24976,89712,5888,2760,3840,5888,13152
256x256x256w15-64-11,256,256,256,15,64,11,15-64-11,M0K,11264,88,64,11,512,15,29264,85424,5632,1320,7680,5632,13152
256x256x256w15-16-44,256,256,256,15,16,44,15-16-44,M0K,11264,352,16,44,128,15,25664,89024,5632,5280,1920,5632,13152
256x256x256w15-16-43,256,256,256,15,16,43,15-16-43,M0K,11008,344,16,43,128,15,25168,89520,5504,5160,1920,5504,13152
256x256x256w15-16-49,256,256,256,15,16,49,15-16-49,M0K,12544,392,16,49,128,15,28144,86544,6272,5880,1920,6272,13152
256x256x256w15-16-47,256,256,256,15,16,47,15-16-47,M0K,12032,376,16,47,128,15,27152,87536,6016,5640,1920,6016,13152
256x256x256w15-48-16,256,256,256,15,48,16,15-48-16,MN0,12288,128,48,16,384,15,27648,87040,6144,1920,5760,6144,13152
256x256x256w15-16-50,256,256,256,15,16,50,15-16-50,M0K,12800,400,16,50,128,15,28640,86048,6400,6000,1920,6400,13152
256x256x256w15-16-48,256,256,256,15,16,48,15-16-48,M0K,12288,384,16,48,128,15,27648,87040,6144,5760,1920,6144,13152
256x256x256w15-16-46,256,256,256,15,16,46,15-16-46,M0K,11776,368,16,46,128,15,26656,88032,5888,5520,1920,5888,13152
256x256x256w15-32-22,256,256,256,15,32,22,15-32-22,M0K,11264,176,32,22,256,15,24224,90464,5632,2640,3840,5632,13152
256x256x256w10-32-32,256,256,256,10,32,32,10-32-32,M00,16384,256,32,32,256,10,26624,88064,8192,2560,2560,8192,13184
256x256x256w10-16-64,256,256,256,10,16,64,10-16-64,M00,16384,512,16,64,128,10,29184,85504,8192,5120,1280,8192,13184
256x256x256w10-64-16,256,256,256,10,64,16,10-64-16,M00,16384,128,64,16,512,10,29184,85504,8192,1280,5120,8192,13184
256x256x256w36-24-13,256,256,256,36,24,13,36-24-13,MNK,4992,416,24,13,768,36,26304,88384,2496,3744,6912,2496,13200
256x256x256w27-24-18,256,256,256,27,24,18,27-24-18,MNK,6912,432,24,18,576,27,25056,89632,3456,3888,5184,3456,13200
256x256x256w21-48-12,256,256,256,21,48,12,21-48-12,MNK,9216,192,48,12,768,21,29376,85312,4608,2016,8064,4608,13200
256x256x256w26-24-18,256,256,256,26,24,18,26-24-18,MNK,6912,432,24,18,576,26,24384,90304,3456,3744,4992,3456,13200
256x256x256w21-24-23,256,256,256,21,24,23,21-24-23,MNK,8832,368,24,23,384,21,24624,90064,4416,3864,4032,4416,13200
256x256x256w21-24-22,256,256,256,21,24,22,21-24-22,MNK,8448,352,24,22,384,21,23904,90784,4224,3696,4032,4224,13200
256x256x256w18-48-14,256,256,256,18,48,14,18-48-14,MNK,10752,224,48,14,768,18,28608,86080,5376,2016,6912,5376,13224
256x256x256w12-40-24,256,256,256,12,40,24,12-40-24,MNK,15360,192,40,24,320,12,27648,87040,7680,2304,3840,7680,13244
256x256x256w25-40-12,256,256,256,25,40,12,25-40-12,MNK,7680,288,40,12,960,25,28480,86208,3840,2400,8000,3840,13244
256x256x256w12-24-40,256,256,256,12,24,40,12-24-40,MNK,15360,320,24,40,192,12,27648,87040,7680,3840,2304,7680,13244
256x256x256w12-24-41,256,256,256,12,24,41,12-24-41,MNK,15744,328,24,41,192,12,28224,86464,7872,3936,2304,7872,13244
256x256x256w12-24-42,256,256,256,12,24,42,12-24-42,MNK,16128,336,24,42,192,12,28800,85888,8064,4032,2304,8064,13244
256x256x256w25-24-19,256,256,256,25,24,19,25-24-19,MNK,7296,456,24,19,576,25,24496,90192,3648,3800,4800,3648,13244
256x256x256w12-24-37,256,256,256,12,24,37,12-24-37,MNK,14208,296,24,37,192,12,25920,88768,7104,3552,2304,7104,13244
256x256x256w12-24-38,256,256,256,12,24,38,12-24-38,MNK,14592,304,24,38,192,12,26496,88192,7296,3648,2304,7296,13244
256x256x256w12-24-39,256,256,256,12,24,39,12-24-39,MNK,14976,312,24,39,192,12,27072,87616,7488,3744,2304,7488,13244
256x256x256w12-40-25,256,256,256,12,40,25,12-40-25,MNK,16000,200,40,25,320,12,28480,86208,8000,2400,3840,8000,13244
256x256x256w21-40-14,256,256,256,21,40,14,21-40-14,MNK,8960,224,40,14,640,21,27104,87584,4480,2352,6720,4480,13300
256x256x256w17-24-26,256,256,256,17,24,26,17-24-26,MNK,9984,416,24,26,384,17,23584,91104,4992,3536,3264,4992,13310
256x256x256w17-24-27,256,256,256,17,24,27,17-24-27,MNK,10368,432,24,27,384,17,24240,90448,5184,3672,3264,5184,13310
256x256x256w17-56-12,256,256,256,17,56,12,17-56-12,MNK,10752,192,56,12,896,17,29248,85440,5376,1632,7616,5376,13310
256x256x256w17-24-28,256,256,256,17,24,28,17-24-28,MNK,10752,448,24,28,384,17,24896,89792,5376,3808,3264,5376,13310
256x256x256w20-16-36,256,256,256,20,16,36,20-16-36,M0K,9216,576,16,36,256,20,25856,88832,4608,5760,2560,4608,13312
256x256x256w33-16-20,256,256,256,33,16,20,33-16-20,M0K,5120,640,16,20,512,33,24128,90560,2560,5280,4224,2560,13312
256x256x256w42-16-16,256,256,256,42,16,16,42-16-16,M00,4096,640,16,16,640,42,25600,89088,2048,5376,5376,2048,13312
256x256x256w20-32-16,256,256,256,20,32,16,20-32-16,M00,8192,256,32,16,512,20,23552,91136,4096,2560,5120,4096,13312
256x256x256w20-16-33,256,256,256,20,16,33,20-16-33,M0K,8448,528,16,33,256,20,24128,90560,4224,5280,2560,4224,13312
256x256x256w32-32-10,256,256,256,32,32,10,32-32-10,00K,5120,320,32,10,1024,32,26624,88064,2560,2560,8192,2560,13312
256x256x256w32-16-21,256,256,256,32,16,21,32-16-21,00K,5376,672,16,21,512,32,24320,90368,2688,5376,4096,2688,13312
256x256x256w20-16-32,256,256,256,20,16,32,20-16-32,M00,8192,512,16,32,256,20,23552,91136,4096,5120,2560,4096,13312
256x256x256w35-16-20,256,256,256,35,16,20,35-16-20,M0K,5120,640,16,20,512,35,25280,89408,2560,5600,4480,2560,13312
256x256x256w34-16-21,256,256,256,34,16,21,34-16-21,M0K,5376,672,16,21,512,34,25504,89184,2688,5712,4352,2688,13312
256x256x256w35-16-21,256,256,256,35,16,21,35-16-21,M0K,5376,672,16,21,512,35,26096,88592,2688,5880,4480,2688,13312
256x256x256w16-32-20,256,256,256,16,32,20,16-32-20,00K,10240,320,32,20,512,16,23552,91136,5120,2560,4096,5120,13312
256x256x256w20-16-35,256,256,256,20,16,35,20-16-35,M0K,8960,560,16,35,256,20,25280,89408,4480,5600,2560,4480,13312
256x256x256w33-16-21,256,256,256,33,16,21,33-16-21,M0K,5376,672,16,21,512,33,24912,89776,2688,5544,4224,2688,13312
256x256x256w64-16-10,256,256,256,64,16,10,64-16-10,00K,2560,640,16,10,1024,64,29184,85504,1280,5120,8192,1280,13312
256x256x256w16-64-10,256,256,256,16,64,10,16-64-10,00K,10240,160,64,10,1024,16,29184,85504,5120,1280,8192,5120,13312
256x256x256w34-16-20,256,256,256,34,16,20,34-16-20,M0K,5120,640,16,20,512,34,24704,89984,2560,5440,4352,2560,13312
256x256x256w16-32-21,256,256,256,16,32,21,16-32-21,00K,10752,336,32,21,512,16,24320,90368,5376,2688,4096,5376,13312
256x256x256w32-16-20,256,256,256,32,16,20,32-16-20,00K,5120,640,16,20,512,32,23552,91136,2560,5120,4096,2560,13312
256x256x256w20-16-34,256,256,256,20,16,34,20-16-34,M0K,8704,544,16,34,256,20,24704,89984,4352,5440,2560,4352,13312
256x256x256w14-48-18,256,256,256,14,48,18,14-48-18,MNK,13824,144,48,18,384,14,28608,86080,6912,2016,5376,6912,13320
256x256x256w33-24-14,256,256,256,33,24,14,33-24-14,MNK,5376,448,24,14,768,33,25440,89248,2688,3696,6336,2688,13376
256x256x256w28-16-24,256,256,256,28,16,24,28-16-24,M0K,6144,576,16,24,384,28,24064,90624,3072,5376,3584,3072,13376
256x256x256w32-24-14,256,256,256,32,24,14,32-24-14,0NK,5376,448,24,14,768,32,24832,89856,2688,3584,6144,2688,13376
256x256x256w24-32-14,256,256,256,24,32,14,24-32-14,M0K,7168,336,32,14,768,24,24832,89856,3584,2688,6144,3584,13376
256x256x256w28-24-16,256,256,256,28,24,16,28-24-16,MN0,6144,384,24,16,576,28,24064,90624,3072,3584,5376,3072,13376
256x256x256w35-24-14,256,256,256,35,24,14,35-24-14,MNK,5376,448,24,14,768,35,26656,88032,2688,3920,6720,2688,13376
256x256x256w28-32-12,256,256,256,28,32,12,28-32-12,M0K,6144,288,32,12,768,28,25856,88832,3072,2688,7168,3072,13376
256x256x256w34-24-14,256,256,256,34,24,14,34-24-14,MNK,5376,448,24,14,768,34,26048,88640,2688,3808,6528,2688,13376
256x256x256w28-16-25,256,256,256,28,16,25,28-16-25,M0K,6400,600,16,25,384,28,24768,89920,3200,5600,3584,3200,13376
256x256x256w12-48-21,256,256,256,12,48,21,12-48-21,MNK,16128,168,48,21,384,12,29376,85312,8064,2016,4608,8064,13416
256x256x256w12-48-20,256,256,256,12,48,20,12-48-20,MNK,15360,160,48,20,384,12,28416,86272,7680,1920,4608,7680,13416
256x256x256w15-40-19,256,256,256,15,40,19,15-40-19,MNK,12160,152,40,19,320,15,26320,88368,6080,2280,4800,6080,13426
256x256x256w40-16-18,256,256,256,40,16,18,40-16-18,M0K,4608,720,16,18,640,40,26368,88320,2304,5760,5120,2304,13440
256x256x256w13-40-22,256,256,256,13,40,22,13-40-22,MNK,14080,176,40,22,320,13,26976,87712,7040,2288,4160,7040,13440
256x256x256w39-16-18,256,256,256,39,16,18,39-16-18,M0K,4608,576,16,18,512,39,25824,88864,2304,5616,4992,2304,13440
256x256x256w13-48-19,256,256,256,13,48,19,13-48-19,MNK,14592,152,48,19,384,13,28528,86160,7296,1976,4992,7296,13440
256x256x256w16-40-18,256,256,256,16,40,18,16-40-18,0NK,11520,288,40,18,640,16,26368,88320,5760,2304,5120,5760,13440
256x256x256w41-16-18,256,256,256,41,16,18,41-16-18,M0K,4608,720,16,18,640,41,26912,87776,2304,5904,5248,2304,13440
256x256x256w19-48-13,256,256,256,19,48,13,19-48-13,MNK,9984,208,48,13,768,19,28528,86160,4992,1976,7296,4992,13440
256x256x256w13-40-23,256,256,256,13,40,23,13-40-23,MNK,14720,184,40,23,320,13,27824,86864,7360,2392,4160,7360,13440
256x256x256w37-16-18,256,256,256,37,16,18,37-16-18,M0K,4608,576,16,18,512,37,24736,89952,2304,5328,4736,2304,13440
256x256x256w38-16-18,256,256,256,38,16,18,38-16-18,M0K,4608,576,16,18,512,38,25280,89408,2304,5472,4864,2304,13440
256x256x256w22-40-13,256,256,256,22,40,13,22-40-13,MNK,8320,208,40,13,640,22,26976,87712,4160,2288,7040,4160,13440
256x256x256w19-32-18,256,256,256,19,32,18,19-32-18,M0K,9216,288,32,18,512,19,24416,90272,4608,2736,4864,4608,13440
256x256x256w36-16-19,256,256,256,36,16,19,36-16-19,M0K,4864,608,16,19,512,36,25024,89664,2432,5472,4608,2432,13440
256x256x256w11-88-11,256,256,256,11,88,11,11-88-11,MNK,15488,88,88,11,704,11,32912,81776,7744,968,7744,7744,13464
256x256x256w11-32-31,256,256,256,11,32,31,11-32-31,M0K,15872,248,32,31,256,11,26960,87728,7936,2728,2816,7936,13464
256x256x256w11-32-29,256,256,256,11,32,29,11-32-29,M0K,14848,232,32,29,256,11,25584,89104,7424,2552,2816,7424,13464
256x256x256w11-32-30,256,256,256,11,32,30,11-32-30,M0K,15360,240,32,30,256,11,26272,88416,7680,2640,2816,7680,13464
256x256x256w14-40-21,256,256,256,14,40,21,14-40-21,MNK,13440,168,40,21,320,14,27104,87584,6720,2352,4480,6720,13468
256x256x256w14-40-20,256,256,256,14,40,20,14-40-20,MNK,12800,160,40,20,320,14,26240,88448,6400,2240,4480,6400,13468
256x256x256w37-24-12,256,256,256,37,24,12,37-24-12,MNK,4608,384,24,12,768,37,25920,88768,2304,3552,7104,2304,13552
256x256x256w17-16-39,256,256,256,17,16,39,17-16-39,M0K,9984,624,16,39,256,17,24944,89744,4992,5304,2176,4992,13552
256x256x256w17-16-37,256,256,256,17,16,37,17-16-37,M0K,9472,592,16,37,256,17,23888,90800,4736,5032,2176,4736,13552
256x256x256w19-24-25,256,256,256,19,24,25,19-24-25,MNK,9600,400,24,25,384,19,24496,90192,4800,3800,3648,4800,13552
256x256x256w17-16-42,256,256,256,17,16,42,17-16-42,M0K,10752,672,16,42,256,17,26528,88160,5376,5712,2176,5376,13552
256x256x256w17-16-38,256,256,256,17,16,38,17-16-38,M0K,9728,608,16,38,256,17,24416,90272,4864,5168,2176,4864,13552
256x256x256w19-24-24,256,256,256,19,24,24,19-24-24,MNK,9216,384,24,24,384,19,23808,90880,4608,3648,3648,4608,13552
256x256x256w38-24-12,256,256,256,38,24,12,38-24-12,MNK,4608,384,24,12,768,38,26496,88192,2304,3648,7296,2304,13552
256x256x256w17-32-19,256,256,256,17,32,19,17-32-19,M0K,9728,304,32,19,512,17,23600,91088,4864,2584,4352,4864,13552
256x256x256w39-24-12,256,256,256,39,24,12,39-24-12,MNK,4608,384,24,12,768,39,27072,87616,2304,3744,7488,2304,13552
256x256x256w24-24-19,256,256,256,24,24,19,24-24-19,MNK,7296,456,24,19,576,24,23808,90880,3648,3648,4608,3648,13552
256x256x256w40-24-12,256,256,256,40,24,12,40-24-12,MNK,4608,480,24,12,960,40,27648,87040,2304,3840,7680,2304,13552
256x256x256w17-16-41,256,256,256,17,16,41,17-16-41,M0K,10496,656,16,41,256,17,26000,88688,5248,5576,2176,5248,13552
256x256x256w24-40-12,256,256,256,24,40,12,24-40-12,MNK,7680,288,40,12,960,24,27648,87040,3840,2304,7680,3840,13552
256x256x256w17-16-40,256,256,256,17,16,40,17-16-40,M0K,10240,640,16,40,256,17,25472,89216,5120,5440,2176,5120,13552
256x256x256w17-40-16,256,256,256,17,40,16,17-40-16,MN0,10240,256,40,16,640,17,25472,89216,5120,2176,5440,5120,13552
256x256x256w41-24-12,256,256,256,41,24,12,41-24-12,MNK,4608,480,24,12,960,41,28224,86464,2304,3936,7872,2304,13552
256x256x256w15-24-29,256,256,256,15,24,29,15-24-29,MNK,11136,232,24,29,192,15,23856,90832,5568,3480,2880,5568,13563
256x256x256w15-24-31,256,256,256,15,24,31,15-24-31,MNK,11904,248,24,31,192,15,25104,89584,5952,3720,2880,5952,13563
256x256x256w15-24-30,256,256,256,15,24,30,15-24-30,MNK,11520,240,24,30,192,15,24480,90208,5760,3600,2880,5760,13563
256x256x256w15-56-13,256,256,256,15,56,13,15-56-13,MNK,11648,104,56,13,448,15,28208,86480,5824,1560,6720,5824,13700
256x256x256w20-24-23,256,256,256,20,24,23,20-24-23,MNK,8832,368,24,23,384,20,23872,90816,4416,3680,3840,4416,13728
256x256x256w20-24-22,256,256,256,20,24,22,20-24-22,MNK,8448,352,24,22,384,20,23168,91520,4224,3520,3840,4224,13728
256x256x256w22-24-20,256,256,256,22,24,20,22-24-20,MNK,7680,320,24,20,384,22,23168,91520,3840,3520,4224,3840,13728
256x256x256w42-24-11,256,256,256,42,24,11,42-24-11,MNK,4224,440,24,11,960,42,27744,86944,2112,3696,8064,2112,13728
256x256x256w22-24-21,256,256,256,22,24,21,22-24-21,MNK,8064,336,24,21,384,22,23904,90784,4032,3696,4224,4032,13728
256x256x256w20-48-12,256,256,256,20,48,12,20-48-12,MNK,9216,192,48,12,768,20,28416,86272,4608,1920,7680,4608,13728
256x256x256w12-16-53,256,256,256,12,16,53,12-16-53,M0K,13568,424,16,53,128,12,26816,87872,6784,5088,1536,6784,13760
256x256x256w12-32-26,256,256,256,12,32,26,12-32-26,M0K,13312,208,32,26,256,12,24448,90240,6656,2496,3072,6656,13760
256x256x256w25-16-28,256,256,256,25,16,28,25-16-28,M0K,7168,672,16,28,384,25,24768,89920,3584,5600,3200,3584,13760
256x256x256w12-56-16,256,256,256,12,56,16,12-56-16,MN0,14336,128,56,16,448,12,28160,86528,7168,1536,5376,7168,13760
256x256x256w12-32-27,256,256,256,12,32,27,12-32-27,M0K,13824,216,32,27,256,12,25152,89536,6912,2592,3072,6912,13760
256x256x256w25-16-26,256,256,256,25,16,26,25-16-26,M0K,6656,624,16,26,384,25,23456,91232,3328,5200,3200,3328,13760
256x256x256w12-16-59,256,256,256,12,16,59,12-16-59,M0K,15104,472,16,59,128,12,29504,85184,7552,5664,1536,7552,13760
256x256x256w12-32-28,256,256,256,12,32,28,12-32-28,M0K,14336,224,32,28,256,12,25856,88832,7168,2688,3072,7168,13760
256x256x256w12-16-58,256,256,256,12,16,58,12-16-58,M0K,14848,464,16,58,128,12,29056,85632,7424,5568,1536,7424,13760
256x256x256w12-16-63,256,256,256,12,16,63,12-16-63,M0K,16128,504,16,63,128,12,31296,83392,8064,6048,1536,8064,13760
256x256x256w12-64-13,256,256,256,12,64,13,12-64-13,M0K,13312,104,64,13,512,12,28096,86592,6656,1248,6144,6656,13760
256x256x256w12-16-57,256,256,256,12,16,57,12-16-57,M0K,14592,456,16,57,128,12,28608,86080,7296,5472,1536,7296,13760
256x256x256w12-16-61,256,256,256,12,16,61,12-16-61,M0K,15616,488,16,61,128,12,30400,84288,7808,5856,1536,7808,13760
256x256x256w25-16-27,256,256,256,25,16,27,25-16-27,M0K,6912,648,16,27,384,25,24112,90576,3456,5400,3200,3456,13760
256x256x256w12-16-60,256,256,256,12,16,60,12-16-60,M0K,15360,480,16,60,128,12,29952,84736,7680,5760,1536,7680,13760
256x256x256w12-16-52,256,256,256,12,16,52,12-16-52,M0K,13312,416,16,52,128,12,26368,88320,6656,4992,1536,6656,13760
256x256x256w12-16-56,256,256,256,12,16,56,12-16-56,M0K,14336,448,16,56,128,12,28160,86528,7168,5376,1536,7168,13760
256x256x256w25-32-13,256,256,256,25,32,13,25-32-13,M0K,6656,312,32,13,768,25,24656,90032,3328,2600,6400,3328,13760
256x256x256w12-72-13,256,256,256,12,72,13,12-72-13,MNK,14976,104,72,13,576,12,31296,83392,7488,1248,6912,7488,13760
256x256x256w12-16-54,256,256,256,12,16,54,12-16-54,M0K,13824,432,16,54,128,12,27264,87424,6912,5184,1536,6912,13760
256x256x256w12-16-55,256,256,256,12,16,55,12-16-55,M0K,14080,440,16,55,128,12,27712,86976,7040,5280,1536,7040,13760
256x256x256w12-16-62,256,256,256,12,16,62,12-16-62,M0K,15872,496,16,62,128,12,30848,83840,7936,5952,1536,7936,13760
256x256x256w17-48-14,256,256,256,17,48,14,17-48-14,MNK,10752,224,48,14,768,17,27616,87072,5376,1904,6528,5376,13794
256x256x256w29-32-11,256,256,256,29,32,11,29-32-11,M0K,5632,264,32,11,768,29,25584,89104,2816,2552,7424,2816,13824
256x256x256w29-16-23,256,256,256,29,16,23,29-16-23,M0K,5888,552,16,23,384,29,23984,90704,2944,5336,3712,2944,13824
256x256x256w22-16-31,256,256,256,22,16,31,22-16-31,M0K,7936,496,16,31,256,22,24480,90208,3968,5456,2816,3968,13824
256x256x256w31-32-11,256,256,256,31,32,11,31-32-11,M0K,5632,264,32,11,768,31,26960,87728,2816,2728,7936,2816,13824
256x256x256w63-16-11,256,256,256,63,16,11,63-16-11,M0K,2816,616,16,11,896,63,30032,84656,1408,5544,8064,1408,13824
256x256x256w29-16-22,256,256,256,29,16,22,29-16-22,M0K,5632,528,16,22,384,29,23264,91424,2816,5104,3712,2816,13824
256x256x256w30-32-11,256,256,256,30,32,11,30-32-11,M0K,5632,264,32,11,768,30,26272,88416,2816,2640,7680,2816,13824
256x256x256w31-16-23,256,256,256,31,16,23,31-16-23,M0K,5888,552,16,23,384,31,25232,89456,2944,5704,3968,2944,13824
256x256x256w22-16-29,256,256,256,22,16,29,22-16-29,M0K,7424,464,16,29,256,22,23264,91424,3712,5104,2816,3712,13824
256x256x256w31-16-22,256,256,256,31,16,22,31-16-22,M0K,5632,528,16,22,384,31,24480,90208,2816,5456,3968,2816,13824
256x256x256w30-16-22,256,256,256,30,16,22,30-16-22,M0K,5632,528,16,22,384,30,23872,90816,2816,5280,3840,2816,13824
256x256x256w22-16-30,256,256,256,22,16,30,22-16-30,M0K,7680,480,16,30,256,22,23872,90816,3840,5280,2816,3840,13824
256x256x256w30-16-23,256,256,256,30,16,23,30-16-23,M0K,5888,552,16,23,384,30,24608,90080,2944,5520,3840,2944,13824
256x256x256w23-32-14,256,256,256,23,32,14,23-32-14,M0K,7168,224,32,14,512,23,24096,90592,3584,2576,5888,3584,13832
256x256x256w20-40-14,256,256,256,20,40,14,20-40-14,MNK,8960,224,40,14,640,20,26240,88448,4480,2240,6400,4480,13832
256x256x256w18-48-13,256,256,256,18,48,13,18-48-13,MNK,9984,208,48,13,768,18,27552,87136,4992,1872,6912,4992,13920
256x256x256w18-32-18,256,256,256,18,32,18,18-32-18,M0K,9216,288,32,18,512,18,23616,91072,4608,2592,4608,4608,13920
256x256x256w18-56-11,256,256,256,18,56,11,18-56-11,MNK,9856,176,56,11,896,18,29152,85536,4928,1584,8064,4928,13920
256x256x256w50-16-14,256,256,256,50,16,14,50-16-14,M0K,3584,672,16,14,768,50,27584,87104,1792,5600,6400,1792,13984
256x256x256w21-40-13,256,256,256,21,40,13,21-40-13,MNK,8320,208,40,13,640,21,26128,88560,4160,2184,6720,4160,14000
256x256x256w23-40-12,256,256,256,23,40,12,23-40-12,MNK,7680,192,40,12,640,23,26816,87872,3840,2208,7360,3840,14014
256x256x256w23-24-19,256,256,256,23,24,19,23-24-19,MNK,7296,304,24,19,384,23,23120,91568,3648,3496,4416,3648,14014
256x256x256w11-56-18,256,256,256,11,56,18,11-56-18,MNK,16128,144,56,18,448,11,29152,85536,8064,1584,4928,8064,14025
256x256x256w18-24-25,256,256,256,18,24,25,18-24-25,MNK,9600,400,24,25,384,18,23712,90976,4800,3600,3456,4800,14036
256x256x256w18-24-24,256,256,256,18,24,24,18-24-24,MNK,9216,384,24,24,384,18,23040,91648,4608,3456,3456,4608,14036
256x256x256w14-56-14,256,256,256,14,56,14,14-56-14,MNK,12544,112,56,14,448,14,28224,86464,6272,1568,6272,6272,14060
256x256x256w27-16-24,256,256,256,27,16,24,27-16-24,M0K,6144,576,16,24,384,27,23424,91264,3072,5184,3456,3072,14080
256x256x256w26-16-25,256,256,256,26,16,25,26-16-25,M0K,6400,600,16,25,384,26,23456,91232,3200,5200,3328,3200,14080
256x256x256w16-24-28,256,256,256,16,24,28,16-24-28,0NK,10752,448,24,28,384,16,24064,90624,5376,3584,3072,5376,14080
256x256x256w13-32-24,256,256,256,13,32,24,13-32-24,M0K,12288,192,32,24,256,13,23936,90752,6144,2496,3328,6144,14080
256x256x256w13-72-12,256,256,256,13,72,12,13-72-12,MNK,13824,96,72,12,576,13,31296,83392,6912,1248,7488,6912,14080
256x256x256w56-16-12,256,256,256,56,16,12,56-16-12,M0K,3072,672,16,12,896,56,28160,86528,1536,5376,7168,1536,14080
256x256x256w55-16-12,256,256,256,55,16,12,55-16-12,M0K,3072,576,16,12,768,55,27712,86976,1536,5280,7040,1536,14080
256x256x256w24-16-27,256,256,256,24,16,27,24-16-27,M0K,6912,648,16,27,384,24,23424,91264,3456,5184,3072,3456,14080
256x256x256w52-16-12,256,256,256,52,16,12,52-16-12,M0K,3072,576,16,12,768,52,26368,88320,1536,4992,6656,1536,14080
256x256x256w16-24-27,256,256,256,16,24,27,16-24-27,0NK,10368,432,24,27,384,16,23424,91264,5184,3456,3072,5184,14080
256x256x256w58-16-12,256,256,256,58,16,12,58-16-12,M0K,3072,672,16,12,896,58,29056,85632,1536,5568,7424,1536,14080
256x256x256w13-24-32,256,256,256,13,24,32,13-24-32,MN0,12288,256,24,32,192,13,23936,90752,6144,3328,2496,6144,14080
256x256x256w59-16-12,256,256,256,59,16,12,59-16-12,M0K,3072,672,16,12,896,59,29504,85184,1536,5664,7552,1536,14080
256x256x256w24-32-13,256,256,256,24,32,13,24-32-13,M0K,6656,312,32,13,768,24,23936,90752,3328,2496,6144,3328,14080
256x256x256w24-16-28,256,256,256,24,16,28,24-16-28,M0K,7168,672,16,28,384,24,24064,90624,3584,5376,3072,3584,14080
256x256x256w32-24-13,256,256,256,32,24,13,32-24-13,0NK,4992,416,24,13,768,32,23936,90752,2496,3328,6144,2496,14080
256x256x256w33-24-13,256,256,256,33,24,13,33-24-13,MNK,4992,416,24,13,768,33,24528,90160,2496,3432,6336,2496,14080
256x256x256w26-24-16,256,256,256,26,24,16,26-24-16,MN0,6144,384,24,16,576,26,22784,91904,3072,3328,4992,3072,14080
256x256x256w13-24-34,256,256,256,13,24,34,13-24-34,MNK,13056,272,24,34,192,13,25120,89568,6528,3536,2496,6528,14080
256x256x256w26-16-24,256,256,256,26,16,24,26-16-24,M0K,6144,576,16,24,384,26,22784,91904,3072,4992,3328,3072,14080
256x256x256w57-16-12,256,256,256,57,16,12,57-16-12,M0K,3072,672,16,12,896,57,28608,86080,1536,5472,7296,1536,14080
256x256x256w13-24-36,256,256,256,13,24,36,13-24-36,MNK,13824,288,24,36,192,13,26304,88384,6912,3744,2496,6912,14080
256x256x256w13-64-12,256,256,256,13,64,12,13-64-12,M0K,12288,96,64,12,512,13,28096,86592,6144,1248,6656,6144,14080
256x256x256w60-16-12,256,256,256,60,16,12,60-16-12,M0K,3072,672,16,12,896,60,29952,84736,1536,5760,7680,1536,14080
256x256x256w27-16-25,256,256,256,27,16,25,27-16-25,M0K,6400,600,16,25,384,27,24112,90576,3200,5400,3456,3200,14080
256x256x256w13-24-33,256,256,256,13,24,33,13-24-33,MNK,12672,264,24,33,192,13,24528,90160,6336,3432,2496,6336,14080
256x256x256w24-16-26,256,256,256,24,16,26,24-16-26,M0K,6656,624,16,26,384,24,22784,91904,3328,4992,3072,3328,14080
256x256x256w16-24-26,256,256,256,16,24,26,16-24-26,0NK,9984,416,24,26,384,16,22784,91904,4992,3328,3072,4992,14080
256x256x256w62-16-12,256,256,256,62,16,12,62-16-12,M0K,3072,672,16,12,896,62,30848,83840,1536,5952,7936,1536,14080
256x256x256w26-32-12,256,256,256,26,32,12,26-32-12,M0K,6144,288,32,12,768,26,24448,90240,3072,2496,6656,3072,14080
256x256x256w16-56-12,256,256,256,16,56,12,16-56-12,0NK,10752,192,56,12,896,16,28160,86528,5376,1536,7168,5376,14080
256x256x256w27-24-16,256,256,256,27,24,16,27-24-16,MN0,6144,384,24,16,576,27,23424,91264,3072,3456,5184,3072,14080
256x256x256w13-32-25,256,256,256,13,32,25,13-32-25,M0K,12800,200,32,25,256,13,24656,90032,6400,2600,3328,6400,14080
256x256x256w13-24-35,256,256,256,13,24,35,13-24-35,MNK,13440,280,24,35,192,13,25712,88976,6720,3640,2496,6720,14080
256x256x256w53-16-12,256,256,256,53,16,12,53-16-12,M0K,3072,576,16,12,768,53,26816,87872,1536,5088,6784,1536,14080
256x256x256w61-16-12,256,256,256,61,16,12,61-16-12,M0K,3072,672,16,12,896,61,30400,84288,1536,5856,7808,1536,14080
256x256x256w54-16-12,256,256,256,54,16,12,54-16-12,M0K,3072,576,16,12,768,54,27264,87424,1536,5184,6912,1536,14080
256x256x256w27-32-12,256,256,256,27,32,12,27-32-12,M0K,6144,288,32,12,768,27,25152,89536,3072,2592,6912,3072,14080
256x256x256w34-24-13,256,256,256,34,24,13,34-24-13,MNK,4992,416,24,13,768,34,25120,89568,2496,3536,6528,2496,14080
256x256x256w35-24-13,256,256,256,35,24,13,35-24-13,MNK,4992,416,24,13,768,35,25712,88976,2496,3640,6720,2496,14080
256x256x256w25-24-18,256,256,256,25,24,18,25-24-18,MNK,6912,432,24,18,576,25,23712,90976,3456,3600,4800,3456,14190
256x256x256w14-32-22,256,256,256,14,32,22,14-32-22,M0K,11264,176,32,22,256,14,23360,91328,5632,2464,3584,5632,14208
256x256x256w14-16-45,256,256,256,14,16,45,14-16-45,M0K,11520,360,16,45,128,14,25184,89504,5760,5040,1792,5760,14208
256x256x256w14-16-49,256,256,256,14,16,49,14-16-49,M0K,12544,392,16,49,128,14,27104,87584,6272,5488,1792,6272,14208
256x256x256w14-72-11,256,256,256,14,72,11,14-72-11,MNK,12672,88,72,11,576,14,31264,83424,6336,1232,8064,6336,14208
256x256x256w14-16-44,256,256,256,14,16,44,14-16-44,M0K,11264,352,16,44,128,14,24704,89984,5632,4928,1792,5632,14208
256x256x256w14-16-47,256,256,256,14,16,47,14-16-47,M0K,12032,376,16,47,128,14,26144,88544,6016,5264,1792,6016,14208
256x256x256w14-64-11,256,256,256,14,64,11,14-64-11,M0K,11264,88,64,11,512,14,28064,86624,5632,1232,7168,5632,14208
256x256x256w14-16-50,256,256,256,14,16,50,14-16-50,M0K,12800,400,16,50,128,14,27584,87104,6400,5600,1792,6400,14208
256x256x256w14-16-48,256,256,256,14,16,48,14-16-48,M0K,12288,384,16,48,128,14,26624,88064,6144,5376,1792,6144,14208
256x256x256w14-32-23,256,256,256,14,32,23,14-32-23,M0K,11776,184,32,23,256,14,24096,90592,5888,2576,3584,5888,14208
256x256x256w14-48-16,256,256,256,14,48,16,14-48-16,MN0,12288,128,48,16,384,14,26624,88064,6144,1792,5376,6144,14208
256x256x256w14-16-43,256,256,256,14,16,43,14-16-43,M0K,11008,344,16,43,128,14,24224,90464,5504,4816,1792,5504,14208
256x256x256w14-16-46,256,256,256,14,16,46,14-16-46,M0K,11776,368,16,46,128,14,25664,89024,5888,5152,1792,5888,14208
256x256x256w11-72-14,256,256,256,11,72,14,11-72-14,MNK,16128,112,72,14,576,11,31264,83424,8064,1232,6336,8064,14212
256x256x256w11-64-14,256,256,256,11,64,14,11-64-14,M0K,14336,112,64,14,512,11,28064,86624,7168,1232,5632,7168,14212
256x256x256w15-64-10,256,256,256,15,64,10,15-64-10,M0K,10240,80,64,10,512,15,28000,86688,5120,1200,7680,5120,14248
256x256x256w15-32-20,256,256,256,15,32,20,15-32-20,M0K,10240,160,32,20,256,15,22720,91968,5120,2400,3840,5120,14248
256x256x256w15-32-21,256,256,256,15,32,21,15-32-21,M0K,10752,168,32,21,256,15,23472,91216,5376,2520,3840,5376,14248
256x256x256w21-24-21,256,256,256,21,24,21,21-24-21,MNK,8064,336,24,21,384,21,23184,91504,4032,3528,4032,4032,14300
256x256x256w21-24-20,256,256,256,21,24,20,21-24-20,MNK,7680,320,24,20,384,21,22464,92224,3840,3360,4032,3840,14300
256x256x256w38-16-16,256,256,256,38,16,16,38-16-16,M00,4096,512,16,16,512,38,23552,91136,2048,4864,4864,2048,14336
256x256x256w40-16-16,256,256,256,40,16,16,40-16-16,M00,4096,640,16,16,640,40,24576,90112,2048,5120,5120,2048,14336
256x256x256w37-16-16,256,256,256,37,16,16,37-16-16,M00,4096,512,16,16,512,37,23040,91648,2048,4736,4736,2048,14336
256x256x256w16-16-37,256,256,256,16,16,37,16-16-37,00K,9472,592,16,37,256,16,23040,91648,4736,4736,2048,4736,14336
256x256x256w19-16-35,256,256,256,19,16,35,19-16-35,M0K,8960,560,16,35,256,19,24464,90224,4480,5320,2432,4480,14336
256x256x256w32-16-19,256,256,256,32,16,19,32-16-19,00K,4864,608,16,19,512,32,22784,91904,2432,4864,4096,2432,14336
256x256x256w16-16-41,256,256,256,16,16,41,16-16-41,00K,10496,656,16,41,256,16,25088,89600,5248,5248,2048,5248,14336
256x256x256w19-16-33,256,256,256,19,16,33,19-16-33,M0K,8448,528,16,33,256,19,23344,91344,4224,5016,2432,4224,14336
256x256x256w16-32-19,256,256,256,16,32,19,16-32-19,00K,9728,304,32,19,512,16,22784,91904,4864,2432,4096,4864,14336
256x256x256w19-32-16,256,256,256,19,32,16,19-32-16,M00,8192,256,32,16,512,19,22784,91904,4096,2432,4864,4096,14336
256x256x256w19-16-36,256,256,256,19,16,36,19-16-36,M0K,9216,576,16,36,256,19,25024,89664,4608,5472,2432,4608,14336
256x256x256w16-16-39,256,256,256,16,16,39,16-16-39,00K,9984,624,16,39,256,16,24064,90624,4992,4992,2048,4992,14336
256x256x256w34-16-19,256,256,256,34,16,19,34-16-19,M0K,4864,608,16,19,512,34,23904,90784,2432,5168,4352,2432,14336
256x256x256w16-40-16,256,256,256,16,40,16,16-40-16,0N0,10240,256,40,16,640,16,24576,90112,5120,2048,5120,5120,14336
256x256x256w19-16-34,256,256,256,19,16,34,19-16-34,M0K,8704,544,16,34,256,19,23904,90784,4352,5168,2432,4352,14336
256x256x256w16-16-42,256,256,256,16,16,42,16-16-42,00K,10752,672,16,42,256,16,25600,89088,5376,5376,2048,5376,14336
256x256x256w39-16-16,256,256,256,39,16,16,39-16-16,M00,4096,512,16,16,512,39,24064,90624,2048,4992,4992,2048,14336
256x256x256w33-16-19,256,256,256,33,16,19,33-16-19,M0K,4864,608,16,19,512,33,23344,91344,2432,5016,4224,2432,14336
256x256x256w19-16-32,256,256,256,19,16,32,19-16-32,M00,8192,512,16,32,256,19,22784,91904,4096,4864,2432,4096,14336
256x256x256w16-16-40,256,256,256,16,16,40,16-16-40,00K,10240,640,16,40,256,16,24576,90112,5120,5120,2048,5120,14336
256x256x256w35-16-19,256,256,256,35,16,19,35-16-19,M0K,4864,608,16,19,512,35,24464,90224,2432,5320,4480,2432,14336
256x256x256w41-16-16,256,256,256,41,16,16,41-16-16,M00,4096,640,16,16,640,41,25088,89600,2048,5248,5248,2048,14336
256x256x256w16-16-38,256,256,256,16,16,38,16-16-38,00K,9728,608,16,38,256,16,23552,91136,4864,4864,2048,4864,14336
256x256x256w15-40-18,256,256,256,15,40,18,15-40-18,MNK,11520,144,40,18,320,15,25440,89248,5760,2160,4800,5760,14385
256x256x256w11-40-25,256,256,256,11,40,25,11-40-25,MNK,16000,200,40,25,320,11,27440,87248,8000,2200,3520,8000,14399
256x256x256w11-24-37,256,256,256,11,24,37,11-24-37,MNK,14208,296,24,37,192,11,24944,89744,7104,3256,2112,7104,14399
256x256x256w11-24-40,256,256,256,11,24,40,11-24-40,MNK,15360,320,24,40,192,11,26624,88064,7680,3520,2112,7680,14399
256x256x256w11-24-41,256,256,256,11,24,41,11-24-41,MNK,15744,328,24,41,192,11,27184,87504,7872,3608,2112,7872,14399
256x256x256w11-24-42,256,256,256,11,24,42,11-24-42,MNK,16128,336,24,42,192,11,27744,86944,8064,3696,2112,8064,14399
256x256x256w11-24-38,256,256,256,11,24,38,11-24-38,MNK,14592,304,24,38,192,11,25504,89184,7296,3344,2112,7296,14399
256x256x256w11-40-24,256,256,256,11,40,24,11-40-24,MNK,15360,192,40,24,320,11,26624,88064,7680,2112,3520,7680,14399
256x256x256w11-24-39,256,256,256,11,24,39,11-24-39,MNK,14976,312,24,39,192,11,26064,88624,7488,3432,2112,7488,14399
256x256x256w21-16-31,256,256,256,21,16,31,21-16-31,M0K,7936,496,16,31,256,21,23728,90960,3968,5208,2688,3968,14400
256x256x256w21-48-11,256,256,256,21,48,11,21-48-11,MNK,8448,176,48,11,768,21,28272,86416,4224,1848,8064,4224,14400
256x256x256w13-48-18,256,256,256,13,48,18,13-48-18,MNK,13824,144,48,18,384,13,27552,87136,6912,1872,4992,6912,14400
256x256x256w21-16-29,256,256,256,21,16,29,21-16-29,M0K,7424,464,16,29,256,21,22544,92144,3712,4872,2688,3712,14400
256x256x256w21-16-30,256,256,256,21,16,30,21-16-30,M0K,7680,480,16,30,256,21,23136,91552,3840,5040,2688,3840,14400
256x256x256w36-16-18,256,256,256,36,16,18,36-16-18,M0K,4608,576,16,18,512,36,24192,90496,2304,5184,4608,2304,14400
256x256x256w51-16-12,256,256,256,51,16,12,51-16-12,M0K,3072,576,16,12,768,51,25920,88768,1536,4896,6528,1536,14432
256x256x256w12-40-22,256,256,256,12,40,22,12-40-22,MNK,14080,176,40,22,320,12,25984,88704,7040,2112,3840,7040,14448
256x256x256w12-40-23,256,256,256,12,40,23,12-40-23,MNK,14720,184,40,23,320,12,26816,87872,7360,2208,3840,7360,14448
256x256x256w12-48-19,256,256,256,12,48,19,12-48-19,MNK,14592,152,48,19,384,12,27456,87232,7296,1824,4608,7296,14448
256x256x256w25-40-11,256,256,256,25,40,11,25-40-11,MNK,7040,264,40,11,960,25,27440,87248,3520,2200,8000,3520,14448
256x256x256w14-40-19,256,256,256,14,40,19,14-40-19,MNK,12160,152,40,19,320,14,25376,89312,6080,2128,4480,6080,14504
256x256x256w17-32-18,256,256,256,17,32,18,17-32-18,M0K,9216,288,32,18,512,17,22816,91872,4608,2448,4352,4608,14520
256x256x256w17-48-13,256,256,256,17,48,13,17-48-13,MNK,9984,208,48,13,768,17,26576,88112,4992,1768,6528,4992,14520
256x256x256w24-24-18,256,256,256,24,24,18,24-24-18,MNK,6912,432,24,18,576,24,23040,91648,3456,3456,4608,3456,14520
256x256x256w36-24-12,256,256,256,36,24,12,36-24-12,MNK,4608,384,24,12,768,36,25344,89344,2304,3456,6912,2304,14520
256x256x256w17-56-11,256,256,256,17,56,11,17-56-11,MNK,9856,176,56,11,896,17,28080,86608,4928,1496,7616,4928,14520
256x256x256w23-16-26,256,256,256,23,16,26,23-16-26,M0K,6656,416,16,26,256,23,22112,92576,3328,4784,2944,3328,14560
256x256x256w23-32-13,256,256,256,23,32,13,23-32-13,M0K,6656,208,32,13,512,23,23216,91472,3328,2392,5888,3328,14560
256x256x256w23-16-28,256,256,256,23,16,28,23-16-28,M0K,7168,448,16,28,256,23,23360,91328,3584,5152,2944,3584,14560
256x256x256w13-40-21,256,256,256,13,40,21,13-40-21,MNK,13440,168,40,21,320,13,26128,88560,6720,2184,4160,6720,14560
256x256x256w20-40-13,256,256,256,20,40,13,20-40-13,MNK,8320,208,40,13,640,20,25280,89408,4160,2080,6400,4160,14560
256x256x256w23-16-27,256,256,256,23,16,27,23-16-27,M0K,6912,432,16,27,256,23,22736,91952,3456,4968,2944,3456,14560
256x256x256w13-40-20,256,256,256,13,40,20,13-40-20,MNK,12800,160,40,20,320,13,25280,89408,6400,2080,4160,6400,14560
256x256x256w11-48-21,256,256,256,11,48,21,11-48-21,MNK,16128,168,48,21,384,11,28272,86416,8064,1848,4224,8064,14586
256x256x256w11-88-10,256,256,256,11,88,10,11-88-10,MNK,14080,80,88,10,704,11,31328,83360,7040,880,7744,7040,14586
256x256x256w11-48-20,256,256,256,11,48,20,11-48-20,MNK,15360,160,48,20,384,11,27328,87360,7680,1760,4224,7680,14586
256x256x256w47-16-14,256,256,256,47,16,14,47-16-14,M0K,3584,560,16,14,640,47,26144,88544,1792,5264,6016,1792,14592
256x256x256w48-16-14,256,256,256,48,16,14,48-16-14,M0K,3584,672,16,14,768,48,26624,88064,1792,5376,6144,1792,14592
256x256x256w46-16-14,256,256,256,46,16,14,46-16-14,M0K,3584,560,16,14,640,46,25664,89024,1792,5152,5888,1792,14592
256x256x256w28-16-23,256,256,256,28,16,23,28-16-23,M0K,5888,552,16,23,384,28,23360,91328,2944,5152,3584,2944,14592
256x256x256w44-16-14,256,256,256,44,16,14,44-16-14,M0K,3584,560,16,14,640,44,24704,89984,1792,4928,5632,1792,14592
256x256x256w49-16-14,256,256,256,49,16,14,49-16-14,M0K,3584,672,16,14,768,49,27104,87584,1792,5488,6272,1792,14592
256x256x256w43-16-14,256,256,256,43,16,14,43-16-14,M0K,3584,560,16,14,640,43,24224,90464,1792,4816,5504,1792,14592
256x256x256w28-32-11,256,256,256,28,32,11,28-32-11,M0K,5632,264,32,11,768,28,24896,89792,2816,2464,7168,2816,14592
256x256x256w45-16-14,256,256,256,45,16,14,45-16-14,M0K,3584,560,16,14,640,45,25184,89504,1792,5040,5760,1792,14592
256x256x256w22-32-14,256,256,256,22,32,14,22-32-14,M0K,7168,224,32,14,512,22,23360,91328,3584,2464,5632,3584,14592
256x256x256w28-16-22,256,256,256,28,16,22,28-16-22,M0K,5632,528,16,22,384,28,22656,92032,2816,4928,3584,2816,14592
256x256x256w16-48-14,256,256,256,16,48,14,16-48-14,0NK,10752,224,48,14,768,16,26624,88064,5376,1792,6144,5376,14592
256x256x256w9-64-16,256,256,256,9,64,16,9-64-16,M00,16384,128,64,16,512,9,27904,86784,8192,1152,4608,8192,14592
256x256x256w9-32-32,256,256,256,9,32,32,9-32-32,M00,16384,256,32,32,256,9,25600,89088,8192,2304,2304,8192,14592
256x256x256w9-16-64,256,256,256,9,16,64,9-16-64,M00,16384,512,16,64,128,9,27904,86784,8192,4608,1152,8192,14592
256x256x256w17-24-25,256,256,256,17,24,25,17-24-25,MNK,9600,400,24,25,384,17,22928,91760,4800,3400,3264,4800,14641
256x256x256w17-24-24,256,256,256,17,24,24,17-24-24,MNK,9216,384,24,24,384,17,22272,92416,4608,3264,3264,4608,14641
256x256x256w14-24-30,256,256,256,14,24,30,14-24-30,MNK,11520,240,24,30,192,14,23616,91072,5760,3360,2688,5760,14652
256x256x256w14-24-31,256,256,256,14,24,31,14-24-31,MNK,11904,248,24,31,192,14,24224,90464,5952,3472,2688,5952,14652
256x256x256w14-24-29,256,256,256,14,24,29,14-24-29,MNK,11136,232,24,29,192,14,23008,91680,5568,3248,2688,5568,14652
256x256x256w50-16-13,256,256,256,50,16,13,50-16-13,M0K,3328,624,16,13,768,50,26528,88160,1664,5200,6400,1664,14720
256x256x256w39-24-11,256,256,256,39,24,11,39-24-11,MNK,4224,352,24,11,768,39,26064,88624,2112,3432,7488,2112,14784
256x256x256w19-24-23,256,256,256,19,24,23,19-24-23,MNK,8832,368,24,23,384,19,23120,91568,4416,3496,3648,4416,14784
256x256x256w22-24-19,256,256,256,22,24,19,22-24-19,MNK,7296,304,24,19,384,22,22432,92256,3648,3344,4224,3648,14784
256x256x256w41-24-11,256,256,256,41,24,11,41-24-11,MNK,4224,440,24,11,960,41,27184,87504,2112,3608,7872,2112,14784
256x256x256w38-24-11,256,256,256,38,24,11,38-24-11,MNK,4224,352,24,11,768,38,25504,89184,2112,3344,7296,2112,14784
256x256x256w40-24-11,256,256,256,40,24,11,40-24-11,MNK,4224,440,24,11,960,40,26624,88064,2112,3520,7680,2112,14784
256x256x256w37-24-11,256,256,256,37,24,11,37-24-11,MNK,4224,352,24,11,768,37,24944,89744,2112,3256,7104,2112,14784
256x256x256w22-40-12,256,256,256,22,40,12,22-40-12,MNK,7680,192,40,12,640,22,25984,88704,3840,2112,7040,3840,14784
256x256x256w19-24-22,256,256,256,19,24,22,19-24-22,MNK,8448,352,24,22,384,19,22432,92256,4224,3344,3648,4224,14784
256x256x256w24-40-11,256,256,256,24,40,11,24-40-11,MNK,7040,264,40,11,960,24,26624,88064,3520,2112,7680,3520,14784
256x256x256w19-48-12,256,256,256,19,48,12,19-48-12,MNK,9216,192,48,12,768,19,27456,87232,4608,1824,7296,4608,14784
256x256x256w14-56-13,256,256,256,14,56,13,14-56-13,MNK,11648,104,56,13,448,14,27104,87584,5824,1456,6272,5824,14800
256x256x256w10-32-30,256,256,256,10,32,30,10-32-30,M0K,15360,240,32,30,256,10,25280,89408,7680,2400,2560,7680,14832
256x256x256w10-88-11,256,256,256,10,88,11,10-88-11,MNK,15488,88,88,11,704,10,31328,83360,7744,880,7040,7744,14832
256x256x256w10-32-31,256,256,256,10,32,31,10-32-31,M0K,15872,248,32,31,256,10,25952,88736,7936,2480,2560,7936,14832
256x256x256w10-32-29,256,256,256,10,32,29,10-32-29,M0K,14848,232,32,29,256,10,24608,90080,7424,2320,2560,7424,14832
256x256x256w18-16-36,256,256,256,18,16,36,18-16-36,M0K,9216,576,16,36,256,18,24192,90496,4608,5184,2304,4608,14848
256x256x256w18-16-35,256,256,256,18,16,35,18-16-35,M0K,8960,560,16,35,256,18,23648,91040,4480,5040,2304,4480,14848
256x256x256w32-32-9,256,256,256,32,32,9,32-32-9,00K,4608,288,32,9,1024,32,25600,89088,2304,2304,8192,2304,14848
256x256x256w18-16-32,256,256,256,18,16,32,18-16-32,M00,8192,512,16,32,256,18,22016,92672,4096,4608,2304,4096,14848
256x256x256w16-64-9,256,256,256,16,64,9,16-64-9,00K,9216,144,64,9,1024,16,27904,86784,4608,1152,8192,4608,14848
256x256x256w18-16-34,256,256,256,18,16,34,18-16-34,M0K,8704,544,16,34,256,18,23104,91584,4352,4896,2304,4352,14848
256x256x256w64-16-9,256,256,256,64,16,9,64-16-9,00K,2304,576,16,9,1024,64,27904,86784,1152,4608,8192,1152,14848
256x256x256w18-32-16,256,256,256,18,32,16,18-32-16,M00,8192,256,32,16,512,18,22016,92672,4096,2304,4608,4096,14848
256x256x256w18-16-33,256,256,256,18,16,33,18-16-33,M0K,8448,528,16,33,256,18,22560,92128,4224,4752,2304,4224,14848
256x256x256w42-24-10,256,256,256,42,24,10,42-24-10,MNK,3840,400,24,10,960,42,26688,88000,1920,3360,8064,1920,14872
256x256x256w20-24-21,256,256,256,20,24,21,20-24-21,MNK,8064,336,24,21,384,20,22464,92224,4032,3360,3840,4032,14872
256x256x256w20-24-20,256,256,256,20,24,20,20-24-20,MNK,7680,320,24,20,384,20,21760,92928,3840,3200,3840,3840,14872
256x256x256w19-40-14,256,256,256,19,40,14,19-40-14,MNK,8960,224,40,14,640,19,25376,89312,4480,2128,6080,4480,14896
256x256x256w11-16-62,256,256,256,11,16,62,11-16-62,M0K,15872,496,16,62,128,11,29600,85088,7936,5456,1408,7936,14960
256x256x256w11-16-56,256,256,256,11,16,56,11-16-56,M0K,14336,448,16,56,128,11,27008,87680,7168,4928,1408,7168,14960
256x256x256w11-64-13,256,256,256,11,64,13,11-64-13,M0K,13312,104,64,13,512,11,26864,87824,6656,1144,5632,6656,14960
256x256x256w11-16-54,256,256,256,11,16,54,11-16-54,M0K,13824,432,16,54,128,11,26144,88544,6912,4752,1408,6912,14960
256x256x256w11-32-28,256,256,256,11,32,28,11-32-28,M0K,14336,224,32,28,256,11,24896,89792,7168,2464,2816,7168,14960
256x256x256w11-16-61,256,256,256,11,16,61,11-16-61,M0K,15616,488,16,61,128,11,29168,85520,7808,5368,1408,7808,14960
256x256x256w11-16-52,256,256,256,11,16,52,11-16-52,M0K,13312,416,16,52,128,11,25280,89408,6656,4576,1408,6656,14960
256x256x256w11-16-55,256,256,256,11,16,55,11-16-55,M0K,14080,440,16,55,128,11,26576,88112,7040,4840,1408,7040,14960
256x256x256w11-32-26,256,256,256,11,32,26,11-32-26,M0K,13312,208,32,26,256,11,23520,91168,6656,2288,2816,6656,14960
256x256x256w11-72-13,256,256,256,11,72,13,11-72-13,MNK,14976,104,72,13,576,11,29936,84752,7488,1144,6336,7488,14960
256x256x256w11-16-58,256,256,256,11,16,58,11-16-58,M0K,14848,464,16,58,128,11,27872,86816,7424,5104,1408,7424,14960
256x256x256w11-16-53,256,256,256,11,16,53,11-16-53,M0K,13568,424,16,53,128,11,25712,88976,6784,4664,1408,6784,14960
256x256x256w11-16-57,256,256,256,11,16,57,11-16-57,M0K,14592,456,16,57,128,11,27440,87248,7296,5016,1408,7296,14960
256x256x256w11-16-59,256,256,256,11,16,59,11-16-59,M0K,15104,472,16,59,128,11,28304,86384,7552,5192,1408,7552,14960
256x256x256w11-16-63,256,256,256,11,16,63,11-16-63,M0K,16128,504,16,63,128,11,30032,84656,8064,5544,1408,8064,14960
256x256x256w11-56-16,256,256,256,11,56,16,11-56-16,MN0,14336,128,56,16,448,11,27008,87680,7168,1408,4928,7168,14960
256x256x256w11-32-27,256,256,256,11,32,27,11-32-27,M0K,13824,216,32,27,256,11,24208,90480,6912,2376,2816,6912,14960
256x256x256w11-16-60,256,256,256,11,16,60,11-16-60,M0K,15360,480,16,60,128,11,28736,85952,7680,5280,1408,7680,14960
256x256x256w31-32-10,256,256,256,31,32,10,31-32-10,M0K,5120,240,32,10,768,31,25952,88736,2560,2480,7936,2560,14976
256x256x256w30-32-10,256,256,256,30,32,10,30-32-10,M0K,5120,240,32,10,768,30,25280,89408,2560,2400,7680,2560,14976
256x256x256w30-16-21,256,256,256,30,16,21,30-16-21,M0K,5376,504,16,21,384,30,23136,91552,2688,5040,3840,2688,14976
256x256x256w31-16-20,256,256,256,31,16,20,31-16-20,M0K,5120,480,16,20,384,31,22976,91712,2560,4960,3968,2560,14976
256x256x256w29-32-10,256,256,256,29,32,10,29-32-10,M0K,5120,240,32,10,768,29,24608,90080,2560,2320,7424,2560,14976
256x256x256w20-16-29,256,256,256,20,16,29,20-16-29,M0K,7424,464,16,29,256,20,21824,92864,3712,4640,2560,3712,14976
256x256x256w30-16-20,256,256,256,30,16,20,30-16-20,M0K,5120,480,16,20,384,30,22400,92288,2560,4800,3840,2560,14976
256x256x256w29-16-21,256,256,256,29,16,21,29-16-21,M0K,5376,504,16,21,384,29,22544,92144,2688,4872,3712,2688,14976
256x256x256w63-16-10,256,256,256,63,16,10,63-16-10,M0K,2560,560,16,10,896,63,28768,85920,1280,5040,8064,1280,14976
256x256x256w20-16-31,256,256,256,20,16,31,20-16-31,M0K,7936,496,16,31,256,20,22976,91712,3968,4960,2560,3968,14976
256x256x256w31-16-21,256,256,256,31,16,21,31-16-21,M0K,5376,504,16,21,384,31,23728,90960,2688,5208,3968,2688,14976
256x256x256w29-16-20,256,256,256,29,16,20,29-16-20,M0K,5120,480,16,20,384,29,21824,92864,2560,4640,3712,2560,14976
256x256x256w20-48-11,256,256,256,20,48,11,20-48-11,MNK,8448,176,48,11,768,20,27328,87360,4224,1760,7680,4224,14976
256x256x256w20-16-30,256,256,256,20,16,30,20-16-30,M0K,7680,480,16,30,256,20,22400,92288,3840,4800,2560,3840,14976
256x256x256w23-24-18,256,256,256,23,24,18,23-24-18,MNK,6912,288,24,18,384,23,22368,92320,3456,3312,4416,3456,15015
256x256x256w29-24-14,256,256,256,29,24,14,29-24-14,MNK,5376,336,24,14,576,29,23008,91680,2688,3248,5568,2688,15048
256x256x256w30-24-14,256,256,256,30,24,14,30-24-14,MNK,5376,336,24,14,576,30,23616,91072,2688,3360,5760,2688,15048
256x256x256w31-24-14,256,256,256,31,24,14,31-24-14,MNK,5376,336,24,14,576,31,24224,90464,2688,3472,5952,2688,15048
256x256x256w15-24-27,256,256,256,15,24,27,15-24-27,MNK,10368,216,24,27,192,15,22608,92080,5184,3240,2880,5184,15070
256x256x256w15-56-12,256,256,256,15,56,12,15-56-12,MNK,10752,96,56,12,448,15,27072,87616,5376,1440,6720,5376,15070
256x256x256w15-24-28,256,256,256,15,24,28,15-24-28,MNK,10752,224,24,28,192,15,23232,91456,5376,3360,2880,5376,15070
256x256x256w15-24-26,256,256,256,15,24,26,15-24-26,MNK,9984,208,24,26,192,15,21984,92704,4992,3120,2880,4992,15070
256x256x256w18-56-10,256,256,256,18,56,10,18-56-10,MNK,8960,160,56,10,896,18,27968,86720,4480,1440,8064,4480,15080
256x256x256w12-24-34,256,256,256,12,24,34,12-24-34,MNK,13056,272,24,34,192,12,24192,90496,6528,3264,2304,6528,15136
256x256x256w12-72-12,256,256,256,12,72,12,12-72-12,MNK,13824,96,72,12,576,12,29952,84736,6912,1152,6912,6912,15136
256x256x256w12-64-12,256,256,256,12,64,12,12-64-12,M0K,12288,96,64,12,512,12,26880,87808,6144,1152,6144,6144,15136
256x256x256w12-32-25,256,256,256,12,32,25,12-32-25,M0K,12800,200,32,25,256,12,23744,90944,6400,2400,3072,6400,15136
256x256x256w12-24-33,256,256,256,12,24,33,12-24-33,MNK,12672,264,24,33,192,12,23616,91072,6336,3168,2304,6336,15136
256x256x256w25-16-24,256,256,256,25,16,24,25-16-24,M0K,6144,576,16,24,384,25,22144,92544,3072,4800,3200,3072,15136
256x256x256w12-80-12,256,256,256,12,80,12,12-80-12,MNK,15360,96,80,12,640,12,33024,81664,7680,1152,7680,7680,15136
256x256x256w12-32-24,256,256,256,12,32,24,12-32-24,M0K,12288,192,32,24,256,12,23040,91648,6144,2304,3072,6144,15136
256x256x256w12-24-36,256,256,256,12,24,36,12-24-36,MNK,13824,288,24,36,192,12,25344,89344,6912,3456,2304,6912,15136
256x256x256w25-32-12,256,256,256,25,32,12,25-32-12,M0K,6144,288,32,12,768,25,23744,90944,3072,2400,6400,3072,15136
256x256x256w25-24-16,256,256,256,25,24,16,25-24-16,MN0,6144,384,24,16,576,25,22144,92544,3072,3200,4800,3072,15136
256x256x256w12-24-32,256,256,256,12,24,32,12-24-32,MN0,12288,256,24,32,192,12,23040,91648,6144,3072,2304,6144,15136
256x256x256w12-24-35,256,256,256,12,24,35,12-24-35,MNK,13440,280,24,35,192,12,24768,89920,6720,3360,2304,6720,15136
256x256x256w25-16-25,256,256,256,25,16,25,25-16-25,M0K,6400,600,16,25,384,25,22800,91888,3200,5000,3200,3200,15136
256x256x256w13-56-14,256,256,256,13,56,14,13-56-14,MNK,12544,112,56,14,448,13,27104,87584,6272,1456,5824,6272,15200
256x256x256w21-32-14,256,256,256,21,32,14,21-32-14,M0K,7168,224,32,14,512,21,22624,92064,3584,2352,5376,3584,15200
256x256x256w23-40-11,256,256,256,23,40,11,23-40-11,MNK,7040,176,40,11,640,23,25808,88880,3520,2024,7360,3520,15288
256x256x256w18-24-22,256,256,256,18,24,22,18-24-22,MNK,8448,352,24,22,384,18,21696,92992,4224,3168,3456,4224,15312
256x256x256w18-24-23,256,256,256,18,24,23,18-24-23,MNK,8832,368,24,23,384,18,22368,92320,4416,3312,3456,4416,15312
256x256x256w18-48-12,256,256,256,18,48,12,18-48-12,MNK,9216,192,48,12,768,18,26496,88192,4608,1728,6912,4608,15312
256x256x256w15-16-41,256,256,256,15,16,41,15-16-41,M0K,10496,328,16,41,128,15,24176,90512,5248,4920,1920,5248,15344
256x256x256w15-16-38,256,256,256,15,16,38,15-16-38,M0K,9728,304,16,38,128,15,22688,92000,4864,4560,1920,4864,15344
256x256x256w15-16-37,256,256,256,15,16,37,15-16-37,M0K,9472,296,16,37,128,15,22192,92496,4736,4440,1920,4736,15344
256x256x256w15-16-40,256,256,256,15,16,40,15-16-40,M0K,10240,320,16,40,128,15,23680,91008,5120,4800,1920,5120,15344
256x256x256w15-16-39,256,256,256,15,16,39,15-16-39,M0K,9984,312,16,39,128,15,23184,91504,4992,4680,1920,4992,15344
256x256x256w15-32-19,256,256,256,15,32,19,15-32-19,M0K,9728,152,32,19,256,15,21968,92720,4864,2280,3840,4864,15344
256x256x256w15-16-42,256,256,256,15,16,42,15-16-42,M0K,10752,336,16,42,128,15,24672,90016,5376,5040,1920,5376,15344
256x256x256w15-40-16,256,256,256,15,40,16,15-40-16,MN0,10240,128,40,16,320,15,23680,91008,5120,1920,4800,5120,15344
256x256x256w45-16-13,256,256,256,45,16,13,45-16-13,M0K,3328,520,16,13,640,45,24208,90480,1664,4680,5760,1664,15360
256x256x256w59-16-11,256,256,256,59,16,11,59-16-11,M0K,2816,616,16,11,896,59,28304,86384,1408,5192,7552,1408,15360
256x256x256w32-16-18,256,256,256,32,16,18,32-16-18,00K,4608,576,16,18,512,32,22016,92672,2304,4608,4096,2304,15360
256x256x256w26-16-23,256,256,256,26,16,23,26-16-23,M0K,5888,552,16,23,384,26,22112,92576,2944,4784,3328,2944,15360
256x256x256w55-16-11,256,256,256,55,16,11,55-16-11,M0K,2816,528,16,11,768,55,26576,88112,1408,4840,7040,1408,15360
256x256x256w26-32-11,256,256,256,26,32,11,26-32-11,M0K,5632,264,32,11,768,26,23520,91168,2816,2288,6656,2816,15360
256x256x256w27-16-22,256,256,256,27,16,22,27-16-22,M0K,5632,528,16,22,384,27,22048,92640,2816,4752,3456,2816,15360
256x256x256w22-16-26,256,256,256,22,16,26,22-16-26,M0K,6656,416,16,26,256,22,21440,93248,3328,4576,2816,3328,15360
256x256x256w36-16-16,256,256,256,36,16,16,36-16-16,M00,4096,512,16,16,512,36,22528,92160,2048,4608,4608,2048,15360
256x256x256w13-64-11,256,256,256,13,64,11,13-64-11,M0K,11264,88,64,11,512,13,26864,87824,5632,1144,6656,5632,15360
256x256x256w49-16-13,256,256,256,49,16,13,49-16-13,M0K,3328,624,16,13,768,49,26064,88624,1664,5096,6272,1664,15360
256x256x256w13-32-23,256,256,256,13,32,23,13-32-23,M0K,11776,184,32,23,256,13,23216,91472,5888,2392,3328,5888,15360
256x256x256w13-48-16,256,256,256,13,48,16,13-48-16,MN0,12288,128,48,16,384,13,25600,89088,6144,1664,4992,6144,15360
256x256x256w13-32-22,256,256,256,13,32,22,13-32-22,M0K,11264,176,32,22,256,13,22496,92192,5632,2288,3328,5632,15360
256x256x256w46-16-13,256,256,256,46,16,13,46-16-13,M0K,3328,520,16,13,640,46,24672,90016,1664,4784,5888,1664,15360
256x256x256w13-16-48,256,256,256,13,16,48,13-16-48,M0K,12288,384,16,48,128,13,25600,89088,6144,4992,1664,6144,15360
256x256x256w34-16-18,256,256,256,34,16,18,34-16-18,M0K,4608,576,16,18,512,34,23104,91584,2304,4896,4352,2304,15360
256x256x256w57-16-11,256,256,256,57,16,11,57-16-11,M0K,2816,616,16,11,896,57,27440,87248,1408,5016,7296,1408,15360
256x256x256w27-32-11,256,256,256,27,32,11,27-32-11,M0K,5632,264,32,11,768,27,24208,90480,2816,2376,6912,2816,15360
256x256x256w60-16-11,256,256,256,60,16,11,60-16-11,M0K,2816,616,16,11,896,60,28736,85952,1408,5280,7680,1408,15360
256x256x256w13-16-45,256,256,256,13,16,45,13-16-45,M0K,11520,360,16,45,128,13,24208,90480,5760,4680,1664,5760,15360
256x256x256w22-32-13,256,256,256,22,32,13,22-32-13,M0K,6656,208,32,13,512,22,22496,92192,3328,2288,5632,3328,15360
256x256x256w56-16-11,256,256,256,56,16,11,56-16-11,M0K,2816,616,16,11,896,56,27008,87680,1408,4928,7168,1408,15360
256x256x256w16-56-11,256,256,256,16,56,11,16-56-11,0NK,9856,176,56,11,896,16,27008,87680,4928,1408,7168,4928,15360
256x256x256w13-72-11,256,256,256,13,72,11,13-72-11,MNK,12672,88,72,11,576,13,29936,84752,6336,1144,7488,6336,15360
256x256x256w62-16-11,256,256,256,62,16,11,62-16-11,M0K,2816,616,16,11,896,62,29600,85088,1408,5456,7936,1408,15360
256x256x256w61-16-11,256,256,256,61,16,11,61-16-11,M0K,2816,616,16,11,896,61,29168,85520,1408,5368,7808,1408,15360
256x256x256w27-16-23,256,256,256,27,16,23,27-16-23,M0K,5888,552,16,23,384,27,22736,91952,2944,4968,3456,2944,15360
256x256x256w43-16-13,256,256,256,43,16,13,43-16-13,M0K,3328,520,16,13,640,43,23280,91408,1664,4472,5504,1664,15360
256x256x256w33-16-18,256,256,256,33,16,18,33-16-18,M0K,4608,576,16,18,512,33,22560,92128,2304,4752,4224,2304,15360
256x256x256w54-16-11,256,256,256,54,16,11,54-16-11,M0K,2816,528,16,11,768,54,26144,88544,1408,4752,6912,1408,15360
256x256x256w53-16-11,256,256,256,53,16,11,53-16-11,M0K,2816,528,16,11,768,53,25712,88976,1408,4664,6784,1408,15360
256x256x256w26-16-22,256,256,256,26,16,22,26-16-22,M0K,5632,528,16,22,384,26,21440,93248,2816,4576,3328,2816,15360
256x256x256w35-16-18,256,256,256,35,16,18,35-16-18,M0K,4608,576,16,18,512,35,23648,91040,2304,5040,4480,2304,15360
256x256x256w22-16-27,256,256,256,22,16,27,22-16-27,M0K,6912,432,16,27,256,22,22048,92640,3456,4752,2816,3456,15360
256x256x256w13-16-47,256,256,256,13,16,47,13-16-47,M0K,12032,376,16,47,128,13,25136,89552,6016,4888,1664,6016,15360
256x256x256w58-16-11,256,256,256,58,16,11,58-16-11,M0K,2816,616,16,11,896,58,27872,86816,1408,5104,7424,1408,15360
256x256x256w13-16-43,256,256,256,13,16,43,13-16-43,M0K,11008,344,16,43,128,13,23280,91408,5504,4472,1664,5504,15360
256x256x256w47-16-13,256,256,256,47,16,13,47-16-13,M0K,3328,520,16,13,640,47,25136,89552,1664,4888,6016,1664,15360
256x256x256w16-32-18,256,256,256,16,32,18,16-32-18,00K,9216,288,32,18,512,16,22016,92672,4608,2304,4096,4608,15360
256x256x256w13-16-50,256,256,256,13,16,50,13-16-50,M0K,12800,400,16,50,128,13,26528,88160,6400,5200,1664,6400,15360
256x256x256w52-16-11,256,256,256,52,16,11,52-16-11,M0K,2816,528,16,11,768,52,25280,89408,1408,4576,6656,1408,15360
256x256x256w13-16-44,256,256,256,13,16,44,13-16-44,M0K,11264,352,16,44,128,13,23744,90944,5632,4576,1664,5632,15360
256x256x256w44-16-13,256,256,256,44,16,13,44-16-13,M0K,3328,520,16,13,640,44,23744,90944,1664,4576,5632,1664,15360
256x256x256w13-16-49,256,256,256,13,16,49,13-16-49,M0K,12544,392,16,49,128,13,26064,88624,6272,5096,1664,6272,15360
256x256x256w48-16-13,256,256,256,48,16,13,48-16-13,M0K,3328,624,16,13,768,48,25600,89088,1664,4992,6144,1664,15360
256x256x256w16-48-13,256,256,256,16,48,13,16-48-13,0NK,9984,208,48,13,768,16,25600,89088,4992,1664,6144,4992,15360
256x256x256w13-16-46,256,256,256,13,16,46,13-16-46,M0K,11776,368,16,46,128,13,24672,90016,5888,4784,1664,5888,15360
256x256x256w22-16-28,256,256,256,22,16,28,22-16-28,M0K,7168,448,16,28,256,22,22656,92032,3584,4928,2816,3584,15360
256x256x256w14-32-20,256,256,256,14,32,20,14-32-20,M0K,10240,160,32,20,256,14,21888,92800,5120,2240,3584,5120,15392
256x256x256w14-32-21,256,256,256,14,32,21,14-32-21,M0K,10752,168,32,21,256,14,22624,92064,5376,2352,3584,5376,15392
256x256x256w14-64-10,256,256,256,14,64,10,14-64-10,M0K,10240,80,64,10,512,14,26816,87872,5120,1120,7168,5120,15392
256x256x256w14-72-10,256,256,256,14,72,10,14-72-10,MNK,11520,80,72,10,576,14,29888,84800,5760,1120,8064,5760,15392
256x256x256w21-24-19,256,256,256,21,24,19,21-24-19,MNK,7296,304,24,19,384,21,21744,92944,3648,3192,4032,3648,15400
256x256x256w21-40-12,256,256,256,21,40,12,21-40-12,MNK,7680,192,40,12,640,21,25152,89536,3840,2016,6720,3840,15400
256x256x256w18-40-14,256,256,256,18,40,14,18-40-14,MNK,8960,224,40,14,640,18,24512,90176,4480,2016,5760,4480,15428
256x256x256w10-56-18,256,256,256,10,56,18,10-56-18,MNK,16128,144,56,18,448,10,27968,86720,8064,1440,4480,8064,15450
256x256x256w12-48-18,256,256,256,12,48,18,12-48-18,MNK,13824,144,48,18,384,12,26496,88192,6912,1728,4608,6912,15480
256x256x256w17-16-34,256,256,256,17,16,34,17-16-34,M0K,8704,544,16,34,256,17,22304,92384,4352,4624,2176,4352,15488
256x256x256w17-32-16,256,256,256,17,32,16,17-32-16,M00,8192,256,32,16,512,17,21248,93440,4096,2176,4352,4096,15488
256x256x256w24-32-12,256,256,256,24,32,12,24-32-12,M0K,6144,288,32,12,768,24,23040,91648,3072,2304,6144,3072,15488
256x256x256w16-24-25,256,256,256,16,24,25,16-24-25,0NK,9600,400,24,25,384,16,22144,92544,4800,3200,3072,4800,15488
256x256x256w16-24-24,256,256,256,16,24,24,16-24-24,0NK,9216,384,24,24,384,16,21504,93184,4608,3072,3072,4608,15488
256x256x256w17-16-36,256,256,256,17,16,36,17-16-36,M0K,9216,576,16,36,256,17,23360,91328,4608,4896,2176,4608,15488
256x256x256w33-24-12,256,256,256,33,24,12,33-24-12,MNK,4608,384,24,12,768,33,23616,91072,2304,3168,6336,2304,15488
256x256x256w24-24-16,256,256,256,24,24,16,24-24-16,MN0,6144,384,24,16,576,24,21504,93184,3072,3072,4608,3072,15488
256x256x256w17-16-32,256,256,256,17,16,32,17-16-32,M00,8192,512,16,32,256,17,21248,93440,4096,4352,2176,4096,15488
256x256x256w24-16-24,256,256,256,24,16,24,24-16-24,M0K,6144,576,16,24,384,24,21504,93184,3072,4608,3072,3072,15488
256x256x256w35-24-12,256,256,256,35,24,12,35-24-12,MNK,4608,384,24,12,768,35,24768,89920,2304,3360,6720,2304,15488
256x256x256w17-16-35,256,256,256,17,16,35,17-16-35,M0K,8960,560,16,35,256,17,22832,91856,4480,4760,2176,4480,15488
256x256x256w34-24-12,256,256,256,34,24,12,34-24-12,MNK,4608,384,24,12,768,34,24192,90496,2304,3264,6528,2304,15488
256x256x256w24-16-25,256,256,256,24,16,25,24-16-25,M0K,6400,600,16,25,384,24,22144,92544,3200,4800,3072,3200,15488
256x256x256w17-16-33,256,256,256,17,16,33,17-16-33,M0K,8448,528,16,33,256,17,21776,92912,4224,4488,2176,4224,15488
256x256x256w32-24-12,256,256,256,32,24,12,32-24-12,0NK,4608,384,24,12,768,32,23040,91648,2304,3072,6144,2304,15488
256x256x256w14-40-18,256,256,256,14,40,18,14-40-18,MNK,11520,144,40,18,320,14,24512,90176,5760,2016,4480,5760,15540
256x256x256w21-48-10,256,256,256,21,48,10,21-48-10,MNK,7680,160,48,10,768,21,27168,87520,3840,1680,8064,3840,15600
256x256x256w15-48-14,256,256,256,15,48,14,15-48-14,MNK,10752,112,48,14,384,15,25632,89056,5376,1680,5760,5376,15618
256x256x256w12-40-21,256,256,256,12,40,21,12-40-21,MNK,13440,168,40,21,320,12,25152,89536,6720,2016,3840,6720,15652
256x256x256w25-40-10,256,256,256,25,40,10,25-40-10,MNK,6400,240,40,10,960,25,26400,88288,3200,2000,8000,3200,15652
256x256x256w12-40-20,256,256,256,12,40,20,12-40-20,MNK,12800,160,40,20,320,12,24320,90368,6400,1920,3840,6400,15652
256x256x256w10-72-14,256,256,256,10,72,14,10-72-14,MNK,16128,112,72,14,576,10,29888,84800,8064,1120,5760,8064,15656
256x256x256w10-64-14,256,256,256,10,64,14,10-64-14,M0K,14336,112,64,14,512,10,26816,87872,7168,1120,5120,7168,15656
256x256x256w19-40-13,256,256,256,19,40,13,19-40-13,MNK,8320,208,40,13,640,19,24432,90256,4160,1976,6080,4160,15680
256x256x256w13-40-19,256,256,256,13,40,19,13-40-19,MNK,12160,152,40,19,320,13,24432,90256,6080,1976,4160,6080,15680
256x256x256w11-48-19,256,256,256,11,48,19,11-48-19,MNK,14592,152,48,19,384,11,26384,88304,7296,1672,4224,7296,15708
256x256x256w11-40-23,256,256,256,11,40,23,11-40-23,MNK,14720,184,40,23,320,11,25808,88880,7360,2024,3520,7360,15708
256x256x256w11-40-22,256,256,256,11,40,22,11-40-22,MNK,14080,176,40,22,320,11,24992,89696,7040,1936,3520,7040,15708
256x256x256w17-56-10,256,256,256,17,56,10,17-56-10,MNK,8960,160,56,10,896,17,26912,87776,4480,1360,7616,4480,15730
256x256x256w51-16-11,256,256,256,51,16,11,51-16-11,M0K,2816,528,16,11,768,51,24848,89840,1408,4488,6528,1408,15744
256x256x256w28-16-20,256,256,256,28,16,20,28-16-20,M0K,5120,480,16,20,384,28,21248,93440,2560,4480,3584,2560,15808
256x256x256w28-32-10,256,256,256,28,32,10,28-32-10,M0K,5120,240,32,10,768,28,23936,90752,2560,2240,7168,2560,15808
256x256x256w28-16-21,256,256,256,28,16,21,28-16-21,M0K,5376,504,16,21,384,28,21952,92736,2688,4704,3584,2688,15808
256x256x256w42-16-14,256,256,256,42,16,14,42-16-14,M0K,3584,560,16,14,640,42,23744,90944,1792,4704,5376,1792,15808
256x256x256w20-32-14,256,256,256,20,32,14,20-32-14,M0K,7168,224,32,14,512,20,21888,92800,3584,2240,5120,3584,15808
256x256x256w29-24-13,256,256,256,29,24,13,29-24-13,MNK,4992,312,24,13,576,29,22160,92528,2496,3016,5568,2496,15840
256x256x256w30-24-13,256,256,256,30,24,13,30-24-13,MNK,4992,312,24,13,576,30,22752,91936,2496,3120,5760,2496,15840
256x256x256w13-24-29,256,256,256,13,24,29,13-24-29,MNK,11136,232,24,29,192,13,22160,92528,5568,3016,2496,5568,15840
256x256x256w22-24-18,256,256,256,22,24,18,22-24-18,MNK,6912,288,24,18,384,22,21696,92992,3456,3168,4224,3456,15840
256x256x256w13-24-31,256,256,256,13,24,31,13-24-31,MNK,11904,248,24,31,192,13,23344,91344,5952,3224,2496,5952,15840
256x256x256w13-24-30,256,256,256,13,24,30,13-24-30,MNK,11520,240,24,30,192,13,22752,91936,5760,3120,2496,5760,15840
256x256x256w31-24-13,256,256,256,31,24,13,31-24-13,MNK,4992,312,24,13,576,31,23344,91344,2496,3224,5952,2496,15840
256x256x256w36-24-11,256,256,256,36,24,11,36-24-11,MNK,4224,352,24,11,768,36,24384,90304,2112,3168,6912,2112,15840
256x256x256w10-40-24,256,256,256,10,40,24,10-40-24,MNK,15360,192,40,24,320,10,25600,89088,7680,1920,3200,7680,15862
256x256x256w10-24-37,256,256,256,10,24,37,10-24-37,MNK,14208,296,24,37,192,10,23968,90720,7104,2960,1920,7104,15862
256x256x256w10-40-25,256,256,256,10,40,25,10-40-25,MNK,16000,200,40,25,320,10,26400,88288,8000,2000,3200,8000,15862
256x256x256w10-24-39,256,256,256,10,24,39,10-24-39,MNK,14976,312,24,39,192,10,25056,89632,7488,3120,1920,7488,15862
256x256x256w10-24-42,256,256,256,10,24,42,10-24-42,MNK,16128,336,24,42,192,10,26688,88000,8064,3360,1920,8064,15862
256x256x256w10-24-41,256,256,256,10,24,41,10-24-41,MNK,15744,328,24,41,192,10,26144,88544,7872,3280,1920,7872,15862
256x256x256w10-24-38,256,256,256,10,24,38,10-24-38,MNK,14592,304,24,38,192,10,24512,90176,7296,3040,1920,7296,15862
256x256x256w10-24-40,256,256,256,10,24,40,10-24-40,MNK,15360,320,24,40,192,10,25600,89088,7680,3200,1920,7680,15862
256x256x256w28-24-14,256,256,256,28,24,14,28-24-14,MNK,5376,336,24,14,576,28,22400,92288,2688,3136,5376,2688,15884
256x256x256w15-64-9,256,256,256,15,64,9,15-64-9,M0K,9216,72,64,9,512,15,26736,87952,4608,1080,7680,4608,15892
256x256x256w17-24-22,256,256,256,17,24,22,17-24-22,MNK,8448,352,24,22,384,17,20960,93728,4224,2992,3264,4224,15972
256x256x256w17-48-12,256,256,256,17,48,12,17-48-12,MNK,9216,192,48,12,768,17,25536,89152,4608,1632,6528,4608,15972
256x256x256w17-24-23,256,256,256,17,24,23,17-24-23,MNK,8832,368,24,23,384,17,21616,93072,4416,3128,3264,4416,15972
256x256x256w21-16-27,256,256,256,21,16,27,21-16-27,M0K,6912,432,16,27,256,21,21360,93328,3456,4536,2688,3456,16000
256x256x256w13-56-13,256,256,256,13,56,13,13-56-13,MNK,11648,104,56,13,448,13,26000,88688,5824,1352,5824,5824,16000
256x256x256w21-32-13,256,256,256,21,32,13,21-32-13,M0K,6656,208,32,13,512,21,21776,92912,3328,2184,5376,3328,16000
256x256x256w21-16-26,256,256,256,21,16,26,21-16-26,M0K,6656,416,16,26,256,21,20768,93920,3328,4368,2688,3328,16000
256x256x256w21-16-28,256,256,256,21,16,28,21-16-28,M0K,7168,448,16,28,256,21,21952,92736,3584,4704,2688,3584,16000
256x256x256w23-16-25,256,256,256,23,16,25,23-16-25,M0K,6400,400,16,25,256,23,21488,93200,3200,4600,2944,3200,16016
256x256x256w20-24-19,256,256,256,20,24,19,20-24-19,MNK,7296,304,24,19,384,20,21056,93632,3648,3040,3840,3648,16016
256x256x256w20-40-12,256,256,256,20,40,12,20-40-12,MNK,7680,192,40,12,640,20,24320,90368,3840,1920,6400,3840,16016
256x256x256w38-24-10,256,256,256,38,24,10,38-24-10,MNK,3840,320,24,10,768,38,24512,90176,1920,3040,7296,1920,16016
256x256x256w23-32-12,256,256,256,23,32,12,23-32-12,M0K,6144,192,32,12,512,23,22336,92352,3072,2208,5888,3072,16016
256x256x256w23-16-24,256,256,256,23,16,24,23-16-24,M0K,6144,384,16,24,256,23,20864,93824,3072,4416,2944,3072,16016
256x256x256w23-24-16,256,256,256,23,24,16,23-24-16,MN0,6144,256,24,16,384,23,20864,93824,3072,2944,4416,3072,16016
256x256x256w39-24-10,256,256,256,39,24,10,39-24-10,MNK,3840,320,24,10,768,39,25056,89632,1920,3120,7488,1920,16016
256x256x256w41-24-10,256,256,256,41,24,10,41-24-10,MNK,3840,400,24,10,960,41,26144,88544,1920,3280,7872,1920,16016
256x256x256w19-24-20,256,256,256,19,24,20,19-24-20,MNK,7680,320,24,20,384,19,21056,93632,3840,3040,3648,3840,16016
256x256x256w40-24-10,256,256,256,40,24,10,40-24-10,MNK,3840,400,24,10,960,40,25600,89088,1920,3200,7680,1920,16016
256x256x256w37-24-10,256,256,256,37,24,10,37-24-10,MNK,3840,320,24,10,768,37,23968,90720,1920,2960,7104,1920,16016
256x256x256w24-40-10,256,256,256,24,40,10,24-40-10,MNK,6400,240,40,10,960,24,25600,89088,3200,1920,7680,3200,16016
256x256x256w19-24-21,256,256,256,19,24,21,19-24-21,MNK,8064,336,24,21,384,19,21744,92944,4032,3192,3648,4032,16016
256x256x256w10-48-20,256,256,256,10,48,20,10-48-20,MNK,15360,160,48,20,384,10,26240,88448,7680,1600,3840,7680,16068
256x256x256w10-88-10,256,256,256,10,88,10,10-88-10,MNK,14080,80,88,10,704,10,29760,84928,7040,800,7040,7040,16068
256x256x256w10-48-21,256,256,256,10,48,21,10-48-21,MNK,16128,168,48,21,384,10,27168,87520,8064,1680,3840,8064,16068
256x256x256w10-96-10,256,256,256,10,96,10,10-96-10,MNK,15360,80,96,10,768,10,32320,82368,7680,800,7680,7680,16068
256x256x256w17-40-14,256,256,256,17,40,14,17-40-14,MNK,8960,224,40,14,640,17,23648,91040,4480,1904,5440,4480,16093
256x256x256w19-16-29,256,256,256,19,16,29,19-16-29,M0K,7424,464,16,29,256,19,21104,93584,3712,4408,2432,3712,16128
256x256x256w22-40-11,256,256,256,22,40,11,22-40-11,MNK,7040,176,40,11,640,22,24992,89696,3520,1936,7040,3520,16128
256x256x256w19-16-30,256,256,256,19,16,30,19-16-30,M0K,7680,480,16,30,256,19,21664,93024,3840,4560,2432,3840,16128
256x256x256w29-16-19,256,256,256,29,16,19,29-16-19,M0K,4864,456,16,19,384,29,21104,93584,2432,4408,3712,2432,16128
256x256x256w31-16-19,256,256,256,31,16,19,31-16-19,M0K,4864,456,16,19,384,31,22224,92464,2432,4712,3968,2432,16128
256x256x256w19-16-31,256,256,256,19,16,31,19-16-31,M0K,7936,496,16,31,256,19,22224,92464,3968,4712,2432,3968,16128
256x256x256w30-16-19,256,256,256,30,16,19,30-16-19,M0K,4864,456,16,19,384,30,21664,93024,2432,4560,3840,2432,16128
256x256x256w19-48-11,256,256,256,19,48,11,19-48-11,MNK,8448,176,48,11,768,19,26384,88304,4224,1672,7296,4224,16128
256x256x256w50-16-12,256,256,256,50,16,12,50-16-12,M0K,3072,576,16,12,768,50,25472,89216,1536,4800,6400,1536,16192
256x256x256w20-48-10,256,256,256,20,48,10,20-48-10,MNK,7680,160,48,10,768,20,26240,88448,3840,1600,7680,3840,16224
256x256x256w18-40-13,256,256,256,18,40,13,18-40-13,MNK,8320,208,40,13,640,18,23584,91104,4160,1872,5760,4160,16240
256x256x256w11-88-9,256,256,256,11,88,9,11-88-9,MNK,12672,72,88,9,704,11,29744,84944,6336,792,7744,6336,16269
256x256x256w14-24-26,256,256,256,14,24,26,14-24-26,MNK,9984,208,24,26,192,14,21184,93504,4992,2912,2688,4992,16280
256x256x256w14-24-27,256,256,256,14,24,27,14-24-27,MNK,10368,216,24,27,192,14,21792,92896,5184,3024,2688,5184,16280
256x256x256w14-56-12,256,256,256,14,56,12,14-56-12,MNK,10752,96,56,12,448,14,25984,88704,5376,1344,6272,5376,16280
256x256x256w14-24-28,256,256,256,14,24,28,14-24-28,MNK,10752,224,24,28,192,14,22400,92288,5376,3136,2688,5376,16280
256x256x256w12-56-14,256,256,256,12,56,14,12-56-14,MNK,12544,112,56,14,448,12,25984,88704,6272,1344,5376,6272,16340
256x256x256w64-8-16,256,256,256,64,8,16,64-8-16,000,2048,1024,8,16,512,64,26624,88064,1024,8192,4096,1024,16384
256x256x256w32-16-16,256,256,256,32,16,16,32-16-16,000,4096,512,16,16,512,32,20480,94208,2048,4096,4096,2048,16384
256x256x256w16-16-34,256,256,256,16,16,34,16-16-34,00K,8704,544,16,34,256,16,21504,93184,4352,4352,2048,4352,16384
256x256x256w8-16-64,256,256,256,8,16,64,8-16-64,000,16384,512,16,64,128,8,26624,88064,8192,4096,1024,8192,16384
256x256x256w34-16-16,256,256,256,34,16,16,34-16-16,M00,4096,512,16,16,512,34,21504,93184,2048,4352,4352,2048,16384
256x256x256w32-32-8,256,256,256,32,32,8,32-32-8,000,4096,256,32,8,1024,32,24576,90112,2048,2048,8192,2048,16384
256x256x256w16-8-64,256,256,256,16,8,64,16-8-64,000,8192,1024,8,64,128,16,26624,88064,4096,8192,1024,4096,16384
256x256x256w16-16-32,256,256,256,16,16,32,16-16-32,000,8192,512,16,32,256,16,20480,94208,4096,4096,2048,4096,16384
256x256x256w32-8-32,256,256,256,32,8,32,32-8-32,000,4096,1024,8,32,256,32,24576,90112,2048,8192,2048,2048,16384
256x256x256w16-16-33,256,256,256,16,16,33,16-16-33,00K,8448,528,16,33,256,16,20992,93696,4224,4224,2048,4224,16384
256x256x256w8-128-8,256,256,256,8,128,8,8-128-8,000,16384,64,128,8,1024,8,33792,80896,8192,512,8192,8192,16384
256x256x256w64-16-8,256,256,256,64,16,8,64-16-8,000,2048,512,16,8,1024,64,26624,88064,1024,4096,8192,1024,16384
256x256x256w16-64-8,256,256,256,16,64,8,16-64-8,000,8192,128,64,8,1024,16,26624,88064,4096,1024,8192,4096,16384
256x256x256w16-16-35,256,256,256,16,16,35,16-16-35,00K,8960,560,16,35,256,16,22016,92672,4480,4480,2048,4480,16384
256x256x256w16-32-16,256,256,256,16,32,16,16-32-16,000,8192,256,32,16,512,16,20480,94208,4096,2048,4096,4096,16384
256x256x256w33-16-16,256,256,256,33,16,16,33-16-16,M00,4096,512,16,16,512,33,20992,93696,2048,4224,4224,2048,16384
256x256x256w8-64-16,256,256,256,8,64,16,8-64-16,000,16384,128,64,16,512,8,26624,88064,8192,1024,4096,8192,16384
256x256x256w8-8-128,256,256,256,8,8,128,8-8-128,000,16384,1024,8,128,64,8,33792,80896,8192,8192,512,8192,16384
256x256x256w128-8-8,256,256,256,128,8,8,128-8-8,000,1024,1024,8,8,1024,128,33792,80896,512,8192,8192,512,16384
256x256x256w8-32-32,256,256,256,8,32,32,8-32-32,000,16384,256,32,32,256,8,24576,90112,8192,2048,2048,8192,16384
256x256x256w16-16-36,256,256,256,16,16,36,16-16-36,00K,9216,576,16,36,256,16,22528,92160,4608,4608,2048,4608,16384
256x256x256w35-16-16,256,256,256,35,16,16,35-16-16,M00,4096,512,16,16,512,35,22016,92672,2048,4480,4480,2048,16384
256x256x256w9-88-11,256,256,256,9,88,11,9-88-11,MNK,15488,88,88,11,704,9,29744,84944,7744,792,6336,7744,16416
256x256x256w9-32-31,256,256,256,9,32,31,9-32-31,M0K,15872,248,32,31,256,9,24944,89744,7936,2232,2304,7936,16416
256x256x256w9-32-29,256,256,256,9,32,29,9-32-29,M0K,14848,232,32,29,256,9,23632,91056,7424,2088,2304,7424,16416
256x256x256w9-32-30,256,256,256,9,32,30,9-32-30,M0K,15360,240,32,30,256,9,24288,90400,7680,2160,2304,7680,16416
256x256x256w15-48-13,256,256,256,15,48,13,15-48-13,MNK,9984,104,48,13,384,15,24624,90064,4992,1560,5760,4992,16440
256x256x256w15-56-11,256,256,256,15,56,11,15-56-11,MNK,9856,88,56,11,448,15,25936,88752,4928,1320,6720,4928,16440
256x256x256w15-32-18,256,256,256,15,32,18,15-32-18,M0K,9216,144,32,18,256,15,21216,93472,4608,2160,3840,4608,16440
256x256x256w11-64-12,256,256,256,11,64,12,11-64-12,M0K,12288,96,64,12,512,11,25664,89024,6144,1056,5632,6144,16456
256x256x256w11-24-35,256,256,256,11,24,35,11-24-35,MNK,13440,280,24,35,192,11,23824,90864,6720,3080,2112,6720,16456
256x256x256w11-32-25,256,256,256,11,32,25,11-32-25,M0K,12800,200,32,25,256,11,22832,91856,6400,2200,2816,6400,16456
256x256x256w11-24-32,256,256,256,11,24,32,11-24-32,MN0,12288,256,24,32,192,11,22144,92544,6144,2816,2112,6144,16456
256x256x256w11-24-34,256,256,256,11,24,34,11-24-34,MNK,13056,272,24,34,192,11,23264,91424,6528,2992,2112,6528,16456
256x256x256w11-24-36,256,256,256,11,24,36,11-24-36,MNK,13824,288,24,36,192,11,24384,90304,6912,3168,2112,6912,16456
256x256x256w11-24-33,256,256,256,11,24,33,11-24-33,MNK,12672,264,24,33,192,11,22704,91984,6336,2904,2112,6336,16456
256x256x256w11-72-12,256,256,256,11,72,12,11-72-12,MNK,13824,96,72,12,576,11,28608,86080,6912,1056,6336,6912,16456
256x256x256w11-32-24,256,256,256,11,32,24,11-32-24,M0K,12288,192,32,24,256,11,22144,92544,6144,2112,2816,6144,16456
256x256x256w11-80-12,256,256,256,11,80,12,11-80-12,MNK,15360,96,80,12,640,11,31552,83136,7680,1056,7040,7680,16456
256x256x256w10-16-61,256,256,256,10,16,61,10-16-61,M0K,15616,488,16,61,128,10,27936,86752,7808,4880,1280,7808,16480
256x256x256w10-16-53,256,256,256,10,16,53,10-16-53,M0K,13568,424,16,53,128,10,24608,90080,6784,4240,1280,6784,16480
256x256x256w10-16-56,256,256,256,10,16,56,10-16-56,M0K,14336,448,16,56,128,10,25856,88832,7168,4480,1280,7168,16480
256x256x256w10-16-58,256,256,256,10,16,58,10-16-58,M0K,14848,464,16,58,128,10,26688,88000,7424,4640,1280,7424,16480
256x256x256w10-16-55,256,256,256,10,16,55,10-16-55,M0K,14080,440,16,55,128,10,25440,89248,7040,4400,1280,7040,16480
256x256x256w10-32-27,256,256,256,10,32,27,10-32-27,M0K,13824,216,32,27,256,10,23264,91424,6912,2160,2560,6912,16480
256x256x256w10-32-26,256,256,256,10,32,26,10-32-26,M0K,13312,208,32,26,256,10,22592,92096,6656,2080,2560,6656,16480
256x256x256w10-64-13,256,256,256,10,64,13,10-64-13,M0K,13312,104,64,13,512,10,25632,89056,6656,1040,5120,6656,16480
256x256x256w10-16-57,256,256,256,10,16,57,10-16-57,M0K,14592,456,16,57,128,10,26272,88416,7296,4560,1280,7296,16480
256x256x256w10-72-13,256,256,256,10,72,13,10-72-13,MNK,14976,104,72,13,576,10,28576,86112,7488,1040,5760,7488,16480
256x256x256w10-16-52,256,256,256,10,16,52,10-16-52,M0K,13312,416,16,52,128,10,24192,90496,6656,4160,1280,6656,16480
256x256x256w10-16-62,256,256,256,10,16,62,10-16-62,M0K,15872,496,16,62,128,10,28352,86336,7936,4960,1280,7936,16480
256x256x256w10-16-63,256,256,256,10,16,63,10-16-63,M0K,16128,504,16,63,128,10,28768,85920,8064,5040,1280,8064,16480
256x256x256w10-16-59,256,256,256,10,16,59,10-16-59,M0K,15104,472,16,59,128,10,27104,87584,7552,4720,1280,7552,16480
256x256x256w10-16-60,256,256,256,10,16,60,10-16-60,M0K,15360,480,16,60,128,10,27520,87168,7680,4800,1280,7680,16480
256x256x256w10-32-28,256,256,256,10,32,28,10-32-28,M0K,14336,224,32,28,256,10,23936,90752,7168,2240,2560,7168,16480
256x256x256w10-16-54,256,256,256,10,16,54,10-16-54,M0K,13824,432,16,54,128,10,25024,89664,6912,4320,1280,6912,16480
256x256x256w10-56-16,256,256,256,10,56,16,10-56-16,MN0,14336,128,56,16,448,10,25856,88832,7168,1280,4480,7168,16480
256x256x256w21-24-18,256,256,256,21,24,18,21-24-18,MNK,6912,288,24,18,384,21,21024,93664,3456,3024,4032,3456,16500
256x256x256w12-32-22,256,256,256,12,32,22,12-32-22,M0K,11264,176,32,22,256,12,21632,93056,5632,2112,3072,5632,16512
256x256x256w25-32-11,256,256,256,25,32,11,25-32-11,M0K,5632,264,32,11,768,25,22832,91856,2816,2200,6400,2816,16512
256x256x256w12-72-11,256,256,256,12,72,11,12-72-11,MNK,12672,88,72,11,576,12,28608,86080,6336,1056,6912,6336,16512
256x256x256w12-80-11,256,256,256,12,80,11,12-80-11,MNK,14080,88,80,11,640,12,31552,83136,7040,1056,7680,7040,16512
256x256x256w12-64-11,256,256,256,12,64,11,12-64-11,M0K,11264,88,64,11,512,12,25664,89024,5632,1056,6144,5632,16512
256x256x256w12-16-44,256,256,256,12,16,44,12-16-44,M0K,11264,352,16,44,128,12,22784,91904,5632,4224,1536,5632,16512
256x256x256w12-16-46,256,256,256,12,16,46,12-16-46,M0K,11776,368,16,46,128,12,23680,91008,5888,4416,1536,5888,16512
256x256x256w12-16-45,256,256,256,12,16,45,12-16-45,M0K,11520,360,16,45,128,12,23232,91456,5760,4320,1536,5760,16512
256x256x256w12-32-23,256,256,256,12,32,23,12-32-23,M0K,11776,184,32,23,256,12,22336,92352,5888,2208,3072,5888,16512
256x256x256w12-16-50,256,256,256,12,16,50,12-16-50,M0K,12800,400,16,50,128,12,25472,89216,6400,4800,1536,6400,16512
256x256x256w12-16-48,256,256,256,12,16,48,12-16-48,M0K,12288,384,16,48,128,12,24576,90112,6144,4608,1536,6144,16512
256x256x256w25-16-22,256,256,256,25,16,22,25-16-22,M0K,5632,528,16,22,384,25,20832,93856,2816,4400,3200,2816,16512
256x256x256w12-48-16,256,256,256,12,48,16,12-48-16,MN0,12288,128,48,16,384,12,24576,90112,6144,1536,4608,6144,16512
256x256x256w12-16-47,256,256,256,12,16,47,12-16-47,M0K,12032,376,16,47,128,12,24128,90560,6016,4512,1536,6016,16512
256x256x256w12-16-43,256,256,256,12,16,43,12-16-43,M0K,11008,344,16,43,128,12,22336,92352,5504,4128,1536,5504,16512
256x256x256w25-16-23,256,256,256,25,16,23,25-16-23,M0K,5888,552,16,23,384,25,21488,93200,2944,4600,3200,2944,16512
256x256x256w12-16-49,256,256,256,12,16,49,12-16-49,M0K,12544,392,16,49,128,12,25024,89664,6272,4704,1536,6272,16512
256x256x256w23-40-10,256,256,256,23,40,10,23-40-10,MNK,6400,160,40,10,640,23,24800,89888,3200,1840,7360,3200,16562
256x256x256w14-16-40,256,256,256,14,16,40,14-16-40,M0K,10240,320,16,40,128,14,22784,91904,5120,4480,1792,5120,16576
256x256x256w14-16-37,256,256,256,14,16,37,14-16-37,M0K,9472,296,16,37,128,14,21344,93344,4736,4144,1792,4736,16576
256x256x256w14-16-41,256,256,256,14,16,41,14-16-41,M0K,10496,328,16,41,128,14,23264,91424,5248,4592,1792,5248,16576
256x256x256w14-16-39,256,256,256,14,16,39,14-16-39,M0K,9984,312,16,39,128,14,22304,92384,4992,4368,1792,4992,16576
256x256x256w14-40-16,256,256,256,14,40,16,14-40-16,MN0,10240,128,40,16,320,14,22784,91904,5120,1792,4480,5120,16576
256x256x256w14-16-38,256,256,256,14,16,38,14-16-38,M0K,9728,304,16,38,128,14,21824,92864,4864,4256,1792,4864,16576
256x256x256w14-16-42,256,256,256,14,16,42,14-16-42,M0K,10752,336,16,42,128,14,23744,90944,5376,4704,1792,5376,16576
256x256x256w14-32-19,256,256,256,14,32,19,14-32-19,M0K,9728,152,32,19,256,14,21152,93536,4864,2128,3584,4864,16576
256x256x256w15-24-24,256,256,256,15,24,24,15-24-24,MNK,9216,192,24,24,192,15,20736,93952,4608,2880,2880,4608,16577
256x256x256w15-24-25,256,256,256,15,24,25,15-24-25,MNK,9600,200,24,25,192,15,21360,93328,4800,3000,2880,4800,16577
256x256x256w42-24-9,256,256,256,42,24,9,42-24-9,MNK,3456,360,24,9,960,42,25632,89056,1728,3024,8064,1728,16588
256x256x256w18-24-20,256,256,256,18,24,20,18-24-20,MNK,7680,320,24,20,384,18,20352,94336,3840,2880,3456,3840,16588
256x256x256w18-24-21,256,256,256,18,24,21,18-24-21,MNK,8064,336,24,21,384,18,21024,93664,4032,3024,3456,4032,16588
256x256x256w42-16-13,256,256,256,42,16,13,42-16-13,M0K,3328,520,16,13,640,42,22816,91872,1664,4368,5376,1664,16640
256x256x256w26-16-20,256,256,256,26,16,20,26-16-20,M0K,5120,480,16,20,384,26,20096,94592,2560,4160,3328,2560,16640
256x256x256w13-72-10,256,256,256,13,72,10,13-72-10,MNK,11520,80,72,10,576,13,28576,86112,5760,1040,7488,5760,16640
256x256x256w26-16-21,256,256,256,26,16,21,26-16-21,M0K,5376,504,16,21,384,26,20768,93920,2688,4368,3328,2688,16640
256x256x256w62-16-10,256,256,256,62,16,10,62-16-10,M0K,2560,560,16,10,896,62,28352,86336,1280,4960,7936,1280,16640
256x256x256w56-16-10,256,256,256,56,16,10,56-16-10,M0K,2560,560,16,10,896,56,25856,88832,1280,4480,7168,1280,16640
256x256x256w20-16-28,256,256,256,20,16,28,20-16-28,M0K,7168,448,16,28,256,20,21248,93440,3584,4480,2560,3584,16640
256x256x256w13-64-10,256,256,256,13,64,10,13-64-10,M0K,10240,80,64,10,512,13,25632,89056,5120,1040,6656,5120,16640
256x256x256w57-16-10,256,256,256,57,16,10,57-16-10,M0K,2560,560,16,10,896,57,26272,88416,1280,4560,7296,1280,16640
256x256x256w20-32-13,256,256,256,20,32,13,20-32-13,M0K,6656,208,32,13,512,20,21056,93632,3328,2080,5120,3328,16640
256x256x256w16-56-10,256,256,256,16,56,10,16-56-10,0NK,8960,160,56,10,896,16,25856,88832,4480,1280,7168,4480,16640
256x256x256w26-32-10,256,256,256,26,32,10,26-32-10,M0K,5120,240,32,10,768,26,22592,92096,2560,2080,6656,2560,16640
256x256x256w61-16-10,256,256,256,61,16,10,61-16-10,M0K,2560,560,16,10,896,61,27936,86752,1280,4880,7808,1280,16640
256x256x256w20-16-26,256,256,256,20,16,26,20-16-26,M0K,6656,416,16,26,256,20,20096,94592,3328,4160,2560,3328,16640
256x256x256w20-16-27,256,256,256,20,16,27,20-16-27,M0K,6912,432,16,27,256,20,20672,94016,3456,4320,2560,3456,16640
256x256x256w52-16-10,256,256,256,52,16,10,52-16-10,M0K,2560,480,16,10,768,52,24192,90496,1280,4160,6656,1280,16640
256x256x256w27-16-21,256,256,256,27,16,21,27-16-21,M0K,5376,504,16,21,384,27,21360,93328,2688,4536,3456,2688,16640
256x256x256w55-16-10,256,256,256,55,16,10,55-16-10,M0K,2560,480,16,10,768,55,25440,89248,1280,4400,7040,1280,16640
256x256x256w54-16-10,256,256,256,54,16,10,54-16-10,M0K,2560,480,16,10,768,54,25024,89664,1280,4320,6912,1280,16640
256x256x256w60-16-10,256,256,256,60,16,10,60-16-10,M0K,2560,560,16,10,896,60,27520,87168,1280,4800,7680,1280,16640
256x256x256w53-16-10,256,256,256,53,16,10,53-16-10,M0K,2560,480,16,10,768,53,24608,90080,1280,4240,6784,1280,16640
256x256x256w58-16-10,256,256,256,58,16,10,58-16-10,M0K,2560,560,16,10,896,58,26688,88000,1280,4640,7424,1280,16640
256x256x256w13-32-21,256,256,256,13,32,21,13-32-21,M0K,10752,168,32,21,256,13,21776,92912,5376,2184,3328,5376,16640
256x256x256w13-32-20,256,256,256,13,32,20,13-32-20,M0K,10240,160,32,20,256,13,21056,93632,5120,2080,3328,5120,16640
256x256x256w27-16-20,256,256,256,27,16,20,27-16-20,M0K,5120,480,16,20,384,27,20672,94016,2560,4320,3456,2560,16640
256x256x256w27-32-10,256,256,256,27,32,10,27-32-10,M0K,5120,240,32,10,768,27,23264,91424,2560,2160,6912,2560,16640
256x256x256w59-16-10,256,256,256,59,16,10,59-16-10,M0K,2560,560,16,10,896,59,27104,87584,1280,4720,7552,1280,16640
256x256x256w63-16-9,256,256,256,63,16,9,63-16-9,M0K,2304,504,16,9,896,63,27504,87184,1152,4536,8064,1152,16704
256x256x256w29-32-9,256,256,256,29,32,9,29-32-9,M0K,4608,216,32,9,768,29,23632,91056,2304,2088,7424,2304,16704
256x256x256w18-16-30,256,256,256,18,16,30,18-16-30,M0K,7680,480,16,30,256,18,20928,93760,3840,4320,2304,3840,16704
256x256x256w18-16-29,256,256,256,18,16,29,18-16-29,M0K,7424,464,16,29,256,18,20384,94304,3712,4176,2304,3712,16704
256x256x256w18-16-31,256,256,256,18,16,31,18-16-31,M0K,7936,496,16,31,256,18,21472,93216,3968,4464,2304,3968,16704
256x256x256w30-32-9,256,256,256,30,32,9,30-32-9,M0K,4608,216,32,9,768,30,24288,90400,2304,2160,7680,2304,16704
256x256x256w31-32-9,256,256,256,31,32,9,31-32-9,M0K,4608,216,32,9,768,31,24944,89744,2304,2232,7936,2304,16704
256x256x256w18-48-11,256,256,256,18,48,11,18-48-11,MNK,8448,176,48,11,768,18,25440,89248,4224,1584,6912,4224,16704
256x256x256w27-24-14,256,256,256,27,24,14,27-24-14,MNK,5376,336,24,14,576,27,21792,92896,2688,3024,5184,2688,16720
256x256x256w26-24-14,256,256,256,26,24,14,26-24-14,MNK,5376,336,24,14,576,26,21184,93504,2688,2912,4992,2688,16720
256x256x256w28-24-13,256,256,256,28,24,13,28-24-13,MNK,4992,312,24,13,576,28,21568,93120,2496,2912,5376,2496,16720
256x256x256w13-40-18,256,256,256,13,40,18,13-40-18,MNK,11520,144,40,18,320,13,23584,91104,5760,1872,4160,5760,16800
256x256x256w21-40-11,256,256,256,21,40,11,21-40-11,MNK,7040,176,40,11,640,21,24176,90512,3520,1848,6720,3520,16800
256x256x256w18-56-9,256,256,256,18,56,9,18-56-9,MNK,8064,144,56,9,896,18,26784,87904,4032,1296,8064,4032,16820
256x256x256w11-48-18,256,256,256,11,48,18,11-48-18,MNK,13824,144,48,18,384,11,25440,89248,6912,1584,4224,6912,16830
256x256x256w12-40-19,256,256,256,12,40,19,12-40-19,MNK,12160,152,40,19,320,12,23488,91200,6080,1824,3840,6080,16856
256x256x256w14-48-14,256,256,256,14,48,14,14-48-14,MNK,10752,112,48,14,384,14,24640,90048,5376,1568,5376,5376,16872
256x256x256w33-24-11,256,256,256,33,24,11,33-24-11,MNK,4224,352,24,11,768,33,22704,91984,2112,2904,6336,2112,16896
256x256x256w16-48-12,256,256,256,16,48,12,16-48-12,0NK,9216,192,48,12,768,16,24576,90112,4608,1536,6144,4608,16896
256x256x256w45-16-12,256,256,256,45,16,12,45-16-12,M0K,3072,480,16,12,640,45,23232,91456,1536,4320,5760,1536,16896
256x256x256w46-16-12,256,256,256,46,16,12,46-16-12,M0K,3072,480,16,12,640,46,23680,91008,1536,4416,5888,1536,16896
256x256x256w48-16-12,256,256,256,48,16,12,48-16-12,M0K,3072,576,16,12,768,48,24576,90112,1536,4608,6144,1536,16896
256x256x256w43-16-12,256,256,256,43,16,12,43-16-12,M0K,3072,480,16,12,640,43,22336,92352,1536,4128,5504,1536,16896
256x256x256w22-24-16,256,256,256,22,24,16,22-24-16,MN0,6144,256,24,16,384,22,20224,94464,3072,2816,4224,3072,16896
256x256x256w22-16-24,256,256,256,22,16,24,22-16-24,M0K,6144,384,16,24,256,22,20224,94464,3072,4224,2816,3072,16896
256x256x256w35-24-11,256,256,256,35,24,11,35-24-11,MNK,4224,352,24,11,768,35,23824,90864,2112,3080,6720,2112,16896
256x256x256w16-24-23,256,256,256,16,24,23,16-24-23,0NK,8832,368,24,23,384,16,20864,93824,4416,2944,3072,4416,16896
256x256x256w32-24-11,256,256,256,32,24,11,32-24-11,0NK,4224,352,24,11,768,32,22144,92544,2112,2816,6144,2112,16896
256x256x256w22-32-12,256,256,256,22,32,12,22-32-12,M0K,6144,192,32,12,512,22,21632,93056,3072,2112,5632,3072,16896
256x256x256w24-16-22,256,256,256,24,16,22,24-16-22,M0K,5632,528,16,22,384,24,20224,94464,2816,4224,3072,2816,16896
256x256x256w22-16-25,256,256,256,22,16,25,22-16-25,M0K,6400,400,16,25,256,22,20832,93856,3200,4400,2816,3200,16896
256x256x256w34-24-11,256,256,256,34,24,11,34-24-11,MNK,4224,352,24,11,768,34,23264,91424,2112,2992,6528,2112,16896
256x256x256w44-16-12,256,256,256,44,16,12,44-16-12,M0K,3072,480,16,12,640,44,22784,91904,1536,4224,5632,1536,16896
256x256x256w24-16-23,256,256,256,24,16,23,24-16-23,M0K,5888,552,16,23,384,24,20864,93824,2944,4416,3072,2944,16896
256x256x256w47-16-12,256,256,256,47,16,12,47-16-12,M0K,3072,480,16,12,640,47,24128,90560,1536,4512,6016,1536,16896
256x256x256w49-16-12,256,256,256,49,16,12,49-16-12,M0K,3072,576,16,12,768,49,25024,89664,1536,4704,6272,1536,16896
256x256x256w24-32-11,256,256,256,24,32,11,24-32-11,M0K,5632,264,32,11,768,24,22144,92544,2816,2112,6144,2816,16896
256x256x256w16-24-22,256,256,256,16,24,22,16-24-22,0NK,8448,352,24,22,384,16,20224,94464,4224,2816,3072,4224,16896
256x256x256w17-40-13,256,256,256,17,40,13,17-40-13,MNK,8320,208,40,13,640,17,22736,91952,4160,1768,5440,4160,16940
256x256x256w11-40-21,256,256,256,11,40,21,11-40-21,MNK,13440,168,40,21,320,11,24176,90512,6720,1848,3520,6720,17017
256x256x256w11-40-20,256,256,256,11,40,20,11-40-20,MNK,12800,160,40,20,320,11,23360,91328,6400,1760,3520,6400,17017
256x256x256w19-32-14,256,256,256,19,32,14,19-32-14,M0K,7168,224,32,14,512,19,21152,93536,3584,2128,4864,3584,17024
256x256x256w16-40-14,256,256,256,16,40,14,16-40-14,0NK,8960,224,40,14,640,16,22784,91904,4480,1792,5120,4480,17024
256x256x256w39-16-14,256,256,256,39,16,14,39-16-14,M0K,3584,448,16,14,512,39,22304,92384,1792,4368,4992,1792,17024
256x256x256w40-16-14,256,256,256,40,16,14,40-16-14,M0K,3584,560,16,14,640,40,22784,91904,1792,4480,5120,1792,17024
256x256x256w41-16-14,256,256,256,41,16,14,41-16-14,M0K,3584,560,16,14,640,41,23264,91424,1792,4592,5248,1792,17024
256x256x256w37-16-14,256,256,256,37,16,14,37-16-14,M0K,3584,448,16,14,512,37,21344,93344,1792,4144,4736,1792,17024
256x256x256w28-16-19,256,256,256,28,16,19,28-16-19,M0K,4864,456,16,19,384,28,20544,94144,2432,4256,3584,2432,17024
256x256x256w38-16-14,256,256,256,38,16,14,38-16-14,M0K,3584,448,16,14,512,38,21824,92864,1792,4256,4864,1792,17024
256x256x256w12-24-30,256,256,256,12,24,30,12-24-30,MNK,11520,240,24,30,192,12,21888,92800,5760,2880,2304,5760,17028
256x256x256w12-24-29,256,256,256,12,24,29,12-24-29,MNK,11136,232,24,29,192,12,21312,93376,5568,2784,2304,5568,17028
256x256x256w12-24-31,256,256,256,12,24,31,12-24-31,MNK,11904,248,24,31,192,12,22464,92224,5952,2976,2304,5952,17028
256x256x256w51-8-20,256,256,256,51,8,20,51-8-20,M0K,2560,960,8,20,384,51,25408,89280,1280,8160,3264,1280,17056
256x256x256w51-16-10,256,256,256,51,16,10,51-16-10,M0K,2560,480,16,10,768,51,23776,90912,1280,4080,6528,1280,17056
256x256x256w9-56-18,256,256,256,9,56,18,9-56-18,MNK,16128,144,56,18,448,9,26784,87904,8064,1296,4032,8064,17100
256x256x256w20-24-18,256,256,256,20,24,18,20-24-18,MNK,6912,288,24,18,384,20,20352,94336,3456,2880,3840,3456,17160
256x256x256w36-24-10,256,256,256,36,24,10,36-24-10,MNK,3840,320,24,10,768,36,23424,91264,1920,2880,6912,1920,17160
256x256x256w14-72-9,256,256,256,14,72,9,14-72-9,MNK,10368,72,72,9,576,14,28512,86176,5184,1008,8064,5184,17168
256x256x256w14-64-9,256,256,256,14,64,9,14-64-9,M0K,9216,72,64,9,512,14,25568,89120,4608,1008,7168,4608,17168
256x256x256w12-56-13,256,256,256,12,56,13,12-56-13,MNK,11648,104,56,13,448,12,24896,89792,5824,1248,5376,5824,17200
256x256x256w19-40-12,256,256,256,19,40,12,19-40-12,MNK,7680,192,40,12,640,19,23488,91200,3840,1824,6080,3840,17248
256x256x256w19-24-19,256,256,256,19,24,19,19-24-19,MNK,7296,304,24,19,384,19,20368,94320,3648,2888,3648,3648,17248
256x256x256w30-16-18,256,256,256,30,16,18,30-16-18,M0K,4608,432,16,18,384,30,20928,93760,2304,4320,3840,2304,17280
256x256x256w31-16-18,256,256,256,31,16,18,31-16-18,M0K,4608,432,16,18,384,31,21472,93216,2304,4464,3968,2304,17280
256x256x256w29-16-18,256,256,256,29,16,18,29-16-18,M0K,4608,432,16,18,384,29,20384,94304,2304,4176,3712,2304,17280
256x256x256w17-24-21,256,256,256,17,24,21,17-24-21,MNK,8064,336,24,21,384,17,20304,94384,4032,2856,3264,4032,17303
256x256x256w17-24-20,256,256,256,17,24,20,17-24-20,MNK,7680,320,24,20,384,17,19648,95040,3840,2720,3264,3840,17303
256x256x256w10-48-19,256,256,256,10,48,19,10-48-19,MNK,14592,152,48,19,384,10,25312,89376,7296,1520,3840,7296,17304
256x256x256w10-40-22,256,256,256,10,40,22,10-40-22,MNK,14080,176,40,22,320,10,24000,90688,7040,1760,3200,7040,17304
256x256x256w10-40-23,256,256,256,10,40,23,10-40-23,MNK,14720,184,40,23,320,10,24800,89888,7360,1840,3200,7360,17304
256x256x256w9-64-14,256,256,256,9,64,14,9-64-14,M0K,14336,112,64,14,512,9,25568,89120,7168,1008,4608,7168,17328
256x256x256w9-72-14,256,256,256,9,72,14,9-72-14,MNK,16128,112,72,14,576,9,28512,86176,8064,1008,5184,8064,17328
256x256x256w21-48-9,256,256,256,21,48,9,21-48-9,MNK,6912,144,48,9,768,21,26064,88624,3456,1512,8064,3456,17400
256x256x256w17-16-31,256,256,256,17,16,31,17-16-31,M0K,7936,496,16,31,256,17,20720,93968,3968,4216,2176,3968,17424
256x256x256w17-16-30,256,256,256,17,16,30,17-16-30,M0K,7680,480,16,30,256,17,20192,94496,3840,4080,2176,3840,17424
256x256x256w29-24-12,256,256,256,29,24,12,29-24-12,MNK,4608,288,24,12,576,29,21312,93376,2304,2784,5568,2304,17424
256x256x256w31-24-12,256,256,256,31,24,12,31-24-12,MNK,4608,288,24,12,576,31,22464,92224,2304,2976,5952,2304,17424
256x256x256w17-48-11,256,256,256,17,48,11,17-48-11,MNK,8448,176,48,11,768,17,24496,90192,4224,1496,6528,4224,17424
256x256x256w17-16-29,256,256,256,17,16,29,17-16-29,M0K,7424,464,16,29,256,17,19664,95024,3712,3944,2176,3712,17424
256x256x256w30-24-12,256,256,256,30,24,12,30-24-12,MNK,4608,288,24,12,576,30,21888,92800,2304,2880,5760,2304,17424
256x256x256w25-40-9,256,256,256,25,40,9,25-40-9,MNK,5760,216,40,9,960,25,25360,89328,2880,1800,8000,2880,17458
256x256x256w23-16-22,256,256,256,23,16,22,23-16-22,M0K,5632,352,16,22,256,23,19616,95072,2816,4048,2944,2816,17472
256x256x256w23-16-23,256,256,256,23,16,23,23-16-23,M0K,5888,368,16,23,256,23,20240,94448,2944,4232,2944,2944,17472
256x256x256w19-48-10,256,256,256,19,48,10,19-48-10,MNK,7680,160,48,10,768,19,25312,89376,3840,1520,7296,3840,17472
256x256x256w23-8-44,256,256,256,23,8,44,23-8-44,M0K,5632,704,8,44,128,23,24768,89920,2816,8096,1472,2816,17472
256x256x256w22-40-10,256,256,256,22,40,10,22-40-10,MNK,6400,160,40,10,640,22,24000,90688,3200,1760,7040,3200,17472
256x256x256w23-32-11,256,256,256,23,32,11,23-32-11,M0K,5632,176,32,11,512,23,21456,93232,2816,2024,5888,2816,17472
256x256x256w20-40-11,256,256,256,20,40,11,20-40-11,MNK,7040,176,40,11,640,20,23360,91328,3520,1760,6400,3520,17472
256x256x256w23-8-43,256,256,256,23,8,43,23-8-43,M0K,5504,688,8,43,128,23,24272,90416,2752,7912,1472,2752,17472
256x256x256w15-8-67,256,256,256,15,8,67,15-8-67,M0K,8576,536,8,67,64,15,26576,88112,4288,8040,960,4288,17536
256x256x256w15-16-32,256,256,256,15,16,32,15-16-32,M00,8192,256,16,32,128,15,19712,94976,4096,3840,1920,4096,17536
256x256x256w15-64-8,256,256,256,15,64,8,15-64-8,M00,8192,64,64,8,512,15,25472,89216,4096,960,7680,4096,17536
256x256x256w15-32-16,256,256,256,15,32,16,15-32-16,M00,8192,128,32,16,256,15,19712,94976,4096,1920,3840,4096,17536
256x256x256w15-16-34,256,256,256,15,16,34,15-16-34,M0K,8704,272,16,34,128,15,20704,93984,4352,4080,1920,4352,17536
256x256x256w15-8-66,256,256,256,15,8,66,15-8-66,M0K,8448,528,8,66,64,15,26208,88480,4224,7920,960,4224,17536
256x256x256w15-8-68,256,256,256,15,8,68,15-8-68,M0K,8704,544,8,68,64,15,26944,87744,4352,8160,960,4352,17536
256x256x256w15-8-65,256,256,256,15,8,65,15-8-65,M0K,8320,520,8,65,64,15,25840,88848,4160,7800,960,4160,17536
256x256x256w15-16-36,256,256,256,15,16,36,15-16-36,M0K,9216,288,16,36,128,15,21696,92992,4608,4320,1920,4608,17536
256x256x256w15-16-33,256,256,256,15,16,33,15-16-33,M0K,8448,264,16,33,128,15,20208,94480,4224,3960,1920,4224,17536
256x256x256w15-16-35,256,256,256,15,16,35,15-16-35,M0K,8960,280,16,35,128,15,21200,93488,4480,4200,1920,4480,17536
256x256x256w15-8-64,256,256,256,15,8,64,15-8-64,M00,8192,512,8,64,64,15,25472,89216,4096,7680,960,4096,17536
256x256x256w17-56-9,256,256,256,17,56,9,17-56-9,MNK,8064,144,56,9,896,17,25744,88944,4032,1224,7616,4032,17545
256x256x256w9-24-38,256,256,256,9,24,38,9-24-38,MNK,14592,304,24,38,192,9,23520,91168,7296,2736,1728,7296,17556
256x256x256w9-24-41,256,256,256,9,24,41,9-24-41,MNK,15744,328,24,41,192,9,25104,89584,7872,2952,1728,7872,17556
256x256x256w9-24-40,256,256,256,9,24,40,9-24-40,MNK,15360,320,24,40,192,9,24576,90112,7680,2880,1728,7680,17556
256x256x256w9-24-42,256,256,256,9,24,42,9-24-42,MNK,16128,336,24,42,192,9,25632,89056,8064,3024,1728,8064,17556
256x256x256w9-24-39,256,256,256,9,24,39,9-24-39,MNK,14976,312,24,39,192,9,24048,90640,7488,2808,1728,7488,17556
256x256x256w9-24-37,256,256,256,9,24,37,9-24-37,MNK,14208,296,24,37,192,9,22992,91696,7104,2664,1728,7104,17556
256x256x256w9-40-25,256,256,256,9,40,25,9-40-25,MNK,16000,200,40,25,320,9,25360,89328,8000,1800,2880,8000,17556
256x256x256w9-40-24,256,256,256,9,40,24,9-40-24,MNK,15360,192,40,24,320,9,24576,90112,7680,1728,2880,7680,17556
256x256x256w21-24-16,256,256,256,21,24,16,21-24-16,MN0,6144,256,24,16,384,21,19584,95104,3072,2688,4032,3072,17600
256x256x256w13-56-12,256,256,256,13,56,12,13-56-12,MNK,10752,96,56,12,448,13,24896,89792,5376,1248,5824,5376,17600
256x256x256w13-24-27,256,256,256,13,24,27,13-24-27,MNK,10368,216,24,27,192,13,20976,93712,5184,2808,2496,5184,17600
256x256x256w13-24-28,256,256,256,13,24,28,13-24-28,MNK,10752,224,24,28,192,13,21568,93120,5376,2912,2496,5376,17600
256x256x256w26-24-13,256,256,256,26,24,13,26-24-13,MNK,4992,312,24,13,576,26,20384,94304,2496,2704,4992,2496,17600
256x256x256w13-24-26,256,256,256,13,24,26,13-24-26,MNK,9984,208,24,26,192,13,20384,94304,4992,2704,2496,4992,17600
256x256x256w27-24-13,256,256,256,27,24,13,27-24-13,MNK,4992,312,24,13,576,27,20976,93712,2496,2808,5184,2496,17600
256x256x256w21-16-24,256,256,256,21,16,24,21-16-24,M0K,6144,384,16,24,256,21,19584,95104,3072,4032,2688,3072,17600
256x256x256w21-32-12,256,256,256,21,32,12,21-32-12,M0K,6144,192,32,12,512,21,20928,93760,3072,2016,5376,3072,17600
256x256x256w85-8-12,256,256,256,85,8,12,85-8-12,M0K,1536,960,8,12,640,85,28736,85952,768,8160,5440,768,17600
256x256x256w21-16-25,256,256,256,21,16,25,21-16-25,M0K,6400,400,16,25,256,21,20176,94512,3200,4200,2688,3200,17600
256x256x256w18-32-14,256,256,256,18,32,14,18-32-14,M0K,7168,224,32,14,512,18,20416,94272,3584,2016,4608,3584,17632
256x256x256w28-32-9,256,256,256,28,32,9,28-32-9,M0K,4608,216,32,9,768,28,22976,91712,2304,2016,7168,2304,17632
256x256x256w50-16-11,256,256,256,50,16,11,50-16-11,M0K,2816,528,16,11,768,50,24416,90272,1408,4400,6400,1408,17664
256x256x256w14-48-13,256,256,256,14,48,13,14-48-13,MNK,9984,104,48,13,384,14,23648,91040,4992,1456,5376,4992,17760
256x256x256w14-56-11,256,256,256,14,56,11,14-56-11,MNK,9856,88,56,11,448,14,24864,89824,4928,1232,6272,4928,17760
256x256x256w14-32-18,256,256,256,14,32,18,14-32-18,M0K,9216,144,32,18,256,14,20416,94272,4608,2016,3584,4608,17760
256x256x256w11-56-14,256,256,256,11,56,14,11-56-14,MNK,12544,112,56,14,448,11,24864,89824,6272,1232,4928,6272,17765
256x256x256w9-88-10,256,256,256,9,88,10,9-88-10,MNK,14080,80,88,10,704,9,28192,86496,7040,720,6336,7040,17784
256x256x256w9-48-21,256,256,256,9,48,21,9-48-21,MNK,16128,168,48,21,384,9,26064,88624,8064,1512,3456,8064,17784
256x256x256w9-96-10,256,256,256,9,96,10,9-96-10,MNK,15360,80,96,10,768,9,30624,84064,7680,720,6912,7680,17784
256x256x256w9-48-20,256,256,256,9,48,20,9-48-20,MNK,15360,160,48,20,384,9,25152,89536,7680,1440,3456,7680,17784
256x256x256w15-56-10,256,256,256,15,56,10,15-56-10,MNK,8960,80,56,10,448,15,24800,89888,4480,1200,6720,4480,17810
256x256x256w24-40-9,256,256,256,24,40,9,24-40-9,MNK,5760,216,40,9,960,24,24576,90112,2880,1728,7680,2880,17864
256x256x256w18-40-12,256,256,256,18,40,12,18-40-12,MNK,7680,192,40,12,640,18,22656,92032,3840,1728,5760,3840,17864
256x256x256w38-24-9,256,256,256,38,24,9,38-24-9,MNK,3456,288,24,9,768,38,23520,91168,1728,2736,7296,1728,17864
256x256x256w40-24-9,256,256,256,40,24,9,40-24-9,MNK,3456,360,24,9,960,40,24576,90112,1728,2880,7680,1728,17864
256x256x256w41-24-9,256,256,256,41,24,9,41-24-9,MNK,3456,360,24,9,960,41,25104,89584,1728,2952,7872,1728,17864
256x256x256w37-24-9,256,256,256,37,24,9,37-24-9,MNK,3456,288,24,9,768,37,22992,91696,1728,2664,7104,1728,17864
256x256x256w18-24-19,256,256,256,18,24,19,18-24-19,MNK,7296,304,24,19,384,18,19680,95008,3648,2736,3456,3648,17864
256x256x256w39-24-9,256,256,256,39,24,9,39-24-9,MNK,3456,288,24,9,768,39,24048,90640,1728,2808,7488,1728,17864
256x256x256w12-32-21,256,256,256,12,32,21,12-32-21,M0K,10752,168,32,21,256,12,20928,93760,5376,2016,3072,5376,17888
256x256x256w25-16-20,256,256,256,25,16,20,25-16-20,M0K,5120,480,16,20,384,25,19520,95168,2560,4000,3200,2560,17888
256x256x256w12-32-20,256,256,256,12,32,20,12-32-20,M0K,10240,160,32,20,256,12,20224,94464,5120,1920,3072,5120,17888
256x256x256w12-80-10,256,256,256,12,80,10,12-80-10,MNK,12800,80,80,10,640,12,30080,84608,6400,960,7680,6400,17888
256x256x256w12-64-10,256,256,256,12,64,10,12-64-10,M0K,10240,80,64,10,512,12,24448,90240,5120,960,6144,5120,17888
256x256x256w25-32-10,256,256,256,25,32,10,25-32-10,M0K,5120,240,32,10,768,25,21920,92768,2560,2000,6400,2560,17888
256x256x256w12-72-10,256,256,256,12,72,10,12-72-10,MNK,11520,80,72,10,576,12,27264,87424,5760,960,6912,5760,17888
256x256x256w25-16-21,256,256,256,25,16,21,25-16-21,M0K,5376,504,16,21,384,25,20176,94512,2688,4200,3200,2688,17888
256x256x256w14-24-25,256,256,256,14,24,25,14-24-25,MNK,9600,200,24,25,192,14,20576,94112,4800,2800,2688,4800,17908
256x256x256w14-24-24,256,256,256,14,24,24,14-24-24,MNK,9216,192,24,24,192,14,19968,94720,4608,2688,2688,4608,17908
256x256x256w27-8-37,256,256,256,27,8,37,27-8-37,M0K,4736,888,8,37,192,27,24176,90512,2368,7992,1728,2368,17920
256x256x256w19-32-13,256,256,256,19,32,13,19-32-13,M0K,6656,208,32,13,512,19,20336,94352,3328,1976,4864,3328,17920
256x256x256w53-8-19,256,256,256,53,8,19,53-8-19,M0K,2432,912,8,19,384,53,25328,89360,1216,8056,3392,1216,17920
256x256x256w26-8-39,256,256,256,26,8,39,26-8-39,M0K,4992,936,8,39,192,26,24544,90144,2496,8112,1664,2496,17920
256x256x256w26-8-38,256,256,256,26,8,38,26-8-38,M0K,4864,912,8,38,192,26,24000,90688,2432,7904,1664,2432,17920
256x256x256w13-16-39,256,256,256,13,16,39,13-16-39,M0K,9984,312,16,39,128,13,21424,93264,4992,4056,1664,4992,17920
256x256x256w19-16-28,256,256,256,19,16,28,19-16-28,M0K,7168,448,16,28,256,19,20544,94144,3584,4256,2432,3584,17920
256x256x256w26-8-37,256,256,256,26,8,37,26-8-37,M0K,4736,888,8,37,192,26,23456,91232,2368,7696,1664,2368,17920
256x256x256w13-16-40,256,256,256,13,16,40,13-16-40,M0K,10240,320,16,40,128,13,21888,92800,5120,4160,1664,5120,17920
256x256x256w41-16-13,256,256,256,41,16,13,41-16-13,M0K,3328,520,16,13,640,41,22352,92336,1664,4264,5248,1664,17920
256x256x256w16-40-13,256,256,256,16,40,13,16-40-13,0NK,8320,208,40,13,640,16,21888,92800,4160,1664,5120,4160,17920
256x256x256w38-8-26,256,256,256,38,8,26,38-8-26,M0K,3328,832,8,26,256,38,24000,90688,1664,7904,2432,1664,17920
256x256x256w13-32-19,256,256,256,13,32,19,13-32-19,M0K,9728,152,32,19,256,13,20336,94352,4864,1976,3328,4864,17920
256x256x256w19-16-27,256,256,256,19,16,27,19-16-27,M0K,6912,432,16,27,256,19,19984,94704,3456,4104,2432,3456,17920
256x256x256w37-8-26,256,256,256,37,8,26,37-8-26,M0K,3328,832,8,26,256,37,23456,91232,1664,7696,2368,1664,17920
256x256x256w40-16-13,256,256,256,40,16,13,40-16-13,M0K,3328,520,16,13,640,40,21888,92800,1664,4160,5120,1664,17920
256x256x256w52-8-19,256,256,256,52,8,19,52-8-19,M0K,2432,912,8,19,384,52,24896,89792,1216,7904,3328,1216,17920
256x256x256w13-16-38,256,256,256,13,16,38,13-16-38,M0K,9728,304,16,38,128,13,20960,93728,4864,3952,1664,4864,17920
256x256x256w13-16-41,256,256,256,13,16,41,13-16-41,M0K,10496,328,16,41,128,13,22352,92336,5248,4264,1664,5248,17920
256x256x256w26-16-19,256,256,256,26,16,19,26-16-19,M0K,4864,456,16,19,384,26,19424,95264,2432,3952,3328,2432,17920
256x256x256w39-16-13,256,256,256,39,16,13,39-16-13,M0K,3328,416,16,13,512,39,21424,93264,1664,4056,4992,1664,17920
256x256x256w38-16-13,256,256,256,38,16,13,38-16-13,M0K,3328,416,16,13,512,38,20960,93728,1664,3952,4864,1664,17920
256x256x256w37-16-13,256,256,256,37,16,13,37-16-13,M0K,3328,416,16,13,512,37,20496,94192,1664,3848,4736,1664,17920
256x256x256w13-16-37,256,256,256,13,16,37,13-16-37,M0K,9472,296,16,37,128,13,20496,94192,4736,3848,1664,4736,17920
256x256x256w39-8-26,256,256,256,39,8,26,39-8-26,M0K,3328,832,8,26,256,39,24544,90144,1664,8112,2496,1664,17920
256x256x256w13-16-42,256,256,256,13,16,42,13-16-42,M0K,10752,336,16,42,128,13,22816,91872,5376,4368,1664,5376,17920
256x256x256w19-16-26,256,256,256,19,16,26,19-16-26,M0K,6656,416,16,26,256,19,19424,95264,3328,3952,2432,3328,17920
256x256x256w37-8-27,256,256,256,37,8,27,37-8-27,M0K,3456,864,8,27,256,37,24176,90512,1728,7992,2368,1728,17920
256x256x256w27-16-19,256,256,256,27,16,19,27-16-19,M0K,4864,456,16,19,384,27,19984,94704,2432,4104,3456,2432,17920
256x256x256w19-8-53,256,256,256,19,8,53,19-8-53,M0K,6784,848,8,53,128,19,25328,89360,3392,8056,1216,3392,17920
256x256x256w19-8-52,256,256,256,19,8,52,19-8-52,M0K,6656,832,8,52,128,19,24896,89792,3328,7904,1216,3328,17920
256x256x256w13-40-16,256,256,256,13,40,16,13-40-16,MN0,10240,128,40,16,320,13,21888,92800,5120,1664,4160,5120,17920
256x256x256w10-96-9,256,256,256,10,96,9,10-96-9,MNK,13824,72,96,9,768,10,30624,84064,6912,720,7680,6912,17922
256x256x256w10-88-9,256,256,256,10,88,9,10-88-9,MNK,12672,72,88,9,704,10,28192,86496,6336,720,7040,6336,17922
256x256x256w11-48-16,256,256,256,11,48,16,11-48-16,MN0,12288,128,48,16,384,11,23552,91136,6144,1408,4224,6144,17952
256x256x256w11-8-90,256,256,256,11,8,90,11-8-90,M0K,11520,720,8,90,64,11,28768,85920,5760,7920,704,5760,17952
256x256x256w11-32-23,256,256,256,11,32,23,11-32-23,M0K,11776,184,32,23,256,11,21456,93232,5888,2024,2816,5888,17952
256x256x256w11-16-48,256,256,256,11,16,48,11-16-48,M0K,12288,384,16,48,128,11,23552,91136,6144,4224,1408,6144,17952
256x256x256w11-8-89,256,256,256,11,8,89,11-8-89,M0K,11392,712,8,89,64,11,28464,86224,5696,7832,704,5696,17952
256x256x256w11-32-22,256,256,256,11,32,22,11-32-22,M0K,11264,176,32,22,256,11,20768,93920,5632,1936,2816,5632,17952
256x256x256w11-16-43,256,256,256,11,16,43,11-16-43,M0K,11008,344,16,43,128,11,21392,93296,5504,3784,1408,5504,17952
256x256x256w11-8-91,256,256,256,11,8,91,11-8-91,M0K,11648,728,8,91,64,11,29072,85616,5824,8008,704,5824,17952
256x256x256w11-8-86,256,256,256,11,8,86,11-8-86,M0K,11008,688,8,86,64,11,27552,87136,5504,7568,704,5504,17952
256x256x256w11-64-11,256,256,256,11,64,11,11-64-11,M0K,11264,88,64,11,512,11,24464,90224,5632,968,5632,5632,17952
256x256x256w11-16-44,256,256,256,11,16,44,11-16-44,M0K,11264,352,16,44,128,11,21824,92864,5632,3872,1408,5632,17952
256x256x256w11-16-47,256,256,256,11,16,47,11-16-47,M0K,12032,376,16,47,128,11,23120,91568,6016,4136,1408,6016,17952
256x256x256w11-8-93,256,256,256,11,8,93,11-8-93,M0K,11904,744,8,93,64,11,29680,85008,5952,8184,704,5952,17952
256x256x256w11-16-50,256,256,256,11,16,50,11-16-50,M0K,12800,400,16,50,128,11,24416,90272,6400,4400,1408,6400,17952
256x256x256w11-80-11,256,256,256,11,80,11,11-80-11,MNK,14080,88,80,11,640,11,30096,84592,7040,968,7040,7040,17952
256x256x256w11-72-11,256,256,256,11,72,11,11-72-11,MNK,12672,88,72,11,576,11,27280,87408,6336,968,6336,6336,17952
256x256x256w11-8-88,256,256,256,11,8,88,11-8-88,M0K,11264,704,8,88,64,11,28160,86528,5632,7744,704,5632,17952
256x256x256w11-8-92,256,256,256,11,8,92,11-8-92,M0K,11776,736,8,92,64,11,29376,85312,5888,8096,704,5888,17952
256x256x256w11-88-8,256,256,256,11,88,8,11-88-8,MN0,11264,64,88,8,704,11,28160,86528,5632,704,7744,5632,17952
256x256x256w11-16-49,256,256,256,11,16,49,11-16-49,M0K,12544,392,16,49,128,11,23984,90704,6272,4312,1408,6272,17952
256x256x256w11-16-46,256,256,256,11,16,46,11-16-46,M0K,11776,368,16,46,128,11,22688,92000,5888,4048,1408,5888,17952
256x256x256w11-16-45,256,256,256,11,16,45,11-16-45,M0K,11520,360,16,45,128,11,22256,92432,5760,3960,1408,5760,17952
256x256x256w11-8-87,256,256,256,11,8,87,11-8-87,M0K,11136,696,8,87,64,11,27856,86832,5568,7656,704,5568,17952
256x256x256w25-24-14,256,256,256,25,24,14,25-24-14,MNK,5376,336,24,14,576,25,20576,94112,2688,2800,4800,2688,17974
256x256x256w12-40-18,256,256,256,12,40,18,12-40-18,MNK,11520,144,40,18,320,12,22656,92032,5760,1728,3840,5760,18060
256x256x256w15-24-23,256,256,256,15,24,23,15-24-23,MNK,8832,184,24,23,192,15,20112,94576,4416,2760,2880,4416,18084
256x256x256w15-24-22,256,256,256,15,24,22,15-24-22,MNK,8448,176,24,22,192,15,19488,95200,4224,2640,2880,4224,18084
256x256x256w15-48-12,256,256,256,15,48,12,15-48-12,MNK,9216,96,48,12,384,15,23616,91072,4608,1440,5760,4608,18084
256x256x256w20-48-9,256,256,256,20,48,9,20-48-9,MNK,6912,144,48,9,768,20,25152,89536,3456,1440,7680,3456,18096
256x256x256w18-48-10,256,256,256,18,48,10,18-48-10,MNK,7680,160,48,10,768,18,24384,90304,3840,1440,6912,3840,18096
256x256x256w10-80-12,256,256,256,10,80,12,10-80-12,MNK,15360,96,80,12,640,10,30080,84608,7680,960,6400,7680,18128
256x256x256w10-24-32,256,256,256,10,24,32,10-24-32,MN0,12288,256,24,32,192,10,21248,93440,6144,2560,1920,6144,18128
256x256x256w10-24-34,256,256,256,10,24,34,10-24-34,MNK,13056,272,24,34,192,10,22336,92352,6528,2720,1920,6528,18128
256x256x256w10-24-35,256,256,256,10,24,35,10-24-35,MNK,13440,280,24,35,192,10,22880,91808,6720,2800,1920,6720,18128
256x256x256w10-24-33,256,256,256,10,24,33,10-24-33,MNK,12672,264,24,33,192,10,21792,92896,6336,2640,1920,6336,18128
256x256x256w10-64-12,256,256,256,10,64,12,10-64-12,M0K,12288,96,64,12,512,10,24448,90240,6144,960,5120,6144,18128
256x256x256w10-24-36,256,256,256,10,24,36,10-24-36,MNK,13824,288,24,36,192,10,23424,91264,6912,2880,1920,6912,18128
256x256x256w10-32-25,256,256,256,10,32,25,10-32-25,M0K,12800,200,32,25,256,10,21920,92768,6400,2000,2560,6400,18128
256x256x256w10-72-12,256,256,256,10,72,12,10-72-12,MNK,13824,96,72,12,576,10,27264,87424,6912,960,5760,6912,18128
256x256x256w10-32-24,256,256,256,10,32,24,10-32-24,M0K,12288,192,32,24,256,10,21248,93440,6144,1920,2560,6144,18128
256x256x256w21-40-10,256,256,256,21,40,10,21-40-10,MNK,6400,160,40,10,640,21,23200,91488,3200,1680,6720,3200,18200
256x256x256w15-40-14,256,256,256,15,40,14,15-40-14,MNK,8960,112,40,14,320,15,21920,92768,4480,1680,4800,4480,18221
256x256x256w9-32-27,256,256,256,9,32,27,9-32-27,M0K,13824,216,32,27,256,9,22320,92368,6912,1944,2304,6912,18240
256x256x256w9-64-13,256,256,256,9,64,13,9-64-13,M0K,13312,104,64,13,512,9,24400,90288,6656,936,4608,6656,18240
256x256x256w9-16-60,256,256,256,9,16,60,9-16-60,M0K,15360,480,16,60,128,9,26304,88384,7680,4320,1152,7680,18240
256x256x256w13-48-14,256,256,256,13,48,14,13-48-14,MNK,10752,112,48,14,384,13,23648,91040,5376,1456,4992,5376,18240
256x256x256w36-16-14,256,256,256,36,16,14,36-16-14,M0K,3584,448,16,14,512,36,20864,93824,1792,4032,4608,1792,18240
256x256x256w9-32-28,256,256,256,9,32,28,9-32-28,M0K,14336,224,32,28,256,9,22976,91712,7168,2016,2304,7168,18240
256x256x256w9-16-63,256,256,256,9,16,63,9-16-63,M0K,16128,504,16,63,128,9,27504,87184,8064,4536,1152,8064,18240
256x256x256w9-32-26,256,256,256,9,32,26,9-32-26,M0K,13312,208,32,26,256,9,21664,93024,6656,1872,2304,6656,18240
256x256x256w9-16-58,256,256,256,9,16,58,9-16-58,M0K,14848,464,16,58,128,9,25504,89184,7424,4176,1152,7424,18240
256x256x256w9-16-55,256,256,256,9,16,55,9-16-55,M0K,14080,440,16,55,128,9,24304,90384,7040,3960,1152,7040,18240
256x256x256w9-16-52,256,256,256,9,16,52,9-16-52,M0K,13312,416,16,52,128,9,23104,91584,6656,3744,1152,6656,18240
256x256x256w9-56-16,256,256,256,9,56,16,9-56-16,MN0,14336,128,56,16,448,9,24704,89984,7168,1152,4032,7168,18240
256x256x256w9-16-54,256,256,256,9,16,54,9-16-54,M0K,13824,432,16,54,128,9,23904,90784,6912,3888,1152,6912,18240
256x256x256w9-16-59,256,256,256,9,16,59,9-16-59,M0K,15104,472,16,59,128,9,25904,88784,7552,4248,1152,7552,18240
256x256x256w9-72-13,256,256,256,9,72,13,9-72-13,MNK,14976,104,72,13,576,9,27216,87472,7488,936,5184,7488,18240
256x256x256w9-16-56,256,256,256,9,16,56,9-16-56,M0K,14336,448,16,56,128,9,24704,89984,7168,4032,1152,7168,18240
256x256x256w9-16-62,256,256,256,9,16,62,9-16-62,M0K,15872,496,16,62,128,9,27104,87584,7936,4464,1152,7936,18240
256x256x256w9-16-61,256,256,256,9,16,61,9-16-61,M0K,15616,488,16,61,128,9,26704,87984,7808,4392,1152,7808,18240
256x256x256w9-16-53,256,256,256,9,16,53,9-16-53,M0K,13568,424,16,53,128,9,23504,91184,6784,3816,1152,6784,18240
256x256x256w9-16-57,256,256,256,9,16,57,9-16-57,M0K,14592,456,16,57,128,9,25104,89584,7296,4104,1152,7296,18240
256x256x256w28-16-18,256,256,256,28,16,18,28-16-18,M0K,4608,432,16,18,384,28,19840,94848,2304,4032,3584,2304,18240
256x256x256w34-24-10,256,256,256,34,24,10,34-24-10,MNK,3840,320,24,10,768,34,22336,92352,1920,2720,6528,1920,18304
256x256x256w20-24-16,256,256,256,20,24,16,20-24-16,MN0,6144,256,24,16,384,20,18944,95744,3072,2560,3840,3072,18304
256x256x256w35-24-10,256,256,256,35,24,10,35-24-10,MNK,3840,320,24,10,768,35,22880,91808,1920,2800,6720,1920,18304
256x256x256w42-8-24,256,256,256,42,8,24,42-8-24,M0K,3072,960,8,24,320,42,24576,90112,1536,8064,2688,1536,18304
256x256x256w20-16-25,256,256,256,20,16,25,20-16-25,M0K,6400,400,16,25,256,20,19520,95168,3200,4000,2560,3200,18304
256x256x256w42-24-8,256,256,256,42,24,8,42-24-8,MN0,3072,320,24,8,960,42,24576,90112,1536,2688,8064,1536,18304
256x256x256w42-16-12,256,256,256,42,16,12,42-16-12,M0K,3072,480,16,12,640,42,21888,92800,1536,4032,5376,1536,18304
256x256x256w20-32-12,256,256,256,20,32,12,20-32-12,M0K,6144,192,32,12,512,20,20224,94464,3072,1920,5120,3072,18304
256x256x256w24-32-10,256,256,256,24,32,10,24-32-10,M0K,5120,240,32,10,768,24,21248,93440,2560,1920,6144,2560,18304
256x256x256w24-16-21,256,256,256,24,16,21,24-16-21,M0K,5376,504,16,21,384,24,19584,95104,2688,4032,3072,2688,18304
256x256x256w33-24-10,256,256,256,33,24,10,33-24-10,MNK,3840,320,24,10,768,33,21792,92896,1920,2640,6336,1920,18304
256x256x256w20-16-24,256,256,256,20,16,24,20-16-24,M0K,6144,384,16,24,256,20,18944,95744,3072,3840,2560,3072,18304
256x256x256w24-16-20,256,256,256,24,16,20,24-16-20,M0K,5120,480,16,20,384,24,18944,95744,2560,3840,3072,2560,18304
256x256x256w32-24-10,256,256,256,32,24,10,32-24-10,0NK,3840,320,24,10,768,32,21248,93440,1920,2560,6144,1920,18304
256x256x256w16-24-20,256,256,256,16,24,20,16-24-20,0NK,7680,320,24,20,384,16,18944,95744,3840,2560,3072,3840,18304
256x256x256w16-24-21,256,256,256,16,24,21,16-24-21,0NK,8064,336,24,21,384,16,19584,95104,4032,2688,3072,4032,18304
256x256x256w11-40-19,256,256,256,11,40,19,11-40-19,MNK,12160,152,40,19,320,11,22544,92144,6080,1672,3520,6080,18326
256x256x256w51-8-19,256,256,256,51,8,19,51-8-19,M0K,2432,912,8,19,384,51,24464,90224,1216,7752,3264,1216,18368
256x256x256w24-24-14,256,256,256,24,24,14,24-24-14,MNK,5376,336,24,14,576,24,19968,94720,2688,2688,4608,2688,18392
256x256x256w17-32-14,256,256,256,17,32,14,17-32-14,M0K,7168,224,32,14,512,17,19680,95008,3584,1904,4352,3584,18392
256x256x256w28-24-12,256,256,256,28,24,12,28-24-12,MNK,4608,288,24,12,576,28,20736,93952,2304,2688,5376,2304,18392
256x256x256w44-8-23,256,256,256,44,8,23,44-8-23,M0K,2944,920,8,23,320,44,24768,89920,1472,8096,2816,1472,18432
256x256x256w44-16-11,256,256,256,44,16,11,44-16-11,M0K,2816,440,16,11,640,44,21824,92864,1408,3872,5632,1408,18432
256x256x256w8-32-31,256,256,256,8,32,31,8-32-31,00K,15872,248,32,31,256,8,23936,90752,7936,1984,2048,7936,18432
256x256x256w48-16-11,256,256,256,48,16,11,48-16-11,M0K,2816,528,16,11,768,48,23552,91136,1408,4224,6144,1408,18432
256x256x256w93-8-11,256,256,256,93,8,11,93-8-11,M0K,1408,968,8,11,704,93,29680,85008,704,8184,5952,704,18432
256x256x256w8-88-11,256,256,256,8,88,11,8-88-11,0NK,15488,88,88,11,704,8,28160,86528,7744,704,5632,7744,18432
256x256x256w30-32-8,256,256,256,30,32,8,30-32-8,M00,4096,192,32,8,768,30,23296,91392,2048,1920,7680,2048,18432
256x256x256w31-16-16,256,256,256,31,16,16,31-16-16,M00,4096,384,16,16,384,31,19968,94720,2048,3968,3968,2048,18432
256x256x256w31-32-8,256,256,256,31,32,8,31-32-8,M00,4096,192,32,8,768,31,23936,90752,2048,1984,7936,2048,18432
256x256x256w29-8-34,256,256,256,29,8,34,29-8-34,M0K,4352,816,8,34,192,29,23840,90848,2176,7888,1856,2176,18432
256x256x256w31-8-33,256,256,256,31,8,33,31-8-33,M0K,4224,792,8,33,192,31,24560,90128,2112,8184,1984,2112,18432
256x256x256w29-16-16,256,256,256,29,16,16,29-16-16,M00,4096,384,16,16,384,29,18944,95744,2048,3712,3712,2048,18432
256x256x256w30-8-34,256,256,256,30,8,34,30-8-34,M0K,4352,816,8,34,192,30,24512,90176,2176,8160,1920,2176,18432
256x256x256w46-8-22,256,256,256,46,8,22,46-8-22,M0K,2816,880,8,22,320,46,24896,89792,1408,8096,2944,1408,18432
256x256x256w34-8-29,256,256,256,34,8,29,34-8-29,M0K,3712,928,8,29,256,34,23840,90848,1856,7888,2176,1856,18432
256x256x256w22-16-22,256,256,256,22,16,22,22-16-22,M0K,5632,352,16,22,256,22,19008,95680,2816,3872,2816,2816,18432
256x256x256w22-8-46,256,256,256,22,8,46,22-8-46,M0K,5888,736,8,46,128,22,24896,89792,2944,8096,1408,2944,18432
256x256x256w86-8-11,256,256,256,86,8,11,86-8-11,M0K,1408,880,8,11,640,86,27552,87136,704,7568,5504,704,18432
256x256x256w49-16-11,256,256,256,49,16,11,49-16-11,M0K,2816,528,16,11,768,49,23984,90704,1408,4312,6272,1408,18432
256x256x256w90-8-11,256,256,256,90,8,11,90-8-11,M0K,1408,968,8,11,704,90,28768,85920,704,7920,5760,704,18432
256x256x256w30-16-16,256,256,256,30,16,16,30-16-16,M00,4096,384,16,16,384,30,19456,95232,2048,3840,3840,2048,18432
256x256x256w46-16-11,256,256,256,46,16,11,46-16-11,M0K,2816,440,16,11,640,46,22688,92000,1408,4048,5888,1408,18432
256x256x256w63-16-8,256,256,256,63,16,8,63-16-8,M00,2048,448,16,8,896,63,26240,88448,1024,4032,8064,1024,18432
256x256x256w30-8-33,256,256,256,30,8,33,30-8-33,M0K,4224,792,8,33,192,30,23904,90784,2112,7920,1920,2112,18432
256x256x256w33-8-30,256,256,256,33,8,30,33-8-30,M0K,3840,960,8,30,256,33,23904,90784,1920,7920,2112,1920,18432
256x256x256w8-32-30,256,256,256,8,32,30,8-32-30,00K,15360,240,32,30,256,8,23296,91392,7680,1920,2048,7680,18432
256x256x256w32-8-29,256,256,256,32,8,29,32-8-29,00K,3712,928,8,29,256,32,22656,92032,1856,7424,2048,1856,18432
256x256x256w91-8-11,256,256,256,91,8,11,91-8-11,M0K,1408,968,8,11,704,91,29072,85616,704,8008,5824,704,18432
256x256x256w32-8-31,256,256,256,32,8,31,32-8-31,00K,3968,992,8,31,256,32,23936,90752,1984,7936,2048,1984,18432
256x256x256w16-16-30,256,256,256,16,16,30,16-16-30,00K,7680,480,16,30,256,16,19456,95232,3840,3840,2048,3840,18432
256x256x256w29-8-35,256,256,256,29,8,35,29-8-35,M0K,4480,840,8,35,192,29,24432,90256,2240,8120,1856,2240,18432
256x256x256w29-8-32,256,256,256,29,8,32,29-8-32,M00,4096,768,8,32,192,29,22656,92032,2048,7424,1856,2048,18432
256x256x256w22-16-23,256,256,256,22,16,23,22-16-23,M0K,5888,368,16,23,256,22,19616,95072,2944,4048,2816,2944,18432
256x256x256w45-8-22,256,256,256,45,8,22,45-8-22,M0K,2816,880,8,22,320,45,24416,90272,1408,7920,2880,1408,18432
256x256x256w35-8-29,256,256,256,35,8,29,35-8-29,M0K,3712,928,8,29,256,35,24432,90256,1856,8120,2240,1856,18432
256x256x256w22-8-44,256,256,256,22,8,44,22-8-44,M0K,5632,704,8,44,128,22,23936,90752,2816,7744,1408,2816,18432
256x256x256w16-16-29,256,256,256,16,16,29,16-16-29,00K,7424,464,16,29,256,16,18944,95744,3712,3712,2048,3712,18432
256x256x256w34-8-30,256,256,256,34,8,30,34-8-30,M0K,3840,960,8,30,256,34,24512,90176,1920,8160,2176,1920,18432
256x256x256w63-8-16,256,256,256,63,8,16,63-8-16,M00,2048,896,8,16,448,63,26240,88448,1024,8064,4032,1024,18432
256x256x256w92-8-11,256,256,256,92,8,11,92-8-11,M0K,1408,968,8,11,704,92,29376,85312,704,8096,5888,704,18432
256x256x256w33-8-31,256,256,256,33,8,31,33-8-31,M0K,3968,992,8,31,256,33,24560,90128,1984,8184,2112,1984,18432
256x256x256w43-8-23,256,256,256,43,8,23,43-8-23,M0K,2944,920,8,23,320,43,24272,90416,1472,7912,2752,1472,18432
256x256x256w89-8-11,256,256,256,89,8,11,89-8-11,M0K,1408,968,8,11,704,89,28464,86224,704,7832,5696,704,18432
256x256x256w22-8-45,256,256,256,22,8,45,22-8-45,M0K,5760,720,8,45,128,22,24416,90272,2880,7920,1408,2880,18432
256x256x256w47-16-11,256,256,256,47,16,11,47-16-11,M0K,2816,440,16,11,640,47,23120,91568,1408,4136,6016,1408,18432
256x256x256w88-8-11,256,256,256,88,8,11,88-8-11,M0K,1408,968,8,11,704,88,28160,86528,704,7744,5632,704,18432
256x256x256w29-32-8,256,256,256,29,32,8,29-32-8,M00,4096,192,32,8,768,29,22656,92032,2048,1856,7424,2048,18432
256x256x256w44-8-22,256,256,256,44,8,22,44-8-22,M0K,2816,880,8,22,320,44,23936,90752,1408,7744,2816,1408,18432
256x256x256w16-16-31,256,256,256,16,16,31,16-16-31,00K,7936,496,16,31,256,16,19968,94720,3968,3968,2048,3968,18432
256x256x256w45-16-11,256,256,256,45,16,11,45-16-11,M0K,2816,440,16,11,640,45,22256,92432,1408,3960,5760,1408,18432
256x256x256w87-8-11,256,256,256,87,8,11,87-8-11,M0K,1408,880,8,11,640,87,27856,86832,704,7656,5568,704,18432
256x256x256w43-8-22,256,256,256,43,8,22,43-8-22,M0K,2816,880,8,22,320,43,23456,91232,1408,7568,2752,1408,18432
256x256x256w32-8-30,256,256,256,32,8,30,32-8-30,00K,3840,960,8,30,256,32,23296,91392,1920,7680,2048,1920,18432
256x256x256w31-8-32,256,256,256,31,8,32,31-8-32,M00,4096,768,8,32,192,31,23936,90752,2048,7936,1984,2048,18432
256x256x256w127-8-8,256,256,256,127,8,8,127-8-8,M00,1024,960,8,8,960,127,33536,81152,512,8128,8128,512,18432
256x256x256w33-8-29,256,256,256,33,8,29,33-8-29,M0K,3712,928,8,29,256,33,23248,91440,1856,7656,2112,1856,18432
256x256x256w16-48-11,256,256,256,16,48,11,16-48-11,0NK,8448,176,48,11,768,16,23552,91136,4224,1408,6144,4224,18432
256x256x256w22-8-43,256,256,256,22,8,43,22-8-43,M0K,5504,688,8,43,128,22,23456,91232,2752,7568,1408,2752,18432
256x256x256w22-32-11,256,256,256,22,32,11,22-32-11,M0K,5632,176,32,11,512,22,20768,93920,2816,1936,5632,2816,18432
256x256x256w43-16-11,256,256,256,43,16,11,43-16-11,M0K,2816,440,16,11,640,43,21392,93296,1408,3784,5504,1408,18432
256x256x256w29-8-33,256,256,256,29,8,33,29-8-33,M0K,4224,792,8,33,192,29,23248,91440,2112,7656,1856,2112,18432
256x256x256w8-32-29,256,256,256,8,32,29,8-32-29,00K,14848,232,32,29,256,8,22656,92032,7424,1856,2048,7424,18432
256x256x256w30-8-32,256,256,256,30,8,32,30-8-32,M00,4096,768,8,32,192,30,23296,91392,2048,7680,1920,2048,18432
256x256x256w23-40-9,256,256,256,23,40,9,23-40-9,MNK,5760,144,40,9,640,23,23792,90896,2880,1656,7360,2880,18473
256x256x256w19-24-18,256,256,256,19,24,18,19-24-18,MNK,6912,288,24,18,384,19,19680,95008,3456,2736,3648,3456,18480
256x256x256w11-24-30,256,256,256,11,24,30,11-24-30,MNK,11520,240,24,30,192,11,21024,93664,5760,2640,2112,5760,18513
256x256x256w11-24-29,256,256,256,11,24,29,11-24-29,MNK,11136,232,24,29,192,11,20464,94224,5568,2552,2112,5568,18513
256x256x256w11-24-31,256,256,256,11,24,31,11-24-31,MNK,11904,248,24,31,192,11,21584,93104,5952,2728,2112,5952,18513
256x256x256w10-48-18,256,256,256,10,48,18,10-48-18,MNK,13824,144,48,18,384,10,24384,90304,6912,1440,3840,6912,18540
256x256x256w13-72-9,256,256,256,13,72,9,13-72-9,MNK,10368,72,72,9,576,13,27216,87472,5184,936,7488,5184,18560
256x256x256w18-16-27,256,256,256,18,16,27,18-16-27,M0K,6912,432,16,27,256,18,19296,95392,3456,3888,2304,3456,18560
256x256x256w55-16-9,256,256,256,55,16,9,55-16-9,M0K,2304,432,16,9,768,55,24304,90384,1152,3960,7040,1152,18560
256x256x256w60-16-9,256,256,256,60,16,9,60-16-9,M0K,2304,504,16,9,896,60,26304,88384,1152,4320,7680,1152,18560
256x256x256w52-16-9,256,256,256,52,16,9,52-16-9,M0K,2304,432,16,9,768,52,23104,91584,1152,3744,6656,1152,18560
256x256x256w18-56-8,256,256,256,18,56,8,18-56-8,MN0,7168,128,56,8,896,18,25600,89088,3584,1152,8064,3584,18560
256x256x256w18-16-28,256,256,256,18,16,28,18-16-28,M0K,7168,448,16,28,256,18,19840,94848,3584,4032,2304,3584,18560
256x256x256w18-8-52,256,256,256,18,8,52,18-8-52,M0K,6656,832,8,52,128,18,23936,90752,3328,7488,1152,3328,18560
256x256x256w59-16-9,256,256,256,59,16,9,59-16-9,M0K,2304,504,16,9,896,59,25904,88784,1152,4248,7552,1152,18560
256x256x256w57-16-9,256,256,256,57,16,9,57-16-9,M0K,2304,504,16,9,896,57,25104,89584,1152,4104,7296,1152,18560
256x256x256w27-32-9,256,256,256,27,32,9,27-32-9,M0K,4608,216,32,9,768,27,22320,92368,2304,1944,6912,2304,18560
256x256x256w54-16-9,256,256,256,54,16,9,54-16-9,M0K,2304,432,16,9,768,54,23904,90784,1152,3888,6912,1152,18560
256x256x256w56-16-9,256,256,256,56,16,9,56-16-9,M0K,2304,504,16,9,896,56,24704,89984,1152,4032,7168,1152,18560
256x256x256w26-32-9,256,256,256,26,32,9,26-32-9,M0K,4608,216,32,9,768,26,21664,93024,2304,1872,6656,2304,18560
256x256x256w58-16-9,256,256,256,58,16,9,58-16-9,M0K,2304,504,16,9,896,58,25504,89184,1152,4176,7424,1152,18560
256x256x256w18-32-13,256,256,256,18,32,13,18-32-13,M0K,6656,208,32,13,512,18,19616,95072,3328,1872,4608,3328,18560
256x256x256w13-64-9,256,256,256,13,64,9,13-64-9,M0K,9216,72,64,9,512,13,24400,90288,4608,936,6656,4608,18560
256x256x256w18-8-53,256,256,256,18,8,53,18-8-53,M0K,6784,848,8,53,128,18,24352,90336,3392,7632,1152,3392,18560
256x256x256w53-16-9,256,256,256,53,16,9,53-16-9,M0K,2304,432,16,9,768,53,23504,91184,1152,3816,6784,1152,18560
256x256x256w16-56-9,256,256,256,16,56,9,16-56-9,0NK,8064,144,56,9,896,16,24704,89984,4032,1152,7168,4032,18560
256x256x256w18-16-26,256,256,256,18,16,26,18-16-26,M0K,6656,416,16,26,256,18,18752,95936,3328,3744,2304,3328,18560
256x256x256w62-16-9,256,256,256,62,16,9,62-16-9,M0K,2304,504,16,9,896,62,27104,87584,1152,4464,7936,1152,18560
256x256x256w18-8-56,256,256,256,18,8,56,18-8-56,M0K,7168,896,8,56,128,18,25600,89088,3584,8064,1152,3584,18560
256x256x256w18-8-55,256,256,256,18,8,55,18-8-55,M0K,7040,880,8,55,128,18,25184,89504,3520,7920,1152,3520,18560
256x256x256w18-8-54,256,256,256,18,8,54,18-8-54,M0K,6912,864,8,54,128,18,24768,89920,3456,7776,1152,3456,18560
256x256x256w61-16-9,256,256,256,61,16,9,61-16-9,M0K,2304,504,16,9,896,61,26704,87984,1152,4392,7808,1152,18560
256x256x256w17-40-12,256,256,256,17,40,12,17-40-12,MNK,7680,192,40,12,640,17,21824,92864,3840,1632,5440,3840,18634
256x256x256w17-24-19,256,256,256,17,24,19,17-24-19,MNK,7296,304,24,19,384,17,18992,95696,3648,2584,3264,3648,18634
256x256x256w11-56-13,256,256,256,11,56,13,11-56-13,MNK,11648,104,56,13,448,11,23792,90896,5824,1144,4928,5824,18700
256x256x256w10-40-21,256,256,256,10,40,21,10-40-21,MNK,13440,168,40,21,320,10,23200,91488,6720,1680,3200,6720,18746
256x256x256w10-40-20,256,256,256,10,40,20,10-40-20,MNK,12800,160,40,20,320,10,22400,92288,6400,1600,3200,6400,18746
256x256x256w19-40-11,256,256,256,19,40,11,19-40-11,MNK,7040,176,40,11,640,19,22544,92144,3520,1672,6080,3520,18816
256x256x256w17-48-10,256,256,256,17,48,10,17-48-10,MNK,7680,160,48,10,768,17,23456,91232,3840,1360,6528,3840,18876
256x256x256w25-24-13,256,256,256,25,24,13,25-24-13,MNK,4992,312,24,13,576,25,19792,94896,2496,2600,4800,2496,18920
256x256x256w12-56-12,256,256,256,12,56,12,12-56-12,MNK,10752,96,56,12,448,12,23808,90880,5376,1152,5376,5376,18920
256x256x256w12-24-26,256,256,256,12,24,26,12-24-26,MNK,9984,208,24,26,192,12,19584,95104,4992,2496,2304,4992,18920
256x256x256w12-24-27,256,256,256,12,24,27,12-24-27,MNK,10368,216,24,27,192,12,20160,94528,5184,2592,2304,5184,18920
256x256x256w12-24-28,256,256,256,12,24,28,12-24-28,MNK,10752,224,24,28,192,12,20736,93952,5376,2688,2304,5376,18920
256x256x256w23-16-21,256,256,256,23,16,21,23-16-21,M0K,5376,336,16,21,256,23,18992,95696,2688,3864,2944,2688,18928
256x256x256w23-32-10,256,256,256,23,32,10,23-32-10,M0K,5120,160,32,10,512,23,20576,94112,2560,1840,5888,2560,18928
256x256x256w20-40-10,256,256,256,20,40,10,20-40-10,MNK,6400,160,40,10,640,20,22400,92288,3200,1600,6400,3200,18928
256x256x256w23-16-20,256,256,256,23,16,20,23-16-20,M0K,5120,320,16,20,256,23,18368,96320,2560,3680,2944,2560,18928
256x256x256w14-8-64,256,256,256,14,8,64,14-8-64,M00,8192,512,8,64,64,14,24320,90368,4096,7168,896,4096,18944
256x256x256w14-16-34,256,256,256,14,16,34,14-16-34,M0K,8704,272,16,34,128,14,19904,94784,4352,3808,1792,4352,18944
256x256x256w14-8-65,256,256,256,14,8,65,14-8-65,M0K,8320,520,8,65,64,14,24672,90016,4160,7280,896,4160,18944
256x256x256w14-8-66,256,256,256,14,8,66,14-8-66,M0K,8448,528,8,66,64,14,25024,89664,4224,7392,896,4224,18944
256x256x256w14-16-35,256,256,256,14,16,35,14-16-35,M0K,8960,280,16,35,128,14,20384,94304,4480,3920,1792,4480,18944
256x256x256w14-8-71,256,256,256,14,8,71,14-8-71,M0K,9088,568,8,71,64,14,26784,87904,4544,7952,896,4544,18944
256x256x256w14-16-32,256,256,256,14,16,32,14-16-32,M00,8192,256,16,32,128,14,18944,95744,4096,3584,1792,4096,18944
256x256x256w14-8-69,256,256,256,14,8,69,14-8-69,M0K,8832,552,8,69,64,14,26080,88608,4416,7728,896,4416,18944
256x256x256w14-8-70,256,256,256,14,8,70,14-8-70,M0K,8960,560,8,70,64,14,26432,88256,4480,7840,896,4480,18944
256x256x256w14-72-8,256,256,256,14,72,8,14-72-8,MN0,9216,64,72,8,576,14,27136,87552,4608,896,8064,4608,18944
256x256x256w14-64-8,256,256,256,14,64,8,14-64-8,M00,8192,64,64,8,512,14,24320,90368,4096,896,7168,4096,18944
256x256x256w14-16-33,256,256,256,14,16,33,14-16-33,M0K,8448,264,16,33,128,14,19424,95264,4224,3696,1792,4224,18944
256x256x256w14-16-36,256,256,256,14,16,36,14-16-36,M0K,9216,288,16,36,128,14,20864,93824,4608,4032,1792,4608,18944
256x256x256w14-32-16,256,256,256,14,32,16,14-32-16,M00,8192,128,32,16,256,14,18944,95744,4096,1792,3584,4096,18944
256x256x256w14-8-68,256,256,256,14,8,68,14-8-68,M0K,8704,544,8,68,64,14,25728,88960,4352,7616,896,4352,18944
256x256x256w14-8-72,256,256,256,14,8,72,14-8-72,M0K,9216,576,8,72,64,14,27136,87552,4608,8064,896,4608,18944
256x256x256w14-8-73,256,256,256,14,8,73,14-8-73,M0K,9344,584,8,73,64,14,27488,87200,4672,8176,896,4672,18944
256x256x256w14-8-67,256,256,256,14,8,67,14-8-67,M0K,8576,536,8,67,64,14,25376,89312,4288,7504,896,4288,18944
256x256x256w30-24-11,256,256,256,30,24,11,30-24-11,MNK,4224,264,24,11,576,30,21024,93664,2112,2640,5760,2112,19008
256x256x256w31-24-11,256,256,256,31,24,11,31-24-11,MNK,4224,264,24,11,576,31,21584,93104,2112,2728,5952,2112,19008
256x256x256w29-24-11,256,256,256,29,24,11,29-24-11,MNK,4224,264,24,11,576,29,20464,94224,2112,2552,5568,2112,19008
256x256x256w23-24-14,256,256,256,23,24,14,23-24-14,MNK,5376,224,24,14,384,23,19360,95328,2688,2576,4416,2688,19019
256x256x256w51-16-9,256,256,256,51,16,9,51-16-9,M0K,2304,432,16,9,768,51,22704,91984,1152,3672,6528,1152,19024
256x256x256w50-8-20,256,256,256,50,8,20,50-8-20,M0K,2560,960,8,20,384,50,24960,89728,1280,8000,3200,1280,19136
256x256x256w50-16-10,256,256,256,50,16,10,50-16-10,M0K,2560,480,16,10,768,50,23360,91328,1280,4000,6400,1280,19136
256x256x256w36-24-9,256,256,256,36,24,9,36-24-9,MNK,3456,288,24,9,768,36,22464,92224,1728,2592,6912,1728,19140
256x256x256w18-24-18,256,256,256,18,24,18,18-24-18,MNK,6912,288,24,18,384,18,19008,95680,3456,2592,3456,3456,19140
256x256x256w9-48-19,256,256,256,9,48,19,9-48-19,MNK,14592,152,48,19,384,9,24240,90448,7296,1368,3456,7296,19152
256x256x256w9-40-22,256,256,256,9,40,22,9-40-22,MNK,14080,176,40,22,320,9,23008,91680,7040,1584,2880,7040,19152
256x256x256w9-40-23,256,256,256,9,40,23,9-40-23,MNK,14720,184,40,23,320,9,23792,90896,7360,1656,2880,7360,19152
256x256x256w15-40-13,256,256,256,15,40,13,15-40-13,MNK,8320,104,40,13,320,15,21040,93648,4160,1560,4800,4160,19180
256x256x256w21-16-22,256,256,256,21,16,22,21-16-22,M0K,5632,352,16,22,256,21,18400,96288,2816,3696,2688,2816,19200
256x256x256w21-16-23,256,256,256,21,16,23,21-16-23,M0K,5888,368,16,23,256,21,18992,95696,2944,3864,2688,2944,19200
256x256x256w21-32-11,256,256,256,21,32,11,21-32-11,M0K,5632,176,32,11,512,21,20080,94608,2816,1848,5376,2816,19200
256x256x256w8-56-18,256,256,256,8,56,18,8-56-18,0NK,16128,144,56,18,448,8,25600,89088,8064,1152,3584,8064,19200
256x256x256w53-8-18,256,256,256,53,8,18,53-8-18,M0K,2304,864,8,18,384,53,24352,90336,1152,7632,3392,1152,19200
256x256x256w54-8-18,256,256,256,54,8,18,54-8-18,M0K,2304,864,8,18,384,54,24768,89920,1152,7776,3456,1152,19200
256x256x256w21-8-43,256,256,256,21,8,43,21-8-43,M0K,5504,688,8,43,128,21,22640,92048,2752,7224,1344,2752,19200
256x256x256w21-8-48,256,256,256,21,8,48,21-8-48,M0K,6144,768,8,48,128,21,24960,89728,3072,8064,1344,3072,19200
256x256x256w21-8-45,256,256,256,21,8,45,21-8-45,M0K,5760,720,8,45,128,21,23568,91120,2880,7560,1344,2880,19200
256x256x256w21-8-46,256,256,256,21,8,46,21-8-46,M0K,5888,736,8,46,128,21,24032,90656,2944,7728,1344,2944,19200
256x256x256w85-8-11,256,256,256,85,8,11,85-8-11,M0K,1408,880,8,11,640,85,27248,87440,704,7480,5440,704,19200
256x256x256w21-48-8,256,256,256,21,48,8,21-48-8,MN0,6144,128,48,8,768,21,24960,89728,3072,1344,8064,3072,19200
256x256x256w36-8-28,256,256,256,36,8,28,36-8-28,M0K,3584,896,8,28,256,36,24320,90368,1792,8064,2304,1792,19200
256x256x256w36-16-13,256,256,256,36,16,13,36-16-13,M0K,3328,416,16,13,512,36,20032,94656,1664,3744,4608,1664,19200
256x256x256w21-8-47,256,256,256,21,8,47,21-8-47,M0K,6016,752,8,47,128,21,24496,90192,3008,7896,1344,3008,19200
256x256x256w36-8-26,256,256,256,36,8,26,36-8-26,M0K,3328,832,8,26,256,36,22912,91776,1664,7488,2304,1664,19200
256x256x256w26-16-18,256,256,256,26,16,18,26-16-18,M0K,4608,432,16,18,384,26,18752,95936,2304,3744,3328,2304,19200
256x256x256w56-8-18,256,256,256,56,8,18,56-8-18,M0K,2304,1008,8,18,448,56,25600,89088,1152,8064,3584,1152,19200
256x256x256w55-8-18,256,256,256,55,8,18,55-8-18,M0K,2304,864,8,18,384,55,25184,89504,1152,7920,3520,1152,19200
256x256x256w13-32-18,256,256,256,13,32,18,13-32-18,M0K,9216,144,32,18,256,13,19616,95072,4608,1872,3328,4608,19200
256x256x256w13-48-13,256,256,256,13,48,13,13-48-13,MNK,9984,104,48,13,384,13,22672,92016,4992,1352,4992,4992,19200
256x256x256w27-16-18,256,256,256,27,16,18,27-16-18,M0K,4608,432,16,18,384,27,19296,95392,2304,3888,3456,2304,19200
256x256x256w13-56-11,256,256,256,13,56,11,13-56-11,MNK,9856,88,56,11,448,13,23792,90896,4928,1144,5824,4928,19200
256x256x256w52-8-18,256,256,256,52,8,18,52-8-18,M0K,2304,864,8,18,384,52,23936,90752,1152,7488,3328,1152,19200
256x256x256w21-8-44,256,256,256,21,8,44,21-8-44,M0K,5632,704,8,44,128,21,23104,91584,2816,7392,1344,2816,19200
256x256x256w36-8-27,256,256,256,36,8,27,36-8-27,M0K,3456,864,8,27,256,36,23616,91072,1728,7776,2304,1728,19200
256x256x256w14-56-10,256,256,256,14,56,10,14-56-10,MNK,8960,80,56,10,448,14,23744,90944,4480,1120,6272,4480,19240
256x256x256w25-8-40,256,256,256,25,8,40,25-8-40,M0K,5120,960,8,40,192,25,24320,90368,2560,8000,1600,2560,19264
256x256x256w12-16-41,256,256,256,12,16,41,12-16-41,M0K,10496,328,16,41,128,12,21440,93248,5248,3936,1536,5248,19264
256x256x256w25-16-19,256,256,256,25,16,19,25-16-19,M0K,4864,456,16,19,384,25,18864,95824,2432,3800,3200,2432,19264
256x256x256w12-16-40,256,256,256,12,16,40,12-16-40,M0K,10240,320,16,40,128,12,20992,93696,5120,3840,1536,5120,19264
256x256x256w12-16-39,256,256,256,12,16,39,12-16-39,M0K,9984,312,16,39,128,12,20544,94144,4992,3744,1536,4992,19264
256x256x256w12-16-38,256,256,256,12,16,38,12-16-38,M0K,9728,304,16,38,128,12,20096,94592,4864,3648,1536,4864,19264
256x256x256w12-16-37,256,256,256,12,16,37,12-16-37,M0K,9472,296,16,37,128,12,19648,95040,4736,3552,1536,4736,19264
256x256x256w12-16-42,256,256,256,12,16,42,12-16-42,M0K,10752,336,16,42,128,12,21888,92800,5376,4032,1536,5376,19264
256x256x256w12-40-16,256,256,256,12,40,16,12-40-16,MN0,10240,128,40,16,320,12,20992,93696,5120,1536,3840,5120,19264
256x256x256w25-8-37,256,256,256,25,8,37,25-8-37,M0K,4736,888,8,37,192,25,22736,91952,2368,7400,1600,2368,19264
256x256x256w25-8-39,256,256,256,25,8,39,25-8-39,M0K,4992,936,8,39,192,25,23792,90896,2496,7800,1600,2496,19264
256x256x256w12-32-19,256,256,256,12,32,19,12-32-19,M0K,9728,152,32,19,256,12,19520,95168,4864,1824,3072,4864,19264
256x256x256w25-8-38,256,256,256,25,8,38,25-8-38,M0K,4864,912,8,38,192,25,23264,91424,2432,7600,1600,2432,19264
256x256x256w25-40-8,256,256,256,25,40,8,25-40-8,MN0,5120,192,40,8,960,25,24320,90368,2560,1600,8000,2560,19264
256x256x256w13-24-25,256,256,256,13,24,25,13-24-25,MNK,9600,200,24,25,192,13,19792,94896,4800,2600,2496,4800,19360
256x256x256w13-24-24,256,256,256,13,24,24,13-24-24,MNK,9216,192,24,24,192,13,19200,95488,4608,2496,2496,4608,19360
256x256x256w17-8-59,256,256,256,17,8,59,17-8-59,M0K,7552,944,8,59,128,17,25776,88912,3776,8024,1088,3776,19360
256x256x256w17-8-54,256,256,256,17,8,54,17-8-54,M0K,6912,864,8,54,128,17,23776,90912,3456,7344,1088,3456,19360
256x256x256w17-16-28,256,256,256,17,16,28,17-16-28,M0K,7168,448,16,28,256,17,19136,95552,3584,3808,2176,3584,19360
256x256x256w17-56-8,256,256,256,17,56,8,17-56-8,MN0,7168,128,56,8,896,17,24576,90112,3584,1088,7616,3584,19360
256x256x256w17-8-56,256,256,256,17,8,56,17-8-56,M0K,7168,896,8,56,128,17,24576,90112,3584,7616,1088,3584,19360
256x256x256w17-16-27,256,256,256,17,16,27,17-16-27,M0K,6912,432,16,27,256,17,18608,96080,3456,3672,2176,3456,19360
256x256x256w17-8-53,256,256,256,17,8,53,17-8-53,M0K,6784,848,8,53,128,17,23376,91312,3392,7208,1088,3392,19360
256x256x256w17-8-57,256,256,256,17,8,57,17-8-57,M0K,7296,912,8,57,128,17,24976,89712,3648,7752,1088,3648,19360
256x256x256w17-8-52,256,256,256,17,8,52,17-8-52,M0K,6656,832,8,52,128,17,22976,91712,3328,7072,1088,3328,19360
256x256x256w17-8-60,256,256,256,17,8,60,17-8-60,M0K,7680,960,8,60,128,17,26176,88512,3840,8160,1088,3840,19360
256x256x256w17-32-13,256,256,256,17,32,13,17-32-13,M0K,6656,208,32,13,512,17,18896,95792,3328,1768,4352,3328,19360
256x256x256w17-8-58,256,256,256,17,8,58,17-8-58,M0K,7424,928,8,58,128,17,25376,89312,3712,7888,1088,3712,19360
256x256x256w17-16-26,256,256,256,17,16,26,17-16-26,M0K,6656,416,16,26,256,17,18080,96608,3328,3536,2176,3328,19360
256x256x256w27-24-12,256,256,256,27,24,12,27-24-12,MNK,4608,288,24,12,576,27,20160,94528,2304,2592,5184,2304,19360
256x256x256w26-24-12,256,256,256,26,24,12,26-24-12,MNK,4608,288,24,12,576,26,19584,95104,2304,2496,4992,2304,19360
256x256x256w24-24-13,256,256,256,24,24,13,24-24-13,MNK,4992,312,24,13,576,24,19200,95488,2496,2496,4608,2496,19360
256x256x256w17-8-55,256,256,256,17,8,55,17-8-55,M0K,7040,880,8,55,128,17,24176,90512,3520,7480,1088,3520,19360
256x256x256w11-32-20,256,256,256,11,32,20,11-32-20,M0K,10240,160,32,20,256,11,19392,95296,5120,1760,2816,5120,19448
256x256x256w11-32-21,256,256,256,11,32,21,11-32-21,M0K,10752,168,32,21,256,11,20080,94608,5376,1848,2816,5376,19448
256x256x256w11-80-10,256,256,256,11,80,10,11-80-10,MNK,12800,80,80,10,640,11,28640,86048,6400,880,7040,6400,19448
256x256x256w11-72-10,256,256,256,11,72,10,11-72-10,MNK,11520,80,72,10,576,11,25952,88736,5760,880,6336,5760,19448
256x256x256w11-64-10,256,256,256,11,64,10,11-64-10,M0K,10240,80,64,10,512,11,23264,91424,5120,880,5632,5120,19448
256x256x256w72-8-14,256,256,256,72,8,14,72-8-14,M0K,1792,1008,8,14,576,72,27136,87552,896,8064,4608,896,19456
256x256x256w68-8-14,256,256,256,68,8,14,68-8-14,M0K,1792,896,8,14,512,68,25728,88960,896,7616,4352,896,19456
256x256x256w71-8-14,256,256,256,71,8,14,71-8-14,M0K,1792,896,8,14,512,71,26784,87904,896,7952,4544,896,19456
256x256x256w73-8-14,256,256,256,73,8,14,73-8-14,M0K,1792,1008,8,14,576,73,27488,87200,896,8176,4672,896,19456
256x256x256w28-8-33,256,256,256,28,8,33,28-8-33,M0K,4224,792,8,33,192,28,22592,92096,2112,7392,1792,2112,19456
256x256x256w28-8-36,256,256,256,28,8,36,28-8-36,M0K,4608,864,8,36,192,28,24320,90368,2304,8064,1792,2304,19456
256x256x256w28-8-34,256,256,256,28,8,34,28-8-34,M0K,4352,816,8,34,192,28,23168,91520,2176,7616,1792,2176,19456
256x256x256w32-16-14,256,256,256,32,16,14,32-16-14,00K,3584,448,16,14,512,32,18944,95744,1792,3584,4096,1792,19456
256x256x256w67-8-14,256,256,256,67,8,14,67-8-14,M0K,1792,896,8,14,512,67,25376,89312,896,7504,4288,896,19456
256x256x256w8-72-14,256,256,256,8,72,14,8-72-14,0NK,16128,112,72,14,576,8,27136,87552,8064,896,4608,8064,19456
256x256x256w33-16-14,256,256,256,33,16,14,33-16-14,M0K,3584,448,16,14,512,33,19424,95264,1792,3696,4224,1792,19456
256x256x256w34-16-14,256,256,256,34,16,14,34-16-14,M0K,3584,448,16,14,512,34,19904,94784,1792,3808,4352,1792,19456
256x256x256w65-8-14,256,256,256,65,8,14,65-8-14,M0K,1792,896,8,14,512,65,24672,90016,896,7280,4160,896,19456
256x256x256w66-8-14,256,256,256,66,8,14,66-8-14,M0K,1792,896,8,14,512,66,25024,89664,896,7392,4224,896,19456
256x256x256w28-32-8,256,256,256,28,32,8,28-32-8,M00,4096,192,32,8,768,28,22016,92672,2048,1792,7168,2048,19456
256x256x256w8-64-14,256,256,256,8,64,14,8-64-14,00K,14336,112,64,14,512,8,24320,90368,7168,896,4096,7168,19456
256x256x256w16-32-14,256,256,256,16,32,14,16-32-14,00K,7168,224,32,14,512,16,18944,95744,3584,1792,4096,3584,19456
256x256x256w69-8-14,256,256,256,69,8,14,69-8-14,M0K,1792,896,8,14,512,69,26080,88608,896,7728,4416,896,19456
256x256x256w28-16-16,256,256,256,28,16,16,28-16-16,M00,4096,384,16,16,384,28,18432,96256,2048,3584,3584,2048,19456
256x256x256w35-16-14,256,256,256,35,16,14,35-16-14,M0K,3584,448,16,14,512,35,20384,94304,1792,3920,4480,1792,19456
256x256x256w64-8-14,256,256,256,64,8,14,64-8-14,00K,1792,896,8,14,512,64,24320,90368,896,7168,4096,896,19456
256x256x256w28-8-32,256,256,256,28,8,32,28-8-32,M00,4096,768,8,32,192,28,22016,92672,2048,7168,1792,2048,19456
256x256x256w70-8-14,256,256,256,70,8,14,70-8-14,M0K,1792,896,8,14,512,70,26432,88256,896,7840,4480,896,19456
256x256x256w28-8-35,256,256,256,28,8,35,28-8-35,M0K,4480,840,8,35,192,28,23744,90944,2240,7840,1792,2240,19456
256x256x256w18-40-11,256,256,256,18,40,11,18-40-11,MNK,7040,176,40,11,640,18,21728,92960,3520,1584,5760,3520,19488
256x256x256w19-48-9,256,256,256,19,48,9,19-48-9,MNK,6912,144,48,9,768,19,24240,90448,3456,1368,7296,3456,19488
256x256x256w22-40-9,256,256,256,22,40,9,22-40-9,MNK,5760,144,40,9,640,22,23008,91680,2880,1584,7040,2880,19488
256x256x256w14-48-12,256,256,256,14,48,12,14-48-12,MNK,9216,96,48,12,384,14,22656,92032,4608,1344,5376,4608,19536
256x256x256w14-24-23,256,256,256,14,24,23,14-24-23,MNK,8832,184,24,23,192,14,19360,95328,4416,2576,2688,4416,19536
256x256x256w14-24-22,256,256,256,14,24,22,14-24-22,MNK,8448,176,24,22,192,14,18752,95936,4224,2464,2688,4224,19536
256x256x256w10-56-14,256,256,256,10,56,14,10-56-14,MNK,12544,112,56,14,448,10,23744,90944,6272,1120,4480,6272,19570
256x256x256w15-24-21,256,256,256,15,24,21,15-24-21,MNK,8064,168,24,21,192,15,18864,95824,4032,2520,2880,4032,19591
256x256x256w15-24-20,256,256,256,15,24,20,15-24-20,MNK,7680,160,24,20,192,15,18240,96448,3840,2400,2880,3840,19591
256x256x256w12-48-14,256,256,256,12,48,14,12-48-14,MNK,10752,112,48,14,384,12,22656,92032,5376,1344,4608,5376,19608
256x256x256w11-40-18,256,256,256,11,40,18,11-40-18,MNK,11520,144,40,18,320,11,21728,92960,5760,1584,3520,5760,19635
256x256x256w51-8-18,256,256,256,51,8,18,51-8-18,M0K,2304,864,8,18,384,51,23520,91168,1152,7344,3264,1152,19680
256x256x256w14-40-14,256,256,256,14,40,14,14-40-14,MNK,8960,112,40,14,320,14,21056,93632,4480,1568,4480,4480,19684
256x256x256w19-16-24,256,256,256,19,16,24,19-16-24,M0K,6144,384,16,24,256,19,18304,96384,3072,3648,2432,3072,19712
256x256x256w84-8-12,256,256,256,84,8,12,84-8-12,M0K,1536,960,8,12,640,84,28416,86272,768,8064,5376,768,19712
256x256x256w24-8-40,256,256,256,24,8,40,24-8-40,M0K,5120,960,8,40,192,24,23552,91136,2560,7680,1536,2560,19712
256x256x256w39-24-8,256,256,256,39,24,8,39-24-8,MN0,3072,256,24,8,768,39,23040,91648,1536,2496,7488,1536,19712
256x256x256w8-40-25,256,256,256,8,40,25,8-40-25,0NK,16000,200,40,25,320,8,24320,90368,8000,1600,2560,8000,19712
256x256x256w39-8-25,256,256,256,39,8,25,39-8-25,M0K,3200,800,8,25,256,39,23792,90896,1600,7800,2496,1600,19712
256x256x256w37-8-24,256,256,256,37,8,24,37-8-24,M0K,3072,768,8,24,256,37,22016,92672,1536,7104,2368,1536,19712
256x256x256w40-24-8,256,256,256,40,24,8,40-24-8,MN0,3072,320,24,8,960,40,23552,91136,1536,2560,7680,1536,19712
256x256x256w41-16-12,256,256,256,41,16,12,41-16-12,M0K,3072,480,16,12,640,41,21440,93248,1536,3936,5248,1536,19712
256x256x256w40-8-25,256,256,256,40,8,25,40-8-25,M0K,3200,1000,8,25,320,40,24320,90368,1600,8000,2560,1600,19712
256x256x256w24-16-19,256,256,256,24,16,19,24-16-19,M0K,4864,456,16,19,384,24,18304,96384,2432,3648,3072,2432,19712
256x256x256w24-8-41,256,256,256,24,8,41,24-8-41,M0K,5248,984,8,41,192,24,24064,90624,2624,7872,1536,2624,19712
256x256x256w37-16-12,256,256,256,37,16,12,37-16-12,M0K,3072,384,16,12,512,37,19648,95040,1536,3552,4736,1536,19712
256x256x256w38-16-12,256,256,256,38,16,12,38-16-12,M0K,3072,384,16,12,512,38,20096,94592,1536,3648,4864,1536,19712
256x256x256w37-24-8,256,256,256,37,24,8,37-24-8,MN0,3072,256,24,8,768,37,22016,92672,1536,2368,7104,1536,19712
256x256x256w24-8-38,256,256,256,24,8,38,24-8-38,M0K,4864,912,8,38,192,24,22528,92160,2432,7296,1536,2432,19712
256x256x256w8-24-39,256,256,256,8,24,39,8-24-39,0NK,14976,312,24,39,192,8,23040,91648,7488,2496,1536,7488,19712
256x256x256w8-24-38,256,256,256,8,24,38,8-24-38,0NK,14592,304,24,38,192,8,22528,92160,7296,2432,1536,7296,19712
256x256x256w8-24-40,256,256,256,8,24,40,8-24-40,0NK,15360,320,24,40,192,8,23552,91136,7680,2560,1536,7680,19712
256x256x256w8-24-37,256,256,256,8,24,37,8-24-37,0NK,14208,296,24,37,192,8,22016,92672,7104,2368,1536,7104,19712
256x256x256w41-24-8,256,256,256,41,24,8,41-24-8,MN0,3072,320,24,8,960,41,24064,90624,1536,2624,7872,1536,19712
256x256x256w16-40-12,256,256,256,16,40,12,16-40-12,0NK,7680,192,40,12,640,16,20992,93696,3840,1536,5120,3840,19712
256x256x256w41-8-24,256,256,256,41,8,24,41-8-24,M0K,3072,960,8,24,320,41,24064,90624,1536,7872,2624,1536,19712
256x256x256w19-24-16,256,256,256,19,24,16,19-24-16,MN0,6144,256,24,16,384,19,18304,96384,3072,2432,3648,3072,19712
256x256x256w24-40-8,256,256,256,24,40,8,24-40-8,MN0,5120,192,40,8,960,24,23552,91136,2560,1536,7680,2560,19712
256x256x256w24-8-39,256,256,256,24,8,39,24-8-39,M0K,4992,936,8,39,192,24,23040,91648,2496,7488,1536,2496,19712
256x256x256w39-16-12,256,256,256,39,16,12,39-16-12,M0K,3072,384,16,12,512,39,20544,94144,1536,3744,4992,1536,19712
256x256x256w40-8-24,256,256,256,40,8,24,40-8-24,M0K,3072,960,8,24,320,40,23552,91136,1536,7680,2560,1536,19712
256x256x256w8-24-41,256,256,256,8,24,41,8-24-41,0NK,15744,328,24,41,192,8,24064,90624,7872,2624,1536,7872,19712
256x256x256w38-8-24,256,256,256,38,8,24,38-8-24,M0K,3072,768,8,24,256,38,22528,92160,1536,7296,2432,1536,19712
256x256x256w8-24-42,256,256,256,8,24,42,8-24-42,0NK,16128,336,24,42,192,8,24576,90112,8064,2688,1536,8064,19712
256x256x256w16-24-19,256,256,256,16,24,19,16-24-19,0NK,7296,304,24,19,384,16,18304,96384,3648,2432,3072,3648,19712
256x256x256w19-16-25,256,256,256,19,16,25,19-16-25,M0K,6400,400,16,25,256,19,18864,95824,3200,3800,2432,3200,19712
256x256x256w8-40-24,256,256,256,8,40,24,8-40-24,0NK,15360,192,40,24,320,8,23552,91136,7680,1536,2560,7680,19712
256x256x256w38-8-25,256,256,256,38,8,25,38-8-25,M0K,3200,800,8,25,256,38,23264,91424,1600,7600,2432,1600,19712
256x256x256w19-32-12,256,256,256,19,32,12,19-32-12,M0K,6144,192,32,12,512,19,19520,95168,3072,1824,4864,3072,19712
256x256x256w24-8-42,256,256,256,24,8,42,24-8-42,M0K,5376,1008,8,42,192,24,24576,90112,2688,8064,1536,2688,19712
256x256x256w37-8-25,256,256,256,37,8,25,37-8-25,M0K,3200,800,8,25,256,37,22736,91952,1600,7400,2368,1600,19712
256x256x256w39-8-24,256,256,256,39,8,24,39-8-24,M0K,3072,768,8,24,256,39,23040,91648,1536,7488,2496,1536,19712
256x256x256w24-8-37,256,256,256,24,8,37,24-8-37,M0K,4736,888,8,37,192,24,22016,92672,2368,7104,1536,2368,19712
256x256x256w38-24-8,256,256,256,38,24,8,38-24-8,MN0,3072,256,24,8,768,38,22528,92160,1536,2432,7296,1536,19712
256x256x256w40-16-12,256,256,256,40,16,12,40-16-12,M0K,3072,480,16,12,640,40,20992,93696,1536,3840,5120,1536,19712
256x256x256w15-48-11,256,256,256,15,48,11,15-48-11,MNK,8448,88,48,11,384,15,22608,92080,4224,1320,5760,4224,19728
256x256x256w15-16-30,256,256,256,15,16,30,15-16-30,M0K,7680,240,16,30,128,15,18720,95968,3840,3600,1920,3840,19728
256x256x256w15-16-31,256,256,256,15,16,31,15-16-31,M0K,7936,248,16,31,128,15,19216,95472,3968,3720,1920,3968,19728
256x256x256w15-16-29,256,256,256,15,16,29,15-16-29,M0K,7424,232,16,29,128,15,18224,96464,3712,3480,1920,3712,19728
256x256x256w10-16-49,256,256,256,10,16,49,10-16-49,M0K,12544,392,16,49,128,10,22944,91744,6272,3920,1280,6272,19776
256x256x256w10-72-11,256,256,256,10,72,11,10-72-11,MNK,12672,88,72,11,576,10,25952,88736,6336,880,5760,6336,19776
256x256x256w10-8-90,256,256,256,10,8,90,10-8-90,M0K,11520,720,8,90,64,10,27200,87488,5760,7200,640,5760,19776
256x256x256w10-8-101,256,256,256,10,8,101,10-8-101,M0K,12928,808,8,101,64,10,30368,84320,6464,8080,640,6464,19776
256x256x256w10-16-47,256,256,256,10,16,47,10-16-47,M0K,12032,376,16,47,128,10,22112,92576,6016,3760,1280,6016,19776
256x256x256w10-8-98,256,256,256,10,8,98,10-8-98,M0K,12544,784,8,98,64,10,29504,85184,6272,7840,640,6272,19776
256x256x256w10-16-44,256,256,256,10,16,44,10-16-44,M0K,11264,352,16,44,128,10,20864,93824,5632,3520,1280,5632,19776
256x256x256w10-8-96,256,256,256,10,8,96,10-8-96,M0K,12288,768,8,96,64,10,28928,85760,6144,7680,640,6144,19776
256x256x256w10-8-86,256,256,256,10,8,86,10-8-86,M0K,11008,688,8,86,64,10,26048,88640,5504,6880,640,5504,19776
256x256x256w10-8-89,256,256,256,10,8,89,10-8-89,M0K,11392,712,8,89,64,10,26912,87776,5696,7120,640,5696,19776
256x256x256w10-8-91,256,256,256,10,8,91,10-8-91,M0K,11648,728,8,91,64,10,27488,87200,5824,7280,640,5824,19776
256x256x256w10-8-100,256,256,256,10,8,100,10-8-100,M0K,12800,800,8,100,64,10,30080,84608,6400,8000,640,6400,19776
256x256x256w10-8-93,256,256,256,10,8,93,10-8-93,M0K,11904,744,8,93,64,10,28064,86624,5952,7440,640,5952,19776
256x256x256w10-8-88,256,256,256,10,8,88,10-8-88,M0K,11264,704,8,88,64,10,26624,88064,5632,7040,640,5632,19776
256x256x256w10-8-99,256,256,256,10,8,99,10-8-99,M0K,12672,792,8,99,64,10,29792,84896,6336,7920,640,6336,19776
256x256x256w10-64-11,256,256,256,10,64,11,10-64-11,M0K,11264,88,64,11,512,10,23264,91424,5632,880,5120,5632,19776
256x256x256w10-16-45,256,256,256,10,16,45,10-16-45,M0K,11520,360,16,45,128,10,21280,93408,5760,3600,1280,5760,19776
256x256x256w10-16-43,256,256,256,10,16,43,10-16-43,M0K,11008,344,16,43,128,10,20448,94240,5504,3440,1280,5504,19776
256x256x256w10-32-22,256,256,256,10,32,22,10-32-22,M0K,11264,176,32,22,256,10,19904,94784,5632,1760,2560,5632,19776
256x256x256w10-16-50,256,256,256,10,16,50,10-16-50,M0K,12800,400,16,50,128,10,23360,91328,6400,4000,1280,6400,19776
256x256x256w10-96-8,256,256,256,10,96,8,10-96-8,MN0,12288,64,96,8,768,10,28928,85760,6144,640,7680,6144,19776
256x256x256w10-8-94,256,256,256,10,8,94,10-8-94,M0K,12032,752,8,94,64,10,28352,86336,6016,7520,640,6016,19776
256x256x256w10-32-23,256,256,256,10,32,23,10-32-23,M0K,11776,184,32,23,256,10,20576,94112,5888,1840,2560,5888,19776
256x256x256w10-8-95,256,256,256,10,8,95,10-8-95,M0K,12160,760,8,95,64,10,28640,86048,6080,7600,640,6080,19776
256x256x256w10-16-46,256,256,256,10,16,46,10-16-46,M0K,11776,368,16,46,128,10,21696,92992,5888,3680,1280,5888,19776
256x256x256w10-8-92,256,256,256,10,8,92,10-8-92,M0K,11776,736,8,92,64,10,27776,86912,5888,7360,640,5888,19776
256x256x256w10-80-11,256,256,256,10,80,11,10-80-11,MNK,14080,88,80,11,640,10,28640,86048,7040,880,6400,7040,19776
256x256x256w10-16-48,256,256,256,10,16,48,10-16-48,M0K,12288,384,16,48,128,10,22528,92160,6144,3840,1280,6144,19776
256x256x256w10-8-102,256,256,256,10,8,102,10-8-102,M0K,13056,816,8,102,64,10,30656,84032,6528,8160,640,6528,19776
256x256x256w10-48-16,256,256,256,10,48,16,10-48-16,MN0,12288,128,48,16,384,10,22528,92160,6144,1280,3840,6144,19776
256x256x256w10-8-97,256,256,256,10,8,97,10-8-97,M0K,12416,776,8,97,64,10,29216,85472,6208,7760,640,6208,19776
256x256x256w10-8-87,256,256,256,10,8,87,10-8-87,M0K,11136,696,8,87,64,10,26336,88352,5568,6960,640,5568,19776
256x256x256w10-88-8,256,256,256,10,88,8,10-88-8,MN0,11264,64,88,8,704,10,26624,88064,5632,640,7040,5632,19776
256x256x256w9-88-9,256,256,256,9,88,9,9-88-9,MNK,12672,72,88,9,704,9,26640,88048,6336,648,6336,6336,19836
256x256x256w9-104-9,256,256,256,9,104,9,9-104-9,MNK,14976,72,104,9,832,9,31248,83440,7488,648,7488,7488,19836
256x256x256w9-112-9,256,256,256,9,112,9,9-112-9,MNK,16128,72,112,9,896,9,33552,81136,8064,648,8064,8064,19836
256x256x256w9-96-9,256,256,256,9,96,9,9-96-9,MNK,13824,72,96,9,768,9,28944,85744,6912,648,6912,6912,19836
256x256x256w15-56-9,256,256,256,15,56,9,15-56-9,MNK,8064,72,56,9,448,15,23664,91024,4032,1080,6720,4032,19865
256x256x256w12-80-9,256,256,256,12,80,9,12-80-9,MNK,11520,72,80,9,640,12,28608,86080,5760,864,7680,5760,19952
256x256x256w12-64-9,256,256,256,12,64,9,12-64-9,M0K,9216,72,64,9,512,12,23232,91456,4608,864,6144,4608,19952
256x256x256w25-32-9,256,256,256,25,32,9,25-32-9,M0K,4608,216,32,9,768,25,21008,93680,2304,1800,6400,2304,19952
256x256x256w12-72-9,256,256,256,12,72,9,12-72-9,MNK,10368,72,72,9,576,12,25920,88768,5184,864,6912,5184,19952
256x256x256w17-24-18,256,256,256,17,24,18,17-24-18,MNK,6912,288,24,18,384,17,18336,96352,3456,2448,3264,3456,19965
256x256x256w20-8-45,256,256,256,20,8,45,20-8-45,M0K,5760,720,8,45,128,20,22720,91968,2880,7200,1280,2880,19968
256x256x256w22-32-10,256,256,256,22,32,10,22-32-10,M0K,5120,160,32,10,512,22,19904,94784,2560,1760,5632,2560,19968
256x256x256w92-8-10,256,256,256,92,8,10,92-8-10,M0K,1280,880,8,10,704,92,27776,86912,640,7360,5888,640,19968
256x256x256w93-8-10,256,256,256,93,8,10,93-8-10,M0K,1280,880,8,10,704,93,28064,86624,640,7440,5952,640,19968
256x256x256w98-8-10,256,256,256,98,8,10,98-8-10,M0K,1280,960,8,10,768,98,29504,85184,640,7840,6272,640,19968
256x256x256w45-16-10,256,256,256,45,16,10,45-16-10,M0K,2560,400,16,10,640,45,21280,93408,1280,3600,5760,1280,19968
256x256x256w43-16-10,256,256,256,43,16,10,43-16-10,M0K,2560,400,16,10,640,43,20448,94240,1280,3440,5504,1280,19968
256x256x256w48-16-10,256,256,256,48,16,10,48-16-10,M0K,2560,480,16,10,768,48,22528,92160,1280,3840,6144,1280,19968
256x256x256w88-8-10,256,256,256,88,8,10,88-8-10,M0K,1280,880,8,10,704,88,26624,88064,640,7040,5632,640,19968
256x256x256w20-48-8,256,256,256,20,48,8,20-48-8,MN0,6144,128,48,8,768,20,24064,90624,3072,1280,7680,3072,19968
256x256x256w43-8-20,256,256,256,43,8,20,43-8-20,M0K,2560,800,8,20,320,43,21824,92864,1280,6880,2752,1280,19968
256x256x256w22-16-20,256,256,256,22,16,20,22-16-20,M0K,5120,320,16,20,256,22,17792,96896,2560,3520,2816,2560,19968
256x256x256w102-8-10,256,256,256,102,8,10,102-8-10,M0K,1280,960,8,10,768,102,30656,84032,640,8160,6528,640,19968
256x256x256w44-16-10,256,256,256,44,16,10,44-16-10,M0K,2560,400,16,10,640,44,20864,93824,1280,3520,5632,1280,19968
256x256x256w46-8-20,256,256,256,46,8,20,46-8-20,M0K,2560,800,8,20,320,46,23168,91520,1280,7360,2944,1280,19968
256x256x256w42-16-11,256,256,256,42,16,11,42-16-11,M0K,2816,440,16,11,640,42,20960,93728,1408,3696,5376,1408,19968
256x256x256w16-48-10,256,256,256,16,48,10,16-48-10,0NK,7680,160,48,10,768,16,22528,92160,3840,1280,6144,3840,19968
256x256x256w89-8-10,256,256,256,89,8,10,89-8-10,M0K,1280,880,8,10,704,89,26912,87776,640,7120,5696,640,19968
256x256x256w20-16-23,256,256,256,20,16,23,20-16-23,M0K,5888,368,16,23,256,20,18368,96320,2944,3680,2560,2944,19968
256x256x256w42-8-23,256,256,256,42,8,23,42-8-23,M0K,2944,920,8,23,320,42,23776,90912,1472,7728,2688,1472,19968
256x256x256w20-8-48,256,256,256,20,8,48,20-8-48,M0K,6144,768,8,48,128,20,24064,90624,3072,7680,1280,3072,19968
256x256x256w20-16-22,256,256,256,20,16,22,20-16-22,M0K,5632,352,16,22,256,20,17792,96896,2816,3520,2560,2816,19968
256x256x256w20-8-50,256,256,256,20,8,50,20-8-50,M0K,6400,800,8,50,128,20,24960,89728,3200,8000,1280,3200,19968
256x256x256w8-88-10,256,256,256,8,88,10,8-88-10,0NK,14080,80,88,10,704,8,26624,88064,7040,640,5632,7040,19968
256x256x256w90-8-10,256,256,256,90,8,10,90-8-10,M0K,1280,880,8,10,704,90,27200,87488,640,7200,5760,640,19968
256x256x256w45-8-21,256,256,256,45,8,21,45-8-21,M0K,2688,840,8,21,320,45,23568,91120,1344,7560,2880,1344,19968
256x256x256w44-8-21,256,256,256,44,8,21,44-8-21,M0K,2688,840,8,21,320,44,23104,91584,1344,7392,2816,1344,19968
256x256x256w101-8-10,256,256,256,101,8,10,101-8-10,M0K,1280,960,8,10,768,101,30368,84320,640,8080,6464,640,19968
256x256x256w95-8-10,256,256,256,95,8,10,95-8-10,M0K,1280,880,8,10,704,95,28640,86048,640,7600,6080,640,19968
256x256x256w8-96-10,256,256,256,8,96,10,8-96-10,0NK,15360,80,96,10,768,8,28928,85760,7680,640,6144,7680,19968
256x256x256w99-8-10,256,256,256,99,8,10,99-8-10,M0K,1280,960,8,10,768,99,29792,84896,640,7920,6336,640,19968
256x256x256w87-8-10,256,256,256,87,8,10,87-8-10,M0K,1280,800,8,10,640,87,26336,88352,640,6960,5568,640,19968
256x256x256w49-8-20,256,256,256,49,8,20,49-8-20,M0K,2560,960,8,20,384,49,24512,90176,1280,7840,3136,1280,19968
256x256x256w49-16-10,256,256,256,49,16,10,49-16-10,M0K,2560,480,16,10,768,49,22944,91744,1280,3920,6272,1280,19968
256x256x256w22-16-21,256,256,256,22,16,21,22-16-21,M0K,5376,336,16,21,256,22,18400,96288,2688,3696,2816,2688,19968
256x256x256w45-8-20,256,256,256,45,8,20,45-8-20,M0K,2560,800,8,20,320,45,22720,91968,1280,7200,2880,1280,19968
256x256x256w42-8-22,256,256,256,42,8,22,42-8-22,M0K,2816,880,8,22,320,42,22976,91712,1408,7392,2688,1408,19968
256x256x256w47-16-10,256,256,256,47,16,10,47-16-10,M0K,2560,400,16,10,640,47,22112,92576,1280,3760,6016,1280,19968
256x256x256w44-8-20,256,256,256,44,8,20,44-8-20,M0K,2560,800,8,20,320,44,22272,92416,1280,7040,2816,1280,19968
256x256x256w8-48-20,256,256,256,8,48,20,8-48-20,0NK,15360,160,48,20,384,8,24064,90624,7680,1280,3072,7680,19968
256x256x256w46-16-10,256,256,256,46,16,10,46-16-10,M0K,2560,400,16,10,640,46,21696,92992,1280,3680,5888,1280,19968
256x256x256w97-8-10,256,256,256,97,8,10,97-8-10,M0K,1280,960,8,10,768,97,29216,85472,640,7760,6208,640,19968
256x256x256w47-8-21,256,256,256,47,8,21,47-8-21,M0K,2688,840,8,21,320,47,24496,90192,1344,7896,3008,1344,19968
256x256x256w8-48-21,256,256,256,8,48,21,8-48-21,0NK,16128,168,48,21,384,8,24960,89728,8064,1344,3072,8064,19968
256x256x256w20-8-46,256,256,256,20,8,46,20-8-46,M0K,5888,736,8,46,128,20,23168,91520,2944,7360,1280,2944,19968
256x256x256w20-32-11,256,256,256,20,32,11,20-32-11,M0K,5632,176,32,11,512,20,19392,95296,2816,1760,5120,2816,19968
256x256x256w20-8-49,256,256,256,20,8,49,20-8-49,M0K,6272,784,8,49,128,20,24512,90176,3136,7840,1280,3136,19968
256x256x256w43-8-21,256,256,256,43,8,21,43-8-21,M0K,2688,840,8,21,320,43,22640,92048,1344,7224,2752,1344,19968
256x256x256w86-8-10,256,256,256,86,8,10,86-8-10,M0K,1280,800,8,10,640,86,26048,88640,640,6880,5504,640,19968
256x256x256w94-8-10,256,256,256,94,8,10,94-8-10,M0K,1280,880,8,10,704,94,28352,86336,640,7520,6016,640,19968
256x256x256w48-8-20,256,256,256,48,8,20,48-8-20,M0K,2560,960,8,20,384,48,24064,90624,1280,7680,3072,1280,19968
256x256x256w20-8-47,256,256,256,20,8,47,20-8-47,M0K,6016,752,8,47,128,20,23616,91072,3008,7520,1280,3008,19968
256x256x256w48-8-21,256,256,256,48,8,21,48-8-21,M0K,2688,1008,8,21,384,48,24960,89728,1344,8064,3072,1344,19968
256x256x256w46-8-21,256,256,256,46,8,21,46-8-21,M0K,2688,840,8,21,320,46,24032,90656,1344,7728,2944,1344,19968
256x256x256w91-8-10,256,256,256,91,8,10,91-8-10,M0K,1280,880,8,10,704,91,27488,87200,640,7280,5824,640,19968
256x256x256w20-8-44,256,256,256,20,8,44,20-8-44,M0K,5632,704,8,44,128,20,22272,92416,2816,7040,1280,2816,19968
256x256x256w96-8-10,256,256,256,96,8,10,96-8-10,M0K,1280,960,8,10,768,96,28928,85760,640,7680,6144,640,19968
256x256x256w47-8-20,256,256,256,47,8,20,47-8-20,M0K,2560,800,8,20,320,47,23616,91072,1280,7520,3008,1280,19968
256x256x256w100-8-10,256,256,256,100,8,10,100-8-10,M0K,1280,960,8,10,768,100,30080,84608,640,8000,6400,640,19968
256x256x256w20-8-43,256,256,256,20,8,43,20-8-43,M0K,5504,688,8,43,128,20,21824,92864,2752,6880,1280,2752,19968
256x256x256w23-24-13,256,256,256,23,24,13,23-24-13,MNK,4992,208,24,13,384,23,18608,96080,2496,2392,4416,2496,20020
256x256x256w9-72-12,256,256,256,9,72,12,9-72-12,MNK,13824,96,72,12,576,9,25920,88768,6912,864,5184,6912,20064
256x256x256w9-64-12,256,256,256,9,64,12,9-64-12,M0K,12288,96,64,12,512,9,23232,91456,6144,864,4608,6144,20064
256x256x256w9-24-33,256,256,256,9,24,33,9-24-33,MNK,12672,264,24,33,192,9,20880,93808,6336,2376,1728,6336,20064
256x256x256w9-24-36,256,256,256,9,24,36,9-24-36,MNK,13824,288,24,36,192,9,22464,92224,6912,2592,1728,6912,20064
256x256x256w9-24-34,256,256,256,9,24,34,9-24-34,MNK,13056,272,24,34,192,9,21408,93280,6528,2448,1728,6528,20064
256x256x256w9-80-12,256,256,256,9,80,12,9-80-12,MNK,15360,96,80,12,640,9,28608,86080,7680,864,5760,7680,20064
256x256x256w9-32-25,256,256,256,9,32,25,9-32-25,M0K,12800,200,32,25,256,9,21008,93680,6400,1800,2304,6400,20064
256x256x256w28-24-11,256,256,256,28,24,11,28-24-11,MNK,4224,264,24,11,576,28,19904,94784,2112,2464,5376,2112,20064
256x256x256w9-24-32,256,256,256,9,24,32,9-24-32,MN0,12288,256,24,32,192,9,20352,94336,6144,2304,1728,6144,20064
256x256x256w22-24-14,256,256,256,22,24,14,22-24-14,MNK,5376,224,24,14,384,22,18752,95936,2688,2464,4224,2688,20064
256x256x256w9-32-24,256,256,256,9,32,24,9-32-24,M0K,12288,192,32,24,256,9,20352,94336,6144,1728,2304,6144,20064
256x256x256w9-24-35,256,256,256,9,24,35,9-24-35,MNK,13440,280,24,35,192,9,21936,92752,6720,2520,1728,6720,20064
256x256x256w18-48-9,256,256,256,18,48,9,18-48-9,MNK,6912,144,48,9,768,18,23328,91360,3456,1296,6912,3456,20184
256x256x256w10-40-19,256,256,256,10,40,19,10-40-19,MNK,12160,152,40,19,320,10,21600,93088,6080,1520,3200,6080,20188
256x256x256w21-40-9,256,256,256,21,40,9,21-40-9,MNK,5760,144,40,9,640,21,22224,92464,2880,1512,6720,2880,20300
256x256x256w17-40-11,256,256,256,17,40,11,17-40-11,MNK,7040,176,40,11,640,17,20912,93776,3520,1496,5440,3520,20328
256x256x256w23-16-19,256,256,256,23,16,19,23-16-19,M0K,4864,304,16,19,256,23,17744,96944,2432,3496,2944,2432,20384
256x256x256w23-40-8,256,256,256,23,40,8,23-40-8,MN0,5120,128,40,8,640,23,22784,91904,2560,1472,7360,2560,20384
256x256x256w23-8-37,256,256,256,23,8,37,23-8-37,M0K,4736,592,8,37,128,23,21296,93392,2368,6808,1472,2368,20384
256x256x256w19-40-10,256,256,256,19,40,10,19-40-10,MNK,6400,160,40,10,640,19,21600,93088,3200,1520,6080,3200,20384
256x256x256w23-8-39,256,256,256,23,8,39,23-8-39,M0K,4992,624,8,39,128,23,22288,92400,2496,7176,1472,2496,20384
256x256x256w23-8-38,256,256,256,23,8,38,23-8-38,M0K,4864,608,8,38,128,23,21792,92896,2432,6992,1472,2432,20384
256x256x256w23-8-40,256,256,256,23,8,40,23-8-40,M0K,5120,640,8,40,128,23,22784,91904,2560,7360,1472,2560,20384
256x256x256w23-8-41,256,256,256,23,8,41,23-8-41,M0K,5248,656,8,41,128,23,23280,91408,2624,7544,1472,2624,20384
256x256x256w23-8-42,256,256,256,23,8,42,23-8-42,M0K,5376,672,8,42,128,23,23776,90912,2688,7728,1472,2688,20384
256x256x256w10-24-29,256,256,256,10,24,29,10-24-29,MNK,11136,232,24,29,192,10,19616,95072,5568,2320,1920,5568,20394
256x256x256w10-24-31,256,256,256,10,24,31,10-24-31,MNK,11904,248,24,31,192,10,20704,93984,5952,2480,1920,5952,20394
256x256x256w10-24-30,256,256,256,10,24,30,10-24-30,MNK,11520,240,24,30,192,10,20160,94528,5760,2400,1920,5760,20394
256x256x256w24-32-9,256,256,256,24,32,9,24-32-9,M0K,4608,216,32,9,768,24,20352,94336,2304,1728,6144,2304,20416
256x256x256w32-24-9,256,256,256,32,24,9,32-24-9,0NK,3456,288,24,9,768,32,20352,94336,1728,2304,6144,1728,20416
256x256x256w18-16-25,256,256,256,18,16,25,18-16-25,M0K,6400,400,16,25,256,18,18208,96480,3200,3600,2304,3200,20416
256x256x256w18-32-12,256,256,256,18,32,12,18-32-12,M0K,6144,192,32,12,512,18,18816,95872,3072,1728,4608,3072,20416
256x256x256w18-24-16,256,256,256,18,24,16,18-24-16,MN0,6144,256,24,16,384,18,17664,97024,3072,2304,3456,3072,20416
256x256x256w18-16-24,256,256,256,18,16,24,18-16-24,M0K,6144,384,16,24,256,18,17664,97024,3072,3456,2304,3072,20416
256x256x256w35-24-9,256,256,256,35,24,9,35-24-9,MNK,3456,288,24,9,768,35,21936,92752,1728,2520,6720,1728,20416
256x256x256w34-24-9,256,256,256,34,24,9,34-24-9,MNK,3456,288,24,9,768,34,21408,93280,1728,2448,6528,1728,20416
256x256x256w33-24-9,256,256,256,33,24,9,33-24-9,MNK,3456,288,24,9,768,33,20880,93808,1728,2376,6336,1728,20416
256x256x256w16-8-52,256,256,256,16,8,52,16-8-52,00K,6656,832,8,52,128,16,22016,92672,3328,6656,1024,3328,20480
256x256x256w34-16-13,256,256,256,34,16,13,34-16-13,M0K,3328,416,16,13,512,34,19104,95584,1664,3536,4352,1664,20480
256x256x256w16-16-28,256,256,256,16,16,28,16-16-28,00K,7168,448,16,28,256,16,18432,96256,3584,3584,2048,3584,20480
256x256x256w13-8-76,256,256,256,13,8,76,13-8-76,M0K,9728,608,8,76,64,13,27200,87488,4864,7904,832,4864,20480
256x256x256w58-16-8,256,256,256,58,16,8,58-16-8,M00,2048,448,16,8,896,58,24320,90368,1024,3712,7424,1024,20480
256x256x256w33-8-28,256,256,256,33,8,28,33-8-28,M0K,3584,896,8,28,256,33,22592,92096,1792,7392,2112,1792,20480
256x256x256w75-8-13,256,256,256,75,8,13,75-8-13,M0K,1664,936,8,13,576,75,26864,87824,832,7800,4800,832,20480
256x256x256w62-8-16,256,256,256,62,8,16,62-8-16,M00,2048,896,8,16,448,62,25856,88832,1024,7936,3968,1024,20480
256x256x256w13-8-64,256,256,256,13,8,64,13-8-64,M00,8192,512,8,64,64,13,23168,91520,4096,6656,832,4096,20480
256x256x256w8-56-16,256,256,256,8,56,16,8-56-16,0N0,14336,128,56,16,448,8,23552,91136,7168,1024,3584,7168,20480
256x256x256w16-8-57,256,256,256,16,8,57,16-8-57,00K,7296,912,8,57,128,16,23936,90752,3648,7296,1024,3648,20480
256x256x256w13-8-73,256,256,256,13,8,73,13-8-73,M0K,9344,584,8,73,64,13,26192,88496,4672,7592,832,4672,20480
256x256x256w71-8-13,256,256,256,71,8,13,71-8-13,M0K,1664,832,8,13,512,71,25520,89168,832,7384,4544,832,20480
256x256x256w52-16-8,256,256,256,52,16,8,52-16-8,M00,2048,384,16,8,768,52,22016,92672,1024,3328,6656,1024,20480
256x256x256w26-8-34,256,256,256,26,8,34,26-8-34,M0K,4352,816,8,34,192,26,21824,92864,2176,7072,1664,2176,20480
256x256x256w27-8-34,256,256,256,27,8,34,27-8-34,M0K,4352,816,8,34,192,27,22496,92192,2176,7344,1728,2176,20480
256x256x256w13-8-69,256,256,256,13,8,69,13-8-69,M0K,8832,552,8,69,64,13,24848,89840,4416,7176,832,4416,20480
256x256x256w13-8-65,256,256,256,13,8,65,13-8-65,M0K,8320,520,8,65,64,13,23504,91184,4160,6760,832,4160,20480
256x256x256w27-8-32,256,256,256,27,8,32,27-8-32,M00,4096,768,8,32,192,27,21376,93312,2048,6912,1728,2048,20480
256x256x256w78-8-13,256,256,256,78,8,13,78-8-13,M0K,1664,936,8,13,576,78,27872,86816,832,8112,4992,832,20480
256x256x256w26-16-16,256,256,256,26,16,16,26-16-16,M00,4096,384,16,16,384,26,17408,97280,2048,3328,3328,2048,20480
256x256x256w27-8-33,256,256,256,27,8,33,27-8-33,M0K,4224,792,8,33,192,27,21936,92752,2112,7128,1728,2112,20480
256x256x256w34-8-27,256,256,256,34,8,27,34-8-27,M0K,3456,864,8,27,256,34,22496,92192,1728,7344,2176,1728,20480
256x256x256w13-64-8,256,256,256,13,64,8,13-64-8,M00,8192,64,64,8,512,13,23168,91520,4096,832,6656,4096,20480
256x256x256w16-8-58,256,256,256,16,8,58,16-8-58,00K,7424,928,8,58,128,16,24320,90368,3712,7424,1024,3712,20480
256x256x256w27-32-8,256,256,256,27,32,8,27-32-8,M00,4096,192,32,8,768,27,21376,93312,2048,1728,6912,2048,20480
256x256x256w8-16-63,256,256,256,8,16,63,8-16-63,00K,16128,504,16,63,128,8,26240,88448,8064,4032,1024,8064,20480
256x256x256w62-16-8,256,256,256,62,16,8,62-16-8,M00,2048,448,16,8,896,62,25856,88832,1024,3968,7936,1024,20480
256x256x256w27-8-36,256,256,256,27,8,36,27-8-36,M0K,4608,864,8,36,192,27,23616,91072,2304,7776,1728,2304,20480
256x256x256w8-16-53,256,256,256,8,16,53,8-16-53,00K,13568,424,16,53,128,8,22400,92288,6784,3392,1024,6784,20480
256x256x256w16-8-62,256,256,256,16,8,62,16-8-62,00K,7936,992,8,62,128,16,25856,88832,3968,7936,1024,3968,20480
256x256x256w32-8-27,256,256,256,32,8,27,32-8-27,00K,3456,864,8,27,256,32,21376,93312,1728,6912,2048,1728,20480
256x256x256w8-16-60,256,256,256,8,16,60,8-16-60,00K,15360,480,16,60,128,8,25088,89600,7680,3840,1024,7680,20480
256x256x256w67-8-13,256,256,256,67,8,13,67-8-13,M0K,1664,832,8,13,512,67,24176,90512,832,6968,4288,832,20480
256x256x256w13-8-71,256,256,256,13,8,71,13-8-71,M0K,9088,568,8,71,64,13,25520,89168,4544,7384,832,4544,20480
256x256x256w58-8-16,256,256,256,58,8,16,58-8-16,M00,2048,896,8,16,448,58,24320,90368,1024,7424,3712,1024,20480
256x256x256w35-8-27,256,256,256,35,8,27,35-8-27,M0K,3456,864,8,27,256,35,23056,91632,1728,7560,2240,1728,20480
256x256x256w34-8-28,256,256,256,34,8,28,34-8-28,M0K,3584,896,8,28,256,34,23168,91520,1792,7616,2176,1792,20480
256x256x256w8-16-57,256,256,256,8,16,57,8-16-57,00K,14592,456,16,57,128,8,23936,90752,7296,3648,1024,7296,20480
256x256x256w13-72-8,256,256,256,13,72,8,13-72-8,MN0,9216,64,72,8,576,13,25856,88832,4608,832,7488,4608,20480
256x256x256w32-8-26,256,256,256,32,8,26,32-8-26,00K,3328,832,8,26,256,32,20736,93952,1664,6656,2048,1664,20480
256x256x256w8-16-58,256,256,256,8,16,58,8-16-58,00K,14848,464,16,58,128,8,24320,90368,7424,3712,1024,7424,20480
256x256x256w35-16-13,256,256,256,35,16,13,35-16-13,M0K,3328,416,16,13,512,35,19568,95120,1664,3640,4480,1664,20480
256x256x256w53-16-8,256,256,256,53,16,8,53-16-8,M00,2048,384,16,8,768,53,22400,92288,1024,3392,6784,1024,20480
256x256x256w8-32-27,256,256,256,8,32,27,8-32-27,00K,13824,216,32,27,256,8,21376,93312,6912,1728,2048,6912,20480
256x256x256w13-16-33,256,256,256,13,16,33,13-16-33,M0K,8448,264,16,33,128,13,18640,96048,4224,3432,1664,4224,20480
256x256x256w8-16-62,256,256,256,8,16,62,8-16-62,00K,15872,496,16,62,128,8,25856,88832,7936,3968,1024,7936,20480
256x256x256w16-8-55,256,256,256,16,8,55,16-8-55,00K,7040,880,8,55,128,16,23168,91520,3520,7040,1024,3520,20480
256x256x256w16-8-53,256,256,256,16,8,53,16-8-53,00K,6784,848,8,53,128,16,22400,92288,3392,6784,1024,3392,20480
256x256x256w13-8-74,256,256,256,13,8,74,13-8-74,M0K,9472,592,8,74,64,13,26528,88160,4736,7696,832,4736,20480
256x256x256w13-8-66,256,256,256,13,8,66,13-8-66,M0K,8448,528,8,66,64,13,23840,90848,4224,6864,832,4224,20480
256x256x256w13-16-34,256,256,256,13,16,34,13-16-34,M0K,8704,272,16,34,128,13,19104,95584,4352,3536,1664,4352,20480
256x256x256w26-8-33,256,256,256,26,8,33,26-8-33,M0K,4224,792,8,33,192,26,21280,93408,2112,6864,1664,2112,20480
256x256x256w16-8-61,256,256,256,16,8,61,16-8-61,00K,7808,976,8,61,128,16,25472,89216,3904,7808,1024,3904,20480
256x256x256w59-16-8,256,256,256,59,16,8,59-16-8,M00,2048,448,16,8,896,59,24704,89984,1024,3776,7552,1024,20480
256x256x256w55-16-8,256,256,256,55,16,8,55-16-8,M00,2048,384,16,8,768,55,23168,91520,1024,3520,7040,1024,20480
256x256x256w13-16-32,256,256,256,13,16,32,13-16-32,M00,8192,256,16,32,128,13,18176,96512,4096,3328,1664,4096,20480
256x256x256w26-32-8,256,256,256,26,32,8,26-32-8,M00,4096,192,32,8,768,26,20736,93952,2048,1664,6656,2048,20480
256x256x256w8-32-26,256,256,256,8,32,26,8-32-26,00K,13312,208,32,26,256,8,20736,93952,6656,1664,2048,6656,20480
256x256x256w126-8-8,256,256,256,126,8,8,126-8-8,M00,1024,960,8,8,960,126,33280,81408,512,8064,8064,512,20480
256x256x256w33-16-13,256,256,256,33,16,13,33-16-13,M0K,3328,416,16,13,512,33,18640,96048,1664,3432,4224,1664,20480
256x256x256w54-8-16,256,256,256,54,8,16,54-8-16,M00,2048,768,8,16,384,54,22784,91904,1024,6912,3456,1024,20480
256x256x256w8-16-52,256,256,256,8,16,52,8-16-52,00K,13312,416,16,52,128,8,22016,92672,6656,3328,1024,6656,20480
256x256x256w13-16-35,256,256,256,13,16,35,13-16-35,M0K,8960,280,16,35,128,13,19568,95120,4480,3640,1664,4480,20480
256x256x256w52-8-16,256,256,256,52,8,16,52-8-16,M00,2048,768,8,16,384,52,22016,92672,1024,6656,3328,1024,20480
256x256x256w61-8-16,256,256,256,61,8,16,61-8-16,M00,2048,896,8,16,448,61,25472,89216,1024,7808,3904,1024,20480
256x256x256w35-8-26,256,256,256,35,8,26,35-8-26,M0K,3328,832,8,26,256,35,22368,92320,1664,7280,2240,1664,20480
256x256x256w27-16-16,256,256,256,27,16,16,27-16-16,M00,4096,384,16,16,384,27,17920,96768,2048,3456,3456,2048,20480
256x256x256w16-32-13,256,256,256,16,32,13,16-32-13,00K,6656,208,32,13,512,16,18176,96512,3328,1664,4096,3328,20480
256x256x256w27-8-35,256,256,256,27,8,35,27-8-35,M0K,4480,840,8,35,192,27,23056,91632,2240,7560,1728,2240,20480
256x256x256w72-8-13,256,256,256,72,8,13,72-8-13,M0K,1664,936,8,13,576,72,25856,88832,832,7488,4608,832,20480
256x256x256w16-56-8,256,256,256,16,56,8,16-56-8,0N0,7168,128,56,8,896,16,23552,91136,3584,1024,7168,3584,20480
256x256x256w33-8-27,256,256,256,33,8,27,33-8-27,M0K,3456,864,8,27,256,33,21936,92752,1728,7128,2112,1728,20480
256x256x256w8-32-28,256,256,256,8,32,28,8-32-28,00K,14336,224,32,28,256,8,22016,92672,7168,1792,2048,7168,20480
256x256x256w8-72-13,256,256,256,8,72,13,8-72-13,0NK,14976,104,72,13,576,8,25856,88832,7488,832,4608,7488,20480
256x256x256w13-16-36,256,256,256,13,16,36,13-16-36,M0K,9216,288,16,36,128,13,20032,94656,4608,3744,1664,4608,20480
256x256x256w56-8-16,256,256,256,56,8,16,56-8-16,M00,2048,896,8,16,448,56,23552,91136,1024,7168,3584,1024,20480
256x256x256w74-8-13,256,256,256,74,8,13,74-8-13,M0K,1664,936,8,13,576,74,26528,88160,832,7696,4736,832,20480
256x256x256w16-8-63,256,256,256,16,8,63,16-8-63,00K,8064,1008,8,63,128,16,26240,88448,4032,8064,1024,4032,20480
256x256x256w26-8-35,256,256,256,26,8,35,26-8-35,M0K,4480,840,8,35,192,26,22368,92320,2240,7280,1664,2240,20480
256x256x256w26-8-32,256,256,256,26,8,32,26-8-32,M00,4096,768,8,32,192,26,20736,93952,2048,6656,1664,2048,20480
256x256x256w16-8-60,256,256,256,16,8,60,16-8-60,00K,7680,960,8,60,128,16,25088,89600,3840,7680,1024,3840,20480
256x256x256w32-16-13,256,256,256,32,16,13,32-16-13,00K,3328,416,16,13,512,32,18176,96512,1664,3328,4096,1664,20480
256x256x256w13-8-72,256,256,256,13,8,72,13-8-72,M0K,9216,576,8,72,64,13,25856,88832,4608,7488,832,4608,20480
256x256x256w8-16-54,256,256,256,8,16,54,8-16-54,00K,13824,432,16,54,128,8,22784,91904,6912,3456,1024,6912,20480
256x256x256w65-8-13,256,256,256,65,8,13,65-8-13,M0K,1664,832,8,13,512,65,23504,91184,832,6760,4160,832,20480
256x256x256w13-8-77,256,256,256,13,8,77,13-8-77,M0K,9856,616,8,77,64,13,27536,87152,4928,8008,832,4928,20480
256x256x256w16-16-27,256,256,256,16,16,27,16-16-27,00K,6912,432,16,27,256,16,17920,96768,3456,3456,2048,3456,20480
256x256x256w16-8-59,256,256,256,16,8,59,16-8-59,00K,7552,944,8,59,128,16,24704,89984,3776,7552,1024,3776,20480
256x256x256w54-16-8,256,256,256,54,16,8,54-16-8,M00,2048,384,16,8,768,54,22784,91904,1024,3456,6912,1024,20480
256x256x256w34-8-26,256,256,256,34,8,26,34-8-26,M0K,3328,832,8,26,256,34,21824,92864,1664,7072,2176,1664,20480
256x256x256w57-16-8,256,256,256,57,16,8,57-16-8,M00,2048,448,16,8,896,57,23936,90752,1024,3648,7296,1024,20480
256x256x256w60-16-8,256,256,256,60,16,8,60-16-8,M00,2048,448,16,8,896,60,25088,89600,1024,3840,7680,1024,20480
256x256x256w13-8-68,256,256,256,13,8,68,13-8-68,M0K,8704,544,8,68,64,13,24512,90176,4352,7072,832,4352,20480
256x256x256w13-32-16,256,256,256,13,32,16,13-32-16,M00,8192,128,32,16,256,13,18176,96512,4096,1664,3328,4096,20480
256x256x256w8-64-13,256,256,256,8,64,13,8-64-13,00K,13312,104,64,13,512,8,23168,91520,6656,832,4096,6656,20480
256x256x256w59-8-16,256,256,256,59,8,16,59-8-16,M00,2048,896,8,16,448,59,24704,89984,1024,7552,3776,1024,20480
256x256x256w8-16-59,256,256,256,8,16,59,8-16-59,00K,15104,472,16,59,128,8,24704,89984,7552,3776,1024,7552,20480
256x256x256w8-16-56,256,256,256,8,16,56,8-16-56,00K,14336,448,16,56,128,8,23552,91136,7168,3584,1024,7168,20480
256x256x256w53-8-16,256,256,256,53,8,16,53-8-16,M00,2048,768,8,16,384,53,22400,92288,1024,6784,3392,1024,20480
256x256x256w68-8-13,256,256,256,68,8,13,68-8-13,M0K,1664,832,8,13,512,68,24512,90176,832,7072,4352,832,20480
256x256x256w61-16-8,256,256,256,61,16,8,61-16-8,M00,2048,448,16,8,896,61,25472,89216,1024,3904,7808,1024,20480
256x256x256w26-8-36,256,256,256,26,8,36,26-8-36,M0K,4608,864,8,36,192,26,22912,91776,2304,7488,1664,2304,20480
256x256x256w16-8-56,256,256,256,16,8,56,16-8-56,00K,7168,896,8,56,128,16,23552,91136,3584,7168,1024,3584,20480
256x256x256w16-8-54,256,256,256,16,8,54,16-8-54,00K,6912,864,8,54,128,16,22784,91904,3456,6912,1024,3456,20480
256x256x256w60-8-16,256,256,256,60,8,16,60-8-16,M00,2048,896,8,16,448,60,25088,89600,1024,7680,3840,1024,20480
256x256x256w56-16-8,256,256,256,56,16,8,56-16-8,M00,2048,448,16,8,896,56,23552,91136,1024,3584,7168,1024,20480
256x256x256w55-8-16,256,256,256,55,8,16,55-8-16,M00,2048,768,8,16,384,55,23168,91520,1024,7040,3520,1024,20480
256x256x256w64-8-13,256,256,256,64,8,13,64-8-13,00K,1664,832,8,13,512,64,23168,91520,832,6656,4096,832,20480
256x256x256w16-16-26,256,256,256,16,16,26,16-16-26,00K,6656,416,16,26,256,16,17408,97280,3328,3328,2048,3328,20480
256x256x256w76-8-13,256,256,256,76,8,13,76-8-13,M0K,1664,936,8,13,576,76,27200,87488,832,7904,4864,832,20480
256x256x256w8-16-55,256,256,256,8,16,55,8-16-55,00K,14080,440,16,55,128,8,23168,91520,7040,3520,1024,7040,20480
256x256x256w77-8-13,256,256,256,77,8,13,77-8-13,M0K,1664,936,8,13,576,77,27536,87152,832,8008,4928,832,20480
256x256x256w13-8-75,256,256,256,13,8,75,13-8-75,M0K,9600,600,8,75,64,13,26864,87824,4800,7800,832,4800,20480
256x256x256w32-8-28,256,256,256,32,8,28,32-8-28,00K,3584,896,8,28,256,32,22016,92672,1792,7168,2048,1792,20480
256x256x256w57-8-16,256,256,256,57,8,16,57-8-16,M00,2048,896,8,16,448,57,23936,90752,1024,7296,3648,1024,20480
256x256x256w33-8-26,256,256,256,33,8,26,33-8-26,M0K,3328,832,8,26,256,33,21280,93408,1664,6864,2112,1664,20480
256x256x256w66-8-13,256,256,256,66,8,13,66-8-13,M0K,1664,832,8,13,512,66,23840,90848,832,6864,4224,832,20480
256x256x256w73-8-13,256,256,256,73,8,13,73-8-13,M0K,1664,936,8,13,576,73,26192,88496,832,7592,4672,832,20480
256x256x256w70-8-13,256,256,256,70,8,13,70-8-13,M0K,1664,832,8,13,512,70,25184,89504,832,7280,4480,832,20480
256x256x256w8-16-61,256,256,256,8,16,61,8-16-61,00K,15616,488,16,61,128,8,25472,89216,7808,3904,1024,7808,20480
256x256x256w69-8-13,256,256,256,69,8,13,69-8-13,M0K,1664,832,8,13,512,69,24848,89840,832,7176,4416,832,20480
256x256x256w13-8-78,256,256,256,13,8,78,13-8-78,M0K,9984,624,8,78,64,13,27872,86816,4992,8112,832,4992,20480
256x256x256w13-8-70,256,256,256,13,8,70,13-8-70,M0K,8960,560,8,70,64,13,25184,89504,4480,7280,832,4480,20480
256x256x256w35-8-28,256,256,256,35,8,28,35-8-28,M0K,3584,896,8,28,256,35,23744,90944,1792,7840,2240,1792,20480
256x256x256w13-8-67,256,256,256,13,8,67,13-8-67,M0K,8576,536,8,67,64,13,24176,90512,4288,6968,832,4288,20480
256x256x256w9-48-18,256,256,256,9,48,18,9-48-18,MNK,13824,144,48,18,384,9,23328,91360,6912,1296,3456,6912,20520
256x256x256w11-24-27,256,256,256,11,24,27,11-24-27,MNK,10368,216,24,27,192,11,19344,95344,5184,2376,2112,5184,20570
256x256x256w11-24-26,256,256,256,11,24,26,11-24-26,MNK,9984,208,24,26,192,11,18784,95904,4992,2288,2112,4992,20570
256x256x256w11-24-28,256,256,256,11,24,28,11-24-28,MNK,10752,224,24,28,192,11,19904,94784,5376,2464,2112,5376,20570
256x256x256w11-56-12,256,256,256,11,56,12,11-56-12,MNK,10752,96,56,12,448,11,22720,91968,5376,1056,4928,5376,20570
256x256x256w31-24-10,256,256,256,31,24,10,31-24-10,MNK,3840,240,24,10,576,31,20704,93984,1920,2480,5952,1920,20592
256x256x256w30-24-10,256,256,256,30,24,10,30-24-10,MNK,3840,240,24,10,576,30,20160,94528,1920,2400,5760,1920,20592
256x256x256w29-24-10,256,256,256,29,24,10,29-24-10,MNK,3840,240,24,10,576,29,19616,95072,1920,2320,5568,1920,20592
256x256x256w10-56-13,256,256,256,10,56,13,10-56-13,MNK,11648,104,56,13,448,10,22688,92000,5824,1040,4480,5824,20600
256x256x256w50-8-19,256,256,256,50,8,19,50-8-19,M0K,2432,912,8,19,384,50,24032,90656,1216,7600,3200,1216,20608
256x256x256w12-48-13,256,256,256,12,48,13,12-48-13,MNK,9984,104,48,13,384,12,21696,92992,4992,1248,4608,4992,20640
256x256x256w12-32-18,256,256,256,12,32,18,12-32-18,M0K,9216,144,32,18,256,12,18816,95872,4608,1728,3072,4608,20640
256x256x256w12-56-11,256,256,256,12,56,11,12-56-11,MNK,9856,88,56,11,448,12,22720,91968,4928,1056,5376,4928,20640
256x256x256w25-16-18,256,256,256,25,16,18,25-16-18,M0K,4608,432,16,18,384,25,18208,96480,2304,3600,3200,2304,20640
256x256x256w14-40-13,256,256,256,14,40,13,14-40-13,MNK,8320,104,40,13,320,14,20192,94496,4160,1456,4480,4160,20720
256x256x256w31-8-30,256,256,256,31,8,30,31-8-30,M0K,3840,720,8,30,192,31,22688,92000,1920,7440,1984,1920,20736
256x256x256w29-8-31,256,256,256,29,8,31,29-8-31,M0K,3968,744,8,31,192,29,22064,92624,1984,7192,1856,1984,20736
256x256x256w31-8-29,256,256,256,31,8,29,31-8-29,M0K,3712,696,8,29,192,31,22064,92624,1856,7192,1984,1856,20736
256x256x256w30-8-31,256,256,256,30,8,31,30-8-31,M0K,3968,744,8,31,192,30,22688,92000,1984,7440,1920,1984,20736
256x256x256w30-8-30,256,256,256,30,8,30,30-8-30,M0K,3840,720,8,30,192,30,22080,92608,1920,7200,1920,1920,20736
256x256x256w31-8-31,256,256,256,31,8,31,31-8-31,M0K,3968,744,8,31,192,31,23312,91376,1984,7688,1984,1984,20736
256x256x256w29-8-29,256,256,256,29,8,29,29-8-29,M0K,3712,696,8,29,192,29,20880,93808,1856,6728,1856,1856,20736
256x256x256w29-8-30,256,256,256,29,8,30,29-8-30,M0K,3840,720,8,30,192,29,21472,93216,1920,6960,1856,1920,20736
256x256x256w30-8-29,256,256,256,30,8,29,30-8-29,M0K,3712,696,8,29,192,30,21472,93216,1856,6960,1920,1856,20736
256x256x256w9-40-20,256,256,256,9,40,20,9-40-20,MNK,12800,160,40,20,320,9,21440,93248,6400,1440,2880,6400,20748
256x256x256w9-40-21,256,256,256,9,40,21,9-40-21,MNK,13440,168,40,21,320,9,22224,92464,6720,1512,2880,6720,20748
256x256x256w21-16-21,256,256,256,21,16,21,21-16-21,M0K,5376,336,16,21,256,21,17808,96880,2688,3528,2688,2688,20800
256x256x256w21-16-20,256,256,256,21,16,20,21-16-20,M0K,5120,320,16,20,256,21,17216,97472,2560,3360,2688,2560,20800
256x256x256w21-32-10,256,256,256,21,32,10,21-32-10,M0K,5120,160,32,10,512,21,19232,95456,2560,1680,5376,2560,20800
256x256x256w13-56-10,256,256,256,13,56,10,13-56-10,MNK,8960,80,56,10,448,13,22688,92000,4480,1040,5824,4480,20800
256x256x256w85-8-10,256,256,256,85,8,10,85-8-10,M0K,1280,800,8,10,640,85,25760,88928,640,6800,5440,640,20800
256x256x256w12-24-24,256,256,256,12,24,24,12-24-24,MNK,9216,192,24,24,192,12,18432,96256,4608,2304,2304,4608,20812
256x256x256w25-24-12,256,256,256,25,24,12,25-24-12,MNK,4608,288,24,12,576,25,19008,95680,2304,2400,4800,2304,20812
256x256x256w12-24-25,256,256,256,12,24,25,12-24-25,MNK,9600,200,24,25,192,12,19008,95680,4800,2400,2304,4800,20812
256x256x256w15-32-14,256,256,256,15,32,14,15-32-14,M0K,7168,112,32,14,256,15,18208,96480,3584,1680,3840,3584,20824
256x256x256w21-24-14,256,256,256,21,24,14,21-24-14,MNK,5376,224,24,14,384,21,18144,96544,2688,2352,4032,2688,20900
256x256x256w11-16-42,256,256,256,11,16,42,11-16-42,M0K,10752,336,16,42,128,11,20960,93728,5376,3696,1408,5376,20944
256x256x256w11-16-41,256,256,256,11,16,41,11-16-41,M0K,10496,328,16,41,128,11,20528,94160,5248,3608,1408,5248,20944
256x256x256w11-32-19,256,256,256,11,32,19,11-32-19,M0K,9728,152,32,19,256,11,18704,95984,4864,1672,2816,4864,20944
256x256x256w11-16-37,256,256,256,11,16,37,11-16-37,M0K,9472,296,16,37,128,11,18800,95888,4736,3256,1408,4736,20944
256x256x256w11-16-39,256,256,256,11,16,39,11-16-39,M0K,9984,312,16,39,128,11,19664,95024,4992,3432,1408,4992,20944
256x256x256w11-16-38,256,256,256,11,16,38,11-16-38,M0K,9728,304,16,38,128,11,19232,95456,4864,3344,1408,4864,20944
256x256x256w11-40-16,256,256,256,11,40,16,11-40-16,MN0,10240,128,40,16,320,11,20096,94592,5120,1408,3520,5120,20944
256x256x256w11-16-40,256,256,256,11,16,40,11-16-40,M0K,10240,320,16,40,128,11,20096,94592,5120,3520,1408,5120,20944
256x256x256w51-8-16,256,256,256,51,8,16,51-8-16,M00,2048,768,8,16,384,51,21632,93056,1024,6528,3264,1024,20992
256x256x256w51-16-8,256,256,256,51,16,8,51-16-8,M00,2048,384,16,8,768,51,21632,93056,1024,3264,6528,1024,20992
256x256x256w17-48-9,256,256,256,17,48,9,17-48-9,MNK,6912,144,48,9,768,17,22416,92272,3456,1224,6528,3456,21054
256x256x256w15-24-19,256,256,256,15,24,19,15-24-19,MNK,7296,152,24,19,192,15,17616,97072,3648,2280,2880,3648,21098
256x256x256w15-40-12,256,256,256,15,40,12,15-40-12,MNK,7680,96,40,12,320,15,20160,94528,3840,1440,4800,3840,21098
256x256x256w20-40-9,256,256,256,20,40,9,20-40-9,MNK,5760,144,40,9,640,20,21440,93248,2880,1440,6400,2880,21112
256x256x256w18-40-10,256,256,256,18,40,10,18-40-10,MNK,6400,160,40,10,640,18,20800,93888,3200,1440,5760,3200,21112
256x256x256w23-32-9,256,256,256,23,32,9,23-32-9,M0K,4608,144,32,9,512,23,19696,94992,2304,1656,5888,2304,21112
256x256x256w22-24-13,256,256,256,22,24,13,22-24-13,MNK,4992,208,24,13,384,22,18016,96672,2496,2288,4224,2496,21120
256x256x256w24-16-18,256,256,256,24,16,18,24-16-18,M0K,4608,432,16,18,384,24,17664,97024,2304,3456,3072,2304,21120
256x256x256w13-48-12,256,256,256,13,48,12,13-48-12,MNK,9216,96,48,12,384,13,21696,92992,4608,1248,4992,4608,21120
256x256x256w36-16-12,256,256,256,36,16,12,36-16-12,M0K,3072,384,16,12,512,36,19200,95488,1536,3456,4608,1536,21120
256x256x256w13-24-22,256,256,256,13,24,22,13-24-22,MNK,8448,176,24,22,192,13,18016,96672,4224,2288,2496,4224,21120
256x256x256w36-24-8,256,256,256,36,24,8,36-24-8,MN0,3072,256,24,8,768,36,21504,93184,1536,2304,6912,1536,21120
256x256x256w26-24-11,256,256,256,26,24,11,26-24-11,MNK,4224,264,24,11,576,26,18784,95904,2112,2288,4992,2112,21120
256x256x256w16-24-18,256,256,256,16,24,18,16-24-18,0NK,6912,288,24,18,384,16,17664,97024,3456,2304,3072,3456,21120
256x256x256w27-24-11,256,256,256,27,24,11,27-24-11,MNK,4224,264,24,11,576,27,19344,95344,2112,2376,5184,2112,21120
256x256x256w36-8-25,256,256,256,36,8,25,36-8-25,M0K,3200,800,8,25,256,36,22208,92480,1600,7200,2304,1600,21120
256x256x256w13-24-23,256,256,256,13,24,23,13-24-23,MNK,8832,184,24,23,192,13,18608,96080,4416,2392,2496,4416,21120
256x256x256w36-8-24,256,256,256,36,8,24,36-8-24,M0K,3072,768,8,24,256,36,21504,93184,1536,6912,2304,1536,21120
256x256x256w14-24-20,256,256,256,14,24,20,14-24-20,MNK,7680,160,24,20,192,14,17536,97152,3840,2240,2688,3840,21164
256x256x256w14-24-21,256,256,256,14,24,21,14-24-21,MNK,8064,168,24,21,192,14,18144,96544,4032,2352,2688,4032,21164
256x256x256w13-40-14,256,256,256,13,40,14,13-40-14,MNK,8960,112,40,14,320,13,20192,94496,4480,1456,4160,4480,21280
256x256x256w17-24-16,256,256,256,17,24,16,17-24-16,MN0,6144,256,24,16,384,17,17024,97664,3072,2176,3264,3072,21296
256x256x256w17-16-24,256,256,256,17,16,24,17-16-24,M0K,6144,384,16,24,256,17,17024,97664,3072,3264,2176,3072,21296
256x256x256w17-16-25,256,256,256,17,16,25,17-16-25,M0K,6400,400,16,25,256,17,17552,97136,3200,3400,2176,3200,21296
256x256x256w17-32-12,256,256,256,17,32,12,17-32-12,M0K,6144,192,32,12,512,17,18112,96576,3072,1632,4352,3072,21296
256x256x256w24-24-12,256,256,256,24,24,12,24-24-12,MNK,4608,288,24,12,576,24,18432,96256,2304,2304,4608,2304,21296
256x256x256w14-16-31,256,256,256,14,16,31,14-16-31,M0K,7936,248,16,31,128,14,18464,96224,3968,3472,1792,3968,21312
256x256x256w14-16-30,256,256,256,14,16,30,14-16-30,M0K,7680,240,16,30,128,14,17984,96704,3840,3360,1792,3840,21312
256x256x256w14-48-11,256,256,256,14,48,11,14-48-11,MNK,8448,88,48,11,384,14,21664,93024,4224,1232,5376,4224,21312
256x256x256w14-16-29,256,256,256,14,16,29,14-16-29,M0K,7424,232,16,29,128,14,17504,97184,3712,3248,1792,3712,21312
256x256x256w11-48-14,256,256,256,11,48,14,11-48-14,MNK,10752,112,48,14,384,11,21664,93024,5376,1232,4224,5376,21318
256x256x256w50-16-9,256,256,256,50,16,9,50-16-9,M0K,2304,432,16,9,768,50,22304,92384,1152,3600,6400,1152,21344
256x256x256w15-48-10,256,256,256,15,48,10,15-48-10,MNK,7680,80,48,10,384,15,21600,93088,3840,1200,5760,3840,21372
256x256x256w10-64-10,256,256,256,10,64,10,10-64-10,M0K,10240,80,64,10,512,10,22080,92608,5120,800,5120,5120,21424
256x256x256w10-72-10,256,256,256,10,72,10,10-72-10,MNK,11520,80,72,10,576,10,24640,90048,5760,800,5760,5760,21424
256x256x256w10-32-20,256,256,256,10,32,20,10-32-20,M0K,10240,160,32,20,256,10,18560,96128,5120,1600,2560,5120,21424
256x256x256w10-80-10,256,256,256,10,80,10,10-80-10,MNK,12800,80,80,10,640,10,27200,87488,6400,800,6400,6400,21424
256x256x256w10-32-21,256,256,256,10,32,21,10-32-21,M0K,10752,168,32,21,256,10,19232,95456,5376,1680,2560,5376,21424
256x256x256w14-56-9,256,256,256,14,56,9,14-56-9,MNK,8064,72,56,9,448,14,22624,92064,4032,1008,6272,4032,21460
256x256x256w22-8-41,256,256,256,22,8,41,22-8-41,M0K,5248,656,8,41,128,22,22496,92192,2624,7216,1408,2624,21504
256x256x256w19-8-47,256,256,256,19,8,47,19-8-47,M0K,6016,752,8,47,128,19,22736,91952,3008,7144,1216,3008,21504
256x256x256w22-8-37,256,256,256,22,8,37,22-8-37,M0K,4736,592,8,37,128,22,20576,94112,2368,6512,1408,2368,21504
256x256x256w19-8-44,256,256,256,19,8,44,19-8-44,M0K,5632,704,8,44,128,19,21440,93248,2816,6688,1216,2816,21504
256x256x256w19-8-48,256,256,256,19,8,48,19-8-48,M0K,6144,768,8,48,128,19,23168,91520,3072,7296,1216,3072,21504
256x256x256w40-8-22,256,256,256,40,8,22,40-8-22,M0K,2816,880,8,22,320,40,22016,92672,1408,7040,2560,1408,21504
256x256x256w43-8-19,256,256,256,43,8,19,43-8-19,M0K,2432,760,8,19,320,43,21008,93680,1216,6536,2752,1216,21504
256x256x256w19-8-49,256,256,256,19,8,49,19-8-49,M0K,6272,784,8,49,128,19,23600,91088,3136,7448,1216,3136,21504
256x256x256w19-8-45,256,256,256,19,8,45,19-8-45,M0K,5760,720,8,45,128,19,21872,92816,2880,6840,1216,2880,21504
256x256x256w8-48-19,256,256,256,8,48,19,8-48-19,0NK,14592,152,48,19,384,8,23168,91520,7296,1216,3072,7296,21504
256x256x256w45-8-19,256,256,256,45,8,19,45-8-19,M0K,2432,760,8,19,320,45,21872,92816,1216,6840,2880,1216,21504
256x256x256w41-8-22,256,256,256,41,8,22,41-8-22,M0K,2816,880,8,22,320,41,22496,92192,1408,7216,2624,1408,21504
256x256x256w37-8-23,256,256,256,37,8,23,37-8-23,M0K,2944,736,8,23,256,37,21296,93392,1472,6808,2368,1472,21504
256x256x256w46-8-19,256,256,256,46,8,19,46-8-19,M0K,2432,760,8,19,320,46,22304,92384,1216,6992,2944,1216,21504
256x256x256w8-40-22,256,256,256,8,40,22,8-40-22,0NK,14080,176,40,22,320,8,22016,92672,7040,1408,2560,7040,21504
256x256x256w39-8-23,256,256,256,39,8,23,39-8-23,M0K,2944,736,8,23,256,39,22288,92400,1472,7176,2496,1472,21504
256x256x256w38-8-23,256,256,256,38,8,23,38-8-23,M0K,2944,736,8,23,256,38,21792,92896,1472,6992,2432,1472,21504
256x256x256w41-8-23,256,256,256,41,8,23,41-8-23,M0K,2944,920,8,23,320,41,23280,91408,1472,7544,2624,1472,21504
256x256x256w22-8-40,256,256,256,22,8,40,22-8-40,M0K,5120,640,8,40,128,22,22016,92672,2560,7040,1408,2560,21504
256x256x256w22-8-39,256,256,256,22,8,39,22-8-39,M0K,4992,624,8,39,128,22,21536,93152,2496,6864,1408,2496,21504
256x256x256w44-8-19,256,256,256,44,8,19,44-8-19,M0K,2432,760,8,19,320,44,21440,93248,1216,6688,2816,1216,21504
256x256x256w19-8-43,256,256,256,19,8,43,19-8-43,M0K,5504,688,8,43,128,19,21008,93680,2752,6536,1216,2752,21504
256x256x256w37-8-22,256,256,256,37,8,22,37-8-22,M0K,2816,704,8,22,256,37,20576,94112,1408,6512,2368,1408,21504
256x256x256w8-40-23,256,256,256,8,40,23,8-40-23,0NK,14720,184,40,23,320,8,22784,91904,7360,1472,2560,7360,21504
256x256x256w19-16-22,256,256,256,19,16,22,19-16-22,M0K,5632,352,16,22,256,19,17184,97504,2816,3344,2432,2816,21504
256x256x256w39-8-22,256,256,256,39,8,22,39-8-22,M0K,2816,704,8,22,256,39,21536,93152,1408,6864,2496,1408,21504
256x256x256w22-8-38,256,256,256,22,8,38,22-8-38,M0K,4864,608,8,38,128,22,21056,93632,2432,6688,1408,2432,21504
256x256x256w19-48-8,256,256,256,19,48,8,19-48-8,MN0,6144,128,48,8,768,19,23168,91520,3072,1216,7296,3072,21504
256x256x256w19-8-46,256,256,256,19,8,46,19-8-46,M0K,5888,736,8,46,128,19,22304,92384,2944,6992,1216,2944,21504
256x256x256w38-8-22,256,256,256,38,8,22,38-8-22,M0K,2816,704,8,22,256,38,21056,93632,1408,6688,2432,1408,21504
256x256x256w41-16-11,256,256,256,41,16,11,41-16-11,M0K,2816,440,16,11,640,41,20528,94160,1408,3608,5248,1408,21504
256x256x256w16-40-11,256,256,256,16,40,11,16-40-11,0NK,7040,176,40,11,640,16,20096,94592,3520,1408,5120,3520,21504
256x256x256w19-8-50,256,256,256,19,8,50,19-8-50,M0K,6400,800,8,50,128,19,24032,90656,3200,7600,1216,3200,21504
256x256x256w48-8-19,256,256,256,48,8,19,48-8-19,M0K,2432,912,8,19,384,48,23168,91520,1216,7296,3072,1216,21504
256x256x256w22-40-8,256,256,256,22,40,8,22-40-8,MN0,5120,128,40,8,640,22,22016,92672,2560,1408,7040,2560,21504
256x256x256w40-16-11,256,256,256,40,16,11,40-16-11,M0K,2816,440,16,11,640,40,20096,94592,1408,3520,5120,1408,21504
256x256x256w38-16-11,256,256,256,38,16,11,38-16-11,M0K,2816,352,16,11,512,38,19232,95456,1408,3344,4864,1408,21504
256x256x256w19-32-11,256,256,256,19,32,11,19-32-11,M0K,5632,176,32,11,512,19,18704,95984,2816,1672,4864,2816,21504
256x256x256w40-8-23,256,256,256,40,8,23,40-8-23,M0K,2944,920,8,23,320,40,22784,91904,1472,7360,2560,1472,21504
256x256x256w84-8-11,256,256,256,84,8,11,84-8-11,M0K,1408,880,8,11,640,84,26944,87744,704,7392,5376,704,21504
256x256x256w19-16-23,256,256,256,19,16,23,19-16-23,M0K,5888,368,16,23,256,19,17744,96944,2944,3496,2432,2944,21504
256x256x256w39-16-11,256,256,256,39,16,11,39-16-11,M0K,2816,352,16,11,512,39,19664,95024,1408,3432,4992,1408,21504
256x256x256w47-8-19,256,256,256,47,8,19,47-8-19,M0K,2432,760,8,19,320,47,22736,91952,1216,7144,3008,1216,21504
256x256x256w22-8-42,256,256,256,22,8,42,22-8-42,M0K,5376,672,8,42,128,22,22976,91712,2688,7392,1408,2688,21504
256x256x256w22-16-19,256,256,256,22,16,19,22-16-19,M0K,4864,304,16,19,256,22,17184,97504,2432,3344,2816,2432,21504
256x256x256w37-16-11,256,256,256,37,16,11,37-16-11,M0K,2816,352,16,11,512,37,18800,95888,1408,3256,4736,1408,21504
256x256x256w49-8-19,256,256,256,49,8,19,49-8-19,M0K,2432,912,8,19,384,49,23600,91088,1216,7448,3136,1216,21504
256x256x256w10-40-18,256,256,256,10,40,18,10-40-18,MNK,11520,144,40,18,320,10,20800,93888,5760,1440,3200,5760,21630
256x256x256w20-16-21,256,256,256,20,16,21,20-16-21,M0K,5376,336,16,21,256,20,17216,97472,2688,3360,2560,2688,21632
256x256x256w42-8-20,256,256,256,42,8,20,42-8-20,M0K,2560,800,8,20,320,42,21376,93312,1280,6720,2688,1280,21632
256x256x256w20-32-10,256,256,256,20,32,10,20-32-10,M0K,5120,160,32,10,512,20,18560,96128,2560,1600,5120,2560,21632
256x256x256w20-16-20,256,256,256,20,16,20,20-16-20,M0K,5120,320,16,20,256,20,16640,98048,2560,3200,2560,2560,21632
256x256x256w42-8-21,256,256,256,42,8,21,42-8-21,M0K,2688,840,8,21,320,42,22176,92512,1344,7056,2688,1344,21632
256x256x256w42-16-10,256,256,256,42,16,10,42-16-10,M0K,2560,400,16,10,640,42,20032,94656,1280,3360,5376,1280,21632
256x256x256w9-56-14,256,256,256,9,56,14,9-56-14,MNK,12544,112,56,14,448,9,22624,92064,6272,1008,4032,6272,21660
256x256x256w11-64-9,256,256,256,11,64,9,11-64-9,M0K,9216,72,64,9,512,11,22064,92624,4608,792,5632,4608,21692
256x256x256w11-80-9,256,256,256,11,80,9,11-80-9,MNK,11520,72,80,9,640,11,27184,87504,5760,792,7040,5760,21692
256x256x256w11-72-9,256,256,256,11,72,9,11-72-9,MNK,10368,72,72,9,576,11,24624,90064,5184,792,6336,5184,21692
256x256x256w20-24-14,256,256,256,20,24,14,20-24-14,MNK,5376,224,24,14,384,20,17536,97152,2688,2240,3840,2688,21736
256x256x256w28-24-10,256,256,256,28,24,10,28-24-10,MNK,3840,240,24,10,576,28,19072,95616,1920,2240,5376,1920,21736
256x256x256w83-8-12,256,256,256,83,8,12,83-8-12,M0K,1536,960,8,12,640,83,28096,86592,768,7968,5312,768,21824
256x256x256w23-16-18,256,256,256,23,16,18,23-16-18,M0K,4608,288,16,18,256,23,17120,97568,2304,3312,2944,2304,21840
256x256x256w28-8-31,256,256,256,28,8,31,28-8-31,M0K,3968,744,8,31,192,28,21440,93248,1984,6944,1792,1984,21888
256x256x256w9-64-11,256,256,256,9,64,11,9-64-11,M0K,11264,88,64,11,512,9,22064,92624,5632,792,4608,5632,21888
256x256x256w9-8-96,256,256,256,9,8,96,9-8-96,M0K,12288,768,8,96,64,9,27264,87424,6144,6912,576,6144,21888
256x256x256w9-8-102,256,256,256,9,8,102,9-8-102,M0K,13056,816,8,102,64,9,28896,85792,6528,7344,576,6528,21888
256x256x256w9-8-99,256,256,256,9,8,99,9-8-99,M0K,12672,792,8,99,64,9,28080,86608,6336,7128,576,6336,21888
256x256x256w9-8-109,256,256,256,9,8,109,9-8-109,M0K,13952,872,8,109,64,9,30800,83888,6976,7848,576,6976,21888
256x256x256w9-8-112,256,256,256,9,8,112,9-8-112,M0K,14336,896,8,112,64,9,31616,83072,7168,8064,576,7168,21888
256x256x256w9-8-91,256,256,256,9,8,91,9-8-91,M0K,11648,728,8,91,64,9,25904,88784,5824,6552,576,5824,21888
256x256x256w9-104-8,256,256,256,9,104,8,9-104-8,MN0,13312,64,104,8,832,9,29440,85248,6656,576,7488,6656,21888
256x256x256w9-16-50,256,256,256,9,16,50,9-16-50,M0K,12800,400,16,50,128,9,22304,92384,6400,3600,1152,6400,21888
256x256x256w9-8-108,256,256,256,9,8,108,9-8-108,M0K,13824,864,8,108,64,9,30528,84160,6912,7776,576,6912,21888
256x256x256w9-8-92,256,256,256,9,8,92,9-8-92,M0K,11776,736,8,92,64,9,26176,88512,5888,6624,576,5888,21888
256x256x256w9-32-23,256,256,256,9,32,23,9-32-23,M0K,11776,184,32,23,256,9,19696,94992,5888,1656,2304,5888,21888
256x256x256w9-8-88,256,256,256,9,8,88,9-8-88,M0K,11264,704,8,88,64,9,25088,89600,5632,6336,576,5632,21888
256x256x256w9-8-101,256,256,256,9,8,101,9-8-101,M0K,12928,808,8,101,64,9,28624,86064,6464,7272,576,6464,21888
256x256x256w9-72-11,256,256,256,9,72,11,9-72-11,MNK,12672,88,72,11,576,9,24624,90064,6336,792,5184,6336,21888
256x256x256w9-80-11,256,256,256,9,80,11,9-80-11,MNK,14080,88,80,11,640,9,27184,87504,7040,792,5760,7040,21888
256x256x256w9-8-103,256,256,256,9,8,103,9-8-103,M0K,13184,824,8,103,64,9,29168,85520,6592,7416,576,6592,21888
256x256x256w9-16-43,256,256,256,9,16,43,9-16-43,M0K,11008,344,16,43,128,9,19504,95184,5504,3096,1152,5504,21888
256x256x256w9-16-48,256,256,256,9,16,48,9-16-48,M0K,12288,384,16,48,128,9,21504,93184,6144,3456,1152,6144,21888
256x256x256w9-16-47,256,256,256,9,16,47,9-16-47,M0K,12032,376,16,47,128,9,21104,93584,6016,3384,1152,6016,21888
256x256x256w9-8-110,256,256,256,9,8,110,9-8-110,M0K,14080,880,8,110,64,9,31072,83616,7040,7920,576,7040,21888
256x256x256w9-32-22,256,256,256,9,32,22,9-32-22,M0K,11264,176,32,22,256,9,19040,95648,5632,1584,2304,5632,21888
256x256x256w9-8-89,256,256,256,9,8,89,9-8-89,M0K,11392,712,8,89,64,9,25360,89328,5696,6408,576,5696,21888
256x256x256w9-8-94,256,256,256,9,8,94,9-8-94,M0K,12032,752,8,94,64,9,26720,87968,6016,6768,576,6016,21888
256x256x256w9-8-113,256,256,256,9,8,113,9-8-113,M0K,14464,904,8,113,64,9,31888,82800,7232,8136,576,7232,21888
256x256x256w9-8-111,256,256,256,9,8,111,9-8-111,M0K,14208,888,8,111,64,9,31344,83344,7104,7992,576,7104,21888
256x256x256w9-8-97,256,256,256,9,8,97,9-8-97,M0K,12416,776,8,97,64,9,27536,87152,6208,6984,576,6208,21888
256x256x256w9-8-93,256,256,256,9,8,93,9-8-93,M0K,11904,744,8,93,64,9,26448,88240,5952,6696,576,5952,21888
256x256x256w9-16-49,256,256,256,9,16,49,9-16-49,M0K,12544,392,16,49,128,9,21904,92784,6272,3528,1152,6272,21888
256x256x256w9-8-107,256,256,256,9,8,107,9-8-107,M0K,13696,856,8,107,64,9,30256,84432,6848,7704,576,6848,21888
256x256x256w9-16-44,256,256,256,9,16,44,9-16-44,M0K,11264,352,16,44,128,9,19904,94784,5632,3168,1152,5632,21888
256x256x256w30-16-14,256,256,256,30,16,14,30-16-14,M0K,3584,336,16,14,384,30,17984,96704,1792,3360,3840,1792,21888
256x256x256w9-48-16,256,256,256,9,48,16,9-48-16,MN0,12288,128,48,16,384,9,21504,93184,6144,1152,3456,6144,21888
256x256x256w9-8-90,256,256,256,9,8,90,9-8-90,M0K,11520,720,8,90,64,9,25632,89056,5760,6480,576,5760,21888
256x256x256w9-88-8,256,256,256,9,88,8,9-88-8,MN0,11264,64,88,8,704,9,25088,89600,5632,576,6336,5632,21888
256x256x256w9-16-45,256,256,256,9,16,45,9-16-45,M0K,11520,360,16,45,128,9,20304,94384,5760,3240,1152,5760,21888
256x256x256w9-96-8,256,256,256,9,96,8,9-96-8,MN0,12288,64,96,8,768,9,27264,87424,6144,576,6912,6144,21888
256x256x256w9-8-106,256,256,256,9,8,106,9-8-106,M0K,13568,848,8,106,64,9,29984,84704,6784,7632,576,6784,21888
256x256x256w28-8-30,256,256,256,28,8,30,28-8-30,M0K,3840,720,8,30,192,28,20864,93824,1920,6720,1792,1920,21888
256x256x256w9-112-8,256,256,256,9,112,8,9-112-8,MN0,14336,64,112,8,896,9,31616,83072,7168,576,8064,7168,21888
256x256x256w9-8-87,256,256,256,9,8,87,9-8-87,M0K,11136,696,8,87,64,9,24816,89872,5568,6264,576,5568,21888
256x256x256w63-8-14,256,256,256,63,8,14,63-8-14,M0K,1792,784,8,14,448,63,23968,90720,896,7056,4032,896,21888
256x256x256w9-8-100,256,256,256,9,8,100,9-8-100,M0K,12800,800,8,100,64,9,28352,86336,6400,7200,576,6400,21888
256x256x256w28-8-29,256,256,256,28,8,29,28-8-29,M0K,3712,696,8,29,192,28,20288,94400,1856,6496,1792,1856,21888
256x256x256w31-16-14,256,256,256,31,16,14,31-16-14,M0K,3584,336,16,14,384,31,18464,96224,1792,3472,3968,1792,21888
256x256x256w29-16-14,256,256,256,29,16,14,29-16-14,M0K,3584,336,16,14,384,29,17504,97184,1792,3248,3712,1792,21888
256x256x256w9-8-86,256,256,256,9,8,86,9-8-86,M0K,11008,688,8,86,64,9,24544,90144,5504,6192,576,5504,21888
256x256x256w9-8-105,256,256,256,9,8,105,9-8-105,M0K,13440,840,8,105,64,9,29712,84976,6720,7560,576,6720,21888
256x256x256w9-8-104,256,256,256,9,8,104,9-8-104,M0K,13312,832,8,104,64,9,29440,85248,6656,7488,576,6656,21888
256x256x256w9-8-98,256,256,256,9,8,98,9-8-98,M0K,12544,784,8,98,64,9,27808,86880,6272,7056,576,6272,21888
256x256x256w9-16-46,256,256,256,9,16,46,9-16-46,M0K,11776,368,16,46,128,9,20704,93984,5888,3312,1152,5888,21888
256x256x256w9-8-95,256,256,256,9,8,95,9-8-95,M0K,12160,760,8,95,64,9,26992,87696,6080,6840,576,6080,21888
256x256x256w15-8-62,256,256,256,15,8,62,15-8-62,M0K,7936,496,8,62,64,15,24736,89952,3968,7440,960,3968,21920
256x256x256w15-16-28,256,256,256,15,16,28,15-16-28,M0K,7168,224,16,28,128,15,17728,96960,3584,3360,1920,3584,21920
256x256x256w15-56-8,256,256,256,15,56,8,15-56-8,MN0,7168,64,56,8,448,15,22528,92160,3584,960,6720,3584,21920
256x256x256w15-8-54,256,256,256,15,8,54,15-8-54,M0K,6912,432,8,54,64,15,21792,92896,3456,6480,960,3456,21920
256x256x256w15-8-55,256,256,256,15,8,55,15-8-55,M0K,7040,440,8,55,64,15,22160,92528,3520,6600,960,3520,21920
256x256x256w15-32-13,256,256,256,15,32,13,15-32-13,M0K,6656,104,32,13,256,15,17456,97232,3328,1560,3840,3328,21920
256x256x256w15-16-26,256,256,256,15,16,26,15-16-26,M0K,6656,208,16,26,128,15,16736,97952,3328,3120,1920,3328,21920
256x256x256w15-8-56,256,256,256,15,8,56,15-8-56,M0K,7168,448,8,56,64,15,22528,92160,3584,6720,960,3584,21920
256x256x256w15-8-60,256,256,256,15,8,60,15-8-60,M0K,7680,480,8,60,64,15,24000,90688,3840,7200,960,3840,21920
256x256x256w15-8-57,256,256,256,15,8,57,15-8-57,M0K,7296,456,8,57,64,15,22896,91792,3648,6840,960,3648,21920
256x256x256w15-8-63,256,256,256,15,8,63,15-8-63,M0K,8064,504,8,63,64,15,25104,89584,4032,7560,960,4032,21920
256x256x256w15-8-59,256,256,256,15,8,59,15-8-59,M0K,7552,472,8,59,64,15,23632,91056,3776,7080,960,3776,21920
256x256x256w15-16-27,256,256,256,15,16,27,15-16-27,M0K,6912,216,16,27,128,15,17232,97456,3456,3240,1920,3456,21920
256x256x256w15-8-58,256,256,256,15,8,58,15-8-58,M0K,7424,464,8,58,64,15,23264,91424,3712,6960,960,3712,21920
256x256x256w15-8-53,256,256,256,15,8,53,15-8-53,M0K,6784,424,8,53,64,15,21424,93264,3392,6360,960,3392,21920
256x256x256w15-8-61,256,256,256,15,8,61,15-8-61,M0K,7808,488,8,61,64,15,24368,90320,3904,7320,960,3904,21920
256x256x256w15-8-52,256,256,256,15,8,52,15-8-52,M0K,6656,416,8,52,64,15,21056,93632,3328,6240,960,3328,21920
256x256x256w21-24-13,256,256,256,21,24,13,21-24-13,MNK,4992,208,24,13,384,21,17424,97264,2496,2184,4032,2496,22000
256x256x256w25-8-36,256,256,256,25,8,36,25-8-36,M0K,4608,864,8,36,192,25,22208,92480,2304,7200,1600,2304,22016
256x256x256w12-8-79,256,256,256,12,8,79,12-8-79,M0K,10112,632,8,79,64,12,26816,87872,5056,7584,768,5056,22016
256x256x256w12-8-65,256,256,256,12,8,65,12-8-65,M0K,8320,520,8,65,64,12,22336,92352,4160,6240,768,4160,22016
256x256x256w12-8-66,256,256,256,12,8,66,12-8-66,M0K,8448,528,8,66,64,12,22656,92032,4224,6336,768,4224,22016
256x256x256w12-8-73,256,256,256,12,8,73,12-8-73,M0K,9344,584,8,73,64,12,24896,89792,4672,7008,768,4672,22016
256x256x256w12-32-16,256,256,256,12,32,16,12-32-16,M00,8192,128,32,16,256,12,17408,97280,4096,1536,3072,4096,22016
256x256x256w12-8-84,256,256,256,12,8,84,12-8-84,M0K,10752,672,8,84,64,12,28416,86272,5376,8064,768,5376,22016
256x256x256w12-16-36,256,256,256,12,16,36,12-16-36,M0K,9216,288,16,36,128,12,19200,95488,4608,3456,1536,4608,22016
256x256x256w12-8-74,256,256,256,12,8,74,12-8-74,M0K,9472,592,8,74,64,12,25216,89472,4736,7104,768,4736,22016
256x256x256w12-16-33,256,256,256,12,16,33,12-16-33,M0K,8448,264,16,33,128,12,17856,96832,4224,3168,1536,4224,22016
256x256x256w12-72-8,256,256,256,12,72,8,12-72-8,MN0,9216,64,72,8,576,12,24576,90112,4608,768,6912,4608,22016
256x256x256w12-8-80,256,256,256,12,8,80,12-8-80,M0K,10240,640,8,80,64,12,27136,87552,5120,7680,768,5120,22016
256x256x256w12-8-82,256,256,256,12,8,82,12-8-82,M0K,10496,656,8,82,64,12,27776,86912,5248,7872,768,5248,22016
256x256x256w12-16-32,256,256,256,12,16,32,12-16-32,M00,8192,256,16,32,128,12,17408,97280,4096,3072,1536,4096,22016
256x256x256w12-8-64,256,256,256,12,8,64,12-8-64,M00,8192,512,8,64,64,12,22016,92672,4096,6144,768,4096,22016
256x256x256w25-8-33,256,256,256,25,8,33,25-8-33,M0K,4224,792,8,33,192,25,20624,94064,2112,6600,1600,2112,22016
256x256x256w25-8-32,256,256,256,25,8,32,25-8-32,M00,4096,768,8,32,192,25,20096,94592,2048,6400,1600,2048,22016
256x256x256w12-8-78,256,256,256,12,8,78,12-8-78,M0K,9984,624,8,78,64,12,26496,88192,4992,7488,768,4992,22016
256x256x256w12-8-70,256,256,256,12,8,70,12-8-70,M0K,8960,560,8,70,64,12,23936,90752,4480,6720,768,4480,22016
256x256x256w12-64-8,256,256,256,12,64,8,12-64-8,M00,8192,64,64,8,512,12,22016,92672,4096,768,6144,4096,22016
256x256x256w12-8-68,256,256,256,12,8,68,12-8-68,M0K,8704,544,8,68,64,12,23296,91392,4352,6528,768,4352,22016
256x256x256w12-8-72,256,256,256,12,8,72,12-8-72,M0K,9216,576,8,72,64,12,24576,90112,4608,6912,768,4608,22016
256x256x256w12-8-81,256,256,256,12,8,81,12-8-81,M0K,10368,648,8,81,64,12,27456,87232,5184,7776,768,5184,22016
256x256x256w12-16-35,256,256,256,12,16,35,12-16-35,M0K,8960,280,16,35,128,12,18752,95936,4480,3360,1536,4480,22016
256x256x256w12-8-75,256,256,256,12,8,75,12-8-75,M0K,9600,600,8,75,64,12,25536,89152,4800,7200,768,4800,22016
256x256x256w12-8-83,256,256,256,12,8,83,12-8-83,M0K,10624,664,8,83,64,12,28096,86592,5312,7968,768,5312,22016
256x256x256w12-8-69,256,256,256,12,8,69,12-8-69,M0K,8832,552,8,69,64,12,23616,91072,4416,6624,768,4416,22016
256x256x256w12-80-8,256,256,256,12,80,8,12-80-8,MN0,10240,64,80,8,640,12,27136,87552,5120,768,7680,5120,22016
256x256x256w12-8-76,256,256,256,12,8,76,12-8-76,M0K,9728,608,8,76,64,12,25856,88832,4864,7296,768,4864,22016
256x256x256w25-16-16,256,256,256,25,16,16,25-16-16,M00,4096,384,16,16,384,25,16896,97792,2048,3200,3200,2048,22016
256x256x256w25-32-8,256,256,256,25,32,8,25-32-8,M00,4096,192,32,8,768,25,20096,94592,2048,1600,6400,2048,22016
256x256x256w12-16-34,256,256,256,12,16,34,12-16-34,M0K,8704,272,16,34,128,12,18304,96384,4352,3264,1536,4352,22016
256x256x256w12-8-67,256,256,256,12,8,67,12-8-67,M0K,8576,536,8,67,64,12,22976,91712,4288,6432,768,4288,22016
256x256x256w25-8-34,256,256,256,25,8,34,25-8-34,M0K,4352,816,8,34,192,25,21152,93536,2176,6800,1600,2176,22016
256x256x256w25-8-35,256,256,256,25,8,35,25-8-35,M0K,4480,840,8,35,192,25,21680,93008,2240,7000,1600,2240,22016
256x256x256w12-8-77,256,256,256,12,8,77,12-8-77,M0K,9856,616,8,77,64,12,26176,88512,4928,7392,768,4928,22016
256x256x256w12-8-71,256,256,256,12,8,71,12-8-71,M0K,9088,568,8,71,64,12,24256,90432,4544,6816,768,4544,22016
256x256x256w17-40-10,256,256,256,17,40,10,17-40-10,MNK,6400,160,40,10,640,17,20000,94688,3200,1360,5440,3200,22022
256x256x256w23-24-12,256,256,256,23,24,12,23-24-12,MNK,4608,192,24,12,384,23,17856,96832,2304,2208,4416,2304,22022
256x256x256w50-8-18,256,256,256,50,8,18,50-8-18,M0K,2304,864,8,18,384,50,23104,91584,1152,7200,3200,1152,22080
256x256x256w110-8-9,256,256,256,110,8,9,110-8-9,M0K,1152,936,8,9,832,110,31072,83616,576,7920,7040,576,22272
256x256x256w18-8-46,256,256,256,18,8,46,18-8-46,M0K,5888,736,8,46,128,18,21440,93248,2944,6624,1152,2944,22272
256x256x256w91-8-9,256,256,256,91,8,9,91-8-9,M0K,1152,792,8,9,704,91,25904,88784,576,6552,5824,576,22272
256x256x256w8-88-9,256,256,256,8,88,9,8-88-9,0NK,12672,72,88,9,704,8,25088,89600,6336,576,5632,6336,22272
256x256x256w48-16-9,256,256,256,48,16,9,48-16-9,M0K,2304,432,16,9,768,48,21504,93184,1152,3456,6144,1152,22272
256x256x256w87-8-9,256,256,256,87,8,9,87-8-9,M0K,1152,720,8,9,640,87,24816,89872,576,6264,5568,576,22272
256x256x256w90-8-9,256,256,256,90,8,9,90-8-9,M0K,1152,792,8,9,704,90,25632,89056,576,6480,5760,576,22272
256x256x256w18-48-8,256,256,256,18,48,8,18-48-8,MN0,6144,128,48,8,768,18,22272,92416,3072,1152,6912,3072,22272
256x256x256w89-8-9,256,256,256,89,8,9,89-8-9,M0K,1152,792,8,9,704,89,25360,89328,576,6408,5696,576,22272
256x256x256w18-8-44,256,256,256,18,8,44,18-8-44,M0K,5632,704,8,44,128,18,20608,94080,2816,6336,1152,2816,22272
256x256x256w46-16-9,256,256,256,46,16,9,46-16-9,M0K,2304,360,16,9,640,46,20704,93984,1152,3312,5888,1152,22272
256x256x256w47-16-9,256,256,256,47,16,9,47-16-9,M0K,2304,360,16,9,640,47,21104,93584,1152,3384,6016,1152,22272
256x256x256w92-8-9,256,256,256,92,8,9,92-8-9,M0K,1152,792,8,9,704,92,26176,88512,576,6624,5888,576,22272
256x256x256w111-8-9,256,256,256,111,8,9,111-8-9,M0K,1152,936,8,9,832,111,31344,83344,576,7992,7104,576,22272
256x256x256w8-112-9,256,256,256,8,112,9,8-112-9,0NK,16128,72,112,9,896,8,31616,83072,8064,576,7168,8064,22272
256x256x256w113-8-9,256,256,256,113,8,9,113-8-9,M0K,1152,1008,8,9,896,113,31888,82800,576,8136,7232,576,22272
256x256x256w106-8-9,256,256,256,106,8,9,106-8-9,M0K,1152,936,8,9,832,106,29984,84704,576,7632,6784,576,22272
256x256x256w98-8-9,256,256,256,98,8,9,98-8-9,M0K,1152,864,8,9,768,98,27808,86880,576,7056,6272,576,22272
256x256x256w18-8-45,256,256,256,18,8,45,18-8-45,M0K,5760,720,8,45,128,18,21024,93664,2880,6480,1152,2880,22272
256x256x256w105-8-9,256,256,256,105,8,9,105-8-9,M0K,1152,936,8,9,832,105,29712,84976,576,7560,6720,576,22272
256x256x256w96-8-9,256,256,256,96,8,9,96-8-9,M0K,1152,864,8,9,768,96,27264,87424,576,6912,6144,576,22272
256x256x256w86-8-9,256,256,256,86,8,9,86-8-9,M0K,1152,720,8,9,640,86,24544,90144,576,6192,5504,576,22272
256x256x256w18-16-22,256,256,256,18,16,22,18-16-22,M0K,5632,352,16,22,256,18,16576,98112,2816,3168,2304,2816,22272
256x256x256w93-8-9,256,256,256,93,8,9,93-8-9,M0K,1152,792,8,9,704,93,26448,88240,576,6696,5952,576,22272
256x256x256w88-8-9,256,256,256,88,8,9,88-8-9,M0K,1152,792,8,9,704,88,25088,89600,576,6336,5632,576,22272
256x256x256w109-8-9,256,256,256,109,8,9,109-8-9,M0K,1152,936,8,9,832,109,30800,83888,576,7848,6976,576,22272
256x256x256w16-48-9,256,256,256,16,48,9,16-48-9,0NK,6912,144,48,9,768,16,21504,93184,3456,1152,6144,3456,22272
256x256x256w102-8-9,256,256,256,102,8,9,102-8-9,M0K,1152,864,8,9,768,102,28896,85792,576,7344,6528,576,22272
256x256x256w22-32-9,256,256,256,22,32,9,22-32-9,M0K,4608,144,32,9,512,22,19040,95648,2304,1584,5632,2304,22272
256x256x256w18-8-48,256,256,256,18,8,48,18-8-48,M0K,6144,768,8,48,128,18,22272,92416,3072,6912,1152,3072,22272
256x256x256w107-8-9,256,256,256,107,8,9,107-8-9,M0K,1152,936,8,9,832,107,30256,84432,576,7704,6848,576,22272
256x256x256w97-8-9,256,256,256,97,8,9,97-8-9,M0K,1152,864,8,9,768,97,27536,87152,576,6984,6208,576,22272
256x256x256w18-16-23,256,256,256,18,16,23,18-16-23,M0K,5888,368,16,23,256,18,17120,97568,2944,3312,2304,2944,22272
256x256x256w44-16-9,256,256,256,44,16,9,44-16-9,M0K,2304,360,16,9,640,44,19904,94784,1152,3168,5632,1152,22272
256x256x256w18-8-47,256,256,256,18,8,47,18-8-47,M0K,6016,752,8,47,128,18,21856,92832,3008,6768,1152,3008,22272
256x256x256w94-8-9,256,256,256,94,8,9,94-8-9,M0K,1152,792,8,9,704,94,26720,87968,576,6768,6016,576,22272
256x256x256w108-8-9,256,256,256,108,8,9,108-8-9,M0K,1152,936,8,9,832,108,30528,84160,576,7776,6912,576,22272
256x256x256w18-8-50,256,256,256,18,8,50,18-8-50,M0K,6400,800,8,50,128,18,23104,91584,3200,7200,1152,3200,22272
256x256x256w103-8-9,256,256,256,103,8,9,103-8-9,M0K,1152,864,8,9,768,103,29168,85520,576,7416,6592,576,22272
256x256x256w49-16-9,256,256,256,49,16,9,49-16-9,M0K,2304,432,16,9,768,49,21904,92784,1152,3528,6272,1152,22272
256x256x256w99-8-9,256,256,256,99,8,9,99-8-9,M0K,1152,864,8,9,768,99,28080,86608,576,7128,6336,576,22272
256x256x256w100-8-9,256,256,256,100,8,9,100-8-9,M0K,1152,864,8,9,768,100,28352,86336,576,7200,6400,576,22272
256x256x256w101-8-9,256,256,256,101,8,9,101-8-9,M0K,1152,864,8,9,768,101,28624,86064,576,7272,6464,576,22272
256x256x256w45-16-9,256,256,256,45,16,9,45-16-9,M0K,2304,360,16,9,640,45,20304,94384,1152,3240,5760,1152,22272
256x256x256w18-8-43,256,256,256,18,8,43,18-8-43,M0K,5504,688,8,43,128,18,20192,94496,2752,6192,1152,2752,22272
256x256x256w18-32-11,256,256,256,18,32,11,18-32-11,M0K,5632,176,32,11,512,18,18016,96672,2816,1584,4608,2816,22272
256x256x256w43-16-9,256,256,256,43,16,9,43-16-9,M0K,2304,360,16,9,640,43,19504,95184,1152,3096,5504,1152,22272
256x256x256w112-8-9,256,256,256,112,8,9,112-8-9,M0K,1152,1008,8,9,896,112,31616,83072,576,8064,7168,576,22272
256x256x256w18-8-49,256,256,256,18,8,49,18-8-49,M0K,6272,784,8,49,128,18,22688,92000,3136,7056,1152,3136,22272
256x256x256w95-8-9,256,256,256,95,8,9,95-8-9,M0K,1152,792,8,9,704,95,26992,87696,576,6840,6080,576,22272
256x256x256w104-8-9,256,256,256,104,8,9,104-8-9,M0K,1152,936,8,9,832,104,29440,85248,576,7488,6656,576,22272
256x256x256w8-104-9,256,256,256,8,104,9,8-104-9,0NK,14976,72,104,9,832,8,29440,85248,7488,576,6656,7488,22272
256x256x256w8-96-9,256,256,256,8,96,9,8-96-9,0NK,13824,72,96,9,768,8,27264,87424,6912,576,6144,6912,22272
256x256x256w9-40-19,256,256,256,9,40,19,9-40-19,MNK,12160,152,40,19,320,9,20656,94032,6080,1368,2880,6080,22344
256x256x256w12-56-10,256,256,256,12,56,10,12-56-10,MNK,8960,80,56,10,448,12,21632,93056,4480,960,5376,4480,22360
256x256x256w13-40-13,256,256,256,13,40,13,13-40-13,MNK,8320,104,40,13,320,13,19344,95344,4160,1352,4160,4160,22400
256x256x256w21-40-8,256,256,256,21,40,8,21-40-8,MN0,5120,128,40,8,640,21,21248,93440,2560,1344,6720,2560,22400
256x256x256w21-8-38,256,256,256,21,8,38,21-8-38,M0K,4864,608,8,38,128,21,20320,94368,2432,6384,1344,2432,22400
256x256x256w21-8-39,256,256,256,21,8,39,21-8-39,M0K,4992,624,8,39,128,21,20784,93904,2496,6552,1344,2496,22400
256x256x256w21-8-41,256,256,256,21,8,41,21-8-41,M0K,5248,656,8,41,128,21,21712,92976,2624,6888,1344,2624,22400
256x256x256w21-16-19,256,256,256,21,16,19,21-16-19,M0K,4864,304,16,19,256,21,16624,98064,2432,3192,2688,2432,22400
256x256x256w21-8-37,256,256,256,21,8,37,21-8-37,M0K,4736,592,8,37,128,21,19856,94832,2368,6216,1344,2368,22400
256x256x256w21-8-40,256,256,256,21,8,40,21-8-40,M0K,5120,640,8,40,128,21,21248,93440,2560,6720,1344,2560,22400
256x256x256w21-8-42,256,256,256,21,8,42,21-8-42,M0K,5376,672,8,42,128,21,22176,92512,2688,7056,1344,2688,22400
256x256x256w11-32-18,256,256,256,11,32,18,11-32-18,M0K,9216,144,32,18,256,11,18016,96672,4608,1584,2816,4608,22440
256x256x256w11-48-13,256,256,256,11,48,13,11-48-13,MNK,9984,104,48,13,384,11,20720,93968,4992,1144,4224,4992,22440
256x256x256w11-56-11,256,256,256,11,56,11,11-56-11,MNK,9856,88,56,11,448,11,21648,93040,4928,968,4928,4928,22440
256x256x256w14-32-14,256,256,256,14,32,14,14-32-14,M0K,7168,112,32,14,256,14,17472,97216,3584,1568,3584,3584,22496
256x256x256w8-64-12,256,256,256,8,64,12,8-64-12,00K,12288,96,64,12,512,8,22016,92672,6144,768,4096,6144,22528
256x256x256w34-24-8,256,256,256,34,24,8,34-24-8,MN0,3072,256,24,8,768,34,20480,94208,1536,2176,6528,1536,22528
256x256x256w69-8-12,256,256,256,69,8,12,69-8-12,M0K,1536,768,8,12,512,69,23616,91072,768,6624,4416,768,22528
256x256x256w125-8-8,256,256,256,125,8,8,125-8-8,M00,1024,960,8,8,960,125,33024,81664,512,8000,8000,512,22528
256x256x256w68-8-12,256,256,256,68,8,12,68-8-12,M0K,1536,768,8,12,512,68,23296,91392,768,6528,4352,768,22528
256x256x256w24-8-36,256,256,256,24,8,36,24-8-36,M0K,4608,864,8,36,192,24,21504,93184,2304,6912,1536,2304,22528
256x256x256w24-8-32,256,256,256,24,8,32,24-8-32,M00,4096,768,8,32,192,24,19456,95232,2048,6144,1536,2048,22528
256x256x256w34-8-25,256,256,256,34,8,25,34-8-25,M0K,3200,800,8,25,256,34,21152,93536,1600,6800,2176,1600,22528
256x256x256w32-8-25,256,256,256,32,8,25,32-8-25,00K,3200,800,8,25,256,32,20096,94592,1600,6400,2048,1600,22528
256x256x256w34-8-24,256,256,256,34,8,24,34-8-24,M0K,3072,768,8,24,256,34,20480,94208,1536,6528,2176,1536,22528
256x256x256w32-24-8,256,256,256,32,24,8,32-24-8,0N0,3072,256,24,8,768,32,19456,95232,1536,2048,6144,1536,22528
256x256x256w8-24-36,256,256,256,8,24,36,8-24-36,0NK,13824,288,24,36,192,8,21504,93184,6912,2304,1536,6912,22528
256x256x256w77-8-12,256,256,256,77,8,12,77-8-12,M0K,1536,864,8,12,576,77,26176,88512,768,7392,4928,768,22528
256x256x256w81-8-12,256,256,256,81,8,12,81-8-12,M0K,1536,960,8,12,640,81,27456,87232,768,7776,5184,768,22528
256x256x256w8-80-12,256,256,256,8,80,12,8-80-12,0NK,15360,96,80,12,640,8,27136,87552,7680,768,5120,7680,22528
256x256x256w76-8-12,256,256,256,76,8,12,76-8-12,M0K,1536,864,8,12,576,76,25856,88832,768,7296,4864,768,22528
256x256x256w78-8-12,256,256,256,78,8,12,78-8-12,M0K,1536,864,8,12,576,78,26496,88192,768,7488,4992,768,22528
256x256x256w24-16-16,256,256,256,24,16,16,24-16-16,M00,4096,384,16,16,384,24,16384,98304,2048,3072,3072,2048,22528
256x256x256w72-8-12,256,256,256,72,8,12,72-8-12,M0K,1536,864,8,12,576,72,24576,90112,768,6912,4608,768,22528
256x256x256w32-16-12,256,256,256,32,16,12,32-16-12,00K,3072,384,16,12,512,32,17408,97280,1536,3072,4096,1536,22528
256x256x256w24-8-34,256,256,256,24,8,34,24-8-34,M0K,4352,816,8,34,192,24,20480,94208,2176,6528,1536,2176,22528
256x256x256w35-8-24,256,256,256,35,8,24,35-8-24,M0K,3072,768,8,24,256,35,20992,93696,1536,6720,2240,1536,22528
256x256x256w66-8-12,256,256,256,66,8,12,66-8-12,M0K,1536,768,8,12,512,66,22656,92032,768,6336,4224,768,22528
256x256x256w8-32-24,256,256,256,8,32,24,8-32-24,00K,12288,192,32,24,256,8,19456,95232,6144,1536,2048,6144,22528
256x256x256w35-16-12,256,256,256,35,16,12,35-16-12,M0K,3072,384,16,12,512,35,18752,95936,1536,3360,4480,1536,22528
256x256x256w80-8-12,256,256,256,80,8,12,80-8-12,M0K,1536,960,8,12,640,80,27136,87552,768,7680,5120,768,22528
256x256x256w8-32-25,256,256,256,8,32,25,8-32-25,00K,12800,200,32,25,256,8,20096,94592,6400,1600,2048,6400,22528
256x256x256w33-8-25,256,256,256,33,8,25,33-8-25,M0K,3200,800,8,25,256,33,20624,94064,1600,6600,2112,1600,22528
256x256x256w34-16-12,256,256,256,34,16,12,34-16-12,M0K,3072,384,16,12,512,34,18304,96384,1536,3264,4352,1536,22528
256x256x256w65-8-12,256,256,256,65,8,12,65-8-12,M0K,1536,768,8,12,512,65,22336,92352,768,6240,4160,768,22528
256x256x256w16-16-25,256,256,256,16,16,25,16-16-25,00K,6400,400,16,25,256,16,16896,97792,3200,3200,2048,3200,22528
256x256x256w35-24-8,256,256,256,35,24,8,35-24-8,MN0,3072,256,24,8,768,35,20992,93696,1536,2240,6720,1536,22528
256x256x256w16-32-12,256,256,256,16,32,12,16-32-12,00K,6144,192,32,12,512,16,17408,97280,3072,1536,4096,3072,22528
256x256x256w24-8-35,256,256,256,24,8,35,24-8-35,M0K,4480,840,8,35,192,24,20992,93696,2240,6720,1536,2240,22528
256x256x256w8-72-12,256,256,256,8,72,12,8-72-12,0NK,13824,96,72,12,576,8,24576,90112,6912,768,4608,6912,22528
256x256x256w35-8-25,256,256,256,35,8,25,35-8-25,M0K,3200,800,8,25,256,35,21680,93008,1600,7000,2240,1600,22528
256x256x256w79-8-12,256,256,256,79,8,12,79-8-12,M0K,1536,864,8,12,576,79,26816,87872,768,7584,5056,768,22528
256x256x256w24-8-33,256,256,256,24,8,33,24-8-33,M0K,4224,792,8,33,192,24,19968,94720,2112,6336,1536,2112,22528
256x256x256w16-24-16,256,256,256,16,24,16,16-24-16,0N0,6144,256,24,16,384,16,16384,98304,3072,2048,3072,3072,22528
256x256x256w75-8-12,256,256,256,75,8,12,75-8-12,M0K,1536,864,8,12,576,75,25536,89152,768,7200,4800,768,22528
256x256x256w71-8-12,256,256,256,71,8,12,71-8-12,M0K,1536,768,8,12,512,71,24256,90432,768,6816,4544,768,22528
256x256x256w67-8-12,256,256,256,67,8,12,67-8-12,M0K,1536,768,8,12,512,67,22976,91712,768,6432,4288,768,22528
256x256x256w70-8-12,256,256,256,70,8,12,70-8-12,M0K,1536,768,8,12,512,70,23936,90752,768,6720,4480,768,22528
256x256x256w16-16-24,256,256,256,16,16,24,16-16-24,00K,6144,384,16,24,256,16,16384,98304,3072,3072,2048,3072,22528
256x256x256w24-32-8,256,256,256,24,32,8,24-32-8,M00,4096,192,32,8,768,24,19456,95232,2048,1536,6144,2048,22528
256x256x256w8-24-33,256,256,256,8,24,33,8-24-33,0NK,12672,264,24,33,192,8,19968,94720,6336,2112,1536,6336,22528
256x256x256w8-24-35,256,256,256,8,24,35,8-24-35,0NK,13440,280,24,35,192,8,20992,93696,6720,2240,1536,6720,22528
256x256x256w32-8-24,256,256,256,32,8,24,32-8-24,00K,3072,768,8,24,256,32,19456,95232,1536,6144,2048,1536,22528
256x256x256w33-16-12,256,256,256,33,16,12,33-16-12,M0K,3072,384,16,12,512,33,17856,96832,1536,3168,4224,1536,22528
256x256x256w8-24-32,256,256,256,8,24,32,8-24-32,0N0,12288,256,24,32,192,8,19456,95232,6144,2048,1536,6144,22528
256x256x256w33-8-24,256,256,256,33,8,24,33-8-24,M0K,3072,768,8,24,256,33,19968,94720,1536,6336,2112,1536,22528
256x256x256w64-8-12,256,256,256,64,8,12,64-8-12,00K,1536,768,8,12,512,64,22016,92672,768,6144,4096,768,22528
256x256x256w74-8-12,256,256,256,74,8,12,74-8-12,M0K,1536,864,8,12,576,74,25216,89472,768,7104,4736,768,22528
256x256x256w8-24-34,256,256,256,8,24,34,8-24-34,0NK,13056,272,24,34,192,8,20480,94208,6528,2176,1536,6528,22528
256x256x256w82-8-12,256,256,256,82,8,12,82-8-12,M0K,1536,960,8,12,640,82,27776,86912,768,7872,5248,768,22528
256x256x256w33-24-8,256,256,256,33,24,8,33-24-8,MN0,3072,256,24,8,768,33,19968,94720,1536,2112,6336,1536,22528
256x256x256w73-8-12,256,256,256,73,8,12,73-8-12,M0K,1536,864,8,12,576,73,24896,89792,768,7008,4672,768,22528
256x256x256w9-24-29,256,256,256,9,24,29,9-24-29,MNK,11136,232,24,29,192,9,18768,95920,5568,2088,1728,5568,22572
256x256x256w9-24-30,256,256,256,9,24,30,9-24-30,MNK,11520,240,24,30,192,9,19296,95392,5760,2160,1728,5760,22572
256x256x256w9-24-31,256,256,256,9,24,31,9-24-31,MNK,11904,248,24,31,192,9,19824,94864,5952,2232,1728,5952,22572
256x256x256w15-24-18,256,256,256,15,24,18,15-24-18,MNK,6912,144,24,18,192,15,16992,97696,3456,2160,2880,3456,22605
256x256x256w11-24-25,256,256,256,11,24,25,11-24-25,MNK,9600,200,24,25,192,11,18224,96464,4800,2200,2112,4800,22627
256x256x256w11-24-24,256,256,256,11,24,24,11-24-24,MNK,9216,192,24,24,192,11,17664,97024,4608,2112,2112,4608,22627
256x256x256w10-56-12,256,256,256,10,56,12,10-56-12,MNK,10752,96,56,12,448,10,21632,93056,5376,960,4480,5376,22660
256x256x256w10-24-26,256,256,256,10,24,26,10-24-26,MNK,9984,208,24,26,192,10,17984,96704,4992,2080,1920,4992,22660
256x256x256w10-24-28,256,256,256,10,24,28,10-24-28,MNK,10752,224,24,28,192,10,19072,95616,5376,2240,1920,5376,22660
256x256x256w10-24-27,256,256,256,10,24,27,10-24-27,MNK,10368,216,24,27,192,10,18528,96160,5184,2160,1920,5184,22660
256x256x256w12-48-12,256,256,256,12,48,12,12-48-12,MNK,9216,96,48,12,384,12,20736,93952,4608,1152,4608,4608,22704
256x256x256w12-24-22,256,256,256,12,24,22,12-24-22,MNK,8448,176,24,22,192,12,17280,97408,4224,2112,2304,4224,22704
256x256x256w12-24-23,256,256,256,12,24,23,12-24-23,MNK,8832,184,24,23,192,12,17856,96832,4416,2208,2304,4416,22704
256x256x256w25-24-11,256,256,256,25,24,11,25-24-11,MNK,4224,264,24,11,576,25,18224,96464,2112,2200,4800,2112,22704
256x256x256w19-40-9,256,256,256,19,40,9,19-40-9,MNK,5760,144,40,9,640,19,20656,94032,2880,1368,6080,2880,22736
256x256x256w14-24-19,256,256,256,14,24,19,14-24-19,MNK,7296,152,24,19,192,14,16928,97760,3648,2128,2688,3648,22792
256x256x256w14-40-12,256,256,256,14,40,12,14-40-12,MNK,7680,96,40,12,320,14,19328,95360,3840,1344,4480,3840,22792
256x256x256w9-56-13,256,256,256,9,56,13,9-56-13,MNK,11648,104,56,13,448,9,21584,93104,5824,936,4032,5824,22800
256x256x256w12-40-14,256,256,256,12,40,14,12-40-14,MNK,8960,112,40,14,320,12,19328,95360,4480,1344,3840,4480,22876
256x256x256w26-24-10,256,256,256,26,24,10,26-24-10,MNK,3840,240,24,10,576,26,17984,96704,1920,2080,4992,1920,22880
256x256x256w13-24-21,256,256,256,13,24,21,13-24-21,MNK,8064,168,24,21,192,13,17424,97264,4032,2184,2496,4032,22880
256x256x256w13-24-20,256,256,256,13,24,20,13-24-20,MNK,7680,160,24,20,192,13,16832,97856,3840,2080,2496,3840,22880
256x256x256w20-24-13,256,256,256,20,24,13,20-24-13,MNK,4992,208,24,13,384,20,16832,97856,2496,2080,3840,2496,22880
256x256x256w27-24-10,256,256,256,27,24,10,27-24-10,MNK,3840,240,24,10,576,27,18528,96160,1920,2160,5184,1920,22880
256x256x256w31-24-9,256,256,256,31,24,9,31-24-9,MNK,3456,216,24,9,576,31,19824,94864,1728,2232,5952,1728,22968
256x256x256w29-24-9,256,256,256,29,24,9,29-24-9,MNK,3456,216,24,9,576,29,18768,95920,1728,2088,5568,1728,22968
256x256x256w30-24-9,256,256,256,30,24,9,30-24-9,MNK,3456,216,24,9,576,30,19296,95392,1728,2160,5760,1728,22968
256x256x256w15-40-11,256,256,256,15,40,11,15-40-11,MNK,7040,88,40,11,320,15,19280,95408,3520,1320,4800,3520,23016
256x256x256w13-16-31,256,256,256,13,16,31,13-16-31,M0K,7936,248,16,31,128,13,17712,96976,3968,3224,1664,3968,23040
256x256x256w31-16-13,256,256,256,31,16,13,31-16-13,M0K,3328,312,16,13,384,31,17712,96976,1664,3224,3968,1664,23040
256x256x256w63-8-13,256,256,256,63,8,13,63-8-13,M0K,1664,728,8,13,448,63,22832,91856,832,6552,4032,832,23040
256x256x256w22-16-18,256,256,256,22,16,18,22-16-18,M0K,4608,288,16,18,256,22,16576,98112,2304,3168,2816,2304,23040
256x256x256w47-8-18,256,256,256,47,8,18,47-8-18,M0K,2304,720,8,18,320,47,21856,92832,1152,6768,3008,1152,23040
256x256x256w30-8-28,256,256,256,30,8,28,30-8-28,M0K,3584,672,8,28,192,30,20864,93824,1792,6720,1920,1792,23040
256x256x256w49-8-18,256,256,256,49,8,18,49-8-18,M0K,2304,864,8,18,384,49,22688,92000,1152,7056,3136,1152,23040
256x256x256w8-48-18,256,256,256,8,48,18,8-48-18,0NK,13824,144,48,18,384,8,22272,92416,6912,1152,3072,6912,23040
256x256x256w46-8-18,256,256,256,46,8,18,46-8-18,M0K,2304,720,8,18,320,46,21440,93248,1152,6624,2944,1152,23040
256x256x256w45-8-18,256,256,256,45,8,18,45-8-18,M0K,2304,720,8,18,320,45,21024,93664,1152,6480,2880,1152,23040
256x256x256w36-8-22,256,256,256,36,8,22,36-8-22,M0K,2816,704,8,22,256,36,20096,94592,1408,6336,2304,1408,23040
256x256x256w27-8-29,256,256,256,27,8,29,27-8-29,M0K,3712,696,8,29,192,27,19696,94992,1856,6264,1728,1856,23040
256x256x256w26-8-29,256,256,256,26,8,29,26-8-29,M0K,3712,696,8,29,192,26,19104,95584,1856,6032,1664,1856,23040
256x256x256w29-8-28,256,256,256,29,8,28,29-8-28,M0K,3584,672,8,28,192,29,20288,94400,1792,6496,1856,1792,23040
256x256x256w30-8-26,256,256,256,30,8,26,30-8-26,M0K,3328,624,8,26,192,30,19648,95040,1664,6240,1920,1664,23040
256x256x256w36-16-11,256,256,256,36,16,11,36-16-11,M0K,2816,352,16,11,512,36,18368,96320,1408,3168,4608,1408,23040
256x256x256w30-16-13,256,256,256,30,16,13,30-16-13,M0K,3328,312,16,13,384,30,17248,97440,1664,3120,3840,1664,23040
256x256x256w44-8-18,256,256,256,44,8,18,44-8-18,M0K,2304,720,8,18,320,44,20608,94080,1152,6336,2816,1152,23040
256x256x256w13-48-11,256,256,256,13,48,11,13-48-11,MNK,8448,88,48,11,384,13,20720,93968,4224,1144,4992,4224,23040
256x256x256w29-8-26,256,256,256,29,8,26,29-8-26,M0K,3328,624,8,26,192,29,19104,95584,1664,6032,1856,1664,23040
256x256x256w27-8-31,256,256,256,27,8,31,27-8-31,M0K,3968,744,8,31,192,27,20816,93872,1984,6696,1728,1984,23040
256x256x256w29-8-27,256,256,256,29,8,27,29-8-27,M0K,3456,648,8,27,192,29,19696,94992,1728,6264,1856,1728,23040
256x256x256w26-8-31,256,256,256,26,8,31,26-8-31,M0K,3968,744,8,31,192,26,20192,94496,1984,6448,1664,1984,23040
256x256x256w36-8-23,256,256,256,36,8,23,36-8-23,M0K,2944,736,8,23,256,36,20800,93888,1472,6624,2304,1472,23040
256x256x256w31-8-27,256,256,256,31,8,27,31-8-27,M0K,3456,648,8,27,192,31,20816,93872,1728,6696,1984,1728,23040
256x256x256w26-8-30,256,256,256,26,8,30,26-8-30,M0K,3840,720,8,30,192,26,19648,95040,1920,6240,1664,1920,23040
256x256x256w48-8-18,256,256,256,48,8,18,48-8-18,M0K,2304,864,8,18,384,48,22272,92416,1152,6912,3072,1152,23040
256x256x256w30-8-27,256,256,256,30,8,27,30-8-27,M0K,3456,648,8,27,192,30,20256,94432,1728,6480,1920,1728,23040
256x256x256w13-16-30,256,256,256,13,16,30,13-16-30,M0K,7680,240,16,30,128,13,17248,97440,3840,3120,1664,3840,23040
256x256x256w27-8-30,256,256,256,27,8,30,27-8-30,M0K,3840,720,8,30,192,27,20256,94432,1920,6480,1728,1920,23040
256x256x256w29-16-13,256,256,256,29,16,13,29-16-13,M0K,3328,312,16,13,384,29,16784,97904,1664,3016,3712,1664,23040
256x256x256w31-8-26,256,256,256,31,8,26,31-8-26,M0K,3328,624,8,26,192,31,20192,94496,1664,6448,1984,1664,23040
256x256x256w31-8-28,256,256,256,31,8,28,31-8-28,M0K,3584,672,8,28,192,31,21440,93248,1792,6944,1984,1792,23040
256x256x256w43-8-18,256,256,256,43,8,18,43-8-18,M0K,2304,720,8,18,320,43,20192,94496,1152,6192,2752,1152,23040
256x256x256w13-16-29,256,256,256,13,16,29,13-16-29,M0K,7424,232,16,29,128,13,16784,97904,3712,3016,1664,3712,23040
256x256x256w10-16-42,256,256,256,10,16,42,10-16-42,M0K,10752,336,16,42,128,10,20032,94656,5376,3360,1280,5376,23072
256x256x256w10-32-19,256,256,256,10,32,19,10-32-19,M0K,9728,152,32,19,256,10,17888,96800,4864,1520,2560,4864,23072
256x256x256w10-16-41,256,256,256,10,16,41,10-16-41,M0K,10496,328,16,41,128,10,19616,95072,5248,3280,1280,5248,23072
256x256x256w10-16-37,256,256,256,10,16,37,10-16-37,M0K,9472,296,16,37,128,10,17952,96736,4736,2960,1280,4736,23072
256x256x256w10-16-40,256,256,256,10,16,40,10-16-40,M0K,10240,320,16,40,128,10,19200,95488,5120,3200,1280,5120,23072
256x256x256w10-40-16,256,256,256,10,40,16,10-40-16,MN0,10240,128,40,16,320,10,19200,95488,5120,1280,3200,5120,23072
256x256x256w10-16-39,256,256,256,10,16,39,10-16-39,M0K,9984,312,16,39,128,10,18784,95904,4992,3120,1280,4992,23072
256x256x256w10-16-38,256,256,256,10,16,38,10-16-38,M0K,9728,304,16,38,128,10,18368,96320,4864,3040,1280,4864,23072
256x256x256w14-48-10,256,256,256,14,48,10,14-48-10,MNK,7680,80,48,10,384,14,20672,94016,3840,1120,5376,3840,23088
256x256x256w28-16-14,256,256,256,28,16,14,28-16-14,M0K,3584,336,16,14,384,28,17024,97664,1792,3136,3584,1792,23104
256x256x256w85-8-9,256,256,256,85,8,9,85-8-9,M0K,1152,720,8,9,640,85,24272,90416,576,6120,5440,576,23200
256x256x256w13-56-9,256,256,256,13,56,9,13-56-9,MNK,8064,72,56,9,448,13,21584,93104,4032,936,5824,4032,23200
256x256x256w21-32-9,256,256,256,21,32,9,21-32-9,M0K,4608,144,32,9,512,21,18384,96304,2304,1512,5376,2304,23200
256x256x256w17-16-23,256,256,256,17,16,23,17-16-23,M0K,5888,368,16,23,256,17,16496,98192,2944,3128,2176,2944,23232
256x256x256w17-48-8,256,256,256,17,48,8,17-48-8,MN0,6144,128,48,8,768,17,21376,93312,3072,1088,6528,3072,23232
256x256x256w24-24-11,256,256,256,24,24,11,24-24-11,MNK,4224,264,24,11,576,24,17664,97024,2112,2112,4608,2112,23232
256x256x256w17-8-45,256,256,256,17,8,45,17-8-45,M0K,5760,720,8,45,128,17,20176,94512,2880,6120,1088,2880,23232
256x256x256w17-8-43,256,256,256,17,8,43,17-8-43,M0K,5504,688,8,43,128,17,19376,95312,2752,5848,1088,2752,23232
256x256x256w17-8-44,256,256,256,17,8,44,17-8-44,M0K,5632,704,8,44,128,17,19776,94912,2816,5984,1088,2816,23232
256x256x256w17-8-50,256,256,256,17,8,50,17-8-50,M0K,6400,800,8,50,128,17,22176,92512,3200,6800,1088,3200,23232
256x256x256w17-8-48,256,256,256,17,8,48,17-8-48,M0K,6144,768,8,48,128,17,21376,93312,3072,6528,1088,3072,23232
256x256x256w22-24-12,256,256,256,22,24,12,22-24-12,MNK,4608,192,24,12,384,22,17280,97408,2304,2112,4224,2304,23232
256x256x256w17-8-49,256,256,256,17,8,49,17-8-49,M0K,6272,784,8,49,128,17,21776,92912,3136,6664,1088,3136,23232
256x256x256w17-16-22,256,256,256,17,16,22,17-16-22,M0K,5632,352,16,22,256,17,15968,98720,2816,2992,2176,2816,23232
256x256x256w17-8-47,256,256,256,17,8,47,17-8-47,M0K,6016,752,8,47,128,17,20976,93712,3008,6392,1088,3008,23232
256x256x256w17-8-46,256,256,256,17,8,46,17-8-46,M0K,5888,736,8,46,128,17,20576,94112,2944,6256,1088,2944,23232
256x256x256w17-32-11,256,256,256,17,32,11,17-32-11,M0K,5632,176,32,11,512,17,17328,97360,2816,1496,4352,2816,23232
256x256x256w19-16-21,256,256,256,19,16,21,19-16-21,M0K,5376,336,16,21,256,19,16624,98064,2688,3192,2432,2688,23296
256x256x256w41-8-21,256,256,256,41,8,21,41-8-21,M0K,2688,840,8,21,320,41,21712,92976,1344,6888,2624,1344,23296
256x256x256w23-32-8,256,256,256,23,32,8,23-32-8,M00,4096,128,32,8,512,23,18816,95872,2048,1472,5888,2048,23296
256x256x256w20-8-39,256,256,256,20,8,39,20-8-39,M0K,4992,624,8,39,128,20,20032,94656,2496,6240,1280,2496,23296
256x256x256w20-40-8,256,256,256,20,40,8,20-40-8,MN0,5120,128,40,8,640,20,20480,94208,2560,1280,6400,2560,23296
256x256x256w37-8-20,256,256,256,37,8,20,37-8-20,M0K,2560,640,8,20,256,37,19136,95552,1280,5920,2368,1280,23296
256x256x256w19-32-10,256,256,256,19,32,10,19-32-10,M0K,5120,160,32,10,512,19,17888,96800,2560,1520,4864,2560,23296
256x256x256w20-8-38,256,256,256,20,8,38,20-8-38,M0K,4864,608,8,38,128,20,19584,95104,2432,6080,1280,2432,23296
256x256x256w23-8-35,256,256,256,23,8,35,23-8-35,M0K,4480,560,8,35,128,23,20304,94384,2240,6440,1472,2240,23296
256x256x256w41-8-20,256,256,256,41,8,20,41-8-20,M0K,2560,800,8,20,320,41,20928,93760,1280,6560,2624,1280,23296
256x256x256w39-8-20,256,256,256,39,8,20,39-8-20,M0K,2560,640,8,20,256,39,20032,94656,1280,6240,2496,1280,23296
256x256x256w38-16-10,256,256,256,38,16,10,38-16-10,M0K,2560,320,16,10,512,38,18368,96320,1280,3040,4864,1280,23296
256x256x256w84-8-10,256,256,256,84,8,10,84-8-10,M0K,1280,800,8,10,640,84,25472,89216,640,6720,5376,640,23296
256x256x256w8-40-20,256,256,256,8,40,20,8-40-20,0NK,12800,160,40,20,320,8,20480,94208,6400,1280,2560,6400,23296
256x256x256w39-16-10,256,256,256,39,16,10,39-16-10,M0K,2560,320,16,10,512,39,18784,95904,1280,3120,4992,1280,23296
256x256x256w23-8-34,256,256,256,23,8,34,23-8-34,M0K,4352,544,8,34,128,23,19808,94880,2176,6256,1472,2176,23296
256x256x256w40-8-20,256,256,256,40,8,20,40-8-20,M0K,2560,800,8,20,320,40,20480,94208,1280,6400,2560,1280,23296
256x256x256w37-8-21,256,256,256,37,8,21,37-8-21,M0K,2688,672,8,21,256,37,19856,94832,1344,6216,2368,1344,23296
256x256x256w20-16-19,256,256,256,20,16,19,20-16-19,M0K,4864,304,16,19,256,20,16064,98624,2432,3040,2560,2432,23296
256x256x256w38-8-21,256,256,256,38,8,21,38-8-21,M0K,2688,672,8,21,256,38,20320,94368,1344,6384,2432,1344,23296
256x256x256w16-40-10,256,256,256,16,40,10,16-40-10,0NK,6400,160,40,10,640,16,19200,95488,3200,1280,5120,3200,23296
256x256x256w37-16-10,256,256,256,37,16,10,37-16-10,M0K,2560,320,16,10,512,37,17952,96736,1280,2960,4736,1280,23296
256x256x256w20-8-40,256,256,256,20,8,40,20-8-40,M0K,5120,640,8,40,128,20,20480,94208,2560,6400,1280,2560,23296
256x256x256w41-16-10,256,256,256,41,16,10,41-16-10,M0K,2560,400,16,10,640,41,19616,95072,1280,3280,5248,1280,23296
256x256x256w20-8-42,256,256,256,20,8,42,20-8-42,M0K,5376,672,8,42,128,20,21376,93312,2688,6720,1280,2688,23296
256x256x256w23-8-33,256,256,256,23,8,33,23-8-33,M0K,4224,528,8,33,128,23,19312,95376,2112,6072,1472,2112,23296
256x256x256w19-16-20,256,256,256,19,16,20,19-16-20,M0K,5120,320,16,20,256,19,16064,98624,2560,3040,2432,2560,23296
256x256x256w20-8-37,256,256,256,20,8,37,20-8-37,M0K,4736,592,8,37,128,20,19136,95552,2368,5920,1280,2368,23296
256x256x256w20-8-41,256,256,256,20,8,41,20-8-41,M0K,5248,656,8,41,128,20,20928,93760,2624,6560,1280,2624,23296
256x256x256w38-8-20,256,256,256,38,8,20,38-8-20,M0K,2560,640,8,20,256,38,19584,95104,1280,6080,2432,1280,23296
256x256x256w40-16-10,256,256,256,40,16,10,40-16-10,M0K,2560,400,16,10,640,40,19200,95488,1280,3200,5120,1280,23296
256x256x256w40-8-21,256,256,256,40,8,21,40-8-21,M0K,2688,840,8,21,320,40,21248,93440,1344,6720,2560,1344,23296
256x256x256w23-16-16,256,256,256,23,16,16,23-16-16,M00,4096,256,16,16,256,23,15872,98816,2048,2944,2944,2048,23296
256x256x256w42-8-19,256,256,256,42,8,19,42-8-19,M0K,2432,760,8,19,320,42,20576,94112,1216,6384,2688,1216,23296
256x256x256w23-8-32,256,256,256,23,8,32,23-8-32,M00,4096,512,8,32,128,23,18816,95872,2048,5888,1472,2048,23296
256x256x256w23-8-36,256,256,256,23,8,36,23-8-36,M0K,4608,576,8,36,128,23,20800,93888,2304,6624,1472,2304,23296
256x256x256w39-8-21,256,256,256,39,8,21,39-8-21,M0K,2688,672,8,21,256,39,20784,93904,1344,6552,2496,1344,23296
256x256x256w8-40-21,256,256,256,8,40,21,8-40-21,0NK,13440,168,40,21,320,8,21248,93440,6720,1344,2560,6720,23296
256x256x256w19-24-14,256,256,256,19,24,14,19-24-14,MNK,5376,224,24,14,384,19,16928,97760,2688,2128,3648,2688,23408
256x256x256w10-48-14,256,256,256,10,48,14,10-48-14,MNK,10752,112,48,14,384,10,20672,94016,5376,1120,3840,5376,23484
256x256x256w18-40-9,256,256,256,18,40,9,18-40-9,MNK,5760,144,40,9,640,18,19872,94816,2880,1296,5760,2880,23548
256x256x256w50-8-16,256,256,256,50,8,16,50-8-16,M00,2048,768,8,16,384,50,21248,93440,1024,6400,3200,1024,23552
256x256x256w50-16-8,256,256,256,50,16,8,50-16-8,M00,2048,384,16,8,768,50,21248,93440,1024,3200,6400,1024,23552
256x256x256w14-8-57,256,256,256,14,8,57,14-8-57,M0K,7296,456,8,57,64,14,21856,92832,3648,6384,896,3648,23680
256x256x256w14-56-8,256,256,256,14,56,8,14-56-8,MN0,7168,64,56,8,448,14,21504,93184,3584,896,6272,3584,23680
256x256x256w14-16-26,256,256,256,14,16,26,14-16-26,M0K,6656,208,16,26,128,14,16064,98624,3328,2912,1792,3328,23680
256x256x256w14-8-56,256,256,256,14,8,56,14-8-56,M0K,7168,448,8,56,64,14,21504,93184,3584,6272,896,3584,23680
256x256x256w14-8-55,256,256,256,14,8,55,14-8-55,M0K,7040,440,8,55,64,14,21152,93536,3520,6160,896,3520,23680
256x256x256w14-8-53,256,256,256,14,8,53,14-8-53,M0K,6784,424,8,53,64,14,20448,94240,3392,5936,896,3392,23680
256x256x256w14-8-61,256,256,256,14,8,61,14-8-61,M0K,7808,488,8,61,64,14,23264,91424,3904,6832,896,3904,23680
256x256x256w14-8-60,256,256,256,14,8,60,14-8-60,M0K,7680,480,8,60,64,14,22912,91776,3840,6720,896,3840,23680
256x256x256w14-32-13,256,256,256,14,32,13,14-32-13,M0K,6656,104,32,13,256,14,16736,97952,3328,1456,3584,3328,23680
256x256x256w14-8-52,256,256,256,14,8,52,14-8-52,M0K,6656,416,8,52,64,14,20096,94592,3328,5824,896,3328,23680
256x256x256w14-16-28,256,256,256,14,16,28,14-16-28,M0K,7168,224,16,28,128,14,17024,97664,3584,3136,1792,3584,23680
256x256x256w14-8-62,256,256,256,14,8,62,14-8-62,M0K,7936,496,8,62,64,14,23616,91072,3968,6944,896,3968,23680
256x256x256w14-8-63,256,256,256,14,8,63,14-8-63,M0K,8064,504,8,63,64,14,23968,90720,4032,7056,896,4032,23680
256x256x256w14-8-59,256,256,256,14,8,59,14-8-59,M0K,7552,472,8,59,64,14,22560,92128,3776,6608,896,3776,23680
256x256x256w14-8-54,256,256,256,14,8,54,14-8-54,M0K,6912,432,8,54,64,14,20800,93888,3456,6048,896,3456,23680
256x256x256w14-8-58,256,256,256,14,8,58,14-8-58,M0K,7424,464,8,58,64,14,22208,92480,3712,6496,896,3712,23680
256x256x256w14-16-27,256,256,256,14,16,27,14-16-27,M0K,6912,216,16,27,128,14,16544,98144,3456,3024,1792,3456,23680
256x256x256w9-32-21,256,256,256,9,32,21,9-32-21,M0K,10752,168,32,21,256,9,18384,96304,5376,1512,2304,5376,23712
256x256x256w9-80-10,256,256,256,9,80,10,9-80-10,MNK,12800,80,80,10,640,9,25760,88928,6400,720,5760,6400,23712
256x256x256w9-32-20,256,256,256,9,32,20,9-32-20,M0K,10240,160,32,20,256,9,17728,96960,5120,1440,2304,5120,23712
256x256x256w9-64-10,256,256,256,9,64,10,9-64-10,M0K,10240,80,64,10,512,9,20896,93792,5120,720,4608,5120,23712
256x256x256w9-72-10,256,256,256,9,72,10,9-72-10,MNK,11520,80,72,10,576,9,23328,91360,5760,720,5184,5760,23712
256x256x256w83-8-11,256,256,256,83,8,11,83-8-11,M0K,1408,880,8,11,640,83,26640,88048,704,7304,5312,704,23808
256x256x256w15-48-9,256,256,256,15,48,9,15-48-9,MNK,6912,72,48,9,384,15,20592,94096,3456,1080,5760,3456,23838
256x256x256w10-64-9,256,256,256,10,64,9,10-64-9,M0K,9216,72,64,9,512,10,20896,93792,4608,720,5120,4608,23896
256x256x256w10-80-9,256,256,256,10,80,9,10-80-9,MNK,11520,72,80,9,640,10,25760,88928,5760,720,6400,5760,23896
256x256x256w10-72-9,256,256,256,10,72,9,10-72-9,MNK,10368,72,72,9,576,10,23328,91360,5184,720,5760,5184,23896
256x256x256w11-8-73,256,256,256,11,8,73,11-8-73,M0K,9344,584,8,73,64,11,23600,91088,4672,6424,704,4672,23936
256x256x256w11-16-35,256,256,256,11,16,35,11-16-35,M0K,8960,280,16,35,128,11,17936,96752,4480,3080,1408,4480,23936
256x256x256w11-16-33,256,256,256,11,16,33,11-16-33,M0K,8448,264,16,33,128,11,17072,97616,4224,2904,1408,4224,23936
256x256x256w11-64-8,256,256,256,11,64,8,11-64-8,M00,8192,64,64,8,512,11,20864,93824,4096,704,5632,4096,23936
256x256x256w11-8-66,256,256,256,11,8,66,11-8-66,M0K,8448,528,8,66,64,11,21472,93216,4224,5808,704,4224,23936
256x256x256w11-8-79,256,256,256,11,8,79,11-8-79,M0K,10112,632,8,79,64,11,25424,89264,5056,6952,704,5056,23936
256x256x256w11-8-77,256,256,256,11,8,77,11-8-77,M0K,9856,616,8,77,64,11,24816,89872,4928,6776,704,4928,23936
256x256x256w11-8-71,256,256,256,11,8,71,11-8-71,M0K,9088,568,8,71,64,11,22992,91696,4544,6248,704,4544,23936
256x256x256w11-8-78,256,256,256,11,8,78,11-8-78,M0K,9984,624,8,78,64,11,25120,89568,4992,6864,704,4992,23936
256x256x256w11-8-70,256,256,256,11,8,70,11-8-70,M0K,8960,560,8,70,64,11,22688,92000,4480,6160,704,4480,23936
256x256x256w11-8-80,256,256,256,11,8,80,11-8-80,M0K,10240,640,8,80,64,11,25728,88960,5120,7040,704,5120,23936
256x256x256w11-8-76,256,256,256,11,8,76,11-8-76,M0K,9728,608,8,76,64,11,24512,90176,4864,6688,704,4864,23936
256x256x256w11-8-69,256,256,256,11,8,69,11-8-69,M0K,8832,552,8,69,64,11,22384,92304,4416,6072,704,4416,23936
256x256x256w11-8-81,256,256,256,11,8,81,11-8-81,M0K,10368,648,8,81,64,11,26032,88656,5184,7128,704,5184,23936
256x256x256w11-32-16,256,256,256,11,32,16,11-32-16,M00,8192,128,32,16,256,11,16640,98048,4096,1408,2816,4096,23936
256x256x256w11-8-75,256,256,256,11,8,75,11-8-75,M0K,9600,600,8,75,64,11,24208,90480,4800,6600,704,4800,23936
256x256x256w11-8-83,256,256,256,11,8,83,11-8-83,M0K,10624,664,8,83,64,11,26640,88048,5312,7304,704,5312,23936
256x256x256w11-8-67,256,256,256,11,8,67,11-8-67,M0K,8576,536,8,67,64,11,21776,92912,4288,5896,704,4288,23936
256x256x256w11-8-68,256,256,256,11,8,68,11-8-68,M0K,8704,544,8,68,64,11,22080,92608,4352,5984,704,4352,23936
256x256x256w11-8-64,256,256,256,11,8,64,11-8-64,M00,8192,512,8,64,64,11,20864,93824,4096,5632,704,4096,23936
256x256x256w11-72-8,256,256,256,11,72,8,11-72-8,MN0,9216,64,72,8,576,11,23296,91392,4608,704,6336,4608,23936
256x256x256w11-80-8,256,256,256,11,80,8,11-80-8,MN0,10240,64,80,8,640,11,25728,88960,5120,704,7040,5120,23936
256x256x256w11-8-65,256,256,256,11,8,65,11-8-65,M0K,8320,520,8,65,64,11,21168,93520,4160,5720,704,4160,23936
256x256x256w11-8-82,256,256,256,11,8,82,11-8-82,M0K,10496,656,8,82,64,11,26336,88352,5248,7216,704,5248,23936
256x256x256w11-8-74,256,256,256,11,8,74,11-8-74,M0K,9472,592,8,74,64,11,23904,90784,4736,6512,704,4736,23936
256x256x256w11-16-32,256,256,256,11,16,32,11-16-32,M00,8192,256,16,32,128,11,16640,98048,4096,2816,1408,4096,23936
256x256x256w11-16-34,256,256,256,11,16,34,11-16-34,M0K,8704,272,16,34,128,11,17504,97184,4352,2992,1408,4352,23936
256x256x256w11-8-72,256,256,256,11,8,72,11-8-72,M0K,9216,576,8,72,64,11,23296,91392,4608,6336,704,4608,23936
256x256x256w11-16-36,256,256,256,11,16,36,11-16-36,M0K,9216,288,16,36,128,11,18368,96320,4608,3168,1408,4608,23936
256x256x256w11-8-84,256,256,256,11,8,84,11-8-84,M0K,10752,672,8,84,64,11,26944,87744,5376,7392,704,5376,23936
256x256x256w9-40-18,256,256,256,9,40,18,9-40-18,MNK,11520,144,40,18,320,9,19872,94816,5760,1296,2880,5760,23940
256x256x256w21-16-18,256,256,256,21,16,18,21-16-18,M0K,4608,288,16,18,256,21,16032,98656,2304,3024,2688,2304,24000
256x256x256w23-24-11,256,256,256,23,24,11,23-24-11,MNK,4224,176,24,11,384,23,17104,97584,2112,2024,4416,2112,24024
256x256x256w12-40-13,256,256,256,12,40,13,12-40-13,MNK,8320,104,40,13,320,12,18496,96192,4160,1248,3840,4160,24080
256x256x256w15-16-24,256,256,256,15,16,24,15-16-24,M0K,6144,192,16,24,128,15,15744,98944,3072,2880,1920,3072,24112
256x256x256w15-24-16,256,256,256,15,24,16,15-24-16,MN0,6144,128,24,16,192,15,15744,98944,3072,1920,2880,3072,24112
256x256x256w15-16-25,256,256,256,15,16,25,15-16-25,M0K,6400,200,16,25,128,15,16240,98448,3200,3000,1920,3200,24112
256x256x256w15-32-12,256,256,256,15,32,12,15-32-12,M0K,6144,96,32,12,256,15,16704,97984,3072,1440,3840,3072,24112
256x256x256w42-16-9,256,256,256,42,16,9,42-16-9,M0K,2304,360,16,9,640,42,19104,95584,1152,3024,5376,1152,24128
256x256x256w20-32-9,256,256,256,20,32,9,20-32-9,M0K,4608,144,32,9,512,20,17728,96960,2304,1440,5120,2304,24128
256x256x256w18-16-20,256,256,256,18,16,20,18-16-20,M0K,5120,320,16,20,256,18,15488,99200,2560,2880,2304,2560,24128
256x256x256w18-16-21,256,256,256,18,16,21,18-16-21,M0K,5376,336,16,21,256,18,16032,98656,2688,3024,2304,2688,24128
256x256x256w18-32-10,256,256,256,18,32,10,18-32-10,M0K,5120,160,32,10,512,18,17216,97472,2560,1440,4608,2560,24128
256x256x256w21-24-12,256,256,256,21,24,12,21-24-12,MNK,4608,192,24,12,384,21,16704,97984,2304,2016,4032,2304,24200
256x256x256w28-24-9,256,256,256,28,24,9,28-24-9,MNK,3456,216,24,9,576,28,18240,96448,1728,2016,5376,1728,24244
256x256x256w18-24-14,256,256,256,18,24,14,18-24-14,MNK,5376,224,24,14,384,18,16320,98368,2688,2016,3456,2688,24244
256x256x256w11-56-10,256,256,256,11,56,10,11-56-10,MNK,8960,80,56,10,448,11,20576,94112,4480,880,4928,4480,24310
256x256x256w28-8-26,256,256,256,28,8,26,28-8-26,M0K,3328,624,8,26,192,28,18560,96128,1664,5824,1792,1664,24320
256x256x256w54-8-14,256,256,256,54,8,14,54-8-14,M0K,1792,672,8,14,384,54,20800,93888,896,6048,3456,896,24320
256x256x256w28-8-27,256,256,256,28,8,27,28-8-27,M0K,3456,648,8,27,192,28,19136,95552,1728,6048,1792,1728,24320
256x256x256w53-8-14,256,256,256,53,8,14,53-8-14,M0K,1792,672,8,14,384,53,20448,94240,896,5936,3392,896,24320
256x256x256w56-8-14,256,256,256,56,8,14,56-8-14,M0K,1792,784,8,14,448,56,21504,93184,896,6272,3584,896,24320
256x256x256w52-8-14,256,256,256,52,8,14,52-8-14,M0K,1792,672,8,14,384,52,20096,94592,896,5824,3328,896,24320
256x256x256w60-8-14,256,256,256,60,8,14,60-8-14,M0K,1792,784,8,14,448,60,22912,91776,896,6720,3840,896,24320
256x256x256w13-32-14,256,256,256,13,32,14,13-32-14,M0K,7168,112,32,14,256,13,16736,97952,3584,1456,3328,3584,24320
256x256x256w28-16-13,256,256,256,28,16,13,28-16-13,M0K,3328,312,16,13,384,28,16320,98368,1664,2912,3584,1664,24320
256x256x256w57-8-14,256,256,256,57,8,14,57-8-14,M0K,1792,784,8,14,448,57,21856,92832,896,6384,3648,896,24320
256x256x256w28-8-28,256,256,256,28,8,28,28-8-28,M0K,3584,672,8,28,192,28,19712,94976,1792,6272,1792,1792,24320
256x256x256w59-8-14,256,256,256,59,8,14,59-8-14,M0K,1792,784,8,14,448,59,22560,92128,896,6608,3776,896,24320
256x256x256w8-56-14,256,256,256,8,56,14,8-56-14,0NK,12544,112,56,14,448,8,21504,93184,6272,896,3584,6272,24320
256x256x256w58-8-14,256,256,256,58,8,14,58-8-14,M0K,1792,784,8,14,448,58,22208,92480,896,6496,3712,896,24320
256x256x256w27-16-14,256,256,256,27,16,14,27-16-14,M0K,3584,336,16,14,384,27,16544,98144,1792,3024,3456,1792,24320
256x256x256w61-8-14,256,256,256,61,8,14,61-8-14,M0K,1792,784,8,14,448,61,23264,91424,896,6832,3904,896,24320
256x256x256w55-8-14,256,256,256,55,8,14,55-8-14,M0K,1792,672,8,14,384,55,21152,93536,896,6160,3520,896,24320
256x256x256w62-8-14,256,256,256,62,8,14,62-8-14,M0K,1792,784,8,14,448,62,23616,91072,896,6944,3968,896,24320
256x256x256w26-16-14,256,256,256,26,16,14,26-16-14,M0K,3584,336,16,14,384,26,16064,98624,1792,2912,3328,1792,24320
256x256x256w14-24-18,256,256,256,14,24,18,14-24-18,MNK,6912,144,24,18,192,14,16320,98368,3456,2016,2688,3456,24420
256x256x256w17-40-9,256,256,256,17,40,9,17-40-9,MNK,5760,144,40,9,640,17,19088,95600,2880,1224,5440,2880,24563
256x256x256w16-8-44,256,256,256,16,8,44,16-8-44,00K,5632,704,8,44,128,16,18944,95744,2816,5632,1024,2816,24576
256x256x256w8-16-47,256,256,256,8,16,47,8-16-47,00K,12032,376,16,47,128,8,20096,94592,6016,3008,1024,6016,24576
256x256x256w8-8-107,256,256,256,8,8,107,8-8-107,00K,13696,856,8,107,64,8,28416,86272,6848,6848,512,6848,24576
256x256x256w8-32-22,256,256,256,8,32,22,8-32-22,00K,11264,176,32,22,256,8,18176,96512,5632,1408,2048,5632,24576
256x256x256w65-8-11,256,256,256,65,8,11,65-8-11,M0K,1408,704,8,11,512,65,21168,93520,704,5720,4160,704,24576
256x256x256w8-8-115,256,256,256,8,8,115,8-8-115,00K,14720,920,8,115,64,8,30464,84224,7360,7360,512,7360,24576
256x256x256w16-8-45,256,256,256,16,8,45,16-8-45,00K,5760,720,8,45,128,16,19328,95360,2880,5760,1024,2880,24576
256x256x256w8-8-123,256,256,256,8,8,123,8-8-123,00K,15744,984,8,123,64,8,32512,82176,7872,7872,512,7872,24576
256x256x256w121-8-8,256,256,256,121,8,8,121-8-8,M00,1024,960,8,8,960,121,32000,82688,512,7744,7744,512,24576
256x256x256w8-32-23,256,256,256,8,32,23,8-32-23,00K,11776,184,32,23,256,8,18816,95872,5888,1472,2048,5888,24576
256x256x256w87-8-8,256,256,256,87,8,8,87-8-8,M00,1024,640,8,8,640,87,23296,91392,512,5568,5568,512,24576
256x256x256w43-8-16,256,256,256,43,8,16,43-8-16,M00,2048,640,8,16,320,43,18560,96128,1024,5504,2752,1024,24576
256x256x256w70-8-11,256,256,256,70,8,11,70-8-11,M0K,1408,704,8,11,512,70,22688,92000,704,6160,4480,704,24576
256x256x256w8-16-43,256,256,256,8,16,43,8-16-43,00K,11008,344,16,43,128,8,18560,96128,5504,2752,1024,5504,24576
256x256x256w22-32-8,256,256,256,22,32,8,22-32-8,M00,4096,128,32,8,512,22,18176,96512,2048,1408,5632,2048,24576
256x256x256w16-8-50,256,256,256,16,8,50,16-8-50,00K,6400,800,8,50,128,16,21248,93440,3200,6400,1024,3200,24576
256x256x256w92-8-8,256,256,256,92,8,8,92-8-8,M00,1024,704,8,8,704,92,24576,90112,512,5888,5888,512,24576
256x256x256w102-8-8,256,256,256,102,8,8,102-8-8,M00,1024,768,8,8,768,102,27136,87552,512,6528,6528,512,24576
256x256x256w8-8-114,256,256,256,8,8,114,8-8-114,00K,14592,912,8,114,64,8,30208,84480,7296,7296,512,7296,24576
256x256x256w76-8-11,256,256,256,76,8,11,76-8-11,M0K,1408,792,8,11,576,76,24512,90176,704,6688,4864,704,24576
256x256x256w47-8-16,256,256,256,47,8,16,47-8-16,M00,2048,640,8,16,320,47,20096,94592,1024,6016,3008,1024,24576
256x256x256w8-8-111,256,256,256,8,8,111,8-8-111,00K,14208,888,8,111,64,8,29440,85248,7104,7104,512,7104,24576
256x256x256w34-16-11,256,256,256,34,16,11,34-16-11,M0K,2816,352,16,11,512,34,17504,97184,1408,2992,4352,1408,24576
256x256x256w116-8-8,256,256,256,116,8,8,116-8-8,M00,1024,896,8,8,896,116,30720,83968,512,7424,7424,512,24576
256x256x256w89-8-8,256,256,256,89,8,8,89-8-8,M00,1024,704,8,8,704,89,23808,90880,512,5696,5696,512,24576
256x256x256w8-8-95,256,256,256,8,8,95,8-8-95,00K,12160,760,8,95,64,8,25344,89344,6080,6080,512,6080,24576
256x256x256w8-8-119,256,256,256,8,8,119,8-8-119,00K,15232,952,8,119,64,8,31488,83200,7616,7616,512,7616,24576
256x256x256w8-88-8,256,256,256,8,88,8,8-88-8,0N0,11264,64,88,8,704,8,23552,91136,5632,512,5632,5632,24576
256x256x256w72-8-11,256,256,256,72,8,11,72-8-11,M0K,1408,792,8,11,576,72,23296,91392,704,6336,4608,704,24576
256x256x256w8-8-103,256,256,256,8,8,103,8-8-103,00K,13184,824,8,103,64,8,27392,87296,6592,6592,512,6592,24576
256x256x256w44-16-8,256,256,256,44,16,8,44-16-8,M00,2048,320,16,8,640,44,18944,95744,1024,2816,5632,1024,24576
256x256x256w117-8-8,256,256,256,117,8,8,117-8-8,M00,1024,896,8,8,896,117,30976,83712,512,7488,7488,512,24576
256x256x256w101-8-8,256,256,256,101,8,8,101-8-8,M00,1024,768,8,8,768,101,26880,87808,512,6464,6464,512,24576
256x256x256w8-8-113,256,256,256,8,8,113,8-8-113,00K,14464,904,8,113,64,8,29952,84736,7232,7232,512,7232,24576
256x256x256w8-8-105,256,256,256,8,8,105,8-8-105,00K,13440,840,8,105,64,8,27904,86784,6720,6720,512,6720,24576
256x256x256w34-8-23,256,256,256,34,8,23,34-8-23,M0K,2944,736,8,23,256,34,19808,94880,1472,6256,2176,1472,24576
256x256x256w35-8-22,256,256,256,35,8,22,35-8-22,M0K,2816,704,8,22,256,35,19616,95072,1408,6160,2240,1408,24576
256x256x256w75-8-11,256,256,256,75,8,11,75-8-11,M0K,1408,792,8,11,576,75,24208,90480,704,6600,4800,704,24576
256x256x256w8-8-124,256,256,256,8,8,124,8-8-124,00K,15872,992,8,124,64,8,32768,81920,7936,7936,512,7936,24576
256x256x256w8-8-102,256,256,256,8,8,102,8-8-102,00K,13056,816,8,102,64,8,27136,87552,6528,6528,512,6528,24576
256x256x256w80-8-11,256,256,256,80,8,11,80-8-11,M0K,1408,880,8,11,640,80,25728,88960,704,7040,5120,704,24576
256x256x256w93-8-8,256,256,256,93,8,8,93-8-8,M00,1024,704,8,8,704,93,24832,89856,512,5952,5952,512,24576
256x256x256w8-16-45,256,256,256,8,16,45,8-16-45,00K,11520,360,16,45,128,8,19328,95360,5760,2880,1024,5760,24576
256x256x256w22-8-32,256,256,256,22,8,32,22-8-32,M00,4096,512,8,32,128,22,18176,96512,2048,5632,1408,2048,24576
256x256x256w46-8-16,256,256,256,46,8,16,46-8-16,M00,2048,640,8,16,320,46,19712,94976,1024,5888,2944,1024,24576
256x256x256w48-16-8,256,256,256,48,16,8,48-16-8,M00,2048,384,16,8,768,48,20480,94208,1024,3072,6144,1024,24576
256x256x256w35-16-11,256,256,256,35,16,11,35-16-11,M0K,2816,352,16,11,512,35,17936,96752,1408,3080,4480,1408,24576
256x256x256w88-8-8,256,256,256,88,8,8,88-8-8,M00,1024,704,8,8,704,88,23552,91136,512,5632,5632,512,24576
256x256x256w8-8-122,256,256,256,8,8,122,8-8-122,00K,15616,976,8,122,64,8,32256,82432,7808,7808,512,7808,24576
256x256x256w98-8-8,256,256,256,98,8,8,98-8-8,M00,1024,768,8,8,768,98,26112,88576,512,6272,6272,512,24576
256x256x256w79-8-11,256,256,256,79,8,11,79-8-11,M0K,1408,792,8,11,576,79,25424,89264,704,6952,5056,704,24576
256x256x256w8-8-94,256,256,256,8,8,94,8-8-94,00K,12032,752,8,94,64,8,25088,89600,6016,6016,512,6016,24576
256x256x256w8-8-86,256,256,256,8,8,86,8-8-86,00K,11008,688,8,86,64,8,23040,91648,5504,5504,512,5504,24576
256x256x256w16-16-23,256,256,256,16,16,23,16-16-23,00K,5888,368,16,23,256,16,15872,98816,2944,2944,2048,2944,24576
256x256x256w32-8-22,256,256,256,32,8,22,32-8-22,00K,2816,704,8,22,256,32,18176,96512,1408,5632,2048,1408,24576
256x256x256w8-8-91,256,256,256,8,8,91,8-8-91,00K,11648,728,8,91,64,8,24320,90368,5824,5824,512,5824,24576
256x256x256w8-8-92,256,256,256,8,8,92,8-8-92,00K,11776,736,8,92,64,8,24576,90112,5888,5888,512,5888,24576
256x256x256w103-8-8,256,256,256,103,8,8,103-8-8,M00,1024,768,8,8,768,103,27392,87296,512,6592,6592,512,24576
256x256x256w16-48-8,256,256,256,16,48,8,16-48-8,0N0,6144,128,48,8,768,16,20480,94208,3072,1024,6144,3072,24576
256x256x256w22-8-35,256,256,256,22,8,35,22-8-35,M0K,4480,560,8,35,128,22,19616,95072,2240,6160,1408,2240,24576
256x256x256w97-8-8,256,256,256,97,8,8,97-8-8,M00,1024,768,8,8,768,97,25856,88832,512,6208,6208,512,24576
256x256x256w66-8-11,256,256,256,66,8,11,66-8-11,M0K,1408,704,8,11,512,66,21472,93216,704,5808,4224,704,24576
256x256x256w8-64-11,256,256,256,8,64,11,8-64-11,00K,11264,88,64,11,512,8,20864,93824,5632,704,4096,5632,24576
256x256x256w8-48-16,256,256,256,8,48,16,8-48-16,0N0,12288,128,48,16,384,8,20480,94208,6144,1024,3072,6144,24576
256x256x256w94-8-8,256,256,256,94,8,8,94-8-8,M00,1024,704,8,8,704,94,25088,89600,512,6016,6016,512,24576
256x256x256w16-8-47,256,256,256,16,8,47,16-8-47,00K,6016,752,8,47,128,16,20096,94592,3008,6016,1024,3008,24576
256x256x256w8-120-8,256,256,256,8,120,8,8-120-8,0N0,15360,64,120,8,960,8,31744,82944,7680,512,7680,7680,24576
256x256x256w91-8-8,256,256,256,91,8,8,91-8-8,M00,1024,704,8,8,704,91,24320,90368,512,5824,5824,512,24576
256x256x256w8-8-93,256,256,256,8,8,93,8-8-93,00K,11904,744,8,93,64,8,24832,89856,5952,5952,512,5952,24576
256x256x256w8-8-126,256,256,256,8,8,126,8-8-126,00K,16128,1008,8,126,64,8,33280,81408,8064,8064,512,8064,24576
256x256x256w47-16-8,256,256,256,47,16,8,47-16-8,M00,2048,320,16,8,640,47,20096,94592,1024,3008,6016,1024,24576
256x256x256w122-8-8,256,256,256,122,8,8,122-8-8,M00,1024,960,8,8,960,122,32256,82432,512,7808,7808,512,24576
256x256x256w16-8-48,256,256,256,16,8,48,16-8-48,00K,6144,768,8,48,128,16,20480,94208,3072,6144,1024,3072,24576
256x256x256w8-8-99,256,256,256,8,8,99,8-8-99,00K,12672,792,8,99,64,8,26368,88320,6336,6336,512,6336,24576
256x256x256w8-8-90,256,256,256,8,8,90,8-8-90,00K,11520,720,8,90,64,8,24064,90624,5760,5760,512,5760,24576
256x256x256w108-8-8,256,256,256,108,8,8,108-8-8,M00,1024,832,8,8,832,108,28672,86016,512,6912,6912,512,24576
256x256x256w96-8-8,256,256,256,96,8,8,96-8-8,M00,1024,768,8,8,768,96,25600,89088,512,6144,6144,512,24576
256x256x256w8-8-104,256,256,256,8,8,104,8-8-104,00K,13312,832,8,104,64,8,27648,87040,6656,6656,512,6656,24576
256x256x256w22-16-16,256,256,256,22,16,16,22-16-16,M00,4096,256,16,16,256,22,15360,99328,2048,2816,2816,2048,24576
256x256x256w8-8-96,256,256,256,8,8,96,8-8-96,00K,12288,768,8,96,64,8,25600,89088,6144,6144,512,6144,24576
256x256x256w22-8-34,256,256,256,22,8,34,22-8-34,M0K,4352,544,8,34,128,22,19136,95552,2176,5984,1408,2176,24576
256x256x256w16-8-49,256,256,256,16,8,49,16-8-49,00K,6272,784,8,49,128,16,20864,93824,3136,6272,1024,3136,24576
256x256x256w74-8-11,256,256,256,74,8,11,74-8-11,M0K,1408,792,8,11,576,74,23904,90784,704,6512,4736,704,24576
256x256x256w113-8-8,256,256,256,113,8,8,113-8-8,M00,1024,896,8,8,896,113,29952,84736,512,7232,7232,512,24576
256x256x256w8-8-100,256,256,256,8,8,100,8-8-100,00K,12800,800,8,100,64,8,26624,88064,6400,6400,512,6400,24576
256x256x256w33-8-22,256,256,256,33,8,22,33-8-22,M0K,2816,704,8,22,256,33,18656,96032,1408,5808,2112,1408,24576
256x256x256w68-8-11,256,256,256,68,8,11,68-8-11,M0K,1408,704,8,11,512,68,22080,92608,704,5984,4352,704,24576
256x256x256w77-8-11,256,256,256,77,8,11,77-8-11,M0K,1408,792,8,11,576,77,24816,89872,704,6776,4928,704,24576
256x256x256w8-8-89,256,256,256,8,8,89,8-8-89,00K,11392,712,8,89,64,8,23808,90880,5696,5696,512,5696,24576
256x256x256w45-16-8,256,256,256,45,16,8,45-16-8,M00,2048,320,16,8,640,45,19328,95360,1024,2880,5760,1024,24576
256x256x256w114-8-8,256,256,256,114,8,8,114-8-8,M00,1024,896,8,8,896,114,30208,84480,512,7296,7296,512,24576
256x256x256w16-32-11,256,256,256,16,32,11,16-32-11,00K,5632,176,32,11,512,16,16640,98048,2816,1408,4096,2816,24576
256x256x256w71-8-11,256,256,256,71,8,11,71-8-11,M0K,1408,704,8,11,512,71,22992,91696,704,6248,4544,704,24576
256x256x256w106-8-8,256,256,256,106,8,8,106-8-8,M00,1024,832,8,8,832,106,28160,86528,512,6784,6784,512,24576
256x256x256w110-8-8,256,256,256,110,8,8,110-8-8,M00,1024,832,8,8,832,110,29184,85504,512,7040,7040,512,24576
256x256x256w104-8-8,256,256,256,104,8,8,104-8-8,M00,1024,832,8,8,832,104,27648,87040,512,6656,6656,512,24576
256x256x256w8-80-11,256,256,256,8,80,11,8-80-11,0NK,14080,88,80,11,640,8,25728,88960,7040,704,5120,7040,24576
256x256x256w8-8-125,256,256,256,8,8,125,8-8-125,00K,16000,1000,8,125,64,8,33024,81664,8000,8000,512,8000,24576
256x256x256w8-112-8,256,256,256,8,112,8,8-112-8,0N0,14336,64,112,8,896,8,29696,84992,7168,512,7168,7168,24576
256x256x256w8-8-117,256,256,256,8,8,117,8-8-117,00K,14976,936,8,117,64,8,30976,83712,7488,7488,512,7488,24576
256x256x256w111-8-8,256,256,256,111,8,8,111-8-8,M00,1024,832,8,8,832,111,29440,85248,512,7104,7104,512,24576
256x256x256w33-8-23,256,256,256,33,8,23,33-8-23,M0K,2944,736,8,23,256,33,19312,95376,1472,6072,2112,1472,24576
256x256x256w8-16-49,256,256,256,8,16,49,8-16-49,00K,12544,392,16,49,128,8,20864,93824,6272,3136,1024,6272,24576
256x256x256w46-16-8,256,256,256,46,16,8,46-16-8,M00,2048,320,16,8,640,46,19712,94976,1024,2944,5888,1024,24576
256x256x256w120-8-8,256,256,256,120,8,8,120-8-8,M00,1024,960,8,8,960,120,31744,82944,512,7680,7680,512,24576
256x256x256w8-8-98,256,256,256,8,8,98,8-8-98,00K,12544,784,8,98,64,8,26112,88576,6272,6272,512,6272,24576
256x256x256w22-8-36,256,256,256,22,8,36,22-8-36,M0K,4608,576,8,36,128,22,20096,94592,2304,6336,1408,2304,24576
256x256x256w8-8-120,256,256,256,8,8,120,8-8-120,00K,15360,960,8,120,64,8,31744,82944,7680,7680,512,7680,24576
256x256x256w8-8-116,256,256,256,8,8,116,8-8-116,00K,14848,928,8,116,64,8,30720,83968,7424,7424,512,7424,24576
256x256x256w67-8-11,256,256,256,67,8,11,67-8-11,M0K,1408,704,8,11,512,67,21776,92912,704,5896,4288,704,24576
256x256x256w33-16-11,256,256,256,33,16,11,33-16-11,M0K,2816,352,16,11,512,33,17072,97616,1408,2904,4224,1408,24576
256x256x256w8-8-106,256,256,256,8,8,106,8-8-106,00K,13568,848,8,106,64,8,28160,86528,6784,6784,512,6784,24576
256x256x256w8-8-109,256,256,256,8,8,109,8-8-109,00K,13952,872,8,109,64,8,28928,85760,6976,6976,512,6976,24576
256x256x256w124-8-8,256,256,256,124,8,8,124-8-8,M00,1024,960,8,8,960,124,32768,81920,512,7936,7936,512,24576
256x256x256w8-8-101,256,256,256,8,8,101,8-8-101,00K,12928,808,8,101,64,8,26880,87808,6464,6464,512,6464,24576
256x256x256w107-8-8,256,256,256,107,8,8,107-8-8,M00,1024,832,8,8,832,107,28416,86272,512,6848,6848,512,24576
256x256x256w64-8-11,256,256,256,64,8,11,64-8-11,00K,1408,704,8,11,512,64,20864,93824,704,5632,4096,704,24576
256x256x256w8-8-108,256,256,256,8,8,108,8-8-108,00K,13824,864,8,108,64,8,28672,86016,6912,6912,512,6912,24576
256x256x256w8-8-88,256,256,256,8,8,88,8-8-88,00K,11264,704,8,88,64,8,23552,91136,5632,5632,512,5632,24576
256x256x256w115-8-8,256,256,256,115,8,8,115-8-8,M00,1024,896,8,8,896,115,30464,84224,512,7360,7360,512,24576
256x256x256w8-72-11,256,256,256,8,72,11,8-72-11,0NK,12672,88,72,11,576,8,23296,91392,6336,704,4608,6336,24576
256x256x256w8-8-112,256,256,256,8,8,112,8-8-112,00K,14336,896,8,112,64,8,29696,84992,7168,7168,512,7168,24576
256x256x256w8-16-48,256,256,256,8,16,48,8-16-48,00K,12288,384,16,48,128,8,20480,94208,6144,3072,1024,6144,24576
256x256x256w99-8-8,256,256,256,99,8,8,99-8-8,M00,1024,768,8,8,768,99,26368,88320,512,6336,6336,512,24576
256x256x256w81-8-11,256,256,256,81,8,11,81-8-11,M0K,1408,880,8,11,640,81,26032,88656,704,7128,5184,704,24576
256x256x256w8-16-44,256,256,256,8,16,44,8-16-44,00K,11264,352,16,44,128,8,18944,95744,5632,2816,1024,5632,24576
256x256x256w123-8-8,256,256,256,123,8,8,123-8-8,M00,1024,960,8,8,960,123,32512,82176,512,7872,7872,512,24576
256x256x256w32-8-23,256,256,256,32,8,23,32-8-23,00K,2944,736,8,23,256,32,18816,95872,1472,5888,2048,1472,24576
256x256x256w8-8-87,256,256,256,8,8,87,8-8-87,00K,11136,696,8,87,64,8,23296,91392,5568,5568,512,5568,24576
256x256x256w73-8-11,256,256,256,73,8,11,73-8-11,M0K,1408,792,8,11,576,73,23600,91088,704,6424,4672,704,24576
256x256x256w86-8-8,256,256,256,86,8,8,86-8-8,M00,1024,640,8,8,640,86,23040,91648,512,5504,5504,512,24576
256x256x256w34-8-22,256,256,256,34,8,22,34-8-22,M0K,2816,704,8,22,256,34,19136,95552,1408,5984,2176,1408,24576
256x256x256w16-16-22,256,256,256,16,16,22,16-16-22,00K,5632,352,16,22,256,16,15360,99328,2816,2816,2048,2816,24576
256x256x256w112-8-8,256,256,256,112,8,8,112-8-8,M00,1024,896,8,8,896,112,29696,84992,512,7168,7168,512,24576
256x256x256w8-16-46,256,256,256,8,16,46,8-16-46,00K,11776,368,16,46,128,8,19712,94976,5888,2944,1024,5888,24576
256x256x256w8-96-8,256,256,256,8,96,8,8-96-8,0N0,12288,64,96,8,768,8,25600,89088,6144,512,6144,6144,24576
256x256x256w16-8-43,256,256,256,16,8,43,16-8-43,00K,5504,688,8,43,128,16,18560,96128,2752,5504,1024,2752,24576
256x256x256w78-8-11,256,256,256,78,8,11,78-8-11,M0K,1408,792,8,11,576,78,25120,89568,704,6864,4992,704,24576
256x256x256w16-8-46,256,256,256,16,8,46,16-8-46,00K,5888,736,8,46,128,16,19712,94976,2944,5888,1024,2944,24576
256x256x256w90-8-8,256,256,256,90,8,8,90-8-8,M00,1024,704,8,8,704,90,24064,90624,512,5760,5760,512,24576
256x256x256w49-8-16,256,256,256,49,8,16,49-8-16,M00,2048,768,8,16,384,49,20864,93824,1024,6272,3136,1024,24576
256x256x256w8-16-50,256,256,256,8,16,50,8-16-50,00K,12800,400,16,50,128,8,21248,93440,6400,3200,1024,6400,24576
256x256x256w82-8-11,256,256,256,82,8,11,82-8-11,M0K,1408,880,8,11,640,82,26336,88352,704,7216,5248,704,24576
256x256x256w8-8-97,256,256,256,8,8,97,8-8-97,00K,12416,776,8,97,64,8,25856,88832,6208,6208,512,6208,24576
256x256x256w22-8-33,256,256,256,22,8,33,22-8-33,M0K,4224,528,8,33,128,22,18656,96032,2112,5808,1408,2112,24576
256x256x256w109-8-8,256,256,256,109,8,8,109-8-8,M00,1024,832,8,8,832,109,28928,85760,512,6976,6976,512,24576
256x256x256w118-8-8,256,256,256,118,8,8,118-8-8,M00,1024,896,8,8,896,118,31232,83456,512,7552,7552,512,24576
256x256x256w48-8-16,256,256,256,48,8,16,48-8-16,M00,2048,768,8,16,384,48,20480,94208,1024,6144,3072,1024,24576
256x256x256w45-8-16,256,256,256,45,8,16,45-8-16,M00,2048,640,8,16,320,45,19328,95360,1024,5760,2880,1024,24576
256x256x256w35-8-23,256,256,256,35,8,23,35-8-23,M0K,2944,736,8,23,256,35,20304,94384,1472,6440,2240,1472,24576
256x256x256w8-8-121,256,256,256,8,8,121,8-8-121,00K,15488,968,8,121,64,8,32000,82688,7744,7744,512,7744,24576
256x256x256w100-8-8,256,256,256,100,8,8,100-8-8,M00,1024,768,8,8,768,100,26624,88064,512,6400,6400,512,24576
256x256x256w43-16-8,256,256,256,43,16,8,43-16-8,M00,2048,320,16,8,640,43,18560,96128,1024,2752,5504,1024,24576
256x256x256w8-8-118,256,256,256,8,8,118,8-8-118,00K,15104,944,8,118,64,8,31232,83456,7552,7552,512,7552,24576
256x256x256w49-16-8,256,256,256,49,16,8,49-16-8,M00,2048,384,16,8,768,49,20864,93824,1024,3136,6272,1024,24576
256x256x256w8-104-8,256,256,256,8,104,8,8-104-8,0N0,13312,64,104,8,832,8,27648,87040,6656,512,6656,6656,24576
256x256x256w32-16-11,256,256,256,32,16,11,32-16-11,00K,2816,352,16,11,512,32,16640,98048,1408,2816,4096,1408,24576
256x256x256w95-8-8,256,256,256,95,8,8,95-8-8,M00,1024,704,8,8,704,95,25344,89344,512,6080,6080,512,24576
256x256x256w44-8-16,256,256,256,44,8,16,44-8-16,M00,2048,640,8,16,320,44,18944,95744,1024,5632,2816,1024,24576
256x256x256w119-8-8,256,256,256,119,8,8,119-8-8,M00,1024,896,8,8,896,119,31488,83200,512,7616,7616,512,24576
256x256x256w69-8-11,256,256,256,69,8,11,69-8-11,M0K,1408,704,8,11,512,69,22384,92304,704,6072,4416,704,24576
256x256x256w105-8-8,256,256,256,105,8,8,105-8-8,M00,1024,832,8,8,832,105,27904,86784,512,6720,6720,512,24576
256x256x256w8-8-110,256,256,256,8,8,110,8-8-110,00K,14080,880,8,110,64,8,29184,85504,7040,7040,512,7040,24576
256x256x256w12-24-20,256,256,256,12,24,20,12-24-20,MNK,7680,160,24,20,192,12,16128,98560,3840,1920,2304,3840,24596
256x256x256w12-24-21,256,256,256,12,24,21,12-24-21,MNK,8064,168,24,21,192,12,16704,97984,4032,2016,2304,4032,24596
256x256x256w25-24-10,256,256,256,25,24,10,25-24-10,MNK,3840,240,24,10,576,25,17440,97248,1920,2000,4800,1920,24596
256x256x256w13-40-12,256,256,256,13,40,12,13-40-12,MNK,7680,96,40,12,320,13,18496,96192,3840,1248,4160,3840,24640
256x256x256w13-24-19,256,256,256,13,24,19,13-24-19,MNK,7296,152,24,19,192,13,16240,98448,3648,1976,2496,3648,24640
256x256x256w19-24-13,256,256,256,19,24,13,19-24-13,MNK,4992,208,24,13,384,19,16240,98448,2496,1976,3648,2496,24640
256x256x256w11-24-22,256,256,256,11,24,22,11-24-22,MNK,8448,176,24,22,192,11,16544,98144,4224,1936,2112,4224,24684
256x256x256w11-24-23,256,256,256,11,24,23,11-24-23,MNK,8832,184,24,23,192,11,17104,97584,4416,2024,2112,4416,24684
256x256x256w11-48-12,256,256,256,11,48,12,11-48-12,MNK,9216,96,48,12,384,11,19776,94912,4608,1056,4224,4608,24684
256x256x256w10-56-11,256,256,256,10,56,11,10-56-11,MNK,9856,88,56,11,448,10,20576,94112,4928,880,4480,4928,24720
256x256x256w10-32-18,256,256,256,10,32,18,10-32-18,M0K,9216,144,32,18,256,10,17216,97472,4608,1440,2560,4608,24720
256x256x256w10-48-13,256,256,256,10,48,13,10-48-13,MNK,9984,104,48,13,384,10,19744,94944,4992,1040,3840,4992,24720
256x256x256w12-16-30,256,256,256,12,16,30,12-16-30,M0K,7680,240,16,30,128,12,16512,98176,3840,2880,1536,3840,24768
256x256x256w25-8-30,256,256,256,25,8,30,25-8-30,M0K,3840,720,8,30,192,25,19040,95648,1920,6000,1600,1920,24768
256x256x256w25-8-29,256,256,256,25,8,29,25-8-29,M0K,3712,696,8,29,192,25,18512,96176,1856,5800,1600,1856,24768
256x256x256w12-48-11,256,256,256,12,48,11,12-48-11,MNK,8448,88,48,11,384,12,19776,94912,4224,1056,4608,4224,24768
256x256x256w25-8-31,256,256,256,25,8,31,25-8-31,M0K,3968,744,8,31,192,25,19568,95120,1984,6200,1600,1984,24768
256x256x256w12-16-29,256,256,256,12,16,29,12-16-29,M0K,7424,232,16,29,128,12,16064,98624,3712,2784,1536,3712,24768
256x256x256w12-16-31,256,256,256,12,16,31,12-16-31,M0K,7936,248,16,31,128,12,16960,97728,3968,2976,1536,3968,24768
256x256x256w14-40-11,256,256,256,14,40,11,14-40-11,MNK,7040,88,40,11,320,14,18464,96224,3520,1232,4480,3520,24864
256x256x256w11-40-14,256,256,256,11,40,14,11-40-14,MNK,8960,112,40,14,320,11,18464,96224,4480,1232,3520,4480,24871
256x256x256w10-24-25,256,256,256,10,24,25,10-24-25,MNK,9600,200,24,25,192,10,17440,97248,4800,2000,1920,4800,24926
256x256x256w10-24-24,256,256,256,10,24,24,10-24-24,MNK,9216,192,24,24,192,10,16896,97792,4608,1920,1920,4608,24926
256x256x256w51-8-14,256,256,256,51,8,14,51-8-14,M0K,1792,672,8,14,384,51,19744,94944,896,5712,3264,896,24928
256x256x256w15-40-10,256,256,256,15,40,10,15-40-10,MNK,6400,80,40,10,320,15,18400,96288,3200,1200,4800,3200,24934
256x256x256w12-56-9,256,256,256,12,56,9,12-56-9,MNK,8064,72,56,9,448,12,20544,94144,4032,864,5376,4032,24940
256x256x256w13-48-10,256,256,256,13,48,10,13-48-10,MNK,7680,80,48,10,384,13,19744,94944,3840,1040,4992,3840,24960
256x256x256w36-8-20,256,256,256,36,8,20,36-8-20,M0K,2560,640,8,20,256,36,18688,96000,1280,5760,2304,1280,24960
256x256x256w42-8-18,256,256,256,42,8,18,42-8-18,M0K,2304,720,8,18,320,42,19776,94912,1152,6048,2688,1152,24960
256x256x256w20-16-18,256,256,256,20,16,18,20-16-18,M0K,4608,288,16,18,256,20,15488,99200,2304,2880,2560,2304,24960
256x256x256w36-8-21,256,256,256,36,8,21,36-8-21,M0K,2688,672,8,21,256,36,19392,95296,1344,6048,2304,1344,24960
256x256x256w36-16-10,256,256,256,36,16,10,36-16-10,M0K,2560,320,16,10,512,36,17536,97152,1280,2880,4608,1280,24960
256x256x256w9-24-28,256,256,256,9,24,28,9-24-28,MNK,10752,224,24,28,192,9,18240,96448,5376,2016,1728,5376,25080
256x256x256w9-56-12,256,256,256,9,56,12,9-56-12,MNK,10752,96,56,12,448,9,20544,94144,5376,864,4032,5376,25080
256x256x256w9-24-27,256,256,256,9,24,27,9-24-27,MNK,10368,216,24,27,192,9,17712,96976,5184,1944,1728,5184,25080
256x256x256w9-24-26,256,256,256,9,24,26,9-24-26,MNK,9984,208,24,26,192,9,17184,97504,4992,1872,1728,4992,25080
256x256x256w39-8-19,256,256,256,39,8,19,39-8-19,M0K,2432,608,8,19,256,39,19280,95408,1216,5928,2496,1216,25088
256x256x256w19-8-38,256,256,256,19,8,38,19-8-38,M0K,4864,608,8,38,128,19,18848,95840,2432,5776,1216,2432,25088
256x256x256w19-8-42,256,256,256,19,8,42,19-8-42,M0K,5376,672,8,42,128,19,20576,94112,2688,6384,1216,2688,25088
256x256x256w38-8-19,256,256,256,38,8,19,38-8-19,M0K,2432,608,8,19,256,38,18848,95840,1216,5776,2432,1216,25088
256x256x256w40-8-19,256,256,256,40,8,19,40-8-19,M0K,2432,760,8,19,320,40,19712,94976,1216,6080,2560,1216,25088
256x256x256w37-8-19,256,256,256,37,8,19,37-8-19,M0K,2432,608,8,19,256,37,18416,96272,1216,5624,2368,1216,25088
256x256x256w8-40-19,256,256,256,8,40,19,8-40-19,0NK,12160,152,40,19,320,8,19712,94976,6080,1216,2560,6080,25088
256x256x256w19-40-8,256,256,256,19,40,8,19-40-8,MN0,5120,128,40,8,640,19,19712,94976,2560,1216,6080,2560,25088
256x256x256w19-8-39,256,256,256,19,8,39,19-8-39,M0K,4992,624,8,39,128,19,19280,95408,2496,5928,1216,2496,25088
256x256x256w41-8-19,256,256,256,41,8,19,41-8-19,M0K,2432,760,8,19,320,41,20144,94544,1216,6232,2624,1216,25088
256x256x256w19-8-41,256,256,256,19,8,41,19-8-41,M0K,5248,656,8,41,128,19,20144,94544,2624,6232,1216,2624,25088
256x256x256w19-8-40,256,256,256,19,8,40,19-8-40,M0K,5120,640,8,40,128,19,19712,94976,2560,6080,1216,2560,25088
256x256x256w19-16-19,256,256,256,19,16,19,19-16-19,M0K,4864,304,16,19,256,19,15504,99184,2432,2888,2432,2432,25088
256x256x256w19-8-37,256,256,256,19,8,37,19-8-37,M0K,4736,592,8,37,128,19,18416,96272,2368,5624,1216,2368,25088
256x256x256w24-24-10,256,256,256,24,24,10,24-24-10,MNK,3840,240,24,10,576,24,16896,97792,1920,1920,4608,1920,25168
256x256x256w17-16-21,256,256,256,17,16,21,17-16-21,M0K,5376,336,16,21,256,17,15440,99248,2688,2856,2176,2688,25168
256x256x256w17-32-10,256,256,256,17,32,10,17-32-10,M0K,5120,160,32,10,512,17,16544,98144,2560,1360,4352,2560,25168
256x256x256w17-16-20,256,256,256,17,16,20,17-16-20,M0K,5120,320,16,20,256,17,14912,99776,2560,2720,2176,2560,25168
256x256x256w20-24-12,256,256,256,20,24,12,20-24-12,MNK,4608,192,24,12,384,20,16128,98560,2304,1920,3840,2304,25168
256x256x256w17-24-14,256,256,256,17,24,14,17-24-14,MNK,5376,224,24,14,384,17,15712,98976,2688,1904,3264,2688,25289
256x256x256w31-16-12,256,256,256,31,16,12,31-16-12,M0K,3072,288,16,12,384,31,16960,97728,1536,2976,3968,1536,25344
256x256x256w29-24-8,256,256,256,29,24,8,29-24-8,MN0,3072,192,24,8,576,29,17920,96768,1536,1856,5568,1536,25344
256x256x256w24-8-30,256,256,256,24,8,30,24-8-30,M0K,3840,720,8,30,192,24,18432,96256,1920,5760,1536,1920,25344
256x256x256w29-16-12,256,256,256,29,16,12,29-16-12,M0K,3072,288,16,12,384,29,16064,98624,1536,2784,3712,1536,25344
256x256x256w31-8-25,256,256,256,31,8,25,31-8-25,M0K,3200,600,8,25,192,31,19568,95120,1600,6200,1984,1600,25344
256x256x256w29-8-24,256,256,256,29,8,24,29-8-24,M0K,3072,576,8,24,192,29,17920,96768,1536,5568,1856,1536,25344
256x256x256w29-8-25,256,256,256,29,8,25,29-8-25,M0K,3200,600,8,25,192,29,18512,96176,1600,5800,1856,1600,25344
256x256x256w30-8-24,256,256,256,30,8,24,30-8-24,M0K,3072,576,8,24,192,30,18432,96256,1536,5760,1920,1536,25344
256x256x256w22-24-11,256,256,256,22,24,11,22-24-11,MNK,4224,176,24,11,384,22,16544,98144,2112,1936,4224,2112,25344
256x256x256w30-16-12,256,256,256,30,16,12,30-16-12,M0K,3072,288,16,12,384,30,16512,98176,1536,2880,3840,1536,25344
256x256x256w8-24-30,256,256,256,8,24,30,8-24-30,0NK,11520,240,24,30,192,8,18432,96256,5760,1920,1536,5760,25344
256x256x256w31-24-8,256,256,256,31,24,8,31-24-8,MN0,3072,192,24,8,576,31,18944,95744,1536,1984,5952,1536,25344
256x256x256w31-8-24,256,256,256,31,8,24,31-8-24,M0K,3072,576,8,24,192,31,18944,95744,1536,5952,1984,1536,25344
256x256x256w63-8-12,256,256,256,63,8,12,63-8-12,M0K,1536,672,8,12,448,63,21696,92992,768,6048,4032,768,25344
256x256x256w24-8-29,256,256,256,24,8,29,24-8-29,M0K,3712,696,8,29,192,24,17920,96768,1856,5568,1536,1856,25344
256x256x256w8-24-29,256,256,256,8,24,29,8-24-29,0NK,11136,232,24,29,192,8,17920,96768,5568,1856,1536,5568,25344
256x256x256w8-24-31,256,256,256,8,24,31,8-24-31,0NK,11904,248,24,31,192,8,18944,95744,5952,1984,1536,5952,25344
256x256x256w30-8-25,256,256,256,30,8,25,30-8-25,M0K,3200,600,8,25,192,30,19040,95648,1600,6000,1920,1600,25344
256x256x256w30-24-8,256,256,256,30,24,8,30-24-8,MN0,3072,192,24,8,576,30,18432,96256,1536,1920,5760,1536,25344
256x256x256w24-8-31,256,256,256,24,8,31,24-8-31,M0K,3968,744,8,31,192,24,18944,95744,1984,5952,1536,1984,25344
256x256x256w18-24-13,256,256,256,18,24,13,18-24-13,MNK,4992,208,24,13,384,18,15648,99040,2496,1872,3456,2496,25520
256x256x256w26-24-9,256,256,256,26,24,9,26-24-9,MNK,3456,216,24,9,576,26,17184,97504,1728,1872,4992,1728,25520
256x256x256w27-24-9,256,256,256,27,24,9,27-24-9,MNK,3456,216,24,9,576,27,17712,96976,1728,1944,5184,1728,25520
256x256x256w9-16-39,256,256,256,9,16,39,9-16-39,M0K,9984,312,16,39,128,9,17904,96784,4992,2808,1152,4992,25536
256x256x256w9-32-19,256,256,256,9,32,19,9-32-19,M0K,9728,152,32,19,256,9,17072,97616,4864,1368,2304,4864,25536
256x256x256w9-40-16,256,256,256,9,40,16,9-40-16,MN0,10240,128,40,16,320,9,18304,96384,5120,1152,2880,5120,25536
256x256x256w9-16-37,256,256,256,9,16,37,9-16-37,M0K,9472,296,16,37,128,9,17104,97584,4736,2664,1152,4736,25536
256x256x256w9-16-38,256,256,256,9,16,38,9-16-38,M0K,9728,304,16,38,128,9,17504,97184,4864,2736,1152,4864,25536
256x256x256w9-16-40,256,256,256,9,16,40,9-16-40,M0K,10240,320,16,40,128,9,18304,96384,5120,2880,1152,5120,25536
256x256x256w9-16-41,256,256,256,9,16,41,9-16-41,M0K,10496,328,16,41,128,9,18704,95984,5248,2952,1152,5248,25536
256x256x256w9-16-42,256,256,256,9,16,42,9-16-42,M0K,10752,336,16,42,128,9,19104,95584,5376,3024,1152,5376,25536
256x256x256w21-8-33,256,256,256,21,8,33,21-8-33,M0K,4224,528,8,33,128,21,18000,96688,2112,5544,1344,2112,25600
256x256x256w21-16-16,256,256,256,21,16,16,21-16-16,M00,4096,256,16,16,256,21,14848,99840,2048,2688,2688,2048,25600
256x256x256w13-8-58,256,256,256,13,8,58,13-8-58,M0K,7424,464,8,58,64,13,21152,93536,3712,6032,832,3712,25600
256x256x256w8-56-13,256,256,256,8,56,13,8-56-13,0NK,11648,104,56,13,448,8,20480,94208,5824,832,3584,5824,25600
256x256x256w26-8-26,256,256,256,26,8,26,26-8-26,M0K,3328,624,8,26,192,26,17472,97216,1664,5408,1664,1664,25600
256x256x256w59-8-13,256,256,256,59,8,13,59-8-13,M0K,1664,728,8,13,448,59,21488,93200,832,6136,3776,832,25600
256x256x256w54-8-13,256,256,256,54,8,13,54-8-13,M0K,1664,624,8,13,384,54,19808,94880,832,5616,3456,832,25600
256x256x256w13-8-60,256,256,256,13,8,60,13-8-60,M0K,7680,480,8,60,64,13,21824,92864,3840,6240,832,3840,25600
256x256x256w13-8-59,256,256,256,13,8,59,13-8-59,M0K,7552,472,8,59,64,13,21488,93200,3776,6136,832,3776,25600
256x256x256w62-8-13,256,256,256,62,8,13,62-8-13,M0K,1664,728,8,13,448,62,22496,92192,832,6448,3968,832,25600
256x256x256w21-8-36,256,256,256,21,8,36,21-8-36,M0K,4608,576,8,36,128,21,19392,95296,2304,6048,1344,2304,25600
256x256x256w13-8-52,256,256,256,13,8,52,13-8-52,M0K,6656,416,8,52,64,13,19136,95552,3328,5408,832,3328,25600
256x256x256w21-8-35,256,256,256,21,8,35,21-8-35,M0K,4480,560,8,35,128,21,18928,95760,2240,5880,1344,2240,25600
256x256x256w27-8-26,256,256,256,27,8,26,27-8-26,M0K,3328,624,8,26,192,27,18016,96672,1664,5616,1728,1664,25600
256x256x256w57-8-13,256,256,256,57,8,13,57-8-13,M0K,1664,728,8,13,448,57,20816,93872,832,5928,3648,832,25600
256x256x256w13-8-57,256,256,256,13,8,57,13-8-57,M0K,7296,456,8,57,64,13,20816,93872,3648,5928,832,3648,25600
256x256x256w13-8-63,256,256,256,13,8,63,13-8-63,M0K,8064,504,8,63,64,13,22832,91856,4032,6552,832,4032,25600
256x256x256w21-32-8,256,256,256,21,32,8,21-32-8,M00,4096,128,32,8,512,21,17536,97152,2048,1344,5376,2048,25600
256x256x256w13-16-27,256,256,256,13,16,27,13-16-27,M0K,6912,216,16,27,128,13,15856,98832,3456,2808,1664,3456,25600
256x256x256w58-8-13,256,256,256,58,8,13,58-8-13,M0K,1664,728,8,13,448,58,21152,93536,832,6032,3712,832,25600
256x256x256w26-16-13,256,256,256,26,16,13,26-16-13,M0K,3328,312,16,13,384,26,15392,99296,1664,2704,3328,1664,25600
256x256x256w52-8-13,256,256,256,52,8,13,52-8-13,M0K,1664,624,8,13,384,52,19136,95552,832,5408,3328,832,25600
256x256x256w55-8-13,256,256,256,55,8,13,55-8-13,M0K,1664,624,8,13,384,55,20144,94544,832,5720,3520,832,25600
256x256x256w27-8-28,256,256,256,27,8,28,27-8-28,M0K,3584,672,8,28,192,27,19136,95552,1792,6048,1728,1792,25600
256x256x256w27-16-13,256,256,256,27,16,13,27-16-13,M0K,3328,312,16,13,384,27,15856,98832,1664,2808,3456,1664,25600
256x256x256w26-8-27,256,256,256,26,8,27,26-8-27,M0K,3456,648,8,27,192,26,18016,96672,1728,5616,1664,1728,25600
256x256x256w27-8-27,256,256,256,27,8,27,27-8-27,M0K,3456,648,8,27,192,27,18576,96112,1728,5832,1728,1728,25600
256x256x256w61-8-13,256,256,256,61,8,13,61-8-13,M0K,1664,728,8,13,448,61,22160,92528,832,6344,3904,832,25600
256x256x256w13-8-54,256,256,256,13,8,54,13-8-54,M0K,6912,432,8,54,64,13,19808,94880,3456,5616,832,3456,25600
256x256x256w13-8-62,256,256,256,13,8,62,13-8-62,M0K,7936,496,8,62,64,13,22496,92192,3968,6448,832,3968,25600
256x256x256w13-8-55,256,256,256,13,8,55,13-8-55,M0K,7040,440,8,55,64,13,20144,94544,3520,5720,832,3520,25600
256x256x256w56-8-13,256,256,256,56,8,13,56-8-13,M0K,1664,728,8,13,448,56,20480,94208,832,5824,3584,832,25600
256x256x256w13-32-13,256,256,256,13,32,13,13-32-13,M0K,6656,104,32,13,256,13,16016,98672,3328,1352,3328,3328,25600
256x256x256w53-8-13,256,256,256,53,8,13,53-8-13,M0K,1664,624,8,13,384,53,19472,95216,832,5512,3392,832,25600
256x256x256w13-8-61,256,256,256,13,8,61,13-8-61,M0K,7808,488,8,61,64,13,22160,92528,3904,6344,832,3904,25600
256x256x256w13-8-53,256,256,256,13,8,53,13-8-53,M0K,6784,424,8,53,64,13,19472,95216,3392,5512,832,3392,25600
256x256x256w13-56-8,256,256,256,13,56,8,13-56-8,MN0,7168,64,56,8,448,13,20480,94208,3584,832,5824,3584,25600
256x256x256w85-8-8,256,256,256,85,8,8,85-8-8,M00,1024,640,8,8,640,85,22784,91904,512,5440,5440,512,25600
256x256x256w21-8-32,256,256,256,21,8,32,21-8-32,M00,4096,512,8,32,128,21,17536,97152,2048,5376,1344,2048,25600
256x256x256w26-8-28,256,256,256,26,8,28,26-8-28,M0K,3584,672,8,28,192,26,18560,96128,1792,5824,1664,1792,25600
256x256x256w60-8-13,256,256,256,60,8,13,60-8-13,M0K,1664,728,8,13,448,60,21824,92864,832,6240,3840,832,25600
256x256x256w13-8-56,256,256,256,13,8,56,13-8-56,M0K,7168,448,8,56,64,13,20480,94208,3584,5824,832,3584,25600
256x256x256w21-8-34,256,256,256,21,8,34,21-8-34,M0K,4352,544,8,34,128,21,18464,96224,2176,5712,1344,2176,25600
256x256x256w13-16-26,256,256,256,13,16,26,13-16-26,M0K,6656,208,16,26,128,13,15392,99296,3328,2704,1664,3328,25600
256x256x256w13-16-28,256,256,256,13,16,28,13-16-28,M0K,7168,224,16,28,128,13,16320,98368,3584,2912,1664,3584,25600
256x256x256w14-48-9,256,256,256,14,48,9,14-48-9,MNK,6912,72,48,9,384,14,19680,95008,3456,1008,5376,3456,25752
256x256x256w83-8-10,256,256,256,83,8,10,83-8-10,M0K,1280,800,8,10,640,83,25184,89504,640,6640,5312,640,25792
256x256x256w38-16-9,256,256,256,38,16,9,38-16-9,M0K,2304,288,16,9,512,38,17504,97184,1152,2736,4864,1152,25984
256x256x256w18-8-42,256,256,256,18,8,42,18-8-42,M0K,5376,672,8,42,128,18,19776,94912,2688,6048,1152,2688,25984
256x256x256w18-8-41,256,256,256,18,8,41,18-8-41,M0K,5248,656,8,41,128,18,19360,95328,2624,5904,1152,2624,25984
256x256x256w19-32-9,256,256,256,19,32,9,19-32-9,M0K,4608,144,32,9,512,19,17072,97616,2304,1368,4864,2304,25984
256x256x256w18-8-38,256,256,256,18,8,38,18-8-38,M0K,4864,608,8,38,128,18,18112,96576,2432,5472,1152,2432,25984
256x256x256w37-16-9,256,256,256,37,16,9,37-16-9,M0K,2304,288,16,9,512,37,17104,97584,1152,2664,4736,1152,25984
256x256x256w18-40-8,256,256,256,18,40,8,18-40-8,MN0,5120,128,40,8,640,18,18944,95744,2560,1152,5760,2560,25984
256x256x256w18-8-37,256,256,256,18,8,37,18-8-37,M0K,4736,592,8,37,128,18,17696,96992,2368,5328,1152,2368,25984
256x256x256w40-16-9,256,256,256,40,16,9,40-16-9,M0K,2304,360,16,9,640,40,18304,96384,1152,2880,5120,1152,25984
256x256x256w84-8-9,256,256,256,84,8,9,84-8-9,M0K,1152,720,8,9,640,84,24000,90688,576,6048,5376,576,25984
256x256x256w18-16-19,256,256,256,18,16,19,18-16-19,M0K,4864,304,16,19,256,18,14944,99744,2432,2736,2304,2432,25984
256x256x256w18-8-39,256,256,256,18,8,39,18-8-39,M0K,4992,624,8,39,128,18,18528,96160,2496,5616,1152,2496,25984
256x256x256w16-40-9,256,256,256,16,40,9,16-40-9,0NK,5760,144,40,9,640,16,18304,96384,2880,1152,5120,2880,25984
256x256x256w39-16-9,256,256,256,39,16,9,39-16-9,M0K,2304,288,16,9,512,39,17904,96784,1152,2808,4992,1152,25984
256x256x256w41-16-9,256,256,256,41,16,9,41-16-9,M0K,2304,360,16,9,640,41,18704,95984,1152,2952,5248,1152,25984
256x256x256w18-8-40,256,256,256,18,8,40,18-8-40,M0K,5120,640,8,40,128,18,18944,95744,2560,5760,1152,2560,25984
256x256x256w9-48-14,256,256,256,9,48,14,9-48-14,MNK,10752,112,48,14,384,9,19680,95008,5376,1008,3456,5376,25992
256x256x256w23-24-10,256,256,256,23,24,10,23-24-10,MNK,3840,160,24,10,384,23,16352,98336,1920,1840,4416,1920,26026
256x256x256w14-16-25,256,256,256,14,16,25,14-16-25,M0K,6400,200,16,25,128,14,15584,99104,3200,2800,1792,3200,26048
256x256x256w14-24-16,256,256,256,14,24,16,14-24-16,MN0,6144,128,24,16,192,14,15104,99584,3072,1792,2688,3072,26048
256x256x256w14-16-24,256,256,256,14,16,24,14-16-24,M0K,6144,192,16,24,128,14,15104,99584,3072,2688,1792,3072,26048
256x256x256w14-32-12,256,256,256,14,32,12,14-32-12,M0K,6144,96,32,12,256,14,16000,98688,3072,1344,3584,3072,26048
256x256x256w25-16-14,256,256,256,25,16,14,25-16-14,M0K,3584,336,16,14,384,25,15584,99104,1792,2800,3200,1792,26144
256x256x256w12-32-14,256,256,256,12,32,14,12-32-14,M0K,7168,112,32,14,256,12,16000,98688,3584,1344,3072,3584,26144
256x256x256w11-40-13,256,256,256,11,40,13,11-40-13,MNK,8320,104,40,13,320,11,17648,97040,4160,1144,3520,4160,26180
256x256x256w23-8-29,256,256,256,23,8,29,23-8-29,M0K,3712,464,8,29,128,23,17328,97360,1856,5336,1472,1856,26208
256x256x256w23-8-31,256,256,256,23,8,31,23-8-31,M0K,3968,496,8,31,128,23,18320,96368,1984,5704,1472,1984,26208
256x256x256w23-8-30,256,256,256,23,8,30,23-8-30,M0K,3840,480,8,30,128,23,17824,96864,1920,5520,1472,1920,26208
256x256x256w51-8-13,256,256,256,51,8,13,51-8-13,M0K,1664,624,8,13,384,51,18800,95888,832,5304,3264,832,26240
256x256x256w15-16-22,256,256,256,15,16,22,15-16-22,M0K,5632,176,16,22,128,15,14752,99936,2816,2640,1920,2816,26304
256x256x256w15-8-44,256,256,256,15,8,44,15-8-44,M0K,5632,352,8,44,64,15,18112,96576,2816,5280,960,2816,26304
256x256x256w15-8-47,256,256,256,15,8,47,15-8-47,M0K,6016,376,8,47,64,15,19216,95472,3008,5640,960,3008,26304
256x256x256w15-8-49,256,256,256,15,8,49,15-8-49,M0K,6272,392,8,49,64,15,19952,94736,3136,5880,960,3136,26304
256x256x256w15-8-46,256,256,256,15,8,46,15-8-46,M0K,5888,368,8,46,64,15,18848,95840,2944,5520,960,2944,26304
256x256x256w15-16-23,256,256,256,15,16,23,15-16-23,M0K,5888,184,16,23,128,15,15248,99440,2944,2760,1920,2944,26304
256x256x256w15-8-43,256,256,256,15,8,43,15-8-43,M0K,5504,344,8,43,64,15,17744,96944,2752,5160,960,2752,26304
256x256x256w15-32-11,256,256,256,15,32,11,15-32-11,M0K,5632,88,32,11,256,15,15952,98736,2816,1320,3840,2816,26304
256x256x256w15-8-45,256,256,256,15,8,45,15-8-45,M0K,5760,360,8,45,64,15,18480,96208,2880,5400,960,2880,26304
256x256x256w15-8-50,256,256,256,15,8,50,15-8-50,M0K,6400,400,8,50,64,15,20320,94368,3200,6000,960,3200,26304
256x256x256w15-48-8,256,256,256,15,48,8,15-48-8,MN0,6144,64,48,8,384,15,19584,95104,3072,960,5760,3072,26304
256x256x256w15-8-48,256,256,256,15,8,48,15-8-48,M0K,6144,384,8,48,64,15,19584,95104,3072,5760,960,3072,26304
256x256x256w10-80-8,256,256,256,10,80,8,10-80-8,MN0,10240,64,80,8,640,10,24320,90368,5120,640,6400,5120,26368
256x256x256w10-8-79,256,256,256,10,8,79,10-8-79,M0K,10112,632,8,79,64,10,24032,90656,5056,6320,640,5056,26368
256x256x256w10-16-33,256,256,256,10,16,33,10-16-33,M0K,8448,264,16,33,128,10,16288,98400,4224,2640,1280,4224,26368
256x256x256w10-72-8,256,256,256,10,72,8,10-72-8,MN0,9216,64,72,8,576,10,22016,92672,4608,640,5760,4608,26368
256x256x256w10-16-32,256,256,256,10,16,32,10-16-32,M00,8192,256,16,32,128,10,15872,98816,4096,2560,1280,4096,26368
256x256x256w10-8-67,256,256,256,10,8,67,10-8-67,M0K,8576,536,8,67,64,10,20576,94112,4288,5360,640,4288,26368
256x256x256w10-8-68,256,256,256,10,8,68,10-8-68,M0K,8704,544,8,68,64,10,20864,93824,4352,5440,640,4352,26368
256x256x256w10-8-75,256,256,256,10,8,75,10-8-75,M0K,9600,600,8,75,64,10,22880,91808,4800,6000,640,4800,26368
256x256x256w10-8-82,256,256,256,10,8,82,10-8-82,M0K,10496,656,8,82,64,10,24896,89792,5248,6560,640,5248,26368
256x256x256w10-8-69,256,256,256,10,8,69,10-8-69,M0K,8832,552,8,69,64,10,21152,93536,4416,5520,640,4416,26368
256x256x256w10-8-74,256,256,256,10,8,74,10-8-74,M0K,9472,592,8,74,64,10,22592,92096,4736,5920,640,4736,26368
256x256x256w10-8-73,256,256,256,10,8,73,10-8-73,M0K,9344,584,8,73,64,10,22304,92384,4672,5840,640,4672,26368
256x256x256w10-8-65,256,256,256,10,8,65,10-8-65,M0K,8320,520,8,65,64,10,20000,94688,4160,5200,640,4160,26368
256x256x256w10-8-81,256,256,256,10,8,81,10-8-81,M0K,10368,648,8,81,64,10,24608,90080,5184,6480,640,5184,26368
256x256x256w10-8-77,256,256,256,10,8,77,10-8-77,M0K,9856,616,8,77,64,10,23456,91232,4928,6160,640,4928,26368
256x256x256w10-8-70,256,256,256,10,8,70,10-8-70,M0K,8960,560,8,70,64,10,21440,93248,4480,5600,640,4480,26368
256x256x256w10-8-83,256,256,256,10,8,83,10-8-83,M0K,10624,664,8,83,64,10,25184,89504,5312,6640,640,5312,26368
256x256x256w10-8-84,256,256,256,10,8,84,10-8-84,M0K,10752,672,8,84,64,10,25472,89216,5376,6720,640,5376,26368
256x256x256w10-8-66,256,256,256,10,8,66,10-8-66,M0K,8448,528,8,66,64,10,20288,94400,4224,5280,640,4224,26368
256x256x256w10-8-78,256,256,256,10,8,78,10-8-78,M0K,9984,624,8,78,64,10,23744,90944,4992,6240,640,4992,26368
256x256x256w10-8-80,256,256,256,10,8,80,10-8-80,M0K,10240,640,8,80,64,10,24320,90368,5120,6400,640,5120,26368
256x256x256w10-16-36,256,256,256,10,16,36,10-16-36,M0K,9216,288,16,36,128,10,17536,97152,4608,2880,1280,4608,26368
256x256x256w10-8-72,256,256,256,10,8,72,10-8-72,M0K,9216,576,8,72,64,10,22016,92672,4608,5760,640,4608,26368
256x256x256w10-16-34,256,256,256,10,16,34,10-16-34,M0K,8704,272,16,34,128,10,16704,97984,4352,2720,1280,4352,26368
256x256x256w10-8-76,256,256,256,10,8,76,10-8-76,M0K,9728,608,8,76,64,10,23168,91520,4864,6080,640,4864,26368
256x256x256w10-64-8,256,256,256,10,64,8,10-64-8,M00,8192,64,64,8,512,10,19712,94976,4096,640,5120,4096,26368
256x256x256w10-8-64,256,256,256,10,8,64,10-8-64,M00,8192,512,8,64,64,10,19712,94976,4096,5120,640,4096,26368
256x256x256w10-32-16,256,256,256,10,32,16,10-32-16,M00,8192,128,32,16,256,10,15872,98816,4096,1280,2560,4096,26368
256x256x256w10-16-35,256,256,256,10,16,35,10-16-35,M0K,8960,280,16,35,128,10,17120,97568,4480,2800,1280,4480,26368
256x256x256w10-8-71,256,256,256,10,8,71,10-8-71,M0K,9088,568,8,71,64,10,21728,92960,4544,5680,640,4544,26368
256x256x256w21-24-11,256,256,256,21,24,11,21-24-11,MNK,4224,176,24,11,384,21,15984,98704,2112,1848,4032,2112,26400
256x256x256w13-24-18,256,256,256,13,24,18,13-24-18,MNK,6912,144,24,18,192,13,15648,99040,3456,1872,2496,3456,26400
256x256x256w9-72-9,256,256,256,9,72,9,9-72-9,MNK,10368,72,72,9,576,9,22032,92656,5184,648,5184,5184,26448
256x256x256w9-80-9,256,256,256,9,80,9,9-80-9,MNK,11520,72,80,9,640,9,24336,90352,5760,648,5760,5760,26448
256x256x256w9-64-9,256,256,256,9,64,9,9-64-9,M0K,9216,72,64,9,512,9,19728,94960,4608,648,4608,4608,26448
256x256x256w12-24-19,256,256,256,12,24,19,12-24-19,MNK,7296,152,24,19,192,12,15552,99136,3648,1824,2304,3648,26488
256x256x256w12-40-12,256,256,256,12,40,12,12-40-12,MNK,7680,96,40,12,320,12,17664,97024,3840,1152,3840,3840,26488
256x256x256w17-24-13,256,256,256,17,24,13,17-24-13,MNK,4992,208,24,13,384,17,15056,99632,2496,1768,3264,2496,26620
256x256x256w80-8-10,256,256,256,80,8,10,80-8-10,M0K,1280,800,8,10,640,80,24320,90368,640,6400,5120,640,26624
256x256x256w20-8-35,256,256,256,20,8,35,20-8-35,M0K,4480,560,8,35,128,20,18240,96448,2240,5600,1280,2240,26624
256x256x256w34-8-20,256,256,256,34,8,20,34-8-20,M0K,2560,640,8,20,256,34,17792,96896,1280,5440,2176,1280,26624
256x256x256w78-8-10,256,256,256,78,8,10,78-8-10,M0K,1280,720,8,10,576,78,23744,90944,640,6240,4992,640,26624
256x256x256w81-8-10,256,256,256,81,8,10,81-8-10,M0K,1280,800,8,10,640,81,24608,90080,640,6480,5184,640,26624
256x256x256w75-8-10,256,256,256,75,8,10,75-8-10,M0K,1280,720,8,10,576,75,22880,91808,640,6000,4800,640,26624
256x256x256w71-8-10,256,256,256,71,8,10,71-8-10,M0K,1280,640,8,10,512,71,21728,92960,640,5680,4544,640,26624
256x256x256w72-8-10,256,256,256,72,8,10,72-8-10,M0K,1280,720,8,10,576,72,22016,92672,640,5760,4608,640,26624
256x256x256w74-8-10,256,256,256,74,8,10,74-8-10,M0K,1280,720,8,10,576,74,22592,92096,640,5920,4736,640,26624
256x256x256w77-8-10,256,256,256,77,8,10,77-8-10,M0K,1280,720,8,10,576,77,23456,91232,640,6160,4928,640,26624
256x256x256w16-16-20,256,256,256,16,16,20,16-16-20,00K,5120,320,16,20,256,16,14336,100352,2560,2560,2048,2560,26624
256x256x256w32-8-21,256,256,256,32,8,21,32-8-21,00K,2688,672,8,21,256,32,17536,97152,1344,5376,2048,1344,26624
256x256x256w8-32-21,256,256,256,8,32,21,8-32-21,00K,10752,168,32,21,256,8,17536,97152,5376,1344,2048,5376,26624
256x256x256w65-8-10,256,256,256,65,8,10,65-8-10,M0K,1280,640,8,10,512,65,20000,94688,640,5200,4160,640,26624
256x256x256w35-8-21,256,256,256,35,8,21,35-8-21,M0K,2688,672,8,21,256,35,18928,95760,1344,5880,2240,1344,26624
256x256x256w8-80-10,256,256,256,8,80,10,8-80-10,0NK,12800,80,80,10,640,8,24320,90368,6400,640,5120,6400,26624
256x256x256w33-16-10,256,256,256,33,16,10,33-16-10,M0K,2560,320,16,10,512,33,16288,98400,1280,2640,4224,1280,26624
256x256x256w20-8-33,256,256,256,20,8,33,20-8-33,M0K,4224,528,8,33,128,20,17344,97344,2112,5280,1280,2112,26624
256x256x256w20-32-8,256,256,256,20,32,8,20-32-8,M00,4096,128,32,8,512,20,16896,97792,2048,1280,5120,2048,26624
256x256x256w32-8-20,256,256,256,32,8,20,32-8-20,00K,2560,640,8,20,256,32,16896,97792,1280,5120,2048,1280,26624
256x256x256w33-8-20,256,256,256,33,8,20,33-8-20,M0K,2560,640,8,20,256,33,17344,97344,1280,5280,2112,1280,26624
256x256x256w8-32-20,256,256,256,8,32,20,8-32-20,00K,10240,160,32,20,256,8,16896,97792,5120,1280,2048,5120,26624
256x256x256w8-64-10,256,256,256,8,64,10,8-64-10,00K,10240,80,64,10,512,8,19712,94976,5120,640,4096,5120,26624
256x256x256w76-8-10,256,256,256,76,8,10,76-8-10,M0K,1280,720,8,10,576,76,23168,91520,640,6080,4864,640,26624
256x256x256w70-8-10,256,256,256,70,8,10,70-8-10,M0K,1280,640,8,10,512,70,21440,93248,640,5600,4480,640,26624
256x256x256w66-8-10,256,256,256,66,8,10,66-8-10,M0K,1280,640,8,10,512,66,20288,94400,640,5280,4224,640,26624
256x256x256w73-8-10,256,256,256,73,8,10,73-8-10,M0K,1280,720,8,10,576,73,22304,92384,640,5840,4672,640,26624
256x256x256w33-8-21,256,256,256,33,8,21,33-8-21,M0K,2688,672,8,21,256,33,18000,96688,1344,5544,2112,1344,26624
256x256x256w68-8-10,256,256,256,68,8,10,68-8-10,M0K,1280,640,8,10,512,68,20864,93824,640,5440,4352,640,26624
256x256x256w42-16-8,256,256,256,42,16,8,42-16-8,M00,2048,320,16,8,640,42,18176,96512,1024,2688,5376,1024,26624
256x256x256w35-16-10,256,256,256,35,16,10,35-16-10,M0K,2560,320,16,10,512,35,17120,97568,1280,2800,4480,1280,26624
256x256x256w20-8-32,256,256,256,20,8,32,20-8-32,M00,4096,512,8,32,128,20,16896,97792,2048,5120,1280,2048,26624
256x256x256w79-8-10,256,256,256,79,8,10,79-8-10,M0K,1280,720,8,10,576,79,24032,90656,640,6320,5056,640,26624
256x256x256w20-8-34,256,256,256,20,8,34,20-8-34,M0K,4352,544,8,34,128,20,17792,96896,2176,5440,1280,2176,26624
256x256x256w34-8-21,256,256,256,34,8,21,34-8-21,M0K,2688,672,8,21,256,34,18464,96224,1344,5712,2176,1344,26624
256x256x256w35-8-20,256,256,256,35,8,20,35-8-20,M0K,2560,640,8,20,256,35,18240,96448,1280,5600,2240,1280,26624
256x256x256w82-8-10,256,256,256,82,8,10,82-8-10,M0K,1280,800,8,10,640,82,24896,89792,640,6560,5248,640,26624
256x256x256w16-32-10,256,256,256,16,32,10,16-32-10,00K,5120,160,32,10,512,16,15872,98816,2560,1280,4096,2560,26624
256x256x256w20-16-16,256,256,256,20,16,16,20-16-16,M00,4096,256,16,16,256,20,14336,100352,2048,2560,2560,2048,26624
256x256x256w8-72-10,256,256,256,8,72,10,8-72-10,0NK,11520,80,72,10,576,8,22016,92672,5760,640,4608,5760,26624
256x256x256w34-16-10,256,256,256,34,16,10,34-16-10,M0K,2560,320,16,10,512,34,16704,97984,1280,2720,4352,1280,26624
256x256x256w42-8-16,256,256,256,42,8,16,42-8-16,M00,2048,640,8,16,320,42,18176,96512,1024,5376,2688,1024,26624
256x256x256w16-16-21,256,256,256,16,16,21,16-16-21,00K,5376,336,16,21,256,16,14848,99840,2688,2688,2048,2688,26624
256x256x256w67-8-10,256,256,256,67,8,10,67-8-10,M0K,1280,640,8,10,512,67,20576,94112,640,5360,4288,640,26624
256x256x256w20-8-36,256,256,256,20,8,36,20-8-36,M0K,4608,576,8,36,128,20,18688,96000,2304,5760,1280,2304,26624
256x256x256w69-8-10,256,256,256,69,8,10,69-8-10,M0K,1280,640,8,10,512,69,21152,93536,640,5520,4416,640,26624
256x256x256w64-8-10,256,256,256,64,8,10,64-8-10,00K,1280,640,8,10,512,64,19712,94976,640,5120,4096,640,26624
256x256x256w32-16-10,256,256,256,32,16,10,32-16-10,00K,2560,320,16,10,512,32,15872,98816,1280,2560,4096,1280,26624
256x256x256w11-24-21,256,256,256,11,24,21,11-24-21,MNK,8064,168,24,21,192,11,15984,98704,4032,1848,2112,4032,26741
256x256x256w11-24-20,256,256,256,11,24,20,11-24-20,MNK,7680,160,24,20,192,11,15424,99264,3840,1760,2112,3840,26741
256x256x256w16-24-14,256,256,256,16,24,14,16-24-14,0NK,5376,224,24,14,384,16,15104,99584,2688,1792,3072,2688,26752
256x256x256w24-16-14,256,256,256,24,16,14,24-16-14,M0K,3584,336,16,14,384,24,15104,99584,1792,2688,3072,1792,26752
256x256x256w28-16-12,256,256,256,28,16,12,28-16-12,M0K,3072,288,16,12,384,28,15616,99072,1536,2688,3584,1536,26752
256x256x256w28-24-8,256,256,256,28,24,8,28-24-8,MN0,3072,192,24,8,576,28,17408,97280,1536,1792,5376,1536,26752
256x256x256w28-8-24,256,256,256,28,8,24,28-8-24,M0K,3072,576,8,24,192,28,17408,97280,1536,5376,1792,1536,26752
256x256x256w28-8-25,256,256,256,28,8,25,28-8-25,M0K,3200,600,8,25,192,28,17984,96704,1600,5600,1792,1600,26752
256x256x256w10-56-10,256,256,256,10,56,10,10-56-10,MNK,8960,80,56,10,448,10,19520,95168,4480,800,4480,4480,26780
256x256x256w12-48-10,256,256,256,12,48,10,12-48-10,MNK,7680,80,48,10,384,12,18816,95872,3840,960,4608,3840,26832
256x256x256w19-16-18,256,256,256,19,16,18,19-16-18,M0K,4608,288,16,18,256,19,14944,99744,2304,2736,2432,2304,26880
256x256x256w38-8-18,256,256,256,38,8,18,38-8-18,M0K,2304,576,8,18,256,38,18112,96576,1152,5472,2432,1152,26880
256x256x256w8-40-18,256,256,256,8,40,18,8-40-18,0NK,11520,144,40,18,320,8,18944,95744,5760,1152,2560,5760,26880
256x256x256w41-8-18,256,256,256,41,8,18,41-8-18,M0K,2304,720,8,18,320,41,19360,95328,1152,5904,2624,1152,26880
256x256x256w13-40-11,256,256,256,13,40,11,13-40-11,MNK,7040,88,40,11,320,13,17648,97040,3520,1144,4160,3520,26880
256x256x256w36-8-19,256,256,256,36,8,19,36-8-19,M0K,2432,608,8,19,256,36,17984,96704,1216,5472,2304,1216,26880
256x256x256w40-8-18,256,256,256,40,8,18,40-8-18,M0K,2304,720,8,18,320,40,18944,95744,1152,5760,2560,1152,26880
256x256x256w37-8-18,256,256,256,37,8,18,37-8-18,M0K,2304,576,8,18,256,37,17696,96992,1152,5328,2368,1152,26880
256x256x256w39-8-18,256,256,256,39,8,18,39-8-18,M0K,2304,576,8,18,256,39,18528,96160,1152,5616,2496,1152,26880
256x256x256w18-32-9,256,256,256,18,32,9,18-32-9,M0K,4608,144,32,9,512,18,16416,98272,2304,1296,4608,2304,26912
256x256x256w11-16-30,256,256,256,11,16,30,11-16-30,M0K,7680,240,16,30,128,11,15776,98912,3840,2640,1408,3840,26928
256x256x256w11-16-29,256,256,256,11,16,29,11-16-29,M0K,7424,232,16,29,128,11,15344,99344,3712,2552,1408,3712,26928
256x256x256w11-16-31,256,256,256,11,16,31,11-16-31,M0K,7936,248,16,31,128,11,16208,98480,3968,2728,1408,3968,26928
256x256x256w11-48-11,256,256,256,11,48,11,11-48-11,MNK,8448,88,48,11,384,11,18832,95856,4224,968,4224,4224,26928
256x256x256w14-40-10,256,256,256,14,40,10,14-40-10,MNK,6400,80,40,10,320,14,17600,97088,3200,1120,4480,3200,26936
256x256x256w17-8-42,256,256,256,17,8,42,17-8-42,M0K,5376,672,8,42,128,17,18976,95712,2688,5712,1088,2688,27104
256x256x256w17-40-8,256,256,256,17,40,8,17-40-8,MN0,5120,128,40,8,640,17,18176,96512,2560,1088,5440,2560,27104
256x256x256w17-8-41,256,256,256,17,8,41,17-8-41,M0K,5248,656,8,41,128,17,18576,96112,2624,5576,1088,2624,27104
256x256x256w17-8-39,256,256,256,17,8,39,17-8-39,M0K,4992,624,8,39,128,17,17776,96912,2496,5304,1088,2496,27104
256x256x256w19-24-12,256,256,256,19,24,12,19-24-12,MNK,4608,192,24,12,384,19,15552,99136,2304,1824,3648,2304,27104
256x256x256w17-8-38,256,256,256,17,8,38,17-8-38,M0K,4864,608,8,38,128,17,17376,97312,2432,5168,1088,2432,27104
256x256x256w17-16-19,256,256,256,17,16,19,17-16-19,M0K,4864,304,16,19,256,17,14384,100304,2432,2584,2176,2432,27104
256x256x256w17-8-40,256,256,256,17,8,40,17-8-40,M0K,5120,640,8,40,128,17,18176,96512,2560,5440,1088,2560,27104
256x256x256w17-8-37,256,256,256,17,8,37,17-8-37,M0K,4736,592,8,37,128,17,16976,97712,2368,5032,1088,2368,27104
256x256x256w11-56-9,256,256,256,11,56,9,11-56-9,MNK,8064,72,56,9,448,11,19504,95184,4032,792,4928,4032,27115
256x256x256w10-24-23,256,256,256,10,24,23,10-24-23,MNK,8832,184,24,23,192,10,16352,98336,4416,1840,1920,4416,27192
256x256x256w10-24-22,256,256,256,10,24,22,10-24-22,MNK,8448,176,24,22,192,10,15808,98880,4224,1760,1920,4224,27192
256x256x256w10-48-12,256,256,256,10,48,12,10-48-12,MNK,9216,96,48,12,384,10,18816,95872,4608,960,3840,4608,27192
256x256x256w9-32-18,256,256,256,9,32,18,9-32-18,M0K,9216,144,32,18,256,9,16416,98272,4608,1296,2304,4608,27360
256x256x256w9-48-13,256,256,256,9,48,13,9-48-13,MNK,9984,104,48,13,384,9,18768,95920,4992,936,3456,4992,27360
256x256x256w9-56-11,256,256,256,9,56,11,9-56-11,MNK,9856,88,56,11,448,9,19504,95184,4928,792,4032,4928,27360
256x256x256w10-40-14,256,256,256,10,40,14,10-40-14,MNK,8960,112,40,14,320,10,17600,97088,4480,1120,3200,4480,27398
256x256x256w25-24-9,256,256,256,25,24,9,25-24-9,MNK,3456,216,24,9,576,25,16656,98032,1728,1800,4800,1728,27434
256x256x256w20-24-11,256,256,256,20,24,11,20-24-11,MNK,4224,176,24,11,384,20,15424,99264,2112,1760,3840,2112,27456
256x256x256w22-24-10,256,256,256,22,24,10,22-24-10,MNK,3840,160,24,10,384,22,15808,98880,1920,1760,4224,1920,27456
256x256x256w12-8-52,256,256,256,12,8,52,12-8-52,M0K,6656,416,8,52,64,12,18176,96512,3328,4992,768,3328,27520
256x256x256w12-8-60,256,256,256,12,8,60,12-8-60,M0K,7680,480,8,60,64,12,20736,93952,3840,5760,768,3840,27520
256x256x256w25-16-13,256,256,256,25,16,13,25-16-13,M0K,3328,312,16,13,384,25,14928,99760,1664,2600,3200,1664,27520
256x256x256w12-8-55,256,256,256,12,8,55,12-8-55,M0K,7040,440,8,55,64,12,19136,95552,3520,5280,768,3520,27520
256x256x256w12-32-13,256,256,256,12,32,13,12-32-13,M0K,6656,104,32,13,256,12,15296,99392,3328,1248,3072,3328,27520
256x256x256w12-8-59,256,256,256,12,8,59,12-8-59,M0K,7552,472,8,59,64,12,20416,94272,3776,5664,768,3776,27520
256x256x256w25-8-26,256,256,256,25,8,26,25-8-26,M0K,3328,624,8,26,192,25,16928,97760,1664,5200,1600,1664,27520
256x256x256w12-8-62,256,256,256,12,8,62,12-8-62,M0K,7936,496,8,62,64,12,21376,93312,3968,5952,768,3968,27520
256x256x256w12-8-53,256,256,256,12,8,53,12-8-53,M0K,6784,424,8,53,64,12,18496,96192,3392,5088,768,3392,27520
256x256x256w12-8-58,256,256,256,12,8,58,12-8-58,M0K,7424,464,8,58,64,12,20096,94592,3712,5568,768,3712,27520
256x256x256w12-8-56,256,256,256,12,8,56,12-8-56,M0K,7168,448,8,56,64,12,19456,95232,3584,5376,768,3584,27520
256x256x256w12-8-54,256,256,256,12,8,54,12-8-54,M0K,6912,432,8,54,64,12,18816,95872,3456,5184,768,3456,27520
256x256x256w25-8-27,256,256,256,25,8,27,25-8-27,M0K,3456,648,8,27,192,25,17456,97232,1728,5400,1600,1728,27520
256x256x256w12-8-57,256,256,256,12,8,57,12-8-57,M0K,7296,456,8,57,64,12,19776,94912,3648,5472,768,3648,27520
256x256x256w12-8-61,256,256,256,12,8,61,12-8-61,M0K,7808,488,8,61,64,12,21056,93632,3904,5856,768,3904,27520
256x256x256w25-8-28,256,256,256,25,8,28,25-8-28,M0K,3584,672,8,28,192,25,17984,96704,1792,5600,1600,1792,27520
256x256x256w12-56-8,256,256,256,12,56,8,12-56-8,MN0,7168,64,56,8,448,12,19456,95232,3584,768,5376,3584,27520
256x256x256w12-16-28,256,256,256,12,16,28,12-16-28,M0K,7168,224,16,28,128,12,15616,99072,3584,2688,1536,3584,27520
256x256x256w12-16-26,256,256,256,12,16,26,12-16-26,M0K,6656,208,16,26,128,12,14720,99968,3328,2496,1536,3328,27520
256x256x256w12-8-63,256,256,256,12,8,63,12-8-63,M0K,8064,504,8,63,64,12,21696,92992,4032,6048,768,4032,27520
256x256x256w12-16-27,256,256,256,12,16,27,12-16-27,M0K,6912,216,16,27,128,12,15168,99520,3456,2592,1536,3456,27520
256x256x256w9-24-25,256,256,256,9,24,25,9-24-25,MNK,9600,200,24,25,192,9,16656,98032,4800,1800,1728,4800,27588
256x256x256w9-24-24,256,256,256,9,24,24,9-24-24,MNK,9216,192,24,24,192,9,16128,98560,4608,1728,1728,4608,27588
256x256x256w29-8-22,256,256,256,29,8,22,29-8-22,M0K,2816,528,8,22,192,29,16736,97952,1408,5104,1856,1408,27648
256x256x256w22-8-29,256,256,256,22,8,29,22-8-29,M0K,3712,464,8,29,128,22,16736,97952,1856,5104,1408,1856,27648
256x256x256w63-8-11,256,256,256,63,8,11,63-8-11,M0K,1408,616,8,11,448,63,20560,94128,704,5544,4032,704,27648
256x256x256w30-8-22,256,256,256,30,8,22,30-8-22,M0K,2816,528,8,22,192,30,17216,97472,1408,5280,1920,1408,27648
256x256x256w30-16-11,256,256,256,30,16,11,30-16-11,M0K,2816,264,16,11,384,30,15776,98912,1408,2640,3840,1408,27648
256x256x256w22-8-30,256,256,256,22,8,30,22-8-30,M0K,3840,480,8,30,128,22,17216,97472,1920,5280,1408,1920,27648
256x256x256w29-16-11,256,256,256,29,16,11,29-16-11,M0K,2816,264,16,11,384,29,15344,99344,1408,2552,3712,1408,27648
256x256x256w31-8-22,256,256,256,31,8,22,31-8-22,M0K,2816,528,8,22,192,31,17696,96992,1408,5456,1984,1408,27648
256x256x256w31-16-11,256,256,256,31,16,11,31-16-11,M0K,2816,264,16,11,384,31,16208,98480,1408,2728,3968,1408,27648
256x256x256w29-8-23,256,256,256,29,8,23,29-8-23,M0K,2944,552,8,23,192,29,17328,97360,1472,5336,1856,1472,27648
256x256x256w31-8-23,256,256,256,31,8,23,31-8-23,M0K,2944,552,8,23,192,31,18320,96368,1472,5704,1984,1472,27648
256x256x256w22-8-31,256,256,256,22,8,31,22-8-31,M0K,3968,496,8,31,128,22,17696,96992,1984,5456,1408,1984,27648
256x256x256w30-8-23,256,256,256,30,8,23,30-8-23,M0K,2944,552,8,23,192,30,17824,96864,1472,5520,1920,1472,27648
256x256x256w23-16-14,256,256,256,23,16,14,23-16-14,M0K,3584,224,16,14,256,23,14624,100064,1792,2576,2944,1792,27664
256x256x256w15-40-9,256,256,256,15,40,9,15-40-9,MNK,5760,72,40,9,320,15,17520,97168,2880,1080,4800,2880,27811
256x256x256w36-16-9,256,256,256,36,16,9,36-16-9,M0K,2304,288,16,9,512,36,16704,97984,1152,2592,4608,1152,27840
256x256x256w18-16-18,256,256,256,18,16,18,18-16-18,M0K,4608,288,16,18,256,18,14400,100288,2304,2592,2304,2304,27840
256x256x256w13-48-9,256,256,256,13,48,9,13-48-9,MNK,6912,72,48,9,384,13,18768,95920,3456,936,4992,3456,27840
256x256x256w50-8-14,256,256,256,50,8,14,50-8-14,M0K,1792,672,8,14,384,50,19392,95296,896,5600,3200,896,27968
256x256x256w24-24-9,256,256,256,24,24,9,24-24-9,MNK,3456,216,24,9,576,24,16128,98560,1728,1728,4608,1728,28072
256x256x256w17-32-9,256,256,256,17,32,9,17-32-9,M0K,4608,144,32,9,512,17,15760,98928,2304,1224,4352,2304,28072
256x256x256w18-24-12,256,256,256,18,24,12,18-24-12,MNK,4608,192,24,12,384,18,14976,99712,2304,1728,3456,2304,28072
256x256x256w52-8-12,256,256,256,52,8,12,52-8-12,M0K,1536,576,8,12,384,52,18176,96512,768,4992,3328,768,28160
256x256x256w8-24-26,256,256,256,8,24,26,8-24-26,0NK,9984,208,24,26,192,8,16384,98304,4992,1664,1536,4992,28160
256x256x256w27-8-25,256,256,256,27,8,25,27-8-25,M0K,3200,600,8,25,192,27,17456,97232,1600,5400,1728,1600,28160
256x256x256w59-8-12,256,256,256,59,8,12,59-8-12,M0K,1536,672,8,12,448,59,20416,94272,768,5664,3776,768,28160
256x256x256w60-8-12,256,256,256,60,8,12,60-8-12,M0K,1536,672,8,12,448,60,20736,93952,768,5760,3840,768,28160
256x256x256w8-56-12,256,256,256,8,56,12,8-56-12,0NK,10752,96,56,12,448,8,19456,95232,5376,768,3584,5376,28160
256x256x256w24-8-28,256,256,256,24,8,28,24-8-28,M0K,3584,672,8,28,192,24,17408,97280,1792,5376,1536,1792,28160
256x256x256w53-8-12,256,256,256,53,8,12,53-8-12,M0K,1536,576,8,12,384,53,18496,96192,768,5088,3392,768,28160
256x256x256w54-8-12,256,256,256,54,8,12,54-8-12,M0K,1536,576,8,12,384,54,18816,95872,768,5184,3456,768,28160
256x256x256w62-8-12,256,256,256,62,8,12,62-8-12,M0K,1536,672,8,12,448,62,21376,93312,768,5952,3968,768,28160
256x256x256w26-8-25,256,256,256,26,8,25,26-8-25,M0K,3200,600,8,25,192,26,16928,97760,1600,5200,1664,1600,28160
256x256x256w27-8-24,256,256,256,27,8,24,27-8-24,M0K,3072,576,8,24,192,27,16896,97792,1536,5184,1728,1536,28160
256x256x256w27-16-12,256,256,256,27,16,12,27-16-12,M0K,3072,288,16,12,384,27,15168,99520,1536,2592,3456,1536,28160
256x256x256w57-8-12,256,256,256,57,8,12,57-8-12,M0K,1536,672,8,12,448,57,19776,94912,768,5472,3648,768,28160
256x256x256w26-16-12,256,256,256,26,16,12,26-16-12,M0K,3072,288,16,12,384,26,14720,99968,1536,2496,3328,1536,28160
256x256x256w13-16-24,256,256,256,13,16,24,13-16-24,M0K,6144,192,16,24,128,13,14464,100224,3072,2496,1664,3072,28160
256x256x256w55-8-12,256,256,256,55,8,12,55-8-12,M0K,1536,576,8,12,384,55,19136,95552,768,5280,3520,768,28160
256x256x256w26-8-24,256,256,256,26,8,24,26-8-24,M0K,3072,576,8,24,192,26,16384,98304,1536,4992,1664,1536,28160
256x256x256w24-8-27,256,256,256,24,8,27,24-8-27,M0K,3456,648,8,27,192,24,16896,97792,1728,5184,1536,1728,28160
256x256x256w13-16-25,256,256,256,13,16,25,13-16-25,M0K,6400,200,16,25,128,13,14928,99760,3200,2600,1664,3200,28160
256x256x256w26-24-8,256,256,256,26,24,8,26-24-8,MN0,3072,192,24,8,576,26,16384,98304,1536,1664,4992,1536,28160
256x256x256w13-32-12,256,256,256,13,32,12,13-32-12,M0K,6144,96,32,12,256,13,15296,99392,3072,1248,3328,3072,28160
256x256x256w61-8-12,256,256,256,61,8,12,61-8-12,M0K,1536,672,8,12,448,61,21056,93632,768,5856,3904,768,28160
256x256x256w24-16-13,256,256,256,24,16,13,24-16-13,M0K,3328,312,16,13,384,24,14464,100224,1664,2496,3072,1664,28160
256x256x256w27-24-8,256,256,256,27,24,8,27-24-8,MN0,3072,192,24,8,576,27,16896,97792,1536,1728,5184,1536,28160
256x256x256w58-8-12,256,256,256,58,8,12,58-8-12,M0K,1536,672,8,12,448,58,20096,94592,768,5568,3712,768,28160
256x256x256w56-8-12,256,256,256,56,8,12,56-8-12,M0K,1536,672,8,12,448,56,19456,95232,768,5376,3584,768,28160
256x256x256w24-8-26,256,256,256,24,8,26,24-8-26,M0K,3328,624,8,26,192,24,16384,98304,1664,4992,1536,1664,28160
256x256x256w8-24-28,256,256,256,8,24,28,8-24-28,0NK,10752,224,24,28,192,8,17408,97280,5376,1792,1536,5376,28160
256x256x256w13-24-16,256,256,256,13,24,16,13-24-16,MN0,6144,128,24,16,192,13,14464,100224,3072,1664,2496,3072,28160
256x256x256w8-24-27,256,256,256,8,24,27,8-24-27,0NK,10368,216,24,27,192,8,16896,97792,5184,1728,1536,5184,28160
256x256x256w16-24-13,256,256,256,16,24,13,16-24-13,0NK,4992,208,24,13,384,16,14464,100224,2496,1664,3072,2496,28160
256x256x256w12-24-18,256,256,256,12,24,18,12-24-18,MNK,6912,144,24,18,192,12,14976,99712,3456,1728,2304,3456,28380
256x256x256w14-48-8,256,256,256,14,48,8,14-48-8,MN0,6144,64,48,8,384,14,18688,96000,3072,896,5376,3072,28416
256x256x256w14-8-50,256,256,256,14,8,50,14-8-50,M0K,6400,400,8,50,64,14,19392,95296,3200,5600,896,3200,28416
256x256x256w14-8-47,256,256,256,14,8,47,14-8-47,M0K,6016,376,8,47,64,14,18336,96352,3008,5264,896,3008,28416
256x256x256w14-16-23,256,256,256,14,16,23,14-16-23,M0K,5888,184,16,23,128,14,14624,100064,2944,2576,1792,2944,28416
256x256x256w14-8-43,256,256,256,14,8,43,14-8-43,M0K,5504,344,8,43,64,14,16928,97760,2752,4816,896,2752,28416
256x256x256w14-8-48,256,256,256,14,8,48,14-8-48,M0K,6144,384,8,48,64,14,18688,96000,3072,5376,896,3072,28416
256x256x256w14-8-44,256,256,256,14,8,44,14-8-44,M0K,5632,352,8,44,64,14,17280,97408,2816,4928,896,2816,28416
256x256x256w14-8-49,256,256,256,14,8,49,14-8-49,M0K,6272,392,8,49,64,14,19040,95648,3136,5488,896,3136,28416
256x256x256w14-8-46,256,256,256,14,8,46,14-8-46,M0K,5888,368,8,46,64,14,17984,96704,2944,5152,896,2944,28416
256x256x256w14-32-11,256,256,256,14,32,11,14-32-11,M0K,5632,88,32,11,256,14,15264,99424,2816,1232,3584,2816,28416
256x256x256w14-8-45,256,256,256,14,8,45,14-8-45,M0K,5760,360,8,45,64,14,17632,97056,2880,5040,896,2880,28416
256x256x256w14-16-22,256,256,256,14,16,22,14-16-22,M0K,5632,176,16,22,128,14,14144,100544,2816,2464,1792,2816,28416
256x256x256w11-32-14,256,256,256,11,32,14,11-32-14,M0K,7168,112,32,14,256,11,15264,99424,3584,1232,2816,3584,28424
256x256x256w15-16-20,256,256,256,15,16,20,15-16-20,M0K,5120,160,16,20,128,15,13760,100928,2560,2400,1920,2560,28496
256x256x256w15-32-10,256,256,256,15,32,10,15-32-10,M0K,5120,80,32,10,256,15,15200,99488,2560,1200,3840,2560,28496
256x256x256w15-16-21,256,256,256,15,16,21,15-16-21,M0K,5376,168,16,21,128,15,14256,100432,2688,2520,1920,2688,28496
256x256x256w21-24-10,256,256,256,21,24,10,21-24-10,MNK,3840,160,24,10,384,21,15264,99424,1920,1680,4032,1920,28600
256x256x256w15-24-14,256,256,256,15,24,14,15-24-14,MNK,5376,112,24,14,192,15,14496,100192,2688,1680,2880,2688,28633
256x256x256w16-16-19,256,256,256,16,16,19,16-16-19,00K,4864,304,16,19,256,16,13824,100864,2432,2432,2048,2432,28672
256x256x256w16-8-42,256,256,256,16,8,42,16-8-42,00K,5376,672,8,42,128,16,18176,96512,2688,5376,1024,2688,28672
256x256x256w8-16-37,256,256,256,8,16,37,8-16-37,00K,9472,296,16,37,128,8,16256,98432,4736,2368,1024,4736,28672
256x256x256w19-8-36,256,256,256,19,8,36,19-8-36,M0K,4608,576,8,36,128,19,17984,96704,2304,5472,1216,2304,28672
256x256x256w19-8-34,256,256,256,19,8,34,19-8-34,M0K,4352,544,8,34,128,19,17120,97568,2176,5168,1216,2176,28672
256x256x256w19-32-8,256,256,256,19,32,8,19-32-8,M00,4096,128,32,8,512,19,16256,98432,2048,1216,4864,2048,28672
256x256x256w40-8-16,256,256,256,40,8,16,40-8-16,M00,2048,640,8,16,320,40,17408,97280,1024,5120,2560,1024,28672
256x256x256w33-8-19,256,256,256,33,8,19,33-8-19,M0K,2432,608,8,19,256,33,16688,98000,1216,5016,2112,1216,28672
256x256x256w16-8-40,256,256,256,16,8,40,16-8-40,00K,5120,640,8,40,128,16,17408,97280,2560,5120,1024,2560,28672
256x256x256w8-16-42,256,256,256,8,16,42,8-16-42,00K,10752,336,16,42,128,8,18176,96512,5376,2688,1024,5376,28672
256x256x256w32-8-19,256,256,256,32,8,19,32-8-19,00K,2432,608,8,19,256,32,16256,98432,1216,4864,2048,1216,28672
256x256x256w8-16-39,256,256,256,8,16,39,8-16-39,00K,9984,312,16,39,128,8,17024,97664,4992,2496,1024,4992,28672
256x256x256w40-16-8,256,256,256,40,16,8,40-16-8,M00,2048,320,16,8,640,40,17408,97280,1024,2560,5120,1024,28672
256x256x256w41-16-8,256,256,256,41,16,8,41-16-8,M00,2048,320,16,8,640,41,17792,96896,1024,2624,5248,1024,28672
256x256x256w37-16-8,256,256,256,37,16,8,37-16-8,M00,2048,256,16,8,512,37,16256,98432,1024,2368,4736,1024,28672
256x256x256w38-16-8,256,256,256,38,16,8,38-16-8,M00,2048,256,16,8,512,38,16640,98048,1024,2432,4864,1024,28672
256x256x256w16-8-41,256,256,256,16,8,41,16-8-41,00K,5248,656,8,41,128,16,17792,96896,2624,5248,1024,2624,28672
256x256x256w19-8-33,256,256,256,19,8,33,19-8-33,M0K,4224,528,8,33,128,19,16688,98000,2112,5016,1216,2112,28672
256x256x256w16-8-38,256,256,256,16,8,38,16-8-38,00K,4864,608,8,38,128,16,16640,98048,2432,4864,1024,2432,28672
256x256x256w19-8-32,256,256,256,19,8,32,19-8-32,M00,4096,512,8,32,128,19,16256,98432,2048,4864,1216,2048,28672
256x256x256w35-8-19,256,256,256,35,8,19,35-8-19,M0K,2432,608,8,19,256,35,17552,97136,1216,5320,2240,1216,28672
256x256x256w39-8-16,256,256,256,39,8,16,39-8-16,M00,2048,512,8,16,256,39,17024,97664,1024,4992,2496,1024,28672
256x256x256w8-32-19,256,256,256,8,32,19,8-32-19,00K,9728,152,32,19,256,8,16256,98432,4864,1216,2048,4864,28672
256x256x256w34-8-19,256,256,256,34,8,19,34-8-19,M0K,2432,608,8,19,256,34,17120,97568,1216,5168,2176,1216,28672
256x256x256w38-8-16,256,256,256,38,8,16,38-8-16,M00,2048,512,8,16,256,38,16640,98048,1024,4864,2432,1024,28672
256x256x256w16-8-39,256,256,256,16,8,39,16-8-39,00K,4992,624,8,39,128,16,17024,97664,2496,4992,1024,2496,28672
256x256x256w8-40-16,256,256,256,8,40,16,8-40-16,0N0,10240,128,40,16,320,8,17408,97280,5120,1024,2560,5120,28672
256x256x256w39-16-8,256,256,256,39,16,8,39-16-8,M00,2048,256,16,8,512,39,17024,97664,1024,2496,4992,1024,28672
256x256x256w16-8-37,256,256,256,16,8,37,16-8-37,00K,4736,592,8,37,128,16,16256,98432,2368,4736,1024,2368,28672
256x256x256w19-16-16,256,256,256,19,16,16,19-16-16,M00,4096,256,16,16,256,19,13824,100864,2048,2432,2432,2048,28672
256x256x256w37-8-16,256,256,256,37,8,16,37-8-16,M00,2048,512,8,16,256,37,16256,98432,1024,4736,2368,1024,28672
256x256x256w8-16-41,256,256,256,8,16,41,8-16-41,00K,10496,328,16,41,128,8,17792,96896,5248,2624,1024,5248,28672
256x256x256w19-8-35,256,256,256,19,8,35,19-8-35,M0K,4480,560,8,35,128,19,17552,97136,2240,5320,1216,2240,28672
256x256x256w16-40-8,256,256,256,16,40,8,16-40-8,0N0,5120,128,40,8,640,16,17408,97280,2560,1024,5120,2560,28672
256x256x256w8-16-40,256,256,256,8,16,40,8-16-40,00K,10240,320,16,40,128,8,17408,97280,5120,2560,1024,5120,28672
256x256x256w41-8-16,256,256,256,41,8,16,41-8-16,M00,2048,640,8,16,320,41,17792,96896,1024,5248,2624,1024,28672
256x256x256w8-16-38,256,256,256,8,16,38,8-16-38,00K,9728,304,16,38,128,8,16640,98048,4864,2432,1024,4864,28672
256x256x256w84-8-8,256,256,256,84,8,8,84-8-8,M00,1024,640,8,8,640,84,22528,92160,512,5376,5376,512,28672
256x256x256w83-8-9,256,256,256,83,8,9,83-8-9,M0K,1152,720,8,9,640,83,23728,90960,576,5976,5312,576,28768
256x256x256w11-40-12,256,256,256,11,40,12,11-40-12,MNK,7680,96,40,12,320,11,16832,97856,3840,1056,3520,3840,28798
256x256x256w11-24-19,256,256,256,11,24,19,11-24-19,MNK,7296,152,24,19,192,11,14864,99824,3648,1672,2112,3648,28798
256x256x256w21-8-31,256,256,256,21,8,31,21-8-31,M0K,3968,496,8,31,128,21,17072,97616,1984,5208,1344,1984,28800
256x256x256w21-8-29,256,256,256,21,8,29,21-8-29,M0K,3712,464,8,29,128,21,16144,98544,1856,4872,1344,1856,28800
256x256x256w21-8-30,256,256,256,21,8,30,21-8-30,M0K,3840,480,8,30,128,21,16608,98080,1920,5040,1344,1920,28800
256x256x256w36-8-18,256,256,256,36,8,18,36-8-18,M0K,2304,576,8,18,256,36,17280,97408,1152,5184,2304,1152,28800
256x256x256w10-40-13,256,256,256,10,40,13,10-40-13,MNK,8320,104,40,13,320,10,16800,97888,4160,1040,3200,4160,28840
256x256x256w51-8-12,256,256,256,51,8,12,51-8-12,M0K,1536,576,8,12,384,51,17856,96832,768,4896,3264,768,28864
256x256x256w12-40-11,256,256,256,12,40,11,12-40-11,MNK,7040,88,40,11,320,12,16832,97856,3520,1056,3840,3520,28896
256x256x256w23-24-9,256,256,256,23,24,9,23-24-9,MNK,3456,144,24,9,384,23,15600,99088,1728,1656,4416,1728,29029
256x256x256w17-16-18,256,256,256,17,16,18,17-16-18,M0K,4608,288,16,18,256,17,13856,100832,2304,2448,2176,2304,29040
256x256x256w13-40-10,256,256,256,13,40,10,13-40-10,MNK,6400,80,40,10,320,13,16800,97888,3200,1040,4160,3200,29120
256x256x256w23-8-28,256,256,256,23,8,28,23-8-28,M0K,3584,448,8,28,128,23,16832,97856,1792,5152,1472,1792,29120
256x256x256w23-16-13,256,256,256,23,16,13,23-16-13,M0K,3328,208,16,13,256,23,14000,100688,1664,2392,2944,1664,29120
256x256x256w23-8-26,256,256,256,23,8,26,23-8-26,M0K,3328,416,8,26,128,23,15840,98848,1664,4784,1472,1664,29120
256x256x256w23-8-27,256,256,256,23,8,27,23-8-27,M0K,3456,432,8,27,128,23,16336,98352,1728,4968,1472,1728,29120
256x256x256w11-48-10,256,256,256,11,48,10,11-48-10,MNK,7680,80,48,10,384,11,17888,96800,3840,880,4224,3840,29172
256x256x256w9-16-32,256,256,256,9,16,32,9-16-32,M00,8192,256,16,32,128,9,15104,99584,4096,2304,1152,4096,29184
256x256x256w9-8-80,256,256,256,9,8,80,9-8-80,M0K,10240,640,8,80,64,9,22912,91776,5120,5760,576,5120,29184
256x256x256w9-8-68,256,256,256,9,8,68,9-8-68,M0K,8704,544,8,68,64,9,19648,95040,4352,4896,576,4352,29184
256x256x256w9-80-8,256,256,256,9,80,8,9-80-8,MN0,10240,64,80,8,640,9,22912,91776,5120,576,5760,5120,29184
256x256x256w9-8-78,256,256,256,9,8,78,9-8-78,M0K,9984,624,8,78,64,9,22368,92320,4992,5616,576,4992,29184
256x256x256w9-8-83,256,256,256,9,8,83,9-8-83,M0K,10624,664,8,83,64,9,23728,90960,5312,5976,576,5312,29184
256x256x256w48-8-14,256,256,256,48,8,14,48-8-14,M0K,1792,672,8,14,384,48,18688,96000,896,5376,3072,896,29184
256x256x256w9-8-84,256,256,256,9,8,84,9-8-84,M0K,10752,672,8,84,64,9,24000,90688,5376,6048,576,5376,29184
256x256x256w9-8-77,256,256,256,9,8,77,9-8-77,M0K,9856,616,8,77,64,9,22096,92592,4928,5544,576,4928,29184
256x256x256w9-16-34,256,256,256,9,16,34,9-16-34,M0K,8704,272,16,34,128,9,15904,98784,4352,2448,1152,4352,29184
256x256x256w28-8-23,256,256,256,28,8,23,28-8-23,M0K,2944,552,8,23,192,28,16832,97856,1472,5152,1792,1472,29184
256x256x256w9-72-8,256,256,256,9,72,8,9-72-8,MN0,9216,64,72,8,576,9,20736,93952,4608,576,5184,4608,29184
256x256x256w9-8-75,256,256,256,9,8,75,9-8-75,M0K,9600,600,8,75,64,9,21552,93136,4800,5400,576,4800,29184
256x256x256w9-16-35,256,256,256,9,16,35,9-16-35,M0K,8960,280,16,35,128,9,16304,98384,4480,2520,1152,4480,29184
256x256x256w49-8-14,256,256,256,49,8,14,49-8-14,M0K,1792,672,8,14,384,49,19040,95648,896,5488,3136,896,29184
256x256x256w9-8-70,256,256,256,9,8,70,9-8-70,M0K,8960,560,8,70,64,9,20192,94496,4480,5040,576,4480,29184
256x256x256w9-8-82,256,256,256,9,8,82,9-8-82,M0K,10496,656,8,82,64,9,23456,91232,5248,5904,576,5248,29184
256x256x256w22-16-14,256,256,256,22,16,14,22-16-14,M0K,3584,224,16,14,256,22,14144,100544,1792,2464,2816,1792,29184
256x256x256w9-8-79,256,256,256,9,8,79,9-8-79,M0K,10112,632,8,79,64,9,22640,92048,5056,5688,576,5056,29184
256x256x256w9-8-72,256,256,256,9,8,72,9-8-72,M0K,9216,576,8,72,64,9,20736,93952,4608,5184,576,4608,29184
256x256x256w9-8-67,256,256,256,9,8,67,9-8-67,M0K,8576,536,8,67,64,9,19376,95312,4288,4824,576,4288,29184
256x256x256w9-8-65,256,256,256,9,8,65,9-8-65,M0K,8320,520,8,65,64,9,18832,95856,4160,4680,576,4160,29184
256x256x256w9-8-69,256,256,256,9,8,69,9-8-69,M0K,8832,552,8,69,64,9,19920,94768,4416,4968,576,4416,29184
256x256x256w44-8-14,256,256,256,44,8,14,44-8-14,M0K,1792,560,8,14,320,44,17280,97408,896,4928,2816,896,29184
256x256x256w43-8-14,256,256,256,43,8,14,43-8-14,M0K,1792,560,8,14,320,43,16928,97760,896,4816,2752,896,29184
256x256x256w9-16-33,256,256,256,9,16,33,9-16-33,M0K,8448,264,16,33,128,9,15504,99184,4224,2376,1152,4224,29184
256x256x256w9-32-16,256,256,256,9,32,16,9-32-16,M00,8192,128,32,16,256,9,15104,99584,4096,1152,2304,4096,29184
256x256x256w9-64-8,256,256,256,9,64,8,9-64-8,M00,8192,64,64,8,512,9,18560,96128,4096,576,4608,4096,29184
256x256x256w9-8-64,256,256,256,9,8,64,9-8-64,M00,8192,512,8,64,64,9,18560,96128,4096,4608,576,4096,29184
256x256x256w9-16-36,256,256,256,9,16,36,9-16-36,M0K,9216,288,16,36,128,9,16704,97984,4608,2592,1152,4608,29184
256x256x256w46-8-14,256,256,256,46,8,14,46-8-14,M0K,1792,560,8,14,320,46,17984,96704,896,5152,2944,896,29184
256x256x256w9-8-71,256,256,256,9,8,71,9-8-71,M0K,9088,568,8,71,64,9,20464,94224,4544,5112,576,4544,29184
256x256x256w9-8-66,256,256,256,9,8,66,9-8-66,M0K,8448,528,8,66,64,9,19104,95584,4224,4752,576,4224,29184
256x256x256w28-16-11,256,256,256,28,16,11,28-16-11,M0K,2816,264,16,11,384,28,14912,99776,1408,2464,3584,1408,29184
256x256x256w8-48-14,256,256,256,8,48,14,8-48-14,0NK,10752,112,48,14,384,8,18688,96000,5376,896,3072,5376,29184
256x256x256w9-8-74,256,256,256,9,8,74,9-8-74,M0K,9472,592,8,74,64,9,21280,93408,4736,5328,576,4736,29184
256x256x256w45-8-14,256,256,256,45,8,14,45-8-14,M0K,1792,560,8,14,320,45,17632,97056,896,5040,2880,896,29184
256x256x256w9-8-76,256,256,256,9,8,76,9-8-76,M0K,9728,608,8,76,64,9,21824,92864,4864,5472,576,4864,29184
256x256x256w47-8-14,256,256,256,47,8,14,47-8-14,M0K,1792,560,8,14,320,47,18336,96352,896,5264,3008,896,29184
256x256x256w28-8-22,256,256,256,28,8,22,28-8-22,M0K,2816,528,8,22,192,28,16256,98432,1408,4928,1792,1408,29184
256x256x256w9-8-81,256,256,256,9,8,81,9-8-81,M0K,10368,648,8,81,64,9,23184,91504,5184,5832,576,5184,29184
256x256x256w9-8-73,256,256,256,9,8,73,9-8-73,M0K,9344,584,8,73,64,9,21008,93680,4672,5256,576,4672,29184
256x256x256w17-24-12,256,256,256,17,24,12,17-24-12,MNK,4608,192,24,12,384,17,14400,100288,2304,1632,3264,2304,29282
256x256x256w50-8-13,256,256,256,50,8,13,50-8-13,M0K,1664,624,8,13,384,50,18464,96224,832,5200,3200,832,29440
256x256x256w10-24-20,256,256,256,10,24,20,10-24-20,MNK,7680,160,24,20,192,10,14720,99968,3840,1600,1920,3840,29458
256x256x256w10-24-21,256,256,256,10,24,21,10-24-21,MNK,8064,168,24,21,192,10,15264,99424,4032,1680,1920,4032,29458
256x256x256w19-24-11,256,256,256,19,24,11,19-24-11,MNK,4224,176,24,11,384,19,14864,99824,2112,1672,3648,2112,29568
256x256x256w9-56-10,256,256,256,9,56,10,9-56-10,MNK,8960,80,56,10,448,9,18464,96224,4480,720,4032,4480,29640
256x256x256w10-16-30,256,256,256,10,16,30,10-16-30,M0K,7680,240,16,30,128,10,15040,99648,3840,2400,1280,3840,29664
256x256x256w10-16-29,256,256,256,10,16,29,10-16-29,M0K,7424,232,16,29,128,10,14624,100064,3712,2320,1280,3712,29664
256x256x256w10-48-11,256,256,256,10,48,11,10-48-11,MNK,8448,88,48,11,384,10,17888,96800,4224,880,3840,4224,29664
256x256x256w10-16-31,256,256,256,10,16,31,10-16-31,M0K,7936,248,16,31,128,10,15456,99232,3968,2480,1280,3968,29664
256x256x256w75-8-9,256,256,256,75,8,9,75-8-9,M0K,1152,648,8,9,576,75,21552,93136,576,5400,4800,576,29696
256x256x256w77-8-9,256,256,256,77,8,9,77-8-9,M0K,1152,648,8,9,576,77,22096,92592,576,5544,4928,576,29696
256x256x256w16-32-9,256,256,256,16,32,9,16-32-9,00K,4608,144,32,9,512,16,15104,99584,2304,1152,4096,2304,29696
256x256x256w73-8-9,256,256,256,73,8,9,73-8-9,M0K,1152,648,8,9,576,73,21008,93680,576,5256,4672,576,29696
256x256x256w18-8-35,256,256,256,18,8,35,18-8-35,M0K,4480,560,8,35,128,18,16864,97824,2240,5040,1152,2240,29696
256x256x256w81-8-9,256,256,256,81,8,9,81-8-9,M0K,1152,720,8,9,640,81,23184,91504,576,5832,5184,576,29696
256x256x256w34-16-9,256,256,256,34,16,9,34-16-9,M0K,2304,288,16,9,512,34,15904,98784,1152,2448,4352,1152,29696
256x256x256w70-8-9,256,256,256,70,8,9,70-8-9,M0K,1152,576,8,9,512,70,20192,94496,576,5040,4480,576,29696
256x256x256w18-8-33,256,256,256,18,8,33,18-8-33,M0K,4224,528,8,33,128,18,16032,98656,2112,4752,1152,2112,29696
256x256x256w8-72-9,256,256,256,8,72,9,8-72-9,0NK,10368,72,72,9,576,8,20736,93952,5184,576,4608,5184,29696
256x256x256w18-16-16,256,256,256,18,16,16,18-16-16,M00,4096,256,16,16,256,18,13312,101376,2048,2304,2304,2048,29696
256x256x256w79-8-9,256,256,256,79,8,9,79-8-9,M0K,1152,648,8,9,576,79,22640,92048,576,5688,5056,576,29696
256x256x256w32-16-9,256,256,256,32,16,9,32-16-9,00K,2304,288,16,9,512,32,15104,99584,1152,2304,4096,1152,29696
256x256x256w67-8-9,256,256,256,67,8,9,67-8-9,M0K,1152,576,8,9,512,67,19376,95312,576,4824,4288,576,29696
256x256x256w35-16-9,256,256,256,35,16,9,35-16-9,M0K,2304,288,16,9,512,35,16304,98384,1152,2520,4480,1152,29696
256x256x256w8-64-9,256,256,256,8,64,9,8-64-9,00K,9216,72,64,9,512,8,18560,96128,4608,576,4096,4608,29696
256x256x256w80-8-9,256,256,256,80,8,9,80-8-9,M0K,1152,720,8,9,640,80,22912,91776,576,5760,5120,576,29696
256x256x256w82-8-9,256,256,256,82,8,9,82-8-9,M0K,1152,720,8,9,640,82,23456,91232,576,5904,5248,576,29696
256x256x256w18-8-34,256,256,256,18,8,34,18-8-34,M0K,4352,544,8,34,128,18,16448,98240,2176,4896,1152,2176,29696
256x256x256w76-8-9,256,256,256,76,8,9,76-8-9,M0K,1152,648,8,9,576,76,21824,92864,576,5472,4864,576,29696
256x256x256w66-8-9,256,256,256,66,8,9,66-8-9,M0K,1152,576,8,9,512,66,19104,95584,576,4752,4224,576,29696
256x256x256w72-8-9,256,256,256,72,8,9,72-8-9,M0K,1152,648,8,9,576,72,20736,93952,576,5184,4608,576,29696
256x256x256w18-8-32,256,256,256,18,8,32,18-8-32,M00,4096,512,8,32,128,18,15616,99072,2048,4608,1152,2048,29696
256x256x256w33-16-9,256,256,256,33,16,9,33-16-9,M0K,2304,288,16,9,512,33,15504,99184,1152,2376,4224,1152,29696
256x256x256w71-8-9,256,256,256,71,8,9,71-8-9,M0K,1152,576,8,9,512,71,20464,94224,576,5112,4544,576,29696
256x256x256w68-8-9,256,256,256,68,8,9,68-8-9,M0K,1152,576,8,9,512,68,19648,95040,576,4896,4352,576,29696
256x256x256w78-8-9,256,256,256,78,8,9,78-8-9,M0K,1152,648,8,9,576,78,22368,92320,576,5616,4992,576,29696
256x256x256w64-8-9,256,256,256,64,8,9,64-8-9,00K,1152,576,8,9,512,64,18560,96128,576,4608,4096,576,29696
256x256x256w18-32-8,256,256,256,18,32,8,18-32-8,M00,4096,128,32,8,512,18,15616,99072,2048,1152,4608,2048,29696
256x256x256w69-8-9,256,256,256,69,8,9,69-8-9,M0K,1152,576,8,9,512,69,19920,94768,576,4968,4416,576,29696
256x256x256w74-8-9,256,256,256,74,8,9,74-8-9,M0K,1152,648,8,9,576,74,21280,93408,576,5328,4736,576,29696
256x256x256w18-8-36,256,256,256,18,8,36,18-8-36,M0K,4608,576,8,36,128,18,17280,97408,2304,5184,1152,2304,29696
256x256x256w65-8-9,256,256,256,65,8,9,65-8-9,M0K,1152,576,8,9,512,65,18832,95856,576,4680,4160,576,29696
256x256x256w8-80-9,256,256,256,8,80,9,8-80-9,0NK,11520,72,80,9,640,8,22912,91776,5760,576,5120,5760,29696
256x256x256w20-24-10,256,256,256,20,24,10,20-24-10,MNK,3840,160,24,10,384,20,14720,99968,1920,1600,3840,1920,29744
256x256x256w10-56-9,256,256,256,10,56,9,10-56-9,MNK,8064,72,56,9,448,10,18464,96224,4032,720,4480,4032,29870
256x256x256w11-8-60,256,256,256,11,8,60,11-8-60,M0K,7680,480,8,60,64,11,19648,95040,3840,5280,704,3840,29920
256x256x256w11-56-8,256,256,256,11,56,8,11-56-8,MN0,7168,64,56,8,448,11,18432,96256,3584,704,4928,3584,29920
256x256x256w11-16-26,256,256,256,11,16,26,11-16-26,M0K,6656,208,16,26,128,11,14048,100640,3328,2288,1408,3328,29920
256x256x256w11-8-52,256,256,256,11,8,52,11-8-52,M0K,6656,416,8,52,64,11,17216,97472,3328,4576,704,3328,29920
256x256x256w11-8-61,256,256,256,11,8,61,11-8-61,M0K,7808,488,8,61,64,11,19952,94736,3904,5368,704,3904,29920
256x256x256w11-8-57,256,256,256,11,8,57,11-8-57,M0K,7296,456,8,57,64,11,18736,95952,3648,5016,704,3648,29920
256x256x256w11-8-59,256,256,256,11,8,59,11-8-59,M0K,7552,472,8,59,64,11,19344,95344,3776,5192,704,3776,29920
256x256x256w11-8-54,256,256,256,11,8,54,11-8-54,M0K,6912,432,8,54,64,11,17824,96864,3456,4752,704,3456,29920
256x256x256w11-8-58,256,256,256,11,8,58,11-8-58,M0K,7424,464,8,58,64,11,19040,95648,3712,5104,704,3712,29920
256x256x256w11-8-63,256,256,256,11,8,63,11-8-63,M0K,8064,504,8,63,64,11,20560,94128,4032,5544,704,4032,29920
256x256x256w11-8-53,256,256,256,11,8,53,11-8-53,M0K,6784,424,8,53,64,11,17520,97168,3392,4664,704,3392,29920
256x256x256w11-8-55,256,256,256,11,8,55,11-8-55,M0K,7040,440,8,55,64,11,18128,96560,3520,4840,704,3520,29920
256x256x256w11-16-28,256,256,256,11,16,28,11-16-28,M0K,7168,224,16,28,128,11,14912,99776,3584,2464,1408,3584,29920
256x256x256w11-16-27,256,256,256,11,16,27,11-16-27,M0K,6912,216,16,27,128,11,14480,100208,3456,2376,1408,3456,29920
256x256x256w11-8-56,256,256,256,11,8,56,11-8-56,M0K,7168,448,8,56,64,11,18432,96256,3584,4928,704,3584,29920
256x256x256w11-32-13,256,256,256,11,32,13,11-32-13,M0K,6656,104,32,13,256,11,14576,100112,3328,1144,2816,3328,29920
256x256x256w11-8-62,256,256,256,11,8,62,11-8-62,M0K,7936,496,8,62,64,11,20256,94432,3968,5456,704,3968,29920
256x256x256w12-48-9,256,256,256,12,48,9,12-48-9,MNK,6912,72,48,9,384,12,17856,96832,3456,864,4608,3456,29928
256x256x256w29-16-10,256,256,256,29,16,10,29-16-10,M0K,2560,240,16,10,384,29,14624,100064,1280,2320,3712,1280,29952
256x256x256w31-8-20,256,256,256,31,8,20,31-8-20,M0K,2560,480,8,20,192,31,16448,98240,1280,4960,1984,1280,29952
256x256x256w30-8-20,256,256,256,30,8,20,30-8-20,M0K,2560,480,8,20,192,30,16000,98688,1280,4800,1920,1280,29952
256x256x256w31-16-10,256,256,256,31,16,10,31-16-10,M0K,2560,240,16,10,384,31,15456,99232,1280,2480,3968,1280,29952
256x256x256w30-16-10,256,256,256,30,16,10,30-16-10,M0K,2560,240,16,10,384,30,15040,99648,1280,2400,3840,1280,29952
256x256x256w30-8-21,256,256,256,30,8,21,30-8-21,M0K,2688,504,8,21,192,30,16608,98080,1344,5040,1920,1344,29952
256x256x256w29-8-21,256,256,256,29,8,21,29-8-21,M0K,2688,504,8,21,192,29,16144,98544,1344,4872,1856,1344,29952
256x256x256w29-8-20,256,256,256,29,8,20,29-8-20,M0K,2560,480,8,20,192,29,15552,99136,1280,4640,1856,1280,29952
256x256x256w20-8-30,256,256,256,20,8,30,20-8-30,M0K,3840,480,8,30,128,20,16000,98688,1920,4800,1280,1920,29952
256x256x256w20-8-31,256,256,256,20,8,31,20-8-31,M0K,3968,496,8,31,128,20,16448,98240,1984,4960,1280,1984,29952
256x256x256w31-8-21,256,256,256,31,8,21,31-8-21,M0K,2688,504,8,21,192,31,17072,97616,1344,5208,1984,1344,29952
256x256x256w20-8-29,256,256,256,20,8,29,20-8-29,M0K,3712,464,8,29,128,20,15552,99136,1856,4640,1280,1856,29952
256x256x256w63-8-10,256,256,256,63,8,10,63-8-10,M0K,1280,560,8,10,448,63,19424,95264,640,5040,4032,640,29952
256x256x256w14-40-9,256,256,256,14,40,9,14-40-9,MNK,5760,72,40,9,320,14,16736,97952,2880,1008,4480,2880,30044
256x256x256w9-24-22,256,256,256,9,24,22,9-24-22,MNK,8448,176,24,22,192,9,15072,99616,4224,1584,1728,4224,30096
256x256x256w9-24-23,256,256,256,9,24,23,9-24-23,MNK,8832,184,24,23,192,9,15600,99088,4416,1656,1728,4416,30096
256x256x256w9-48-12,256,256,256,9,48,12,9-48-12,MNK,9216,96,48,12,384,9,17856,96832,4608,864,3456,4608,30096
256x256x256w15-24-13,256,256,256,15,24,13,15-24-13,MNK,4992,104,24,13,192,15,13872,100816,2496,1560,2880,2496,30140
256x256x256w12-16-24,256,256,256,12,16,24,12-16-24,M0K,6144,192,16,24,128,12,13824,100864,3072,2304,1536,3072,30272
256x256x256w25-16-12,256,256,256,25,16,12,25-16-12,M0K,3072,288,16,12,384,25,14272,100416,1536,2400,3200,1536,30272
256x256x256w12-16-25,256,256,256,12,16,25,12-16-25,M0K,6400,200,16,25,128,12,14272,100416,3200,2400,1536,3200,30272
256x256x256w25-24-8,256,256,256,25,24,8,25-24-8,MN0,3072,192,24,8,576,25,15872,98816,1536,1600,4800,1536,30272
256x256x256w12-24-16,256,256,256,12,24,16,12-24-16,MN0,6144,128,24,16,192,12,13824,100864,3072,1536,2304,3072,30272
256x256x256w12-32-12,256,256,256,12,32,12,12-32-12,M0K,6144,96,32,12,256,12,14592,100096,3072,1152,3072,3072,30272
256x256x256w25-8-24,256,256,256,25,8,24,25-8-24,M0K,3072,576,8,24,192,25,15872,98816,1536,4800,1600,1536,30272
256x256x256w25-8-25,256,256,256,25,8,25,25-8-25,M0K,3200,600,8,25,192,25,16400,98288,1600,5000,1600,1600,30272
256x256x256w9-40-14,256,256,256,9,40,14,9-40-14,MNK,8960,112,40,14,320,9,16736,97952,4480,1008,2880,4480,30324
256x256x256w21-16-14,256,256,256,21,16,14,21-16-14,M0K,3584,224,16,14,256,21,13664,101024,1792,2352,2688,1792,30400
256x256x256w22-24-9,256,256,256,22,24,9,22-24-9,MNK,3456,144,24,9,384,22,15072,99616,1728,1584,4224,1728,30624
256x256x256w18-24-11,256,256,256,18,24,11,18-24-11,MNK,4224,176,24,11,384,18,14304,100384,2112,1584,3456,2112,30624
256x256x256w15-8-41,256,256,256,15,8,41,15-8-41,M0K,5248,328,8,41,64,15,17008,97680,2624,4920,960,2624,30688
256x256x256w15-8-40,256,256,256,15,8,40,15-8-40,M0K,5120,320,8,40,64,15,16640,98048,2560,4800,960,2560,30688
256x256x256w15-40-8,256,256,256,15,40,8,15-40-8,MN0,5120,64,40,8,320,15,16640,98048,2560,960,4800,2560,30688
256x256x256w15-8-38,256,256,256,15,8,38,15-8-38,M0K,4864,304,8,38,64,15,15904,98784,2432,4560,960,2432,30688
256x256x256w15-8-42,256,256,256,15,8,42,15-8-42,M0K,5376,336,8,42,64,15,17376,97312,2688,5040,960,2688,30688
256x256x256w15-8-37,256,256,256,15,8,37,15-8-37,M0K,4736,296,8,37,64,15,15536,99152,2368,4440,960,2368,30688
256x256x256w15-16-19,256,256,256,15,16,19,15-16-19,M0K,4864,152,16,19,128,15,13264,101424,2432,2280,1920,2432,30688
256x256x256w15-8-39,256,256,256,15,8,39,15-8-39,M0K,4992,312,8,39,64,15,16272,98416,2496,4680,960,2496,30688
256x256x256w32-8-18,256,256,256,32,8,18,32-8-18,00K,2304,576,8,18,256,32,15616,99072,1152,4608,2048,1152,30720
256x256x256w22-8-28,256,256,256,22,8,28,22-8-28,M0K,3584,448,8,28,128,22,16256,98432,1792,4928,1408,1792,30720
256x256x256w13-8-45,256,256,256,13,8,45,13-8-45,M0K,5760,360,8,45,64,13,16784,97904,2880,4680,832,2880,30720
256x256x256w26-8-22,256,256,256,26,8,22,26-8-22,M0K,2816,528,8,22,192,26,15296,99392,1408,4576,1664,1408,30720
256x256x256w57-8-11,256,256,256,57,8,11,57-8-11,M0K,1408,616,8,11,448,57,18736,95952,704,5016,3648,704,30720
256x256x256w22-8-27,256,256,256,22,8,27,22-8-27,M0K,3456,432,8,27,128,22,15776,98912,1728,4752,1408,1728,30720
256x256x256w26-8-23,256,256,256,26,8,23,26-8-23,M0K,2944,552,8,23,192,26,15840,98848,1472,4784,1664,1472,30720
256x256x256w43-8-13,256,256,256,43,8,13,43-8-13,M0K,1664,520,8,13,320,43,16112,98576,832,4472,2752,832,30720
256x256x256w55-8-11,256,256,256,55,8,11,55-8-11,M0K,1408,528,8,11,384,55,18128,96560,704,4840,3520,704,30720
256x256x256w8-48-13,256,256,256,8,48,13,8-48-13,0NK,9984,104,48,13,384,8,17792,96896,4992,832,3072,4992,30720
256x256x256w34-8-18,256,256,256,34,8,18,34-8-18,M0K,2304,576,8,18,256,34,16448,98240,1152,4896,2176,1152,30720
256x256x256w27-8-22,256,256,256,27,8,22,27-8-22,M0K,2816,528,8,22,192,27,15776,98912,1408,4752,1728,1408,30720
256x256x256w46-8-13,256,256,256,46,8,13,46-8-13,M0K,1664,520,8,13,320,46,17120,97568,832,4784,2944,832,30720
256x256x256w13-8-49,256,256,256,13,8,49,13-8-49,M0K,6272,392,8,49,64,13,18128,96560,3136,5096,832,3136,30720
256x256x256w13-8-43,256,256,256,13,8,43,13-8-43,M0K,5504,344,8,43,64,13,16112,98576,2752,4472,832,2752,30720
256x256x256w60-8-11,256,256,256,60,8,11,60-8-11,M0K,1408,616,8,11,448,60,19648,95040,704,5280,3840,704,30720
256x256x256w13-8-50,256,256,256,13,8,50,13-8-50,M0K,6400,400,8,50,64,13,18464,96224,3200,5200,832,3200,30720
256x256x256w13-8-44,256,256,256,13,8,44,13-8-44,M0K,5632,352,8,44,64,13,16448,98240,2816,4576,832,2816,30720
256x256x256w13-8-47,256,256,256,13,8,47,13-8-47,M0K,6016,376,8,47,64,13,17456,97232,3008,4888,832,3008,30720
256x256x256w35-8-18,256,256,256,35,8,18,35-8-18,M0K,2304,576,8,18,256,35,16864,97824,1152,5040,2240,1152,30720
256x256x256w13-8-46,256,256,256,13,8,46,13-8-46,M0K,5888,368,8,46,64,13,17120,97568,2944,4784,832,2944,30720
256x256x256w44-8-13,256,256,256,44,8,13,44-8-13,M0K,1664,520,8,13,320,44,16448,98240,832,4576,2816,832,30720
256x256x256w13-16-23,256,256,256,13,16,23,13-16-23,M0K,5888,184,16,23,128,13,14000,100688,2944,2392,1664,2944,30720
256x256x256w26-16-11,256,256,256,26,16,11,26-16-11,M0K,2816,264,16,11,384,26,14048,100640,1408,2288,3328,1408,30720
256x256x256w49-8-13,256,256,256,49,8,13,49-8-13,M0K,1664,624,8,13,384,49,18128,96560,832,5096,3136,832,30720
256x256x256w27-16-11,256,256,256,27,16,11,27-16-11,M0K,2816,264,16,11,384,27,14480,100208,1408,2376,3456,1408,30720
256x256x256w13-16-22,256,256,256,13,16,22,13-16-22,M0K,5632,176,16,22,128,13,13536,101152,2816,2288,1664,2816,30720
256x256x256w56-8-11,256,256,256,56,8,11,56-8-11,M0K,1408,616,8,11,448,56,18432,96256,704,4928,3584,704,30720
256x256x256w36-16-8,256,256,256,36,16,8,36-16-8,M00,2048,256,16,8,512,36,15872,98816,1024,2304,4608,1024,30720
256x256x256w59-8-11,256,256,256,59,8,11,59-8-11,M0K,1408,616,8,11,448,59,19344,95344,704,5192,3776,704,30720
256x256x256w13-8-48,256,256,256,13,8,48,13-8-48,M0K,6144,384,8,48,64,13,17792,96896,3072,4992,832,3072,30720
256x256x256w36-8-16,256,256,256,36,8,16,36-8-16,M00,2048,512,8,16,256,36,15872,98816,1024,4608,2304,1024,30720
256x256x256w45-8-13,256,256,256,45,8,13,45-8-13,M0K,1664,520,8,13,320,45,16784,97904,832,4680,2880,832,30720
256x256x256w61-8-11,256,256,256,61,8,11,61-8-11,M0K,1408,616,8,11,448,61,19952,94736,704,5368,3904,704,30720
256x256x256w13-32-11,256,256,256,13,32,11,13-32-11,M0K,5632,88,32,11,256,13,14576,100112,2816,1144,3328,2816,30720
256x256x256w27-8-23,256,256,256,27,8,23,27-8-23,M0K,2944,552,8,23,192,27,16336,98352,1472,4968,1728,1472,30720
256x256x256w54-8-11,256,256,256,54,8,11,54-8-11,M0K,1408,528,8,11,384,54,17824,96864,704,4752,3456,704,30720
256x256x256w16-16-18,256,256,256,16,16,18,16-16-18,00K,4608,288,16,18,256,16,13312,101376,2304,2304,2048,2304,30720
256x256x256w47-8-13,256,256,256,47,8,13,47-8-13,M0K,1664,520,8,13,320,47,17456,97232,832,4888,3008,832,30720
256x256x256w8-56-11,256,256,256,8,56,11,8-56-11,0NK,9856,88,56,11,448,8,18432,96256,4928,704,3584,4928,30720
256x256x256w52-8-11,256,256,256,52,8,11,52-8-11,M0K,1408,528,8,11,384,52,17216,97472,704,4576,3328,704,30720
256x256x256w53-8-11,256,256,256,53,8,11,53-8-11,M0K,1408,528,8,11,384,53,17520,97168,704,4664,3392,704,30720
256x256x256w22-16-13,256,256,256,22,16,13,22-16-13,M0K,3328,208,16,13,256,22,13536,101152,1664,2288,2816,1664,30720
256x256x256w22-8-26,256,256,256,22,8,26,22-8-26,M0K,3328,416,8,26,128,22,15296,99392,1664,4576,1408,1664,30720
256x256x256w33-8-18,256,256,256,33,8,18,33-8-18,M0K,2304,576,8,18,256,33,16032,98656,1152,4752,2112,1152,30720
256x256x256w62-8-11,256,256,256,62,8,11,62-8-11,M0K,1408,616,8,11,448,62,20256,94432,704,5456,3968,704,30720
256x256x256w13-48-8,256,256,256,13,48,8,13-48-8,MN0,6144,64,48,8,384,13,17792,96896,3072,832,4992,3072,30720
256x256x256w8-32-18,256,256,256,8,32,18,8-32-18,00K,9216,144,32,18,256,8,15616,99072,4608,1152,2048,4608,30720
256x256x256w58-8-11,256,256,256,58,8,11,58-8-11,M0K,1408,616,8,11,448,58,19040,95648,704,5104,3712,704,30720
256x256x256w48-8-13,256,256,256,48,8,13,48-8-13,M0K,1664,624,8,13,384,48,17792,96896,832,4992,3072,832,30720
256x256x256w14-32-10,256,256,256,14,32,10,14-32-10,M0K,5120,80,32,10,256,14,14528,100160,2560,1120,3584,2560,30784
256x256x256w14-16-20,256,256,256,14,16,20,14-16-20,M0K,5120,160,16,20,128,14,13184,101504,2560,2240,1792,2560,30784
256x256x256w14-16-21,256,256,256,14,16,21,14-16-21,M0K,5376,168,16,21,128,14,13664,101024,2688,2352,1792,2688,30784
256x256x256w11-24-18,256,256,256,11,24,18,11-24-18,MNK,6912,144,24,18,192,11,14304,100384,3456,1584,2112,3456,30855
256x256x256w14-24-14,256,256,256,14,24,14,14-24-14,MNK,5376,112,24,14,192,14,13888,100800,2688,1568,2688,2688,30932
256x256x256w16-24-12,256,256,256,16,24,12,16-24-12,0NK,4608,192,24,12,384,16,13824,100864,2304,1536,3072,2304,30976
256x256x256w24-16-12,256,256,256,24,16,12,24-16-12,M0K,3072,288,16,12,384,24,13824,100864,1536,2304,3072,1536,30976
256x256x256w24-24-8,256,256,256,24,24,8,24-24-8,MN0,3072,192,24,8,576,24,15360,99328,1536,1536,4608,1536,30976
256x256x256w17-8-34,256,256,256,17,8,34,17-8-34,M0K,4352,544,8,34,128,17,15776,98912,2176,4624,1088,2176,30976
256x256x256w17-8-35,256,256,256,17,8,35,17-8-35,M0K,4480,560,8,35,128,17,16176,98512,2240,4760,1088,2240,30976
256x256x256w24-8-25,256,256,256,24,8,25,24-8-25,M0K,3200,600,8,25,192,24,15872,98816,1600,4800,1536,1600,30976
256x256x256w17-16-16,256,256,256,17,16,16,17-16-16,M00,4096,256,16,16,256,17,12800,101888,2048,2176,2176,2048,30976
256x256x256w17-8-32,256,256,256,17,8,32,17-8-32,M00,4096,512,8,32,128,17,14976,99712,2048,4352,1088,2048,30976
256x256x256w17-8-36,256,256,256,17,8,36,17-8-36,M0K,4608,576,8,36,128,17,16576,98112,2304,4896,1088,2304,30976
256x256x256w17-32-8,256,256,256,17,32,8,17-32-8,M00,4096,128,32,8,512,17,14976,99712,2048,1088,4352,2048,30976
256x256x256w24-8-24,256,256,256,24,8,24,24-8-24,M0K,3072,576,8,24,192,24,15360,99328,1536,4608,1536,1536,30976
256x256x256w8-24-25,256,256,256,8,24,25,8-24-25,0NK,9600,200,24,25,192,8,15872,98816,4800,1600,1536,4800,30976
256x256x256w8-24-24,256,256,256,8,24,24,8-24-24,0NK,9216,192,24,24,192,8,15360,99328,4608,1536,1536,4608,30976
256x256x256w17-8-33,256,256,256,17,8,33,17-8-33,M0K,4224,528,8,33,128,17,15376,99312,2112,4488,1088,2112,30976
256x256x256w12-40-10,256,256,256,12,40,10,12-40-10,MNK,6400,80,40,10,320,12,16000,98688,3200,960,3840,3200,31304
256x256x256w10-32-14,256,256,256,10,32,14,10-32-14,M0K,7168,112,32,14,256,10,14528,100160,3584,1120,2560,3584,31312
256x256x256w11-40-11,256,256,256,11,40,11,11-40-11,MNK,7040,88,40,11,320,11,16016,98672,3520,968,3520,3520,31416
256x256x256w51-8-11,256,256,256,51,8,11,51-8-11,M0K,1408,528,8,11,384,51,16912,97776,704,4488,3264,704,31488
256x256x256w28-8-20,256,256,256,28,8,20,28-8-20,M0K,2560,480,8,20,192,28,15104,99584,1280,4480,1792,1280,31616
256x256x256w28-16-10,256,256,256,28,16,10,28-16-10,M0K,2560,240,16,10,384,28,14208,100480,1280,2240,3584,1280,31616
256x256x256w20-16-14,256,256,256,20,16,14,20-16-14,M0K,3584,224,16,14,256,20,13184,101504,1792,2240,2560,1792,31616
256x256x256w28-8-21,256,256,256,28,8,21,28-8-21,M0K,2688,504,8,21,192,28,15680,99008,1344,4704,1792,1344,31616
256x256x256w42-8-14,256,256,256,42,8,14,42-8-14,M0K,1792,560,8,14,320,42,16576,98112,896,4704,2688,896,31616
256x256x256w10-24-19,256,256,256,10,24,19,10-24-19,MNK,7296,152,24,19,192,10,14176,100512,3648,1520,1920,3648,31724
256x256x256w10-40-12,256,256,256,10,40,12,10-40-12,MNK,7680,96,40,12,320,10,16000,98688,3840,960,3200,3840,31724
256x256x256w83-8-8,256,256,256,83,8,8,83-8-8,M00,1024,640,8,8,640,83,22272,92416,512,5312,5312,512,31744
256x256x256w15-32-9,256,256,256,15,32,9,15-32-9,M0K,4608,72,32,9,256,15,14448,100240,2304,1080,3840,2304,31784
256x256x256w21-24-9,256,256,256,21,24,9,21-24-9,MNK,3456,144,24,9,384,21,14544,100144,1728,1512,4032,1728,31900
256x256x256w9-40-13,256,256,256,9,40,13,9-40-13,MNK,8320,104,40,13,320,9,15952,98736,4160,936,2880,4160,31920
256x256x256w17-24-11,256,256,256,17,24,11,17-24-11,MNK,4224,176,24,11,384,17,13744,100944,2112,1496,3264,2112,31944
256x256x256w21-8-28,256,256,256,21,8,28,21-8-28,M0K,3584,448,8,28,128,21,15680,99008,1792,4704,1344,1792,32000
256x256x256w21-8-26,256,256,256,21,8,26,21-8-26,M0K,3328,416,8,26,128,21,14752,99936,1664,4368,1344,1664,32000
256x256x256w21-8-27,256,256,256,21,8,27,21-8-27,M0K,3456,432,8,27,128,21,15216,99472,1728,4536,1344,1728,32000
256x256x256w21-16-13,256,256,256,21,16,13,21-16-13,M0K,3328,208,16,13,256,21,13072,101616,1664,2184,2688,1664,32000
256x256x256w23-8-25,256,256,256,23,8,25,23-8-25,M0K,3200,400,8,25,128,23,15344,99344,1600,4600,1472,1600,32032
256x256x256w19-24-10,256,256,256,19,24,10,19-24-10,MNK,3840,160,24,10,384,19,14176,100512,1920,1520,3648,1920,32032
256x256x256w23-16-12,256,256,256,23,16,12,23-16-12,M0K,3072,192,16,12,256,23,13376,101312,1536,2208,2944,1536,32032
256x256x256w23-24-8,256,256,256,23,24,8,23-24-8,MN0,3072,128,24,8,384,23,14848,99840,1536,1472,4416,1536,32032
256x256x256w23-8-24,256,256,256,23,8,24,23-8-24,M0K,3072,384,8,24,128,23,14848,99840,1536,4416,1472,1536,32032
256x256x256w10-48-10,256,256,256,10,48,10,10-48-10,MNK,7680,80,48,10,384,10,16960,97728,3840,800,3840,3840,32136
256x256x256w30-8-19,256,256,256,30,8,19,30-8-19,M0K,2432,456,8,19,192,30,15392,99296,1216,4560,1920,1216,32256
256x256x256w31-8-19,256,256,256,31,8,19,31-8-19,M0K,2432,456,8,19,192,31,15824,98864,1216,4712,1984,1216,32256
256x256x256w29-8-19,256,256,256,29,8,19,29-8-19,M0K,2432,456,8,19,192,29,14960,99728,1216,4408,1856,1216,32256
256x256x256w19-8-31,256,256,256,19,8,31,19-8-31,M0K,3968,496,8,31,128,19,15824,98864,1984,4712,1216,1984,32256
256x256x256w19-8-30,256,256,256,19,8,30,19-8-30,M0K,3840,480,8,30,128,19,15392,99296,1920,4560,1216,1920,32256
256x256x256w19-8-29,256,256,256,19,8,29,19-8-29,M0K,3712,464,8,29,128,19,14960,99728,1856,4408,1216,1856,32256
256x256x256w50-8-12,256,256,256,50,8,12,50-8-12,M0K,1536,576,8,12,384,50,17536,97152,768,4800,3200,768,32384
256x256x256w13-40-9,256,256,256,13,40,9,13-40-9,MNK,5760,72,40,9,320,13,15952,98736,2880,936,4160,2880,32480
256x256x256w11-48-9,256,256,256,11,48,9,11-48-9,MNK,6912,72,48,9,384,11,16944,97744,3456,792,4224,3456,32538
256x256x256w14-24-13,256,256,256,14,24,13,14-24-13,MNK,4992,104,24,13,192,14,13280,101408,2496,1456,2688,2496,32560
256x256x256w9-24-20,256,256,256,9,24,20,9-24-20,MNK,7680,160,24,20,192,9,14016,100672,3840,1440,1728,3840,32604
256x256x256w9-24-21,256,256,256,9,24,21,9-24-21,MNK,8064,168,24,21,192,9,14544,100144,4032,1512,1728,4032,32604
256x256x256w8-8-79,256,256,256,8,8,79,8-8-79,00K,10112,632,8,79,64,8,21248,93440,5056,5056,512,5056,32768
256x256x256w33-16-8,256,256,256,33,16,8,33-16-8,M00,2048,256,16,8,512,33,14720,99968,1024,2112,4224,1024,32768
256x256x256w8-8-80,256,256,256,8,8,80,8-8-80,00K,10240,640,8,80,64,8,21504,93184,5120,5120,512,5120,32768
256x256x256w8-8-72,256,256,256,8,8,72,8-8-72,00K,9216,576,8,72,64,8,19456,95232,4608,4608,512,4608,32768
256x256x256w74-8-8,256,256,256,74,8,8,74-8-8,M00,1024,576,8,8,576,74,19968,94720,512,4736,4736,512,32768
256x256x256w78-8-8,256,256,256,78,8,8,78-8-8,M00,1024,576,8,8,576,78,20992,93696,512,4992,4992,512,32768
256x256x256w70-8-8,256,256,256,70,8,8,70-8-8,M00,1024,512,8,8,512,70,18944,95744,512,4480,4480,512,32768
256x256x256w71-8-8,256,256,256,71,8,8,71-8-8,M00,1024,512,8,8,512,71,19200,95488,512,4544,4544,512,32768
256x256x256w66-8-8,256,256,256,66,8,8,66-8-8,M00,1024,512,8,8,512,66,17920,96768,512,4224,4224,512,32768
256x256x256w8-8-64,256,256,256,8,8,64,8-8-64,000,8192,512,8,64,64,8,17408,97280,4096,4096,512,4096,32768
256x256x256w8-72-8,256,256,256,8,72,8,8-72-8,0N0,9216,64,72,8,576,8,19456,95232,4608,512,4608,4608,32768
256x256x256w75-8-8,256,256,256,75,8,8,75-8-8,M00,1024,576,8,8,576,75,20224,94464,512,4800,4800,512,32768
256x256x256w16-16-16,256,256,256,16,16,16,16-16-16,000,4096,256,16,16,256,16,12288,102400,2048,2048,2048,2048,32768
256x256x256w67-8-8,256,256,256,67,8,8,67-8-8,M00,1024,512,8,8,512,67,18176,96512,512,4288,4288,512,32768
256x256x256w8-16-35,256,256,256,8,16,35,8-16-35,00K,8960,280,16,35,128,8,15488,99200,4480,2240,1024,4480,32768
256x256x256w8-8-71,256,256,256,8,8,71,8-8-71,00K,9088,568,8,71,64,8,19200,95488,4544,4544,512,4544,32768
256x256x256w33-8-16,256,256,256,33,8,16,33-8-16,M00,2048,512,8,16,256,33,14720,99968,1024,4224,2112,1024,32768
256x256x256w8-8-76,256,256,256,8,8,76,8-8-76,00K,9728,608,8,76,64,8,20480,94208,4864,4864,512,4864,32768
256x256x256w82-8-8,256,256,256,82,8,8,82-8-8,M00,1024,640,8,8,640,82,22016,92672,512,5248,5248,512,32768
256x256x256w72-8-8,256,256,256,72,8,8,72-8-8,M00,1024,576,8,8,576,72,19456,95232,512,4608,4608,512,32768
256x256x256w32-16-8,256,256,256,32,16,8,32-16-8,000,2048,256,16,8,512,32,14336,100352,1024,2048,4096,1024,32768
256x256x256w8-8-83,256,256,256,8,8,83,8-8-83,00K,10624,664,8,83,64,8,22272,92416,5312,5312,512,5312,32768
256x256x256w8-8-77,256,256,256,8,8,77,8-8-77,00K,9856,616,8,77,64,8,20736,93952,4928,4928,512,4928,32768
256x256x256w8-8-67,256,256,256,8,8,67,8-8-67,00K,8576,536,8,67,64,8,18176,96512,4288,4288,512,4288,32768
256x256x256w8-8-65,256,256,256,8,8,65,8-8-65,00K,8320,520,8,65,64,8,17664,97024,4160,4160,512,4160,32768
256x256x256w16-8-34,256,256,256,16,8,34,16-8-34,00K,4352,544,8,34,128,16,15104,99584,2176,4352,1024,2176,32768
256x256x256w8-8-84,256,256,256,8,8,84,8-8-84,00K,10752,672,8,84,64,8,22528,92160,5376,5376,512,5376,32768
256x256x256w8-8-75,256,256,256,8,8,75,8-8-75,00K,9600,600,8,75,64,8,20224,94464,4800,4800,512,4800,32768
256x256x256w16-8-32,256,256,256,16,8,32,16-8-32,000,4096,512,8,32,128,16,14336,100352,2048,4096,1024,2048,32768
256x256x256w80-8-8,256,256,256,80,8,8,80-8-8,M00,1024,640,8,8,640,80,21504,93184,512,5120,5120,512,32768
256x256x256w8-32-16,256,256,256,8,32,16,8-32-16,000,8192,128,32,16,256,8,14336,100352,4096,1024,2048,4096,32768
256x256x256w8-16-34,256,256,256,8,16,34,8-16-34,00K,8704,272,16,34,128,8,15104,99584,4352,2176,1024,4352,32768
256x256x256w69-8-8,256,256,256,69,8,8,69-8-8,M00,1024,512,8,8,512,69,18688,96000,512,4416,4416,512,32768
256x256x256w35-8-16,256,256,256,35,8,16,35-8-16,M00,2048,512,8,16,256,35,15488,99200,1024,4480,2240,1024,32768
256x256x256w64-8-8,256,256,256,64,8,8,64-8-8,000,1024,512,8,8,512,64,17408,97280,512,4096,4096,512,32768
256x256x256w65-8-8,256,256,256,65,8,8,65-8-8,M00,1024,512,8,8,512,65,17664,97024,512,4160,4160,512,32768
256x256x256w79-8-8,256,256,256,79,8,8,79-8-8,M00,1024,576,8,8,576,79,21248,93440,512,5056,5056,512,32768
256x256x256w8-16-32,256,256,256,8,16,32,8-16-32,000,8192,256,16,32,128,8,14336,100352,4096,2048,1024,4096,32768
256x256x256w35-16-8,256,256,256,35,16,8,35-16-8,M00,2048,256,16,8,512,35,15488,99200,1024,2240,4480,1024,32768
256x256x256w76-8-8,256,256,256,76,8,8,76-8-8,M00,1024,576,8,8,576,76,20480,94208,512,4864,4864,512,32768
256x256x256w77-8-8,256,256,256,77,8,8,77-8-8,M00,1024,576,8,8,576,77,20736,93952,512,4928,4928,512,32768
256x256x256w8-8-69,256,256,256,8,8,69,8-8-69,00K,8832,552,8,69,64,8,18688,96000,4416,4416,512,4416,32768
256x256x256w8-8-82,256,256,256,8,8,82,8-8-82,00K,10496,656,8,82,64,8,22016,92672,5248,5248,512,5248,32768
256x256x256w16-8-33,256,256,256,16,8,33,16-8-33,00K,4224,528,8,33,128,16,14720,99968,2112,4224,1024,2112,32768
256x256x256w34-16-8,256,256,256,34,16,8,34-16-8,M00,2048,256,16,8,512,34,15104,99584,1024,2176,4352,1024,32768
256x256x256w8-8-68,256,256,256,8,8,68,8-8-68,00K,8704,544,8,68,64,8,18432,96256,4352,4352,512,4352,32768
256x256x256w32-8-16,256,256,256,32,8,16,32-8-16,000,2048,512,8,16,256,32,14336,100352,1024,4096,2048,1024,32768
256x256x256w8-80-8,256,256,256,8,80,8,8-80-8,0N0,10240,64,80,8,640,8,21504,93184,5120,512,5120,5120,32768
256x256x256w8-8-74,256,256,256,8,8,74,8-8-74,00K,9472,592,8,74,64,8,19968,94720,4736,4736,512,4736,32768
256x256x256w81-8-8,256,256,256,81,8,8,81-8-8,M00,1024,640,8,8,640,81,21760,92928,512,5184,5184,512,32768
256x256x256w8-8-73,256,256,256,8,8,73,8-8-73,00K,9344,584,8,73,64,8,19712,94976,4672,4672,512,4672,32768
256x256x256w16-8-36,256,256,256,16,8,36,16-8-36,00K,4608,576,8,36,128,16,15872,98816,2304,4608,1024,2304,32768
256x256x256w8-8-81,256,256,256,8,8,81,8-8-81,00K,10368,648,8,81,64,8,21760,92928,5184,5184,512,5184,32768
256x256x256w34-8-16,256,256,256,34,8,16,34-8-16,M00,2048,512,8,16,256,34,15104,99584,1024,4352,2176,1024,32768
256x256x256w16-8-35,256,256,256,16,8,35,16-8-35,00K,4480,560,8,35,128,16,15488,99200,2240,4480,1024,2240,32768
256x256x256w8-8-70,256,256,256,8,8,70,8-8-70,00K,8960,560,8,70,64,8,18944,95744,4480,4480,512,4480,32768
256x256x256w68-8-8,256,256,256,68,8,8,68-8-8,M00,1024,512,8,8,512,68,18432,96256,512,4352,4352,512,32768
256x256x256w8-16-33,256,256,256,8,16,33,8-16-33,00K,8448,264,16,33,128,8,14720,99968,4224,2112,1024,4224,32768
256x256x256w8-8-66,256,256,256,8,8,66,8-8-66,00K,8448,528,8,66,64,8,17920,96768,4224,4224,512,4224,32768
256x256x256w73-8-8,256,256,256,73,8,8,73-8-8,M00,1024,576,8,8,576,73,19712,94976,512,4672,4672,512,32768
256x256x256w8-8-78,256,256,256,8,8,78,8-8-78,00K,9984,624,8,78,64,8,20992,93696,4992,4992,512,4992,32768
256x256x256w8-64-8,256,256,256,8,64,8,8-64-8,000,8192,64,64,8,512,8,17408,97280,4096,512,4096,4096,32768
256x256x256w8-16-36,256,256,256,8,16,36,8-16-36,00K,9216,288,16,36,128,8,15872,98816,4608,2304,1024,4608,32768
256x256x256w16-32-8,256,256,256,16,32,8,16-32-8,000,4096,128,32,8,512,16,14336,100352,2048,1024,4096,2048,32768
256x256x256w9-48-11,256,256,256,9,48,11,9-48-11,MNK,8448,88,48,11,384,9,16944,97744,4224,792,3456,4224,32832
256x256x256w9-16-29,256,256,256,9,16,29,9-16-29,M0K,7424,232,16,29,128,9,13904,100784,3712,2088,1152,3712,32832
256x256x256w9-16-30,256,256,256,9,16,30,9-16-30,M0K,7680,240,16,30,128,9,14304,100384,3840,2160,1152,3840,32832
256x256x256w9-16-31,256,256,256,9,16,31,9-16-31,M0K,7936,248,16,31,128,9,14704,99984,3968,2232,1152,3968,32832
256x256x256w15-16-18,256,256,256,15,16,18,15-16-18,M0K,4608,144,16,18,128,15,12768,101920,2304,2160,1920,2304,32880
256x256x256w11-32-12,256,256,256,11,32,12,11-32-12,M0K,6144,96,32,12,256,11,13888,100800,3072,1056,2816,3072,32912
256x256x256w11-24-16,256,256,256,11,24,16,11-24-16,MN0,6144,128,24,16,192,11,13184,101504,3072,1408,2112,3072,32912
256x256x256w11-16-25,256,256,256,11,16,25,11-16-25,M0K,6400,200,16,25,128,11,13616,101072,3200,2200,1408,3200,32912
256x256x256w11-16-24,256,256,256,11,16,24,11-16-24,M0K,6144,192,16,24,128,11,13184,101504,3072,2112,1408,3072,32912
256x256x256w10-16-27,256,256,256,10,16,27,10-16-27,M0K,6912,216,16,27,128,10,13792,100896,3456,2160,1280,3456,32960
256x256x256w10-8-55,256,256,256,10,8,55,10-8-55,M0K,7040,440,8,55,64,10,17120,97568,3520,4400,640,3520,32960
256x256x256w10-32-13,256,256,256,10,32,13,10-32-13,M0K,6656,104,32,13,256,10,13856,100832,3328,1040,2560,3328,32960
256x256x256w10-8-52,256,256,256,10,8,52,10-8-52,M0K,6656,416,8,52,64,10,16256,98432,3328,4160,640,3328,32960
256x256x256w10-8-63,256,256,256,10,8,63,10-8-63,M0K,8064,504,8,63,64,10,19424,95264,4032,5040,640,4032,32960
256x256x256w10-16-26,256,256,256,10,16,26,10-16-26,M0K,6656,208,16,26,128,10,13376,101312,3328,2080,1280,3328,32960
256x256x256w10-8-53,256,256,256,10,8,53,10-8-53,M0K,6784,424,8,53,64,10,16544,98144,3392,4240,640,3392,32960
256x256x256w10-56-8,256,256,256,10,56,8,10-56-8,MN0,7168,64,56,8,448,10,17408,97280,3584,640,4480,3584,32960
256x256x256w10-8-60,256,256,256,10,8,60,10-8-60,M0K,7680,480,8,60,64,10,18560,96128,3840,4800,640,3840,32960
256x256x256w10-8-62,256,256,256,10,8,62,10-8-62,M0K,7936,496,8,62,64,10,19136,95552,3968,4960,640,3968,32960
256x256x256w10-8-57,256,256,256,10,8,57,10-8-57,M0K,7296,456,8,57,64,10,17696,96992,3648,4560,640,3648,32960
256x256x256w10-8-61,256,256,256,10,8,61,10-8-61,M0K,7808,488,8,61,64,10,18848,95840,3904,4880,640,3904,32960
256x256x256w10-8-54,256,256,256,10,8,54,10-8-54,M0K,6912,432,8,54,64,10,16832,97856,3456,4320,640,3456,32960
256x256x256w10-8-56,256,256,256,10,8,56,10-8-56,M0K,7168,448,8,56,64,10,17408,97280,3584,4480,640,3584,32960
256x256x256w10-16-28,256,256,256,10,16,28,10-16-28,M0K,7168,224,16,28,128,10,14208,100480,3584,2240,1280,3584,32960
256x256x256w10-8-58,256,256,256,10,8,58,10-8-58,M0K,7424,464,8,58,64,10,17984,96704,3712,4640,640,3712,32960
256x256x256w10-8-59,256,256,256,10,8,59,10-8-59,M0K,7552,472,8,59,64,10,18272,96416,3776,4720,640,3776,32960
256x256x256w12-8-45,256,256,256,12,8,45,12-8-45,M0K,5760,360,8,45,64,12,15936,98752,2880,4320,768,2880,33024
256x256x256w12-16-22,256,256,256,12,16,22,12-16-22,M0K,5632,176,16,22,128,12,12928,101760,2816,2112,1536,2816,33024
256x256x256w12-8-43,256,256,256,12,8,43,12-8-43,M0K,5504,344,8,43,64,12,15296,99392,2752,4128,768,2752,33024
256x256x256w12-8-48,256,256,256,12,8,48,12-8-48,M0K,6144,384,8,48,64,12,16896,97792,3072,4608,768,3072,33024
256x256x256w12-16-23,256,256,256,12,16,23,12-16-23,M0K,5888,184,16,23,128,12,13376,101312,2944,2208,1536,2944,33024
256x256x256w12-8-47,256,256,256,12,8,47,12-8-47,M0K,6016,376,8,47,64,12,16576,98112,3008,4512,768,3008,33024
256x256x256w12-48-8,256,256,256,12,48,8,12-48-8,MN0,6144,64,48,8,384,12,16896,97792,3072,768,4608,3072,33024
256x256x256w12-8-49,256,256,256,12,8,49,12-8-49,M0K,6272,392,8,49,64,12,17216,97472,3136,4704,768,3136,33024
256x256x256w25-8-23,256,256,256,25,8,23,25-8-23,M0K,2944,552,8,23,192,25,15344,99344,1472,4600,1600,1472,33024
256x256x256w25-8-22,256,256,256,25,8,22,25-8-22,M0K,2816,528,8,22,192,25,14816,99872,1408,4400,1600,1408,33024
256x256x256w12-8-46,256,256,256,12,8,46,12-8-46,M0K,5888,368,8,46,64,12,16256,98432,2944,4416,768,2944,33024
256x256x256w12-8-44,256,256,256,12,8,44,12-8-44,M0K,5632,352,8,44,64,12,15616,99072,2816,4224,768,2816,33024
256x256x256w12-32-11,256,256,256,12,32,11,12-32-11,M0K,5632,88,32,11,256,12,13888,100800,2816,1056,3072,2816,33024
256x256x256w12-8-50,256,256,256,12,8,50,12-8-50,M0K,6400,400,8,50,64,12,17536,97152,3200,4800,768,3200,33024
256x256x256w25-16-11,256,256,256,25,16,11,25-16-11,M0K,2816,264,16,11,384,25,13616,101072,1408,2200,3200,1408,33024
256x256x256w9-56-9,256,256,256,9,56,9,9-56-9,MNK,8064,72,56,9,448,9,17424,97264,4032,648,4032,4032,33060
256x256x256w14-8-39,256,256,256,14,8,39,14-8-39,M0K,4992,312,8,39,64,14,15520,99168,2496,4368,896,2496,33152
256x256x256w14-16-19,256,256,256,14,16,19,14-16-19,M0K,4864,152,16,19,128,14,12704,101984,2432,2128,1792,2432,33152
256x256x256w14-8-42,256,256,256,14,8,42,14-8-42,M0K,5376,336,8,42,64,14,16576,98112,2688,4704,896,2688,33152
256x256x256w14-8-40,256,256,256,14,8,40,14-8-40,M0K,5120,320,8,40,64,14,15872,98816,2560,4480,896,2560,33152
256x256x256w14-8-38,256,256,256,14,8,38,14-8-38,M0K,4864,304,8,38,64,14,15168,99520,2432,4256,896,2432,33152
256x256x256w14-8-41,256,256,256,14,8,41,14-8-41,M0K,5248,328,8,41,64,14,16224,98464,2624,4592,896,2624,33152
256x256x256w14-40-8,256,256,256,14,40,8,14-40-8,MN0,5120,64,40,8,320,14,15872,98816,2560,896,4480,2560,33152
256x256x256w14-8-37,256,256,256,14,8,37,14-8-37,M0K,4736,296,8,37,64,14,14816,99872,2368,4144,896,2368,33152
256x256x256w15-24-12,256,256,256,15,24,12,15-24-12,MNK,4608,96,24,12,192,15,13248,101440,2304,1440,2880,2304,33154
256x256x256w20-24-9,256,256,256,20,24,9,20-24-9,MNK,3456,144,24,9,384,20,14016,100672,1728,1440,3840,1728,33176
256x256x256w18-24-10,256,256,256,18,24,10,18-24-10,MNK,3840,160,24,10,384,18,13632,101056,1920,1440,3456,1920,33176
256x256x256w58-8-10,256,256,256,58,8,10,58-8-10,M0K,1280,560,8,10,448,58,17984,96704,640,4640,3712,640,33280
256x256x256w26-8-21,256,256,256,26,8,21,26-8-21,M0K,2688,504,8,21,192,26,14752,99936,1344,4368,1664,1344,33280
256x256x256w52-8-10,256,256,256,52,8,10,52-8-10,M0K,1280,480,8,10,384,52,16256,98432,640,4160,3328,640,33280
256x256x256w13-32-10,256,256,256,13,32,10,13-32-10,M0K,5120,80,32,10,256,13,13856,100832,2560,1040,3328,2560,33280
256x256x256w13-16-20,256,256,256,13,16,20,13-16-20,M0K,5120,160,16,20,128,13,12608,102080,2560,2080,1664,2560,33280
256x256x256w53-8-10,256,256,256,53,8,10,53-8-10,M0K,1280,480,8,10,384,53,16544,98144,640,4240,3392,640,33280
256x256x256w20-8-28,256,256,256,20,8,28,20-8-28,M0K,3584,448,8,28,128,20,15104,99584,1792,4480,1280,1792,33280
256x256x256w55-8-10,256,256,256,55,8,10,55-8-10,M0K,1280,480,8,10,384,55,17120,97568,640,4400,3520,640,33280
256x256x256w27-16-10,256,256,256,27,16,10,27-16-10,M0K,2560,240,16,10,384,27,13792,100896,1280,2160,3456,1280,33280
256x256x256w26-8-20,256,256,256,26,8,20,26-8-20,M0K,2560,480,8,20,192,26,14208,100480,1280,4160,1664,1280,33280
256x256x256w60-8-10,256,256,256,60,8,10,60-8-10,M0K,1280,560,8,10,448,60,18560,96128,640,4800,3840,640,33280
256x256x256w20-8-27,256,256,256,20,8,27,20-8-27,M0K,3456,432,8,27,128,20,14656,100032,1728,4320,1280,1728,33280
256x256x256w42-8-13,256,256,256,42,8,13,42-8-13,M0K,1664,520,8,13,320,42,15776,98912,832,4368,2688,832,33280
256x256x256w13-16-21,256,256,256,13,16,21,13-16-21,M0K,5376,168,16,21,128,13,13072,101616,2688,2184,1664,2688,33280
256x256x256w56-8-10,256,256,256,56,8,10,56-8-10,M0K,1280,560,8,10,448,56,17408,97280,640,4480,3584,640,33280
256x256x256w59-8-10,256,256,256,59,8,10,59-8-10,M0K,1280,560,8,10,448,59,18272,96416,640,4720,3776,640,33280
256x256x256w27-8-21,256,256,256,27,8,21,27-8-21,M0K,2688,504,8,21,192,27,15216,99472,1344,4536,1728,1344,33280
256x256x256w8-56-10,256,256,256,8,56,10,8-56-10,0NK,8960,80,56,10,448,8,17408,97280,4480,640,3584,4480,33280
256x256x256w26-16-10,256,256,256,26,16,10,26-16-10,M0K,2560,240,16,10,384,26,13376,101312,1280,2080,3328,1280,33280
256x256x256w54-8-10,256,256,256,54,8,10,54-8-10,M0K,1280,480,8,10,384,54,16832,97856,640,4320,3456,640,33280
256x256x256w61-8-10,256,256,256,61,8,10,61-8-10,M0K,1280,560,8,10,448,61,18848,95840,640,4880,3904,640,33280
256x256x256w20-16-13,256,256,256,20,16,13,20-16-13,M0K,3328,208,16,13,256,20,12608,102080,1664,2080,2560,1664,33280
256x256x256w62-8-10,256,256,256,62,8,10,62-8-10,M0K,1280,560,8,10,448,62,19136,95552,640,4960,3968,640,33280
256x256x256w20-8-26,256,256,256,20,8,26,20-8-26,M0K,3328,416,8,26,128,20,14208,100480,1664,4160,1280,1664,33280
256x256x256w57-8-10,256,256,256,57,8,10,57-8-10,M0K,1280,560,8,10,448,57,17696,96992,640,4560,3648,640,33280
256x256x256w27-8-20,256,256,256,27,8,20,27-8-20,M0K,2560,480,8,20,192,27,14656,100032,1280,4320,1728,1280,33280
256x256x256w18-8-29,256,256,256,18,8,29,18-8-29,M0K,3712,464,8,29,128,18,14368,100320,1856,4176,1152,1856,33408
256x256x256w63-8-9,256,256,256,63,8,9,63-8-9,M0K,1152,504,8,9,448,63,18288,96400,576,4536,4032,576,33408
256x256x256w18-8-31,256,256,256,18,8,31,18-8-31,M0K,3968,496,8,31,128,18,15200,99488,1984,4464,1152,1984,33408
256x256x256w18-8-30,256,256,256,18,8,30,18-8-30,M0K,3840,480,8,30,128,18,14784,99904,1920,4320,1152,1920,33408
256x256x256w30-16-9,256,256,256,30,16,9,30-16-9,M0K,2304,216,16,9,384,30,14304,100384,1152,2160,3840,1152,33408
256x256x256w29-16-9,256,256,256,29,16,9,29-16-9,M0K,2304,216,16,9,384,29,13904,100784,1152,2088,3712,1152,33408
256x256x256w31-16-9,256,256,256,31,16,9,31-16-9,M0K,2304,216,16,9,384,31,14704,99984,1152,2232,3968,1152,33408
256x256x256w13-24-14,256,256,256,13,24,14,13-24-14,MNK,5376,112,24,14,192,13,13280,101408,2688,1456,2496,2688,33440
256x256x256w46-8-12,256,256,256,46,8,12,46-8-12,M0K,1536,480,8,12,320,46,16256,98432,768,4416,2944,768,33792
256x256x256w8-24-22,256,256,256,8,24,22,8-24-22,0NK,8448,176,24,22,192,8,14336,100352,4224,1408,1536,4224,33792
256x256x256w16-24-11,256,256,256,16,24,11,16-24-11,0NK,4224,176,24,11,384,16,13184,101504,2112,1408,3072,2112,33792
256x256x256w43-8-12,256,256,256,43,8,12,43-8-12,M0K,1536,480,8,12,320,43,15296,99392,768,4128,2752,768,33792
256x256x256w22-8-24,256,256,256,22,8,24,22-8-24,M0K,3072,384,8,24,128,22,14336,100352,1536,4224,1408,1536,33792
256x256x256w44-8-12,256,256,256,44,8,12,44-8-12,M0K,1536,480,8,12,320,44,15616,99072,768,4224,2816,768,33792
256x256x256w24-8-23,256,256,256,24,8,23,24-8-23,M0K,2944,552,8,23,192,24,14848,99840,1472,4416,1536,1472,33792
256x256x256w22-24-8,256,256,256,22,24,8,22-24-8,MN0,3072,128,24,8,384,22,14336,100352,1536,1408,4224,1536,33792
256x256x256w48-8-12,256,256,256,48,8,12,48-8-12,M0K,1536,576,8,12,384,48,16896,97792,768,4608,3072,768,33792
256x256x256w45-8-12,256,256,256,45,8,12,45-8-12,M0K,1536,480,8,12,320,45,15936,98752,768,4320,2880,768,33792
256x256x256w24-8-22,256,256,256,24,8,22,24-8-22,M0K,2816,528,8,22,192,24,14336,100352,1408,4224,1536,1408,33792
256x256x256w8-48-12,256,256,256,8,48,12,8-48-12,0NK,9216,96,48,12,384,8,16896,97792,4608,768,3072,4608,33792
256x256x256w8-24-23,256,256,256,8,24,23,8-24-23,0NK,8832,184,24,23,192,8,14848,99840,4416,1472,1536,4416,33792
256x256x256w22-16-12,256,256,256,22,16,12,22-16-12,M0K,3072,192,16,12,256,22,12928,101760,1536,2112,2816,1536,33792
256x256x256w49-8-12,256,256,256,49,8,12,49-8-12,M0K,1536,576,8,12,384,49,17216,97472,768,4704,3136,768,33792
256x256x256w22-8-25,256,256,256,22,8,25,22-8-25,M0K,3200,400,8,25,128,22,14816,99872,1600,4400,1408,1600,33792
256x256x256w24-16-11,256,256,256,24,16,11,24-16-11,M0K,2816,264,16,11,384,24,13184,101504,1408,2112,3072,1408,33792
256x256x256w47-8-12,256,256,256,47,8,12,47-8-12,M0K,1536,480,8,12,320,47,16576,98112,768,4512,3008,768,33792
256x256x256w10-24-18,256,256,256,10,24,18,10-24-18,MNK,6912,144,24,18,192,10,13632,101056,3456,1440,1920,3456,33990
256x256x256w11-40-10,256,256,256,11,40,10,11-40-10,MNK,6400,80,40,10,320,11,15200,99488,3200,880,3520,3200,34034
256x256x256w41-8-14,256,256,256,41,8,14,41-8-14,M0K,1792,560,8,14,320,41,16224,98464,896,4592,2624,896,34048
256x256x256w40-8-14,256,256,256,40,8,14,40-8-14,M0K,1792,560,8,14,320,40,15872,98816,896,4480,2560,896,34048
256x256x256w38-8-14,256,256,256,38,8,14,38-8-14,M0K,1792,448,8,14,256,38,15168,99520,896,4256,2432,896,34048
256x256x256w19-16-14,256,256,256,19,16,14,19-16-14,M0K,3584,224,16,14,256,19,12704,101984,1792,2128,2432,1792,34048
256x256x256w37-8-14,256,256,256,37,8,14,37-8-14,M0K,1792,448,8,14,256,37,14816,99872,896,4144,2368,896,34048
256x256x256w39-8-14,256,256,256,39,8,14,39-8-14,M0K,1792,448,8,14,256,39,15520,99168,896,4368,2496,896,34048
256x256x256w8-40-14,256,256,256,8,40,14,8-40-14,0NK,8960,112,40,14,320,8,15872,98816,4480,896,2560,4480,34048
256x256x256w28-8-19,256,256,256,28,8,19,28-8-19,M0K,2432,456,8,19,192,28,14528,100160,1216,4256,1792,1216,34048
256x256x256w51-8-10,256,256,256,51,8,10,51-8-10,M0K,1280,480,8,10,384,51,15968,98720,640,4080,3264,640,34112
256x256x256w14-32-9,256,256,256,14,32,9,14-32-9,M0K,4608,72,32,9,256,14,13792,100896,2304,1008,3584,2304,34336
256x256x256w30-8-18,256,256,256,30,8,18,30-8-18,M0K,2304,432,8,18,192,30,14784,99904,1152,4320,1920,1152,34560
256x256x256w31-8-18,256,256,256,31,8,18,31-8-18,M0K,2304,432,8,18,192,31,15200,99488,1152,4464,1984,1152,34560
256x256x256w29-8-18,256,256,256,29,8,18,29-8-18,M0K,2304,432,8,18,192,29,14368,100320,1152,4176,1856,1152,34560
256x256x256w17-24-10,256,256,256,17,24,10,17-24-10,MNK,3840,160,24,10,384,17,13088,101600,1920,1360,3264,1920,34606
256x256x256w10-40-11,256,256,256,10,40,11,10-40-11,MNK,7040,88,40,11,320,10,15200,99488,3520,880,3200,3520,34608
256x256x256w9-32-14,256,256,256,9,32,14,9-32-14,M0K,7168,112,32,14,256,9,13792,100896,3584,1008,2304,3584,34656
256x256x256w17-8-31,256,256,256,17,8,31,17-8-31,M0K,3968,496,8,31,128,17,14576,100112,1984,4216,1088,1984,34848
256x256x256w17-8-30,256,256,256,17,8,30,17-8-30,M0K,3840,480,8,30,128,17,14176,100512,1920,4080,1088,1920,34848
256x256x256w17-8-29,256,256,256,17,8,29,17-8-29,M0K,3712,464,8,29,128,17,13776,100912,1856,3944,1088,1856,34848
256x256x256w12-40-9,256,256,256,12,40,9,12-40-9,MNK,5760,72,40,9,320,12,15168,99520,2880,864,3840,2880,34916
256x256x256w23-8-22,256,256,256,23,8,22,23-8-22,M0K,2816,352,8,22,128,23,13856,100832,1408,4048,1472,1408,34944
256x256x256w23-8-23,256,256,256,23,8,23,23-8-23,M0K,2944,368,8,23,128,23,14352,100336,1472,4232,1472,1472,34944
256x256x256w23-16-11,256,256,256,23,16,11,23-16-11,M0K,2816,176,16,11,256,23,12752,101936,1408,2024,2944,1408,34944
256x256x256w15-8-33,256,256,256,15,8,33,15-8-33,M0K,4224,264,8,33,64,15,14064,100624,2112,3960,960,2112,35072
256x256x256w15-16-16,256,256,256,15,16,16,15-16-16,M00,4096,128,16,16,128,15,11776,102912,2048,1920,1920,2048,35072
256x256x256w15-8-34,256,256,256,15,8,34,15-8-34,M0K,4352,272,8,34,64,15,14432,100256,2176,4080,960,2176,35072
256x256x256w15-8-32,256,256,256,15,8,32,15-8-32,M00,4096,256,8,32,64,15,13696,100992,2048,3840,960,2048,35072
256x256x256w15-32-8,256,256,256,15,32,8,15-32-8,M00,4096,64,32,8,256,15,13696,100992,2048,960,3840,2048,35072
256x256x256w15-8-35,256,256,256,15,8,35,15-8-35,M0K,4480,280,8,35,64,15,14800,99888,2240,4200,960,2240,35072
256x256x256w15-8-36,256,256,256,15,8,36,15-8-36,M0K,4608,288,8,36,64,15,15168,99520,2304,4320,960,2304,35072
256x256x256w9-40-12,256,256,256,9,40,12,9-40-12,MNK,7680,96,40,12,320,9,15168,99520,3840,864,2880,3840,35112
256x256x256w9-24-19,256,256,256,9,24,19,9-24-19,MNK,7296,152,24,19,192,9,13488,101200,3648,1368,1728,3648,35112
256x256x256w21-8-25,256,256,256,21,8,25,21-8-25,M0K,3200,400,8,25,128,21,14288,100400,1600,4200,1344,1600,35200
256x256x256w21-8-24,256,256,256,21,8,24,21-8-24,M0K,3072,384,8,24,128,21,13824,100864,1536,4032,1344,1536,35200
256x256x256w21-16-12,256,256,256,21,16,12,21-16-12,M0K,3072,192,16,12,256,21,12480,102208,1536,2016,2688,1536,35200
256x256x256w13-24-13,256,256,256,13,24,13,13-24-13,MNK,4992,104,24,13,192,13,12688,102000,2496,1352,2496,2496,35200
256x256x256w21-24-8,256,256,256,21,24,8,21-24-8,MN0,3072,128,24,8,384,21,13824,100864,1536,1344,4032,1536,35200
256x256x256w18-16-14,256,256,256,18,16,14,18-16-14,M0K,3584,224,16,14,256,18,12224,102464,1792,2016,2304,1792,35264
256x256x256w28-16-9,256,256,256,28,16,9,28-16-9,M0K,2304,216,16,9,384,28,13504,101184,1152,2016,3584,1152,35264
256x256x256w50-8-11,256,256,256,50,8,11,50-8-11,M0K,1408,528,8,11,384,50,16608,98080,704,4400,3200,704,35328
256x256x256w14-16-18,256,256,256,14,16,18,14-16-18,M0K,4608,144,16,18,128,14,12224,102464,2304,2016,1792,2304,35520
256x256x256w9-48-10,256,256,256,9,48,10,9-48-10,MNK,7680,80,48,10,384,9,16032,98656,3840,720,3456,3840,35568
256x256x256w19-24-9,256,256,256,19,24,9,19-24-9,MNK,3456,144,24,9,384,19,13488,101200,1728,1368,3648,1728,35728
256x256x256w25-8-21,256,256,256,25,8,21,25-8-21,M0K,2688,504,8,21,192,25,14288,100400,1344,4200,1600,1344,35776
256x256x256w25-16-10,256,256,256,25,16,10,25-16-10,M0K,2560,240,16,10,384,25,12960,101728,1280,2000,3200,1280,35776
256x256x256w12-16-20,256,256,256,12,16,20,12-16-20,M0K,5120,160,16,20,128,12,12032,102656,2560,1920,1536,2560,35776
256x256x256w12-16-21,256,256,256,12,16,21,12-16-21,M0K,5376,168,16,21,128,12,12480,102208,2688,2016,1536,2688,35776
256x256x256w12-32-10,256,256,256,12,32,10,12-32-10,M0K,5120,80,32,10,256,12,13184,101504,2560,960,3072,2560,35776
256x256x256w25-8-20,256,256,256,25,8,20,25-8-20,M0K,2560,480,8,20,192,25,13760,100928,1280,4000,1600,1280,35776
256x256x256w14-24-12,256,256,256,14,24,12,14-24-12,MNK,4608,96,24,12,192,14,12672,102016,2304,1344,2688,2304,35816
256x256x256w13-8-40,256,256,256,13,8,40,13-8-40,M0K,5120,320,8,40,64,13,15104,99584,2560,4160,832,2560,35840
256x256x256w19-8-28,256,256,256,19,8,28,19-8-28,M0K,3584,448,8,28,128,19,14528,100160,1792,4256,1216,1792,35840
256x256x256w13-16-19,256,256,256,13,16,19,13-16-19,M0K,4864,152,16,19,128,13,12144,102544,2432,1976,1664,2432,35840
256x256x256w27-8-19,256,256,256,27,8,19,27-8-19,M0K,2432,456,8,19,192,27,14096,100592,1216,4104,1728,1216,35840
256x256x256w8-40-13,256,256,256,8,40,13,8-40-13,0NK,8320,104,40,13,320,8,15104,99584,4160,832,2560,4160,35840
256x256x256w13-8-41,256,256,256,13,8,41,13-8-41,M0K,5248,328,8,41,64,13,15440,99248,2624,4264,832,2624,35840
256x256x256w13-40-8,256,256,256,13,40,8,13-40-8,MN0,5120,64,40,8,320,13,15104,99584,2560,832,4160,2560,35840
256x256x256w37-8-13,256,256,256,37,8,13,37-8-13,M0K,1664,416,8,13,256,37,14096,100592,832,3848,2368,832,35840
256x256x256w41-8-13,256,256,256,41,8,13,41-8-13,M0K,1664,520,8,13,320,41,15440,99248,832,4264,2624,832,35840
256x256x256w19-8-27,256,256,256,19,8,27,19-8-27,M0K,3456,432,8,27,128,19,14096,100592,1728,4104,1216,1728,35840
256x256x256w19-8-26,256,256,256,19,8,26,19-8-26,M0K,3328,416,8,26,128,19,13664,101024,1664,3952,1216,1664,35840
256x256x256w13-8-39,256,256,256,13,8,39,13-8-39,M0K,4992,312,8,39,64,13,14768,99920,2496,4056,832,2496,35840
256x256x256w40-8-13,256,256,256,40,8,13,40-8-13,M0K,1664,520,8,13,320,40,15104,99584,832,4160,2560,832,35840
256x256x256w19-16-13,256,256,256,19,16,13,19-16-13,M0K,3328,208,16,13,256,19,12144,102544,1664,1976,2432,1664,35840
256x256x256w13-8-38,256,256,256,13,8,38,13-8-38,M0K,4864,304,8,38,64,13,14432,100256,2432,3952,832,2432,35840
256x256x256w13-8-37,256,256,256,13,8,37,13-8-37,M0K,4736,296,8,37,64,13,14096,100592,2368,3848,832,2368,35840
256x256x256w13-8-42,256,256,256,13,8,42,13-8-42,M0K,5376,336,8,42,64,13,15776,98912,2688,4368,832,2688,35840
256x256x256w38-8-13,256,256,256,38,8,13,38-8-13,M0K,1664,416,8,13,256,38,14432,100256,832,3952,2432,832,35840
256x256x256w26-8-19,256,256,256,26,8,19,26-8-19,M0K,2432,456,8,19,192,26,13664,101024,1216,3952,1664,1216,35840
256x256x256w39-8-13,256,256,256,39,8,13,39-8-13,M0K,1664,416,8,13,256,39,14768,99920,832,4056,2496,832,35840
256x256x256w10-48-9,256,256,256,10,48,9,10-48-9,MNK,6912,72,48,9,384,10,16032,98656,3456,720,3840,3456,35844
256x256x256w11-8-45,256,256,256,11,8,45,11-8-45,M0K,5760,360,8,45,64,11,15088,99600,2880,3960,704,2880,35904
256x256x256w11-48-8,256,256,256,11,48,8,11-48-8,MN0,6144,64,48,8,384,11,16000,98688,3072,704,4224,3072,35904
256x256x256w11-16-22,256,256,256,11,16,22,11-16-22,M0K,5632,176,16,22,128,11,12320,102368,2816,1936,1408,2816,35904
256x256x256w11-8-43,256,256,256,11,8,43,11-8-43,M0K,5504,344,8,43,64,11,14480,100208,2752,3784,704,2752,35904
256x256x256w11-8-48,256,256,256,11,8,48,11-8-48,M0K,6144,384,8,48,64,11,16000,98688,3072,4224,704,3072,35904
256x256x256w11-8-46,256,256,256,11,8,46,11-8-46,M0K,5888,368,8,46,64,11,15392,99296,2944,4048,704,2944,35904
256x256x256w11-32-11,256,256,256,11,32,11,11-32-11,M0K,5632,88,32,11,256,11,13200,101488,2816,968,2816,2816,35904
256x256x256w11-16-23,256,256,256,11,16,23,11-16-23,M0K,5888,184,16,23,128,11,12752,101936,2944,2024,1408,2944,35904
256x256x256w11-8-47,256,256,256,11,8,47,11-8-47,M0K,6016,376,8,47,64,11,15696,98992,3008,4136,704,3008,35904
256x256x256w11-8-49,256,256,256,11,8,49,11-8-49,M0K,6272,392,8,49,64,11,16304,98384,3136,4312,704,3136,35904
256x256x256w11-8-50,256,256,256,11,8,50,11-8-50,M0K,6400,400,8,50,64,11,16608,98080,3200,4400,704,3200,35904
256x256x256w11-8-44,256,256,256,11,8,44,11-8-44,M0K,5632,352,8,44,64,11,14784,99904,2816,3872,704,2816,35904
256x256x256w12-24-14,256,256,256,12,24,14,12-24-14,MNK,5376,112,24,14,192,12,12672,102016,2688,1344,2304,2688,35948
256x256x256w15-24-11,256,256,256,15,24,11,15-24-11,MNK,4224,88,24,11,192,15,12624,102064,2112,1320,2880,2112,36168
256x256x256w10-16-25,256,256,256,10,16,25,10-16-25,M0K,6400,200,16,25,128,10,12960,101728,3200,2000,1280,3200,36256
256x256x256w10-24-16,256,256,256,10,24,16,10-24-16,MN0,6144,128,24,16,192,10,12544,102144,3072,1280,1920,3072,36256
256x256x256w10-32-12,256,256,256,10,32,12,10-32-12,M0K,6144,96,32,12,256,10,13184,101504,3072,960,2560,3072,36256
256x256x256w10-16-24,256,256,256,10,16,24,10-16-24,M0K,6144,192,16,24,128,10,12544,102144,3072,1920,1280,3072,36256
256x256x256w9-8-56,256,256,256,9,8,56,9-8-56,M0K,7168,448,8,56,64,9,16384,98304,3584,4032,576,3584,36480
256x256x256w28-8-18,256,256,256,28,8,18,28-8-18,M0K,2304,432,8,18,192,28,13952,100736,1152,4032,1792,1152,36480
256x256x256w9-16-27,256,256,256,9,16,27,9-16-27,M0K,6912,216,16,27,128,9,13104,101584,3456,1944,1152,3456,36480
256x256x256w9-8-60,256,256,256,9,8,60,9-8-60,M0K,7680,480,8,60,64,9,17472,97216,3840,4320,576,3840,36480
256x256x256w9-8-54,256,256,256,9,8,54,9-8-54,M0K,6912,432,8,54,64,9,15840,98848,3456,3888,576,3456,36480
256x256x256w9-8-58,256,256,256,9,8,58,9-8-58,M0K,7424,464,8,58,64,9,16928,97760,3712,4176,576,3712,36480
256x256x256w9-16-28,256,256,256,9,16,28,9-16-28,M0K,7168,224,16,28,128,9,13504,101184,3584,2016,1152,3584,36480
256x256x256w9-8-59,256,256,256,9,8,59,9-8-59,M0K,7552,472,8,59,64,9,17200,97488,3776,4248,576,3776,36480
256x256x256w9-8-53,256,256,256,9,8,53,9-8-53,M0K,6784,424,8,53,64,9,15568,99120,3392,3816,576,3392,36480
256x256x256w36-8-14,256,256,256,36,8,14,36-8-14,M0K,1792,448,8,14,256,36,14464,100224,896,4032,2304,896,36480
256x256x256w9-8-62,256,256,256,9,8,62,9-8-62,M0K,7936,496,8,62,64,9,18016,96672,3968,4464,576,3968,36480
256x256x256w9-8-63,256,256,256,9,8,63,9-8-63,M0K,8064,504,8,63,64,9,18288,96400,4032,4536,576,4032,36480
256x256x256w9-32-13,256,256,256,9,32,13,9-32-13,M0K,6656,104,32,13,256,9,13136,101552,3328,936,2304,3328,36480
256x256x256w9-8-52,256,256,256,9,8,52,9-8-52,M0K,6656,416,8,52,64,9,15296,99392,3328,3744,576,3328,36480
256x256x256w9-16-26,256,256,256,9,16,26,9-16-26,M0K,6656,208,16,26,128,9,12704,101984,3328,1872,1152,3328,36480
256x256x256w9-56-8,256,256,256,9,56,8,9-56-8,MN0,7168,64,56,8,448,9,16384,98304,3584,576,4032,3584,36480
256x256x256w9-8-57,256,256,256,9,8,57,9-8-57,M0K,7296,456,8,57,64,9,16656,98032,3648,4104,576,3648,36480
256x256x256w9-8-61,256,256,256,9,8,61,9-8-61,M0K,7808,488,8,61,64,9,17744,96944,3904,4392,576,3904,36480
256x256x256w9-8-55,256,256,256,9,8,55,9-8-55,M0K,7040,440,8,55,64,9,16112,98576,3520,3960,576,3520,36480
256x256x256w20-24-8,256,256,256,20,24,8,20-24-8,MN0,3072,128,24,8,384,20,13312,101376,1536,1280,3840,1536,36608
256x256x256w8-24-21,256,256,256,8,24,21,8-24-21,0NK,8064,168,24,21,192,8,13824,100864,4032,1344,1536,4032,36608
256x256x256w8-24-20,256,256,256,8,24,20,8-24-20,0NK,7680,160,24,20,192,8,13312,101376,3840,1280,1536,3840,36608
256x256x256w24-8-20,256,256,256,24,8,20,24-8-20,M0K,2560,480,8,20,192,24,13312,101376,1280,3840,1536,1280,36608
256x256x256w16-24-10,256,256,256,16,24,10,16-24-10,0NK,3840,160,24,10,384,16,12544,102144,1920,1280,3072,1920,36608
256x256x256w24-8-21,256,256,256,24,8,21,24-8-21,M0K,2688,504,8,21,192,24,13824,100864,1344,4032,1536,1344,36608
256x256x256w20-8-25,256,256,256,20,8,25,20-8-25,M0K,3200,400,8,25,128,20,13760,100928,1600,4000,1280,1600,36608
256x256x256w20-8-24,256,256,256,20,8,24,20-8-24,M0K,3072,384,8,24,128,20,13312,101376,1536,3840,1280,1536,36608
256x256x256w42-8-12,256,256,256,42,8,12,42-8-12,M0K,1536,480,8,12,320,42,14976,99712,768,4032,2688,768,36608
256x256x256w20-16-12,256,256,256,20,16,12,20-16-12,M0K,3072,192,16,12,256,20,12032,102656,1536,1920,2560,1536,36608
256x256x256w24-16-10,256,256,256,24,16,10,24-16-10,M0K,2560,240,16,10,384,24,12544,102144,1280,1920,3072,1280,36608
256x256x256w17-16-14,256,256,256,17,16,14,17-16-14,M0K,3584,224,16,14,256,17,11744,102944,1792,1904,2176,1792,36784
256x256x256w31-16-8,256,256,256,31,16,8,31-16-8,M00,2048,192,16,8,384,31,13952,100736,1024,1984,3968,1024,36864
256x256x256w8-16-31,256,256,256,8,16,31,8-16-31,00K,7936,248,16,31,128,8,13952,100736,3968,1984,1024,3968,36864
256x256x256w16-8-30,256,256,256,16,8,30,16-8-30,00K,3840,480,8,30,128,16,13568,101120,1920,3840,1024,1920,36864
256x256x256w30-8-16,256,256,256,30,8,16,30-8-16,M00,2048,384,8,16,192,30,13568,101120,1024,3840,1920,1024,36864
256x256x256w8-16-29,256,256,256,8,16,29,8-16-29,00K,7424,232,16,29,128,8,13184,101504,3712,1856,1024,3712,36864
256x256x256w22-16-11,256,256,256,22,16,11,22-16-11,M0K,2816,176,16,11,256,22,12320,102368,1408,1936,2816,1408,36864
256x256x256w43-8-11,256,256,256,43,8,11,43-8-11,M0K,1408,440,8,11,320,43,14480,100208,704,3784,2752,704,36864
256x256x256w47-8-11,256,256,256,47,8,11,47-8-11,M0K,1408,440,8,11,320,47,15696,98992,704,4136,3008,704,36864
256x256x256w44-8-11,256,256,256,44,8,11,44-8-11,M0K,1408,440,8,11,320,44,14784,99904,704,3872,2816,704,36864
256x256x256w22-8-22,256,256,256,22,8,22,22-8-22,M0K,2816,352,8,22,128,22,13376,101312,1408,3872,1408,1408,36864
256x256x256w31-8-16,256,256,256,31,8,16,31-8-16,M00,2048,384,8,16,192,31,13952,100736,1024,3968,1984,1024,36864
256x256x256w22-8-23,256,256,256,22,8,23,22-8-23,M0K,2944,368,8,23,128,22,13856,100832,1472,4048,1408,1472,36864
256x256x256w48-8-11,256,256,256,48,8,11,48-8-11,M0K,1408,528,8,11,384,48,16000,98688,704,4224,3072,704,36864
256x256x256w29-16-8,256,256,256,29,16,8,29-16-8,M00,2048,192,16,8,384,29,13184,101504,1024,1856,3712,1024,36864
256x256x256w49-8-11,256,256,256,49,8,11,49-8-11,M0K,1408,528,8,11,384,49,16304,98384,704,4312,3136,704,36864
256x256x256w16-8-29,256,256,256,16,8,29,16-8-29,00K,3712,464,8,29,128,16,13184,101504,1856,3712,1024,1856,36864
256x256x256w8-16-30,256,256,256,8,16,30,8-16-30,00K,7680,240,16,30,128,8,13568,101120,3840,1920,1024,3840,36864
256x256x256w8-48-11,256,256,256,8,48,11,8-48-11,0NK,8448,88,48,11,384,8,16000,98688,4224,704,3072,4224,36864
256x256x256w46-8-11,256,256,256,46,8,11,46-8-11,M0K,1408,440,8,11,320,46,15392,99296,704,4048,2944,704,36864
256x256x256w16-8-31,256,256,256,16,8,31,16-8-31,00K,3968,496,8,31,128,16,13952,100736,1984,3968,1024,1984,36864
256x256x256w30-16-8,256,256,256,30,16,8,30-16-8,M00,2048,192,16,8,384,30,13568,101120,1024,1920,3840,1024,36864
256x256x256w29-8-16,256,256,256,29,8,16,29-8-16,M00,2048,384,8,16,192,29,13184,101504,1024,3712,1856,1024,36864
256x256x256w45-8-11,256,256,256,45,8,11,45-8-11,M0K,1408,440,8,11,320,45,15088,99600,704,3960,2880,704,36864
256x256x256w63-8-8,256,256,256,63,8,8,63-8-8,M00,1024,448,8,8,448,63,17152,97536,512,4032,4032,512,36864
256x256x256w18-24-9,256,256,256,18,24,9,18-24-9,MNK,3456,144,24,9,384,18,12960,101728,1728,1296,3456,1728,37004
256x256x256w13-32-9,256,256,256,13,32,9,13-32-9,M0K,4608,72,32,9,256,13,13136,101552,2304,936,3328,2304,37120
256x256x256w18-8-26,256,256,256,18,8,26,18-8-26,M0K,3328,416,8,26,128,18,13120,101568,1664,3744,1152,1664,37120
256x256x256w8-56-9,256,256,256,8,56,9,8-56-9,0NK,8064,72,56,9,448,8,16384,98304,4032,576,3584,4032,37120
256x256x256w58-8-9,256,256,256,58,8,9,58-8-9,M0K,1152,504,8,9,448,58,16928,97760,576,4176,3712,576,37120
256x256x256w57-8-9,256,256,256,57,8,9,57-8-9,M0K,1152,504,8,9,448,57,16656,98032,576,4104,3648,576,37120
256x256x256w60-8-9,256,256,256,60,8,9,60-8-9,M0K,1152,504,8,9,448,60,17472,97216,576,4320,3840,576,37120
256x256x256w53-8-9,256,256,256,53,8,9,53-8-9,M0K,1152,432,8,9,384,53,15568,99120,576,3816,3392,576,37120
256x256x256w26-16-9,256,256,256,26,16,9,26-16-9,M0K,2304,216,16,9,384,26,12704,101984,1152,1872,3328,1152,37120
256x256x256w52-8-9,256,256,256,52,8,9,52-8-9,M0K,1152,432,8,9,384,52,15296,99392,576,3744,3328,576,37120
256x256x256w56-8-9,256,256,256,56,8,9,56-8-9,M0K,1152,504,8,9,448,56,16384,98304,576,4032,3584,576,37120
256x256x256w62-8-9,256,256,256,62,8,9,62-8-9,M0K,1152,504,8,9,448,62,18016,96672,576,4464,3968,576,37120
256x256x256w54-8-9,256,256,256,54,8,9,54-8-9,M0K,1152,432,8,9,384,54,15840,98848,576,3888,3456,576,37120
256x256x256w59-8-9,256,256,256,59,8,9,59-8-9,M0K,1152,504,8,9,448,59,17200,97488,576,4248,3776,576,37120
256x256x256w18-8-28,256,256,256,18,8,28,18-8-28,M0K,3584,448,8,28,128,18,13952,100736,1792,4032,1152,1792,37120
256x256x256w61-8-9,256,256,256,61,8,9,61-8-9,M0K,1152,504,8,9,448,61,17744,96944,576,4392,3904,576,37120
256x256x256w18-16-13,256,256,256,18,16,13,18-16-13,M0K,3328,208,16,13,256,18,11680,103008,1664,1872,2304,1664,37120
256x256x256w55-8-9,256,256,256,55,8,9,55-8-9,M0K,1152,432,8,9,384,55,16112,98576,576,3960,3520,576,37120
256x256x256w27-16-9,256,256,256,27,16,9,27-16-9,M0K,2304,216,16,9,384,27,13104,101584,1152,1944,3456,1152,37120
256x256x256w18-8-27,256,256,256,18,8,27,18-8-27,M0K,3456,432,8,27,128,18,13536,101152,1728,3888,1152,1728,37120
256x256x256w10-40-10,256,256,256,10,40,10,10-40-10,MNK,6400,80,40,10,320,10,14400,100288,3200,800,3200,3200,37492
256x256x256w9-24-18,256,256,256,9,24,18,9-24-18,MNK,6912,144,24,18,192,9,12960,101728,3456,1296,1728,3456,37620
256x256x256w12-24-13,256,256,256,12,24,13,12-24-13,MNK,4992,104,24,13,192,12,12096,102592,2496,1248,2304,2496,37840
256x256x256w23-8-21,256,256,256,23,8,21,23-8-21,M0K,2688,336,8,21,128,23,13360,101328,1344,3864,1472,1344,37856
256x256x256w23-8-20,256,256,256,23,8,20,23-8-20,M0K,2560,320,8,20,128,23,12864,101824,1280,3680,1472,1280,37856
256x256x256w23-16-10,256,256,256,23,16,10,23-16-10,M0K,2560,160,16,10,256,23,12128,102560,1280,1840,2944,1280,37856
256x256x256w14-16-16,256,256,256,14,16,16,14-16-16,M00,4096,128,16,16,128,14,11264,103424,2048,1792,1792,2048,37888
256x256x256w14-8-36,256,256,256,14,8,36,14-8-36,M0K,4608,288,8,36,64,14,14464,100224,2304,4032,896,2304,37888
256x256x256w14-8-35,256,256,256,14,8,35,14-8-35,M0K,4480,280,8,35,64,14,14112,100576,2240,3920,896,2240,37888
256x256x256w14-8-32,256,256,256,14,8,32,14-8-32,M00,4096,256,8,32,64,14,13056,101632,2048,3584,896,2048,37888
256x256x256w14-8-34,256,256,256,14,8,34,14-8-34,M0K,4352,272,8,34,64,14,13760,100928,2176,3808,896,2176,37888
256x256x256w14-8-33,256,256,256,14,8,33,14-8-33,M0K,4224,264,8,33,64,14,13408,101280,2112,3696,896,2112,37888
256x256x256w14-32-8,256,256,256,14,32,8,14-32-8,M00,4096,64,32,8,256,14,13056,101632,2048,896,3584,2048,37888
256x256x256w11-40-9,256,256,256,11,40,9,11-40-9,MNK,5760,72,40,9,320,11,14384,100304,2880,792,3520,2880,37961
256x256x256w51-8-9,256,256,256,51,8,9,51-8-9,M0K,1152,432,8,9,384,51,15024,99664,576,3672,3264,576,38048
256x256x256w50-8-10,256,256,256,50,8,10,50-8-10,M0K,1280,480,8,10,384,50,15680,99008,640,4000,3200,640,38272
256x256x256w9-40-11,256,256,256,9,40,11,9-40-11,MNK,7040,88,40,11,320,9,14384,100304,3520,792,2880,3520,38304
256x256x256w21-8-23,256,256,256,21,8,23,21-8-23,M0K,2944,368,8,23,128,21,13360,101328,1472,3864,1344,1472,38400
256x256x256w36-8-13,256,256,256,36,8,13,36-8-13,M0K,1664,416,8,13,256,36,13760,100928,832,3744,2304,832,38400
256x256x256w21-16-11,256,256,256,21,16,11,21-16-11,M0K,2816,176,16,11,256,21,11888,102800,1408,1848,2688,1408,38400
256x256x256w27-8-18,256,256,256,27,8,18,27-8-18,M0K,2304,432,8,18,192,27,13536,101152,1152,3888,1728,1152,38400
256x256x256w13-16-18,256,256,256,13,16,18,13-16-18,M0K,4608,144,16,18,128,13,11680,103008,2304,1872,1664,2304,38400
256x256x256w21-8-22,256,256,256,21,8,22,21-8-22,M0K,2816,352,8,22,128,21,12896,101792,1408,3696,1344,1408,38400
256x256x256w26-8-18,256,256,256,26,8,18,26-8-18,M0K,2304,432,8,18,192,26,13120,101568,1152,3744,1664,1152,38400
256x256x256w12-16-19,256,256,256,12,16,19,12-16-19,M0K,4864,152,16,19,128,12,11584,103104,2432,1824,1536,2432,38528
256x256x256w12-8-41,256,256,256,12,8,41,12-8-41,M0K,5248,328,8,41,64,12,14656,100032,2624,3936,768,2624,38528
256x256x256w12-40-8,256,256,256,12,40,8,12-40-8,MN0,5120,64,40,8,320,12,14336,100352,2560,768,3840,2560,38528
256x256x256w12-8-37,256,256,256,12,8,37,12-8-37,M0K,4736,296,8,37,64,12,13376,101312,2368,3552,768,2368,38528
256x256x256w12-8-42,256,256,256,12,8,42,12-8-42,M0K,5376,336,8,42,64,12,14976,99712,2688,4032,768,2688,38528
256x256x256w12-8-38,256,256,256,12,8,38,12-8-38,M0K,4864,304,8,38,64,12,13696,100992,2432,3648,768,2432,38528
256x256x256w25-8-19,256,256,256,25,8,19,25-8-19,M0K,2432,456,8,19,192,25,13232,101456,1216,3800,1600,1216,38528
256x256x256w12-8-40,256,256,256,12,8,40,12-8-40,M0K,5120,320,8,40,64,12,14336,100352,2560,3840,768,2560,38528
256x256x256w12-8-39,256,256,256,12,8,39,12-8-39,M0K,4992,312,8,39,64,12,14016,100672,2496,3744,768,2496,38528
256x256x256w17-24-9,256,256,256,17,24,9,17-24-9,MNK,3456,144,24,9,384,17,12432,102256,1728,1224,3264,1728,38599
256x256x256w17-16-13,256,256,256,17,16,13,17-16-13,M0K,3328,208,16,13,256,17,11216,103472,1664,1768,2176,1664,38720
256x256x256w13-24-12,256,256,256,13,24,12,13-24-12,MNK,4608,96,24,12,192,13,12096,102592,2304,1248,2496,2304,38720
256x256x256w17-8-27,256,256,256,17,8,27,17-8-27,M0K,3456,432,8,27,128,17,12976,101712,1728,3672,1088,1728,38720
256x256x256w17-8-28,256,256,256,17,8,28,17-8-28,M0K,3584,448,8,28,128,17,13376,101312,1792,3808,1088,1792,38720
256x256x256w17-8-26,256,256,256,17,8,26,17-8-26,M0K,3328,416,8,26,128,17,12576,102112,1664,3536,1088,1664,38720
256x256x256w11-16-20,256,256,256,11,16,20,11-16-20,M0K,5120,160,16,20,128,11,11456,103232,2560,1760,1408,2560,38896
256x256x256w11-16-21,256,256,256,11,16,21,11-16-21,M0K,5376,168,16,21,128,11,11888,102800,2688,1848,1408,2688,38896
256x256x256w11-32-10,256,256,256,11,32,10,11-32-10,M0K,5120,80,32,10,256,11,12512,102176,2560,880,2816,2560,38896
256x256x256w16-16-14,256,256,256,16,16,14,16-16-14,00K,3584,224,16,14,256,16,11264,103424,1792,1792,2048,1792,38912
256x256x256w28-16-8,256,256,256,28,16,8,28-16-8,M00,2048,192,16,8,384,28,12800,101888,1024,1792,3584,1024,38912
256x256x256w28-8-16,256,256,256,28,8,16,28-8-16,M00,2048,384,8,16,192,28,12800,101888,1024,3584,1792,1024,38912
256x256x256w32-8-14,256,256,256,32,8,14,32-8-14,00K,1792,448,8,14,256,32,13056,101632,896,3584,2048,896,38912
256x256x256w34-8-14,256,256,256,34,8,14,34-8-14,M0K,1792,448,8,14,256,34,13760,100928,896,3808,2176,896,38912
256x256x256w35-8-14,256,256,256,35,8,14,35-8-14,M0K,1792,448,8,14,256,35,14112,100576,896,3920,2240,896,38912
256x256x256w8-32-14,256,256,256,8,32,14,8-32-14,00K,7168,112,32,14,256,8,13056,101632,3584,896,2048,3584,38912
256x256x256w33-8-14,256,256,256,33,8,14,33-8-14,M0K,1792,448,8,14,256,33,13408,101280,896,3696,2112,896,38912
256x256x256w14-24-11,256,256,256,14,24,11,14-24-11,MNK,4224,88,24,11,192,14,12064,102624,2112,1232,2688,2112,39072
256x256x256w11-24-14,256,256,256,11,24,14,11-24-14,MNK,5376,112,24,14,192,11,12064,102624,2688,1232,2112,2688,39083
256x256x256w15-24-10,256,256,256,15,24,10,15-24-10,MNK,3840,80,24,10,192,15,12000,102688,1920,1200,2880,1920,39182
256x256x256w19-24-8,256,256,256,19,24,8,19-24-8,MN0,3072,128,24,8,384,19,12800,101888,1536,1216,3648,1536,39424
256x256x256w19-8-25,256,256,256,19,8,25,19-8-25,M0K,3200,400,8,25,128,19,13232,101456,1600,3800,1216,1600,39424
256x256x256w24-8-19,256,256,256,24,8,19,24-8-19,M0K,2432,456,8,19,192,24,12800,101888,1216,3648,1536,1216,39424
256x256x256w8-40-12,256,256,256,8,40,12,8-40-12,0NK,7680,96,40,12,320,8,14336,100352,3840,768,2560,3840,39424
256x256x256w19-8-24,256,256,256,19,8,24,19-8-24,M0K,3072,384,8,24,128,19,12800,101888,1536,3648,1216,1536,39424
256x256x256w38-8-12,256,256,256,38,8,12,38-8-12,M0K,1536,384,8,12,256,38,13696,100992,768,3648,2432,768,39424
256x256x256w41-8-12,256,256,256,41,8,12,41-8-12,M0K,1536,480,8,12,320,41,14656,100032,768,3936,2624,768,39424
256x256x256w39-8-12,256,256,256,39,8,12,39-8-12,M0K,1536,384,8,12,256,39,14016,100672,768,3744,2496,768,39424
256x256x256w40-8-12,256,256,256,40,8,12,40-8-12,M0K,1536,480,8,12,320,40,14336,100352,768,3840,2560,768,39424
256x256x256w37-8-12,256,256,256,37,8,12,37-8-12,M0K,1536,384,8,12,256,37,13376,101312,768,3552,2368,768,39424
256x256x256w8-24-19,256,256,256,8,24,19,8-24-19,0NK,7296,152,24,19,192,8,12800,101888,3648,1216,1536,3648,39424
256x256x256w19-16-12,256,256,256,19,16,12,19-16-12,M0K,3072,192,16,12,256,19,11584,103104,1536,1824,2432,1536,39424
256x256x256w15-8-30,256,256,256,15,8,30,15-8-30,M0K,3840,240,8,30,64,15,12960,101728,1920,3600,960,1920,39456
256x256x256w15-8-29,256,256,256,15,8,29,15-8-29,M0K,3712,232,8,29,64,15,12592,102096,1856,3480,960,1856,39456
256x256x256w15-8-31,256,256,256,15,8,31,15-8-31,M0K,3968,248,8,31,64,15,13328,101360,1984,3720,960,1984,39456
256x256x256w10-8-44,256,256,256,10,8,44,10-8-44,M0K,5632,352,8,44,64,10,13952,100736,2816,3520,640,2816,39552
256x256x256w10-16-22,256,256,256,10,16,22,10-16-22,M0K,5632,176,16,22,128,10,11712,102976,2816,1760,1280,2816,39552
256x256x256w10-32-11,256,256,256,10,32,11,10-32-11,M0K,5632,88,32,11,256,10,12512,102176,2816,880,2560,2816,39552
256x256x256w10-8-43,256,256,256,10,8,43,10-8-43,M0K,5504,344,8,43,64,10,13664,101024,2752,3440,640,2752,39552
256x256x256w10-8-46,256,256,256,10,8,46,10-8-46,M0K,5888,368,8,46,64,10,14528,100160,2944,3680,640,2944,39552
256x256x256w10-16-23,256,256,256,10,16,23,10-16-23,M0K,5888,184,16,23,128,10,12128,102560,2944,1840,1280,2944,39552
256x256x256w10-8-45,256,256,256,10,8,45,10-8-45,M0K,5760,360,8,45,64,10,14240,100448,2880,3600,640,2880,39552
256x256x256w10-8-47,256,256,256,10,8,47,10-8-47,M0K,6016,376,8,47,64,10,14816,99872,3008,3760,640,3008,39552
256x256x256w10-8-50,256,256,256,10,8,50,10-8-50,M0K,6400,400,8,50,64,10,15680,99008,3200,4000,640,3200,39552
256x256x256w10-8-48,256,256,256,10,8,48,10-8-48,M0K,6144,384,8,48,64,10,15104,99584,3072,3840,640,3072,39552
256x256x256w10-48-8,256,256,256,10,48,8,10-48-8,MN0,6144,64,48,8,384,10,15104,99584,3072,640,3840,3072,39552
256x256x256w10-8-49,256,256,256,10,8,49,10-8-49,M0K,6272,392,8,49,64,10,15392,99296,3136,3920,640,3136,39552
256x256x256w9-48-9,256,256,256,9,48,9,9-48-9,MNK,6912,72,48,9,384,9,15120,99568,3456,648,3456,3456,39672
256x256x256w12-32-9,256,256,256,12,32,9,12-32-9,M0K,4608,72,32,9,256,12,12480,102208,2304,864,3072,2304,39904
256x256x256w25-16-9,256,256,256,25,16,9,25-16-9,M0K,2304,216,16,9,384,25,12304,102384,1152,1800,3200,1152,39904
256x256x256w44-8-10,256,256,256,44,8,10,44-8-10,M0K,1280,400,8,10,320,44,13952,100736,640,3520,2816,640,39936
256x256x256w20-16-11,256,256,256,20,16,11,20-16-11,M0K,2816,176,16,11,256,20,11456,103232,1408,1760,2560,1408,39936
256x256x256w20-8-23,256,256,256,20,8,23,20-8-23,M0K,2944,368,8,23,128,20,12864,101824,1472,3680,1280,1472,39936
256x256x256w47-8-10,256,256,256,47,8,10,47-8-10,M0K,1280,400,8,10,320,47,14816,99872,640,3760,3008,640,39936
256x256x256w46-8-10,256,256,256,46,8,10,46-8-10,M0K,1280,400,8,10,320,46,14528,100160,640,3680,2944,640,39936
256x256x256w8-48-10,256,256,256,8,48,10,8-48-10,0NK,7680,80,48,10,384,8,15104,99584,3840,640,3072,3840,39936
256x256x256w45-8-10,256,256,256,45,8,10,45-8-10,M0K,1280,400,8,10,320,45,14240,100448,640,3600,2880,640,39936
256x256x256w43-8-10,256,256,256,43,8,10,43-8-10,M0K,1280,400,8,10,320,43,13664,101024,640,3440,2752,640,39936
256x256x256w22-8-20,256,256,256,22,8,20,22-8-20,M0K,2560,320,8,20,128,22,12416,102272,1280,3520,1408,1280,39936
256x256x256w42-8-11,256,256,256,42,8,11,42-8-11,M0K,1408,440,8,11,320,42,14176,100512,704,3696,2688,704,39936
256x256x256w48-8-10,256,256,256,48,8,10,48-8-10,M0K,1280,480,8,10,384,48,15104,99584,640,3840,3072,640,39936
256x256x256w22-8-21,256,256,256,22,8,21,22-8-21,M0K,2688,336,8,21,128,22,12896,101792,1344,3696,1408,1344,39936
256x256x256w20-8-22,256,256,256,20,8,22,20-8-22,M0K,2816,352,8,22,128,20,12416,102272,1408,3520,1280,1408,39936
256x256x256w22-16-10,256,256,256,22,16,10,22-16-10,M0K,2560,160,16,10,256,22,11712,102976,1280,1760,2816,1280,39936
256x256x256w49-8-10,256,256,256,49,8,10,49-8-10,M0K,1280,480,8,10,384,49,15392,99296,640,3920,3136,640,39936
256x256x256w9-32-12,256,256,256,9,32,12,9-32-12,M0K,6144,96,32,12,256,9,12480,102208,3072,864,2304,3072,40128
256x256x256w9-16-24,256,256,256,9,16,24,9-16-24,M0K,6144,192,16,24,128,9,11904,102784,3072,1728,1152,3072,40128
256x256x256w9-16-25,256,256,256,9,16,25,9-16-25,M0K,6400,200,16,25,128,9,12304,102384,3200,1800,1152,3200,40128
256x256x256w9-24-16,256,256,256,9,24,16,9-24-16,MN0,6144,128,24,16,192,9,11904,102784,3072,1152,1728,3072,40128
256x256x256w23-8-19,256,256,256,23,8,19,23-8-19,M0K,2432,304,8,19,128,23,12368,102320,1216,3496,1472,1216,40768
256x256x256w18-16-12,256,256,256,18,16,12,18-16-12,M0K,3072,192,16,12,256,18,11136,103552,1536,1728,2304,1536,40832
256x256x256w18-24-8,256,256,256,18,24,8,18-24-8,MN0,3072,128,24,8,384,18,12288,102400,1536,1152,3456,1536,40832
256x256x256w18-8-25,256,256,256,18,8,25,18-8-25,M0K,3200,400,8,25,128,18,12704,101984,1600,3600,1152,1600,40832
256x256x256w24-16-9,256,256,256,24,16,9,24-16-9,M0K,2304,216,16,9,384,24,11904,102784,1152,1728,3072,1152,40832
256x256x256w16-24-9,256,256,256,16,24,9,16-24-9,0NK,3456,144,24,9,384,16,11904,102784,1728,1152,3072,1728,40832
256x256x256w18-8-24,256,256,256,18,8,24,18-8-24,M0K,3072,384,8,24,128,18,12288,102400,1536,3456,1152,1536,40832
256x256x256w61-8-8,256,256,256,61,8,8,61-8-8,M00,1024,448,8,8,448,61,16640,98048,512,3904,3904,512,40960
256x256x256w56-8-8,256,256,256,56,8,8,56-8-8,M00,1024,448,8,8,448,56,15360,99328,512,3584,3584,512,40960
256x256x256w60-8-8,256,256,256,60,8,8,60-8-8,M00,1024,448,8,8,448,60,16384,98304,512,3840,3840,512,40960
256x256x256w32-8-13,256,256,256,32,8,13,32-8-13,00K,1664,416,8,13,256,32,12416,102272,832,3328,2048,832,40960
256x256x256w8-8-61,256,256,256,8,8,61,8-8-61,00K,7808,488,8,61,64,8,16640,98048,3904,3904,512,3904,40960
256x256x256w13-32-8,256,256,256,13,32,8,13-32-8,M00,4096,64,32,8,256,13,12416,102272,2048,832,3328,2048,40960
256x256x256w8-32-13,256,256,256,8,32,13,8-32-13,00K,6656,104,32,13,256,8,12416,102272,3328,832,2048,3328,40960
256x256x256w57-8-8,256,256,256,57,8,8,57-8-8,M00,1024,448,8,8,448,57,15616,99072,512,3648,3648,512,40960
256x256x256w8-8-60,256,256,256,8,8,60,8-8-60,00K,7680,480,8,60,64,8,16384,98304,3840,3840,512,3840,40960
256x256x256w16-8-26,256,256,256,16,8,26,16-8-26,00K,3328,416,8,26,128,16,12032,102656,1664,3328,1024,1664,40960
256x256x256w8-8-53,256,256,256,8,8,53,8-8-53,00K,6784,424,8,53,64,8,14592,100096,3392,3392,512,3392,40960
256x256x256w8-8-58,256,256,256,8,8,58,8-8-58,00K,7424,464,8,58,64,8,15872,98816,3712,3712,512,3712,40960
256x256x256w13-8-35,256,256,256,13,8,35,13-8-35,M0K,4480,280,8,35,64,13,13424,101264,2240,3640,832,2240,40960
256x256x256w8-8-57,256,256,256,8,8,57,8-8-57,00K,7296,456,8,57,64,8,15616,99072,3648,3648,512,3648,40960
256x256x256w13-8-36,256,256,256,13,8,36,13-8-36,M0K,4608,288,8,36,64,13,13760,100928,2304,3744,832,2304,40960
256x256x256w53-8-8,256,256,256,53,8,8,53-8-8,M00,1024,384,8,8,384,53,14592,100096,512,3392,3392,512,40960
256x256x256w8-16-26,256,256,256,8,16,26,8-16-26,00K,6656,208,16,26,128,8,12032,102656,3328,1664,1024,3328,40960
256x256x256w33-8-13,256,256,256,33,8,13,33-8-13,M0K,1664,416,8,13,256,33,12752,101936,832,3432,2112,832,40960
256x256x256w8-56-8,256,256,256,8,56,8,8-56-8,0N0,7168,64,56,8,448,8,15360,99328,3584,512,3584,3584,40960
256x256x256w13-16-16,256,256,256,13,16,16,13-16-16,M00,4096,128,16,16,128,13,10752,103936,2048,1664,1664,2048,40960
256x256x256w59-8-8,256,256,256,59,8,8,59-8-8,M00,1024,448,8,8,448,59,16128,98560,512,3776,3776,512,40960
256x256x256w8-8-59,256,256,256,8,8,59,8-8-59,00K,7552,472,8,59,64,8,16128,98560,3776,3776,512,3776,40960
256x256x256w62-8-8,256,256,256,62,8,8,62-8-8,M00,1024,448,8,8,448,62,16896,97792,512,3968,3968,512,40960
256x256x256w27-8-16,256,256,256,27,8,16,27-8-16,M00,2048,384,8,16,192,27,12416,102272,1024,3456,1728,1024,40960
256x256x256w58-8-8,256,256,256,58,8,8,58-8-8,M00,1024,448,8,8,448,58,15872,98816,512,3712,3712,512,40960
256x256x256w8-16-27,256,256,256,8,16,27,8-16-27,00K,6912,216,16,27,128,8,12416,102272,3456,1728,1024,3456,40960
256x256x256w8-8-62,256,256,256,8,8,62,8-8-62,00K,7936,496,8,62,64,8,16896,97792,3968,3968,512,3968,40960
256x256x256w26-8-16,256,256,256,26,8,16,26-8-16,M00,2048,384,8,16,192,26,12032,102656,1024,3328,1664,1024,40960
256x256x256w8-8-56,256,256,256,8,8,56,8-8-56,00K,7168,448,8,56,64,8,15360,99328,3584,3584,512,3584,40960
256x256x256w34-8-13,256,256,256,34,8,13,34-8-13,M0K,1664,416,8,13,256,34,13088,101600,832,3536,2176,832,40960
256x256x256w27-16-8,256,256,256,27,16,8,27-16-8,M00,2048,192,16,8,384,27,12416,102272,1024,1728,3456,1024,40960
256x256x256w13-8-34,256,256,256,13,8,34,13-8-34,M0K,4352,272,8,34,64,13,13088,101600,2176,3536,832,2176,40960
256x256x256w13-8-33,256,256,256,13,8,33,13-8-33,M0K,4224,264,8,33,64,13,12752,101936,2112,3432,832,2112,40960
256x256x256w8-16-28,256,256,256,8,16,28,8-16-28,00K,7168,224,16,28,128,8,12800,101888,3584,1792,1024,3584,40960
256x256x256w26-16-8,256,256,256,26,16,8,26-16-8,M00,2048,192,16,8,384,26,12032,102656,1024,1664,3328,1024,40960
256x256x256w8-8-55,256,256,256,8,8,55,8-8-55,00K,7040,440,8,55,64,8,15104,99584,3520,3520,512,3520,40960
256x256x256w16-8-27,256,256,256,16,8,27,16-8-27,00K,3456,432,8,27,128,16,12416,102272,1728,3456,1024,1728,40960
256x256x256w16-16-13,256,256,256,16,16,13,16-16-13,00K,3328,208,16,13,256,16,10752,103936,1664,1664,2048,1664,40960
256x256x256w8-8-54,256,256,256,8,8,54,8-8-54,00K,6912,432,8,54,64,8,14848,99840,3456,3456,512,3456,40960
256x256x256w54-8-8,256,256,256,54,8,8,54-8-8,M00,1024,384,8,8,384,54,14848,99840,512,3456,3456,512,40960
256x256x256w8-8-52,256,256,256,8,8,52,8-8-52,00K,6656,416,8,52,64,8,14336,100352,3328,3328,512,3328,40960
256x256x256w13-8-32,256,256,256,13,8,32,13-8-32,M00,4096,256,8,32,64,13,12416,102272,2048,3328,832,2048,40960
256x256x256w55-8-8,256,256,256,55,8,8,55-8-8,M00,1024,384,8,8,384,55,15104,99584,512,3520,3520,512,40960
256x256x256w35-8-13,256,256,256,35,8,13,35-8-13,M0K,1664,416,8,13,256,35,13424,101264,832,3640,2240,832,40960
256x256x256w8-8-63,256,256,256,8,8,63,8-8-63,00K,8064,504,8,63,64,8,17152,97536,4032,4032,512,4032,40960
256x256x256w16-8-28,256,256,256,16,8,28,16-8-28,00K,3584,448,8,28,128,16,12800,101888,1792,3584,1024,1792,40960
256x256x256w52-8-8,256,256,256,52,8,8,52-8-8,M00,1024,384,8,8,384,52,14336,100352,512,3328,3328,512,40960
256x256x256w11-24-13,256,256,256,11,24,13,11-24-13,MNK,4992,104,24,13,192,11,11504,103184,2496,1144,2112,2496,41140
256x256x256w25-8-18,256,256,256,25,8,18,25-8-18,M0K,2304,432,8,18,192,25,12704,101984,1152,3600,1600,1152,41280
256x256x256w12-16-18,256,256,256,12,16,18,12-16-18,M0K,4608,144,16,18,128,12,11136,103552,2304,1728,1536,2304,41280
256x256x256w9-40-10,256,256,256,9,40,10,9-40-10,MNK,6400,80,40,10,320,9,13600,101088,3200,720,2880,3200,41496
256x256x256w21-8-20,256,256,256,21,8,20,21-8-20,M0K,2560,320,8,20,128,21,11968,102720,1280,3360,1344,1280,41600
256x256x256w21-8-21,256,256,256,21,8,21,21-8-21,M0K,2688,336,8,21,128,21,12432,102256,1344,3528,1344,1344,41600
256x256x256w21-16-10,256,256,256,21,16,10,21-16-10,M0K,2560,160,16,10,256,21,11296,103392,1280,1680,2688,1280,41600
256x256x256w12-24-12,256,256,256,12,24,12,12-24-12,MNK,4608,96,24,12,192,12,11520,103168,2304,1152,2304,2304,41624
256x256x256w15-16-14,256,256,256,15,16,14,15-16-14,M0K,3584,112,16,14,128,15,10784,103904,1792,1680,1920,1792,41648
256x256x256w10-40-9,256,256,256,10,40,9,10-40-9,MNK,5760,72,40,9,320,10,13600,101088,2880,720,3200,2880,41818
256x256x256w11-8-39,256,256,256,11,8,39,11-8-39,M0K,4992,312,8,39,64,11,13264,101424,2496,3432,704,2496,41888
256x256x256w11-8-38,256,256,256,11,8,38,11-8-38,M0K,4864,304,8,38,64,11,12960,101728,2432,3344,704,2432,41888
256x256x256w11-40-8,256,256,256,11,40,8,11-40-8,MN0,5120,64,40,8,320,11,13568,101120,2560,704,3520,2560,41888
256x256x256w11-8-40,256,256,256,11,8,40,11-8-40,M0K,5120,320,8,40,64,11,13568,101120,2560,3520,704,2560,41888
256x256x256w11-8-41,256,256,256,11,8,41,11-8-41,M0K,5248,328,8,41,64,11,13872,100816,2624,3608,704,2624,41888
256x256x256w11-16-19,256,256,256,11,16,19,11-16-19,M0K,4864,152,16,19,128,11,11024,103664,2432,1672,1408,2432,41888
256x256x256w11-8-37,256,256,256,11,8,37,11-8-37,M0K,4736,296,8,37,64,11,12656,102032,2368,3256,704,2368,41888
256x256x256w11-8-42,256,256,256,11,8,42,11-8-42,M0K,5376,336,8,42,64,11,14176,100512,2688,3696,704,2688,41888
256x256x256w51-8-8,256,256,256,51,8,8,51-8-8,M00,1024,384,8,8,384,51,14080,100608,512,3264,3264,512,41984
256x256x256w23-16-9,256,256,256,23,16,9,23-16-9,M0K,2304,144,16,9,256,23,11504,103184,1152,1656,2944,1152,42224
256x256x256w36-8-12,256,256,256,36,8,12,36-8-12,M0K,1536,384,8,12,256,36,13056,101632,768,3456,2304,768,42240
256x256x256w13-24-11,256,256,256,13,24,11,13-24-11,MNK,4224,88,24,11,192,13,11504,103184,2112,1144,2496,2112,42240
256x256x256w24-8-18,256,256,256,24,8,18,24-8-18,M0K,2304,432,8,18,192,24,12288,102400,1152,3456,1536,1152,42240
256x256x256w8-24-18,256,256,256,8,24,18,8-24-18,0NK,6912,144,24,18,192,8,12288,102400,3456,1152,1536,3456,42240
256x256x256w14-24-10,256,256,256,14,24,10,14-24-10,MNK,3840,80,24,10,192,14,11456,103232,1920,1120,2688,1920,42328
256x256x256w17-16-12,256,256,256,17,16,12,17-16-12,M0K,3072,192,16,12,256,17,10688,104000,1536,1632,2176,1536,42592
256x256x256w17-8-25,256,256,256,17,8,25,17-8-25,M0K,3200,400,8,25,128,17,12176,102512,1600,3400,1088,1600,42592
256x256x256w17-24-8,256,256,256,17,24,8,17-24-8,MN0,3072,128,24,8,384,17,11776,102912,1536,1088,3264,1536,42592
256x256x256w17-8-24,256,256,256,17,8,24,17-8-24,M0K,3072,384,8,24,128,17,11776,102912,1536,3264,1088,1536,42592
256x256x256w14-8-30,256,256,256,14,8,30,14-8-30,M0K,3840,240,8,30,64,14,12352,102336,1920,3360,896,1920,42624
256x256x256w14-8-31,256,256,256,14,8,31,14-8-31,M0K,3968,248,8,31,64,14,12704,101984,1984,3472,896,1984,42624
256x256x256w14-8-29,256,256,256,14,8,29,14-8-29,M0K,3712,232,8,29,64,14,12000,102688,1856,3248,896,1856,42624
256x256x256w50-8-9,256,256,256,50,8,9,50-8-9,M0K,1152,432,8,9,384,50,14752,99936,576,3600,3200,576,42688
256x256x256w10-32-10,256,256,256,10,32,10,10-32-10,M0K,5120,80,32,10,256,10,11840,102848,2560,800,2560,2560,42848
256x256x256w10-16-21,256,256,256,10,16,21,10-16-21,M0K,5376,168,16,21,128,10,11296,103392,2688,1680,1280,2688,42848
256x256x256w10-16-20,256,256,256,10,16,20,10-16-20,M0K,5120,160,16,20,128,10,10880,103808,2560,1600,1280,2560,42848
256x256x256w22-8-19,256,256,256,22,8,19,22-8-19,M0K,2432,304,8,19,128,22,11936,102752,1216,3344,1408,1216,43008
256x256x256w19-8-23,256,256,256,19,8,23,19-8-23,M0K,2944,368,8,23,128,19,12368,102320,1472,3496,1216,1472,43008
256x256x256w8-40-11,256,256,256,8,40,11,8-40-11,0NK,7040,88,40,11,320,8,13568,101120,3520,704,2560,3520,43008
256x256x256w19-16-11,256,256,256,19,16,11,19-16-11,M0K,2816,176,16,11,256,19,11024,103664,1408,1672,2432,1408,43008
256x256x256w39-8-11,256,256,256,39,8,11,39-8-11,M0K,1408,352,8,11,256,39,13264,101424,704,3432,2496,704,43008
256x256x256w38-8-11,256,256,256,38,8,11,38-8-11,M0K,1408,352,8,11,256,38,12960,101728,704,3344,2432,704,43008
256x256x256w40-8-11,256,256,256,40,8,11,40-8-11,M0K,1408,440,8,11,320,40,13568,101120,704,3520,2560,704,43008
256x256x256w41-8-11,256,256,256,41,8,11,41-8-11,M0K,1408,440,8,11,320,41,13872,100816,704,3608,2624,704,43008
256x256x256w19-8-22,256,256,256,19,8,22,19-8-22,M0K,2816,352,8,22,128,19,11936,102752,1408,3344,1216,1408,43008
256x256x256w37-8-11,256,256,256,37,8,11,37-8-11,M0K,1408,352,8,11,256,37,12656,102032,704,3256,2368,704,43008
256x256x256w10-24-14,256,256,256,10,24,14,10-24-14,MNK,5376,112,24,14,192,10,11456,103232,2688,1120,1920,2688,43054
256x256x256w20-8-21,256,256,256,20,8,21,20-8-21,M0K,2688,336,8,21,128,20,11968,102720,1344,3360,1280,1344,43264
256x256x256w20-16-10,256,256,256,20,16,10,20-16-10,M0K,2560,160,16,10,256,20,10880,103808,1280,1600,2560,1280,43264
256x256x256w42-8-10,256,256,256,42,8,10,42-8-10,M0K,1280,400,8,10,320,42,13376,101312,640,3360,2688,640,43264
256x256x256w20-8-20,256,256,256,20,8,20,20-8-20,M0K,2560,320,8,20,128,20,11520,103168,1280,3200,1280,1280,43264
256x256x256w11-32-9,256,256,256,11,32,9,11-32-9,M0K,4608,72,32,9,256,11,11824,102864,2304,792,2816,2304,43384
256x256x256w23-8-18,256,256,256,23,8,18,23-8-18,M0K,2304,288,8,18,128,23,11872,102816,1152,3312,1472,1152,43680
256x256x256w15-24-9,256,256,256,15,24,9,15-24-9,MNK,3456,72,24,9,192,15,11376,103312,1728,1080,2880,1728,43703
256x256x256w9-8-50,256,256,256,9,8,50,9-8-50,M0K,6400,400,8,50,64,9,14752,99936,3200,3600,576,3200,43776
256x256x256w9-8-47,256,256,256,9,8,47,9-8-47,M0K,6016,376,8,47,64,9,13936,100752,3008,3384,576,3008,43776
256x256x256w9-8-43,256,256,256,9,8,43,9-8-43,M0K,5504,344,8,43,64,9,12848,101840,2752,3096,576,2752,43776
256x256x256w9-8-44,256,256,256,9,8,44,9-8-44,M0K,5632,352,8,44,64,9,13120,101568,2816,3168,576,2816,43776
256x256x256w31-8-14,256,256,256,31,8,14,31-8-14,M0K,1792,336,8,14,192,31,12704,101984,896,3472,1984,896,43776
256x256x256w30-8-14,256,256,256,30,8,14,30-8-14,M0K,1792,336,8,14,192,30,12352,102336,896,3360,1920,896,43776
256x256x256w9-48-8,256,256,256,9,48,8,9-48-8,MN0,6144,64,48,8,384,9,14208,100480,3072,576,3456,3072,43776
256x256x256w9-16-22,256,256,256,9,16,22,9-16-22,M0K,5632,176,16,22,128,9,11104,103584,2816,1584,1152,2816,43776
256x256x256w9-8-45,256,256,256,9,8,45,9-8-45,M0K,5760,360,8,45,64,9,13392,101296,2880,3240,576,2880,43776
256x256x256w9-8-48,256,256,256,9,8,48,9-8-48,M0K,6144,384,8,48,64,9,14208,100480,3072,3456,576,3072,43776
256x256x256w9-32-11,256,256,256,9,32,11,9-32-11,M0K,5632,88,32,11,256,9,11824,102864,2816,792,2304,2816,43776
256x256x256w9-8-49,256,256,256,9,8,49,9-8-49,M0K,6272,392,8,49,64,9,14480,100208,3136,3528,576,3136,43776
256x256x256w29-8-14,256,256,256,29,8,14,29-8-14,M0K,1792,336,8,14,192,29,12000,102688,896,3248,1856,896,43776
256x256x256w9-16-23,256,256,256,9,16,23,9-16-23,M0K,5888,184,16,23,128,9,11504,103184,2944,1656,1152,2944,43776
256x256x256w9-8-46,256,256,256,9,8,46,9-8-46,M0K,5888,368,8,46,64,9,13664,101024,2944,3312,576,2944,43776
256x256x256w15-16-13,256,256,256,15,16,13,15-16-13,M0K,3328,104,16,13,128,15,10288,104400,1664,1560,1920,1664,43840
256x256x256w15-8-26,256,256,256,15,8,26,15-8-26,M0K,3328,208,8,26,64,15,11488,103200,1664,3120,960,1664,43840
256x256x256w15-8-28,256,256,256,15,8,28,15-8-28,M0K,3584,224,8,28,64,15,12224,102464,1792,3360,960,1792,43840
256x256x256w15-8-27,256,256,256,15,8,27,15-8-27,M0K,3456,216,8,27,64,15,11856,102832,1728,3240,960,1728,43840
256x256x256w12-8-35,256,256,256,12,8,35,12-8-35,M0K,4480,280,8,35,64,12,12736,101952,2240,3360,768,2240,44032
256x256x256w12-8-33,256,256,256,12,8,33,12-8-33,M0K,4224,264,8,33,64,12,12096,102592,2112,3168,768,2112,44032
256x256x256w25-16-8,256,256,256,25,16,8,25-16-8,M00,2048,192,16,8,384,25,11648,103040,1024,1600,3200,1024,44032
256x256x256w12-16-16,256,256,256,12,16,16,12-16-16,M00,4096,128,16,16,128,12,10240,104448,2048,1536,1536,2048,44032
256x256x256w25-8-16,256,256,256,25,8,16,25-8-16,M00,2048,384,8,16,192,25,11648,103040,1024,3200,1600,1024,44032
256x256x256w12-8-32,256,256,256,12,8,32,12-8-32,M00,4096,256,8,32,64,12,11776,102912,2048,3072,768,2048,44032
256x256x256w12-32-8,256,256,256,12,32,8,12-32-8,M00,4096,64,32,8,256,12,11776,102912,2048,768,3072,2048,44032
256x256x256w12-8-34,256,256,256,12,8,34,12-8-34,M0K,4352,272,8,34,64,12,12416,102272,2176,3264,768,2176,44032
256x256x256w12-8-36,256,256,256,12,8,36,12-8-36,M0K,4608,288,8,36,64,12,13056,101632,2304,3456,768,2304,44032
256x256x256w45-8-9,256,256,256,45,8,9,45-8-9,M0K,1152,360,8,9,320,45,13392,101296,576,3240,2880,576,44544
256x256x256w43-8-9,256,256,256,43,8,9,43-8-9,M0K,1152,360,8,9,320,43,12848,101840,576,3096,2752,576,44544
256x256x256w44-8-9,256,256,256,44,8,9,44-8-9,M0K,1152,360,8,9,320,44,13120,101568,576,3168,2816,576,44544
256x256x256w46-8-9,256,256,256,46,8,9,46-8-9,M0K,1152,360,8,9,320,46,13664,101024,576,3312,2944,576,44544
256x256x256w18-8-22,256,256,256,18,8,22,18-8-22,M0K,2816,352,8,22,128,18,11456,103232,1408,3168,1152,1408,44544
256x256x256w49-8-9,256,256,256,49,8,9,49-8-9,M0K,1152,432,8,9,384,49,14480,100208,576,3528,3136,576,44544
256x256x256w22-16-9,256,256,256,22,16,9,22-16-9,M0K,2304,144,16,9,256,22,11104,103584,1152,1584,2816,1152,44544
256x256x256w8-48-9,256,256,256,8,48,9,8-48-9,0NK,6912,72,48,9,384,8,14208,100480,3456,576,3072,3456,44544
256x256x256w48-8-9,256,256,256,48,8,9,48-8-9,M0K,1152,432,8,9,384,48,14208,100480,576,3456,3072,576,44544
256x256x256w18-8-23,256,256,256,18,8,23,18-8-23,M0K,2944,368,8,23,128,18,11872,102816,1472,3312,1152,1472,44544
256x256x256w47-8-9,256,256,256,47,8,9,47-8-9,M0K,1152,360,8,9,320,47,13936,100752,576,3384,3008,576,44544
256x256x256w18-16-11,256,256,256,18,16,11,18-16-11,M0K,2816,176,16,11,256,18,10592,104096,1408,1584,2304,1408,44544
256x256x256w21-8-19,256,256,256,21,8,19,21-8-19,M0K,2432,304,8,19,128,21,11504,103184,1216,3192,1344,1216,44800
256x256x256w11-16-18,256,256,256,11,16,18,11-16-18,M0K,4608,144,16,18,128,11,10592,104096,2304,1584,1408,2304,44880
256x256x256w14-16-14,256,256,256,14,16,14,14-16-14,M0K,3584,112,16,14,128,14,10304,104384,1792,1568,1792,1792,44992
256x256x256w32-8-12,256,256,256,32,8,12,32-8-12,00K,1536,384,8,12,256,32,11776,102912,768,3072,2048,768,45056
256x256x256w8-16-24,256,256,256,8,16,24,8-16-24,00K,6144,192,16,24,128,8,11264,103424,3072,1536,1024,3072,45056
256x256x256w16-8-25,256,256,256,16,8,25,16-8-25,00K,3200,400,8,25,128,16,11648,103040,1600,3200,1024,1600,45056
256x256x256w16-24-8,256,256,256,16,24,8,16-24-8,0N0,3072,128,24,8,384,16,11264,103424,1536,1024,3072,1536,45056
256x256x256w8-16-25,256,256,256,8,16,25,8-16-25,00K,6400,200,16,25,128,8,11648,103040,3200,1600,1024,3200,45056
256x256x256w34-8-12,256,256,256,34,8,12,34-8-12,M0K,1536,384,8,12,256,34,12416,102272,768,3264,2176,768,45056
256x256x256w24-8-16,256,256,256,24,8,16,24-8-16,M00,2048,384,8,16,192,24,11264,103424,1024,3072,1536,1024,45056
256x256x256w24-16-8,256,256,256,24,16,8,24-16-8,M00,2048,192,16,8,384,24,11264,103424,1024,1536,3072,1024,45056
256x256x256w16-8-24,256,256,256,16,8,24,16-8-24,00K,3072,384,8,24,128,16,11264,103424,1536,3072,1024,1536,45056
256x256x256w8-24-16,256,256,256,8,24,16,8-24-16,0N0,6144,128,24,16,192,8,11264,103424,3072,1024,1536,3072,45056
256x256x256w33-8-12,256,256,256,33,8,12,33-8-12,M0K,1536,384,8,12,256,33,12096,102592,768,3168,2112,768,45056
256x256x256w35-8-12,256,256,256,35,8,12,35-8-12,M0K,1536,384,8,12,256,35,12736,101952,768,3360,2240,768,45056
256x256x256w8-32-12,256,256,256,8,32,12,8-32-12,00K,6144,96,32,12,256,8,11776,102912,3072,768,2048,3072,45056
256x256x256w16-16-12,256,256,256,16,16,12,16-16-12,00K,3072,192,16,12,256,16,10240,104448,1536,1536,2048,1536,45056
256x256x256w11-24-12,256,256,256,11,24,12,11-24-12,MNK,4608,96,24,12,192,11,10944,103744,2304,1056,2112,2304,45254
256x256x256w10-24-13,256,256,256,10,24,13,10-24-13,MNK,4992,104,24,13,192,10,10912,103776,2496,1040,1920,2496,45320
256x256x256w12-24-11,256,256,256,12,24,11,12-24-11,MNK,4224,88,24,11,192,12,10944,103744,2112,1056,2304,2112,45408
256x256x256w13-24-10,256,256,256,13,24,10,13-24-10,MNK,3840,80,24,10,192,13,10912,103776,1920,1040,2496,1920,45760
256x256x256w13-8-31,256,256,256,13,8,31,13-8-31,M0K,3968,248,8,31,64,13,12080,102608,1984,3224,832,1984,46080
256x256x256w29-8-13,256,256,256,29,8,13,29-8-13,M0K,1664,312,8,13,192,29,11408,103280,832,3016,1856,832,46080
256x256x256w30-8-13,256,256,256,30,8,13,30-8-13,M0K,1664,312,8,13,192,30,11744,102944,832,3120,1920,832,46080
256x256x256w22-8-18,256,256,256,22,8,18,22-8-18,M0K,2304,288,8,18,128,22,11456,103232,1152,3168,1408,1152,46080
256x256x256w13-8-29,256,256,256,13,8,29,13-8-29,M0K,3712,232,8,29,64,13,11408,103280,1856,3016,832,1856,46080
256x256x256w13-8-30,256,256,256,13,8,30,13-8-30,M0K,3840,240,8,30,64,13,11744,102944,1920,3120,832,1920,46080
256x256x256w36-8-11,256,256,256,36,8,11,36-8-11,M0K,1408,352,8,11,256,36,12352,102336,704,3168,2304,704,46080
256x256x256w31-8-13,256,256,256,31,8,13,31-8-13,M0K,1664,312,8,13,192,31,12080,102608,832,3224,1984,832,46080
256x256x256w10-40-8,256,256,256,10,40,8,10-40-8,MN0,5120,64,40,8,320,10,12800,101888,2560,640,3200,2560,46144
256x256x256w10-8-37,256,256,256,10,8,37,10-8-37,M0K,4736,296,8,37,64,10,11936,102752,2368,2960,640,2368,46144
256x256x256w10-8-42,256,256,256,10,8,42,10-8-42,M0K,5376,336,8,42,64,10,13376,101312,2688,3360,640,2688,46144
256x256x256w10-8-39,256,256,256,10,8,39,10-8-39,M0K,4992,312,8,39,64,10,12512,102176,2496,3120,640,2496,46144
256x256x256w10-16-19,256,256,256,10,16,19,10-16-19,M0K,4864,152,16,19,128,10,10464,104224,2432,1520,1280,2432,46144
256x256x256w10-8-40,256,256,256,10,8,40,10-8-40,M0K,5120,320,8,40,64,10,12800,101888,2560,3200,640,2560,46144
256x256x256w10-8-41,256,256,256,10,8,41,10-8-41,M0K,5248,328,8,41,64,10,13088,101600,2624,3280,640,2624,46144
256x256x256w10-8-38,256,256,256,10,8,38,10-8-38,M0K,4864,304,8,38,64,10,12224,102464,2432,3040,640,2432,46144
256x256x256w28-8-14,256,256,256,28,8,14,28-8-14,M0K,1792,336,8,14,192,28,11648,103040,896,3136,1792,896,46208
256x256x256w9-40-9,256,256,256,9,40,9,9-40-9,MNK,5760,72,40,9,320,9,12816,101872,2880,648,2880,2880,46284
256x256x256w21-16-9,256,256,256,21,16,9,21-16-9,M0K,2304,144,16,9,256,21,10704,103984,1152,1512,2688,1152,46400
256x256x256w17-8-22,256,256,256,17,8,22,17-8-22,M0K,2816,352,8,22,128,17,10976,103712,1408,2992,1088,1408,46464
256x256x256w17-8-23,256,256,256,17,8,23,17-8-23,M0K,2944,368,8,23,128,17,11376,103312,1472,3128,1088,1472,46464
256x256x256w17-16-11,256,256,256,17,16,11,17-16-11,M0K,2816,176,16,11,256,17,10160,104528,1408,1496,2176,1408,46464
256x256x256w19-8-20,256,256,256,19,8,20,19-8-20,M0K,2560,320,8,20,128,19,11072,103616,1280,3040,1216,1280,46592
256x256x256w23-16-8,256,256,256,23,16,8,23-16-8,M00,2048,128,16,8,256,23,10880,103808,1024,1472,2944,1024,46592
256x256x256w38-8-10,256,256,256,38,8,10,38-8-10,M0K,1280,320,8,10,256,38,12224,102464,640,3040,2432,640,46592
256x256x256w19-16-10,256,256,256,19,16,10,19-16-10,M0K,2560,160,16,10,256,19,10464,104224,1280,1520,2432,1280,46592
256x256x256w41-8-10,256,256,256,41,8,10,41-8-10,M0K,1280,400,8,10,320,41,13088,101600,640,3280,2624,640,46592
256x256x256w40-8-10,256,256,256,40,8,10,40-8-10,M0K,1280,400,8,10,320,40,12800,101888,640,3200,2560,640,46592
256x256x256w20-8-19,256,256,256,20,8,19,20-8-19,M0K,2432,304,8,19,128,20,11072,103616,1216,3040,1280,1216,46592
256x256x256w19-8-21,256,256,256,19,8,21,19-8-21,M0K,2688,336,8,21,128,19,11504,103184,1344,3192,1216,1344,46592
256x256x256w23-8-16,256,256,256,23,8,16,23-8-16,M00,2048,256,8,16,128,23,10880,103808,1024,2944,1472,1024,46592
256x256x256w39-8-10,256,256,256,39,8,10,39-8-10,M0K,1280,320,8,10,256,39,12512,102176,640,3120,2496,640,46592
256x256x256w8-40-10,256,256,256,8,40,10,8-40-10,0NK,6400,80,40,10,320,8,12800,101888,3200,640,2560,3200,46592
256x256x256w37-8-10,256,256,256,37,8,10,37-8-10,M0K,1280,320,8,10,256,37,11936,102752,640,2960,2368,640,46592
256x256x256w50-8-8,256,256,256,50,8,8,50-8-8,M00,1024,384,8,8,384,50,13824,100864,512,3200,3200,512,47104
256x256x256w14-24-9,256,256,256,14,24,9,14-24-9,MNK,3456,72,24,9,192,14,10848,103840,1728,1008,2688,1728,47212
256x256x256w14-8-28,256,256,256,14,8,28,14-8-28,M0K,3584,224,8,28,64,14,11648,103040,1792,3136,896,1792,47360
256x256x256w14-16-13,256,256,256,14,16,13,14-16-13,M0K,3328,104,16,13,128,14,9824,104864,1664,1456,1792,1664,47360
256x256x256w14-8-27,256,256,256,14,8,27,14-8-27,M0K,3456,216,8,27,64,14,11296,103392,1728,3024,896,1728,47360
256x256x256w14-8-26,256,256,256,14,8,26,14-8-26,M0K,3328,208,8,26,64,14,10944,103744,1664,2912,896,1664,47360
256x256x256w9-16-20,256,256,256,9,16,20,9-16-20,M0K,5120,160,16,20,128,9,10304,104384,2560,1440,1152,2560,47424
256x256x256w9-16-21,256,256,256,9,16,21,9-16-21,M0K,5376,168,16,21,128,9,10704,103984,2688,1512,1152,2688,47424
256x256x256w9-32-10,256,256,256,9,32,10,9-32-10,M0K,5120,80,32,10,256,9,11168,103520,2560,720,2304,2560,47424
256x256x256w9-24-14,256,256,256,9,24,14,9-24-14,MNK,5376,112,24,14,192,9,10848,103840,2688,1008,1728,2688,47652
256x256x256w10-32-9,256,256,256,10,32,9,10-32-9,M0K,4608,72,32,9,256,10,11168,103520,2304,720,2560,2304,47792
256x256x256w11-32-8,256,256,256,11,32,8,11-32-8,M00,4096,64,32,8,256,11,11136,103552,2048,704,2816,2048,47872
256x256x256w11-8-32,256,256,256,11,8,32,11-8-32,M00,4096,256,8,32,64,11,11136,103552,2048,2816,704,2048,47872
256x256x256w11-8-35,256,256,256,11,8,35,11-8-35,M0K,4480,280,8,35,64,11,12048,102640,2240,3080,704,2240,47872
256x256x256w11-8-33,256,256,256,11,8,33,11-8-33,M0K,4224,264,8,33,64,11,11440,103248,2112,2904,704,2112,47872
256x256x256w11-8-34,256,256,256,11,8,34,11-8-34,M0K,4352,272,8,34,64,11,11744,102944,2176,2992,704,2176,47872
256x256x256w11-8-36,256,256,256,11,8,36,11-8-36,M0K,4608,288,8,36,64,11,12352,102336,2304,3168,704,2304,47872
256x256x256w11-16-16,256,256,256,11,16,16,11-16-16,M00,4096,128,16,16,128,11,9728,104960,2048,1408,1408,2048,47872
256x256x256w21-8-18,256,256,256,21,8,18,21-8-18,M0K,2304,288,8,18,128,21,11040,103648,1152,3024,1344,1152,48000
256x256x256w15-8-25,256,256,256,15,8,25,15-8-25,M0K,3200,200,8,25,64,15,11120,103568,1600,3000,960,1600,48224
256x256x256w15-24-8,256,256,256,15,24,8,15-24-8,MN0,3072,64,24,8,192,15,10752,103936,1536,960,2880,1536,48224
256x256x256w15-8-24,256,256,256,15,8,24,15-8-24,M0K,3072,192,8,24,64,15,10752,103936,1536,2880,960,1536,48224
256x256x256w15-16-12,256,256,256,15,16,12,15-16-12,M0K,3072,96,16,12,128,15,9792,104896,1536,1440,1920,1536,48224
256x256x256w20-16-9,256,256,256,20,16,9,20-16-9,M0K,2304,144,16,9,256,20,10304,104384,1152,1440,2560,1152,48256
256x256x256w18-8-21,256,256,256,18,8,21,18-8-21,M0K,2688,336,8,21,128,18,11040,103648,1344,3024,1152,1344,48256
256x256x256w18-16-10,256,256,256,18,16,10,18-16-10,M0K,2560,160,16,10,256,18,10048,104640,1280,1440,2304,1280,48256
256x256x256w42-8-9,256,256,256,42,8,9,42-8-9,M0K,1152,360,8,9,320,42,12576,102112,576,3024,2688,576,48256
256x256x256w18-8-20,256,256,256,18,8,20,18-8-20,M0K,2560,320,8,20,128,18,10624,104064,1280,2880,1152,1280,48256
256x256x256w27-8-14,256,256,256,27,8,14,27-8-14,M0K,1792,336,8,14,192,27,11296,103392,896,3024,1728,896,48640
256x256x256w13-16-14,256,256,256,13,16,14,13-16-14,M0K,3584,112,16,14,128,13,9824,104864,1792,1456,1664,1792,48640
256x256x256w28-8-13,256,256,256,28,8,13,28-8-13,M0K,1664,312,8,13,192,28,11072,103616,832,2912,1792,832,48640
256x256x256w26-8-14,256,256,256,26,8,14,26-8-14,M0K,1792,336,8,14,192,26,10944,103744,896,2912,1664,896,48640
256x256x256w22-16-8,256,256,256,22,16,8,22-16-8,M00,2048,128,16,8,256,22,10496,104192,1024,1408,2816,1024,49152
256x256x256w8-8-46,256,256,256,8,8,46,8-8-46,00K,5888,368,8,46,64,8,12800,101888,2944,2944,512,2944,49152
256x256x256w48-8-8,256,256,256,48,8,8,48-8-8,M00,1024,384,8,8,384,48,13312,101376,512,3072,3072,512,49152
256x256x256w16-8-22,256,256,256,16,8,22,16-8-22,00K,2816,352,8,22,128,16,10496,104192,1408,2816,1024,1408,49152
256x256x256w34-8-11,256,256,256,34,8,11,34-8-11,M0K,1408,352,8,11,256,34,11744,102944,704,2992,2176,704,49152
256x256x256w45-8-8,256,256,256,45,8,8,45-8-8,M00,1024,320,8,8,320,45,12544,102144,512,2880,2880,512,49152
256x256x256w35-8-11,256,256,256,35,8,11,35-8-11,M0K,1408,352,8,11,256,35,12048,102640,704,3080,2240,704,49152
256x256x256w8-16-23,256,256,256,8,16,23,8-16-23,00K,5888,184,16,23,128,8,10880,103808,2944,1472,1024,2944,49152
256x256x256w32-8-11,256,256,256,32,8,11,32-8-11,00K,1408,352,8,11,256,32,11136,103552,704,2816,2048,704,49152
256x256x256w8-8-47,256,256,256,8,8,47,8-8-47,00K,6016,376,8,47,64,8,13056,101632,3008,3008,512,3008,49152
256x256x256w8-16-22,256,256,256,8,16,22,8-16-22,00K,5632,176,16,22,128,8,10496,104192,2816,1408,1024,2816,49152
256x256x256w8-32-11,256,256,256,8,32,11,8-32-11,00K,5632,88,32,11,256,8,11136,103552,2816,704,2048,2816,49152
256x256x256w16-16-11,256,256,256,16,16,11,16-16-11,00K,2816,176,16,11,256,16,9728,104960,1408,1408,2048,1408,49152
256x256x256w44-8-8,256,256,256,44,8,8,44-8-8,M00,1024,320,8,8,320,44,12288,102400,512,2816,2816,512,49152
256x256x256w8-8-45,256,256,256,8,8,45,8-8-45,00K,5760,360,8,45,64,8,12544,102144,2880,2880,512,2880,49152
256x256x256w8-8-44,256,256,256,8,8,44,8-8-44,00K,5632,352,8,44,64,8,12288,102400,2816,2816,512,2816,49152
256x256x256w8-8-50,256,256,256,8,8,50,8-8-50,00K,6400,400,8,50,64,8,13824,100864,3200,3200,512,3200,49152
256x256x256w8-8-48,256,256,256,8,8,48,8-8-48,00K,6144,384,8,48,64,8,13312,101376,3072,3072,512,3072,49152
256x256x256w49-8-8,256,256,256,49,8,8,49-8-8,M00,1024,384,8,8,384,49,13568,101120,512,3136,3136,512,49152
256x256x256w16-8-23,256,256,256,16,8,23,16-8-23,00K,2944,368,8,23,128,16,10880,103808,1472,2944,1024,1472,49152
256x256x256w8-8-43,256,256,256,8,8,43,8-8-43,00K,5504,344,8,43,64,8,12032,102656,2752,2752,512,2752,49152
256x256x256w47-8-8,256,256,256,47,8,8,47-8-8,M00,1024,320,8,8,320,47,13056,101632,512,3008,3008,512,49152
256x256x256w8-8-49,256,256,256,8,8,49,8-8-49,00K,6272,392,8,49,64,8,13568,101120,3136,3136,512,3136,49152
256x256x256w8-48-8,256,256,256,8,48,8,8-48-8,0N0,6144,64,48,8,384,8,13312,101376,3072,512,3072,3072,49152
256x256x256w33-8-11,256,256,256,33,8,11,33-8-11,M0K,1408,352,8,11,256,33,11440,103248,704,2904,2112,704,49152
256x256x256w22-8-16,256,256,256,22,8,16,22-8-16,M00,2048,256,8,16,128,22,10496,104192,1024,2816,1408,1024,49152
256x256x256w46-8-8,256,256,256,46,8,8,46-8-8,M00,1024,320,8,8,320,46,12800,101888,512,2944,2944,512,49152
256x256x256w43-8-8,256,256,256,43,8,8,43-8-8,M00,1024,320,8,8,320,43,12032,102656,512,2752,2752,512,49152
256x256x256w12-24-10,256,256,256,12,24,10,12-24-10,MNK,3840,80,24,10,192,12,10368,104320,1920,960,2304,1920,49192
256x256x256w11-24-11,256,256,256,11,24,11,11-24-11,MNK,4224,88,24,11,192,11,10384,104304,2112,968,2112,2112,49368
256x256x256w10-16-18,256,256,256,10,16,18,10-16-18,M0K,4608,144,16,18,128,10,10048,104640,2304,1440,1280,2304,49440
256x256x256w12-8-29,256,256,256,12,8,29,12-8-29,M0K,3712,232,8,29,64,12,10816,103872,1856,2784,768,1856,49536
256x256x256w12-8-31,256,256,256,12,8,31,12-8-31,M0K,3968,248,8,31,64,12,11456,103232,1984,2976,768,1984,49536
256x256x256w12-8-30,256,256,256,12,8,30,12-8-30,M0K,3840,240,8,30,64,12,11136,103552,1920,2880,768,1920,49536
256x256x256w10-24-12,256,256,256,10,24,12,10-24-12,MNK,4608,96,24,12,192,10,10368,104320,2304,960,1920,2304,49852
256x256x256w36-8-10,256,256,256,36,8,10,36-8-10,M0K,1280,320,8,10,256,36,11648,103040,640,2880,2304,640,49920
256x256x256w20-8-18,256,256,256,20,8,18,20-8-18,M0K,2304,288,8,18,128,20,10624,104064,1152,2880,1280,1152,49920
256x256x256w9-24-13,256,256,256,9,24,13,9-24-13,MNK,4992,104,24,13,192,9,10320,104368,2496,936,1728,2496,50160
256x256x256w19-8-19,256,256,256,19,8,19,19-8-19,M0K,2432,304,8,19,128,19,10640,104048,1216,2888,1216,1216,50176
256x256x256w17-8-21,256,256,256,17,8,21,17-8-21,M0K,2688,336,8,21,128,17,10576,104112,1344,2856,1088,1344,50336
256x256x256w17-16-10,256,256,256,17,16,10,17-16-10,M0K,2560,160,16,10,256,17,9632,105056,1280,1360,2176,1280,50336
256x256x256w17-8-20,256,256,256,17,8,20,17-8-20,M0K,2560,320,8,20,128,17,10176,104512,1280,2720,1088,1280,50336
256x256x256w31-8-12,256,256,256,31,8,12,31-8-12,M0K,1536,288,8,12,192,31,11456,103232,768,2976,1984,768,50688
256x256x256w30-8-12,256,256,256,30,8,12,30-8-12,M0K,1536,288,8,12,192,30,11136,103552,768,2880,1920,768,50688
256x256x256w29-8-12,256,256,256,29,8,12,29-8-12,M0K,1536,288,8,12,192,29,10816,103872,768,2784,1856,768,50688
256x256x256w13-24-9,256,256,256,13,24,9,13-24-9,MNK,3456,72,24,9,192,13,10320,104368,1728,936,2496,1728,51040
256x256x256w9-8-37,256,256,256,9,8,37,9-8-37,M0K,4736,296,8,37,64,9,11216,103472,2368,2664,576,2368,51072
256x256x256w9-8-39,256,256,256,9,8,39,9-8-39,M0K,4992,312,8,39,64,9,11760,102928,2496,2808,576,2496,51072
256x256x256w9-8-40,256,256,256,9,8,40,9-8-40,M0K,5120,320,8,40,64,9,12032,102656,2560,2880,576,2560,51072
256x256x256w9-8-38,256,256,256,9,8,38,9-8-38,M0K,4864,304,8,38,64,9,11488,103200,2432,2736,576,2432,51072
256x256x256w9-8-42,256,256,256,9,8,42,9-8-42,M0K,5376,336,8,42,64,9,12576,102112,2688,3024,576,2688,51072
256x256x256w9-16-19,256,256,256,9,16,19,9-16-19,M0K,4864,152,16,19,128,9,9904,104784,2432,1368,1152,2432,51072
256x256x256w9-40-8,256,256,256,9,40,8,9-40-8,MN0,5120,64,40,8,320,9,12032,102656,2560,576,2880,2560,51072
256x256x256w9-8-41,256,256,256,9,8,41,9-8-41,M0K,5248,328,8,41,64,9,12304,102384,2624,2952,576,2624,51072
256x256x256w13-8-26,256,256,256,13,8,26,13-8-26,M0K,3328,208,8,26,64,13,10400,104288,1664,2704,832,1664,51200
256x256x256w13-16-13,256,256,256,13,16,13,13-16-13,M0K,3328,104,16,13,128,13,9360,105328,1664,1352,1664,1664,51200
256x256x256w13-8-27,256,256,256,13,8,27,13-8-27,M0K,3456,216,8,27,64,13,10736,103952,1728,2808,832,1728,51200
256x256x256w21-8-16,256,256,256,21,8,16,21-8-16,M00,2048,256,8,16,128,21,10112,104576,1024,2688,1344,1024,51200
256x256x256w13-8-28,256,256,256,13,8,28,13-8-28,M0K,3584,224,8,28,64,13,11072,103616,1792,2912,832,1792,51200
256x256x256w26-8-13,256,256,256,26,8,13,26-8-13,M0K,1664,312,8,13,192,26,10400,104288,832,2704,1664,832,51200
256x256x256w27-8-13,256,256,256,27,8,13,27-8-13,M0K,1664,312,8,13,192,27,10736,103952,832,2808,1728,832,51200
256x256x256w21-16-8,256,256,256,21,16,8,21-16-8,M00,2048,128,16,8,256,21,10112,104576,1024,1344,2688,1024,51200
256x256x256w19-16-9,256,256,256,19,16,9,19-16-9,M0K,2304,144,16,9,256,19,9904,104784,1152,1368,2432,1152,51968
256x256x256w18-8-19,256,256,256,18,8,19,18-8-19,M0K,2432,304,8,19,128,18,10208,104480,1216,2736,1152,1216,51968
256x256x256w8-40-9,256,256,256,8,40,9,8-40-9,0NK,5760,72,40,9,320,8,12032,102656,2880,576,2560,2880,51968
256x256x256w38-8-9,256,256,256,38,8,9,38-8-9,M0K,1152,288,8,9,256,38,11488,103200,576,2736,2432,576,51968
256x256x256w40-8-9,256,256,256,40,8,9,40-8-9,M0K,1152,360,8,9,320,40,12032,102656,576,2880,2560,576,51968
256x256x256w37-8-9,256,256,256,37,8,9,37-8-9,M0K,1152,288,8,9,256,37,11216,103472,576,2664,2368,576,51968
256x256x256w39-8-9,256,256,256,39,8,9,39-8-9,M0K,1152,288,8,9,256,39,11760,102928,576,2808,2496,576,51968
256x256x256w41-8-9,256,256,256,41,8,9,41-8-9,M0K,1152,360,8,9,320,41,12304,102384,576,2952,2624,576,51968
256x256x256w14-8-25,256,256,256,14,8,25,14-8-25,M0K,3200,200,8,25,64,14,10592,104096,1600,2800,896,1600,52096
256x256x256w14-16-12,256,256,256,14,16,12,14-16-12,M0K,3072,96,16,12,128,14,9344,105344,1536,1344,1792,1536,52096
256x256x256w14-8-24,256,256,256,14,8,24,14-8-24,M0K,3072,192,8,24,64,14,10240,104448,1536,2688,896,1536,52096
256x256x256w14-24-8,256,256,256,14,24,8,14-24-8,MN0,3072,64,24,8,192,14,10240,104448,1536,896,2688,1536,52096
256x256x256w12-16-14,256,256,256,12,16,14,12-16-14,M0K,3584,112,16,14,128,12,9344,105344,1792,1344,1536,1792,52288
256x256x256w25-8-14,256,256,256,25,8,14,25-8-14,M0K,1792,336,8,14,192,25,10592,104096,896,2800,1600,896,52288
256x256x256w15-8-23,256,256,256,15,8,23,15-8-23,M0K,2944,184,8,23,64,15,10384,104304,1472,2760,960,1472,52608
256x256x256w15-8-22,256,256,256,15,8,22,15-8-22,M0K,2816,176,8,22,64,15,10016,104672,1408,2640,960,1408,52608
256x256x256w15-16-11,256,256,256,15,16,11,15-16-11,M0K,2816,88,16,11,128,15,9296,105392,1408,1320,1920,1408,52608
256x256x256w10-8-34,256,256,256,10,8,34,10-8-34,M0K,4352,272,8,34,64,10,11072,103616,2176,2720,640,2176,52736
256x256x256w10-32-8,256,256,256,10,32,8,10-32-8,M00,4096,64,32,8,256,10,10496,104192,2048,640,2560,2048,52736
256x256x256w10-16-16,256,256,256,10,16,16,10-16-16,M00,4096,128,16,16,128,10,9216,105472,2048,1280,1280,2048,52736
256x256x256w10-8-33,256,256,256,10,8,33,10-8-33,M0K,4224,264,8,33,64,10,10784,103904,2112,2640,640,2112,52736
256x256x256w10-8-32,256,256,256,10,8,32,10-8-32,M00,4096,256,8,32,64,10,10496,104192,2048,2560,640,2048,52736
256x256x256w10-8-36,256,256,256,10,8,36,10-8-36,M0K,4608,288,8,36,64,10,11648,103040,2304,2880,640,2304,52736
256x256x256w10-8-35,256,256,256,10,8,35,10-8-35,M0K,4480,280,8,35,64,10,11360,103328,2240,2800,640,2240,52736
256x256x256w9-32-9,256,256,256,9,32,9,9-32-9,M0K,4608,72,32,9,256,9,10512,104176,2304,648,2304,2304,52896
256x256x256w8-16-21,256,256,256,8,16,21,8-16-21,00K,5376,168,16,21,128,8,10112,104576,2688,1344,1024,2688,53248
256x256x256w34-8-10,256,256,256,34,8,10,34-8-10,M0K,1280,320,8,10,256,34,11072,103616,640,2720,2176,640,53248
256x256x256w16-8-20,256,256,256,16,8,20,16-8-20,00K,2560,320,8,20,128,16,9728,104960,1280,2560,1024,1280,53248
256x256x256w16-16-10,256,256,256,16,16,10,16-16-10,00K,2560,160,16,10,256,16,9216,105472,1280,1280,2048,1280,53248
256x256x256w8-16-20,256,256,256,8,16,20,8-16-20,00K,5120,160,16,20,128,8,9728,104960,2560,1280,1024,2560,53248
256x256x256w8-32-10,256,256,256,8,32,10,8-32-10,00K,5120,80,32,10,256,8,10496,104192,2560,640,2048,2560,53248
256x256x256w42-8-8,256,256,256,42,8,8,42-8-8,M00,1024,320,8,8,320,42,11776,102912,512,2688,2688,512,53248
256x256x256w20-8-16,256,256,256,20,8,16,20-8-16,M00,2048,256,8,16,128,20,9728,104960,1024,2560,1280,1024,53248
256x256x256w32-8-10,256,256,256,32,8,10,32-8-10,00K,1280,320,8,10,256,32,10496,104192,640,2560,2048,640,53248
256x256x256w35-8-10,256,256,256,35,8,10,35-8-10,M0K,1280,320,8,10,256,35,11360,103328,640,2800,2240,640,53248
256x256x256w20-16-8,256,256,256,20,16,8,20-16-8,M00,2048,128,16,8,256,20,9728,104960,1024,1280,2560,1024,53248
256x256x256w16-8-21,256,256,256,16,8,21,16-8-21,00K,2688,336,8,21,128,16,10112,104576,1344,2688,1024,1344,53248
256x256x256w33-8-10,256,256,256,33,8,10,33-8-10,M0K,1280,320,8,10,256,33,10784,103904,640,2640,2112,640,53248
256x256x256w11-24-10,256,256,256,11,24,10,11-24-10,MNK,3840,80,24,10,192,11,9824,104864,1920,880,2112,1920,53482
256x256x256w8-24-14,256,256,256,8,24,14,8-24-14,0NK,5376,112,24,14,192,8,10240,104448,2688,896,1536,2688,53504
256x256x256w28-8-12,256,256,256,28,8,12,28-8-12,M0K,1536,288,8,12,192,28,10496,104192,768,2688,1792,768,53504
256x256x256w24-8-14,256,256,256,24,8,14,24-8-14,M0K,1792,336,8,14,192,24,10240,104448,896,2688,1536,896,53504
256x256x256w19-8-18,256,256,256,19,8,18,19-8-18,M0K,2304,288,8,18,128,19,10208,104480,1152,2736,1216,1152,53760
256x256x256w18-16-9,256,256,256,18,16,9,18-16-9,M0K,2304,144,16,9,256,18,9504,105184,1152,1296,2304,1152,53824
256x256x256w11-8-31,256,256,256,11,8,31,11-8-31,M0K,3968,248,8,31,64,11,10832,103856,1984,2728,704,1984,53856
256x256x256w11-8-29,256,256,256,11,8,29,11-8-29,M0K,3712,232,8,29,64,11,10224,104464,1856,2552,704,1856,53856
256x256x256w11-8-30,256,256,256,11,8,30,11-8-30,M0K,3840,240,8,30,64,11,10528,104160,1920,2640,704,1920,53856
256x256x256w17-8-19,256,256,256,17,8,19,17-8-19,M0K,2432,304,8,19,128,17,9776,104912,1216,2584,1088,1216,54208
256x256x256w10-24-11,256,256,256,10,24,11,10-24-11,MNK,4224,88,24,11,192,10,9824,104864,2112,880,1920,2112,54384
256x256x256w9-16-18,256,256,256,9,16,18,9-16-18,M0K,4608,144,16,18,128,9,9504,105184,2304,1296,1152,2304,54720
256x256x256w12-24-9,256,256,256,12,24,9,12-24-9,MNK,3456,72,24,9,192,12,9792,104896,1728,864,2304,1728,54868
256x256x256w12-16-13,256,256,256,12,16,13,12-16-13,M0K,3328,104,16,13,128,12,8896,105792,1664,1248,1536,1664,55040
256x256x256w12-8-26,256,256,256,12,8,26,12-8-26,M0K,3328,208,8,26,64,12,9856,104832,1664,2496,768,1664,55040
256x256x256w12-8-28,256,256,256,12,8,28,12-8-28,M0K,3584,224,8,28,64,12,10496,104192,1792,2688,768,1792,55040
256x256x256w25-8-13,256,256,256,25,8,13,25-8-13,M0K,1664,312,8,13,192,25,10064,104624,832,2600,1600,832,55040
256x256x256w12-8-27,256,256,256,12,8,27,12-8-27,M0K,3456,216,8,27,64,12,10176,104512,1728,2592,768,1728,55040
256x256x256w9-24-12,256,256,256,9,24,12,9-24-12,MNK,4608,96,24,12,192,9,9792,104896,2304,864,1728,2304,55176
256x256x256w29-8-11,256,256,256,29,8,11,29-8-11,M0K,1408,264,8,11,192,29,10224,104464,704,2552,1856,704,55296
256x256x256w31-8-11,256,256,256,31,8,11,31-8-11,M0K,1408,264,8,11,192,31,10832,103856,704,2728,1984,704,55296
256x256x256w30-8-11,256,256,256,30,8,11,30-8-11,M0K,1408,264,8,11,192,30,10528,104160,704,2640,1920,704,55296
256x256x256w23-8-14,256,256,256,23,8,14,23-8-14,M0K,1792,224,8,14,128,23,9888,104800,896,2576,1472,896,55328
256x256x256w36-8-9,256,256,256,36,8,9,36-8-9,M0K,1152,288,8,9,256,36,10944,103744,576,2592,2304,576,55680
256x256x256w18-8-18,256,256,256,18,8,18,18-8-18,M0K,2304,288,8,18,128,18,9792,104896,1152,2592,1152,1152,55680
256x256x256w17-16-9,256,256,256,17,16,9,17-16-9,M0K,2304,144,16,9,256,17,9104,105584,1152,1224,2176,1152,56144
256x256x256w26-8-12,256,256,256,26,8,12,26-8-12,M0K,1536,288,8,12,192,26,9856,104832,768,2496,1664,768,56320
256x256x256w13-8-24,256,256,256,13,8,24,13-8-24,M0K,3072,192,8,24,64,13,9728,104960,1536,2496,832,1536,56320
256x256x256w13-8-25,256,256,256,13,8,25,13-8-25,M0K,3200,200,8,25,64,13,10064,104624,1600,2600,832,1600,56320
256x256x256w8-24-13,256,256,256,8,24,13,8-24-13,0NK,4992,104,24,13,192,8,9728,104960,2496,832,1536,2496,56320
256x256x256w13-24-8,256,256,256,13,24,8,13-24-8,MN0,3072,64,24,8,192,13,9728,104960,1536,832,2496,1536,56320
256x256x256w13-16-12,256,256,256,13,16,12,13-16-12,M0K,3072,96,16,12,128,13,8896,105792,1536,1248,1664,1536,56320
256x256x256w27-8-12,256,256,256,27,8,12,27-8-12,M0K,1536,288,8,12,192,27,10176,104512,768,2592,1728,768,56320
256x256x256w24-8-13,256,256,256,24,8,13,24-8-13,M0K,1664,312,8,13,192,24,9728,104960,832,2496,1536,832,56320
256x256x256w14-16-11,256,256,256,14,16,11,14-16-11,M0K,2816,88,16,11,128,14,8864,105824,1408,1232,1792,1408,56832
256x256x256w14-8-23,256,256,256,14,8,23,14-8-23,M0K,2944,184,8,23,64,14,9888,104800,1472,2576,896,1472,56832
256x256x256w14-8-22,256,256,256,14,8,22,14-8-22,M0K,2816,176,8,22,64,14,9536,105152,1408,2464,896,1408,56832
256x256x256w11-16-14,256,256,256,11,16,14,11-16-14,M0K,3584,112,16,14,128,11,8864,105824,1792,1232,1408,1792,56848
256x256x256w15-16-10,256,256,256,15,16,10,15-16-10,M0K,2560,80,16,10,128,15,8800,105888,1280,1200,1920,1280,56992
256x256x256w15-8-20,256,256,256,15,8,20,15-8-20,M0K,2560,160,8,20,64,15,9280,105408,1280,2400,960,1280,56992
256x256x256w15-8-21,256,256,256,15,8,21,15-8-21,M0K,2688,168,8,21,64,15,9648,105040,1344,2520,960,1344,56992
256x256x256w16-8-19,256,256,256,16,8,19,16-8-19,00K,2432,304,8,19,128,16,9344,105344,1216,2432,1024,1216,57344
256x256x256w8-8-40,256,256,256,8,8,40,8-8-40,00K,5120,320,8,40,64,8,11264,103424,2560,2560,512,2560,57344
256x256x256w8-16-19,256,256,256,8,16,19,8-16-19,00K,4864,152,16,19,128,8,9344,105344,2432,1216,1024,2432,57344
256x256x256w8-8-37,256,256,256,8,8,37,8-8-37,00K,4736,296,8,37,64,8,10496,104192,2368,2368,512,2368,57344
256x256x256w8-8-39,256,256,256,8,8,39,8-8-39,00K,4992,312,8,39,64,8,11008,103680,2496,2496,512,2496,57344
256x256x256w41-8-8,256,256,256,41,8,8,41-8-8,M00,1024,320,8,8,320,41,11520,103168,512,2624,2624,512,57344
256x256x256w8-40-8,256,256,256,8,40,8,8-40-8,0N0,5120,64,40,8,320,8,11264,103424,2560,512,2560,2560,57344
256x256x256w19-8-16,256,256,256,19,8,16,19-8-16,M00,2048,256,8,16,128,19,9344,105344,1024,2432,1216,1024,57344
256x256x256w39-8-8,256,256,256,39,8,8,39-8-8,M00,1024,256,8,8,256,39,11008,103680,512,2496,2496,512,57344
256x256x256w37-8-8,256,256,256,37,8,8,37-8-8,M00,1024,256,8,8,256,37,10496,104192,512,2368,2368,512,57344
256x256x256w8-8-41,256,256,256,8,8,41,8-8-41,00K,5248,328,8,41,64,8,11520,103168,2624,2624,512,2624,57344
256x256x256w8-8-38,256,256,256,8,8,38,8-8-38,00K,4864,304,8,38,64,8,10752,103936,2432,2432,512,2432,57344
256x256x256w8-8-42,256,256,256,8,8,42,8-8-42,00K,5376,336,8,42,64,8,11776,102912,2688,2688,512,2688,57344
256x256x256w38-8-8,256,256,256,38,8,8,38-8-8,M00,1024,256,8,8,256,38,10752,103936,512,2432,2432,512,57344
256x256x256w40-8-8,256,256,256,40,8,8,40-8-8,M00,1024,320,8,8,320,40,11264,103424,512,2560,2560,512,57344
256x256x256w19-16-8,256,256,256,19,16,8,19-16-8,M00,2048,128,16,8,256,19,9344,105344,1024,1216,2432,1024,57344
256x256x256w17-8-18,256,256,256,17,8,18,17-8-18,M0K,2304,288,8,18,128,17,9376,105312,1152,2448,1088,1152,58080
256x256x256w23-8-13,256,256,256,23,8,13,23-8-13,M0K,1664,208,8,13,128,23,9392,105296,832,2392,1472,832,58240
256x256x256w9-8-34,256,256,256,9,8,34,9-8-34,M0K,4352,272,8,34,64,9,10400,104288,2176,2448,576,2176,58368
256x256x256w9-8-32,256,256,256,9,8,32,9-8-32,M00,4096,256,8,32,64,9,9856,104832,2048,2304,576,2048,58368
256x256x256w9-32-8,256,256,256,9,32,8,9-32-8,M00,4096,64,32,8,256,9,9856,104832,2048,576,2304,2048,58368
256x256x256w9-8-33,256,256,256,9,8,33,9-8-33,M0K,4224,264,8,33,64,9,10128,104560,2112,2376,576,2112,58368
256x256x256w22-8-14,256,256,256,22,8,14,22-8-14,M0K,1792,224,8,14,128,22,9536,105152,896,2464,1408,896,58368
256x256x256w9-16-16,256,256,256,9,16,16,9-16-16,M00,4096,128,16,16,128,9,8704,105984,2048,1152,1152,2048,58368
256x256x256w28-8-11,256,256,256,28,8,11,28-8-11,M0K,1408,264,8,11,192,28,9920,104768,704,2464,1792,704,58368
256x256x256w9-8-36,256,256,256,9,8,36,9-8-36,M0K,4608,288,8,36,64,9,10944,103744,2304,2592,576,2304,58368
256x256x256w9-8-35,256,256,256,9,8,35,9-8-35,M0K,4480,280,8,35,64,9,10672,104016,2240,2520,576,2240,58368
256x256x256w10-24-10,256,256,256,10,24,10,10-24-10,MNK,3840,80,24,10,192,10,9280,105408,1920,800,1920,1920,58916
256x256x256w10-8-29,256,256,256,10,8,29,10-8-29,M0K,3712,232,8,29,64,10,9632,105056,1856,2320,640,1856,59328
256x256x256w10-8-31,256,256,256,10,8,31,10-8-31,M0K,3968,248,8,31,64,10,10208,104480,1984,2480,640,1984,59328
256x256x256w10-8-30,256,256,256,10,8,30,10-8-30,M0K,3840,240,8,30,64,10,9920,104768,1920,2400,640,1920,59328
256x256x256w18-16-8,256,256,256,18,16,8,18-16-8,M00,2048,128,16,8,256,18,8960,105728,1024,1152,2304,1024,59392
256x256x256w35-8-9,256,256,256,35,8,9,35-8-9,M0K,1152,288,8,9,256,35,10672,104016,576,2520,2240,576,59392
256x256x256w33-8-9,256,256,256,33,8,9,33-8-9,M0K,1152,288,8,9,256,33,10128,104560,576,2376,2112,576,59392
256x256x256w16-16-9,256,256,256,16,16,9,16-16-9,00K,2304,144,16,9,256,16,8704,105984,1152,1152,2048,1152,59392
256x256x256w18-8-16,256,256,256,18,8,16,18-8-16,M00,2048,256,8,16,128,18,8960,105728,1024,2304,1152,1024,59392
256x256x256w8-32-9,256,256,256,8,32,9,8-32-9,00K,4608,72,32,9,256,8,9856,104832,2304,576,2048,2304,59392
256x256x256w34-8-9,256,256,256,34,8,9,34-8-9,M0K,1152,288,8,9,256,34,10400,104288,576,2448,2176,576,59392
256x256x256w32-8-9,256,256,256,32,8,9,32-8-9,00K,1152,288,8,9,256,32,9856,104832,576,2304,2048,576,59392
256x256x256w11-24-9,256,256,256,11,24,9,11-24-9,MNK,3456,72,24,9,192,11,9264,105424,1728,792,2112,1728,59653
256x256x256w11-8-28,256,256,256,11,8,28,11-8-28,M0K,3584,224,8,28,64,11,9920,104768,1792,2464,704,1792,59840
256x256x256w11-8-26,256,256,256,11,8,26,11-8-26,M0K,3328,208,8,26,64,11,9312,105376,1664,2288,704,1664,59840
256x256x256w11-8-27,256,256,256,11,8,27,11-8-27,M0K,3456,216,8,27,64,11,9616,105072,1728,2376,704,1728,59840
256x256x256w11-16-13,256,256,256,11,16,13,11-16-13,M0K,3328,104,16,13,128,11,8432,106256,1664,1144,1408,1664,59840
256x256x256w31-8-10,256,256,256,31,8,10,31-8-10,M0K,1280,240,8,10,192,31,10208,104480,640,2480,1984,640,59904
256x256x256w29-8-10,256,256,256,29,8,10,29-8-10,M0K,1280,240,8,10,192,29,9632,105056,640,2320,1856,640,59904
256x256x256w30-8-10,256,256,256,30,8,10,30-8-10,M0K,1280,240,8,10,192,30,9920,104768,640,2400,1920,640,59904
256x256x256w9-24-11,256,256,256,9,24,11,9-24-11,MNK,4224,88,24,11,192,9,9264,105424,2112,792,1728,2112,60192
256x256x256w12-24-8,256,256,256,12,24,8,12-24-8,MN0,3072,64,24,8,192,12,9216,105472,1536,768,2304,1536,60544
256x256x256w12-8-25,256,256,256,12,8,25,12-8-25,M0K,3200,200,8,25,64,12,9536,105152,1600,2400,768,1600,60544
256x256x256w25-8-12,256,256,256,25,8,12,25-8-12,M0K,1536,288,8,12,192,25,9536,105152,768,2400,1600,768,60544
256x256x256w12-8-24,256,256,256,12,8,24,12-8-24,M0K,3072,192,8,24,64,12,9216,105472,1536,2304,768,1536,60544
256x256x256w12-16-12,256,256,256,12,16,12,12-16-12,M0K,3072,96,16,12,128,12,8448,106240,1536,1152,1536,1536,60544
256x256x256w21-8-14,256,256,256,21,8,14,21-8-14,M0K,1792,224,8,14,128,21,9184,105504,896,2352,1344,896,60800
256x256x256w15-8-19,256,256,256,15,8,19,15-8-19,M0K,2432,152,8,19,64,15,8912,105776,1216,2280,960,1216,61376
256x256x256w13-8-23,256,256,256,13,8,23,13-8-23,M0K,2944,184,8,23,64,13,9392,105296,1472,2392,832,1472,61440
256x256x256w13-16-11,256,256,256,13,16,11,13-16-11,M0K,2816,88,16,11,128,13,8432,106256,1408,1144,1664,1408,61440
256x256x256w36-8-8,256,256,256,36,8,8,36-8-8,M00,1024,256,8,8,256,36,10240,104448,512,2304,2304,512,61440
256x256x256w27-8-11,256,256,256,27,8,11,27-8-11,M0K,1408,264,8,11,192,27,9616,105072,704,2376,1728,704,61440
256x256x256w16-8-18,256,256,256,16,8,18,16-8-18,00K,2304,288,8,18,128,16,8960,105728,1152,2304,1024,1152,61440
256x256x256w26-8-11,256,256,256,26,8,11,26-8-11,M0K,1408,264,8,11,192,26,9312,105376,704,2288,1664,704,61440
256x256x256w13-8-22,256,256,256,13,8,22,13-8-22,M0K,2816,176,8,22,64,13,9056,105632,1408,2288,832,1408,61440
256x256x256w22-8-13,256,256,256,22,8,13,22-8-13,M0K,1664,208,8,13,128,22,9056,105632,832,2288,1408,832,61440
256x256x256w8-16-18,256,256,256,8,16,18,8-16-18,00K,4608,144,16,18,128,8,8960,105728,2304,1152,1024,2304,61440
256x256x256w14-8-21,256,256,256,14,8,21,14-8-21,M0K,2688,168,8,21,64,14,9184,105504,1344,2352,896,1344,61568
256x256x256w14-8-20,256,256,256,14,8,20,14-8-20,M0K,2560,160,8,20,64,14,8832,105856,1280,2240,896,1280,61568
256x256x256w14-16-10,256,256,256,14,16,10,14-16-10,M0K,2560,80,16,10,128,14,8384,106304,1280,1120,1792,1280,61568
256x256x256w17-8-16,256,256,256,17,8,16,17-8-16,M00,2048,256,8,16,128,17,8576,106112,1024,2176,1088,1024,61952
256x256x256w17-16-8,256,256,256,17,16,8,17-16-8,M00,2048,128,16,8,256,17,8576,106112,1024,1088,2176,1024,61952
256x256x256w8-24-12,256,256,256,8,24,12,8-24-12,0NK,4608,96,24,12,192,8,9216,105472,2304,768,1536,2304,61952
256x256x256w24-8-12,256,256,256,24,8,12,24-8-12,M0K,1536,288,8,12,192,24,9216,105472,768,2304,1536,768,61952
256x256x256w10-16-14,256,256,256,10,16,14,10-16-14,M0K,3584,112,16,14,128,10,8384,106304,1792,1120,1280,1792,62624
256x256x256w28-8-10,256,256,256,28,8,10,28-8-10,M0K,1280,240,8,10,192,28,9344,105344,640,2240,1792,640,63232
256x256x256w20-8-14,256,256,256,20,8,14,20-8-14,M0K,1792,224,8,14,128,20,8832,105856,896,2240,1280,896,63232
256x256x256w15-16-9,256,256,256,15,16,9,15-16-9,M0K,2304,72,16,9,128,15,8304,106384,1152,1080,1920,1152,63568
256x256x256w21-8-13,256,256,256,21,8,13,21-8-13,M0K,1664,208,8,13,128,21,8720,105968,832,2184,1344,832,64000
256x256x256w23-8-12,256,256,256,23,8,12,23-8-12,M0K,1536,192,8,12,128,23,8896,105792,768,2208,1472,768,64064
256x256x256w9-24-10,256,256,256,9,24,10,9-24-10,MNK,3840,80,24,10,192,9,8736,105952,1920,720,1728,1920,65208
256x256x256w33-8-8,256,256,256,33,8,8,33-8-8,M00,1024,256,8,8,256,33,9472,105216,512,2112,2112,512,65536
256x256x256w8-32-8,256,256,256,8,32,8,8-32-8,000,4096,64,32,8,256,8,9216,105472,2048,512,2048,2048,65536
256x256x256w35-8-8,256,256,256,35,8,8,35-8-8,M00,1024,256,8,8,256,35,9984,104704,512,2240,2240,512,65536
256x256x256w8-8-34,256,256,256,8,8,34,8-8-34,00K,4352,272,8,34,64,8,9728,104960,2176,2176,512,2176,65536
256x256x256w32-8-8,256,256,256,32,8,8,32-8-8,000,1024,256,8,8,256,32,9216,105472,512,2048,2048,512,65536
256x256x256w16-8-16,256,256,256,16,8,16,16-8-16,000,2048,256,8,16,128,16,8192,106496,1024,2048,1024,1024,65536
256x256x256w8-16-16,256,256,256,8,16,16,8-16-16,000,4096,128,16,16,128,8,8192,106496,2048,1024,1024,2048,65536
256x256x256w16-16-8,256,256,256,16,16,8,16-16-8,000,2048,128,16,8,256,16,8192,106496,1024,1024,2048,1024,65536
256x256x256w8-8-35,256,256,256,8,8,35,8-8-35,00K,4480,280,8,35,64,8,9984,104704,2240,2240,512,2240,65536
256x256x256w8-8-32,256,256,256,8,8,32,8-8-32,000,4096,256,8,32,64,8,9216,105472,2048,2048,512,2048,65536
256x256x256w8-8-33,256,256,256,8,8,33,8-8-33,00K,4224,264,8,33,64,8,9472,105216,2112,2112,512,2112,65536
256x256x256w34-8-8,256,256,256,34,8,8,34-8-8,M00,1024,256,8,8,256,34,9728,104960,512,2176,2176,512,65536
256x256x256w8-8-36,256,256,256,8,8,36,8-8-36,00K,4608,288,8,36,64,8,10240,104448,2304,2304,512,2304,65536
256x256x256w9-8-29,256,256,256,9,8,29,9-8-29,M0K,3712,232,8,29,64,9,9040,105648,1856,2088,576,1856,65664
256x256x256w9-8-31,256,256,256,9,8,31,9-8-31,M0K,3968,248,8,31,64,9,9584,105104,1984,2232,576,1984,65664
256x256x256w9-8-30,256,256,256,9,8,30,9-8-30,M0K,3840,240,8,30,64,9,9312,105376,1920,2160,576,1920,65664
256x256x256w10-24-9,256,256,256,10,24,9,10-24-9,MNK,3456,72,24,9,192,10,8736,105952,1728,720,1920,1728,65714
256x256x256w15-8-18,256,256,256,15,8,18,15-8-18,M0K,2304,144,8,18,64,15,8544,106144,1152,2160,960,1152,65760
256x256x256w11-24-8,256,256,256,11,24,8,11-24-8,MN0,3072,64,24,8,192,11,8704,105984,1536,704,2112,1536,65824
256x256x256w11-8-25,256,256,256,11,8,25,11-8-25,M0K,3200,200,8,25,64,11,9008,105680,1600,2200,704,1600,65824
256x256x256w11-16-12,256,256,256,11,16,12,11-16-12,M0K,3072,96,16,12,128,11,8000,106688,1536,1056,1408,1536,65824
256x256x256w11-8-24,256,256,256,11,8,24,11-8-24,M0K,3072,192,8,24,64,11,8704,105984,1536,2112,704,1536,65824
256x256x256w10-8-26,256,256,256,10,8,26,10-8-26,M0K,3328,208,8,26,64,10,8768,105920,1664,2080,640,1664,65920
256x256x256w10-8-27,256,256,256,10,8,27,10-8-27,M0K,3456,216,8,27,64,10,9056,105632,1728,2160,640,1728,65920
256x256x256w10-8-28,256,256,256,10,8,28,10-8-28,M0K,3584,224,8,28,64,10,9344,105344,1792,2240,640,1792,65920
256x256x256w10-16-13,256,256,256,10,16,13,10-16-13,M0K,3328,104,16,13,128,10,7968,106720,1664,1040,1280,1664,65920
256x256x256w12-16-11,256,256,256,12,16,11,12-16-11,M0K,2816,88,16,11,128,12,8000,106688,1408,1056,1536,1408,66048
256x256x256w12-8-22,256,256,256,12,8,22,12-8-22,M0K,2816,176,8,22,64,12,8576,106112,1408,2112,768,1408,66048
256x256x256w12-8-23,256,256,256,12,8,23,12-8-23,M0K,2944,184,8,23,64,12,8896,105792,1472,2208,768,1472,66048
256x256x256w25-8-11,256,256,256,25,8,11,25-8-11,M0K,1408,264,8,11,192,25,9008,105680,704,2200,1600,704,66048
256x256x256w14-8-19,256,256,256,14,8,19,14-8-19,M0K,2432,152,8,19,64,14,8480,106208,1216,2128,896,1216,66304
256x256x256w20-8-13,256,256,256,20,8,13,20-8-13,M0K,1664,208,8,13,128,20,8384,106304,832,2080,1280,832,66560
256x256x256w26-8-10,256,256,256,26,8,10,26-8-10,M0K,1280,240,8,10,192,26,8768,105920,640,2080,1664,640,66560
256x256x256w13-8-20,256,256,256,13,8,20,13-8-20,M0K,2560,160,8,20,64,13,8384,106304,1280,2080,832,1280,66560
256x256x256w13-16-10,256,256,256,13,16,10,13-16-10,M0K,2560,80,16,10,128,13,7968,106720,1280,1040,1664,1280,66560
256x256x256w27-8-10,256,256,256,27,8,10,27-8-10,M0K,1280,240,8,10,192,27,9056,105632,640,2160,1728,640,66560
256x256x256w13-8-21,256,256,256,13,8,21,13-8-21,M0K,2688,168,8,21,64,13,8720,105968,1344,2184,832,1344,66560
256x256x256w30-8-9,256,256,256,30,8,9,30-8-9,M0K,1152,216,8,9,192,30,9312,105376,576,2160,1920,576,66816
256x256x256w31-8-9,256,256,256,31,8,9,31-8-9,M0K,1152,216,8,9,192,31,9584,105104,576,2232,1984,576,66816
256x256x256w29-8-9,256,256,256,29,8,9,29-8-9,M0K,1152,216,8,9,192,29,9040,105648,576,2088,1856,576,66816
256x256x256w24-8-11,256,256,256,24,8,11,24-8-11,M0K,1408,264,8,11,192,24,8704,105984,704,2112,1536,704,67584
256x256x256w22-8-12,256,256,256,22,8,12,22-8-12,M0K,1536,192,8,12,128,22,8576,106112,768,2112,1408,768,67584
256x256x256w8-24-11,256,256,256,8,24,11,8-24-11,0NK,4224,88,24,11,192,8,8704,105984,2112,704,1536,2112,67584
256x256x256w19-8-14,256,256,256,19,8,14,19-8-14,M0K,1792,224,8,14,128,19,8480,106208,896,2128,1216,896,68096
256x256x256w14-16-9,256,256,256,14,16,9,14-16-9,M0K,2304,72,16,9,128,14,7904,106784,1152,1008,1792,1152,68672
256x256x256w9-16-14,256,256,256,9,16,14,9-16-14,M0K,3584,112,16,14,128,9,7904,106784,1792,1008,1152,1792,69312
256x256x256w23-8-11,256,256,256,23,8,11,23-8-11,M0K,1408,176,8,11,128,23,8400,106288,704,2024,1472,704,69888
256x256x256w15-16-8,256,256,256,15,16,8,15-16-8,M00,2048,64,16,8,128,15,7808,106880,1024,960,1920,1024,70144
256x256x256w15-8-16,256,256,256,15,8,16,15-8-16,M00,2048,128,8,16,64,15,7808,106880,1024,1920,960,1024,70144
256x256x256w21-8-12,256,256,256,21,8,12,21-8-12,M0K,1536,192,8,12,128,21,8256,106432,768,2016,1344,768,70400
256x256x256w28-8-9,256,256,256,28,8,9,28-8-9,M0K,1152,216,8,9,192,28,8768,105920,576,2016,1792,576,70528
256x256x256w18-8-14,256,256,256,18,8,14,18-8-14,M0K,1792,224,8,14,128,18,8128,106560,896,2016,1152,896,70528
256x256x256w14-8-18,256,256,256,14,8,18,14-8-18,M0K,2304,144,8,18,64,14,8128,106560,1152,2016,896,1152,71040
256x256x256w25-8-10,256,256,256,25,8,10,25-8-10,M0K,1280,240,8,10,192,25,8480,106208,640,2000,1600,640,71552
256x256x256w12-16-10,256,256,256,12,16,10,12-16-10,M0K,2560,80,16,10,128,12,7552,107136,1280,960,1536,1280,71552
256x256x256w12-8-20,256,256,256,12,8,20,12-8-20,M0K,2560,160,8,20,64,12,7936,106752,1280,1920,768,1280,71552
256x256x256w12-8-21,256,256,256,12,8,21,12-8-21,M0K,2688,168,8,21,64,12,8256,106432,1344,2016,768,1344,71552
256x256x256w19-8-13,256,256,256,19,8,13,19-8-13,M0K,1664,208,8,13,128,19,8048,106640,832,1976,1216,832,71680
256x256x256w13-8-19,256,256,256,13,8,19,13-8-19,M0K,2432,152,8,19,64,13,8048,106640,1216,1976,832,1216,71680
256x256x256w11-8-22,256,256,256,11,8,22,11-8-22,M0K,2816,176,8,22,64,11,8096,106592,1408,1936,704,1408,71808
256x256x256w11-16-11,256,256,256,11,16,11,11-16-11,M0K,2816,88,16,11,128,11,7568,107120,1408,968,1408,1408,71808
256x256x256w11-8-23,256,256,256,11,8,23,11-8-23,M0K,2944,184,8,23,64,11,8400,106288,1472,2024,704,1472,71808
256x256x256w10-24-8,256,256,256,10,24,8,10-24-8,MN0,3072,64,24,8,192,10,8192,106496,1536,640,1920,1536,72512
256x256x256w10-16-12,256,256,256,10,16,12,10-16-12,M0K,3072,96,16,12,128,10,7552,107136,1536,960,1280,1536,72512
256x256x256w10-8-25,256,256,256,10,8,25,10-8-25,M0K,3200,200,8,25,64,10,8480,106208,1600,2000,640,1600,72512
256x256x256w10-8-24,256,256,256,10,8,24,10-8-24,M0K,3072,192,8,24,64,10,8192,106496,1536,1920,640,1536,72512
256x256x256w9-24-9,256,256,256,9,24,9,9-24-9,MNK,3456,72,24,9,192,9,8208,106480,1728,648,1728,1728,72732
256x256x256w9-16-13,256,256,256,9,16,13,9-16-13,M0K,3328,104,16,13,128,9,7504,107184,1664,936,1152,1664,72960
256x256x256w9-8-28,256,256,256,9,8,28,9-8-28,M0K,3584,224,8,28,64,9,8768,105920,1792,2016,576,1792,72960
256x256x256w9-8-26,256,256,256,9,8,26,9-8-26,M0K,3328,208,8,26,64,9,8224,106464,1664,1872,576,1664,72960
256x256x256w9-8-27,256,256,256,9,8,27,9-8-27,M0K,3456,216,8,27,64,9,8496,106192,1728,1944,576,1728,72960
256x256x256w24-8-10,256,256,256,24,8,10,24-8-10,M0K,1280,240,8,10,192,24,8192,106496,640,1920,1536,640,73216
256x256x256w20-8-12,256,256,256,20,8,12,20-8-12,M0K,1536,192,8,12,128,20,7936,106752,768,1920,1280,768,73216
256x256x256w8-24-10,256,256,256,8,24,10,8-24-10,0NK,3840,80,24,10,192,8,8192,106496,1920,640,1536,1920,73216
256x256x256w17-8-14,256,256,256,17,8,14,17-8-14,M0K,1792,224,8,14,128,17,7776,106912,896,1904,1088,896,73568
256x256x256w30-8-8,256,256,256,30,8,8,30-8-8,M00,1024,192,8,8,192,30,8704,105984,512,1920,1920,512,73728
256x256x256w29-8-8,256,256,256,29,8,8,29-8-8,M00,1024,192,8,8,192,29,8448,106240,512,1856,1856,512,73728
256x256x256w8-8-30,256,256,256,8,8,30,8-8-30,00K,3840,240,8,30,64,8,8704,105984,1920,1920,512,1920,73728
256x256x256w22-8-11,256,256,256,22,8,11,22-8-11,M0K,1408,176,8,11,128,22,8096,106592,704,1936,1408,704,73728
256x256x256w8-8-31,256,256,256,8,8,31,8-8-31,00K,3968,248,8,31,64,8,8960,105728,1984,1984,512,1984,73728
256x256x256w8-8-29,256,256,256,8,8,29,8-8-29,00K,3712,232,8,29,64,8,8448,106240,1856,1856,512,1856,73728
256x256x256w31-8-8,256,256,256,31,8,8,31-8-8,M00,1024,192,8,8,192,31,8960,105728,512,1984,1984,512,73728
256x256x256w26-8-9,256,256,256,26,8,9,26-8-9,M0K,1152,216,8,9,192,26,8224,106464,576,1872,1664,576,74240
256x256x256w13-16-9,256,256,256,13,16,9,13-16-9,M0K,2304,72,16,9,128,13,7504,107184,1152,936,1664,1152,74240
256x256x256w18-8-13,256,256,256,18,8,13,18-8-13,M0K,1664,208,8,13,128,18,7712,106976,832,1872,1152,832,74240
256x256x256w27-8-9,256,256,256,27,8,9,27-8-9,M0K,1152,216,8,9,192,27,8496,106192,576,1944,1728,576,74240
256x256x256w23-8-10,256,256,256,23,8,10,23-8-10,M0K,1280,160,8,10,128,23,7904,106784,640,1840,1472,640,75712
256x256x256w14-8-16,256,256,256,14,8,16,14-8-16,M00,2048,128,8,16,64,14,7424,107264,1024,1792,896,1024,75776
256x256x256w14-16-8,256,256,256,14,16,8,14-16-8,M00,2048,64,16,8,128,14,7424,107264,1024,896,1792,1024,75776
256x256x256w13-8-18,256,256,256,13,8,18,13-8-18,M0K,2304,144,8,18,64,13,7712,106976,1152,1872,832,1152,76800
256x256x256w21-8-11,256,256,256,21,8,11,21-8-11,M0K,1408,176,8,11,128,21,7792,106896,704,1848,1344,704,76800
256x256x256w12-8-19,256,256,256,12,8,19,12-8-19,M0K,2432,152,8,19,64,12,7616,107072,1216,1824,768,1216,77056
256x256x256w17-8-13,256,256,256,17,8,13,17-8-13,M0K,1664,208,8,13,128,17,7376,107312,832,1768,1088,832,77440
256x256x256w11-16-10,256,256,256,11,16,10,11-16-10,M0K,2560,80,16,10,128,11,7136,107552,1280,880,1408,1280,77792
256x256x256w11-8-21,256,256,256,11,8,21,11-8-21,M0K,2688,168,8,21,64,11,7792,106896,1344,1848,704,1344,77792
256x256x256w11-8-20,256,256,256,11,8,20,11-8-20,M0K,2560,160,8,20,64,11,7488,107200,1280,1760,704,1280,77792
256x256x256w16-8-14,256,256,256,16,8,14,16-8-14,00K,1792,224,8,14,128,16,7424,107264,896,1792,1024,896,77824
256x256x256w28-8-8,256,256,256,28,8,8,28-8-8,M00,1024,192,8,8,192,28,8192,106496,512,1792,1792,512,77824
256x256x256w8-16-14,256,256,256,8,16,14,8-16-14,00K,3584,112,16,14,128,8,7424,107264,1792,896,1024,1792,77824
256x256x256w19-8-12,256,256,256,19,8,12,19-8-12,M0K,1536,192,8,12,128,19,7616,107072,768,1824,1216,768,78848
256x256x256w10-8-22,256,256,256,10,8,22,10-8-22,M0K,2816,176,8,22,64,10,7616,107072,1408,1760,640,1408,79104
256x256x256w10-8-23,256,256,256,10,8,23,10-8-23,M0K,2944,184,8,23,64,10,7904,106784,1472,1840,640,1472,79104
256x256x256w10-16-11,256,256,256,10,16,11,10-16-11,M0K,2816,88,16,11,128,10,7136,107552,1408,880,1280,1408,79104
256x256x256w12-16-9,256,256,256,12,16,9,12-16-9,M0K,2304,72,16,9,128,12,7104,107584,1152,864,1536,1152,79808
256x256x256w25-8-9,256,256,256,25,8,9,25-8-9,M0K,1152,216,8,9,192,25,7952,106736,576,1800,1600,576,79808
256x256x256w20-8-11,256,256,256,20,8,11,20-8-11,M0K,1408,176,8,11,128,20,7488,107200,704,1760,1280,704,79872
256x256x256w22-8-10,256,256,256,22,8,10,22-8-10,M0K,1280,160,8,10,128,22,7616,107072,640,1760,1408,640,79872
256x256x256w9-24-8,256,256,256,9,24,8,9-24-8,MN0,3072,64,24,8,192,9,7680,107008,1536,576,1728,1536,80256
256x256x256w9-8-24,256,256,256,9,8,24,9-8-24,M0K,3072,192,8,24,64,9,7680,107008,1536,1728,576,1536,80256
256x256x256w9-16-12,256,256,256,9,16,12,9-16-12,M0K,3072,96,16,12,128,9,7104,107584,1536,864,1152,1536,80256
256x256x256w9-8-25,256,256,256,9,8,25,9-8-25,M0K,3200,200,8,25,64,9,7952,106736,1600,1800,576,1600,80256
256x256x256w8-24-9,256,256,256,8,24,9,8-24-9,0NK,3456,72,24,9,192,8,7680,107008,1728,576,1536,1728,81664
256x256x256w24-8-9,256,256,256,24,8,9,24-8-9,M0K,1152,216,8,9,192,24,7680,107008,576,1728,1536,576,81664
256x256x256w18-8-12,256,256,256,18,8,12,18-8-12,M0K,1536,192,8,12,128,18,7296,107392,768,1728,1152,768,81664
256x256x256w8-8-26,256,256,256,8,8,26,8-8-26,00K,3328,208,8,26,64,8,7680,107008,1664,1664,512,1664,81920
256x256x256w8-16-13,256,256,256,8,16,13,8-16-13,00K,3328,104,16,13,128,8,7040,107648,1664,832,1024,1664,81920
256x256x256w16-8-13,256,256,256,16,8,13,16-8-13,00K,1664,208,8,13,128,16,7040,107648,832,1664,1024,832,81920
256x256x256w27-8-8,256,256,256,27,8,8,27-8-8,M00,1024,192,8,8,192,27,7936,106752,512,1728,1728,512,81920
256x256x256w13-8-16,256,256,256,13,8,16,13-8-16,M00,2048,128,8,16,64,13,7040,107648,1024,1664,832,1024,81920
256x256x256w8-8-28,256,256,256,8,8,28,8-8-28,00K,3584,224,8,28,64,8,8192,106496,1792,1792,512,1792,81920
256x256x256w8-8-27,256,256,256,8,8,27,8-8-27,00K,3456,216,8,27,64,8,7936,106752,1728,1728,512,1728,81920
256x256x256w26-8-8,256,256,256,26,8,8,26-8-8,M00,1024,192,8,8,192,26,7680,107008,512,1664,1664,512,81920
256x256x256w13-16-8,256,256,256,13,16,8,13-16-8,M00,2048,64,16,8,128,13,7040,107648,1024,832,1664,1024,81920
256x256x256w12-8-18,256,256,256,12,8,18,12-8-18,M0K,2304,144,8,18,64,12,7296,107392,1152,1728,768,1152,82560
256x256x256w21-8-10,256,256,256,21,8,10,21-8-10,M0K,1280,160,8,10,128,21,7328,107360,640,1680,1344,640,83200
256x256x256w15-8-14,256,256,256,15,8,14,15-8-14,M0K,1792,112,8,14,64,15,7072,107616,896,1680,960,896,83296
256x256x256w11-8-19,256,256,256,11,8,19,11-8-19,M0K,2432,152,8,19,64,11,7184,107504,1216,1672,704,1216,83776
256x256x256w23-8-9,256,256,256,23,8,9,23-8-9,M0K,1152,144,8,9,128,23,7408,107280,576,1656,1472,576,84448
256x256x256w17-8-12,256,256,256,17,8,12,17-8-12,M0K,1536,192,8,12,128,17,6976,107712,768,1632,1088,768,85184
256x256x256w10-8-20,256,256,256,10,8,20,10-8-20,M0K,2560,160,8,20,64,10,7040,107648,1280,1600,640,1280,85696
256x256x256w10-8-21,256,256,256,10,8,21,10-8-21,M0K,2688,168,8,21,64,10,7328,107360,1344,1680,640,1344,85696
256x256x256w10-16-10,256,256,256,10,16,10,10-16-10,M0K,2560,80,16,10,128,10,6720,107968,1280,800,1280,1280,85696
256x256x256w19-8-11,256,256,256,19,8,11,19-8-11,M0K,1408,176,8,11,128,19,7184,107504,704,1672,1216,704,86016
256x256x256w20-8-10,256,256,256,20,8,10,20-8-10,M0K,1280,160,8,10,128,20,7040,107648,640,1600,1280,640,86528
256x256x256w11-16-9,256,256,256,11,16,9,11-16-9,M0K,2304,72,16,9,128,11,6704,107984,1152,792,1408,1152,86768
256x256x256w9-8-22,256,256,256,9,8,22,9-8-22,M0K,2816,176,8,22,64,9,7136,107552,1408,1584,576,1408,87552
256x256x256w9-16-11,256,256,256,9,16,11,9-16-11,M0K,2816,88,16,11,128,9,6704,107984,1408,792,1152,1408,87552
256x256x256w9-8-23,256,256,256,9,8,23,9-8-23,M0K,2944,184,8,23,64,9,7408,107280,1472,1656,576,1472,87552
256x256x256w15-8-13,256,256,256,15,8,13,15-8-13,M0K,1664,104,8,13,64,15,6704,107984,832,1560,960,832,87680
256x256x256w12-16-8,256,256,256,12,16,8,12-16-8,M00,2048,64,16,8,128,12,6656,108032,1024,768,1536,1024,88064
256x256x256w25-8-8,256,256,256,25,8,8,25-8-8,M00,1024,192,8,8,192,25,7424,107264,512,1600,1600,512,88064
256x256x256w12-8-16,256,256,256,12,8,16,12-8-16,M00,2048,128,8,16,64,12,6656,108032,1024,1536,768,1024,88064
256x256x256w18-8-11,256,256,256,18,8,11,18-8-11,M0K,1408,176,8,11,128,18,6880,107808,704,1584,1152,704,89088
256x256x256w22-8-9,256,256,256,22,8,9,22-8-9,M0K,1152,144,8,9,128,22,7136,107552,576,1584,1408,576,89088
256x256x256w11-8-18,256,256,256,11,8,18,11-8-18,M0K,2304,144,8,18,64,11,6880,107808,1152,1584,704,1152,89760
256x256x256w14-8-14,256,256,256,14,8,14,14-8-14,M0K,1792,112,8,14,64,14,6720,107968,896,1568,896,896,89984
256x256x256w8-24-8,256,256,256,8,24,8,8-24-8,0N0,3072,64,24,8,192,8,7168,107520,1536,512,1536,1536,90112
256x256x256w8-8-24,256,256,256,8,8,24,8-8-24,00K,3072,192,8,24,64,8,7168,107520,1536,1536,512,1536,90112
256x256x256w8-8-25,256,256,256,8,8,25,8-8-25,00K,3200,200,8,25,64,8,7424,107264,1600,1600,512,1600,90112
256x256x256w16-8-12,256,256,256,16,8,12,16-8-12,00K,1536,192,8,12,128,16,6656,108032,768,1536,1024,768,90112
256x256x256w24-8-8,256,256,256,24,8,8,24-8-8,M00,1024,192,8,8,192,24,7168,107520,512,1536,1536,512,90112
256x256x256w8-16-12,256,256,256,8,16,12,8-16-12,00K,3072,96,16,12,128,8,6656,108032,1536,768,1024,1536,90112
256x256x256w10-8-19,256,256,256,10,8,19,10-8-19,M0K,2432,152,8,19,64,10,6752,107936,1216,1520,640,1216,92288
256x256x256w21-8-9,256,256,256,21,8,9,21-8-9,M0K,1152,144,8,9,128,21,6864,107824,576,1512,1344,576,92800
256x256x256w17-8-11,256,256,256,17,8,11,17-8-11,M0K,1408,176,8,11,128,17,6576,108112,704,1496,1088,704,92928
256x256x256w19-8-10,256,256,256,19,8,10,19-8-10,M0K,1280,160,8,10,128,19,6752,107936,640,1520,1216,640,93184
256x256x256w23-8-8,256,256,256,23,8,8,23-8-8,M00,1024,128,8,8,128,23,6912,107776,512,1472,1472,512,93184
256x256x256w14-8-13,256,256,256,14,8,13,14-8-13,M0K,1664,104,8,13,64,14,6368,108320,832,1456,896,832,94720
256x256x256w9-8-20,256,256,256,9,8,20,9-8-20,M0K,2560,160,8,20,64,9,6592,108096,1280,1440,576,1280,94848
256x256x256w9-16-10,256,256,256,9,16,10,9-16-10,M0K,2560,80,16,10,128,9,6304,108384,1280,720,1152,1280,94848
256x256x256w9-8-21,256,256,256,9,8,21,9-8-21,M0K,2688,168,8,21,64,9,6864,107824,1344,1512,576,1344,94848
256x256x256w10-16-9,256,256,256,10,16,9,10-16-9,M0K,2304,72,16,9,128,10,6304,108384,1152,720,1280,1152,95584
256x256x256w11-16-8,256,256,256,11,16,8,11-16-8,M00,2048,64,16,8,128,11,6272,108416,1024,704,1408,1024,95744
256x256x256w11-8-16,256,256,256,11,8,16,11-8-16,M00,2048,128,8,16,64,11,6272,108416,1024,1408,704,1024,95744
256x256x256w15-8-12,256,256,256,15,8,12,15-8-12,M0K,1536,96,8,12,64,15,6336,108352,768,1440,960,768,96448
256x256x256w20-8-9,256,256,256,20,8,9,20-8-9,M0K,1152,144,8,9,128,20,6592,108096,576,1440,1280,576,96512
256x256x256w18-8-10,256,256,256,18,8,10,18-8-10,M0K,1280,160,8,10,128,18,6464,108224,640,1440,1152,640,96512
256x256x256w13-8-14,256,256,256,13,8,14,13-8-14,M0K,1792,112,8,14,64,13,6368,108320,896,1456,832,896,97280
256x256x256w8-8-22,256,256,256,8,8,22,8-8-22,00K,2816,176,8,22,64,8,6656,108032,1408,1408,512,1408,98304
256x256x256w22-8-8,256,256,256,22,8,8,22-8-8,M00,1024,128,8,8,128,22,6656,108032,512,1408,1408,512,98304
256x256x256w16-8-11,256,256,256,16,8,11,16-8-11,00K,1408,176,8,11,128,16,6272,108416,704,1408,1024,704,98304
256x256x256w8-8-23,256,256,256,8,8,23,8-8-23,00K,2944,184,8,23,64,8,6912,107776,1472,1472,512,1472,98304
256x256x256w8-16-11,256,256,256,8,16,11,8-16-11,00K,2816,88,16,11,128,8,6272,108416,1408,704,1024,1408,98304
256x256x256w10-8-18,256,256,256,10,8,18,10-8-18,M0K,2304,144,8,18,64,10,6464,108224,1152,1440,640,1152,98880
256x256x256w17-8-10,256,256,256,17,8,10,17-8-10,M0K,1280,160,8,10,128,17,6176,108512,640,1360,1088,640,100672
256x256x256w9-8-19,256,256,256,9,8,19,9-8-19,M0K,2432,152,8,19,64,9,6320,108368,1216,1368,576,1216,102144
256x256x256w21-8-8,256,256,256,21,8,8,21-8-8,M00,1024,128,8,8,128,21,6400,108288,512,1344,1344,512,102400
256x256x256w13-8-13,256,256,256,13,8,13,13-8-13,M0K,1664,104,8,13,64,13,6032,108656,832,1352,832,832,102400
256x256x256w19-8-9,256,256,256,19,8,9,19-8-9,M0K,1152,144,8,9,128,19,6320,108368,576,1368,1216,576,103936
256x256x256w14-8-12,256,256,256,14,8,12,14-8-12,M0K,1536,96,8,12,64,14,6016,108672,768,1344,896,768,104192
256x256x256w12-8-14,256,256,256,12,8,14,12-8-14,M0K,1792,112,8,14,64,12,6016,108672,896,1344,768,896,104576
256x256x256w15-8-11,256,256,256,15,8,11,15-8-11,M0K,1408,88,8,11,64,15,5968,108720,704,1320,960,704,105216
256x256x256w10-16-8,256,256,256,10,16,8,10-16-8,M00,2048,64,16,8,128,10,5888,108800,1024,640,1280,1024,105472
256x256x256w10-8-16,256,256,256,10,8,16,10-8-16,M00,2048,128,8,16,64,10,5888,108800,1024,1280,640,1024,105472
256x256x256w9-16-9,256,256,256,9,16,9,9-16-9,M0K,2304,72,16,9,128,9,5904,108784,1152,648,1152,1152,105792
256x256x256w8-8-21,256,256,256,8,8,21,8-8-21,00K,2688,168,8,21,64,8,6400,108288,1344,1344,512,1344,106496
256x256x256w20-8-8,256,256,256,20,8,8,20-8-8,M00,1024,128,8,8,128,20,6144,108544,512,1280,1280,512,106496
256x256x256w8-8-20,256,256,256,8,8,20,8-8-20,00K,2560,160,8,20,64,8,6144,108544,1280,1280,512,1280,106496
256x256x256w16-8-10,256,256,256,16,8,10,16-8-10,00K,1280,160,8,10,128,16,5888,108800,640,1280,1024,640,106496
256x256x256w8-16-10,256,256,256,8,16,10,8-16-10,00K,2560,80,16,10,128,8,5888,108800,1280,640,1024,1280,106496
256x256x256w18-8-9,256,256,256,18,8,9,18-8-9,M0K,1152,144,8,9,128,18,6048,108640,576,1296,1152,576,107648
256x256x256w9-8-18,256,256,256,9,8,18,9-8-18,M0K,2304,144,8,18,64,9,6048,108640,1152,1296,576,1152,109440
256x256x256w12-8-13,256,256,256,12,8,13,12-8-13,M0K,1664,104,8,13,64,12,5696,108992,832,1248,768,832,110080
256x256x256w17-8-9,256,256,256,17,8,9,17-8-9,M0K,1152,144,8,9,128,17,5776,108912,576,1224,1088,576,112288
256x256x256w13-8-12,256,256,256,13,8,12,13-8-12,M0K,1536,96,8,12,64,13,5696,108992,768,1248,832,768,112640
256x256x256w14-8-11,256,256,256,14,8,11,14-8-11,M0K,1408,88,8,11,64,14,5664,109024,704,1232,896,704,113664
256x256x256w11-8-14,256,256,256,11,8,14,11-8-14,M0K,1792,112,8,14,64,11,5664,109024,896,1232,704,896,113696
256x256x256w15-8-10,256,256,256,15,8,10,15-8-10,M0K,1280,80,8,10,64,15,5600,109088,640,1200,960,640,113984
256x256x256w8-8-19,256,256,256,8,8,19,8-8-19,00K,2432,152,8,19,64,8,5888,108800,1216,1216,512,1216,114688
256x256x256w19-8-8,256,256,256,19,8,8,19-8-8,M00,1024,128,8,8,128,19,5888,108800,512,1216,1216,512,114688
256x256x256w9-8-16,256,256,256,9,8,16,9-8-16,M00,2048,128,8,16,64,9,5504,109184,1024,1152,576,1024,116736
256x256x256w9-16-8,256,256,256,9,16,8,9-16-8,M00,2048,64,16,8,128,9,5504,109184,1024,576,1152,1024,116736
256x256x256w18-8-8,256,256,256,18,8,8,18-8-8,M00,1024,128,8,8,128,18,5632,109056,512,1152,1152,512,118784
256x256x256w16-8-9,256,256,256,16,8,9,16-8-9,00K,1152,144,8,9,128,16,5504,109184,576,1152,1024,576,118784
256x256x256w8-16-9,256,256,256,8,16,9,8-16-9,00K,2304,72,16,9,128,8,5504,109184,1152,576,1024,1152,118784
256x256x256w11-8-13,256,256,256,11,8,13,11-8-13,M0K,1664,104,8,13,64,11,5360,109328,832,1144,704,832,119680
256x256x256w12-8-12,256,256,256,12,8,12,12-8-12,M0K,1536,96,8,12,64,12,5376,109312,768,1152,768,768,121088
256x256x256w13-8-11,256,256,256,13,8,11,13-8-11,M0K,1408,88,8,11,64,13,5360,109328,704,1144,832,704,122880
256x256x256w8-8-18,256,256,256,8,8,18,8-8-18,00K,2304,144,8,18,64,8,5632,109056,1152,1152,512,1152,122880
256x256x256w14-8-10,256,256,256,14,8,10,14-8-10,M0K,1280,80,8,10,64,14,5312,109376,640,1120,896,640,123136
256x256x256w17-8-8,256,256,256,17,8,8,17-8-8,M00,1024,128,8,8,128,17,5376,109312,512,1088,1088,512,123904
256x256x256w10-8-14,256,256,256,10,8,14,10-8-14,M0K,1792,112,8,14,64,10,5312,109376,896,1120,640,896,125248
256x256x256w15-8-9,256,256,256,15,8,9,15-8-9,M0K,1152,72,8,9,64,15,5232,109456,576,1080,960,576,127136
256x256x256w16-8-8,256,256,256,16,8,8,16-8-8,000,1024,128,8,8,128,16,5120,109568,512,1024,1024,512,131072
256x256x256w8-16-8,256,256,256,8,16,8,8-16-8,000,2048,64,16,8,128,8,5120,109568,1024,512,1024,1024,131072
256x256x256w8-8-16,256,256,256,8,8,16,8-8-16,000,2048,128,8,16,64,8,5120,109568,1024,1024,512,1024,131072
256x256x256w11-8-12,256,256,256,11,8,12,11-8-12,M0K,1536,96,8,12,64,11,5056,109632,768,1056,704,768,131648
256x256x256w10-8-13,256,256,256,10,8,13,10-8-13,M0K,1664,104,8,13,64,10,5024,109664,832,1040,640,832,131840
256x256x256w12-8-11,256,256,256,12,8,11,12-8-11,M0K,1408,88,8,11,64,12,5056,109632,704,1056,768,704,132096
256x256x256w13-8-10,256,256,256,13,8,10,13-8-10,M0K,1280,80,8,10,64,13,5024,109664,640,1040,832,640,133120
256x256x256w14-8-9,256,256,256,14,8,9,14-8-9,M0K,1152,72,8,9,64,14,4960,109728,576,1008,896,576,137344
256x256x256w9-8-14,256,256,256,9,8,14,9-8-14,M0K,1792,112,8,14,64,9,4960,109728,896,1008,576,896,138624
256x256x256w15-8-8,256,256,256,15,8,8,15-8-8,M00,1024,64,8,8,64,15,4864,109824,512,960,960,512,140288
256x256x256w12-8-10,256,256,256,12,8,10,12-8-10,M0K,1280,80,8,10,64,12,4736,109952,640,960,768,640,143104
256x256x256w11-8-11,256,256,256,11,8,11,11-8-11,M0K,1408,88,8,11,64,11,4752,109936,704,968,704,704,143616
256x256x256w10-8-12,256,256,256,10,8,12,10-8-12,M0K,1536,96,8,12,64,10,4736,109952,768,960,640,768,145024
256x256x256w9-8-13,256,256,256,9,8,13,9-8-13,M0K,1664,104,8,13,64,9,4688,110000,832,936,576,832,145920
256x256x256w13-8-9,256,256,256,13,8,9,13-8-9,M0K,1152,72,8,9,64,13,4688,110000,576,936,832,576,148480
256x256x256w14-8-8,256,256,256,14,8,8,14-8-8,M00,1024,64,8,8,64,14,4608,110080,512,896,896,512,151552
256x256x256w11-8-10,256,256,256,11,8,10,11-8-10,M0K,1280,80,8,10,64,11,4448,110240,640,880,704,640,155584
256x256x256w8-8-14,256,256,256,8,8,14,8-8-14,00K,1792,112,8,14,64,8,4608,110080,896,896,512,896,155648
256x256x256w10-8-11,256,256,256,10,8,11,10-8-11,M0K,1408,88,8,11,64,10,4448,110240,704,880,640,704,158208
256x256x256w12-8-9,256,256,256,12,8,9,12-8-9,M0K,1152,72,8,9,64,12,4416,110272,576,864,768,576,159616
256x256x256w9-8-12,256,256,256,9,8,12,9-8-12,M0K,1536,96,8,12,64,9,4416,110272,768,864,576,768,160512
256x256x256w8-8-13,256,256,256,8,8,13,8-8-13,00K,1664,104,8,13,64,8,4352,110336,832,832,512,832,163840
256x256x256w13-8-8,256,256,256,13,8,8,13-8-8,M00,1024,64,8,8,64,13,4352,110336,512,832,832,512,163840
256x256x256w10-8-10,256,256,256,10,8,10,10-8-10,M0K,1280,80,8,10,64,10,4160,110528,640,800,640,640,171392
256x256x256w11-8-9,256,256,256,11,8,9,11-8-9,M0K,1152,72,8,9,64,11,4144,110544,576,792,704,576,173536
256x256x256w9-8-11,256,256,256,9,8,11,9-8-11,M0K,1408,88,8,11,64,9,4144,110544,704,792,576,704,175104
256x256x256w12-8-8,256,256,256,12,8,8,12-8-8,M00,1024,64,8,8,64,12,4096,110592,512,768,768,512,176128
256x256x256w8-8-12,256,256,256,8,8,12,8-8-12,00K,1536,96,8,12,64,8,4096,110592,768,768,512,768,180224
256x256x256w9-8-10,256,256,256,9,8,10,9-8-10,M0K,1280,80,8,10,64,9,3872,110816,640,720,576,640,189696
256x256x256w10-8-9,256,256,256,10,8,9,10-8-9,M0K,1152,72,8,9,64,10,3872,110816,576,720,640,576,191168
256x256x256w11-8-8,256,256,256,11,8,8,11-8-8,M00,1024,64,8,8,64,11,3840,110848,512,704,704,512,191488
256x256x256w8-8-11,256,256,256,8,8,11,8-8-11,00K,1408,88,8,11,64,8,3840,110848,704,704,512,704,196608
256x256x256w10-8-8,256,256,256,10,8,8,10-8-8,M00,1024,64,8,8,64,10,3584,111104,512,640,640,512,210944
256x256x256w9-8-9,256,256,256,9,8,9,9-8-9,M0K,1152,72,8,9,64,9,3600,111088,576,648,576,576,211584
256x256x256w8-8-10,256,256,256,8,8,10,8-8-10,00K,1280,80,8,10,64,8,3584,111104,640,640,512,640,212992
256x256x256w9-8-8,256,256,256,9,8,8,9-8-8,M00,1024,64,8,8,64,9,3328,111360,512,576,576,512,233472
256x256x256w8-8-9,256,256,256,8,8,9,8-8-9,00K,1152,72,8,9,64,8,3328,111360,576,576,512,576,237568
256x256x256w8-8-8,256,256,256,8,8,8,8-8-8,000,1024,64,8,8,64,8,3072,111616,512,512,512,512,262144
