FakeNN JSON Name,M,N,K,m,n,k,JSON Name,remainderTiles,tileC,Reduction Dim,Space Remaining,m Dim,tileA,Space Needed in L1,Weight Matrix Tile Size,Row Dim,tileB_cc,tileC_cc,tileB,tileA_cc,SSR Config Count
384x384x384w32-32-32,384,384,384,32,32,32,32-32-32,000,8192,32,65536,32,8192,49152,16384,32,8192,1024,8192,1024,13824
384x384x384w30-32-32,384,384,384,30,32,32,30-32-32,M00,7680,32,67584,30,7680,47104,16384,32,8192,768,8192,768,14976
384x384x384w31-32-32,384,384,384,31,32,32,31-32-32,M00,7936,32,66560,31,7936,48128,16384,32,8192,768,8192,768,14976
384x384x384w32-32-30,384,384,384,32,32,30,32-32-30,00K,8192,30,67584,32,7680,47104,15360,32,7680,1024,7680,960,14976
384x384x384w32-32-31,384,384,384,32,32,31,32-32-31,00K,8192,31,66560,32,7936,48128,15872,32,7936,1024,7936,992,14976
384x384x384w29-32-32,384,384,384,29,32,32,29-32-32,M00,7424,32,68608,29,7424,46080,16384,32,8192,768,8192,768,15984
384x384x384w32-32-28,384,384,384,32,32,28,32-32-28,00K,8192,28,69632,32,7168,45056,14336,32,7168,1024,7168,896,16128
384x384x384w32-32-29,384,384,384,32,32,29,32-32-29,00K,8192,29,68608,32,7424,46080,14848,32,7424,1024,7424,928,16128
384x384x384w28-32-32,384,384,384,28,32,32,28-32-32,M00,7168,32,69632,28,7168,45056,16384,32,8192,768,8192,768,16128
384x384x384w31-32-30,384,384,384,31,32,30,31-32-30,M0K,7936,30,68576,31,7440,46112,15360,32,7680,768,7680,720,16224
384x384x384w30-32-30,384,384,384,30,32,30,30-32-30,M0K,7680,30,69568,30,7200,45120,15360,32,7680,768,7680,720,16224
384x384x384w30-32-31,384,384,384,30,32,31,30-32-31,M0K,7680,31,68576,30,7440,46112,15872,32,7936,768,7936,744,16224
384x384x384w31-32-31,384,384,384,31,32,31,31-32-31,M0K,7936,31,67568,31,7688,47120,15872,32,7936,768,7936,744,16224
384x384x384w27-32-32,384,384,384,27,32,32,27-32-32,M00,6912,32,70656,27,6912,44032,16384,32,8192,768,8192,768,16992
384x384x384w32-32-26,384,384,384,32,32,26,32-32-26,00K,8192,26,71680,32,6656,43008,13312,32,6656,1024,6656,832,17280
384x384x384w26-32-32,384,384,384,26,32,32,26-32-32,M00,6656,32,71680,26,6656,43008,16384,32,8192,768,8192,768,17280
384x384x384w32-32-27,384,384,384,32,32,27,32-32-27,00K,8192,27,70656,32,6912,44032,13824,32,6912,1024,6912,864,17280
384x384x384w29-32-31,384,384,384,29,32,31,29-32-31,M0K,7424,31,69584,29,7192,45104,15872,32,7936,768,7936,744,17316
384x384x384w29-32-30,384,384,384,29,32,30,29-32-30,M0K,7424,30,70560,29,6960,44128,15360,32,7680,768,7680,720,17316
384x384x384w28-32-31,384,384,384,28,32,31,28-32-31,M0K,7168,31,70592,28,6944,44096,15872,32,7936,768,7936,744,17472
384x384x384w30-32-28,384,384,384,30,32,28,30-32-28,M0K,7680,28,71552,30,6720,43136,14336,32,7168,768,7168,672,17472
384x384x384w31-32-28,384,384,384,31,32,28,31-32-28,M0K,7936,28,70592,31,6944,44096,14336,32,7168,768,7168,672,17472
384x384x384w31-32-29,384,384,384,31,32,29,31-32-29,M0K,7936,29,69584,31,7192,45104,14848,32,7424,768,7424,696,17472
384x384x384w30-32-29,384,384,384,30,32,29,30-32-29,M0K,7680,29,70560,30,6960,44128,14848,32,7424,768,7424,696,17472
384x384x384w28-32-30,384,384,384,28,32,30,28-32-30,M0K,7168,30,71552,28,6720,43136,15360,32,7680,768,7680,720,17472
384x384x384w27-32-31,384,384,384,27,32,31,27-32-31,M0K,6912,31,71600,27,6696,43088,15872,32,7936,768,7936,744,18408
384x384x384w27-32-30,384,384,384,27,32,30,27-32-30,M0K,6912,30,72544,27,6480,42144,15360,32,7680,768,7680,720,18408
384x384x384w25-32-32,384,384,384,25,32,32,25-32-32,M00,6400,32,72704,25,6400,41984,16384,32,8192,768,8192,768,18432
384x384x384w24-32-32,384,384,384,24,32,32,24-32-32,000,6144,32,73728,24,6144,40960,16384,32,8192,768,8192,768,18432
384x384x384w32-32-25,384,384,384,32,32,25,32-32-25,00K,8192,25,72704,32,6400,41984,12800,32,6400,1024,6400,800,18432
384x384x384w32-24-32,384,384,384,32,24,32,32-24-32,000,6144,32,73728,32,8192,40960,12288,24,6144,768,6144,1024,18432
384x384x384w32-32-24,384,384,384,32,32,24,32-32-24,000,8192,24,73728,32,6144,40960,12288,32,6144,1024,6144,768,18432
384x384x384w29-32-28,384,384,384,29,32,28,29-32-28,M0K,7424,28,72512,29,6496,42176,14336,32,7168,768,7168,672,18648
384x384x384w29-32-29,384,384,384,29,32,29,29-32-29,M0K,7424,29,71536,29,6728,43152,14848,32,7424,768,7424,696,18648
384x384x384w26-32-30,384,384,384,26,32,30,26-32-30,M0K,6656,30,73536,26,6240,41152,15360,32,7680,768,7680,720,18720
384x384x384w31-32-27,384,384,384,31,32,27,31-32-27,M0K,7936,27,71600,31,6696,43088,13824,32,6912,768,6912,648,18720
384x384x384w30-32-26,384,384,384,30,32,26,30-32-26,M0K,7680,26,73536,30,6240,41152,13312,32,6656,768,6656,624,18720
384x384x384w26-32-31,384,384,384,26,32,31,26-32-31,M0K,6656,31,72608,26,6448,42080,15872,32,7936,768,7936,744,18720
384x384x384w31-32-26,384,384,384,31,32,26,31-32-26,M0K,7936,26,72608,31,6448,42080,13312,32,6656,768,6656,624,18720
384x384x384w30-32-27,384,384,384,30,32,27,30-32-27,M0K,7680,27,72544,30,6480,42144,13824,32,6912,768,6912,648,18720
384x384x384w28-32-28,384,384,384,28,32,28,28-32-28,M0K,7168,28,73472,28,6272,41216,14336,32,7168,768,7168,672,18816
384x384x384w28-32-29,384,384,384,28,32,29,28-32-29,M0K,7168,29,72512,28,6496,42176,14848,32,7424,768,7424,696,18816
384x384x384w39-24-26,384,384,384,39,24,26,39-24-26,M0K,7488,26,73504,39,8112,41184,9984,24,4992,768,4992,832,19200
384x384x384w26-24-39,384,384,384,26,24,39,26-24-39,M0K,4992,39,73504,26,8112,41184,14976,24,7488,576,7488,936,19200
384x384x384w29-24-35,384,384,384,29,24,35,29-24-35,M0K,5568,35,73872,29,8120,40816,13440,24,6720,576,6720,840,19536
384x384x384w32-32-23,384,384,384,32,32,23,32-32-23,00K,8192,23,74752,32,5888,39936,11776,32,5888,1024,5888,736,19584
384x384x384w23-32-32,384,384,384,23,32,32,23-32-32,M00,5888,32,74752,23,5888,39936,16384,32,8192,512,8192,512,19584
384x384x384w28-24-36,384,384,384,28,24,36,28-24-36,M0K,5376,36,73984,28,8064,40704,13824,24,6912,576,6912,864,19712
384x384x384w28-24-35,384,384,384,28,24,35,28-24-35,M0K,5376,35,74816,28,7840,39872,13440,24,6720,576,6720,840,19712
384x384x384w35-24-28,384,384,384,35,24,28,35-24-28,M0K,6720,28,74816,35,7840,39872,10752,24,5376,768,5376,896,19712
384x384x384w35-24-29,384,384,384,35,24,29,35-24-29,M0K,6720,29,73872,35,8120,40816,11136,24,5568,768,5568,928,19712
384x384x384w36-24-28,384,384,384,36,24,28,36-24-28,M0K,6912,28,73984,36,8064,40704,10752,24,5376,768,5376,896,19712
384x384x384w27-32-29,384,384,384,27,32,29,27-32-29,M0K,6912,29,73488,27,6264,41200,14848,32,7424,768,7424,696,19824
384x384x384w27-32-28,384,384,384,27,32,28,27-32-28,M0K,6912,28,74432,27,6048,40256,14336,32,7168,768,7168,672,19824
384x384x384w33-24-31,384,384,384,33,24,31,33-24-31,M0K,6336,31,73744,33,8184,40944,11904,24,5952,768,5952,992,19968
384x384x384w31-24-32,384,384,384,31,24,32,31-24-32,M00,5952,32,74624,31,7936,40064,12288,24,6144,576,6144,768,19968
384x384x384w25-32-31,384,384,384,25,32,31,25-32-31,M0K,6400,31,73616,25,6200,41072,15872,32,7936,768,7936,744,19968
384x384x384w31-24-33,384,384,384,31,24,33,31-24-33,M0K,5952,33,73744,31,8184,40944,12672,24,6336,576,6336,792,19968
384x384x384w31-32-24,384,384,384,31,32,24,31-32-24,M00,7936,24,74624,31,5952,40064,12288,32,6144,768,6144,576,19968
384x384x384w24-32-31,384,384,384,24,32,31,24-32-31,00K,6144,31,74624,24,5952,40064,15872,32,7936,768,7936,744,19968
384x384x384w25-32-30,384,384,384,25,32,30,25-32-30,M0K,6400,30,74528,25,6000,40160,15360,32,7680,768,7680,720,19968
384x384x384w32-24-31,384,384,384,32,24,31,32-24-31,00K,6144,31,74624,32,7936,40064,11904,24,5952,768,5952,992,19968
384x384x384w33-24-30,384,384,384,33,24,30,33-24-30,M0K,6336,30,74656,33,7920,40032,11520,24,5760,768,5760,960,19968
384x384x384w30-24-33,384,384,384,30,24,33,30-24-33,M0K,5760,33,74656,30,7920,40032,12672,24,6336,576,6336,792,19968
384x384x384w32-24-30,384,384,384,32,24,30,32-24-30,00K,6144,30,75520,32,7680,39168,11520,24,5760,768,5760,960,19968
384x384x384w42-24-24,384,384,384,42,24,24,42-24-24,M00,8064,24,73216,42,8064,41472,9216,24,4608,960,4608,960,19968
384x384x384w31-32-25,384,384,384,31,32,25,31-32-25,M0K,7936,25,73616,31,6200,41072,12800,32,6400,768,6400,600,19968
384x384x384w30-24-32,384,384,384,30,24,32,30-24-32,M00,5760,32,75520,30,7680,39168,12288,24,6144,576,6144,768,19968
384x384x384w30-32-25,384,384,384,30,32,25,30-32-25,M0K,7680,25,74528,30,6000,40160,12800,32,6400,768,6400,600,19968
384x384x384w30-24-34,384,384,384,30,24,34,30-24-34,M0K,5760,34,73792,30,8160,40896,13056,24,6528,576,6528,816,19968
384x384x384w34-24-30,384,384,384,34,24,30,34-24-30,M0K,6528,30,73792,34,8160,40896,11520,24,5760,768,5760,960,19968
384x384x384w30-32-24,384,384,384,30,32,24,30-32-24,M00,7680,24,75520,30,5760,39168,12288,32,6144,768,6144,576,19968
384x384x384w24-32-30,384,384,384,24,32,30,24-32-30,00K,6144,30,75520,24,5760,39168,15360,32,7680,768,7680,720,19968
384x384x384w29-32-26,384,384,384,29,32,26,29-32-26,M0K,7424,26,74464,29,6032,40224,13312,32,6656,768,6656,624,19980
384x384x384w29-32-27,384,384,384,29,32,27,29-32-27,M0K,7424,27,73488,29,6264,41200,13824,32,6912,768,6912,648,19980
384x384x384w26-32-28,384,384,384,26,32,28,26-32-28,M0K,6656,28,75392,26,5824,39296,14336,32,7168,768,7168,672,20160
384x384x384w26-32-29,384,384,384,26,32,29,26-32-29,M0K,6656,29,74464,26,6032,40224,14848,32,7424,768,7424,696,20160
384x384x384w28-32-26,384,384,384,28,32,26,28-32-26,M0K,7168,26,75392,28,5824,39296,13312,32,6656,768,6656,624,20160
384x384x384w38-24-26,384,384,384,38,24,26,38-24-26,M0K,7296,26,74304,38,7904,40384,9984,24,4992,768,4992,832,20160
384x384x384w28-32-27,384,384,384,28,32,27,28-32-27,M0K,7168,27,74432,28,6048,40256,13824,32,6912,768,6912,648,20160
384x384x384w24-40-24,384,384,384,24,40,24,24-40-24,0N0,7680,24,74752,24,4608,39936,15360,40,7680,960,7680,576,20480
384x384x384w39-24-25,384,384,384,39,24,25,39-24-25,M0K,7488,25,74512,39,7800,40176,9600,24,4800,768,4800,800,20480
384x384x384w41-24-24,384,384,384,41,24,24,41-24-24,M00,7872,24,73984,41,7872,40704,9216,24,4608,960,4608,960,20480
384x384x384w24-24-41,384,384,384,24,24,41,24-24-41,00K,4608,41,73984,24,7872,40704,15744,24,7872,576,7872,984,20480
384x384x384w24-24-42,384,384,384,24,24,42,24-24-42,00K,4608,42,73216,24,8064,41472,16128,24,8064,576,8064,1008,20480
384x384x384w25-40-24,384,384,384,25,40,24,25-40-24,MN0,8000,24,73728,25,4800,40960,15360,40,7680,960,7680,576,20480
384x384x384w40-24-25,384,384,384,40,24,25,40-24-25,M0K,7680,25,73728,40,8000,40960,9600,24,4800,960,4800,1000,20480
384x384x384w24-40-25,384,384,384,24,40,25,24-40-25,0NK,7680,25,73728,24,4800,40960,16000,40,8000,960,8000,600,20480
384x384x384w24-24-39,384,384,384,24,24,39,24-24-39,00K,4608,39,75520,24,7488,39168,14976,24,7488,576,7488,936,20480
384x384x384w25-40-25,384,384,384,25,40,25,25-40-25,MNK,8000,25,72688,25,5000,42000,16000,40,8000,960,8000,600,20480
384x384x384w39-24-24,384,384,384,39,24,24,39-24-24,M00,7488,24,75520,39,7488,39168,9216,24,4608,768,4608,768,20480
384x384x384w25-24-39,384,384,384,25,24,39,25-24-39,M0K,4800,39,74512,25,7800,40176,14976,24,7488,576,7488,936,20480
384x384x384w25-24-40,384,384,384,25,24,40,25-24-40,M0K,4800,40,73728,25,8000,40960,15360,24,7680,576,7680,960,20480
384x384x384w40-24-24,384,384,384,40,24,24,40-24-24,M00,7680,24,74752,40,7680,39936,9216,24,4608,960,4608,960,20480
384x384x384w24-24-40,384,384,384,24,24,40,24-24-40,00K,4608,40,74752,24,7680,39936,15360,24,7680,576,7680,960,20480
384x384x384w32-32-22,384,384,384,32,32,22,32-32-22,00K,8192,22,75776,32,5632,38912,11264,32,5632,1024,5632,704,20736
384x384x384w22-32-32,384,384,384,22,32,32,22-32-32,M00,5632,32,75776,22,5632,38912,16384,32,8192,512,8192,512,20736
384x384x384w27-24-36,384,384,384,27,24,36,27-24-36,M0K,5184,36,74944,27,7776,39744,13824,24,6912,576,6912,864,20768
384x384x384w27-24-35,384,384,384,27,24,35,27-24-35,M0K,5184,35,75760,27,7560,38928,13440,24,6720,576,6720,840,20768
384x384x384w27-24-37,384,384,384,27,24,37,27-24-37,M0K,5184,37,74128,27,7992,40560,14208,24,7104,576,7104,888,20768
384x384x384w26-24-38,384,384,384,26,24,38,26-24-38,M0K,4992,38,74304,26,7904,40384,14592,24,7296,576,7296,912,21120
384x384x384w35-24-26,384,384,384,35,24,26,35-24-26,M0K,6720,26,76704,35,7280,37984,9984,24,4992,768,4992,832,21120
384x384x384w36-24-27,384,384,384,36,24,27,36-24-27,M0K,6912,27,74944,36,7776,39744,10368,24,5184,768,5184,864,21120
384x384x384w37-24-26,384,384,384,37,24,26,37-24-26,M0K,7104,26,75104,37,7696,39584,9984,24,4992,768,4992,832,21120
384x384x384w36-24-26,384,384,384,36,24,26,36-24-26,M0K,6912,26,75904,36,7488,38784,9984,24,4992,768,4992,832,21120
384x384x384w35-24-27,384,384,384,35,24,27,35-24-27,M0K,6720,27,75760,35,7560,38928,10368,24,5184,768,5184,864,21120
384x384x384w26-24-35,384,384,384,26,24,35,26-24-35,M0K,4992,35,76704,26,7280,37984,13440,24,6720,576,6720,840,21120
384x384x384w26-24-36,384,384,384,26,24,36,26-24-36,M0K,4992,36,75904,26,7488,38784,13824,24,6912,576,6912,864,21120
384x384x384w37-24-27,384,384,384,37,24,27,37-24-27,M0K,7104,27,74128,37,7992,40560,10368,24,5184,768,5184,864,21120
384x384x384w26-24-37,384,384,384,26,24,37,26-24-37,M0K,4992,37,75104,26,7696,39584,14208,24,7104,576,7104,888,21120
384x384x384w31-32-23,384,384,384,31,32,23,31-32-23,M0K,7936,23,75632,31,5704,39056,11776,32,5888,768,5888,552,21216
384x384x384w23-32-30,384,384,384,23,32,30,23-32-30,M0K,5888,30,76512,23,5520,38176,15360,32,7680,512,7680,480,21216
384x384x384w23-32-31,384,384,384,23,32,31,23-32-31,M0K,5888,31,75632,23,5704,39056,15872,32,7936,512,7936,496,21216
384x384x384w42-24-23,384,384,384,42,24,23,42-24-23,M0K,8064,23,74272,42,7728,40416,8832,24,4416,960,4416,920,21216
384x384x384w30-32-23,384,384,384,30,32,23,30-32-23,M0K,7680,23,76512,30,5520,38176,11776,32,5888,768,5888,552,21216
384x384x384w27-32-26,384,384,384,27,32,26,27-32-26,M0K,6912,26,76320,27,5616,38368,13312,32,6656,768,6656,624,21240
384x384x384w27-32-27,384,384,384,27,32,27,27-32-27,M0K,6912,27,75376,27,5832,39312,13824,32,6912,768,6912,648,21240
384x384x384w29-24-34,384,384,384,29,24,34,29-24-34,M0K,5568,34,74720,29,7888,39968,13056,24,6528,576,6528,816,21312
384x384x384w29-24-33,384,384,384,29,24,33,29-24-33,M0K,5568,33,75568,29,7656,39120,12672,24,6336,576,6336,792,21312
384x384x384w29-24-32,384,384,384,29,24,32,29-24-32,M00,5568,32,76416,29,7424,38272,12288,24,6144,576,6144,768,21312
384x384x384w29-32-25,384,384,384,29,32,25,29-32-25,M0K,7424,25,75440,29,5800,39248,12800,32,6400,768,6400,600,21312
384x384x384w29-32-24,384,384,384,29,32,24,29-32-24,M00,7424,24,76416,29,5568,38272,12288,32,6144,768,6144,576,21312
384x384x384w28-32-25,384,384,384,28,32,25,28-32-25,M0K,7168,25,76352,28,5600,38336,12800,32,6400,768,6400,600,21504
384x384x384w28-24-32,384,384,384,28,24,32,28-24-32,M00,5376,32,77312,28,7168,37376,12288,24,6144,576,6144,768,21504
384x384x384w32-24-29,384,384,384,32,24,29,32-24-29,00K,6144,29,76416,32,7424,38272,11136,24,5568,768,5568,928,21504
384x384x384w28-32-24,384,384,384,28,32,24,28-32-24,M00,7168,24,77312,28,5376,37376,12288,32,6144,768,6144,576,21504
384x384x384w24-32-28,384,384,384,24,32,28,24-32-28,00K,6144,28,77312,24,5376,37376,14336,32,7168,768,7168,672,21504
384x384x384w24-32-29,384,384,384,24,32,29,24-32-29,00K,6144,29,76416,24,5568,38272,14848,32,7424,768,7424,696,21504
384x384x384w33-24-29,384,384,384,33,24,29,33-24-29,M0K,6336,29,75568,33,7656,39120,11136,24,5568,768,5568,928,21504
384x384x384w38-24-24,384,384,384,38,24,24,38-24-24,M00,7296,24,76288,38,7296,38400,9216,24,4608,768,4608,768,21504
384x384x384w28-24-33,384,384,384,28,24,33,28-24-33,M0K,5376,33,76480,28,7392,38208,12672,24,6336,576,6336,792,21504
384x384x384w28-24-34,384,384,384,28,24,34,28-24-34,M0K,5376,34,75648,28,7616,39040,13056,24,6528,576,6528,816,21504
384x384x384w34-24-29,384,384,384,34,24,29,34-24-29,M0K,6528,29,74720,34,7888,39968,11136,24,5568,768,5568,928,21504
384x384x384w34-24-28,384,384,384,34,24,28,34-24-28,M0K,6528,28,75648,34,7616,39040,10752,24,5376,768,5376,896,21504
384x384x384w25-32-28,384,384,384,25,32,28,25-32-28,M0K,6400,28,76352,25,5600,38336,14336,32,7168,768,7168,672,21504
384x384x384w38-24-25,384,384,384,38,24,25,38-24-25,M0K,7296,25,75296,38,7600,39392,9600,24,4800,768,4800,800,21504
384x384x384w25-32-29,384,384,384,25,32,29,25-32-29,M0K,6400,29,75440,25,5800,39248,14848,32,7424,768,7424,696,21504
384x384x384w33-24-28,384,384,384,33,24,28,33-24-28,M0K,6336,28,76480,33,7392,38208,10752,24,5376,768,5376,896,21504
384x384x384w32-24-28,384,384,384,32,24,28,32-24-28,00K,6144,28,77312,32,7168,37376,10752,24,5376,768,5376,896,21504
384x384x384w21-32-32,384,384,384,21,32,32,21-32-32,M00,5376,32,76800,21,5376,37888,16384,32,8192,512,8192,512,21600
384x384x384w26-32-26,384,384,384,26,32,26,26-32-26,M0K,6656,26,77248,26,5408,37440,13312,32,6656,768,6656,624,21600
384x384x384w26-32-27,384,384,384,26,32,27,26-32-27,M0K,6656,27,76320,26,5616,38368,13824,32,6912,768,6912,648,21600
384x384x384w31-24-30,384,384,384,31,24,30,31-24-30,M0K,5952,30,76384,31,7440,38304,11520,24,5760,576,5760,720,21632
384x384x384w30-24-30,384,384,384,30,24,30,30-24-30,M0K,5760,30,77248,30,7200,37440,11520,24,5760,576,5760,720,21632
384x384x384w30-24-31,384,384,384,30,24,31,30-24-31,M0K,5760,31,76384,30,7440,38304,11904,24,5952,576,5952,744,21632
384x384x384w31-24-31,384,384,384,31,24,31,31-24-31,M0K,5952,31,75504,31,7688,39184,11904,24,5952,576,5952,744,21632
384x384x384w23-40-25,384,384,384,23,40,25,23-40-25,MNK,7360,25,74768,23,4600,39920,16000,40,8000,640,8000,400,21760
384x384x384w23-40-24,384,384,384,23,40,24,23-40-24,MN0,7360,24,75776,23,4416,38912,15360,40,7680,640,7680,384,21760
384x384x384w40-24-23,384,384,384,40,24,23,40-24-23,M0K,7680,23,75776,40,7360,38912,8832,24,4416,960,4416,920,21760
384x384x384w23-24-41,384,384,384,23,24,41,23-24-41,M0K,4416,41,75024,23,7544,39664,15744,24,7872,384,7872,656,21760
384x384x384w39-24-23,384,384,384,39,24,23,39-24-23,M0K,7488,23,76528,39,7176,38160,8832,24,4416,768,4416,736,21760
384x384x384w41-24-23,384,384,384,41,24,23,41-24-23,M0K,7872,23,75024,41,7544,39664,8832,24,4416,960,4416,920,21760
384x384x384w23-24-42,384,384,384,23,24,42,23-24-42,M0K,4416,42,74272,23,7728,40416,16128,24,8064,384,8064,672,21760
384x384x384w24-40-23,384,384,384,24,40,23,24-40-23,0NK,7680,23,75776,24,4416,38912,14720,40,7360,960,7360,552,21760
384x384x384w23-24-40,384,384,384,23,24,40,23-24-40,M0K,4416,40,75776,23,7360,38912,15360,24,7680,384,7680,640,21760
384x384x384w25-40-23,384,384,384,25,40,23,25-40-23,MNK,8000,23,74768,25,4600,39920,14720,40,7360,960,7360,552,21760
384x384x384w23-24-39,384,384,384,23,24,39,23-24-39,M0K,4416,39,76528,23,7176,38160,14976,24,7488,384,7488,624,21760
384x384x384w32-32-21,384,384,384,32,32,21,32-32-21,00K,8192,21,76800,32,5376,37888,10752,32,5376,1024,5376,672,21888
384x384x384w20-32-32,384,384,384,20,32,32,20-32-32,M00,5120,32,77824,20,5120,36864,16384,32,8192,512,8192,512,22464
384x384x384w42-24-22,384,384,384,42,24,22,42-24-22,M0K,8064,22,75328,42,7392,39360,8448,24,4224,960,4224,880,22464
384x384x384w31-32-22,384,384,384,31,32,22,31-32-22,M0K,7936,22,76640,31,5456,38048,11264,32,5632,768,5632,528,22464
384x384x384w30-32-22,384,384,384,30,32,22,30-32-22,M0K,7680,22,77504,30,5280,37184,11264,32,5632,768,5632,528,22464
384x384x384w22-32-30,384,384,384,22,32,30,22-32-30,M0K,5632,30,77504,22,5280,37184,15360,32,7680,512,7680,480,22464
384x384x384w22-32-31,384,384,384,22,32,31,22-32-31,M0K,5632,31,76640,22,5456,38048,15872,32,7936,512,7936,496,22464
384x384x384w25-24-37,384,384,384,25,24,37,25-24-37,M0K,4800,37,76080,25,7400,38608,14208,24,7104,576,7104,888,22528
384x384x384w35-24-25,384,384,384,35,24,25,35-24-25,M0K,6720,25,77648,35,7000,37040,9600,24,4800,768,4800,800,22528
384x384x384w24-24-37,384,384,384,24,24,37,24-24-37,00K,4608,37,77056,24,7104,37632,14208,24,7104,576,7104,888,22528
384x384x384w37-24-25,384,384,384,37,24,25,37-24-25,M0K,7104,25,76080,37,7400,38608,9600,24,4800,768,4800,800,22528
384x384x384w25-24-38,384,384,384,25,24,38,25-24-38,M0K,4800,38,75296,25,7600,39392,14592,24,7296,576,7296,912,22528
384x384x384w24-24-38,384,384,384,24,24,38,24-24-38,00K,4608,38,76288,24,7296,38400,14592,24,7296,576,7296,912,22528
384x384x384w24-24-35,384,384,384,24,24,35,24-24-35,00K,4608,35,78592,24,6720,36096,13440,24,6720,576,6720,840,22528
384x384x384w35-24-24,384,384,384,35,24,24,35-24-24,M00,6720,24,78592,35,6720,36096,9216,24,4608,768,4608,768,22528
384x384x384w36-24-24,384,384,384,36,24,24,36-24-24,M00,6912,24,77824,36,6912,36864,9216,24,4608,768,4608,768,22528
384x384x384w36-24-25,384,384,384,36,24,25,36-24-25,M0K,6912,25,76864,36,7200,37824,9600,24,4800,768,4800,800,22528
384x384x384w37-24-24,384,384,384,37,24,24,37-24-24,M00,7104,24,77056,37,7104,37632,9216,24,4608,768,4608,768,22528
384x384x384w24-24-36,384,384,384,24,24,36,24-24-36,00K,4608,36,77824,24,6912,36864,13824,24,6912,576,6912,864,22528
384x384x384w25-24-36,384,384,384,25,24,36,25-24-36,M0K,4800,36,76864,25,7200,37824,13824,24,6912,576,6912,864,22528
384x384x384w25-24-35,384,384,384,25,24,35,25-24-35,M0K,4800,35,77648,25,7000,37040,13440,24,6720,576,6720,840,22528
384x384x384w29-32-23,384,384,384,29,32,23,29-32-23,M0K,7424,23,77392,29,5336,37296,11776,32,5888,768,5888,552,22644
384x384x384w27-24-33,384,384,384,27,24,33,27-24-33,M0K,5184,33,77392,27,7128,37296,12672,24,6336,576,6336,792,22656
384x384x384w27-32-25,384,384,384,27,32,25,27-32-25,M0K,6912,25,77264,27,5400,37424,12800,32,6400,768,6400,600,22656
384x384x384w27-24-34,384,384,384,27,24,34,27-24-34,M0K,5184,34,76576,27,7344,38112,13056,24,6528,576,6528,816,22656
384x384x384w27-32-24,384,384,384,27,32,24,27-32-24,M00,6912,24,78208,27,5184,36480,12288,32,6144,768,6144,576,22656
384x384x384w27-24-32,384,384,384,27,24,32,27-24-32,M00,5184,32,78208,27,6912,36480,12288,24,6144,576,6144,768,22656
384x384x384w21-48-21,384,384,384,21,48,21,21-48-21,M0K,8064,21,75376,21,3528,39312,16128,48,8064,768,8064,336,22800
384x384x384w38-24-23,384,384,384,38,24,23,38-24-23,M0K,7296,23,77280,38,6992,37408,8832,24,4416,768,4416,736,22848
384x384x384w28-32-23,384,384,384,28,32,23,28-32-23,M0K,7168,23,78272,28,5152,36416,11776,32,5888,768,5888,552,22848
384x384x384w23-32-29,384,384,384,23,32,29,23-32-29,M0K,5888,29,77392,23,5336,37296,14848,32,7424,512,7424,464,22848
384x384x384w23-32-28,384,384,384,23,32,28,23-32-28,M0K,5888,28,78272,23,5152,36416,14336,32,7168,512,7168,448,22848
384x384x384w32-32-20,384,384,384,32,32,20,32-32-20,00K,8192,20,77824,32,5120,36864,10240,32,5120,1024,5120,640,23040
384x384x384w26-24-34,384,384,384,26,24,34,26-24-34,M0K,4992,34,77504,26,7072,37184,13056,24,6528,576,6528,816,23040
384x384x384w39-24-22,384,384,384,39,24,22,39-24-22,M0K,7488,22,77536,39,6864,37152,8448,24,4224,768,4224,704,23040
384x384x384w26-32-25,384,384,384,26,32,25,26-32-25,M0K,6656,25,78176,26,5200,36512,12800,32,6400,768,6400,600,23040
384x384x384w24-32-27,384,384,384,24,32,27,24-32-27,00K,6144,27,78208,24,5184,36480,13824,32,6912,768,6912,648,23040
384x384x384w22-40-25,384,384,384,22,40,25,22-40-25,MNK,7040,25,75808,22,4400,38880,16000,40,8000,640,8000,400,23040
384x384x384w34-24-27,384,384,384,34,24,27,34-24-27,M0K,6528,27,76576,34,7344,38112,10368,24,5184,768,5184,864,23040
384x384x384w22-24-40,384,384,384,22,24,40,22-24-40,M0K,4224,40,76800,22,7040,37888,15360,24,7680,384,7680,640,23040
384x384x384w22-24-41,384,384,384,22,24,41,22-24-41,M0K,4224,41,76064,22,7216,38624,15744,24,7872,384,7872,656,23040
384x384x384w33-24-26,384,384,384,33,24,26,33-24-26,M0K,6336,26,78304,33,6864,36384,9984,24,4992,768,4992,832,23040
384x384x384w22-40-24,384,384,384,22,40,24,22-40-24,MN0,7040,24,76800,22,4224,37888,15360,40,7680,640,7680,384,23040
384x384x384w22-24-39,384,384,384,22,24,39,22-24-39,M0K,4224,39,77536,22,6864,37152,14976,24,7488,384,7488,624,23040
384x384x384w32-24-27,384,384,384,32,24,27,32-24-27,00K,6144,27,78208,32,6912,36480,10368,24,5184,768,5184,864,23040
384x384x384w41-24-22,384,384,384,41,24,22,41-24-22,M0K,7872,22,76064,41,7216,38624,8448,24,4224,960,4224,880,23040
384x384x384w26-32-24,384,384,384,26,32,24,26-32-24,M00,6656,24,79104,26,4992,35584,12288,32,6144,768,6144,576,23040
384x384x384w25-40-22,384,384,384,25,40,22,25-40-22,MNK,8000,22,75808,25,4400,38880,14080,40,7040,960,7040,528,23040
384x384x384w40-24-22,384,384,384,40,24,22,40-24-22,M0K,7680,22,76800,40,7040,37888,8448,24,4224,960,4224,880,23040
384x384x384w34-24-26,384,384,384,34,24,26,34-24-26,M0K,6528,26,77504,34,7072,37184,9984,24,4992,768,4992,832,23040
384x384x384w25-32-26,384,384,384,25,32,26,25-32-26,M0K,6400,26,78176,25,5200,36512,13312,32,6656,768,6656,624,23040
384x384x384w22-24-42,384,384,384,22,24,42,22-24-42,M0K,4224,42,75328,22,7392,39360,16128,24,8064,384,8064,672,23040
384x384x384w33-24-27,384,384,384,33,24,27,33-24-27,M0K,6336,27,77392,33,7128,37296,10368,24,5184,768,5184,864,23040
384x384x384w26-24-33,384,384,384,26,24,33,26-24-33,M0K,4992,33,78304,26,6864,36384,12672,24,6336,576,6336,792,23040
384x384x384w26-24-32,384,384,384,26,24,32,26-24-32,M00,4992,32,79104,26,6656,35584,12288,24,6144,576,6144,768,23040
384x384x384w24-32-26,384,384,384,24,32,26,24-32-26,00K,6144,26,79104,24,4992,35584,13312,32,6656,768,6656,624,23040
384x384x384w32-24-26,384,384,384,32,24,26,32-24-26,00K,6144,26,79104,32,6656,35584,9984,24,4992,768,4992,832,23040
384x384x384w25-32-27,384,384,384,25,32,27,25-32-27,M0K,6400,27,77264,25,5400,37424,13824,32,6912,768,6912,648,23040
384x384x384w24-40-22,384,384,384,24,40,22,24-40-22,0NK,7680,22,76800,24,4224,37888,14080,40,7040,960,7040,528,23040
384x384x384w29-24-30,384,384,384,29,24,30,29-24-30,M0K,5568,30,78112,29,6960,36576,11520,24,5760,576,5760,720,23088
384x384x384w29-24-31,384,384,384,29,24,31,29-24-31,M0K,5568,31,77264,29,7192,37424,11904,24,5952,576,5952,744,23088
384x384x384w23-40-23,384,384,384,23,40,23,23-40-23,MNK,7360,23,76784,23,4232,37904,14720,40,7360,640,7360,368,23120
384x384x384w30-24-29,384,384,384,30,24,29,30-24-29,M0K,5760,29,78112,30,6960,36576,11136,24,5568,576,5568,696,23296
384x384x384w31-24-28,384,384,384,31,24,28,31-24-28,M0K,5952,28,78144,31,6944,36544,10752,24,5376,576,5376,672,23296
384x384x384w28-24-30,384,384,384,28,24,30,28-24-30,M0K,5376,30,78976,28,6720,35712,11520,24,5760,576,5760,720,23296
384x384x384w31-24-29,384,384,384,31,24,29,31-24-29,M0K,5952,29,77264,31,7192,37424,11136,24,5568,576,5568,696,23296
384x384x384w30-24-28,384,384,384,30,24,28,30-24-28,M0K,5760,28,78976,30,6720,35712,10752,24,5376,576,5376,672,23296
384x384x384w28-24-31,384,384,384,28,24,31,28-24-31,M0K,5376,31,78144,28,6944,36544,11904,24,5952,576,5952,744,23296
384x384x384w21-32-30,384,384,384,21,32,30,21-32-30,M0K,5376,30,78496,21,5040,36192,15360,32,7680,512,7680,480,23400
384x384x384w21-32-31,384,384,384,21,32,31,21-32-31,M0K,5376,31,77648,21,5208,37040,15872,32,7936,512,7936,496,23400
384x384x384w19-32-32,384,384,384,19,32,32,19-32-32,M00,4864,32,78848,19,4864,35840,16384,32,8192,512,8192,512,23616
384x384x384w31-32-21,384,384,384,31,32,21,31-32-21,M0K,7936,21,77648,31,5208,37040,10752,32,5376,768,5376,504,23712
384x384x384w20-48-21,384,384,384,20,48,21,20-48-21,M0K,7680,21,76480,20,3360,38208,16128,48,8064,768,8064,336,23712
384x384x384w42-24-21,384,384,384,42,24,21,42-24-21,M0K,8064,21,76384,42,7056,38304,8064,24,4032,960,4032,840,23712
384x384x384w30-32-21,384,384,384,30,32,21,30-32-21,M0K,7680,21,78496,30,5040,36192,10752,32,5376,768,5376,504,23712
384x384x384w35-24-23,384,384,384,35,24,23,35-24-23,M0K,6720,23,79536,35,6440,35152,8832,24,4416,768,4416,736,23936
384x384x384w36-24-23,384,384,384,36,24,23,36-24-23,M0K,6912,23,78784,36,6624,35904,8832,24,4416,768,4416,736,23936
384x384x384w23-24-35,384,384,384,23,24,35,23-24-35,M0K,4416,35,79536,23,6440,35152,13440,24,6720,384,6720,560,23936
384x384x384w23-24-38,384,384,384,23,24,38,23-24-38,M0K,4416,38,77280,23,6992,37408,14592,24,7296,384,7296,608,23936
384x384x384w37-24-23,384,384,384,37,24,23,37-24-23,M0K,7104,23,78032,37,6808,36656,8832,24,4416,768,4416,736,23936
384x384x384w23-24-37,384,384,384,23,24,37,23-24-37,M0K,4416,37,78032,23,6808,36656,14208,24,7104,384,7104,592,23936
384x384x384w23-24-36,384,384,384,23,24,36,23-24-36,M0K,4416,36,78784,23,6624,35904,13824,24,6912,384,6912,576,23936
384x384x384w29-32-22,384,384,384,29,32,22,29-32-22,M0K,7424,22,78368,29,5104,36320,11264,32,5632,768,5632,528,23976
384x384x384w21-24-40,384,384,384,21,24,40,21-24-40,M0K,4032,40,77824,21,6720,36864,15360,24,7680,384,7680,640,24000
384x384x384w21-24-42,384,384,384,21,24,42,21-24-42,M0K,4032,42,76384,21,7056,38304,16128,24,8064,384,8064,672,24000
384x384x384w21-48-20,384,384,384,21,48,20,21-48-20,M0K,8064,20,76480,21,3360,38208,15360,48,7680,768,7680,320,24000
384x384x384w21-40-25,384,384,384,21,40,25,21-40-25,MNK,6720,25,76848,21,4200,37840,16000,40,8000,640,8000,400,24000
384x384x384w21-24-41,384,384,384,21,24,41,21-24-41,M0K,4032,41,77104,21,6888,37584,15744,24,7872,384,7872,656,24000
384x384x384w21-40-24,384,384,384,21,40,24,21-40-24,MN0,6720,24,77824,21,4032,36864,15360,40,7680,640,7680,384,24000
384x384x384w21-24-39,384,384,384,21,24,39,21-24-39,M0K,4032,39,78544,21,6552,36144,14976,24,7488,384,7488,624,24000
384x384x384w27-32-23,384,384,384,27,32,23,27-32-23,M0K,6912,23,79152,27,4968,35536,11776,32,5888,768,5888,552,24072
384x384x384w22-32-28,384,384,384,22,32,28,22-32-28,M0K,5632,28,79232,22,4928,35456,14336,32,7168,512,7168,448,24192
384x384x384w28-32-22,384,384,384,28,32,22,28-32-22,M0K,7168,22,79232,28,4928,35456,11264,32,5632,768,5632,528,24192
384x384x384w32-32-19,384,384,384,32,32,19,32-32-19,00K,8192,19,78848,32,4864,35840,9728,32,4864,1024,4864,608,24192
384x384x384w38-24-22,384,384,384,38,24,22,38-24-22,M0K,7296,22,78272,38,6688,36416,8448,24,4224,768,4224,704,24192
384x384x384w22-32-29,384,384,384,22,32,29,22-32-29,M0K,5632,29,78368,22,5104,36320,14848,32,7424,512,7424,464,24192
384x384x384w41-24-21,384,384,384,41,24,21,41-24-21,M0K,7872,21,77104,41,6888,37584,8064,24,4032,960,4032,840,24320
384x384x384w24-40-21,384,384,384,24,40,21,24-40-21,0NK,7680,21,77824,24,4032,36864,13440,40,6720,960,6720,504,24320
384x384x384w40-24-21,384,384,384,40,24,21,40-24-21,M0K,7680,21,77824,40,6720,36864,8064,24,4032,960,4032,840,24320
384x384x384w25-40-21,384,384,384,25,40,21,25-40-21,MNK,8000,21,76848,25,4200,37840,13440,40,6720,960,6720,504,24320
384x384x384w39-24-21,384,384,384,39,24,21,39-24-21,M0K,7488,21,78544,39,6552,36144,8064,24,4032,768,4032,672,24320
384x384x384w20-32-31,384,384,384,20,32,31,20-32-31,M0K,5120,31,78656,20,4960,36032,15872,32,7936,512,7936,496,24336
384x384x384w20-32-30,384,384,384,20,32,30,20-32-30,M0K,5120,30,79488,20,4800,35200,15360,32,7680,512,7680,480,24336
384x384x384w22-40-23,384,384,384,22,40,23,22-40-23,MNK,7040,23,77792,22,4048,36896,14720,40,7360,640,7360,368,24480
384x384x384w23-40-22,384,384,384,23,40,22,23-40-22,MNK,7360,22,77792,23,4048,36896,14080,40,7040,640,7040,352,24480
384x384x384w23-32-26,384,384,384,23,32,26,23-32-26,M0K,5888,26,80032,23,4784,34656,13312,32,6656,512,6656,416,24480
384x384x384w26-32-23,384,384,384,26,32,23,26-32-23,M0K,6656,23,80032,26,4784,34656,11776,32,5888,768,5888,552,24480
384x384x384w23-32-27,384,384,384,23,32,27,23-32-27,M0K,5888,27,79152,23,4968,35536,13824,32,6912,512,6912,432,24480
384x384x384w27-24-31,384,384,384,27,24,31,27-24-31,M0K,5184,31,79024,27,6696,35664,11904,24,5952,576,5952,744,24544
384x384x384w27-24-30,384,384,384,27,24,30,27-24-30,M0K,5184,30,79840,27,6480,34848,11520,24,5760,576,5760,720,24544
384x384x384w24-24-32,384,384,384,24,24,32,24-24-32,000,4608,32,80896,24,6144,33792,12288,24,6144,576,6144,768,24576
384x384x384w33-24-24,384,384,384,33,24,24,33-24-24,M00,6336,24,80128,33,6336,34560,9216,24,4608,768,4608,768,24576
384x384x384w32-24-25,384,384,384,32,24,25,32-24-25,00K,6144,25,80000,32,6400,34688,9600,24,4800,768,4800,800,24576
384x384x384w25-24-33,384,384,384,25,24,33,25-24-33,M0K,4800,33,79216,25,6600,35472,12672,24,6336,576,6336,792,24576
384x384x384w24-24-33,384,384,384,24,24,33,24-24-33,00K,4608,33,80128,24,6336,34560,12672,24,6336,576,6336,792,24576
384x384x384w24-32-24,384,384,384,24,32,24,24-32-24,000,6144,24,80896,24,4608,33792,12288,32,6144,768,6144,576,24576
384x384x384w25-24-34,384,384,384,25,24,34,25-24-34,M0K,4800,34,78432,25,6800,36256,13056,24,6528,576,6528,816,24576
384x384x384w24-32-25,384,384,384,24,32,25,24-32-25,00K,6144,25,80000,24,4800,34688,12800,32,6400,768,6400,600,24576
384x384x384w33-24-25,384,384,384,33,24,25,33-24-25,M0K,6336,25,79216,33,6600,35472,9600,24,4800,768,4800,800,24576
384x384x384w32-24-24,384,384,384,32,24,24,32-24-24,000,6144,24,80896,32,6144,33792,9216,24,4608,768,4608,768,24576
384x384x384w25-24-32,384,384,384,25,24,32,25-24-32,M00,4800,32,80000,25,6400,34688,12288,24,6144,576,6144,768,24576
384x384x384w34-24-24,384,384,384,34,24,24,34-24-24,M00,6528,24,79360,34,6528,35328,9216,24,4608,768,4608,768,24576
384x384x384w25-32-24,384,384,384,25,32,24,25-32-24,M00,6400,24,80000,25,4800,34688,12288,32,6144,768,6144,576,24576
384x384x384w25-32-25,384,384,384,25,32,25,25-32-25,M0K,6400,25,79088,25,5000,35600,12800,32,6400,768,6400,600,24576
384x384x384w34-24-25,384,384,384,34,24,25,34-24-25,M0K,6528,25,78432,34,6800,36256,9600,24,4800,768,4800,800,24576
384x384x384w24-24-34,384,384,384,24,24,34,24-24-34,00K,4608,34,79360,24,6528,35328,13056,24,6528,576,6528,816,24576
384x384x384w29-24-28,384,384,384,29,24,28,29-24-28,M0K,5568,28,79808,29,6496,34880,10752,24,5376,576,5376,672,24864
384x384x384w29-24-29,384,384,384,29,24,29,29-24-29,M0K,5568,29,78960,29,6728,35728,11136,24,5568,576,5568,696,24864
384x384x384w19-48-21,384,384,384,19,48,21,19-48-21,M0K,7296,21,77584,19,3192,37104,16128,48,8064,768,8064,336,24928
384x384x384w30-24-26,384,384,384,30,24,26,30-24-26,M0K,5760,26,80704,30,6240,33984,9984,24,4992,576,4992,624,24960
384x384x384w31-32-20,384,384,384,31,32,20,31-32-20,M0K,7936,20,78656,31,4960,36032,10240,32,5120,768,5120,480,24960
384x384x384w31-24-26,384,384,384,31,24,26,31-24-26,M0K,5952,26,79904,31,6448,34784,9984,24,4992,576,4992,624,24960
384x384x384w20-48-20,384,384,384,20,48,20,20-48-20,M0K,7680,20,77568,20,3200,37120,15360,48,7680,768,7680,320,24960
384x384x384w20-24-41,384,384,384,20,24,41,20-24-41,M0K,3840,41,78144,20,6560,36544,15744,24,7872,384,7872,656,24960
384x384x384w30-32-20,384,384,384,30,32,20,30-32-20,M0K,7680,20,79488,30,4800,35200,10240,32,5120,768,5120,480,24960
384x384x384w31-24-27,384,384,384,31,24,27,31-24-27,M0K,5952,27,79024,31,6696,35664,10368,24,5184,576,5184,648,24960
384x384x384w20-24-42,384,384,384,20,24,42,20-24-42,M0K,3840,42,77440,20,6720,37248,16128,24,8064,384,8064,672,24960
384x384x384w26-24-31,384,384,384,26,24,31,26-24-31,M0K,4992,31,79904,26,6448,34784,11904,24,5952,576,5952,744,24960
384x384x384w20-40-24,384,384,384,20,40,24,20-40-24,MN0,6400,24,78848,20,3840,35840,15360,40,7680,640,7680,384,24960
384x384x384w26-24-30,384,384,384,26,24,30,26-24-30,M0K,4992,30,80704,26,6240,33984,11520,24,5760,576,5760,720,24960
384x384x384w20-40-25,384,384,384,20,40,25,20-40-25,MNK,6400,25,77888,20,4000,36800,16000,40,8000,640,8000,400,24960
384x384x384w30-24-27,384,384,384,30,24,27,30-24-27,M0K,5760,27,79840,30,6480,34848,10368,24,5184,576,5184,648,24960
384x384x384w20-24-40,384,384,384,20,24,40,20-24-40,M0K,3840,40,78848,20,6400,35840,15360,24,7680,384,7680,640,24960
384x384x384w20-24-39,384,384,384,20,24,39,20-24-39,M0K,3840,39,79552,20,6240,35136,14976,24,7488,384,7488,624,24960
384x384x384w42-24-20,384,384,384,42,24,20,42-24-20,M0K,8064,20,77440,42,6720,37248,7680,24,3840,960,3840,800,24960
384x384x384w18-32-32,384,384,384,18,32,32,18-32-32,M00,4608,32,79872,18,4608,34816,16384,32,8192,512,8192,512,25056
384x384x384w28-24-29,384,384,384,28,24,29,28-24-29,M0K,5376,29,79808,28,6496,34880,11136,24,5568,576,5568,696,25088
384x384x384w28-24-28,384,384,384,28,24,28,28-24-28,M0K,5376,28,80640,28,6272,34048,10752,24,5376,576,5376,672,25088
384x384x384w21-48-19,384,384,384,21,48,19,21-48-19,M0K,8064,19,77584,21,3192,37104,14592,48,7296,768,7296,304,25200
384x384x384w21-32-28,384,384,384,21,32,28,21-32-28,M0K,5376,28,80192,21,4704,34496,14336,32,7168,512,7168,448,25200
384x384x384w21-32-29,384,384,384,21,32,29,21-32-29,M0K,5376,29,79344,21,4872,35344,14848,32,7424,512,7424,464,25200
384x384x384w29-32-21,384,384,384,29,32,21,29-32-21,M0K,7424,21,79344,29,4872,35344,10752,32,5376,768,5376,504,25308
384x384x384w32-32-18,384,384,384,32,32,18,32-32-18,00K,8192,18,79872,32,4608,34816,9216,32,4608,1024,4608,576,25344
384x384x384w37-24-22,384,384,384,37,24,22,37-24-22,M0K,7104,22,79008,37,6512,35680,8448,24,4224,768,4224,704,25344
384x384x384w22-24-38,384,384,384,22,24,38,22-24-38,M0K,4224,38,78272,22,6688,36416,14592,24,7296,384,7296,608,25344
384x384x384w22-24-37,384,384,384,22,24,37,22-24-37,M0K,4224,37,79008,22,6512,35680,14208,24,7104,384,7104,592,25344
384x384x384w22-24-36,384,384,384,22,24,36,22-24-36,M0K,4224,36,79744,22,6336,34944,13824,24,6912,384,6912,576,25344
384x384x384w22-24-35,384,384,384,22,24,35,22-24-35,M0K,4224,35,80480,22,6160,34208,13440,24,6720,384,6720,560,25344
384x384x384w35-24-22,384,384,384,35,24,22,35-24-22,M0K,6720,22,80480,35,6160,34208,8448,24,4224,768,4224,704,25344
384x384x384w36-24-22,384,384,384,36,24,22,36-24-22,M0K,6912,22,79744,36,6336,34944,8448,24,4224,768,4224,704,25344
384x384x384w27-32-22,384,384,384,27,32,22,27-32-22,M0K,6912,22,80096,27,4752,34592,11264,32,5632,768,5632,528,25488
384x384x384w21-40-23,384,384,384,21,40,23,21-40-23,MNK,6720,23,78800,21,3864,35888,14720,40,7360,640,7360,368,25500
384x384x384w38-24-21,384,384,384,38,24,21,38-24-21,M0K,7296,21,79264,38,6384,35424,8064,24,4032,768,4032,672,25536
384x384x384w28-32-21,384,384,384,28,32,21,28-32-21,M0K,7168,21,80192,28,4704,34496,10752,32,5376,768,5376,504,25536
384x384x384w19-32-30,384,384,384,19,32,30,19-32-30,M0K,4864,30,80480,19,4560,34208,15360,32,7680,512,7680,480,25584
384x384x384w19-32-31,384,384,384,19,32,31,19-32-31,M0K,4864,31,79664,19,4712,35024,15872,32,7936,512,7936,496,25584
384x384x384w25-40-20,384,384,384,25,40,20,25-40-20,MNK,8000,20,77888,25,4000,36800,12800,40,6400,960,6400,480,25600
384x384x384w24-40-20,384,384,384,24,40,20,24-40-20,0NK,7680,20,78848,24,3840,35840,12800,40,6400,960,6400,480,25600
384x384x384w41-24-20,384,384,384,41,24,20,41-24-20,M0K,7872,20,78144,41,6560,36544,7680,24,3840,960,3840,800,25600
384x384x384w40-24-20,384,384,384,40,24,20,40-24-20,M0K,7680,20,78848,40,6400,35840,7680,24,3840,960,3840,800,25600
384x384x384w39-24-20,384,384,384,39,24,20,39-24-20,M0K,7488,20,79552,39,6240,35136,7680,24,3840,768,3840,640,25600
384x384x384w23-40-21,384,384,384,23,40,21,23-40-21,MNK,7360,21,78800,23,3864,35888,13440,40,6720,640,6720,336,25840
384x384x384w22-32-27,384,384,384,22,32,27,22-32-27,M0K,5632,27,80096,22,4752,34592,13824,32,6912,512,6912,432,25920
384x384x384w22-40-22,384,384,384,22,40,22,22-40-22,MNK,7040,22,78784,22,3872,35904,14080,40,7040,640,7040,352,25920
384x384x384w26-32-22,384,384,384,26,32,22,26-32-22,M0K,6656,22,80960,26,4576,33728,11264,32,5632,768,5632,528,25920
384x384x384w22-32-26,384,384,384,22,32,26,22-32-26,M0K,5632,26,80960,22,4576,33728,13312,32,6656,512,6656,416,25920
384x384x384w23-32-25,384,384,384,23,32,25,23-32-25,M0K,5888,25,80912,23,4600,33776,12800,32,6400,512,6400,400,26112
384x384x384w25-32-23,384,384,384,25,32,23,25-32-23,M0K,6400,23,80912,25,4600,33776,11776,32,5888,768,5888,552,26112
384x384x384w33-24-23,384,384,384,33,24,23,33-24-23,M0K,6336,23,81040,33,6072,33648,8832,24,4416,768,4416,736,26112
384x384x384w32-24-23,384,384,384,32,24,23,32-24-23,00K,6144,23,81792,32,5888,32896,8832,24,4416,768,4416,736,26112
384x384x384w24-32-23,384,384,384,24,32,23,24-32-23,00K,6144,23,81792,24,4416,32896,11776,32,5888,768,5888,552,26112
384x384x384w23-24-32,384,384,384,23,24,32,23-24-32,M00,4416,32,81792,23,5888,32896,12288,24,6144,384,6144,512,26112
384x384x384w23-24-33,384,384,384,23,24,33,23-24-33,M0K,4416,33,81040,23,6072,33648,12672,24,6336,384,6336,528,26112
384x384x384w34-24-23,384,384,384,34,24,23,34-24-23,M0K,6528,23,80288,34,6256,34400,8832,24,4416,768,4416,736,26112
384x384x384w23-32-24,384,384,384,23,32,24,23-32-24,M00,5888,24,81792,23,4416,32896,12288,32,6144,512,6144,384,26112
384x384x384w23-24-34,384,384,384,23,24,34,23-24-34,M0K,4416,34,80288,23,6256,34400,13056,24,6528,384,6528,544,26112
384x384x384w42-24-19,384,384,384,42,24,19,42-24-19,M0K,8064,19,78496,42,6384,36192,7296,24,3648,960,3648,760,26208
384x384x384w20-48-19,384,384,384,20,48,19,20-48-19,M0K,7680,19,78656,20,3040,36032,14592,48,7296,768,7296,304,26208
384x384x384w20-32-28,384,384,384,20,32,28,20-32-28,M0K,5120,28,81152,20,4480,33536,14336,32,7168,512,7168,448,26208
384x384x384w31-32-19,384,384,384,31,32,19,31-32-19,M0K,7936,19,79664,31,4712,35024,9728,32,4864,768,4864,456,26208
384x384x384w30-32-19,384,384,384,30,32,19,30-32-19,M0K,7680,19,80480,30,4560,34208,9728,32,4864,768,4864,456,26208
384x384x384w20-32-29,384,384,384,20,32,29,20-32-29,M0K,5120,29,80320,20,4640,34368,14848,32,7424,512,7424,464,26208
384x384x384w19-24-42,384,384,384,19,24,42,19-24-42,M0K,3648,42,78496,19,6384,36192,16128,24,8064,384,8064,672,26240
384x384x384w19-24-39,384,384,384,19,24,39,19-24-39,M0K,3648,39,80560,19,5928,34128,14976,24,7488,384,7488,624,26240
384x384x384w19-24-40,384,384,384,19,24,40,19-24-40,M0K,3648,40,79872,19,6080,34816,15360,24,7680,384,7680,640,26240
384x384x384w19-24-41,384,384,384,19,24,41,19-24-41,M0K,3648,41,79184,19,6232,35504,15744,24,7872,384,7872,656,26240
384x384x384w19-48-20,384,384,384,19,48,20,19-48-20,M0K,7296,20,78656,19,3040,36032,15360,48,7680,768,7680,320,26240
384x384x384w19-40-25,384,384,384,19,40,25,19-40-25,MNK,6080,25,78928,19,3800,35760,16000,40,8000,640,8000,400,26240
384x384x384w19-40-24,384,384,384,19,40,24,19-40-24,MN0,6080,24,79872,19,3648,34816,15360,40,7680,640,7680,384,26240
384x384x384w21-24-35,384,384,384,21,24,35,21-24-35,M0K,4032,35,81424,21,5880,33264,13440,24,6720,384,6720,560,26400
384x384x384w21-24-36,384,384,384,21,24,36,21-24-36,M0K,4032,36,80704,21,6048,33984,13824,24,6912,384,6912,576,26400
384x384x384w21-24-37,384,384,384,21,24,37,21-24-37,M0K,4032,37,79984,21,6216,34704,14208,24,7104,384,7104,592,26400
384x384x384w21-48-18,384,384,384,21,48,18,21-48-18,M0K,8064,18,78688,21,3024,36000,13824,48,6912,768,6912,288,26400
384x384x384w21-24-38,384,384,384,21,24,38,21-24-38,M0K,4032,38,79264,21,6384,35424,14592,24,7296,384,7296,608,26400
384x384x384w27-24-29,384,384,384,27,24,29,27-24-29,M0K,5184,29,80656,27,6264,34032,11136,24,5568,576,5568,696,26432
384x384x384w27-24-28,384,384,384,27,24,28,27-24-28,M0K,5184,28,81472,27,6048,33216,10752,24,5376,576,5376,672,26432
384x384x384w18-48-21,384,384,384,18,48,21,18-48-21,M0K,6912,21,78688,18,3024,36000,16128,48,8064,768,8064,336,26448
384x384x384w32-32-17,384,384,384,32,32,17,32-32-17,00K,8192,17,80896,32,4352,33792,8704,32,4352,1024,4352,544,26496
384x384x384w17-32-32,384,384,384,17,32,32,17-32-32,M00,4352,32,80896,17,4352,33792,16384,32,8192,512,8192,512,26496
384x384x384w20-40-23,384,384,384,20,40,23,20-40-23,MNK,6400,23,79808,20,3680,34880,14720,40,7360,640,7360,368,26520
384x384x384w31-24-24,384,384,384,31,24,24,31-24-24,M00,5952,24,81664,31,5952,33024,9216,24,4608,576,4608,576,26624
384x384x384w31-24-25,384,384,384,31,24,25,31-24-25,M0K,5952,25,80784,31,6200,33904,9600,24,4800,576,4800,600,26624
384x384x384w24-24-30,384,384,384,24,24,30,24-24-30,00K,4608,30,82432,24,5760,32256,11520,24,5760,576,5760,720,26624
384x384x384w25-24-30,384,384,384,25,24,30,25-24-30,M0K,4800,30,81568,25,6000,33120,11520,24,5760,576,5760,720,26624
384x384x384w30-24-25,384,384,384,30,24,25,30-24-25,M0K,5760,25,81568,30,6000,33120,9600,24,4800,576,4800,600,26624
384x384x384w30-24-24,384,384,384,30,24,24,30-24-24,M00,5760,24,82432,30,5760,32256,9216,24,4608,576,4608,576,26624
384x384x384w25-24-31,384,384,384,25,24,31,25-24-31,M0K,4800,31,80784,25,6200,33904,11904,24,5952,576,5952,744,26624
384x384x384w24-24-31,384,384,384,24,24,31,24-24-31,00K,4608,31,81664,24,5952,33024,11904,24,5952,576,5952,744,26624
384x384x384w29-24-27,384,384,384,29,24,27,29-24-27,M0K,5568,27,80656,29,6264,34032,10368,24,5184,576,5184,648,26640
384x384x384w29-24-26,384,384,384,29,24,26,29-24-26,M0K,5568,26,81504,29,6032,33184,9984,24,4992,576,4992,624,26640
384x384x384w29-32-20,384,384,384,29,32,20,29-32-20,M0K,7424,20,80320,29,4640,34368,10240,32,5120,768,5120,480,26640
384x384x384w35-24-21,384,384,384,35,24,21,35-24-21,M0K,6720,21,81424,35,5880,33264,8064,24,4032,768,4032,672,26752
384x384x384w37-24-21,384,384,384,37,24,21,37-24-21,M0K,7104,21,79984,37,6216,34704,8064,24,4032,768,4032,672,26752
384x384x384w36-24-21,384,384,384,36,24,21,36-24-21,M0K,6912,21,80704,36,6048,33984,8064,24,4032,768,4032,672,26752
384x384x384w18-56-18,384,384,384,18,56,18,18-56-18,MNK,8064,18,77248,18,2592,37440,16128,56,8064,896,8064,288,26796
384x384x384w28-24-26,384,384,384,28,24,26,28-24-26,M0K,5376,26,82304,28,5824,32384,9984,24,4992,576,4992,624,26880
384x384x384w40-24-19,384,384,384,40,24,19,40-24-19,M0K,7680,19,79872,40,6080,34816,7296,24,3648,960,3648,760,26880
384x384x384w28-24-27,384,384,384,28,24,27,28-24-27,M0K,5376,27,81472,28,6048,33216,10368,24,5184,576,5184,648,26880
384x384x384w39-24-19,384,384,384,39,24,19,39-24-19,M0K,7488,19,80560,39,5928,34128,7296,24,3648,768,3648,608,26880
384x384x384w26-24-28,384,384,384,26,24,28,26-24-28,M0K,4992,28,82304,26,5824,32384,10752,24,5376,576,5376,672,26880
384x384x384w38-24-20,384,384,384,38,24,20,38-24-20,M0K,7296,20,80256,38,6080,34432,7680,24,3840,768,3840,640,26880
384x384x384w26-24-29,384,384,384,26,24,29,26-24-29,M0K,4992,29,81504,26,6032,33184,11136,24,5568,576,5568,696,26880
384x384x384w25-40-19,384,384,384,25,40,19,25-40-19,MNK,8000,19,78928,25,3800,35760,12160,40,6080,960,6080,456,26880
384x384x384w28-32-20,384,384,384,28,32,20,28-32-20,M0K,7168,20,81152,28,4480,33536,10240,32,5120,768,5120,480,26880
384x384x384w24-40-19,384,384,384,24,40,19,24-40-19,0NK,7680,19,79872,24,3648,34816,12160,40,6080,960,6080,456,26880
384x384x384w41-24-19,384,384,384,41,24,19,41-24-19,M0K,7872,19,79184,41,6232,35504,7296,24,3648,960,3648,760,26880
384x384x384w27-32-21,384,384,384,27,32,21,27-32-21,M0K,6912,21,81040,27,4536,33648,10752,32,5376,768,5376,504,26904
384x384x384w21-32-27,384,384,384,21,32,27,21-32-27,M0K,5376,27,81040,21,4536,33648,13824,32,6912,512,6912,432,27000
384x384x384w21-32-26,384,384,384,21,32,26,21-32-26,M0K,5376,26,81888,21,4368,32800,13312,32,6656,512,6656,416,27000
384x384x384w21-40-22,384,384,384,21,40,22,21-40-22,MNK,6720,22,79776,21,3696,34912,14080,40,7040,640,7040,352,27000
384x384x384w18-32-30,384,384,384,18,32,30,18-32-30,M0K,4608,30,81472,18,4320,33216,15360,32,7680,512,7680,480,27144
384x384x384w18-32-31,384,384,384,18,32,31,18-32-31,M0K,4608,31,80672,18,4464,34016,15872,32,7936,512,7936,496,27144
384x384x384w23-40-20,384,384,384,23,40,20,23-40-20,MNK,7360,20,79808,23,3680,34880,12800,40,6400,640,6400,320,27200
384x384x384w26-32-21,384,384,384,26,32,21,26-32-21,M0K,6656,21,81888,26,4368,32800,10752,32,5376,768,5376,504,27360
384x384x384w22-40-21,384,384,384,22,40,21,22-40-21,MNK,7040,21,79776,22,3696,34912,13440,40,6720,640,6720,336,27360
384x384x384w30-32-18,384,384,384,30,32,18,30-32-18,M0K,7680,18,81472,30,4320,33216,9216,32,4608,768,4608,432,27456
384x384x384w31-32-18,384,384,384,31,32,18,31-32-18,M0K,7936,18,80672,31,4464,34016,9216,32,4608,768,4608,432,27456
384x384x384w20-48-18,384,384,384,20,48,18,20-48-18,M0K,7680,18,79744,20,2880,34944,13824,48,6912,768,6912,288,27456
384x384x384w42-24-18,384,384,384,42,24,18,42-24-18,M0K,8064,18,79552,42,6048,35136,6912,24,3456,960,3456,720,27456
384x384x384w20-24-38,384,384,384,20,24,38,20-24-38,M0K,3840,38,80256,20,6080,34432,14592,24,7296,384,7296,608,27456
384x384x384w20-24-36,384,384,384,20,24,36,20-24-36,M0K,3840,36,81664,20,5760,33024,13824,24,6912,384,6912,576,27456
384x384x384w20-24-37,384,384,384,20,24,37,20-24-37,M0K,3840,37,80960,20,5920,33728,14208,24,7104,384,7104,592,27456
384x384x384w20-24-35,384,384,384,20,24,35,20-24-35,M0K,3840,35,82368,20,5600,32320,13440,24,6720,384,6720,560,27456
384x384x384w19-32-28,384,384,384,19,32,28,19-32-28,M0K,4864,28,82112,19,4256,32576,14336,32,7168,512,7168,448,27552
384x384x384w19-48-19,384,384,384,19,48,19,19-48-19,M0K,7296,19,79728,19,2888,34960,14592,48,7296,768,7296,304,27552
384x384x384w19-32-29,384,384,384,19,32,29,19-32-29,M0K,4864,29,81296,19,4408,33392,14848,32,7424,512,7424,464,27552
384x384x384w21-48-17,384,384,384,21,48,17,21-48-17,M0K,8064,17,79792,21,2856,34896,13056,48,6528,768,6528,272,27600
384x384x384w16-32-32,384,384,384,16,32,32,16-32-32,000,4096,32,81920,16,4096,32768,16384,32,8192,512,8192,512,27648
384x384x384w33-24-22,384,384,384,33,24,22,33-24-22,M0K,6336,22,81952,33,5808,32736,8448,24,4224,768,4224,704,27648
384x384x384w64-16-16,384,384,384,64,16,16,64-16-16,000,8192,16,77824,64,8192,36864,4096,16,2048,1024,2048,1024,27648
384x384x384w22-24-32,384,384,384,22,24,32,22-24-32,M00,4224,32,82688,22,5632,32000,12288,24,6144,384,6144,512,27648
384x384x384w34-24-22,384,384,384,34,24,22,34-24-22,M0K,6528,22,81216,34,5984,33472,8448,24,4224,768,4224,704,27648
384x384x384w32-16-32,384,384,384,32,16,32,32-16-32,000,4096,32,81920,32,8192,32768,8192,16,4096,512,4096,1024,27648
384x384x384w16-64-16,384,384,384,16,64,16,16-64-16,000,8192,16,77824,16,2048,36864,16384,64,8192,1024,8192,256,27648
384x384x384w24-32-22,384,384,384,24,32,22,24-32-22,00K,6144,22,82688,24,4224,32000,11264,32,5632,768,5632,528,27648
384x384x384w22-32-25,384,384,384,22,32,25,22-32-25,M0K,5632,25,81824,22,4400,32864,12800,32,6400,512,6400,400,27648
384x384x384w16-16-64,384,384,384,16,16,64,16-16-64,000,2048,64,77824,16,8192,36864,16384,16,8192,256,8192,1024,27648
384x384x384w22-24-33,384,384,384,22,24,33,22-24-33,M0K,4224,33,81952,22,5808,32736,12672,24,6336,384,6336,528,27648
384x384x384w22-24-34,384,384,384,22,24,34,22-24-34,M0K,4224,34,81216,22,5984,33472,13056,24,6528,384,6528,544,27648
384x384x384w32-32-16,384,384,384,32,32,16,32-32-16,000,8192,16,81920,32,4096,32768,8192,32,4096,1024,4096,512,27648
384x384x384w32-24-22,384,384,384,32,24,22,32-24-22,00K,6144,22,82688,32,5632,32000,8448,24,4224,768,4224,704,27648
384x384x384w25-32-22,384,384,384,25,32,22,25-32-22,M0K,6400,22,81824,25,4400,32864,11264,32,5632,768,5632,528,27648
384x384x384w22-32-24,384,384,384,22,32,24,22-32-24,M00,5632,24,82688,22,4224,32000,12288,32,6144,512,6144,384,27648
384x384x384w23-32-23,384,384,384,23,32,23,23-32-23,M0K,5888,23,82672,23,4232,32016,11776,32,5888,512,5888,368,27744
384x384x384w18-24-39,384,384,384,18,24,39,18-24-39,M0K,3456,39,81568,18,5616,33120,14976,24,7488,384,7488,624,27840
384x384x384w18-24-40,384,384,384,18,24,40,18-24-40,M0K,3456,40,80896,18,5760,33792,15360,24,7680,384,7680,640,27840
384x384x384w18-40-25,384,384,384,18,40,25,18-40-25,MNK,5760,25,79968,18,3600,34720,16000,40,8000,640,8000,400,27840
384x384x384w18-24-41,384,384,384,18,24,41,18-24-41,M0K,3456,41,80224,18,5904,34464,15744,24,7872,384,7872,656,27840
384x384x384w18-24-42,384,384,384,18,24,42,18-24-42,M0K,3456,42,79552,18,6048,35136,16128,24,8064,384,8064,672,27840
384x384x384w18-40-24,384,384,384,18,40,24,18-40-24,MN0,5760,24,80896,18,3456,33792,15360,40,7680,640,7680,384,27840
384x384x384w18-48-20,384,384,384,18,48,20,18-48-20,M0K,6912,20,79744,18,2880,34944,15360,48,7680,768,7680,320,27840
384x384x384w19-40-23,384,384,384,19,40,23,19-40-23,MNK,6080,23,80816,19,3496,33872,14720,40,7360,640,7360,368,27880
384x384x384w17-48-21,384,384,384,17,48,21,17-48-21,M0K,6528,21,79792,17,2856,34896,16128,48,8064,768,8064,336,27968
384x384x384w29-32-19,384,384,384,29,32,19,29-32-19,M0K,7424,19,81296,29,4408,33392,9728,32,4864,768,4864,456,27972
384x384x384w18-56-17,384,384,384,18,56,17,18-56-17,MNK,8064,17,78432,18,2448,36256,15232,56,7616,896,7616,272,28014
384x384x384w20-40-22,384,384,384,20,40,22,20-40-22,MNK,6400,22,80768,20,3520,33920,14080,40,7040,640,7040,352,28080
384x384x384w20-32-27,384,384,384,20,32,27,20-32-27,M0K,5120,27,81984,20,4320,32704,13824,32,6912,512,6912,432,28080
384x384x384w20-32-26,384,384,384,20,32,26,20-32-26,M0K,5120,26,82816,20,4160,31872,13312,32,6656,512,6656,416,28080
384x384x384w25-40-18,384,384,384,25,40,18,25-40-18,MNK,8000,18,79968,25,3600,34720,11520,40,5760,960,5760,432,28160
384x384x384w35-24-20,384,384,384,35,24,20,35-24-20,M0K,6720,20,82368,35,5600,32320,7680,24,3840,768,3840,640,28160
384x384x384w39-24-18,384,384,384,39,24,18,39-24-18,M0K,7488,18,81568,39,5616,33120,6912,24,3456,768,3456,576,28160
384x384x384w36-24-20,384,384,384,36,24,20,36-24-20,M0K,6912,20,81664,36,5760,33024,7680,24,3840,768,3840,640,28160
384x384x384w37-24-20,384,384,384,37,24,20,37-24-20,M0K,7104,20,80960,37,5920,33728,7680,24,3840,768,3840,640,28160
384x384x384w40-24-18,384,384,384,40,24,18,40-24-18,M0K,7680,18,80896,40,5760,33792,6912,24,3456,960,3456,720,28160
384x384x384w41-24-18,384,384,384,41,24,18,41-24-18,M0K,7872,18,80224,41,5904,34464,6912,24,3456,960,3456,720,28160
384x384x384w24-40-18,384,384,384,24,40,18,24-40-18,0NK,7680,18,80896,24,3456,33792,11520,40,5760,960,5760,432,28160
384x384x384w28-32-19,384,384,384,28,32,19,28-32-19,M0K,7168,19,82112,28,4256,32576,9728,32,4864,768,4864,456,28224
384x384x384w38-24-19,384,384,384,38,24,19,38-24-19,M0K,7296,19,81248,38,5776,33440,7296,24,3648,768,3648,608,28224
384x384x384w30-24-23,384,384,384,30,24,23,30-24-23,M0K,5760,23,83296,30,5520,31392,8832,24,4416,576,4416,552,28288
384x384x384w23-24-30,384,384,384,23,24,30,23-24-30,M0K,4416,30,83296,23,5520,31392,11520,24,5760,384,5760,480,28288
384x384x384w23-24-31,384,384,384,23,24,31,23-24-31,M0K,4416,31,82544,23,5704,32144,11904,24,5952,384,5952,496,28288
384x384x384w31-24-23,384,384,384,31,24,23,31-24-23,M0K,5952,23,82544,31,5704,32144,8832,24,4416,576,4416,552,28288
384x384x384w27-24-27,384,384,384,27,24,27,27-24-27,M0K,5184,27,82288,27,5832,32400,10368,24,5184,576,5184,648,28320
384x384x384w27-24-26,384,384,384,27,24,26,27-24-26,M0K,5184,26,83104,27,5616,31584,9984,24,4992,576,4992,624,28320
384x384x384w27-32-20,384,384,384,27,32,20,27-32-20,M0K,6912,20,81984,27,4320,32704,10240,32,5120,768,5120,480,28320
384x384x384w17-56-18,384,384,384,17,56,18,17-56-18,MNK,7616,18,78432,17,2448,36256,16128,56,8064,896,8064,288,28336
384x384x384w29-24-24,384,384,384,29,24,24,29-24-24,M00,5568,24,83200,29,5568,31488,9216,24,4608,576,4608,576,28416
384x384x384w29-24-25,384,384,384,29,24,25,29-24-25,M0K,5568,25,82352,29,5800,32336,9600,24,4800,576,4800,600,28416
384x384x384w21-40-21,384,384,384,21,40,21,21-40-21,MNK,6720,21,80752,21,3528,33936,13440,40,6720,640,6720,336,28500
384x384x384w23-40-19,384,384,384,23,40,19,23-40-19,MNK,7360,19,80816,23,3496,33872,12160,40,6080,640,6080,304,28560
384x384x384w28-24-25,384,384,384,28,24,25,28-24-25,M0K,5376,25,83136,28,5600,31552,9600,24,4800,576,4800,600,28672
384x384x384w25-24-29,384,384,384,25,24,29,25-24-29,M0K,4800,29,82352,25,5800,32336,11136,24,5568,576,5568,696,28672
384x384x384w24-24-28,384,384,384,24,24,28,24-24-28,00K,4608,28,83968,24,5376,30720,10752,24,5376,576,5376,672,28672
384x384x384w28-24-24,384,384,384,28,24,24,28-24-24,M00,5376,24,83968,28,5376,30720,9216,24,4608,576,4608,576,28672
384x384x384w25-24-28,384,384,384,25,24,28,25-24-28,M0K,4800,28,83136,25,5600,31552,10752,24,5376,576,5376,672,28672
384x384x384w24-24-29,384,384,384,24,24,29,24-24-29,00K,4608,29,83200,24,5568,31488,11136,24,5568,576,5568,696,28672
384x384x384w31-32-17,384,384,384,31,32,17,31-32-17,M0K,7936,17,81680,31,4216,33008,8704,32,4352,768,4352,408,28704
384x384x384w17-32-30,384,384,384,17,32,30,17-32-30,M0K,4352,30,82464,17,4080,32224,15360,32,7680,512,7680,480,28704
384x384x384w30-32-17,384,384,384,30,32,17,30-32-17,M0K,7680,17,82464,30,4080,32224,8704,32,4352,768,4352,408,28704
384x384x384w42-24-17,384,384,384,42,24,17,42-24-17,M0K,8064,17,80608,42,5712,34080,6528,24,3264,960,3264,680,28704
384x384x384w20-48-17,384,384,384,20,48,17,20-48-17,M0K,7680,17,80832,20,2720,33856,13056,48,6528,768,6528,272,28704
384x384x384w17-32-31,384,384,384,17,32,31,17-32-31,M0K,4352,31,81680,17,4216,33008,15872,32,7936,512,7936,496,28704
384x384x384w21-32-24,384,384,384,21,32,24,21-32-24,M00,5376,24,83584,21,4032,31104,12288,32,6144,512,6144,384,28800
384x384x384w21-32-25,384,384,384,21,32,25,21-32-25,M0K,5376,25,82736,21,4200,31952,12800,32,6400,512,6400,400,28800
384x384x384w26-24-26,384,384,384,26,24,26,26-24-26,M0K,4992,26,83904,26,5408,30784,9984,24,4992,576,4992,624,28800
384x384x384w21-16-48,384,384,384,21,16,48,21-16-48,M00,2688,48,80896,21,8064,33792,12288,16,6144,256,6144,768,28800
384x384x384w26-16-39,384,384,384,26,16,39,26-16-39,M0K,3328,39,81824,26,8112,32864,9984,16,4992,384,4992,936,28800
384x384x384w26-32-20,384,384,384,26,32,20,26-32-20,M0K,6656,20,82816,26,4160,31872,10240,32,5120,768,5120,480,28800
384x384x384w21-24-32,384,384,384,21,24,32,21-24-32,M00,4032,32,83584,21,5376,31104,12288,24,6144,384,6144,512,28800
384x384x384w22-40-20,384,384,384,22,40,20,22-40-20,MNK,7040,20,80768,22,3520,33920,12800,40,6400,640,6400,320,28800
384x384x384w26-24-27,384,384,384,26,24,27,26-24-27,M0K,4992,27,83104,26,5616,31584,10368,24,5184,576,5184,648,28800
384x384x384w21-48-16,384,384,384,21,48,16,21-48-16,M00,8064,16,80896,21,2688,33792,12288,48,6144,768,6144,256,28800
384x384x384w21-24-33,384,384,384,21,24,33,21-24-33,M0K,4032,33,82864,21,5544,31824,12672,24,6336,384,6336,528,28800
384x384x384w39-16-26,384,384,384,39,16,26,39-16-26,M0K,4992,26,81824,39,8112,32864,6656,16,3328,512,3328,832,28800
384x384x384w21-24-34,384,384,384,21,24,34,21-24-34,M0K,4032,34,82144,21,5712,32544,13056,24,6528,384,6528,544,28800
384x384x384w19-24-35,384,384,384,19,24,35,19-24-35,M0K,3648,35,83312,19,5320,31376,13440,24,6720,384,6720,560,28864
384x384x384w19-24-38,384,384,384,19,24,38,19-24-38,M0K,3648,38,81248,19,5776,33440,14592,24,7296,384,7296,608,28864
384x384x384w19-24-37,384,384,384,19,24,37,19-24-37,M0K,3648,37,81936,19,5624,32752,14208,24,7104,384,7104,592,28864
384x384x384w19-48-18,384,384,384,19,48,18,19-48-18,M0K,7296,18,80800,19,2736,33888,13824,48,6912,768,6912,288,28864
384x384x384w19-24-36,384,384,384,19,24,36,19-24-36,M0K,3648,36,82624,19,5472,32064,13824,24,6912,384,6912,576,28864
384x384x384w16-48-21,384,384,384,16,48,21,16-48-21,00K,6144,21,80896,16,2688,33792,16128,48,8064,768,8064,336,29184
384x384x384w48-16-21,384,384,384,48,16,21,48-16-21,00K,6144,21,80896,48,8064,33792,5376,16,2688,768,2688,1008,29184
384x384x384w24-32-21,384,384,384,24,32,21,24-32-21,00K,6144,21,83584,24,4032,31104,10752,32,5376,768,5376,504,29184
384x384x384w32-24-21,384,384,384,32,24,21,32-24-21,00K,6144,21,83584,32,5376,31104,8064,24,4032,768,4032,672,29184
384x384x384w33-24-21,384,384,384,33,24,21,33-24-21,M0K,6336,21,82864,33,5544,31824,8064,24,4032,768,4032,672,29184
384x384x384w25-32-21,384,384,384,25,32,21,25-32-21,M0K,6400,21,82736,25,4200,31952,10752,32,5376,768,5376,504,29184
384x384x384w34-24-21,384,384,384,34,24,21,34-24-21,M0K,6528,21,82144,34,5712,32544,8064,24,4032,768,4032,672,29184
384x384x384w18-48-19,384,384,384,18,48,19,18-48-19,M0K,6912,19,80800,18,2736,33888,14592,48,7296,768,7296,304,29232
384x384x384w18-32-29,384,384,384,18,32,29,18-32-29,M0K,4608,29,82272,18,4176,32416,14848,32,7424,512,7424,464,29232
384x384x384w18-16-56,384,384,384,18,16,56,18-16-56,M0K,2304,56,79616,18,8064,35072,14336,16,7168,256,7168,896,29232
384x384x384w18-56-16,384,384,384,18,56,16,18-56-16,MN0,8064,16,79616,18,2304,35072,14336,56,7168,896,7168,256,29232
384x384x384w18-32-28,384,384,384,18,32,28,18-32-28,M0K,4608,28,83072,18,4032,31616,14336,32,7168,512,7168,448,29232
384x384x384w18-16-55,384,384,384,18,16,55,18-16-55,M0K,2304,55,80160,18,7920,34528,14080,16,7040,256,7040,880,29232
384x384x384w29-32-18,384,384,384,29,32,18,29-32-18,M0K,7424,18,82272,29,4176,32416,9216,32,4608,768,4608,432,29304
384x384x384w29-16-35,384,384,384,29,16,35,29-16-35,M0K,3712,35,82064,29,8120,32624,8960,16,4480,384,4480,840,29304
384x384x384w23-16-44,384,384,384,23,16,44,23-16-44,M0K,2944,44,81344,23,8096,33344,11264,16,5632,256,5632,704,29376
384x384x384w43-16-23,384,384,384,43,16,23,43-16-23,M0K,5504,23,81968,43,7912,32720,5888,16,2944,640,2944,920,29376
384x384x384w22-32-23,384,384,384,22,32,23,22-32-23,M0K,5632,23,83552,22,4048,31136,11776,32,5888,512,5888,368,29376
384x384x384w23-32-22,384,384,384,23,32,22,23-32-22,M0K,5888,22,83552,23,4048,31136,11264,32,5632,512,5632,352,29376
384x384x384w23-16-43,384,384,384,23,16,43,23-16-43,M0K,2944,43,81968,23,7912,32720,11008,16,5504,256,5504,688,29376
384x384x384w44-16-23,384,384,384,44,16,23,44-16-23,M0K,5632,23,81344,44,8096,33344,5888,16,2944,640,2944,920,29376
384x384x384w17-48-20,384,384,384,17,48,20,17-48-20,M0K,6528,20,80832,17,2720,33856,15360,48,7680,768,7680,320,29440
384x384x384w17-24-42,384,384,384,17,24,42,17-24-42,M0K,3264,42,80608,17,5712,34080,16128,24,8064,384,8064,672,29440
384x384x384w17-40-25,384,384,384,17,40,25,17-40-25,MNK,5440,25,81008,17,3400,33680,16000,40,8000,640,8000,400,29440
384x384x384w24-40-17,384,384,384,24,40,17,24-40-17,0NK,7680,17,81920,24,3264,32768,10880,40,5440,960,5440,408,29440
384x384x384w39-24-17,384,384,384,39,24,17,39-24-17,M0K,7488,17,82576,39,5304,32112,6528,24,3264,768,3264,544,29440
384x384x384w17-24-39,384,384,384,17,24,39,17-24-39,M0K,3264,39,82576,17,5304,32112,14976,24,7488,384,7488,624,29440
384x384x384w17-24-41,384,384,384,17,24,41,17-24-41,M0K,3264,41,81264,17,5576,33424,15744,24,7872,384,7872,656,29440
384x384x384w41-24-17,384,384,384,41,24,17,41-24-17,M0K,7872,17,81264,41,5576,33424,6528,24,3264,960,3264,680,29440
384x384x384w40-24-17,384,384,384,40,24,17,40-24-17,M0K,7680,17,81920,40,5440,32768,6528,24,3264,960,3264,680,29440
384x384x384w17-40-24,384,384,384,17,40,24,17-40-24,MN0,5440,24,81920,17,3264,32768,15360,40,7680,640,7680,384,29440
384x384x384w25-40-17,384,384,384,25,40,17,25-40-17,MNK,8000,17,81008,25,3400,33680,10880,40,5440,960,5440,408,29440
384x384x384w17-24-40,384,384,384,17,24,40,17-24-40,M0K,3264,40,81920,17,5440,32768,15360,24,7680,384,7680,640,29440
384x384x384w19-32-27,384,384,384,19,32,27,19-32-27,M0K,4864,27,82928,19,4104,31760,13824,32,6912,512,6912,432,29520
384x384x384w19-32-26,384,384,384,19,32,26,19-32-26,M0K,4864,26,83744,19,3952,30944,13312,32,6656,512,6656,416,29520
384x384x384w19-40-22,384,384,384,19,40,22,19-40-22,MNK,6080,22,81760,19,3344,32928,14080,40,7040,640,7040,352,29520
384x384x384w55-16-18,384,384,384,55,16,18,55-16-18,M0K,7040,18,80160,55,7920,34528,4608,16,2304,768,2304,864,29568
384x384x384w35-24-19,384,384,384,35,24,19,35-24-19,M0K,6720,19,83312,35,5320,31376,7296,24,3648,768,3648,608,29568
384x384x384w35-16-28,384,384,384,35,16,28,35-16-28,M0K,4480,28,82880,35,7840,31808,7168,16,3584,512,3584,896,29568
384x384x384w36-16-28,384,384,384,36,16,28,36-16-28,M0K,4608,28,82176,36,8064,32512,7168,16,3584,512,3584,896,29568
384x384x384w28-16-35,384,384,384,28,16,35,28-16-35,M0K,3584,35,82880,28,7840,31808,8960,16,4480,384,4480,840,29568
384x384x384w38-24-18,384,384,384,38,24,18,38-24-18,M0K,7296,18,82240,38,5472,32448,6912,24,3456,768,3456,576,29568
384x384x384w16-56-18,384,384,384,16,56,18,16-56-18,0NK,7168,18,79616,16,2304,35072,16128,56,8064,896,8064,288,29568
384x384x384w35-16-29,384,384,384,35,16,29,35-16-29,M0K,4480,29,82064,35,8120,32624,7424,16,3712,512,3712,928,29568
384x384x384w36-24-19,384,384,384,36,24,19,36-24-19,M0K,6912,19,82624,36,5472,32064,7296,24,3648,768,3648,608,29568
384x384x384w37-24-19,384,384,384,37,24,19,37-24-19,M0K,7104,19,81936,37,5624,32752,7296,24,3648,768,3648,608,29568
384x384x384w28-32-18,384,384,384,28,32,18,28-32-18,M0K,7168,18,83072,28,4032,31616,9216,32,4608,768,4608,432,29568
384x384x384w56-16-18,384,384,384,56,16,18,56-16-18,M0K,7168,18,79616,56,8064,35072,4608,16,2304,896,2304,1008,29568
384x384x384w28-16-36,384,384,384,28,16,36,28-16-36,M0K,3584,36,82176,28,8064,32512,9216,16,4608,384,4608,864,29568
384x384x384w18-40-23,384,384,384,18,40,23,18-40-23,MNK,5760,23,81824,18,3312,32864,14720,40,7360,640,7360,368,29580
384x384x384w17-56-17,384,384,384,17,56,17,17-56-17,MNK,7616,17,79600,17,2312,35088,15232,56,7616,896,7616,272,29624
384x384x384w20-40-21,384,384,384,20,40,21,20-40-21,MNK,6400,21,81728,20,3360,32960,13440,40,6720,640,6720,336,29640
384x384x384w27-32-19,384,384,384,27,32,19,27-32-19,M0K,6912,19,82928,27,4104,31760,9728,32,4864,768,4864,456,29736
384x384x384w23-40-18,384,384,384,23,40,18,23-40-18,MNK,7360,18,81824,23,3312,32864,11520,40,5760,640,5760,288,29920
384x384x384w33-16-30,384,384,384,33,16,30,33-16-30,M0K,4224,30,82720,33,7920,31968,7680,16,3840,512,3840,960,29952
384x384x384w20-32-25,384,384,384,20,32,25,20-32-25,M0K,5120,25,83648,20,4000,31040,12800,32,6400,512,6400,400,29952
384x384x384w20-16-49,384,384,384,20,16,49,20-16-49,M0K,2560,49,81344,20,7840,33344,12544,16,6272,256,6272,784,29952
384x384x384w42-24-16,384,384,384,42,24,16,42-24-16,M00,8064,16,81664,42,5376,33024,6144,24,3072,960,3072,640,29952
384x384x384w32-16-31,384,384,384,32,16,31,32-16-31,00K,4096,31,82688,32,7936,32000,7936,16,3968,512,3968,992,29952
384x384x384w20-16-48,384,384,384,20,16,48,20-16-48,M00,2560,48,81920,20,7680,32768,12288,16,6144,256,6144,768,29952
384x384x384w30-16-32,384,384,384,30,16,32,30-16-32,M00,3840,32,83456,30,7680,31232,8192,16,4096,384,4096,768,29952
384x384x384w16-32-31,384,384,384,16,32,31,16-32-31,00K,4096,31,82688,16,3968,32000,15872,32,7936,512,7936,496,29952
384x384x384w32-32-15,384,384,384,32,32,15,32-32-15,00K,8192,15,82944,32,3840,31744,7680,32,3840,1024,3840,480,29952
384x384x384w31-16-33,384,384,384,31,16,33,31-16-33,M0K,3968,33,81936,31,8184,32752,8448,16,4224,384,4224,792,29952
384x384x384w20-32-24,384,384,384,20,32,24,20-32-24,M00,5120,24,84480,20,3840,30208,12288,32,6144,512,6144,384,29952
384x384x384w20-16-50,384,384,384,20,16,50,20-16-50,M0K,2560,50,80768,20,8000,33920,12800,16,6400,256,6400,800,29952
384x384x384w34-16-30,384,384,384,34,16,30,34-16-30,M0K,4352,30,81984,34,8160,32704,7680,16,3840,512,3840,960,29952
384x384x384w64-16-15,384,384,384,64,16,15,64-16-15,00K,8192,15,79104,64,7680,35584,3840,16,1920,1024,1920,960,29952
384x384x384w16-64-15,384,384,384,16,64,15,16-64-15,00K,8192,15,79104,16,1920,35584,15360,64,7680,1024,7680,240,29952
384x384x384w33-16-31,384,384,384,33,16,31,33-16-31,M0K,4224,31,81936,33,8184,32752,7936,16,3968,512,3968,992,29952
384x384x384w20-48-16,384,384,384,20,48,16,20-48-16,M00,7680,16,81920,20,2560,32768,12288,48,6144,768,6144,256,29952
384x384x384w31-24-22,384,384,384,31,24,22,31-24-22,M0K,5952,22,83424,31,5456,31264,8448,24,4224,576,4224,528,29952
384x384x384w30-24-22,384,384,384,30,24,22,30-24-22,M0K,5760,22,84160,30,5280,30528,8448,24,4224,576,4224,528,29952
384x384x384w20-24-34,384,384,384,20,24,34,20-24-34,M0K,3840,34,83072,20,5440,31616,13056,24,6528,384,6528,544,29952
384x384x384w16-32-30,384,384,384,16,32,30,16-32-30,00K,4096,30,83456,16,3840,31232,15360,32,7680,512,7680,480,29952
384x384x384w22-24-30,384,384,384,22,24,30,22-24-30,M0K,4224,30,84160,22,5280,30528,11520,24,5760,384,5760,480,29952
384x384x384w31-32-16,384,384,384,31,32,16,31-32-16,M00,7936,16,82688,31,3968,32000,8192,32,4096,768,4096,384,29952
384x384x384w30-32-16,384,384,384,30,32,16,30-32-16,M00,7680,16,83456,30,3840,31232,8192,32,4096,768,4096,384,29952
384x384x384w30-16-33,384,384,384,30,16,33,30-16-33,M0K,3840,33,82720,30,7920,31968,8448,16,4224,384,4224,792,29952
384x384x384w42-16-24,384,384,384,42,16,24,42-16-24,M00,5376,24,81664,42,8064,33024,6144,16,3072,640,3072,960,29952
384x384x384w15-32-32,384,384,384,15,32,32,15-32-32,M00,3840,32,82944,15,3840,31744,16384,32,8192,256,8192,256,29952
384x384x384w32-16-30,384,384,384,32,16,30,32-16-30,00K,4096,30,83456,32,7680,31232,7680,16,3840,512,3840,960,29952
384x384x384w20-24-33,384,384,384,20,24,33,20-24-33,M0K,3840,33,83776,20,5280,30912,12672,24,6336,384,6336,528,29952
384x384x384w20-24-32,384,384,384,20,24,32,20-24-32,M00,3840,32,84480,20,5120,30208,12288,24,6144,384,6144,512,29952
384x384x384w22-24-31,384,384,384,22,24,31,22-24-31,M0K,4224,31,83424,22,5456,31264,11904,24,5952,384,5952,496,29952
384x384x384w15-16-64,384,384,384,15,16,64,15-16-64,M00,1920,64,79104,15,7680,35584,16384,16,8192,128,8192,512,29952
384x384x384w30-16-34,384,384,384,30,16,34,30-16-34,M0K,3840,34,81984,30,8160,32704,8704,16,4352,384,4352,816,29952
384x384x384w20-16-51,384,384,384,20,16,51,20-16-51,M0K,2560,51,80192,20,8160,34496,13056,16,6528,256,6528,816,29952
384x384x384w31-16-32,384,384,384,31,16,32,31-16-32,M00,3968,32,82688,31,7936,32000,8192,16,4096,384,4096,768,29952
384x384x384w15-64-16,384,384,384,15,64,16,15-64-16,M00,7680,16,79104,15,1920,35584,16384,64,8192,512,8192,128,29952
384x384x384w21-40-20,384,384,384,21,40,20,21-40-20,MNK,6720,20,81728,21,3360,32960,12800,40,6400,640,6400,320,30000
384x384x384w19-48-17,384,384,384,19,48,17,19-48-17,M0K,7296,17,81872,19,2584,32816,13056,48,6528,768,6528,272,30176
384x384x384w29-24-23,384,384,384,29,24,23,29-24-23,M0K,5568,23,84048,29,5336,30640,8832,24,4416,576,4416,552,30192
384x384x384w27-24-24,384,384,384,27,24,24,27-24-24,M00,5184,24,84736,27,5184,29952,9216,24,4608,576,4608,576,30208
384x384x384w27-24-25,384,384,384,27,24,25,27-24-25,M0K,5184,25,83920,27,5400,30768,9600,24,4800,576,4800,600,30208
384x384x384w26-32-19,384,384,384,26,32,19,26-32-19,M0K,6656,19,83744,26,3952,30944,9728,32,4864,768,4864,456,30240
384x384x384w22-40-19,384,384,384,22,40,19,22-40-19,MNK,7040,19,81760,22,3344,32928,12160,40,6080,640,6080,304,30240
384x384x384w38-16-26,384,384,384,38,16,26,38-16-26,M0K,4864,26,82496,38,7904,32192,6656,16,3328,512,3328,832,30240
384x384x384w28-24-23,384,384,384,28,24,23,28-24-23,M0K,5376,23,84800,28,5152,29888,8832,24,4416,576,4416,552,30464
384x384x384w23-24-28,384,384,384,23,24,28,23-24-28,M0K,4416,28,84800,23,5152,29888,10752,24,5376,384,5376,448,30464
384x384x384w23-24-29,384,384,384,23,24,29,23-24-29,M0K,4416,29,84048,23,5336,30640,11136,24,5568,384,5568,464,30464
384x384x384w21-32-23,384,384,384,21,32,23,21-32-23,M0K,5376,23,84432,21,3864,30256,11776,32,5888,512,5888,368,30600
384x384x384w18-24-37,384,384,384,18,24,37,18-24-37,M0K,3456,37,82912,18,5328,31776,14208,24,7104,384,7104,592,30624
384x384x384w18-48-18,384,384,384,18,48,18,18-48-18,M0K,6912,18,81856,18,2592,32832,13824,48,6912,768,6912,288,30624
384x384x384w18-24-35,384,384,384,18,24,35,18-24-35,M0K,3456,35,84256,18,5040,30432,13440,24,6720,384,6720,560,30624
384x384x384w18-24-36,384,384,384,18,24,36,18-24-36,M0K,3456,36,83584,18,5184,31104,13824,24,6912,384,6912,576,30624
384x384x384w18-24-38,384,384,384,18,24,38,18-24-38,M0K,3456,38,82240,18,5472,32448,14592,24,7296,384,7296,608,30624
384x384x384w29-32-17,384,384,384,29,32,17,29-32-17,M0K,7424,17,83248,29,3944,31440,8704,32,4352,768,4352,408,30636
384x384x384w41-24-16,384,384,384,41,24,16,41-24-16,M00,7872,16,82304,41,5248,32384,6144,24,3072,960,3072,640,30720
384x384x384w16-24-39,384,384,384,16,24,39,16-24-39,00K,3072,39,83584,16,4992,31104,14976,24,7488,384,7488,624,30720
384x384x384w24-32-20,384,384,384,24,32,20,24-32-20,00K,6144,20,84480,24,3840,30208,10240,32,5120,768,5120,480,30720
384x384x384w24-16-40,384,384,384,24,16,40,24-16-40,00K,3072,40,82944,24,7680,31744,10240,16,5120,384,5120,960,30720
384x384x384w41-16-24,384,384,384,41,16,24,41-16-24,M00,5248,24,82304,41,7872,32384,6144,16,3072,640,3072,960,30720
384x384x384w40-24-16,384,384,384,40,24,16,40-24-16,M00,7680,16,82944,40,5120,31744,6144,24,3072,960,3072,640,30720
384x384x384w25-40-16,384,384,384,25,40,16,25-40-16,MN0,8000,16,82048,25,3200,32640,10240,40,5120,960,5120,384,30720
384x384x384w48-16-20,384,384,384,48,16,20,48-16-20,00K,6144,20,81920,48,7680,32768,5120,16,2560,768,2560,960,30720
384x384x384w24-16-39,384,384,384,24,16,39,24-16-39,00K,3072,39,83584,24,7488,31104,9984,16,4992,384,4992,936,30720
384x384x384w34-24-20,384,384,384,34,24,20,34-24-20,M0K,6528,20,83072,34,5440,31616,7680,24,3840,768,3840,640,30720
384x384x384w16-48-20,384,384,384,16,48,20,16-48-20,00K,6144,20,81920,16,2560,32768,15360,48,7680,768,7680,320,30720
384x384x384w32-24-20,384,384,384,32,24,20,32-24-20,00K,6144,20,84480,32,5120,30208,7680,24,3840,768,3840,640,30720
384x384x384w26-24-24,384,384,384,26,24,24,26-24-24,M00,4992,24,85504,26,4992,29184,9216,24,4608,576,4608,576,30720
384x384x384w51-16-20,384,384,384,51,16,20,51-16-20,M0K,6528,20,80192,51,8160,34496,5120,16,2560,768,2560,960,30720
384x384x384w25-32-20,384,384,384,25,32,20,25-32-20,M0K,6400,20,83648,25,4000,31040,10240,32,5120,768,5120,480,30720
384x384x384w39-24-16,384,384,384,39,24,16,39-24-16,M00,7488,16,83584,39,4992,31104,6144,24,3072,768,3072,512,30720
384x384x384w24-24-26,384,384,384,24,24,26,24-24-26,00K,4608,26,85504,24,4992,29184,9984,24,4992,576,4992,624,30720
384x384x384w40-16-24,384,384,384,40,16,24,40-16-24,M00,5120,24,82944,40,7680,31744,6144,16,3072,640,3072,960,30720
384x384x384w39-16-24,384,384,384,39,16,24,39-16-24,M00,4992,24,83584,39,7488,31104,6144,16,3072,512,3072,768,30720
384x384x384w33-24-20,384,384,384,33,24,20,33-24-20,M0K,6336,20,83776,33,5280,30912,7680,24,3840,768,3840,640,30720
384x384x384w16-24-40,384,384,384,16,24,40,16-24-40,00K,3072,40,82944,16,5120,31744,15360,24,7680,384,7680,640,30720
384x384x384w26-24-25,384,384,384,26,24,25,26-24-25,M0K,4992,25,84704,26,5200,29984,9600,24,4800,576,4800,600,30720
384x384x384w16-40-24,384,384,384,16,40,24,16-40-24,0N0,5120,24,82944,16,3072,31744,15360,40,7680,640,7680,384,30720
384x384x384w25-16-40,384,384,384,25,16,40,25-16-40,M0K,3200,40,82048,25,8000,32640,10240,16,5120,384,5120,960,30720
384x384x384w24-16-41,384,384,384,24,16,41,24-16-41,00K,3072,41,82304,24,7872,32384,10496,16,5248,384,5248,984,30720
384x384x384w16-40-25,384,384,384,16,40,25,16-40-25,0NK,5120,25,82048,16,3200,32640,16000,40,8000,640,8000,400,30720
384x384x384w25-16-39,384,384,384,25,16,39,25-16-39,M0K,3200,39,82704,25,7800,31984,9984,16,4992,384,4992,936,30720
384x384x384w25-24-27,384,384,384,25,24,27,25-24-27,M0K,4800,27,83920,25,5400,30768,10368,24,5184,576,5184,648,30720
384x384x384w50-16-20,384,384,384,50,16,20,50-16-20,M0K,6400,20,80768,50,8000,33920,5120,16,2560,768,2560,960,30720
384x384x384w39-16-25,384,384,384,39,16,25,39-16-25,M0K,4992,25,82704,39,7800,31984,6400,16,3200,512,3200,800,30720
384x384x384w49-16-20,384,384,384,49,16,20,49-16-20,M0K,6272,20,81344,49,7840,33344,5120,16,2560,768,2560,960,30720
384x384x384w24-24-27,384,384,384,24,24,27,24-24-27,00K,4608,27,84736,24,5184,29952,10368,24,5184,576,5184,648,30720
384x384x384w16-24-41,384,384,384,16,24,41,16-24-41,00K,3072,41,82304,16,5248,32384,15744,24,7872,384,7872,656,30720
384x384x384w24-40-16,384,384,384,24,40,16,24-40-16,0N0,7680,16,82944,24,3072,31744,10240,40,5120,960,5120,384,30720
384x384x384w24-16-42,384,384,384,24,16,42,24-16-42,00K,3072,42,81664,24,8064,33024,10752,16,5376,384,5376,1008,30720
384x384x384w16-24-42,384,384,384,16,24,42,16-24-42,00K,3072,42,81664,16,5376,33024,16128,24,8064,384,8064,672,30720
384x384x384w25-24-26,384,384,384,25,24,26,25-24-26,M0K,4800,26,84704,25,5200,29984,9984,24,4992,576,4992,624,30720
384x384x384w40-16-25,384,384,384,40,16,25,40-16-25,M0K,5120,25,82048,40,8000,32640,6400,16,3200,640,3200,1000,30720
384x384x384w17-32-29,384,384,384,17,32,29,17-32-29,M0K,4352,29,83248,17,3944,31440,14848,32,7424,512,7424,464,30912
384x384x384w17-48-19,384,384,384,17,48,19,17-48-19,M0K,6528,19,81872,17,2584,32816,14592,48,7296,768,7296,304,30912
384x384x384w59-16-17,384,384,384,59,16,17,59-16-17,M0K,7552,17,79184,59,8024,35504,4352,16,2176,896,2176,952,30912
384x384x384w17-56-16,384,384,384,17,56,16,17-56-16,MN0,7616,16,80768,17,2176,33920,14336,56,7168,896,7168,256,30912
384x384x384w17-16-57,384,384,384,17,16,57,17-16-57,M0K,2176,57,80240,17,7752,34448,14592,16,7296,256,7296,912,30912
384x384x384w58-16-17,384,384,384,58,16,17,58-16-17,M0K,7424,17,79712,58,7888,34976,4352,16,2176,896,2176,952,30912
384x384x384w17-16-60,384,384,384,17,16,60,17-16-60,M0K,2176,60,78656,17,8160,36032,15360,16,7680,256,7680,960,30912
384x384x384w17-16-59,384,384,384,17,16,59,17-16-59,M0K,2176,59,79184,17,8024,35504,15104,16,7552,256,7552,944,30912
384x384x384w17-16-55,384,384,384,17,16,55,17-16-55,M0K,2176,55,81296,17,7480,33392,14080,16,7040,256,7040,880,30912
384x384x384w17-16-58,384,384,384,17,16,58,17-16-58,M0K,2176,58,79712,17,7888,34976,14848,16,7424,256,7424,928,30912
384x384x384w55-16-17,384,384,384,55,16,17,55-16-17,M0K,7040,17,81296,55,7480,33392,4352,16,2176,768,2176,816,30912
384x384x384w56-16-17,384,384,384,56,16,17,56-16-17,M0K,7168,17,80768,56,7616,33920,4352,16,2176,896,2176,952,30912
384x384x384w60-16-17,384,384,384,60,16,17,60-16-17,M0K,7680,17,78656,60,8160,36032,4352,16,2176,896,2176,952,30912
384x384x384w38-24-17,384,384,384,38,24,17,38-24-17,M0K,7296,17,83232,38,5168,31456,6528,24,3264,768,3264,544,30912
384x384x384w17-16-56,384,384,384,17,16,56,17-16-56,M0K,2176,56,80768,17,7616,33920,14336,16,7168,256,7168,896,30912
384x384x384w16-56-17,384,384,384,16,56,17,16-56-17,0NK,7168,17,80768,16,2176,33920,15232,56,7616,896,7616,272,30912
384x384x384w57-16-17,384,384,384,57,16,17,57-16-17,M0K,7296,17,80240,57,7752,34448,4352,16,2176,896,2176,952,30912
384x384x384w17-32-28,384,384,384,17,32,28,17-32-28,M0K,4352,28,84032,17,3808,30656,14336,32,7168,512,7168,448,30912
384x384x384w28-32-17,384,384,384,28,32,17,28-32-17,M0K,7168,17,84032,28,3808,30656,8704,32,4352,768,4352,408,30912
384x384x384w36-24-18,384,384,384,36,24,18,36-24-18,M0K,6912,18,83584,36,5184,31104,6912,24,3456,768,3456,576,30976
384x384x384w35-24-18,384,384,384,35,24,18,35-24-18,M0K,6720,18,84256,35,5040,30432,6912,24,3456,768,3456,576,30976
384x384x384w37-24-18,384,384,384,37,24,18,37-24-18,M0K,7104,18,82912,37,5328,31776,6912,24,3456,768,3456,576,30976
384x384x384w23-32-21,384,384,384,23,32,21,23-32-21,M0K,5888,21,84432,23,3864,30256,10752,32,5376,512,5376,336,31008
384x384x384w22-16-44,384,384,384,22,16,44,22-16-44,M0K,2816,44,82304,22,7744,32384,11264,16,5632,256,5632,704,31104
384x384x384w46-16-22,384,384,384,46,16,22,46-16-22,M0K,5888,22,81088,46,8096,33600,5632,16,2816,640,2816,880,31104
384x384x384w22-16-43,384,384,384,22,16,43,22-16-43,M0K,2816,43,82912,22,7568,31776,11008,16,5504,256,5504,688,31104
384x384x384w44-16-22,384,384,384,44,16,22,44-16-22,M0K,5632,22,82304,44,7744,32384,5632,16,2816,640,2816,880,31104
384x384x384w22-16-45,384,384,384,22,16,45,22-16-45,M0K,2816,45,81696,22,7920,32992,11520,16,5760,256,5760,720,31104
384x384x384w45-16-22,384,384,384,45,16,22,45-16-22,M0K,5760,22,81696,45,7920,32992,5632,16,2816,640,2816,880,31104
384x384x384w63-16-16,384,384,384,63,16,16,63-16-16,M00,8064,16,78336,63,8064,36352,4096,16,2048,896,2048,896,31104
384x384x384w43-16-22,384,384,384,43,16,22,43-16-22,M0K,5504,22,82912,43,7568,31776,5632,16,2816,640,2816,880,31104
384x384x384w22-16-46,384,384,384,22,16,46,22-16-46,M0K,2816,46,81088,22,8096,33600,11776,16,5888,256,5888,736,31104
384x384x384w22-32-22,384,384,384,22,32,22,22-32-22,M0K,5632,22,84416,22,3872,30272,11264,32,5632,512,5632,352,31104
384x384x384w27-32-18,384,384,384,27,32,18,27-32-18,M0K,6912,18,83872,27,3888,30816,9216,32,4608,768,4608,432,31152
384x384x384w27-16-35,384,384,384,27,16,35,27-16-35,M0K,3456,35,83696,27,7560,30992,8960,16,4480,384,4480,840,31152
384x384x384w27-16-36,384,384,384,27,16,36,27-16-36,M0K,3456,36,83008,27,7776,31680,9216,16,4608,384,4608,864,31152
384x384x384w27-16-37,384,384,384,27,16,37,27-16-37,M0K,3456,37,82320,27,7992,32368,9472,16,4736,384,4736,888,31152
384x384x384w19-40-21,384,384,384,19,40,21,19-40-21,MNK,6080,21,82704,19,3192,31984,13440,40,6720,640,6720,336,31160
384x384x384w21-48-15,384,384,384,21,48,15,21-48-15,M0K,8064,15,82000,21,2520,32688,11520,48,5760,768,5760,240,31200
384x384x384w21-24-30,384,384,384,21,24,30,21-24-30,M0K,4032,30,85024,21,5040,29664,11520,24,5760,384,5760,480,31200
384x384x384w20-40-20,384,384,384,20,40,20,20-40-20,MNK,6400,20,82688,20,3200,32000,12800,40,6400,640,6400,320,31200
384x384x384w21-24-31,384,384,384,21,24,31,21-24-31,M0K,4032,31,84304,21,5208,30384,11904,24,5952,384,5952,496,31200
384x384x384w23-40-17,384,384,384,23,40,17,23-40-17,MNK,7360,17,82832,23,3128,31856,10880,40,5440,640,5440,272,31280
384x384x384w17-40-23,384,384,384,17,40,23,17-40-23,MNK,5440,23,82832,17,3128,31856,14720,40,7360,640,7360,368,31280
384x384x384w18-32-27,384,384,384,18,32,27,18-32-27,M0K,4608,27,83872,18,3888,30816,13824,32,6912,512,6912,432,31320
384x384x384w18-32-26,384,384,384,18,32,26,18-32-26,M0K,4608,26,84672,18,3744,30016,13312,32,6656,512,6656,416,31320
384x384x384w18-40-22,384,384,384,18,40,22,18-40-22,MNK,5760,22,82752,18,3168,31936,14080,40,7040,640,7040,352,31320
384x384x384w19-32-25,384,384,384,19,32,25,19-32-25,M0K,4864,25,84560,19,3800,30128,12800,32,6400,512,6400,400,31488
384x384x384w19-24-34,384,384,384,19,24,34,19-24-34,M0K,3648,34,84000,19,5168,30688,13056,24,6528,384,6528,544,31488
384x384x384w19-16-50,384,384,384,19,16,50,19-16-50,M0K,2432,50,81824,19,7600,32864,12800,16,6400,256,6400,800,31488
384x384x384w19-16-51,384,384,384,19,16,51,19-16-51,M0K,2432,51,81264,19,7752,33424,13056,16,6528,256,6528,816,31488
384x384x384w19-24-33,384,384,384,19,24,33,19-24-33,M0K,3648,33,84688,19,5016,30000,12672,24,6336,384,6336,528,31488
384x384x384w19-24-32,384,384,384,19,24,32,19-24-32,M00,3648,32,85376,19,4864,29312,12288,24,6144,384,6144,512,31488
384x384x384w19-16-48,384,384,384,19,16,48,19-16-48,M00,2432,48,82944,19,7296,31744,12288,16,6144,256,6144,768,31488
384x384x384w19-32-24,384,384,384,19,32,24,19-32-24,M00,4864,24,85376,19,3648,29312,12288,32,6144,512,6144,384,31488
384x384x384w19-16-52,384,384,384,19,16,52,19-16-52,M0K,2432,52,80704,19,7904,33984,13312,16,6656,256,6656,832,31488
384x384x384w19-48-16,384,384,384,19,48,16,19-48-16,M00,7296,16,82944,19,2432,31744,12288,48,6144,768,6144,256,31488
384x384x384w19-16-49,384,384,384,19,16,49,19-16-49,M0K,2432,49,82384,19,7448,32304,12544,16,6272,256,6272,784,31488
384x384x384w19-16-53,384,384,384,19,16,53,19-16-53,M0K,2432,53,80144,19,8056,34544,13568,16,6784,256,6784,848,31488
384x384x384w21-40-19,384,384,384,21,40,19,21-40-19,MNK,6720,19,82704,21,3192,31984,12160,40,6080,640,6080,304,31500
384x384x384w15-48-21,384,384,384,15,48,21,15-48-21,M0K,5760,21,82000,15,2520,32688,16128,48,8064,384,8064,168,31616
384x384x384w31-24-21,384,384,384,31,24,21,31-24-21,M0K,5952,21,84304,31,5208,30384,8064,24,4032,576,4032,504,31616
384x384x384w30-24-21,384,384,384,30,24,21,30-24-21,M0K,5760,21,85024,30,5040,29664,8064,24,4032,576,4032,504,31616
384x384x384w18-56-15,384,384,384,18,56,15,18-56-15,MNK,8064,15,80800,18,2160,33888,13440,56,6720,896,6720,240,31668
384x384x384w26-16-38,384,384,384,26,16,38,26-16-38,M0K,3328,38,82496,26,7904,32192,9728,16,4864,384,4864,912,31680
384x384x384w26-16-36,384,384,384,26,16,36,26-16-36,M0K,3328,36,83840,26,7488,30848,9216,16,4608,384,4608,864,31680
384x384x384w26-16-37,384,384,384,26,16,37,26-16-37,M0K,3328,37,83168,26,7696,31520,9472,16,4736,384,4736,888,31680
384x384x384w26-16-35,384,384,384,26,16,35,26-16-35,M0K,3328,35,84512,26,7280,30176,8960,16,4480,384,4480,840,31680
384x384x384w37-16-27,384,384,384,37,16,27,37-16-27,M0K,4736,27,82320,37,7992,32368,6912,16,3456,512,3456,864,31680
384x384x384w22-40-18,384,384,384,22,40,18,22-40-18,MNK,7040,18,82752,22,3168,31936,11520,40,5760,640,5760,288,31680
384x384x384w36-16-26,384,384,384,36,16,26,36-16-26,M0K,4608,26,83840,36,7488,30848,6656,16,3328,512,3328,832,31680
384x384x384w35-16-26,384,384,384,35,16,26,35-16-26,M0K,4480,26,84512,35,7280,30176,6656,16,3328,512,3328,832,31680
384x384x384w35-16-27,384,384,384,35,16,27,35-16-27,M0K,4480,27,83696,35,7560,30992,6912,16,3456,512,3456,864,31680
384x384x384w36-16-27,384,384,384,36,16,27,36-16-27,M0K,4608,27,83008,36,7776,31680,6912,16,3456,512,3456,864,31680
384x384x384w26-32-18,384,384,384,26,32,18,26-32-18,M0K,6656,18,84672,26,3744,30016,9216,32,4608,768,4608,432,31680
384x384x384w37-16-26,384,384,384,37,16,26,37-16-26,M0K,4736,26,83168,37,7696,31520,6656,16,3328,512,3328,832,31680
384x384x384w20-32-23,384,384,384,20,32,23,20-32-23,M0K,5120,23,85312,20,3680,29376,11776,32,5888,512,5888,368,31824
384x384x384w42-16-23,384,384,384,42,16,23,42-16-23,M0K,5376,23,82592,42,7728,32096,5888,16,2944,640,2944,920,31824
384x384x384w14-16-64,384,384,384,14,16,64,14-16-64,M00,1792,64,80384,14,7168,34304,16384,16,8192,128,8192,512,31968
384x384x384w14-32-32,384,384,384,14,32,32,14-32-32,M00,3584,32,83968,14,3584,30720,16384,32,8192,256,8192,256,31968
384x384x384w29-32-16,384,384,384,29,32,16,29-32-16,M00,7424,16,84224,29,3712,30464,8192,32,4096,768,4096,384,31968
384x384x384w29-16-32,384,384,384,29,16,32,29-16-32,M00,3712,32,84224,29,7424,30464,8192,16,4096,384,4096,768,31968
384x384x384w29-16-33,384,384,384,29,16,33,29-16-33,M0K,3712,33,83504,29,7656,31184,8448,16,4224,384,4224,792,31968
384x384x384w14-64-16,384,384,384,14,64,16,14-64-16,M00,7168,16,80384,14,1792,34304,16384,64,8192,512,8192,128,31968
384x384x384w29-16-34,384,384,384,29,16,34,29-16-34,M0K,3712,34,82784,29,7888,31904,8704,16,4352,384,4352,816,31968
384x384x384w29-24-22,384,384,384,29,24,22,29-24-22,M0K,5568,22,84896,29,5104,29792,8448,24,4224,576,4224,528,31968
384x384x384w18-48-17,384,384,384,18,48,17,18-48-17,M0K,6912,17,82912,18,2448,31776,13056,48,6528,768,6528,272,32016
384x384x384w15-56-18,384,384,384,15,56,18,15-56-18,MNK,6720,18,80800,15,2160,33888,16128,56,8064,448,8064,144,32032
384x384x384w27-24-23,384,384,384,27,24,23,27-24-23,M0K,5184,23,85552,27,4968,29136,8832,24,4416,576,4416,552,32096
384x384x384w16-32-28,384,384,384,16,32,28,16-32-28,00K,4096,28,84992,16,3584,29696,14336,32,7168,512,7168,448,32256
384x384x384w16-16-61,384,384,384,16,16,61,16-16-61,00K,2048,61,79360,16,7808,35328,15616,16,7808,256,7808,976,32256
384x384x384w32-16-29,384,384,384,32,16,29,32-16-29,00K,4096,29,84224,32,7424,30464,7424,16,3712,512,3712,928,32256
384x384x384w28-16-32,384,384,384,28,16,32,28-16-32,M00,3584,32,84992,28,7168,29696,8192,16,4096,384,4096,768,32256
384x384x384w32-24-19,384,384,384,32,24,19,32-24-19,00K,6144,19,85376,32,4864,29312,7296,24,3648,768,3648,608,32256
384x384x384w51-16-19,384,384,384,51,16,19,51-16-19,M0K,6528,19,81264,51,7752,33424,4864,16,2432,768,2432,912,32256
384x384x384w60-16-16,384,384,384,60,16,16,60-16-16,M00,7680,16,79872,60,7680,34816,4096,16,2048,896,2048,896,32256
384x384x384w53-16-19,384,384,384,53,16,19,53-16-19,M0K,6784,19,80144,53,8056,34544,4864,16,2432,768,2432,912,32256
384x384x384w48-16-19,384,384,384,48,16,19,48-16-19,00K,6144,19,82944,48,7296,31744,4864,16,2432,768,2432,912,32256
384x384x384w55-16-16,384,384,384,55,16,16,55-16-16,M00,7040,16,82432,55,7040,32256,4096,16,2048,768,2048,768,32256
384x384x384w16-16-59,384,384,384,16,16,59,16-16-59,00K,2048,59,80384,16,7552,34304,15104,16,7552,256,7552,944,32256
384x384x384w61-16-16,384,384,384,61,16,16,61-16-16,M00,7808,16,79360,61,7808,35328,4096,16,2048,896,2048,896,32256
384x384x384w49-16-19,384,384,384,49,16,19,49-16-19,M0K,6272,19,82384,49,7448,32304,4864,16,2432,768,2432,912,32256
384x384x384w33-16-28,384,384,384,33,16,28,33-16-28,M0K,4224,28,84288,33,7392,30400,7168,16,3584,512,3584,896,32256
384x384x384w16-16-60,384,384,384,16,16,60,16-16-60,00K,2048,60,79872,16,7680,34816,15360,16,7680,256,7680,960,32256
384x384x384w16-16-62,384,384,384,16,16,62,16-16-62,00K,2048,62,78848,16,7936,35840,15872,16,7936,256,7936,992,32256
384x384x384w38-16-25,384,384,384,38,16,25,38-16-25,M0K,4864,25,83360,38,7600,31328,6400,16,3200,512,3200,800,32256
384x384x384w34-24-19,384,384,384,34,24,19,34-24-19,M0K,6528,19,84000,34,5168,30688,7296,24,3648,768,3648,608,32256
384x384x384w16-16-56,384,384,384,16,16,56,16-16-56,00K,2048,56,81920,16,7168,32768,14336,16,7168,256,7168,896,32256
384x384x384w16-48-19,384,384,384,16,48,19,16-48-19,00K,6144,19,82944,16,2432,31744,14592,48,7296,768,7296,304,32256
384x384x384w28-32-16,384,384,384,28,32,16,28-32-16,M00,7168,16,84992,28,3584,29696,8192,32,4096,768,4096,384,32256
384x384x384w32-32-14,384,384,384,32,32,14,32-32-14,00K,8192,14,83968,32,3584,30720,7168,32,3584,1024,3584,448,32256
384x384x384w38-16-24,384,384,384,38,16,24,38-16-24,M00,4864,24,84224,38,7296,30464,6144,16,3072,512,3072,768,32256
384x384x384w57-16-16,384,384,384,57,16,16,57-16-16,M00,7296,16,81408,57,7296,33280,4096,16,2048,896,2048,896,32256
384x384x384w16-32-29,384,384,384,16,32,29,16-32-29,00K,4096,29,84224,16,3712,30464,14848,32,7424,512,7424,464,32256
384x384x384w28-24-22,384,384,384,28,24,22,28-24-22,M0K,5376,22,85632,28,4928,29056,8448,24,4224,576,4224,528,32256
384x384x384w22-24-29,384,384,384,22,24,29,22-24-29,M0K,4224,29,84896,22,5104,29792,11136,24,5568,384,5568,464,32256
384x384x384w32-16-28,384,384,384,32,16,28,32-16-28,00K,4096,28,84992,32,7168,29696,7168,16,3584,512,3584,896,32256
384x384x384w16-64-14,384,384,384,16,64,14,16-64-14,00K,8192,14,80384,16,1792,34304,14336,64,7168,1024,7168,224,32256
384x384x384w16-16-55,384,384,384,16,16,55,16-16-55,00K,2048,55,82432,16,7040,32256,14080,16,7040,256,7040,880,32256
384x384x384w62-16-16,384,384,384,62,16,16,62-16-16,M00,7936,16,78848,62,7936,35840,4096,16,2048,896,2048,896,32256
384x384x384w50-16-19,384,384,384,50,16,19,50-16-19,M0K,6400,19,81824,50,7600,32864,4864,16,2432,768,2432,912,32256
384x384x384w64-16-14,384,384,384,64,16,14,64-16-14,00K,8192,14,80384,64,7168,34304,3584,16,1792,1024,1792,896,32256
384x384x384w25-32-19,384,384,384,25,32,19,25-32-19,M0K,6400,19,84560,25,3800,30128,9728,32,4864,768,4864,456,32256
384x384x384w59-16-16,384,384,384,59,16,16,59-16-16,M00,7552,16,80384,59,7552,34304,4096,16,2048,896,2048,896,32256
384x384x384w52-16-19,384,384,384,52,16,19,52-16-19,M0K,6656,19,80704,52,7904,33984,4864,16,2432,768,2432,912,32256
384x384x384w16-16-63,384,384,384,16,16,63,16-16-63,00K,2048,63,78336,16,8064,36352,16128,16,8064,256,8064,1008,32256
384x384x384w22-24-28,384,384,384,22,24,28,22-24-28,M0K,4224,28,85632,22,4928,29056,10752,24,5376,384,5376,448,32256
384x384x384w16-56-16,384,384,384,16,56,16,16-56-16,0N0,7168,16,81920,16,2048,32768,14336,56,7168,896,7168,256,32256
384x384x384w28-16-33,384,384,384,28,16,33,28-16-33,M0K,3584,33,84288,28,7392,30400,8448,16,4224,384,4224,792,32256
384x384x384w58-16-16,384,384,384,58,16,16,58-16-16,M00,7424,16,80896,58,7424,33792,4096,16,2048,896,2048,896,32256
384x384x384w34-16-28,384,384,384,34,16,28,34-16-28,M0K,4352,28,83584,34,7616,31104,7168,16,3584,512,3584,896,32256
384x384x384w28-16-34,384,384,384,28,16,34,28-16-34,M0K,3584,34,83584,28,7616,31104,8704,16,4352,384,4352,816,32256
384x384x384w56-16-16,384,384,384,56,16,16,56-16-16,M00,7168,16,81920,56,7168,32768,4096,16,2048,896,2048,896,32256
384x384x384w16-16-57,384,384,384,16,16,57,16-16-57,00K,2048,57,81408,16,7296,33280,14592,16,7296,256,7296,912,32256
384x384x384w38-24-16,384,384,384,38,24,16,38-24-16,M00,7296,16,84224,38,4864,30464,6144,24,3072,768,3072,512,32256
384x384x384w24-32-19,384,384,384,24,32,19,24-32-19,00K,6144,19,85376,24,3648,29312,9728,32,4864,768,4864,456,32256
384x384x384w33-16-29,384,384,384,33,16,29,33-16-29,M0K,4224,29,83504,33,7656,31184,7424,16,3712,512,3712,928,32256
384x384x384w16-16-58,384,384,384,16,16,58,16-16-58,00K,2048,58,80896,16,7424,33792,14848,16,7424,256,7424,928,32256
384x384x384w33-24-19,384,384,384,33,24,19,33-24-19,M0K,6336,19,84688,33,5016,30000,7296,24,3648,768,3648,608,32256
384x384x384w34-16-29,384,384,384,34,16,29,34-16-29,M0K,4352,29,82784,34,7888,31904,7424,16,3712,512,3712,928,32256
384x384x384w37-24-17,384,384,384,37,24,17,37-24-17,M0K,7104,17,83888,37,5032,30800,6528,24,3264,768,3264,544,32384
384x384x384w17-24-36,384,384,384,17,24,36,17-24-36,M0K,3264,36,84544,17,4896,30144,13824,24,6912,384,6912,576,32384
384x384x384w17-24-37,384,384,384,17,24,37,17-24-37,M0K,3264,37,83888,17,5032,30800,14208,24,7104,384,7104,592,32384
384x384x384w36-24-17,384,384,384,36,24,17,36-24-17,M0K,6912,17,84544,36,4896,30144,6528,24,3264,768,3264,544,32384
384x384x384w17-24-35,384,384,384,17,24,35,17-24-35,M0K,3264,35,85200,17,4760,29488,13440,24,6720,384,6720,560,32384
384x384x384w35-24-17,384,384,384,35,24,17,35-24-17,M0K,6720,17,85200,35,4760,29488,6528,24,3264,768,3264,544,32384
384x384x384w17-24-38,384,384,384,17,24,38,17-24-38,M0K,3264,38,83232,17,5168,31456,14592,24,7296,384,7296,608,32384
384x384x384w17-48-18,384,384,384,17,48,18,17-48-18,M0K,6528,18,82912,17,2448,31776,13824,48,6912,768,6912,288,32384
384x384x384w21-16-43,384,384,384,21,16,43,21-16-43,M0K,2688,43,83856,21,7224,30832,11008,16,5504,256,5504,688,32400
384x384x384w21-32-22,384,384,384,21,32,22,21-32-22,M0K,5376,22,85280,21,3696,29408,11264,32,5632,512,5632,352,32400
384x384x384w21-16-47,384,384,384,21,16,47,21-16-47,M0K,2688,47,81488,21,7896,33200,12032,16,6016,256,6016,752,32400
384x384x384w21-16-46,384,384,384,21,16,46,21-16-46,M0K,2688,46,82080,21,7728,32608,11776,16,5888,256,5888,736,32400
384x384x384w21-16-45,384,384,384,21,16,45,21-16-45,M0K,2688,45,82672,21,7560,32016,11520,16,5760,256,5760,720,32400
384x384x384w21-16-44,384,384,384,21,16,44,21-16-44,M0K,2688,44,83264,21,7392,31424,11264,16,5632,256,5632,704,32400
384x384x384w30-32-15,384,384,384,30,32,15,30-32-15,M0K,7680,15,84448,30,3600,30240,7680,32,3840,768,3840,360,32448
384x384x384w15-64-15,384,384,384,15,64,15,15-64-15,M0K,7680,15,80368,15,1800,34320,15360,64,7680,512,7680,120,32448
384x384x384w31-32-15,384,384,384,31,32,15,31-32-15,M0K,7936,15,83696,31,3720,30992,7680,32,3840,768,3840,360,32448
384x384x384w30-16-30,384,384,384,30,16,30,30-16-30,M0K,3840,30,84928,30,7200,29760,7680,16,3840,384,3840,720,32448
384x384x384w15-32-31,384,384,384,15,32,31,15-32-31,M0K,3840,31,83696,15,3720,30992,15872,32,7936,256,7936,248,32448
384x384x384w20-24-30,384,384,384,20,24,30,20-24-30,M0K,3840,30,85888,20,4800,28800,11520,24,5760,384,5760,480,32448
384x384x384w42-24-15,384,384,384,42,24,15,42-24-15,M0K,8064,15,82720,42,5040,31968,5760,24,2880,960,2880,600,32448
384x384x384w20-48-15,384,384,384,20,48,15,20-48-15,M0K,7680,15,83008,20,2400,31680,11520,48,5760,768,5760,240,32448
384x384x384w20-24-31,384,384,384,20,24,31,20-24-31,M0K,3840,31,85184,20,4960,29504,11904,24,5952,384,5952,496,32448
384x384x384w31-16-31,384,384,384,31,16,31,31-16-31,M0K,3968,31,83440,31,7688,31248,7936,16,3968,384,3968,744,32448
384x384x384w30-16-31,384,384,384,30,16,31,30-16-31,M0K,3840,31,84192,30,7440,30496,7936,16,3968,384,3968,744,32448
384x384x384w31-16-30,384,384,384,31,16,30,31-16-30,M0K,3968,30,84192,31,7440,30496,7680,16,3840,384,3840,720,32448
384x384x384w15-32-30,384,384,384,15,32,30,15-32-30,M0K,3840,30,84448,15,3600,30240,15360,32,7680,256,7680,240,32448
384x384x384w27-32-17,384,384,384,27,32,17,27-32-17,M0K,6912,17,84816,27,3672,29872,8704,32,4352,768,4352,408,32568
384x384x384w23-16-40,384,384,384,23,16,40,23-16-40,M0K,2944,40,83840,23,7360,30848,10240,16,5120,256,5120,640,32640
384x384x384w26-24-23,384,384,384,26,24,23,26-24-23,M0K,4992,23,86304,26,4784,28384,8832,24,4416,576,4416,552,32640
384x384x384w39-16-23,384,384,384,39,16,23,39-16-23,M0K,4992,23,84464,39,7176,30224,5888,16,2944,512,2944,736,32640
384x384x384w23-40-16,384,384,384,23,40,16,23-40-16,MN0,7360,16,83840,23,2944,30848,10240,40,5120,640,5120,256,32640
384x384x384w23-24-27,384,384,384,23,24,27,23-24-27,M0K,4416,27,85552,23,4968,29136,10368,24,5184,384,5184,432,32640
384x384x384w23-32-20,384,384,384,23,32,20,23-32-20,M0K,5888,20,85312,23,3680,29376,10240,32,5120,512,5120,320,32640
384x384x384w23-16-41,384,384,384,23,16,41,23-16-41,M0K,2944,41,83216,23,7544,31472,10496,16,5248,256,5248,656,32640
384x384x384w40-16-23,384,384,384,40,16,23,40-16-23,M0K,5120,23,83840,40,7360,30848,5888,16,2944,640,2944,920,32640
384x384x384w23-16-39,384,384,384,23,16,39,23-16-39,M0K,2944,39,84464,23,7176,30224,9984,16,4992,256,4992,624,32640
384x384x384w41-16-23,384,384,384,41,16,23,41-16-23,M0K,5248,23,83216,41,7544,31472,5888,16,2944,640,2944,920,32640
384x384x384w16-40-23,384,384,384,16,40,23,16-40-23,0NK,5120,23,83840,16,2944,30848,14720,40,7360,640,7360,368,32640
384x384x384w23-16-42,384,384,384,23,16,42,23-16-42,M0K,2944,42,82592,23,7728,32096,10752,16,5376,256,5376,672,32640
384x384x384w23-24-26,384,384,384,23,24,26,23-24-26,M0K,4416,26,86304,23,4784,28384,9984,24,4992,384,4992,416,32640
384x384x384w54-16-18,384,384,384,54,16,18,54-16-18,M0K,6912,18,80704,54,7776,33984,4608,16,2304,768,2304,864,32736
384x384x384w20-40-19,384,384,384,20,40,19,20-40-19,MNK,6400,19,83648,20,3040,31040,12160,40,6080,640,6080,304,32760
384x384x384w24-24-24,384,384,384,24,24,24,24-24-24,000,4608,24,87040,24,4608,27648,9216,24,4608,576,4608,576,32768
384x384x384w25-24-25,384,384,384,25,24,25,25-24-25,M0K,4800,25,85488,25,5000,29200,9600,24,4800,576,4800,600,32768
384x384x384w25-24-24,384,384,384,25,24,24,25-24-24,M00,4800,24,86272,25,4800,28416,9216,24,4608,576,4608,576,32768
384x384x384w24-24-25,384,384,384,24,24,25,24-24-25,00K,4608,25,86272,24,4800,28416,9600,24,4800,576,4800,600,32768
384x384x384w19-40-20,384,384,384,19,40,20,19-40-20,MNK,6080,20,83648,19,3040,31040,12800,40,6400,640,6400,320,32800
384x384x384w47-16-21,384,384,384,47,16,21,47-16-21,M0K,6016,21,81488,47,7896,33200,5376,16,2688,640,2688,840,32832
384x384x384w44-16-21,384,384,384,44,16,21,44-16-21,M0K,5632,21,83264,44,7392,31424,5376,16,2688,640,2688,840,32832
384x384x384w46-16-21,384,384,384,46,16,21,46-16-21,M0K,5888,21,82080,46,7728,32608,5376,16,2688,640,2688,840,32832
384x384x384w22-32-21,384,384,384,22,32,21,22-32-21,M0K,5632,21,85280,22,3696,29408,10752,32,5376,512,5376,336,32832
384x384x384w43-16-21,384,384,384,43,16,21,43-16-21,M0K,5504,21,83856,43,7224,30832,5376,16,2688,640,2688,840,32832
384x384x384w45-16-21,384,384,384,45,16,21,45-16-21,M0K,5760,21,82672,45,7560,32016,5376,16,2688,640,2688,840,32832
384x384x384w21-40-18,384,384,384,21,40,18,21-40-18,MNK,6720,18,83680,21,3024,31008,11520,40,5760,640,5760,288,33000
384x384x384w18-40-21,384,384,384,18,40,21,18-40-21,MNK,5760,21,83680,18,3024,31008,13440,40,6720,640,6720,336,33060
384x384x384w17-40-22,384,384,384,17,40,22,17-40-22,MNK,5440,22,83744,17,2992,30944,14080,40,7040,640,7040,352,33120
384x384x384w26-32-17,384,384,384,26,32,17,26-32-17,M0K,6656,17,85600,26,3536,29088,8704,32,4352,768,4352,408,33120
384x384x384w22-40-17,384,384,384,22,40,17,22-40-17,MNK,7040,17,83744,22,2992,30944,10880,40,5440,640,5440,272,33120
384x384x384w17-32-27,384,384,384,17,32,27,17-32-27,M0K,4352,27,84816,17,3672,29872,13824,32,6912,512,6912,432,33120
384x384x384w17-32-26,384,384,384,17,32,26,17-32-26,M0K,4352,26,85600,17,3536,29088,13312,32,6656,512,6656,416,33120
384x384x384w40-24-15,384,384,384,40,24,15,40-24-15,M0K,7680,15,83968,40,4800,30720,5760,24,2880,960,2880,600,33280
384x384x384w15-48-20,384,384,384,15,48,20,15-48-20,M0K,5760,20,83008,15,2400,31680,15360,48,7680,384,7680,160,33280
384x384x384w15-24-41,384,384,384,15,24,41,15-24-41,M0K,2880,41,83344,15,4920,31344,15744,24,7872,192,7872,328,33280
384x384x384w15-24-39,384,384,384,15,24,39,15-24-39,M0K,2880,39,84592,15,4680,30096,14976,24,7488,192,7488,312,33280
384x384x384w25-40-15,384,384,384,25,40,15,25-40-15,MNK,8000,15,83088,25,3000,31600,9600,40,4800,960,4800,360,33280
384x384x384w39-24-15,384,384,384,39,24,15,39-24-15,M0K,7488,15,84592,39,4680,30096,5760,24,2880,768,2880,480,33280
384x384x384w41-24-15,384,384,384,41,24,15,41-24-15,M0K,7872,15,83344,41,4920,31344,5760,24,2880,960,2880,600,33280
384x384x384w15-40-25,384,384,384,15,40,25,15-40-25,MNK,4800,25,83088,15,3000,31600,16000,40,8000,320,8000,200,33280
384x384x384w15-24-42,384,384,384,15,24,42,15-24-42,M0K,2880,42,82720,15,5040,31968,16128,24,8064,192,8064,336,33280
384x384x384w15-40-24,384,384,384,15,40,24,15-40-24,MN0,4800,24,83968,15,2880,30720,15360,40,7680,320,7680,192,33280
384x384x384w30-24-20,384,384,384,30,24,20,30-24-20,M0K,5760,20,85888,30,4800,28800,7680,24,3840,576,3840,480,33280
384x384x384w15-24-40,384,384,384,15,24,40,15-24-40,M0K,2880,40,83968,15,4800,30720,15360,24,7680,192,7680,320,33280
384x384x384w31-24-20,384,384,384,31,24,20,31-24-20,M0K,5952,20,85184,31,4960,29504,7680,24,3840,576,3840,480,33280
384x384x384w24-40-15,384,384,384,24,40,15,24-40-15,0NK,7680,15,83968,24,2880,30720,9600,40,4800,960,4800,360,33280
384x384x384w18-32-25,384,384,384,18,32,25,18-32-25,M0K,4608,25,85472,18,3600,29216,12800,32,6400,512,6400,400,33408
384x384x384w18-16-48,384,384,384,18,16,48,18-16-48,M00,2304,48,83968,18,6912,30720,12288,16,6144,256,6144,768,33408
384x384x384w18-16-53,384,384,384,18,16,53,18-16-53,M0K,2304,53,81248,18,7632,33440,13568,16,6784,256,6784,848,33408
384x384x384w18-48-16,384,384,384,18,48,16,18-48-16,M00,6912,16,83968,18,2304,30720,12288,48,6144,768,6144,256,33408
384x384x384w18-16-54,384,384,384,18,16,54,18-16-54,M0K,2304,54,80704,18,7776,33984,13824,16,6912,256,6912,864,33408
384x384x384w18-24-34,384,384,384,18,24,34,18-24-34,M0K,3456,34,84928,18,4896,29760,13056,24,6528,384,6528,544,33408
384x384x384w18-16-49,384,384,384,18,16,49,18-16-49,M0K,2304,49,83424,18,7056,31264,12544,16,6272,256,6272,784,33408
384x384x384w18-24-33,384,384,384,18,24,33,18-24-33,M0K,3456,33,85600,18,4752,29088,12672,24,6336,384,6336,528,33408
384x384x384w18-16-51,384,384,384,18,16,51,18-16-51,M0K,2304,51,82336,18,7344,32352,13056,16,6528,256,6528,816,33408
384x384x384w18-16-50,384,384,384,18,16,50,18-16-50,M0K,2304,50,82880,18,7200,31808,12800,16,6400,256,6400,800,33408
384x384x384w18-16-52,384,384,384,18,16,52,18-16-52,M0K,2304,52,81792,18,7488,32896,13312,16,6656,256,6656,832,33408
384x384x384w18-24-32,384,384,384,18,24,32,18-24-32,M00,3456,32,86272,18,4608,28416,12288,24,6144,384,6144,512,33408
384x384x384w18-32-24,384,384,384,18,32,24,18-32-24,M00,4608,24,86272,18,3456,28416,12288,32,6144,512,6144,384,33408
384x384x384w19-32-23,384,384,384,19,32,23,19-32-23,M0K,4864,23,86192,19,3496,28496,11776,32,5888,512,5888,368,33456
384x384x384w15-56-17,384,384,384,15,56,17,15-56-17,MNK,6720,17,81936,15,2040,32752,15232,56,7616,448,7616,136,33488
384x384x384w17-56-15,384,384,384,17,56,15,17-56-15,MNK,7616,15,81936,17,2040,32752,13440,56,6720,896,6720,240,33488
384x384x384w21-24-28,384,384,384,21,24,28,21-24-28,M0K,4032,28,86464,21,4704,28224,10752,24,5376,384,5376,448,33600
384x384x384w21-48-14,384,384,384,21,48,14,21-48-14,M0K,8064,14,83104,21,2352,31584,10752,48,5376,768,5376,224,33600
384x384x384w21-24-29,384,384,384,21,24,29,21-24-29,M0K,4032,29,85744,21,4872,28944,11136,24,5568,384,5568,464,33600
384x384x384w20-16-46,384,384,384,20,16,46,20-16-46,M0K,2560,46,83072,20,7360,31616,11776,16,5888,256,5888,736,33696
384x384x384w20-16-47,384,384,384,20,16,47,20-16-47,M0K,2560,47,82496,20,7520,32192,12032,16,6016,256,6016,752,33696
384x384x384w20-32-22,384,384,384,20,32,22,20-32-22,M0K,5120,22,86144,20,3520,28544,11264,32,5632,512,5632,352,33696
384x384x384w63-16-15,384,384,384,63,16,15,63-16-15,M0K,8064,15,79600,63,7560,35088,3840,16,1920,896,1920,840,33696
384x384x384w20-16-44,384,384,384,20,16,44,20-16-44,M0K,2560,44,84224,20,7040,30464,11264,16,5632,256,5632,704,33696
384x384x384w20-16-43,384,384,384,20,16,43,20-16-43,M0K,2560,43,84800,20,6880,29888,11008,16,5504,256,5504,688,33696
384x384x384w20-16-45,384,384,384,20,16,45,20-16-45,M0K,2560,45,83648,20,7200,31040,11520,16,5760,256,5760,720,33696
384x384x384w42-16-22,384,384,384,42,16,22,42-16-22,M0K,5376,22,83520,42,7392,31168,5632,16,2816,640,2816,880,33696
384x384x384w14-48-21,384,384,384,14,48,21,14-48-21,M0K,5376,21,83104,14,2352,31584,16128,48,8064,384,8064,168,33744
384x384x384w29-24-21,384,384,384,29,24,21,29-24-21,M0K,5568,21,85744,29,4872,28944,8064,24,4032,576,4032,504,33744
384x384x384w52-16-18,384,384,384,52,16,18,52-16-18,M0K,6656,18,81792,52,7488,32896,4608,16,2304,768,2304,864,33792
384x384x384w35-24-16,384,384,384,35,24,16,35-24-16,M00,6720,16,86144,35,4480,28544,6144,24,3072,768,3072,512,33792
384x384x384w16-48-18,384,384,384,16,48,18,16-48-18,00K,6144,18,83968,16,2304,30720,13824,48,6912,768,6912,288,33792
384x384x384w36-16-24,384,384,384,36,16,24,36-16-24,M00,4608,24,85504,36,6912,29184,6144,16,3072,512,3072,768,33792
384x384x384w25-16-38,384,384,384,25,16,38,25-16-38,M0K,3200,38,83360,25,7600,31328,9728,16,4864,384,4864,912,33792
384x384x384w33-24-18,384,384,384,33,24,18,33-24-18,M0K,6336,18,85600,33,4752,29088,6912,24,3456,768,3456,576,33792
384x384x384w24-16-37,384,384,384,24,16,37,24-16-37,00K,3072,37,84864,24,7104,29824,9472,16,4736,384,4736,888,33792
384x384x384w37-24-16,384,384,384,37,24,16,37-24-16,M00,7104,16,84864,37,4736,29824,6144,24,3072,768,3072,512,33792
384x384x384w25-16-36,384,384,384,25,16,36,25-16-36,M0K,3200,36,84672,25,7200,30016,9216,16,4608,384,4608,864,33792
384x384x384w48-16-18,384,384,384,48,16,18,48-16-18,00K,6144,18,83968,48,6912,30720,4608,16,2304,768,2304,864,33792
384x384x384w16-24-35,384,384,384,16,24,35,16-24-35,00K,3072,35,86144,16,4480,28544,13440,24,6720,384,6720,560,33792
384x384x384w37-16-25,384,384,384,37,16,25,37-16-25,M0K,4736,25,84016,37,7400,30672,6400,16,3200,512,3200,800,33792
384x384x384w16-24-37,384,384,384,16,24,37,16-24-37,00K,3072,37,84864,16,4736,29824,14208,24,7104,384,7104,592,33792
384x384x384w35-16-25,384,384,384,35,16,25,35-16-25,M0K,4480,25,85328,35,7000,29360,6400,16,3200,512,3200,800,33792
384x384x384w34-24-18,384,384,384,34,24,18,34-24-18,M0K,6528,18,84928,34,4896,29760,6912,24,3456,768,3456,576,33792
384x384x384w50-16-18,384,384,384,50,16,18,50-16-18,M0K,6400,18,82880,50,7200,31808,4608,16,2304,768,2304,864,33792
384x384x384w16-24-38,384,384,384,16,24,38,16-24-38,00K,3072,38,84224,16,4864,30464,14592,24,7296,384,7296,608,33792
384x384x384w24-32-18,384,384,384,24,32,18,24-32-18,00K,6144,18,86272,24,3456,28416,9216,32,4608,768,4608,432,33792
384x384x384w25-16-35,384,384,384,25,16,35,25-16-35,M0K,3200,35,85328,25,7000,29360,8960,16,4480,384,4480,840,33792
384x384x384w35-16-24,384,384,384,35,16,24,35-16-24,M00,4480,24,86144,35,6720,28544,6144,16,3072,512,3072,768,33792
384x384x384w36-16-25,384,384,384,36,16,25,36-16-25,M0K,4608,25,84672,36,7200,30016,6400,16,3200,512,3200,800,33792
384x384x384w49-16-18,384,384,384,49,16,18,49-16-18,M0K,6272,18,83424,49,7056,31264,4608,16,2304,768,2304,864,33792
384x384x384w37-16-24,384,384,384,37,16,24,37-16-24,M00,4736,24,84864,37,7104,29824,6144,16,3072,512,3072,768,33792
384x384x384w51-16-18,384,384,384,51,16,18,51-16-18,M0K,6528,18,82336,51,7344,32352,4608,16,2304,768,2304,864,33792
384x384x384w32-24-18,384,384,384,32,24,18,32-24-18,00K,6144,18,86272,32,4608,28416,6912,24,3456,768,3456,576,33792
384x384x384w24-16-36,384,384,384,24,16,36,24-16-36,00K,3072,36,85504,24,6912,29184,9216,16,4608,384,4608,864,33792
384x384x384w53-16-18,384,384,384,53,16,18,53-16-18,M0K,6784,18,81248,53,7632,33440,4608,16,2304,768,2304,864,33792
384x384x384w36-24-16,384,384,384,36,24,16,36-24-16,M00,6912,16,85504,36,4608,29184,6144,24,3072,768,3072,512,33792
384x384x384w24-16-35,384,384,384,24,16,35,24-16-35,00K,3072,35,86144,24,6720,28544,8960,16,4480,384,4480,840,33792
384x384x384w24-16-38,384,384,384,24,16,38,24-16-38,00K,3072,38,84224,24,7296,30464,9728,16,4864,384,4864,912,33792
384x384x384w25-32-18,384,384,384,25,32,18,25-32-18,M0K,6400,18,85472,25,3600,29216,9216,32,4608,768,4608,432,33792
384x384x384w16-24-36,384,384,384,16,24,36,16-24-36,00K,3072,36,85504,16,4608,29184,13824,24,6912,384,6912,576,33792
384x384x384w25-16-37,384,384,384,25,16,37,25-16-37,M0K,3200,37,84016,25,7400,30672,9472,16,4736,384,4736,888,33792
384x384x384w17-48-17,384,384,384,17,48,17,17-48-17,M0K,6528,17,83952,17,2312,30736,13056,48,6528,768,6528,272,33856
384x384x384w27-16-33,384,384,384,27,16,33,27-16-33,M0K,3456,33,85072,27,7128,29616,8448,16,4224,384,4224,792,33984
384x384x384w27-16-34,384,384,384,27,16,34,27-16-34,M0K,3456,34,84384,27,7344,30304,8704,16,4352,384,4352,816,33984
384x384x384w27-16-32,384,384,384,27,16,32,27-16-32,M00,3456,32,85760,27,6912,28928,8192,16,4096,384,4096,768,33984
384x384x384w27-32-16,384,384,384,27,32,16,27-32-16,M00,6912,16,85760,27,3456,28928,8192,32,4096,768,4096,384,33984
384x384x384w27-24-22,384,384,384,27,24,22,27-24-22,M0K,5184,22,86368,27,4752,28320,8448,24,4224,576,4224,528,33984
384x384x384w28-24-21,384,384,384,28,24,21,28-24-21,M0K,5376,21,86464,28,4704,28224,8064,24,4032,576,4032,504,34048
384x384x384w18-56-14,384,384,384,18,56,14,18-56-14,MNK,8064,14,81984,18,2016,32704,12544,56,6272,896,6272,224,34104
384x384x384w19-24-30,384,384,384,19,24,30,19-24-30,M0K,3648,30,86752,19,4560,27936,11520,24,5760,384,5760,480,34112
384x384x384w19-24-31,384,384,384,19,24,31,19-24-31,M0K,3648,31,86064,19,4712,28624,11904,24,5952,384,5952,496,34112
384x384x384w19-48-15,384,384,384,19,48,15,19-48-15,M0K,7296,15,84016,19,2280,30672,11520,48,5760,768,5760,240,34112
384x384x384w14-56-18,384,384,384,14,56,18,14-56-18,MNK,6272,18,81984,14,2016,32704,16128,56,8064,448,8064,144,34188
384x384x384w21-32-21,384,384,384,21,32,21,21-32-21,M0K,5376,21,86128,21,3528,28560,10752,32,5376,512,5376,336,34200
384x384x384w54-16-17,384,384,384,54,16,17,54-16-17,M0K,6912,17,81824,54,7344,32864,4352,16,2176,768,2176,816,34224
384x384x384w23-32-19,384,384,384,23,32,19,23-32-19,M0K,5888,19,86192,23,3496,28496,9728,32,4864,512,4864,304,34272
384x384x384w38-16-23,384,384,384,38,16,23,38-16-23,M0K,4864,23,85088,38,6992,29600,5888,16,2944,512,2944,736,34272
384x384x384w20-40-18,384,384,384,20,40,18,20-40-18,MNK,6400,18,84608,20,2880,30080,11520,40,5760,640,5760,288,34320
384x384x384w13-64-16,384,384,384,13,64,16,13-64-16,M00,6656,16,81664,13,1664,33024,16384,64,8192,512,8192,128,34416
384x384x384w13-16-64,384,384,384,13,16,64,13-16-64,M00,1664,64,81664,13,6656,33024,16384,16,8192,128,8192,512,34416
384x384x384w13-32-32,384,384,384,13,32,32,13-32-32,M00,3328,32,84992,13,3328,29696,16384,32,8192,256,8192,256,34416
384x384x384w19-40-19,384,384,384,19,40,19,19-40-19,MNK,6080,19,84592,19,2888,30096,12160,40,6080,640,6080,304,34440
384x384x384w21-40-17,384,384,384,21,40,17,21-40-17,MNK,6720,17,84656,21,2856,30032,10880,40,5440,640,5440,272,34500
384x384x384w34-16-27,384,384,384,34,16,27,34-16-27,M0K,4352,27,84384,34,7344,30304,6912,16,3456,512,3456,864,34560
384x384x384w22-16-39,384,384,384,22,16,39,22-16-39,M0K,2816,39,85344,22,6864,29344,9984,16,4992,256,4992,624,34560
384x384x384w16-64-13,384,384,384,16,64,13,16-64-13,00K,8192,13,81664,16,1664,33024,13312,64,6656,1024,6656,208,34560
384x384x384w16-32-27,384,384,384,16,32,27,16-32-27,00K,4096,27,85760,16,3456,28928,13824,32,6912,512,6912,432,34560
384x384x384w16-32-26,384,384,384,16,32,26,16-32-26,00K,4096,26,86528,16,3328,28160,13312,32,6656,512,6656,416,34560
384x384x384w32-16-26,384,384,384,32,16,26,32-16-26,00K,4096,26,86528,32,6656,28160,6656,16,3328,512,3328,832,34560
384x384x384w22-24-26,384,384,384,22,24,26,22-24-26,M0K,4224,26,87104,22,4576,27584,9984,24,4992,384,4992,416,34560
384x384x384w32-32-13,384,384,384,32,32,13,32-32-13,00K,8192,13,84992,32,3328,29696,6656,32,3328,1024,3328,416,34560
384x384x384w34-16-26,384,384,384,34,16,26,34-16-26,M0K,4352,26,85184,34,7072,29504,6656,16,3328,512,3328,832,34560
384x384x384w39-16-22,384,384,384,39,16,22,39-16-22,M0K,4992,22,85344,39,6864,29344,5632,16,2816,512,2816,704,34560
384x384x384w26-16-34,384,384,384,26,16,34,26-16-34,M0K,3328,34,85184,26,7072,29504,8704,16,4352,384,4352,816,34560
384x384x384w46-16-20,384,384,384,46,16,20,46-16-20,M0K,5888,20,83072,46,7360,31616,5120,16,2560,640,2560,800,34560
384x384x384w47-16-20,384,384,384,47,16,20,47-16-20,M0K,6016,20,82496,47,7520,32192,5120,16,2560,640,2560,800,34560
384x384x384w43-16-20,384,384,384,43,16,20,43-16-20,M0K,5504,20,84800,43,6880,29888,5120,16,2560,640,2560,800,34560
384x384x384w22-40-16,384,384,384,22,40,16,22-40-16,MN0,7040,16,84736,22,2816,29952,10240,40,5120,640,5120,256,34560
384x384x384w32-16-27,384,384,384,32,16,27,32-16-27,00K,4096,27,85760,32,6912,28928,6912,16,3456,512,3456,864,34560
384x384x384w22-16-40,384,384,384,22,16,40,22-16-40,M0K,2816,40,84736,22,7040,29952,10240,16,5120,256,5120,640,34560
384x384x384w26-24-22,384,384,384,26,24,22,26-24-22,M0K,4992,22,87104,26,4576,27584,8448,24,4224,576,4224,528,34560
384x384x384w26-32-16,384,384,384,26,32,16,26-32-16,M00,6656,16,86528,26,3328,28160,8192,32,4096,768,4096,384,34560
384x384x384w41-16-22,384,384,384,41,16,22,41-16-22,M0K,5248,22,84128,41,7216,30560,5632,16,2816,640,2816,880,34560
384x384x384w16-40-22,384,384,384,16,40,22,16-40-22,0NK,5120,22,84736,16,2816,29952,14080,40,7040,640,7040,352,34560
384x384x384w33-16-27,384,384,384,33,16,27,33-16-27,M0K,4224,27,85072,33,7128,29616,6912,16,3456,512,3456,864,34560
384x384x384w22-32-20,384,384,384,22,32,20,22-32-20,M0K,5632,20,86144,22,3520,28544,10240,32,5120,512,5120,320,34560
384x384x384w26-16-33,384,384,384,26,16,33,26-16-33,M0K,3328,33,85856,26,6864,28832,8448,16,4224,384,4224,792,34560
384x384x384w26-16-32,384,384,384,26,16,32,26-16-32,M00,3328,32,86528,26,6656,28160,8192,16,4096,384,4096,768,34560
384x384x384w22-16-41,384,384,384,22,16,41,22-16-41,M0K,2816,41,84128,22,7216,30560,10496,16,5248,256,5248,656,34560
384x384x384w44-16-20,384,384,384,44,16,20,44-16-20,M0K,5632,20,84224,44,7040,30464,5120,16,2560,640,2560,800,34560
384x384x384w33-16-26,384,384,384,33,16,26,33-16-26,M0K,4224,26,85856,33,6864,28832,6656,16,3328,512,3328,832,34560
384x384x384w40-16-22,384,384,384,40,16,22,40-16-22,M0K,5120,22,84736,40,7040,29952,5632,16,2816,640,2816,880,34560
384x384x384w22-16-42,384,384,384,22,16,42,22-16-42,M0K,2816,42,83520,22,7392,31168,10752,16,5376,256,5376,672,34560
384x384x384w64-16-13,384,384,384,64,16,13,64-16-13,00K,8192,13,81664,64,6656,33024,3328,16,1664,1024,1664,832,34560
384x384x384w45-16-20,384,384,384,45,16,20,45-16-20,M0K,5760,20,83648,45,7200,31040,5120,16,2560,640,2560,800,34560
384x384x384w22-24-27,384,384,384,22,24,27,22-24-27,M0K,4224,27,86368,22,4752,28320,10368,24,5184,384,5184,432,34560
384x384x384w29-16-30,384,384,384,29,16,30,29-16-30,M0K,3712,30,85664,29,6960,29024,7680,16,3840,384,3840,720,34632
384x384x384w29-16-31,384,384,384,29,16,31,29-16-31,M0K,3712,31,84944,29,7192,29744,7936,16,3968,384,3968,744,34632
384x384x384w29-32-15,384,384,384,29,32,15,29-32-15,M0K,7424,15,85200,29,3480,29488,7680,32,3840,768,3840,360,34632
384x384x384w14-64-15,384,384,384,14,64,15,14-64-15,M0K,7168,15,81632,14,1680,33056,15360,64,7680,512,7680,120,34632
384x384x384w14-32-30,384,384,384,14,32,30,14-32-30,M0K,3584,30,85440,14,3360,29248,15360,32,7680,256,7680,240,34632
384x384x384w14-32-31,384,384,384,14,32,31,14-32-31,M0K,3584,31,84704,14,3472,29984,15872,32,7936,256,7936,248,34632
384x384x384w18-40-20,384,384,384,18,40,20,18-40-20,MNK,5760,20,84608,18,2880,30080,12800,40,6400,640,6400,320,34800
384x384x384w25-24-23,384,384,384,25,24,23,25-24-23,M0K,4800,23,87056,25,4600,27632,8832,24,4416,576,4416,552,34816
384x384x384w23-24-24,384,384,384,23,24,24,23-24-24,M00,4416,24,87808,23,4416,26880,9216,24,4608,384,4608,384,34816
384x384x384w24-24-23,384,384,384,24,24,23,24-24-23,00K,4608,23,87808,24,4416,26880,8832,24,4416,576,4416,552,34816
384x384x384w23-24-25,384,384,384,23,24,25,23-24-25,M0K,4416,25,87056,23,4600,27632,9600,24,4800,384,4800,400,34816
384x384x384w31-32-14,384,384,384,31,32,14,31-32-14,M0K,7936,14,84704,31,3472,29984,7168,32,3584,768,3584,336,34944
384x384x384w28-32-15,384,384,384,28,32,15,28-32-15,M0K,7168,15,85952,28,3360,28736,7680,32,3840,768,3840,360,34944
384x384x384w15-64-14,384,384,384,15,64,14,15-64-14,M0K,7680,14,81632,15,1680,33056,14336,64,7168,512,7168,112,34944
384x384x384w15-16-61,384,384,384,15,16,61,15-16-61,M0K,1920,61,80592,15,7320,34096,15616,16,7808,128,7808,488,34944
384x384x384w20-24-28,384,384,384,20,24,28,20-24-28,M0K,3840,28,87296,20,4480,27392,10752,24,5376,384,5376,448,34944
384x384x384w30-16-29,384,384,384,30,16,29,30-16-29,M0K,3840,29,85664,30,6960,29024,7424,16,3712,384,3712,696,34944
384x384x384w38-24-15,384,384,384,38,24,15,38-24-15,M0K,7296,15,85216,38,4560,29472,5760,24,2880,768,2880,480,34944
384x384x384w15-16-60,384,384,384,15,16,60,15-16-60,M0K,1920,60,81088,15,7200,33600,15360,16,7680,128,7680,480,34944
384x384x384w30-24-19,384,384,384,30,24,19,30-24-19,M0K,5760,19,86752,30,4560,27936,7296,24,3648,576,3648,456,34944
384x384x384w16-56-15,384,384,384,16,56,15,16-56-15,0NK,7168,15,83072,16,1920,31616,13440,56,6720,896,6720,240,34944
384x384x384w15-56-16,384,384,384,15,56,16,15-56-16,MN0,6720,16,83072,15,1920,31616,14336,56,7168,448,7168,128,34944
384x384x384w59-16-15,384,384,384,59,16,15,59-16-15,M0K,7552,15,81584,59,7080,33104,3840,16,1920,896,1920,840,34944
384x384x384w30-16-28,384,384,384,30,16,28,30-16-28,M0K,3840,28,86400,30,6720,28288,7168,16,3584,384,3584,672,34944
384x384x384w15-48-19,384,384,384,15,48,19,15-48-19,M0K,5760,19,84016,15,2280,30672,14592,48,7296,384,7296,152,34944
384x384x384w15-16-56,384,384,384,15,16,56,15-16-56,M0K,1920,56,83072,15,6720,31616,14336,16,7168,128,7168,448,34944
384x384x384w15-16-55,384,384,384,15,16,55,15-16-55,M0K,1920,55,83568,15,6600,31120,14080,16,7040,128,7040,440,34944
384x384x384w31-16-28,384,384,384,31,16,28,31-16-28,M0K,3968,28,85696,31,6944,28992,7168,16,3584,384,3584,672,34944
384x384x384w58-16-15,384,384,384,58,16,15,58-16-15,M0K,7424,15,82080,58,6960,32608,3840,16,1920,896,1920,840,34944
384x384x384w60-16-15,384,384,384,60,16,15,60-16-15,M0K,7680,15,81088,60,7200,33600,3840,16,1920,896,1920,840,34944
384x384x384w30-32-14,384,384,384,30,32,14,30-32-14,M0K,7680,14,85440,30,3360,29248,7168,32,3584,768,3584,336,34944
384x384x384w56-16-15,384,384,384,56,16,15,56-16-15,M0K,7168,15,83072,56,6720,31616,3840,16,1920,896,1920,840,34944
384x384x384w20-24-29,384,384,384,20,24,29,20-24-29,M0K,3840,29,86592,20,4640,28096,11136,24,5568,384,5568,464,34944
384x384x384w20-48-14,384,384,384,20,48,14,20-48-14,M0K,7680,14,84096,20,2240,30592,10752,48,5376,768,5376,224,34944
384x384x384w15-16-58,384,384,384,15,16,58,15-16-58,M0K,1920,58,82080,15,6960,32608,14848,16,7424,128,7424,464,34944
384x384x384w55-16-15,384,384,384,55,16,15,55-16-15,M0K,7040,15,83568,55,6600,31120,3840,16,1920,768,1920,720,34944
384x384x384w31-16-29,384,384,384,31,16,29,31-16-29,M0K,3968,29,84944,31,7192,29744,7424,16,3712,384,3712,696,34944
384x384x384w15-16-63,384,384,384,15,16,63,15-16-63,M0K,1920,63,79600,15,7560,35088,16128,16,8064,128,8064,504,34944
384x384x384w61-16-15,384,384,384,61,16,15,61-16-15,M0K,7808,15,80592,61,7320,34096,3840,16,1920,896,1920,840,34944
384x384x384w28-16-30,384,384,384,28,16,30,28-16-30,M0K,3584,30,86400,28,6720,28288,7680,16,3840,384,3840,720,34944
384x384x384w15-16-62,384,384,384,15,16,62,15-16-62,M0K,1920,62,80096,15,7440,34592,15872,16,7936,128,7936,496,34944
384x384x384w57-16-15,384,384,384,57,16,15,57-16-15,M0K,7296,15,82576,57,6840,32112,3840,16,1920,896,1920,840,34944
384x384x384w15-32-29,384,384,384,15,32,29,15-32-29,M0K,3840,29,85200,15,3480,29488,14848,32,7424,256,7424,232,34944
384x384x384w62-16-15,384,384,384,62,16,15,62-16-15,M0K,7936,15,80096,62,7440,34592,3840,16,1920,896,1920,840,34944
384x384x384w15-16-59,384,384,384,15,16,59,15-16-59,M0K,1920,59,81584,15,7080,33104,15104,16,7552,128,7552,472,34944
384x384x384w15-16-57,384,384,384,15,16,57,15-16-57,M0K,1920,57,82576,15,6840,32112,14592,16,7296,128,7296,456,34944
384x384x384w28-16-31,384,384,384,28,16,31,28-16-31,M0K,3584,31,85696,28,6944,28992,7936,16,3968,384,3968,744,34944
384x384x384w42-24-14,384,384,384,42,24,14,42-24-14,M0K,8064,14,83776,42,4704,30912,5376,24,2688,960,2688,560,34944
384x384x384w31-24-19,384,384,384,31,24,19,31-24-19,M0K,5952,19,86064,31,4712,28624,7296,24,3648,576,3648,456,34944
384x384x384w15-32-28,384,384,384,15,32,28,15-32-28,M0K,3840,28,85952,15,3360,28736,14336,32,7168,256,7168,224,34944
384x384x384w17-40-21,384,384,384,17,40,21,17-40-21,MNK,5440,21,84656,17,2856,30032,13440,40,6720,640,6720,336,34960
384x384x384w50-16-17,384,384,384,50,16,17,50-16-17,M0K,6400,17,83936,50,6800,30752,4352,16,2176,768,2176,816,35328
384x384x384w34-24-17,384,384,384,34,24,17,34-24-17,M0K,6528,17,85856,34,4624,28832,6528,24,3264,768,3264,544,35328
384x384x384w17-24-33,384,384,384,17,24,33,17-24-33,M0K,3264,33,86512,17,4488,28176,12672,24,6336,384,6336,528,35328
384x384x384w53-16-17,384,384,384,53,16,17,53-16-17,M0K,6784,17,82352,53,7208,32336,4352,16,2176,768,2176,816,35328
384x384x384w17-16-48,384,384,384,17,16,48,17-16-48,M00,2176,48,84992,17,6528,29696,12288,16,6144,256,6144,768,35328
384x384x384w48-16-17,384,384,384,48,16,17,48-16-17,00K,6144,17,84992,48,6528,29696,4352,16,2176,768,2176,816,35328
384x384x384w17-16-51,384,384,384,17,16,51,17-16-51,M0K,2176,51,83408,17,6936,31280,13056,16,6528,256,6528,816,35328
384x384x384w17-16-54,384,384,384,17,16,54,17-16-54,M0K,2176,54,81824,17,7344,32864,13824,16,6912,256,6912,864,35328
384x384x384w17-32-24,384,384,384,17,32,24,17-32-24,M00,4352,24,87168,17,3264,27520,12288,32,6144,512,6144,384,35328
384x384x384w17-16-52,384,384,384,17,16,52,17-16-52,M0K,2176,52,82880,17,7072,31808,13312,16,6656,256,6656,832,35328
384x384x384w51-16-17,384,384,384,51,16,17,51-16-17,M0K,6528,17,83408,51,6936,31280,4352,16,2176,768,2176,816,35328
384x384x384w17-32-25,384,384,384,17,32,25,17-32-25,M0K,4352,25,86384,17,3400,28304,12800,32,6400,512,6400,400,35328
384x384x384w52-16-17,384,384,384,52,16,17,52-16-17,M0K,6656,17,82880,52,7072,31808,4352,16,2176,768,2176,816,35328
384x384x384w16-48-17,384,384,384,16,48,17,16-48-17,00K,6144,17,84992,16,2176,29696,13056,48,6528,768,6528,272,35328
384x384x384w33-24-17,384,384,384,33,24,17,33-24-17,M0K,6336,17,86512,33,4488,28176,6528,24,3264,768,3264,544,35328
384x384x384w32-24-17,384,384,384,32,24,17,32-24-17,00K,6144,17,87168,32,4352,27520,6528,24,3264,768,3264,544,35328
384x384x384w17-48-16,384,384,384,17,48,16,17-48-16,M00,6528,16,84992,17,2176,29696,12288,48,6144,768,6144,256,35328
384x384x384w25-32-17,384,384,384,25,32,17,25-32-17,M0K,6400,17,86384,25,3400,28304,8704,32,4352,768,4352,408,35328
384x384x384w49-16-17,384,384,384,49,16,17,49-16-17,M0K,6272,17,84464,49,6664,30224,4352,16,2176,768,2176,816,35328
384x384x384w17-24-32,384,384,384,17,24,32,17-24-32,M00,3264,32,87168,17,4352,27520,12288,24,6144,384,6144,512,35328
384x384x384w17-16-49,384,384,384,17,16,49,17-16-49,M0K,2176,49,84464,17,6664,30224,12544,16,6272,256,6272,784,35328
384x384x384w17-16-53,384,384,384,17,16,53,17-16-53,M0K,2176,53,82352,17,7208,32336,13568,16,6784,256,6784,848,35328
384x384x384w24-32-17,384,384,384,24,32,17,24-32-17,00K,6144,17,87168,24,3264,27520,8704,32,4352,768,4352,408,35328
384x384x384w17-16-50,384,384,384,17,16,50,17-16-50,M0K,2176,50,83936,17,6800,30752,12800,16,6400,256,6400,800,35328
384x384x384w17-24-34,384,384,384,17,24,34,17-24-34,M0K,3264,34,85856,17,4624,28832,13056,24,6528,384,6528,544,35328
384x384x384w15-40-23,384,384,384,15,40,23,15-40-23,MNK,4800,23,84848,15,2760,29840,14720,40,7360,320,7360,184,35360
384x384x384w23-40-15,384,384,384,23,40,15,23-40-15,MNK,7360,15,84848,23,2760,29840,9600,40,4800,640,4800,240,35360
384x384x384w19-32-22,384,384,384,19,32,22,19-32-22,M0K,4864,22,87008,19,3344,27680,11264,32,5632,512,5632,352,35424
384x384x384w19-16-47,384,384,384,19,16,47,19-16-47,M0K,2432,47,83504,19,7144,31184,12032,16,6016,256,6016,752,35424
384x384x384w19-16-46,384,384,384,19,16,46,19-16-46,M0K,2432,46,84064,19,6992,30624,11776,16,5888,256,5888,736,35424
384x384x384w19-16-44,384,384,384,19,16,44,19-16-44,M0K,2432,44,85184,19,6688,29504,11264,16,5632,256,5632,704,35424
384x384x384w19-16-45,384,384,384,19,16,45,19-16-45,M0K,2432,45,84624,19,6840,30064,11520,16,5760,256,5760,720,35424
384x384x384w19-16-43,384,384,384,19,16,43,19-16-43,M0K,2432,43,85744,19,6536,28944,11008,16,5504,256,5504,688,35424
384x384x384w18-32-23,384,384,384,18,32,23,18-32-23,M0K,4608,23,87072,18,3312,27616,11776,32,5888,512,5888,368,35496
384x384x384w14-40-24,384,384,384,14,40,24,14-40-24,MN0,4480,24,84992,14,2688,29696,15360,40,7680,320,7680,192,35520
384x384x384w14-48-20,384,384,384,14,48,20,14-48-20,M0K,5376,20,84096,14,2240,30592,15360,48,7680,384,7680,160,35520
384x384x384w14-24-41,384,384,384,14,24,41,14-24-41,M0K,2688,41,84384,14,4592,30304,15744,24,7872,192,7872,328,35520
384x384x384w14-24-42,384,384,384,14,24,42,14-24-42,M0K,2688,42,83776,14,4704,30912,16128,24,8064,192,8064,336,35520
384x384x384w14-24-39,384,384,384,14,24,39,14-24-39,M0K,2688,39,85600,14,4368,29088,14976,24,7488,192,7488,312,35520
384x384x384w14-24-40,384,384,384,14,24,40,14-24-40,M0K,2688,40,84992,14,4480,29696,15360,24,7680,192,7680,320,35520
384x384x384w29-24-20,384,384,384,29,24,20,29-24-20,M0K,5568,20,86592,29,4640,28096,7680,24,3840,576,3840,480,35520
384x384x384w14-40-25,384,384,384,14,40,25,14-40-25,MNK,4480,25,84128,14,2800,30560,16000,40,8000,320,8000,200,35520
384x384x384w42-16-21,384,384,384,42,16,21,42-16-21,M0K,5376,21,84448,42,7056,30240,5376,16,2688,640,2688,840,35568
384x384x384w20-32-21,384,384,384,20,32,21,20-32-21,M0K,5120,21,86976,20,3360,27712,10752,32,5376,512,5376,336,35568
384x384x384w54-16-16,384,384,384,54,16,16,54-16-16,M00,6912,16,82944,54,6912,31744,4096,16,2048,768,2048,768,35712
384x384x384w14-56-17,384,384,384,14,56,17,14-56-17,MNK,6272,17,83104,14,1904,31584,15232,56,7616,448,7616,136,35742
384x384x384w25-40-14,384,384,384,25,40,14,25-40-14,MNK,8000,14,84128,25,2800,30560,8960,40,4480,960,4480,336,35840
384x384x384w39-24-14,384,384,384,39,24,14,39-24-14,M0K,7488,14,85600,39,4368,29088,5376,24,2688,768,2688,448,35840
384x384x384w40-24-14,384,384,384,40,24,14,40-24-14,M0K,7680,14,84992,40,4480,29696,5376,24,2688,960,2688,560,35840
384x384x384w41-24-14,384,384,384,41,24,14,41-24-14,M0K,7872,14,84384,41,4592,30304,5376,24,2688,960,2688,560,35840
384x384x384w28-24-20,384,384,384,28,24,20,28-24-20,M0K,5376,20,87296,28,4480,27392,7680,24,3840,576,3840,480,35840
384x384x384w24-40-14,384,384,384,24,40,14,24-40-14,0NK,7680,14,84992,24,2688,29696,8960,40,4480,960,4480,336,35840
384x384x384w27-24-21,384,384,384,27,24,21,27-24-21,M0K,5184,21,87184,27,4536,27504,8064,24,4032,576,4032,504,35872
384x384x384w20-40-17,384,384,384,20,40,17,20-40-17,MNK,6400,17,85568,20,2720,29120,10880,40,5440,640,5440,272,35880
384x384x384w35-16-23,384,384,384,35,16,23,35-16-23,M0K,4480,23,86960,35,6440,27728,5888,16,2944,512,2944,736,35904
384x384x384w36-16-23,384,384,384,36,16,23,36-16-23,M0K,4608,23,86336,36,6624,28352,5888,16,2944,512,2944,736,35904
384x384x384w23-16-37,384,384,384,23,16,37,23-16-37,M0K,2944,37,85712,23,6808,28976,9472,16,4736,256,4736,592,35904
384x384x384w23-16-36,384,384,384,23,16,36,23-16-36,M0K,2944,36,86336,23,6624,28352,9216,16,4608,256,4608,576,35904
384x384x384w23-16-38,384,384,384,23,16,38,23-16-38,M0K,2944,38,85088,23,6992,29600,9728,16,4864,256,4864,608,35904
384x384x384w37-16-23,384,384,384,37,16,23,37-16-23,M0K,4736,23,85712,37,6808,28976,5888,16,2944,512,2944,736,35904
384x384x384w23-16-35,384,384,384,23,16,35,23-16-35,M0K,2944,35,86960,23,6440,27728,8960,16,4480,256,4480,560,35904
384x384x384w23-32-18,384,384,384,23,32,18,23-32-18,M0K,5888,18,87072,23,3312,27616,9216,32,4608,512,4608,288,35904
384x384x384w21-32-20,384,384,384,21,32,20,21-32-20,M0K,5376,20,86976,21,3360,27712,10240,32,5120,512,5120,320,36000
384x384x384w21-48-13,384,384,384,21,48,13,21-48-13,M0K,8064,13,84208,21,2184,30480,9984,48,4992,768,4992,208,36000
384x384x384w21-16-41,384,384,384,21,16,41,21-16-41,M0K,2688,41,85040,21,6888,29648,10496,16,5248,256,5248,656,36000
384x384x384w21-40-16,384,384,384,21,40,16,21-40-16,MN0,6720,16,85632,21,2688,29056,10240,40,5120,640,5120,256,36000
384x384x384w21-24-27,384,384,384,21,24,27,21-24-27,M0K,4032,27,87184,21,4536,27504,10368,24,5184,384,5184,432,36000
384x384x384w21-16-39,384,384,384,21,16,39,21-16-39,M0K,2688,39,86224,21,6552,28464,9984,16,4992,256,4992,624,36000
384x384x384w21-24-26,384,384,384,21,24,26,21-24-26,M0K,4032,26,87904,21,4368,26784,9984,24,4992,384,4992,416,36000
384x384x384w21-16-40,384,384,384,21,16,40,21-16-40,M0K,2688,40,85632,21,6720,29056,10240,16,5120,256,5120,640,36000
384x384x384w21-16-42,384,384,384,21,16,42,21-16-42,M0K,2688,42,84448,21,7056,30240,10752,16,5376,256,5376,672,36000
384x384x384w17-56-14,384,384,384,17,56,14,17-56-14,MNK,7616,14,83104,17,1904,31584,12544,56,6272,896,6272,224,36064
384x384x384w19-40-18,384,384,384,19,40,18,19-40-18,MNK,6080,18,85536,19,2736,29152,11520,40,5760,640,5760,288,36080
384x384x384w18-24-30,384,384,384,18,24,30,18-24-30,M0K,3456,30,87616,18,4320,27072,11520,24,5760,384,5760,480,36192
384x384x384w18-24-31,384,384,384,18,24,31,18-24-31,M0K,3456,31,86944,18,4464,27744,11904,24,5952,384,5952,496,36192
384x384x384w18-48-15,384,384,384,18,48,15,18-48-15,M0K,6912,15,85024,18,2160,29664,11520,48,5760,768,5760,240,36192
384x384x384w44-16-19,384,384,384,44,16,19,44-16-19,M0K,5632,19,85184,44,6688,29504,4864,16,2432,640,2432,760,36288
384x384x384w38-16-22,384,384,384,38,16,22,38-16-22,M0K,4864,22,85952,38,6688,28736,5632,16,2816,512,2816,704,36288
384x384x384w45-16-19,384,384,384,45,16,19,45-16-19,M0K,5760,19,84624,45,6840,30064,4864,16,2432,640,2432,760,36288
384x384x384w63-16-14,384,384,384,63,16,14,63-16-14,M0K,8064,14,80864,63,7056,33824,3584,16,1792,896,1792,784,36288
384x384x384w22-32-19,384,384,384,22,32,19,22-32-19,M0K,5632,19,87008,22,3344,27680,9728,32,4864,512,4864,304,36288
384x384x384w43-16-19,384,384,384,43,16,19,43-16-19,M0K,5504,19,85744,43,6536,28944,4864,16,2432,640,2432,760,36288
384x384x384w47-16-19,384,384,384,47,16,19,47-16-19,M0K,6016,19,83504,47,7144,31184,4864,16,2432,640,2432,760,36288
384x384x384w46-16-19,384,384,384,46,16,19,46-16-19,M0K,5888,19,84064,46,6992,30624,4864,16,2432,640,2432,760,36288
384x384x384w13-48-21,384,384,384,13,48,21,13-48-21,M0K,4992,21,84208,13,2184,30480,16128,48,8064,384,8064,168,36328
384x384x384w40-16-21,384,384,384,40,16,21,40-16-21,M0K,5120,21,85632,40,6720,29056,5376,16,2688,640,2688,840,36480
384x384x384w26-24-21,384,384,384,26,24,21,26-24-21,M0K,4992,21,87904,26,4368,26784,8064,24,4032,576,4032,504,36480
384x384x384w41-16-21,384,384,384,41,16,21,41-16-21,M0K,5248,21,85040,41,6888,29648,5376,16,2688,640,2688,840,36480
384x384x384w16-40-21,384,384,384,16,40,21,16-40-21,0NK,5120,21,85632,16,2688,29056,13440,40,6720,640,6720,336,36480
384x384x384w39-16-21,384,384,384,39,16,21,39-16-21,M0K,4992,21,86224,39,6552,28464,5376,16,2688,512,2688,672,36480
384x384x384w18-56-13,384,384,384,18,56,13,18-56-13,MNK,8064,13,83168,18,1872,31520,11648,56,5824,896,5824,208,36540
384x384x384w18-40-19,384,384,384,18,40,19,18-40-19,MNK,5760,19,85536,18,2736,29152,12160,40,6080,640,6080,304,36540
384x384x384w35-24-15,384,384,384,35,24,15,35-24-15,M0K,6720,15,87088,35,4200,27600,5760,24,2880,768,2880,480,36608
384x384x384w36-24-15,384,384,384,36,24,15,36-24-15,M0K,6912,15,86464,36,4320,28224,5760,24,2880,768,2880,480,36608
384x384x384w15-48-18,384,384,384,15,48,18,15-48-18,M0K,5760,18,85024,15,2160,29664,13824,48,6912,384,6912,144,36608
384x384x384w15-24-36,384,384,384,15,24,36,15-24-36,M0K,2880,36,86464,15,4320,28224,13824,24,6912,192,6912,288,36608
384x384x384w15-24-35,384,384,384,15,24,35,15-24-35,M0K,2880,35,87088,15,4200,27600,13440,24,6720,192,6720,280,36608
384x384x384w31-24-18,384,384,384,31,24,18,31-24-18,M0K,5952,18,86944,31,4464,27744,6912,24,3456,576,3456,432,36608
384x384x384w30-24-18,384,384,384,30,24,18,30-24-18,M0K,5760,18,87616,30,4320,27072,6912,24,3456,576,3456,432,36608
384x384x384w15-24-38,384,384,384,15,24,38,15-24-38,M0K,2880,38,85216,15,4560,29472,14592,24,7296,192,7296,304,36608
384x384x384w15-24-37,384,384,384,15,24,37,15-24-37,M0K,2880,37,85840,15,4440,28848,14208,24,7104,192,7104,296,36608
384x384x384w37-24-15,384,384,384,37,24,15,37-24-15,M0K,7104,15,85840,37,4440,28848,5760,24,2880,768,2880,480,36608
384x384x384w19-48-14,384,384,384,19,48,14,19-48-14,M0K,7296,14,85088,19,2128,29600,10752,48,5376,768,5376,224,36736
384x384x384w19-24-28,384,384,384,19,24,28,19-24-28,M0K,3648,28,88128,19,4256,26560,10752,24,5376,384,5376,448,36736
384x384x384w19-24-29,384,384,384,19,24,29,19-24-29,M0K,3648,29,87440,19,4408,27248,11136,24,5568,384,5568,464,36736
384x384x384w17-40-20,384,384,384,17,40,20,17-40-20,MNK,5440,20,85568,17,2720,29120,12800,40,6400,640,6400,320,36800
384x384x384w13-56-18,384,384,384,13,56,18,13-56-18,MNK,5824,18,83168,13,1872,31520,16128,56,8064,448,8064,144,36806
384x384x384w27-32-15,384,384,384,27,32,15,27-32-15,M0K,6912,15,86704,27,3240,27984,7680,32,3840,768,3840,360,36816
384x384x384w27-16-31,384,384,384,27,16,31,27-16-31,M0K,3456,31,86448,27,6696,28240,7936,16,3968,384,3968,744,36816
384x384x384w27-16-30,384,384,384,27,16,30,27-16-30,M0K,3456,30,87136,27,6480,27552,7680,16,3840,384,3840,720,36816
384x384x384w16-16-53,384,384,384,16,16,53,16-16-53,00K,2048,53,83456,16,6784,31232,13568,16,6784,256,6784,848,36864
384x384x384w51-16-16,384,384,384,51,16,16,51-16-16,M00,6528,16,84480,51,6528,30208,4096,16,2048,768,2048,768,36864
384x384x384w16-24-32,384,384,384,16,24,32,16-24-32,000,3072,32,88064,16,4096,26624,12288,24,6144,384,6144,512,36864
384x384x384w16-48-16,384,384,384,16,48,16,16-48-16,000,6144,16,86016,16,2048,28672,12288,48,6144,768,6144,256,36864
384x384x384w53-16-16,384,384,384,53,16,16,53-16-16,M00,6784,16,83456,53,6784,31232,4096,16,2048,768,2048,768,36864
384x384x384w25-16-33,384,384,384,25,16,33,25-16-33,M0K,3200,33,86640,25,6600,28048,8448,16,4224,384,4224,792,36864
384x384x384w16-16-50,384,384,384,16,16,50,16-16-50,00K,2048,50,84992,16,6400,29696,12800,16,6400,256,6400,800,36864
384x384x384w24-24-22,384,384,384,24,24,22,24-24-22,00K,4608,22,88576,24,4224,26112,8448,24,4224,576,4224,528,36864
384x384x384w16-64-12,384,384,384,16,64,12,16-64-12,000,8192,12,82944,16,1536,31744,12288,64,6144,1024,6144,192,36864
384x384x384w49-16-16,384,384,384,49,16,16,49-16-16,M00,6272,16,85504,49,6272,29184,4096,16,2048,768,2048,768,36864
384x384x384w50-16-16,384,384,384,50,16,16,50-16-16,M00,6400,16,84992,50,6400,29696,4096,16,2048,768,2048,768,36864
384x384x384w25-24-22,384,384,384,25,24,22,25-24-22,M0K,4800,22,87840,25,4400,26848,8448,24,4224,576,4224,528,36864
384x384x384w33-16-24,384,384,384,33,16,24,33-16-24,M00,4224,24,87424,33,6336,27264,6144,16,3072,512,3072,768,36864
384x384x384w64-16-12,384,384,384,64,16,12,64-16-12,000,8192,12,82944,64,6144,31744,3072,16,1536,1024,1536,768,36864
384x384x384w16-24-33,384,384,384,16,24,33,16-24-33,00K,3072,33,87424,16,4224,27264,12672,24,6336,384,6336,528,36864
384x384x384w16-24-34,384,384,384,16,24,34,16-24-34,00K,3072,34,86784,16,4352,27904,13056,24,6528,384,6528,544,36864
384x384x384w25-16-32,384,384,384,25,16,32,25-16-32,M00,3200,32,87296,25,6400,27392,8192,16,4096,384,4096,768,36864
384x384x384w32-24-16,384,384,384,32,24,16,32-24-16,000,6144,16,88064,32,4096,26624,6144,24,3072,768,3072,512,36864
384x384x384w24-16-33,384,384,384,24,16,33,24-16-33,00K,3072,33,87424,24,6336,27264,8448,16,4224,384,4224,792,36864
384x384x384w16-32-24,384,384,384,16,32,24,16-32-24,000,4096,24,88064,16,3072,26624,12288,32,6144,512,6144,384,36864
384x384x384w24-16-34,384,384,384,24,16,34,24-16-34,00K,3072,34,86784,24,6528,27904,8704,16,4352,384,4352,816,36864
384x384x384w33-16-25,384,384,384,33,16,25,33-16-25,M0K,4224,25,86640,33,6600,28048,6400,16,3200,512,3200,800,36864
384x384x384w16-16-54,384,384,384,16,16,54,16-16-54,00K,2048,54,82944,16,6912,31744,13824,16,6912,256,6912,864,36864
384x384x384w48-16-16,384,384,384,48,16,16,48-16-16,000,6144,16,86016,48,6144,28672,4096,16,2048,768,2048,768,36864
384x384x384w32-32-12,384,384,384,32,32,12,32-32-12,000,8192,12,86016,32,3072,28672,6144,32,3072,1024,3072,384,36864
384x384x384w12-64-16,384,384,384,12,64,16,12-64-16,000,6144,16,82944,12,1536,31744,16384,64,8192,512,8192,128,36864
384x384x384w16-16-51,384,384,384,16,16,51,16-16-51,00K,2048,51,84480,16,6528,30208,13056,16,6528,256,6528,816,36864
384x384x384w34-16-25,384,384,384,34,16,25,34-16-25,M0K,4352,25,85984,34,6800,28704,6400,16,3200,512,3200,800,36864
384x384x384w52-16-16,384,384,384,52,16,16,52-16-16,M00,6656,16,83968,52,6656,30720,4096,16,2048,768,2048,768,36864
384x384x384w34-24-16,384,384,384,34,24,16,34-24-16,M00,6528,16,86784,34,4352,27904,6144,24,3072,768,3072,512,36864
384x384x384w24-32-16,384,384,384,24,32,16,24-32-16,000,6144,16,88064,24,3072,26624,8192,32,4096,768,4096,384,36864
384x384x384w25-16-34,384,384,384,25,16,34,25-16-34,M0K,3200,34,85984,25,6800,28704,8704,16,4352,384,4352,816,36864
384x384x384w16-16-49,384,384,384,16,16,49,16-16-49,00K,2048,49,85504,16,6272,29184,12544,16,6272,256,6272,784,36864
384x384x384w12-16-64,384,384,384,12,16,64,12-16-64,000,1536,64,82944,12,6144,31744,16384,16,8192,128,8192,512,36864
384x384x384w24-16-32,384,384,384,24,16,32,24-16-32,000,3072,32,88064,24,6144,26624,8192,16,4096,384,4096,768,36864
384x384x384w12-32-32,384,384,384,12,32,32,12-32-32,000,3072,32,86016,12,3072,28672,16384,32,8192,256,8192,256,36864
384x384x384w16-16-48,384,384,384,16,16,48,16-16-48,000,2048,48,86016,16,6144,28672,12288,16,6144,256,6144,768,36864
384x384x384w32-16-24,384,384,384,32,16,24,32-16-24,000,4096,24,88064,32,6144,26624,6144,16,3072,512,3072,768,36864
384x384x384w32-16-25,384,384,384,32,16,25,32-16-25,00K,4096,25,87296,32,6400,27392,6400,16,3200,512,3200,800,36864
384x384x384w33-24-16,384,384,384,33,24,16,33-24-16,M00,6336,16,87424,33,4224,27264,6144,24,3072,768,3072,512,36864
384x384x384w22-24-24,384,384,384,22,24,24,22-24-24,M00,4224,24,88576,22,4224,26112,9216,24,4608,384,4608,384,36864
384x384x384w16-16-52,384,384,384,16,16,52,16-16-52,00K,2048,52,83968,16,6656,30720,13312,16,6656,256,6656,832,36864
384x384x384w25-32-16,384,384,384,25,32,16,25-32-16,M00,6400,16,87296,25,3200,27392,8192,32,4096,768,4096,384,36864
384x384x384w22-24-25,384,384,384,22,24,25,22-24-25,M0K,4224,25,87840,22,4400,26848,9600,24,4800,384,4800,400,36864
384x384x384w34-16-24,384,384,384,34,16,24,34-16-24,M00,4352,24,86784,34,6528,27904,6144,16,3072,512,3072,768,36864
384x384x384w16-32-25,384,384,384,16,32,25,16-32-25,00K,4096,25,87296,16,3200,27392,12800,32,6400,512,6400,400,36864
384x384x384w23-24-23,384,384,384,23,24,23,23-24-23,M0K,4416,23,88560,23,4232,26128,8832,24,4416,384,4416,368,36992
384x384x384w13-32-31,384,384,384,13,32,31,13-32-31,M0K,3328,31,85712,13,3224,28976,15872,32,7936,256,7936,248,37284
384x384x384w13-32-30,384,384,384,13,32,30,13-32-30,M0K,3328,30,86432,13,3120,28256,15360,32,7680,256,7680,240,37284
384x384x384w13-64-15,384,384,384,13,64,15,13-64-15,M0K,6656,15,82896,13,1560,31792,15360,64,7680,512,7680,120,37284
384x384x384w14-32-29,384,384,384,14,32,29,14-32-29,M0K,3584,29,86176,14,3248,28512,14848,32,7424,256,7424,232,37296
384x384x384w14-56-16,384,384,384,14,56,16,14-56-16,MN0,6272,16,84224,14,1792,30464,14336,56,7168,448,7168,128,37296
384x384x384w14-16-55,384,384,384,14,16,55,14-16-55,M0K,1792,55,84704,14,6160,29984,14080,16,7040,128,7040,440,37296
384x384x384w29-24-19,384,384,384,29,24,19,29-24-19,M0K,5568,19,87440,29,4408,27248,7296,24,3648,576,3648,456,37296
384x384x384w29-16-28,384,384,384,29,16,28,29-16-28,M0K,3712,28,87104,29,6496,27584,7168,16,3584,384,3584,672,37296
384x384x384w14-64-14,384,384,384,14,64,14,14-64-14,M0K,7168,14,82880,14,1568,31808,14336,64,7168,512,7168,112,37296
384x384x384w14-16-59,384,384,384,14,16,59,14-16-59,M0K,1792,59,82784,14,6608,31904,15104,16,7552,128,7552,472,37296
384x384x384w29-32-14,384,384,384,29,32,14,29-32-14,M0K,7424,14,86176,29,3248,28512,7168,32,3584,768,3584,336,37296
384x384x384w14-16-58,384,384,384,14,16,58,14-16-58,M0K,1792,58,83264,14,6496,31424,14848,16,7424,128,7424,464,37296
384x384x384w14-16-63,384,384,384,14,16,63,14-16-63,M0K,1792,63,80864,14,7056,33824,16128,16,8064,128,8064,504,37296
384x384x384w14-16-61,384,384,384,14,16,61,14-16-61,M0K,1792,61,81824,14,6832,32864,15616,16,7808,128,7808,488,37296
384x384x384w14-72-14,384,384,384,14,72,14,14-72-14,MNK,8064,14,79296,14,1568,35392,16128,72,8064,576,8064,112,37296
384x384x384w14-32-28,384,384,384,14,32,28,14-32-28,M0K,3584,28,86912,14,3136,27776,14336,32,7168,256,7168,224,37296
384x384x384w14-48-19,384,384,384,14,48,19,14-48-19,M0K,5376,19,85088,14,2128,29600,14592,48,7296,384,7296,152,37296
384x384x384w29-16-29,384,384,384,29,16,29,29-16-29,M0K,3712,29,86384,29,6728,28304,7424,16,3712,384,3712,696,37296
384x384x384w14-16-57,384,384,384,14,16,57,14-16-57,M0K,1792,57,83744,14,6384,30944,14592,16,7296,128,7296,456,37296
384x384x384w14-16-56,384,384,384,14,16,56,14-16-56,M0K,1792,56,84224,14,6272,30464,14336,16,7168,128,7168,448,37296
384x384x384w14-16-62,384,384,384,14,16,62,14-16-62,M0K,1792,62,81344,14,6944,33344,15872,16,7936,128,7936,496,37296
384x384x384w14-16-60,384,384,384,14,16,60,14-16-60,M0K,1792,60,82304,14,6720,32384,15360,16,7680,128,7680,480,37296
384x384x384w19-32-21,384,384,384,19,32,21,19-32-21,M0K,4864,21,87824,19,3192,26864,10752,32,5376,512,5376,336,37392
384x384x384w26-16-31,384,384,384,26,16,31,26-16-31,M0K,3328,31,87200,26,6448,27488,7936,16,3968,384,3968,744,37440
384x384x384w20-48-13,384,384,384,20,48,13,20-48-13,M0K,7680,13,85184,20,2080,29504,9984,48,4992,768,4992,208,37440
384x384x384w20-24-27,384,384,384,20,24,27,20-24-27,M0K,3840,27,88000,20,4320,26688,10368,24,5184,384,5184,432,37440
384x384x384w20-16-39,384,384,384,20,16,39,20-16-39,M0K,2560,39,87104,20,6240,27584,9984,16,4992,256,4992,624,37440
384x384x384w31-16-27,384,384,384,31,16,27,31-16-27,M0K,3968,27,86448,31,6696,28240,6912,16,3456,384,3456,648,37440
384x384x384w15-64-13,384,384,384,15,64,13,15-64-13,M0K,7680,13,82896,15,1560,31792,13312,64,6656,512,6656,104,37440
384x384x384w30-16-27,384,384,384,30,16,27,30-16-27,M0K,3840,27,87136,30,6480,27552,6912,16,3456,384,3456,648,37440
384x384x384w15-32-27,384,384,384,15,32,27,15-32-27,M0K,3840,27,86704,15,3240,27984,13824,32,6912,256,6912,216,37440
384x384x384w20-16-41,384,384,384,20,16,41,20-16-41,M0K,2560,41,85952,20,6560,28736,10496,16,5248,256,5248,656,37440
384x384x384w20-32-20,384,384,384,20,32,20,20-32-20,M0K,5120,20,87808,20,3200,26880,10240,32,5120,512,5120,320,37440
384x384x384w26-16-30,384,384,384,26,16,30,26-16-30,M0K,3328,30,87872,26,6240,26816,7680,16,3840,384,3840,720,37440
384x384x384w26-32-15,384,384,384,26,32,15,26-32-15,M0K,6656,15,87456,26,3120,27232,7680,32,3840,768,3840,360,37440
384x384x384w20-16-42,384,384,384,20,16,42,20-16-42,M0K,2560,42,85376,20,6720,29312,10752,16,5376,256,5376,672,37440
384x384x384w20-16-40,384,384,384,20,16,40,20-16-40,M0K,2560,40,86528,20,6400,28160,10240,16,5120,256,5120,640,37440
384x384x384w42-24-13,384,384,384,42,24,13,42-24-13,M0K,8064,13,84832,42,4368,29856,4992,24,2496,960,2496,520,37440
384x384x384w30-32-13,384,384,384,30,32,13,30-32-13,M0K,7680,13,86432,30,3120,28256,6656,32,3328,768,3328,312,37440
384x384x384w15-32-26,384,384,384,15,32,26,15-32-26,M0K,3840,26,87456,15,3120,27232,13312,32,6656,256,6656,208,37440
384x384x384w30-16-26,384,384,384,30,16,26,30-16-26,M0K,3840,26,87872,30,6240,26816,6656,16,3328,384,3328,624,37440
384x384x384w20-24-26,384,384,384,20,24,26,20-24-26,M0K,3840,26,88704,20,4160,25984,9984,24,4992,384,4992,416,37440
384x384x384w31-32-13,384,384,384,31,32,13,31-32-13,M0K,7936,13,85712,31,3224,28976,6656,32,3328,768,3328,312,37440
384x384x384w22-40-15,384,384,384,22,40,15,22-40-15,MNK,7040,15,85728,22,2640,28960,9600,40,4800,640,4800,240,37440
384x384x384w31-16-26,384,384,384,31,16,26,31-16-26,M0K,3968,26,87200,31,6448,27488,6656,16,3328,384,3328,624,37440
384x384x384w15-40-22,384,384,384,15,40,22,15-40-22,MNK,4800,22,85728,15,2640,28960,14080,40,7040,320,7040,176,37440
384x384x384w20-40-16,384,384,384,20,40,16,20-40-16,MN0,6400,16,86528,20,2560,28160,10240,40,5120,640,5120,256,37440
384x384x384w42-16-20,384,384,384,42,16,20,42-16-20,M0K,5376,20,85376,42,6720,29312,5120,16,2560,640,2560,800,37440
384x384x384w17-32-23,384,384,384,17,32,23,17-32-23,M0K,4352,23,87952,17,3128,26736,11776,32,5888,512,5888,368,37536
384x384x384w23-32-17,384,384,384,23,32,17,23-32-17,M0K,5888,17,87952,23,3128,26736,8704,32,4352,512,4352,272,37536
384x384x384w18-16-44,384,384,384,18,16,44,18-16-44,M0K,2304,44,86144,18,6336,28544,11264,16,5632,256,5632,704,37584
384x384x384w18-16-46,384,384,384,18,16,46,18-16-46,M0K,2304,46,85056,18,6624,29632,11776,16,5888,256,5888,736,37584
384x384x384w18-16-43,384,384,384,18,16,43,18-16-43,M0K,2304,43,86688,18,6192,28000,11008,16,5504,256,5504,688,37584
384x384x384w18-32-22,384,384,384,18,32,22,18-32-22,M0K,4608,22,87872,18,3168,26816,11264,32,5632,512,5632,352,37584
384x384x384w18-16-45,384,384,384,18,16,45,18-16-45,M0K,2304,45,85600,18,6480,29088,11520,16,5760,256,5760,720,37584
384x384x384w18-16-47,384,384,384,18,16,47,18-16-47,M0K,2304,47,84512,18,6768,30176,12032,16,6016,256,6016,752,37584
384x384x384w16-56-14,384,384,384,16,56,14,16-56-14,0NK,7168,14,84224,16,1792,30464,12544,56,6272,896,6272,224,37632
384x384x384w28-16-28,384,384,384,28,16,28,28-16-28,M0K,3584,28,87808,28,6272,26880,7168,16,3584,384,3584,672,37632
384x384x384w58-16-14,384,384,384,58,16,14,58-16-14,M0K,7424,14,83264,58,6496,31424,3584,16,1792,896,1792,784,37632
384x384x384w60-16-14,384,384,384,60,16,14,60-16-14,M0K,7680,14,82304,60,6720,32384,3584,16,1792,896,1792,784,37632
384x384x384w28-16-29,384,384,384,28,16,29,28-16-29,M0K,3584,29,87104,28,6496,27584,7424,16,3712,384,3712,696,37632
384x384x384w61-16-14,384,384,384,61,16,14,61-16-14,M0K,7808,14,81824,61,6832,32864,3584,16,1792,896,1792,784,37632
384x384x384w57-16-14,384,384,384,57,16,14,57-16-14,M0K,7296,14,83744,57,6384,30944,3584,16,1792,896,1792,784,37632
384x384x384w38-24-14,384,384,384,38,24,14,38-24-14,M0K,7296,14,86208,38,4256,28480,5376,24,2688,768,2688,448,37632
384x384x384w55-16-14,384,384,384,55,16,14,55-16-14,M0K,7040,14,84704,55,6160,29984,3584,16,1792,768,1792,672,37632
384x384x384w28-24-19,384,384,384,28,24,19,28-24-19,M0K,5376,19,88128,28,4256,26560,7296,24,3648,576,3648,456,37632
384x384x384w59-16-14,384,384,384,59,16,14,59-16-14,M0K,7552,14,82784,59,6608,31904,3584,16,1792,896,1792,784,37632
384x384x384w28-32-14,384,384,384,28,32,14,28-32-14,M0K,7168,14,86912,28,3136,27776,7168,32,3584,768,3584,336,37632
384x384x384w62-16-14,384,384,384,62,16,14,62-16-14,M0K,7936,14,81344,62,6944,33344,3584,16,1792,896,1792,784,37632
384x384x384w56-16-14,384,384,384,56,16,14,56-16-14,M0K,7168,14,84224,56,6272,30464,3584,16,1792,896,1792,784,37632
384x384x384w19-40-17,384,384,384,19,40,17,19-40-17,MNK,6080,17,86480,19,2584,28208,10880,40,5440,640,5440,272,37720
384x384x384w14-40-23,384,384,384,14,40,23,14-40-23,MNK,4480,23,85856,14,2576,28832,14720,40,7360,320,7360,184,37740
384x384x384w27-24-20,384,384,384,27,24,20,27-24-20,M0K,5184,20,88000,27,4320,26688,7680,24,3840,576,3840,480,37760
384x384x384w21-32-19,384,384,384,21,32,19,21-32-19,M0K,5376,19,87824,21,3192,26864,9728,32,4864,512,4864,304,37800
384x384x384w15-56-15,384,384,384,15,56,15,15-56-15,MNK,6720,15,84208,15,1800,30480,13440,56,6720,448,6720,120,37856
384x384x384w35-16-22,384,384,384,35,16,22,35-16-22,M0K,4480,22,87776,35,6160,26912,5632,16,2816,512,2816,704,38016
384x384x384w22-16-38,384,384,384,22,16,38,22-16-38,M0K,2816,38,85952,22,6688,28736,9728,16,4864,256,4864,608,38016
384x384x384w45-16-18,384,384,384,45,16,18,45-16-18,M0K,5760,18,85600,45,6480,29088,4608,16,2304,640,2304,720,38016
384x384x384w44-16-18,384,384,384,44,16,18,44-16-18,M0K,5632,18,86144,44,6336,28544,4608,16,2304,640,2304,720,38016
384x384x384w22-16-37,384,384,384,22,16,37,22-16-37,M0K,2816,37,86560,22,6512,28128,9472,16,4736,256,4736,592,38016
384x384x384w22-32-18,384,384,384,22,32,18,22-32-18,M0K,5632,18,87872,22,3168,26816,9216,32,4608,512,4608,288,38016
384x384x384w36-16-22,384,384,384,36,16,22,36-16-22,M0K,4608,22,87168,36,6336,27520,5632,16,2816,512,2816,704,38016
384x384x384w37-16-22,384,384,384,37,16,22,37-16-22,M0K,4736,22,86560,37,6512,28128,5632,16,2816,512,2816,704,38016
384x384x384w22-16-36,384,384,384,22,16,36,22-16-36,M0K,2816,36,87168,22,6336,27520,9216,16,4608,256,4608,576,38016
384x384x384w47-16-18,384,384,384,47,16,18,47-16-18,M0K,6016,18,84512,47,6768,30176,4608,16,2304,640,2304,720,38016
384x384x384w43-16-18,384,384,384,43,16,18,43-16-18,M0K,5504,18,86688,43,6192,28000,4608,16,2304,640,2304,720,38016
384x384x384w46-16-18,384,384,384,46,16,18,46-16-18,M0K,5888,18,85056,46,6624,29632,4608,16,2304,640,2304,720,38016
384x384x384w22-16-35,384,384,384,22,16,35,22-16-35,M0K,2816,35,87776,22,6160,26912,8960,16,4480,256,4480,560,38016
384x384x384w23-40-14,384,384,384,23,40,14,23-40-14,MNK,7360,14,85856,23,2576,28832,8960,40,4480,640,4480,224,38080
384x384x384w13-24-42,384,384,384,13,24,42,13-24-42,M0K,2496,42,84832,13,4368,29856,16128,24,8064,192,8064,336,38240
384x384x384w13-48-20,384,384,384,13,48,20,13-48-20,M0K,4992,20,85184,13,2080,29504,15360,48,7680,384,7680,160,38240
384x384x384w13-24-41,384,384,384,13,24,41,13-24-41,M0K,2496,41,85424,13,4264,29264,15744,24,7872,192,7872,328,38240
384x384x384w13-24-39,384,384,384,13,24,39,13-24-39,M0K,2496,39,86608,13,4056,28080,14976,24,7488,192,7488,312,38240
384x384x384w13-40-24,384,384,384,13,40,24,13-40-24,MN0,4160,24,86016,13,2496,28672,15360,40,7680,320,7680,192,38240
384x384x384w13-24-40,384,384,384,13,24,40,13-24-40,M0K,2496,40,86016,13,4160,28672,15360,24,7680,192,7680,320,38240
384x384x384w13-40-25,384,384,384,13,40,25,13-40-25,MNK,4160,25,85168,13,2600,29520,16000,40,8000,320,8000,200,38240
384x384x384w15-48-17,384,384,384,15,48,17,15-48-17,M0K,5760,17,86032,15,2040,28656,13056,48,6528,384,6528,136,38272
384x384x384w17-48-15,384,384,384,17,48,15,17-48-15,M0K,6528,15,86032,17,2040,28656,11520,48,5760,768,5760,240,38272
384x384x384w17-24-30,384,384,384,17,24,30,17-24-30,M0K,3264,30,88480,17,4080,26208,11520,24,5760,384,5760,480,38272
384x384x384w30-24-17,384,384,384,30,24,17,30-24-17,M0K,5760,17,88480,30,4080,26208,6528,24,3264,576,3264,408,38272
384x384x384w31-24-17,384,384,384,31,24,17,31-24-17,M0K,5952,17,87824,31,4216,26864,6528,24,3264,576,3264,408,38272
384x384x384w17-24-31,384,384,384,17,24,31,17-24-31,M0K,3264,31,87824,17,4216,26864,11904,24,5952,384,5952,496,38272
384x384x384w18-40-18,384,384,384,18,40,18,18-40-18,MNK,5760,18,86464,18,2592,28224,11520,40,5760,640,5760,288,38280
384x384x384w38-16-21,384,384,384,38,16,21,38-16-21,M0K,4864,21,86816,38,6384,27872,5376,16,2688,512,2688,672,38304
384x384x384w40-16-20,384,384,384,40,16,20,40-16-20,M0K,5120,20,86528,40,6400,28160,5120,16,2560,640,2560,800,38400
384x384x384w41-24-13,384,384,384,41,24,13,41-24-13,M0K,7872,13,85424,41,4264,29264,4992,24,2496,960,2496,520,38400
384x384x384w21-48-12,384,384,384,21,48,12,21-48-12,M00,8064,12,85312,21,2016,29376,9216,48,4608,768,4608,192,38400
384x384x384w21-24-25,384,384,384,21,24,25,21-24-25,M0K,4032,25,88624,21,4200,26064,9600,24,4800,384,4800,400,38400
384x384x384w41-16-20,384,384,384,41,16,20,41-16-20,M0K,5248,20,85952,41,6560,28736,5120,16,2560,640,2560,800,38400
384x384x384w21-24-24,384,384,384,21,24,24,21-24-24,M00,4032,24,89344,21,4032,25344,9216,24,4608,384,4608,384,38400
384x384x384w26-24-20,384,384,384,26,24,20,26-24-20,M0K,4992,20,88704,26,4160,25984,7680,24,3840,576,3840,480,38400
384x384x384w25-40-13,384,384,384,25,40,13,25-40-13,MNK,8000,13,85168,25,2600,29520,8320,40,4160,960,4160,312,38400
384x384x384w39-24-13,384,384,384,39,24,13,39-24-13,M0K,7488,13,86608,39,4056,28080,4992,24,2496,768,2496,416,38400
384x384x384w24-40-13,384,384,384,24,40,13,24-40-13,0NK,7680,13,86016,24,2496,28672,8320,40,4160,960,4160,312,38400
384x384x384w39-16-20,384,384,384,39,16,20,39-16-20,M0K,4992,20,87104,39,6240,27584,5120,16,2560,512,2560,640,38400
384x384x384w40-24-13,384,384,384,40,24,13,40-24-13,M0K,7680,13,86016,40,4160,28672,4992,24,2496,960,2496,520,38400
384x384x384w16-40-20,384,384,384,16,40,20,16-40-20,0NK,5120,20,86528,16,2560,28160,12800,40,6400,640,6400,320,38400
384x384x384w13-56-17,384,384,384,13,56,17,13-56-17,MNK,5824,17,84272,13,1768,30416,15232,56,7616,448,7616,136,38479
384x384x384w17-40-19,384,384,384,17,40,19,17-40-19,MNK,5440,19,86480,17,2584,28208,12160,40,6080,640,6080,304,38640
384x384x384w17-56-13,384,384,384,17,56,13,17-56-13,MNK,7616,13,84272,17,1768,30416,11648,56,5824,896,5824,208,38640
384x384x384w54-16-15,384,384,384,54,16,15,54-16-15,M0K,6912,15,84064,54,6480,30624,3840,16,1920,768,1920,720,38688
384x384x384w63-16-13,384,384,384,63,16,13,63-16-13,M0K,8064,13,82128,63,6552,32560,3328,16,1664,896,1664,728,38880
384x384x384w25-24-21,384,384,384,25,24,21,25-24-21,M0K,4800,21,88624,25,4200,26064,8064,24,4032,576,4032,504,38912
384x384x384w24-24-21,384,384,384,24,24,21,24-24-21,00K,4608,21,89344,24,4032,25344,8064,24,4032,576,4032,504,38912
384x384x384w12-48-21,384,384,384,12,48,21,12-48-21,00K,4608,21,85312,12,2016,29376,16128,48,8064,384,8064,168,38912
384x384x384w18-56-12,384,384,384,18,56,12,18-56-12,MN0,8064,12,84352,18,1728,30336,10752,56,5376,896,5376,192,38976
384x384x384w18-24-28,384,384,384,18,24,28,18-24-28,M0K,3456,28,88960,18,4032,25728,10752,24,5376,384,5376,448,38976
384x384x384w18-48-14,384,384,384,18,48,14,18-48-14,M0K,6912,14,86080,18,2016,28608,10752,48,5376,768,5376,224,38976
384x384x384w18-24-29,384,384,384,18,24,29,18-24-29,M0K,3456,29,88288,18,4176,26400,11136,24,5568,384,5568,464,38976
384x384x384w21-40-15,384,384,384,21,40,15,21-40-15,MNK,6720,15,86608,21,2520,28080,9600,40,4800,640,4800,240,39000
384x384x384w14-24-35,384,384,384,14,24,35,14-24-35,M0K,2688,35,88032,14,3920,26656,13440,24,6720,192,6720,280,39072
384x384x384w14-24-36,384,384,384,14,24,36,14-24-36,M0K,2688,36,87424,14,4032,27264,13824,24,6912,192,6912,288,39072
384x384x384w29-24-18,384,384,384,29,24,18,29-24-18,M0K,5568,18,88288,29,4176,26400,6912,24,3456,576,3456,432,39072
384x384x384w14-48-18,384,384,384,14,48,18,14-48-18,M0K,5376,18,86080,14,2016,28608,13824,48,6912,384,6912,144,39072
384x384x384w14-24-38,384,384,384,14,24,38,14-24-38,M0K,2688,38,86208,14,4256,28480,14592,24,7296,192,7296,304,39072
384x384x384w14-24-37,384,384,384,14,24,37,14-24-37,M0K,2688,37,86816,14,4144,27872,14208,24,7104,192,7104,296,39072
384x384x384w33-16-23,384,384,384,33,16,23,33-16-23,M0K,4224,23,88208,33,6072,26480,5888,16,2944,512,2944,736,39168
384x384x384w23-16-34,384,384,384,23,16,34,23-16-34,M0K,2944,34,87584,23,6256,27104,8704,16,4352,256,4352,544,39168
384x384x384w32-16-23,384,384,384,32,16,23,32-16-23,00K,4096,23,88832,32,5888,25856,5888,16,2944,512,2944,736,39168
384x384x384w34-16-23,384,384,384,34,16,23,34-16-23,M0K,4352,23,87584,34,6256,27104,5888,16,2944,512,2944,736,39168
384x384x384w23-24-22,384,384,384,23,24,22,23-24-22,M0K,4416,22,89312,23,4048,25376,8448,24,4224,384,4224,352,39168
384x384x384w16-32-23,384,384,384,16,32,23,16-32-23,00K,4096,23,88832,16,2944,25856,11776,32,5888,512,5888,368,39168
384x384x384w22-24-23,384,384,384,22,24,23,22-24-23,M0K,4224,23,89312,22,4048,25376,8832,24,4416,384,4416,368,39168
384x384x384w23-16-32,384,384,384,23,16,32,23-16-32,M00,2944,32,88832,23,5888,25856,8192,16,4096,256,4096,512,39168
384x384x384w23-16-33,384,384,384,23,16,33,23-16-33,M0K,2944,33,88208,23,6072,26480,8448,16,4224,256,4224,528,39168
384x384x384w23-32-16,384,384,384,23,32,16,23-32-16,M00,5888,16,88832,23,2944,25856,8192,32,4096,512,4096,256,39168
384x384x384w20-32-19,384,384,384,20,32,19,20-32-19,M0K,5120,19,88640,20,3040,26048,9728,32,4864,512,4864,304,39312
384x384x384w42-16-19,384,384,384,42,16,19,42-16-19,M0K,5376,19,86304,42,6384,28384,4864,16,2432,640,2432,760,39312
384x384x384w19-24-26,384,384,384,19,24,26,19-24-26,M0K,3648,26,89504,19,3952,25184,9984,24,4992,384,4992,416,39360
384x384x384w19-16-42,384,384,384,19,16,42,19-16-42,M0K,2432,42,86304,19,6384,28384,10752,16,5376,256,5376,672,39360
384x384x384w19-40-16,384,384,384,19,40,16,19-40-16,MN0,6080,16,87424,19,2432,27264,10240,40,5120,640,5120,256,39360
384x384x384w19-16-39,384,384,384,19,16,39,19-16-39,M0K,2432,39,87984,19,5928,26704,9984,16,4992,256,4992,624,39360
384x384x384w19-16-41,384,384,384,19,16,41,19-16-41,M0K,2432,41,86864,19,6232,27824,10496,16,5248,256,5248,656,39360
384x384x384w19-32-20,384,384,384,19,32,20,19-32-20,M0K,4864,20,88640,19,3040,26048,10240,32,5120,512,5120,320,39360
384x384x384w19-24-27,384,384,384,19,24,27,19-24-27,M0K,3648,27,88816,19,4104,25872,10368,24,5184,384,5184,432,39360
384x384x384w19-48-13,384,384,384,19,48,13,19-48-13,M0K,7296,13,86160,19,1976,28528,9984,48,4992,768,4992,208,39360
384x384x384w19-16-40,384,384,384,19,16,40,19-16-40,M0K,2432,40,87424,19,6080,27264,10240,16,5120,256,5120,640,39360
384x384x384w36-24-14,384,384,384,36,24,14,36-24-14,M0K,6912,14,87424,36,4032,27264,5376,24,2688,768,2688,448,39424
384x384x384w37-24-14,384,384,384,37,24,14,37-24-14,M0K,7104,14,86816,37,4144,27872,5376,24,2688,768,2688,448,39424
384x384x384w28-24-18,384,384,384,28,24,18,28-24-18,M0K,5376,18,88960,28,4032,25728,6912,24,3456,576,3456,432,39424
384x384x384w35-24-14,384,384,384,35,24,14,35-24-14,M0K,6720,14,88032,35,3920,26656,5376,24,2688,768,2688,448,39424
384x384x384w12-56-18,384,384,384,12,56,18,12-56-18,0NK,5376,18,84352,12,1728,30336,16128,56,8064,448,8064,144,39424
384x384x384w15-40-21,384,384,384,15,40,21,15-40-21,MNK,4800,21,86608,15,2520,28080,13440,40,6720,320,6720,168,39520
384x384x384w21-16-37,384,384,384,21,16,37,21-16-37,M0K,2688,37,87408,21,6216,27280,9472,16,4736,256,4736,592,39600
384x384x384w21-16-35,384,384,384,21,16,35,21-16-35,M0K,2688,35,88592,21,5880,26096,8960,16,4480,256,4480,560,39600
384x384x384w21-16-36,384,384,384,21,16,36,21-16-36,M0K,2688,36,88000,21,6048,26688,9216,16,4608,256,4608,576,39600
384x384x384w21-32-18,384,384,384,21,32,18,21-32-18,M0K,5376,18,88672,21,3024,26016,9216,32,4608,512,4608,288,39600
384x384x384w21-16-38,384,384,384,21,16,38,21-16-38,M0K,2688,38,86816,21,6384,27872,9728,16,4864,256,4864,608,39600
384x384x384w27-24-19,384,384,384,27,24,19,27-24-19,M0K,5184,19,88816,27,4104,25872,7296,24,3648,576,3648,456,39648
384x384x384w27-16-29,384,384,384,27,16,29,27-16-29,M0K,3456,29,87824,27,6264,26864,7424,16,3712,384,3712,696,39648
384x384x384w27-16-28,384,384,384,27,16,28,27-16-28,M0K,3456,28,88512,27,6048,26176,7168,16,3584,384,3584,672,39648
384x384x384w27-32-14,384,384,384,27,32,14,27-32-14,M0K,6912,14,87648,27,3024,27040,7168,32,3584,768,3584,336,39648
384x384x384w18-32-21,384,384,384,18,32,21,18-32-21,M0K,4608,21,88672,18,3024,26016,10752,32,5376,512,5376,336,39672
384x384x384w43-16-17,384,384,384,43,16,17,43-16-17,M0K,5504,17,87632,43,5848,27056,4352,16,2176,640,2176,680,39744
384x384x384w45-16-17,384,384,384,45,16,17,45-16-17,M0K,5760,17,86576,45,6120,28112,4352,16,2176,640,2176,680,39744
384x384x384w44-16-17,384,384,384,44,16,17,44-16-17,M0K,5632,17,87104,44,5984,27584,4352,16,2176,640,2176,680,39744
384x384x384w17-16-47,384,384,384,17,16,47,17-16-47,M0K,2176,47,85520,17,6392,29168,12032,16,6016,256,6016,752,39744
384x384x384w17-16-46,384,384,384,17,16,46,17-16-46,M0K,2176,46,86048,17,6256,28640,11776,16,5888,256,5888,736,39744
384x384x384w47-16-17,384,384,384,47,16,17,47-16-17,M0K,6016,17,85520,47,6392,29168,4352,16,2176,640,2176,680,39744
384x384x384w17-16-45,384,384,384,17,16,45,17-16-45,M0K,2176,45,86576,17,6120,28112,11520,16,5760,256,5760,720,39744
384x384x384w17-16-43,384,384,384,17,16,43,17-16-43,M0K,2176,43,87632,17,5848,27056,11008,16,5504,256,5504,688,39744
384x384x384w17-16-44,384,384,384,17,16,44,17-16-44,M0K,2176,44,87104,17,5984,27584,11264,16,5632,256,5632,704,39744
384x384x384w22-32-17,384,384,384,22,32,17,22-32-17,M0K,5632,17,88736,22,2992,25952,8704,32,4352,512,4352,272,39744
384x384x384w17-32-22,384,384,384,17,32,22,17-32-22,M0K,4352,22,88736,17,2992,25952,11264,32,5632,512,5632,352,39744
384x384x384w46-16-17,384,384,384,46,16,17,46-16-17,M0K,5888,17,86048,46,6256,28640,4352,16,2176,640,2176,680,39744
384x384x384w25-16-30,384,384,384,25,16,30,25-16-30,M0K,3200,30,88608,25,6000,26080,7680,16,3840,384,3840,720,39936
384x384x384w15-16-53,384,384,384,15,16,53,15-16-53,M0K,1920,53,84560,15,6360,30128,13568,16,6784,128,6784,424,39936
384x384x384w25-16-31,384,384,384,25,16,31,25-16-31,M0K,3200,31,87952,25,6200,26736,7936,16,3968,384,3968,744,39936
384x384x384w15-64-12,384,384,384,15,64,12,15-64-12,M00,7680,12,84160,15,1440,30528,12288,64,6144,512,6144,96,39936
384x384x384w20-24-25,384,384,384,20,24,25,20-24-25,M0K,3840,25,89408,20,4000,25280,9600,24,4800,384,4800,400,39936
384x384x384w15-24-33,384,384,384,15,24,33,15-24-33,M0K,2880,33,88336,15,3960,26352,12672,24,6336,192,6336,264,39936
384x384x384w16-24-31,384,384,384,16,24,31,16-24-31,00K,3072,31,88704,16,3968,25984,11904,24,5952,384,5952,496,39936
384x384x384w32-24-15,384,384,384,32,24,15,32-24-15,00K,6144,15,88960,32,3840,25728,5760,24,2880,768,2880,480,39936
384x384x384w51-16-15,384,384,384,51,16,15,51-16-15,M0K,6528,15,85552,51,6120,29136,3840,16,1920,768,1920,720,39936
384x384x384w30-16-24,384,384,384,30,16,24,30-16-24,M00,3840,24,89344,30,5760,25344,6144,16,3072,384,3072,576,39936
384x384x384w16-24-30,384,384,384,16,24,30,16-24-30,00K,3072,30,89344,16,3840,25344,11520,24,5760,384,5760,480,39936
384x384x384w33-24-15,384,384,384,33,24,15,33-24-15,M0K,6336,15,88336,33,3960,26352,5760,24,2880,768,2880,480,39936
384x384x384w30-32-12,384,384,384,30,32,12,30-32-12,M00,7680,12,87424,30,2880,27264,6144,32,3072,768,3072,288,39936
384x384x384w15-16-52,384,384,384,15,16,52,15-16-52,M0K,1920,52,85056,15,6240,29632,13312,16,6656,128,6656,416,39936
384x384x384w52-16-15,384,384,384,52,16,15,52-16-15,M0K,6656,15,85056,52,6240,29632,3840,16,1920,768,1920,720,39936
384x384x384w31-24-16,384,384,384,31,24,16,31-24-16,M00,5952,16,88704,31,3968,25984,6144,24,3072,576,3072,384,39936
384x384x384w15-24-34,384,384,384,15,24,34,15-24-34,M0K,2880,34,87712,15,4080,26976,13056,24,6528,192,6528,272,39936
384x384x384w42-24-12,384,384,384,42,24,12,42-24-12,M00,8064,12,85888,42,4032,28800,4608,24,2304,960,2304,480,39936
384x384x384w12-32-30,384,384,384,12,32,30,12-32-30,00K,3072,30,87424,12,2880,27264,15360,32,7680,256,7680,240,39936
384x384x384w15-16-49,384,384,384,15,16,49,15-16-49,M0K,1920,49,86544,15,5880,28144,12544,16,6272,128,6272,392,39936
384x384x384w15-32-24,384,384,384,15,32,24,15-32-24,M00,3840,24,88960,15,2880,25728,12288,32,6144,256,6144,192,39936
384x384x384w15-16-48,384,384,384,15,16,48,15-16-48,M00,1920,48,87040,15,5760,27648,12288,16,6144,128,6144,384,39936
384x384x384w12-64-15,384,384,384,12,64,15,12-64-15,00K,6144,15,84160,12,1440,30528,15360,64,7680,512,7680,120,39936
384x384x384w30-24-16,384,384,384,30,24,16,30-24-16,M00,5760,16,89344,30,3840,25344,6144,24,3072,576,3072,384,39936
384x384x384w24-16-31,384,384,384,24,16,31,24-16-31,00K,3072,31,88704,24,5952,25984,7936,16,3968,384,3968,744,39936
384x384x384w15-32-25,384,384,384,15,32,25,15-32-25,M0K,3840,25,88208,15,3000,26480,12800,32,6400,256,6400,200,39936
384x384x384w25-32-15,384,384,384,25,32,15,25-32-15,M0K,6400,15,88208,25,3000,26480,7680,32,3840,768,3840,360,39936
384x384x384w15-48-16,384,384,384,15,48,16,15-48-16,M00,5760,16,87040,15,1920,27648,12288,48,6144,384,6144,128,39936
384x384x384w31-16-24,384,384,384,31,16,24,31-16-24,M00,3968,24,88704,31,5952,25984,6144,16,3072,384,3072,576,39936
384x384x384w15-16-54,384,384,384,15,16,54,15-16-54,M0K,1920,54,84064,15,6480,30624,13824,16,6912,128,6912,432,39936
384x384x384w12-32-31,384,384,384,12,32,31,12-32-31,00K,3072,31,86720,12,2976,27968,15872,32,7936,256,7936,248,39936
384x384x384w31-32-12,384,384,384,31,32,12,31-32-12,M00,7936,12,86720,31,2976,27968,6144,32,3072,768,3072,288,39936
384x384x384w20-48-12,384,384,384,20,48,12,20-48-12,M00,7680,12,86272,20,1920,28416,9216,48,4608,768,4608,192,39936
384x384x384w48-16-15,384,384,384,48,16,15,48-16-15,00K,6144,15,87040,48,5760,27648,3840,16,1920,768,1920,720,39936
384x384x384w24-32-15,384,384,384,24,32,15,24-32-15,00K,6144,15,88960,24,2880,25728,7680,32,3840,768,3840,360,39936
384x384x384w24-16-30,384,384,384,24,16,30,24-16-30,00K,3072,30,89344,24,5760,25344,7680,16,3840,384,3840,720,39936
384x384x384w15-24-32,384,384,384,15,24,32,15-24-32,M00,2880,32,88960,15,3840,25728,12288,24,6144,192,6144,256,39936
384x384x384w30-16-25,384,384,384,30,16,25,30-16-25,M0K,3840,25,88608,30,6000,26080,6400,16,3200,384,3200,600,39936
384x384x384w16-48-15,384,384,384,16,48,15,16-48-15,00K,6144,15,87040,16,1920,27648,11520,48,5760,768,5760,240,39936
384x384x384w20-24-24,384,384,384,20,24,24,20-24-24,M00,3840,24,90112,20,3840,24576,9216,24,4608,384,4608,384,39936
384x384x384w53-16-15,384,384,384,53,16,15,53-16-15,M0K,6784,15,84560,53,6360,30128,3840,16,1920,768,1920,720,39936
384x384x384w15-16-50,384,384,384,15,16,50,15-16-50,M0K,1920,50,86048,15,6000,28640,12800,16,6400,128,6400,400,39936
384x384x384w49-16-15,384,384,384,49,16,15,49-16-15,M0K,6272,15,86544,49,5880,28144,3840,16,1920,768,1920,720,39936
384x384x384w34-24-15,384,384,384,34,24,15,34-24-15,M0K,6528,15,87712,34,4080,26976,5760,24,2880,768,2880,480,39936
384x384x384w15-16-51,384,384,384,15,16,51,15-16-51,M0K,1920,51,85552,15,6120,29136,13056,16,6528,128,6528,408,39936
384x384x384w31-16-25,384,384,384,31,16,25,31-16-25,M0K,3968,25,87952,31,6200,26736,6400,16,3200,384,3200,600,39936
384x384x384w50-16-15,384,384,384,50,16,15,50-16-15,M0K,6400,15,86048,50,6000,28640,3840,16,1920,768,1920,720,39936
384x384x384w14-64-13,384,384,384,14,64,13,14-64-13,M0K,7168,13,84128,14,1456,30560,13312,64,6656,512,6656,104,39960
384x384x384w29-16-26,384,384,384,29,16,26,29-16-26,M0K,3712,26,88544,29,6032,26144,6656,16,3328,384,3328,624,39960
384x384x384w14-40-22,384,384,384,14,40,22,14-40-22,MNK,4480,22,86720,14,2464,27968,14080,40,7040,320,7040,176,39960
384x384x384w29-32-13,384,384,384,29,32,13,29-32-13,M0K,7424,13,87152,29,3016,27536,6656,32,3328,768,3328,312,39960
384x384x384w14-32-26,384,384,384,14,32,26,14-32-26,M0K,3584,26,88384,14,2912,26304,13312,32,6656,256,6656,208,39960
384x384x384w29-16-27,384,384,384,29,16,27,29-16-27,M0K,3712,27,87824,29,6264,26864,6912,16,3456,384,3456,648,39960
384x384x384w14-32-27,384,384,384,14,32,27,14-32-27,M0K,3584,27,87648,14,3024,27040,13824,32,6912,256,6912,216,39960
384x384x384w14-72-13,384,384,384,14,72,13,14-72-13,MNK,8064,13,80672,14,1456,34016,14976,72,7488,576,7488,104,39960
384x384x384w18-40-17,384,384,384,18,40,17,18-40-17,MNK,5760,17,87392,18,2448,27296,10880,40,5440,640,5440,272,40020
384x384x384w35-16-21,384,384,384,35,16,21,35-16-21,M0K,4480,21,88592,35,5880,26096,5376,16,2688,512,2688,672,40128
384x384x384w37-16-21,384,384,384,37,16,21,37-16-21,M0K,4736,21,87408,37,6216,27280,5376,16,2688,512,2688,672,40128
384x384x384w36-16-21,384,384,384,36,16,21,36-16-21,M0K,4608,21,88000,36,6048,26688,5376,16,2688,512,2688,672,40128
384x384x384w13-16-59,384,384,384,13,16,59,13-16-59,M0K,1664,59,83984,13,6136,30704,15104,16,7552,128,7552,472,40152
384x384x384w13-48-19,384,384,384,13,48,19,13-48-19,M0K,4992,19,86160,13,1976,28528,14592,48,7296,384,7296,152,40152
384x384x384w13-16-58,384,384,384,13,16,58,13-16-58,M0K,1664,58,84448,13,6032,30240,14848,16,7424,128,7424,464,40152
384x384x384w13-32-28,384,384,384,13,32,28,13-32-28,M0K,3328,28,87872,13,2912,26816,14336,32,7168,256,7168,224,40152
384x384x384w13-16-61,384,384,384,13,16,61,13-16-61,M0K,1664,61,83056,13,6344,31632,15616,16,7808,128,7808,488,40152
384x384x384w13-32-29,384,384,384,13,32,29,13-32-29,M0K,3328,29,87152,13,3016,27536,14848,32,7424,256,7424,232,40152
384x384x384w13-64-14,384,384,384,13,64,14,13-64-14,M0K,6656,14,84128,13,1456,30560,14336,64,7168,512,7168,112,40152
384x384x384w13-16-60,384,384,384,13,16,60,13-16-60,M0K,1664,60,83520,13,6240,31168,15360,16,7680,128,7680,480,40152
384x384x384w13-56-16,384,384,384,13,56,16,13-56-16,MN0,5824,16,85376,13,1664,29312,14336,56,7168,448,7168,128,40152
384x384x384w13-16-55,384,384,384,13,16,55,13-16-55,M0K,1664,55,85840,13,5720,28848,14080,16,7040,128,7040,440,40152
384x384x384w13-72-14,384,384,384,13,72,14,13-72-14,MNK,7488,14,80672,13,1456,34016,16128,72,8064,576,8064,112,40152
384x384x384w13-16-56,384,384,384,13,16,56,13-16-56,M0K,1664,56,85376,13,5824,29312,14336,16,7168,128,7168,448,40152
384x384x384w13-16-62,384,384,384,13,16,62,13-16-62,M0K,1664,62,82592,13,6448,32096,15872,16,7936,128,7936,496,40152
384x384x384w13-16-57,384,384,384,13,16,57,13-16-57,M0K,1664,57,84912,13,5928,29776,14592,16,7296,128,7296,456,40152
384x384x384w13-16-63,384,384,384,13,16,63,13-16-63,M0K,1664,63,82128,13,6552,32560,16128,16,8064,128,8064,504,40152
384x384x384w22-40-14,384,384,384,22,40,14,22-40-14,MNK,7040,14,86720,22,2464,27968,8960,40,4480,640,4480,224,40320
384x384x384w41-16-19,384,384,384,41,16,19,41-16-19,M0K,5248,19,86864,41,6232,27824,4864,16,2432,640,2432,760,40320
384x384x384w26-16-29,384,384,384,26,16,29,26-16-29,M0K,3328,29,88544,26,6032,26144,7424,16,3712,384,3712,696,40320
384x384x384w64-16-11,384,384,384,64,16,11,64-16-11,00K,8192,11,84224,64,5632,30464,2816,16,1408,1024,1408,704,40320
384x384x384w58-16-13,384,384,384,58,16,13,58-16-13,M0K,7424,13,84448,58,6032,30240,3328,16,1664,896,1664,728,40320
384x384x384w11-16-64,384,384,384,11,16,64,11-16-64,M00,1408,64,84224,11,5632,30464,16384,16,8192,128,8192,512,40320
384x384x384w26-24-19,384,384,384,26,24,19,26-24-19,M0K,4992,19,89504,26,3952,25184,7296,24,3648,576,3648,456,40320
384x384x384w11-32-32,384,384,384,11,32,32,11-32-32,M00,2816,32,87040,11,2816,27648,16384,32,8192,256,8192,256,40320
384x384x384w26-16-28,384,384,384,26,16,28,26-16-28,M0K,3328,28,89216,26,5824,25472,7168,16,3584,384,3584,672,40320
384x384x384w16-56-13,384,384,384,16,56,13,16-56-13,0NK,7168,13,85376,16,1664,29312,11648,56,5824,896,5824,208,40320
384x384x384w61-16-13,384,384,384,61,16,13,61-16-13,M0K,7808,13,83056,61,6344,31632,3328,16,1664,896,1664,728,40320
384x384x384w26-32-14,384,384,384,26,32,14,26-32-14,M0K,6656,14,88384,26,2912,26304,7168,32,3584,768,3584,336,40320
384x384x384w16-64-11,384,384,384,16,64,11,16-64-11,00K,8192,11,84224,16,1408,30464,11264,64,5632,1024,5632,176,40320
384x384x384w55-16-13,384,384,384,55,16,13,55-16-13,M0K,7040,13,85840,55,5720,28848,3328,16,1664,768,1664,624,40320
384x384x384w59-16-13,384,384,384,59,16,13,59-16-13,M0K,7552,13,83984,59,6136,30704,3328,16,1664,896,1664,728,40320
384x384x384w38-24-13,384,384,384,38,24,13,38-24-13,M0K,7296,13,87200,38,3952,27488,4992,24,2496,768,2496,416,40320
384x384x384w38-16-20,384,384,384,38,16,20,38-16-20,M0K,4864,20,87680,38,6080,27008,5120,16,2560,512,2560,640,40320
384x384x384w28-32-13,384,384,384,28,32,13,28-32-13,M0K,7168,13,87872,28,2912,26816,6656,32,3328,768,3328,312,40320
384x384x384w28-16-26,384,384,384,28,16,26,28-16-26,M0K,3584,26,89216,28,5824,25472,6656,16,3328,384,3328,624,40320
384x384x384w62-16-13,384,384,384,62,16,13,62-16-13,M0K,7936,13,82592,62,6448,32096,3328,16,1664,896,1664,728,40320
384x384x384w40-16-19,384,384,384,40,16,19,40-16-19,M0K,5120,19,87424,40,6080,27264,4864,16,2432,640,2432,760,40320
384x384x384w39-16-19,384,384,384,39,16,19,39-16-19,M0K,4992,19,87984,39,5928,26704,4864,16,2432,512,2432,608,40320
384x384x384w57-16-13,384,384,384,57,16,13,57-16-13,M0K,7296,13,84912,57,5928,29776,3328,16,1664,896,1664,728,40320
384x384x384w60-16-13,384,384,384,60,16,13,60-16-13,M0K,7680,13,83520,60,6240,31168,3328,16,1664,896,1664,728,40320
384x384x384w28-16-27,384,384,384,28,16,27,28-16-27,M0K,3584,27,88512,28,6048,26176,6912,16,3456,384,3456,648,40320
384x384x384w11-64-16,384,384,384,11,64,16,11-64-16,M00,5632,16,84224,11,1408,30464,16384,64,8192,512,8192,128,40320
384x384x384w16-40-19,384,384,384,16,40,19,16-40-19,0NK,5120,19,87424,16,2432,27264,12160,40,6080,640,6080,304,40320
384x384x384w32-32-11,384,384,384,32,32,11,32-32-11,00K,8192,11,87040,32,2816,27648,5632,32,2816,1024,2816,352,40320
384x384x384w56-16-13,384,384,384,56,16,13,56-16-13,M0K,7168,13,85376,56,5824,29312,3328,16,1664,896,1664,728,40320
384x384x384w14-56-15,384,384,384,14,56,15,14-56-15,MNK,6272,15,85344,14,1680,29344,13440,56,6720,448,6720,120,40404
384x384x384w17-40-18,384,384,384,17,40,18,17-40-18,MNK,5440,18,87392,17,2448,27296,11520,40,5760,640,5760,288,40480
384x384x384w20-40-15,384,384,384,20,40,15,20-40-15,MNK,6400,15,87488,20,2400,27200,9600,40,4800,640,4800,240,40560
384x384x384w13-40-23,384,384,384,13,40,23,13-40-23,MNK,4160,23,86864,13,2392,27824,14720,40,7360,320,7360,184,40630
384x384x384w15-56-14,384,384,384,15,56,14,15-56-14,MNK,6720,14,85344,15,1680,29344,12544,56,6272,448,6272,112,40768
384x384x384w23-40-13,384,384,384,23,40,13,23-40-13,MNK,7360,13,86864,23,2392,27824,8320,40,4160,640,4160,208,40800
384x384x384w21-24-23,384,384,384,21,24,23,21-24-23,M0K,4032,23,90064,21,3864,24624,8832,24,4416,384,4416,368,40800
384x384x384w29-24-17,384,384,384,29,24,17,29-24-17,M0K,5568,17,89136,29,3944,25552,6528,24,3264,576,3264,408,40848
384x384x384w14-48-17,384,384,384,14,48,17,14-48-17,M0K,5376,17,87072,14,1904,27616,13056,48,6528,384,6528,136,40848
384x384x384w12-48-20,384,384,384,12,48,20,12-48-20,00K,4608,20,86272,12,1920,28416,15360,48,7680,384,7680,160,40960
384x384x384w40-24-12,384,384,384,40,24,12,40-24-12,M00,7680,12,87040,40,3840,27648,4608,24,2304,960,2304,480,40960
384x384x384w39-24-12,384,384,384,39,24,12,39-24-12,M00,7488,12,87616,39,3744,27072,4608,24,2304,768,2304,384,40960
384x384x384w12-24-42,384,384,384,12,24,42,12-24-42,00K,2304,42,85888,12,4032,28800,16128,24,8064,192,8064,336,40960
384x384x384w25-24-20,384,384,384,25,24,20,25-24-20,M0K,4800,20,89408,25,4000,25280,7680,24,3840,576,3840,480,40960
384x384x384w24-40-12,384,384,384,24,40,12,24-40-12,0N0,7680,12,87040,24,2304,27648,7680,40,3840,960,3840,288,40960
384x384x384w25-40-12,384,384,384,25,40,12,25-40-12,MN0,8000,12,86208,25,2400,28480,7680,40,3840,960,3840,288,40960
384x384x384w12-24-40,384,384,384,12,24,40,12-24-40,00K,2304,40,87040,12,3840,27648,15360,24,7680,192,7680,320,40960
384x384x384w12-40-24,384,384,384,12,40,24,12-40-24,0N0,3840,24,87040,12,2304,27648,15360,40,7680,320,7680,192,40960
384x384x384w24-24-20,384,384,384,24,24,20,24-24-20,00K,4608,20,90112,24,3840,24576,7680,24,3840,576,3840,480,40960
384x384x384w12-24-39,384,384,384,12,24,39,12-24-39,00K,2304,39,87616,12,3744,27072,14976,24,7488,192,7488,312,40960
384x384x384w12-24-41,384,384,384,12,24,41,12-24-41,00K,2304,41,86464,12,3936,28224,15744,24,7872,192,7872,328,40960
384x384x384w41-24-12,384,384,384,41,24,12,41-24-12,M00,7872,12,86464,41,3936,28224,4608,24,2304,960,2304,480,40960
384x384x384w12-80-12,384,384,384,12,80,12,12-80-12,0N0,7680,12,81664,12,1152,33024,15360,80,7680,640,7680,96,40960
384x384x384w12-40-25,384,384,384,12,40,25,12-40-25,0NK,3840,25,86208,12,2400,28480,16000,40,8000,320,8000,200,40960
384x384x384w20-16-36,384,384,384,20,16,36,20-16-36,M0K,2560,36,88832,20,5760,25856,9216,16,4608,256,4608,576,41184
384x384x384w42-16-18,384,384,384,42,16,18,42-16-18,M0K,5376,18,87232,42,6048,27456,4608,16,2304,640,2304,720,41184
384x384x384w20-16-37,384,384,384,20,16,37,20-16-37,M0K,2560,37,88256,20,5920,26432,9472,16,4736,256,4736,592,41184
384x384x384w20-16-35,384,384,384,20,16,35,20-16-35,M0K,2560,35,89408,20,5600,25280,8960,16,4480,256,4480,560,41184
384x384x384w20-16-38,384,384,384,20,16,38,20-16-38,M0K,2560,38,87680,20,6080,27008,9728,16,4864,256,4864,608,41184
384x384x384w20-32-18,384,384,384,20,32,18,20-32-18,M0K,5120,18,89472,20,2880,25216,9216,32,4608,512,4608,288,41184
384x384x384w17-24-29,384,384,384,17,24,29,17-24-29,M0K,3264,29,89136,17,3944,25552,11136,24,5568,384,5568,464,41216
384x384x384w28-24-17,384,384,384,28,24,17,28-24-17,M0K,5376,17,89792,28,3808,24896,6528,24,3264,576,3264,408,41216
384x384x384w17-24-28,384,384,384,17,24,28,17-24-28,M0K,3264,28,89792,17,3808,24896,10752,24,5376,384,5376,448,41216
384x384x384w17-56-12,384,384,384,17,56,12,17-56-12,MN0,7616,12,85440,17,1632,29248,10752,56,5376,896,5376,192,41216
384x384x384w12-56-17,384,384,384,12,56,17,12-56-17,0NK,5376,17,85440,12,1632,29248,15232,56,7616,448,7616,136,41216
384x384x384w17-48-14,384,384,384,17,48,14,17-48-14,M0K,6528,14,87072,17,1904,27616,10752,48,5376,768,5376,224,41216
384x384x384w19-32-19,384,384,384,19,32,19,19-32-19,M0K,4864,19,89456,19,2888,25232,9728,32,4864,512,4864,304,41328
384x384x384w23-24-21,384,384,384,23,24,21,23-24-21,M0K,4416,21,90064,23,3864,24624,8064,24,4032,384,4032,336,41344
384x384x384w21-32-17,384,384,384,21,32,17,21-32-17,M0K,5376,17,89520,21,2856,25168,8704,32,4352,512,4352,272,41400
384x384x384w63-16-12,384,384,384,63,16,12,63-16-12,M00,8064,12,83392,63,6048,31296,3072,16,1536,896,1536,672,41472
384x384x384w34-16-22,384,384,384,34,16,22,34-16-22,M0K,4352,22,88384,34,5984,26304,5632,16,2816,512,2816,704,41472
384x384x384w32-16-22,384,384,384,32,16,22,32-16-22,00K,4096,22,89600,32,5632,25088,5632,16,2816,512,2816,704,41472
384x384x384w16-16-44,384,384,384,16,16,44,16-16-44,00K,2048,44,88064,16,5632,26624,11264,16,5632,256,5632,704,41472
384x384x384w45-16-16,384,384,384,45,16,16,45-16-16,M00,5760,16,87552,45,5760,27136,4096,16,2048,640,2048,640,41472
384x384x384w16-16-46,384,384,384,16,16,46,16-16-46,00K,2048,46,87040,16,5888,27648,11776,16,5888,256,5888,736,41472
384x384x384w47-16-16,384,384,384,47,16,16,47-16-16,M00,6016,16,86528,47,6016,28160,4096,16,2048,640,2048,640,41472
384x384x384w43-16-16,384,384,384,43,16,16,43-16-16,M00,5504,16,88576,43,5504,26112,4096,16,2048,640,2048,640,41472
384x384x384w22-16-32,384,384,384,22,16,32,22-16-32,M00,2816,32,89600,22,5632,25088,8192,16,4096,256,4096,512,41472
384x384x384w16-16-45,384,384,384,16,16,45,16-16-45,00K,2048,45,87552,16,5760,27136,11520,16,5760,256,5760,720,41472
384x384x384w22-16-33,384,384,384,22,16,33,22-16-33,M0K,2816,33,88992,22,5808,25696,8448,16,4224,256,4224,528,41472
384x384x384w44-16-16,384,384,384,44,16,16,44-16-16,M00,5632,16,88064,44,5632,26624,4096,16,2048,640,2048,640,41472
384x384x384w33-16-22,384,384,384,33,16,22,33-16-22,M0K,4224,22,88992,33,5808,25696,5632,16,2816,512,2816,704,41472
384x384x384w16-32-22,384,384,384,16,32,22,16-32-22,00K,4096,22,89600,16,2816,25088,11264,32,5632,512,5632,352,41472
384x384x384w16-16-43,384,384,384,16,16,43,16-16-43,00K,2048,43,88576,16,5504,26112,11008,16,5504,256,5504,688,41472
384x384x384w16-16-47,384,384,384,16,16,47,16-16-47,00K,2048,47,86528,16,6016,28160,12032,16,6016,256,6016,752,41472
384x384x384w22-16-34,384,384,384,22,16,34,22-16-34,M0K,2816,34,88384,22,5984,26304,8704,16,4352,256,4352,544,41472
384x384x384w46-16-16,384,384,384,46,16,16,46-16-16,M00,5888,16,87040,46,5888,27648,4096,16,2048,640,2048,640,41472
384x384x384w22-24-22,384,384,384,22,24,22,22-24-22,M0K,4224,22,90048,22,3872,24640,8448,24,4224,384,4224,352,41472
384x384x384w22-32-16,384,384,384,22,32,16,22-32-16,M00,5632,16,89600,22,2816,25088,8192,32,4096,512,4096,256,41472
384x384x384w27-24-18,384,384,384,27,24,18,27-24-18,M0K,5184,18,89632,27,3888,25056,6912,24,3456,576,3456,432,41536
384x384x384w15-40-20,384,384,384,15,40,20,15-40-20,MNK,4800,20,87488,15,2400,27200,12800,40,6400,320,6400,160,41600
384x384x384w54-16-14,384,384,384,54,16,14,54-16-14,M0K,6912,14,85184,54,6048,29504,3584,16,1792,768,1792,672,41664
384x384x384w18-16-41,384,384,384,18,16,41,18-16-41,M0K,2304,41,87776,18,5904,26912,10496,16,5248,256,5248,656,41760
384x384x384w18-16-42,384,384,384,18,16,42,18-16-42,M0K,2304,42,87232,18,6048,27456,10752,16,5376,256,5376,672,41760
384x384x384w18-48-13,384,384,384,18,48,13,18-48-13,M0K,6912,13,87136,18,1872,27552,9984,48,4992,768,4992,208,41760
384x384x384w18-24-27,384,384,384,18,24,27,18-24-27,M0K,3456,27,89632,18,3888,25056,10368,24,5184,384,5184,432,41760
384x384x384w18-32-20,384,384,384,18,32,20,18-32-20,M0K,4608,20,89472,18,2880,25216,10240,32,5120,512,5120,320,41760
384x384x384w18-40-16,384,384,384,18,40,16,18-40-16,MN0,5760,16,88320,18,2304,26368,10240,40,5120,640,5120,256,41760
384x384x384w18-24-26,384,384,384,18,24,26,18-24-26,M0K,3456,26,90304,18,3744,24384,9984,24,4992,384,4992,416,41760
384x384x384w18-16-39,384,384,384,18,16,39,18-16-39,M0K,2304,39,88864,18,5616,25824,9984,16,4992,256,4992,624,41760
384x384x384w18-16-40,384,384,384,18,16,40,18-16-40,M0K,2304,40,88320,18,5760,26368,10240,16,5120,256,5120,640,41760
384x384x384w17-32-21,384,384,384,17,32,21,17-32-21,M0K,4352,21,89520,17,2856,25168,10752,32,5376,512,5376,336,41952
384x384x384w19-24-25,384,384,384,19,24,25,19-24-25,M0K,3648,25,90192,19,3800,24496,9600,24,4800,384,4800,400,41984
384x384x384w19-24-24,384,384,384,19,24,24,19-24-24,M00,3648,24,90880,19,3648,23808,9216,24,4608,384,4608,384,41984
384x384x384w19-48-12,384,384,384,19,48,12,19-48-12,M00,7296,12,87232,19,1824,27456,9216,48,4608,768,4608,192,41984
384x384x384w21-48-11,384,384,384,21,48,11,21-48-11,M0K,8064,11,86416,21,1848,28272,8448,48,4224,768,4224,176,42000
384x384x384w21-40-14,384,384,384,21,40,14,21-40-14,MNK,6720,14,87584,21,2352,27104,8960,40,4480,640,4480,224,42000
384x384x384w13-48-18,384,384,384,13,48,18,13-48-18,M0K,4992,18,87136,13,1872,27552,13824,48,6912,384,6912,144,42064
384x384x384w13-24-38,384,384,384,13,24,38,13-24-38,M0K,2496,38,87200,13,3952,27488,14592,24,7296,192,7296,304,42064
384x384x384w13-24-37,384,384,384,13,24,37,13-24-37,M0K,2496,37,87792,13,3848,26896,14208,24,7104,192,7104,296,42064
384x384x384w13-24-36,384,384,384,13,24,36,13-24-36,M0K,2496,36,88384,13,3744,26304,13824,24,6912,192,6912,288,42064
384x384x384w13-24-35,384,384,384,13,24,35,13-24-35,M0K,2496,35,88976,13,3640,25712,13440,24,6720,192,6720,280,42064
384x384x384w14-40-21,384,384,384,14,40,21,14-40-21,MNK,4480,21,87584,14,2352,27104,13440,40,6720,320,6720,168,42180
384x384x384w37-24-13,384,384,384,37,24,13,37-24-13,M0K,7104,13,87792,37,3848,26896,4992,24,2496,768,2496,416,42240
384x384x384w35-16-20,384,384,384,35,16,20,35-16-20,M0K,4480,20,89408,35,5600,25280,5120,16,2560,512,2560,640,42240
384x384x384w16-40-18,384,384,384,16,40,18,16-40-18,0NK,5120,18,88320,16,2304,26368,11520,40,5760,640,5760,288,42240
384x384x384w41-16-18,384,384,384,41,16,18,41-16-18,M0K,5248,18,87776,41,5904,26912,4608,16,2304,640,2304,720,42240
384x384x384w40-16-18,384,384,384,40,16,18,40-16-18,M0K,5120,18,88320,40,5760,26368,4608,16,2304,640,2304,720,42240
384x384x384w36-24-13,384,384,384,36,24,13,36-24-13,M0K,6912,13,88384,36,3744,26304,4992,24,2496,768,2496,416,42240
384x384x384w26-24-18,384,384,384,26,24,18,26-24-18,M0K,4992,18,90304,26,3744,24384,6912,24,3456,576,3456,432,42240
384x384x384w37-16-20,384,384,384,37,16,20,37-16-20,M0K,4736,20,88256,37,5920,26432,5120,16,2560,512,2560,640,42240
384x384x384w39-16-18,384,384,384,39,16,18,39-16-18,M0K,4992,18,88864,39,5616,25824,4608,16,2304,512,2304,576,42240
384x384x384w35-24-13,384,384,384,35,24,13,35-24-13,M0K,6720,13,88976,35,3640,25712,4992,24,2496,768,2496,416,42240
384x384x384w36-16-20,384,384,384,36,16,20,36-16-20,M0K,4608,20,88832,36,5760,25856,5120,16,2560,512,2560,640,42240
384x384x384w17-40-17,384,384,384,17,40,17,17-40-17,MNK,5440,17,88304,17,2312,26384,10880,40,5440,640,5440,272,42320
384x384x384w38-16-19,384,384,384,38,16,19,38-16-19,M0K,4864,19,88544,38,5776,26144,4864,16,2432,512,2432,608,42336
384x384x384w15-32-23,384,384,384,15,32,23,15-32-23,M0K,3840,23,89712,15,2760,24976,11776,32,5888,256,5888,184,42432
384x384x384w23-32-15,384,384,384,23,32,15,23-32-15,M0K,5888,15,89712,23,2760,24976,7680,32,3840,512,3840,240,42432
384x384x384w31-16-23,384,384,384,31,16,23,31-16-23,M0K,3968,23,89456,31,5704,25232,5888,16,2944,384,2944,552,42432
384x384x384w23-16-31,384,384,384,23,16,31,23-16-31,M0K,2944,31,89456,23,5704,25232,7936,16,3968,256,3968,496,42432
384x384x384w30-16-23,384,384,384,30,16,23,30-16-23,M0K,3840,23,90080,30,5520,24608,5888,16,2944,384,2944,552,42432
384x384x384w23-16-30,384,384,384,23,16,30,23-16-30,M0K,2944,30,90080,23,5520,24608,7680,16,3840,256,3840,480,42432
384x384x384w20-24-23,384,384,384,20,24,23,20-24-23,M0K,3840,23,90816,20,3680,23872,8832,24,4416,384,4416,368,42432
384x384x384w27-16-27,384,384,384,27,16,27,27-16-27,M0K,3456,27,89200,27,5832,25488,6912,16,3456,384,3456,648,42480
384x384x384w27-32-13,384,384,384,27,32,13,27-32-13,M0K,6912,13,88592,27,2808,26096,6656,32,3328,768,3328,312,42480
384x384x384w27-16-26,384,384,384,27,16,26,27-16-26,M0K,3456,26,89888,27,5616,24800,6656,16,3328,384,3328,624,42480
384x384x384w11-48-21,384,384,384,11,48,21,11-48-21,M0K,4224,21,86416,11,1848,28272,16128,48,8064,384,8064,168,42560
384x384x384w14-16-51,384,384,384,14,16,51,14-16-51,M0K,1792,51,86624,14,5712,28064,13056,16,6528,128,6528,408,42624
384x384x384w14-24-33,384,384,384,14,24,33,14-24-33,M0K,2688,33,89248,14,3696,25440,12672,24,6336,192,6336,264,42624
384x384x384w14-48-16,384,384,384,14,48,16,14-48-16,M00,5376,16,88064,14,1792,26624,12288,48,6144,384,6144,128,42624
384x384x384w29-24-16,384,384,384,29,24,16,29-24-16,M00,5568,16,89984,29,3712,24704,6144,24,3072,576,3072,384,42624
384x384x384w14-16-52,384,384,384,14,16,52,14-16-52,M0K,1792,52,86144,14,5824,28544,13312,16,6656,128,6656,416,42624
384x384x384w14-16-48,384,384,384,14,16,48,14-16-48,M00,1792,48,88064,14,5376,26624,12288,16,6144,128,6144,384,42624
384x384x384w14-72-12,384,384,384,14,72,12,14-72-12,MN0,8064,12,82048,14,1344,32640,13824,72,6912,576,6912,96,42624
384x384x384w14-16-49,384,384,384,14,16,49,14-16-49,M0K,1792,49,87584,14,5488,27104,12544,16,6272,128,6272,392,42624
384x384x384w14-16-54,384,384,384,14,16,54,14-16-54,M0K,1792,54,85184,14,6048,29504,13824,16,6912,128,6912,432,42624
384x384x384w29-32-12,384,384,384,29,32,12,29-32-12,M00,7424,12,88128,29,2784,26560,6144,32,3072,768,3072,288,42624
384x384x384w14-32-25,384,384,384,14,32,25,14-32-25,M0K,3584,25,89120,14,2800,25568,12800,32,6400,256,6400,200,42624
384x384x384w14-32-24,384,384,384,14,32,24,14-32-24,M00,3584,24,89856,14,2688,24832,12288,32,6144,256,6144,192,42624
384x384x384w14-64-12,384,384,384,14,64,12,14-64-12,M00,7168,12,85376,14,1344,29312,12288,64,6144,512,6144,96,42624
384x384x384w29-16-25,384,384,384,29,16,25,29-16-25,M0K,3712,25,89264,29,5800,25424,6400,16,3200,384,3200,600,42624
384x384x384w14-24-34,384,384,384,14,24,34,14-24-34,M0K,2688,34,88640,14,3808,26048,13056,24,6528,192,6528,272,42624
384x384x384w14-16-53,384,384,384,14,16,53,14-16-53,M0K,1792,53,85664,14,5936,29024,13568,16,6784,128,6784,424,42624
384x384x384w14-24-32,384,384,384,14,24,32,14-24-32,M00,2688,32,89856,14,3584,24832,12288,24,6144,192,6144,256,42624
384x384x384w14-16-50,384,384,384,14,16,50,14-16-50,M0K,1792,50,87104,14,5600,27584,12800,16,6400,128,6400,400,42624
384x384x384w29-16-24,384,384,384,29,16,24,29-16-24,M00,3712,24,89984,29,5568,24704,6144,16,3072,384,3072,576,42624
384x384x384w18-56-11,384,384,384,18,56,11,18-56-11,MNK,8064,11,85536,18,1584,29152,9856,56,4928,896,4928,176,42630
384x384x384w19-40-15,384,384,384,19,40,15,19-40-15,MNK,6080,15,88368,19,2280,26320,9600,40,4800,640,4800,240,42640
384x384x384w51-16-14,384,384,384,51,16,14,51-16-14,M0K,6528,14,86624,51,5712,28064,3584,16,1792,768,1792,672,43008
384x384x384w12-64-14,384,384,384,12,64,14,12-64-14,00K,6144,14,85376,12,1344,29312,14336,64,7168,512,7168,112,43008
384x384x384w12-32-28,384,384,384,12,32,28,12-32-28,00K,3072,28,88832,12,2688,25856,14336,32,7168,256,7168,224,43008
384x384x384w12-16-57,384,384,384,12,16,57,12-16-57,00K,1536,57,86080,12,5472,28608,14592,16,7296,128,7296,456,43008
384x384x384w12-16-56,384,384,384,12,16,56,12-16-56,00K,1536,56,86528,12,5376,28160,14336,16,7168,128,7168,448,43008
384x384x384w16-56-12,384,384,384,16,56,12,16-56-12,0N0,7168,12,86528,16,1536,28160,10752,56,5376,896,5376,192,43008
384x384x384w33-24-14,384,384,384,33,24,14,33-24-14,M0K,6336,14,89248,33,3696,25440,5376,24,2688,768,2688,448,43008
384x384x384w38-24-12,384,384,384,38,24,12,38-24-12,M00,7296,12,88192,38,3648,26496,4608,24,2304,768,2304,384,43008
384x384x384w12-16-60,384,384,384,12,16,60,12-16-60,00K,1536,60,84736,12,5760,29952,15360,16,7680,128,7680,480,43008
384x384x384w61-16-12,384,384,384,61,16,12,61-16-12,M00,7808,12,84288,61,5856,30400,3072,16,1536,896,1536,672,43008
384x384x384w12-16-61,384,384,384,12,16,61,12-16-61,00K,1536,61,84288,12,5856,30400,15616,16,7808,128,7808,488,43008
384x384x384w16-24-28,384,384,384,16,24,28,16-24-28,00K,3072,28,90624,16,3584,24064,10752,24,5376,384,5376,448,43008
384x384x384w16-48-14,384,384,384,16,48,14,16-48-14,00K,6144,14,88064,16,1792,26624,10752,48,5376,768,5376,224,43008
384x384x384w59-16-12,384,384,384,59,16,12,59-16-12,M00,7552,12,85184,59,5664,29504,3072,16,1536,896,1536,672,43008
384x384x384w52-16-14,384,384,384,52,16,14,52-16-14,M0K,6656,14,86144,52,5824,28544,3584,16,1792,768,1792,672,43008
384x384x384w58-16-12,384,384,384,58,16,12,58-16-12,M00,7424,12,85632,58,5568,29056,3072,16,1536,896,1536,672,43008
384x384x384w12-16-55,384,384,384,12,16,55,12-16-55,00K,1536,55,86976,12,5280,27712,14080,16,7040,128,7040,440,43008
384x384x384w50-16-14,384,384,384,50,16,14,50-16-14,M0K,6400,14,87104,50,5600,27584,3584,16,1792,768,1792,672,43008
384x384x384w25-24-19,384,384,384,25,24,19,25-24-19,M0K,4800,19,90192,25,3800,24496,7296,24,3648,576,3648,456,43008
384x384x384w12-56-16,384,384,384,12,56,16,12-56-16,0N0,5376,16,86528,12,1536,28160,14336,56,7168,448,7168,128,43008
384x384x384w12-16-58,384,384,384,12,16,58,12-16-58,00K,1536,58,85632,12,5568,29056,14848,16,7424,128,7424,464,43008
384x384x384w16-24-29,384,384,384,16,24,29,16-24-29,00K,3072,29,89984,16,3712,24704,11136,24,5568,384,5568,464,43008
384x384x384w60-16-12,384,384,384,60,16,12,60-16-12,M00,7680,12,84736,60,5760,29952,3072,16,1536,896,1536,672,43008
384x384x384w48-16-14,384,384,384,48,16,14,48-16-14,00K,6144,14,88064,48,5376,26624,3584,16,1792,768,1792,672,43008
384x384x384w25-16-28,384,384,384,25,16,28,25-16-28,M0K,3200,28,89920,25,5600,24768,7168,16,3584,384,3584,672,43008
384x384x384w28-16-24,384,384,384,28,16,24,28-16-24,M00,3584,24,90624,28,5376,24064,6144,16,3072,384,3072,576,43008
384x384x384w34-24-14,384,384,384,34,24,14,34-24-14,M0K,6528,14,88640,34,3808,26048,5376,24,2688,768,2688,448,43008
384x384x384w12-16-63,384,384,384,12,16,63,12-16-63,00K,1536,63,83392,12,6048,31296,16128,16,8064,128,8064,504,43008
384x384x384w12-72-14,384,384,384,12,72,14,12-72-14,0NK,6912,14,82048,12,1344,32640,16128,72,8064,576,8064,112,43008
384x384x384w24-16-28,384,384,384,24,16,28,24-16-28,00K,3072,28,90624,24,5376,24064,7168,16,3584,384,3584,672,43008
384x384x384w32-24-14,384,384,384,32,24,14,32-24-14,00K,6144,14,89856,32,3584,24832,5376,24,2688,768,2688,448,43008
384x384x384w57-16-12,384,384,384,57,16,12,57-16-12,M00,7296,12,86080,57,5472,28608,3072,16,1536,896,1536,672,43008
384x384x384w56-16-12,384,384,384,56,16,12,56-16-12,M00,7168,12,86528,56,5376,28160,3072,16,1536,896,1536,672,43008
384x384x384w12-16-59,384,384,384,12,16,59,12-16-59,00K,1536,59,85184,12,5664,29504,15104,16,7552,128,7552,472,43008
384x384x384w24-32-14,384,384,384,24,32,14,24-32-14,00K,6144,14,89856,24,2688,24832,7168,32,3584,768,3584,336,43008
384x384x384w25-16-29,384,384,384,25,16,29,25-16-29,M0K,3200,29,89264,25,5800,25424,7424,16,3712,384,3712,696,43008
384x384x384w12-48-19,384,384,384,12,48,19,12-48-19,00K,4608,19,87232,12,1824,27456,14592,48,7296,384,7296,152,43008
384x384x384w28-24-16,384,384,384,28,24,16,28-24-16,M00,5376,16,90624,28,3584,24064,6144,24,3072,576,3072,384,43008
384x384x384w49-16-14,384,384,384,49,16,14,49-16-14,M0K,6272,14,87584,49,5488,27104,3584,16,1792,768,1792,672,43008
384x384x384w62-16-12,384,384,384,62,16,12,62-16-12,M00,7936,12,83840,62,5952,30848,3072,16,1536,896,1536,672,43008
384x384x384w53-16-14,384,384,384,53,16,14,53-16-14,M0K,6784,14,85664,53,5936,29024,3584,16,1792,768,1792,672,43008
384x384x384w24-16-29,384,384,384,24,16,29,24-16-29,00K,3072,29,89984,24,5568,24704,7424,16,3712,384,3712,696,43008
384x384x384w12-16-62,384,384,384,12,16,62,12-16-62,00K,1536,62,83840,12,5952,30848,15872,16,7936,128,7936,496,43008
384x384x384w25-32-14,384,384,384,25,32,14,25-32-14,M0K,6400,14,89120,25,2800,25568,7168,32,3584,768,3584,336,43008
384x384x384w24-24-19,384,384,384,24,24,19,24-24-19,00K,4608,19,90880,24,3648,23808,7296,24,3648,576,3648,456,43008
384x384x384w55-16-12,384,384,384,55,16,12,55-16-12,M00,7040,12,86976,55,5280,27712,3072,16,1536,768,1536,576,43008
384x384x384w28-16-25,384,384,384,28,16,25,28-16-25,M0K,3584,25,89920,28,5600,24768,6400,16,3200,384,3200,600,43008
384x384x384w28-32-12,384,384,384,28,32,12,28-32-12,M00,7168,12,88832,28,2688,25856,6144,32,3072,768,3072,288,43008
384x384x384w12-32-29,384,384,384,12,32,29,12-32-29,00K,3072,29,88128,12,2784,26560,14848,32,7424,256,7424,232,43008
384x384x384w13-64-13,384,384,384,13,64,13,13-64-13,M0K,6656,13,85360,13,1352,29328,13312,64,6656,512,6656,104,43020
384x384x384w13-72-13,384,384,384,13,72,13,13-72-13,MNK,7488,13,82032,13,1352,32656,14976,72,7488,576,7488,104,43020
384x384x384w13-40-22,384,384,384,13,40,22,13-40-22,MNK,4160,22,87712,13,2288,26976,14080,40,7040,320,7040,176,43020
384x384x384w13-32-26,384,384,384,13,32,26,13-32-26,M0K,3328,26,89312,13,2704,25376,13312,32,6656,256,6656,208,43020
384x384x384w13-32-27,384,384,384,13,32,27,13-32-27,M0K,3328,27,88592,13,2808,26096,13824,32,6912,256,6912,216,43020
384x384x384w20-32-17,384,384,384,20,32,17,20-32-17,M0K,5120,17,90304,20,2720,24384,8704,32,4352,512,4352,272,43056
384x384x384w42-16-17,384,384,384,42,16,17,42-16-17,M0K,5376,17,88160,42,5712,26528,4352,16,2176,640,2176,680,43056
384x384x384w11-56-18,384,384,384,11,56,18,11-56-18,MNK,4928,18,85536,11,1584,29152,16128,56,8064,448,8064,144,43120
384x384x384w21-16-32,384,384,384,21,16,32,21-16-32,M00,2688,32,90368,21,5376,24320,8192,16,4096,256,4096,512,43200
384x384x384w26-16-26,384,384,384,26,16,26,26-16-26,M0K,3328,26,90560,26,5408,24128,6656,16,3328,384,3328,624,43200
384x384x384w21-16-34,384,384,384,21,16,34,21-16-34,M0K,2688,34,89184,21,5712,25504,8704,16,4352,256,4352,544,43200
384x384x384w21-16-33,384,384,384,21,16,33,21-16-33,M0K,2688,33,89776,21,5544,24912,8448,16,4224,256,4224,528,43200
384x384x384w21-24-22,384,384,384,21,24,22,21-24-22,M0K,4032,22,90784,21,3696,23904,8448,24,4224,384,4224,352,43200
384x384x384w21-32-16,384,384,384,21,32,16,21-32-16,M00,5376,16,90368,21,2688,24320,8192,32,4096,512,4096,256,43200
384x384x384w26-32-13,384,384,384,26,32,13,26-32-13,M0K,6656,13,89312,26,2704,25376,6656,32,3328,768,3328,312,43200
384x384x384w22-40-13,384,384,384,22,40,13,22-40-13,MNK,7040,13,87712,22,2288,26976,8320,40,4160,640,4160,208,43200
384x384x384w26-16-27,384,384,384,26,16,27,26-16-27,M0K,3328,27,89888,26,5616,24800,6912,16,3456,384,3456,648,43200
384x384x384w15-24-31,384,384,384,15,24,31,15-24-31,M0K,2880,31,89584,15,3720,25104,11904,24,5952,192,5952,248,43264
384x384x384w31-24-15,384,384,384,31,24,15,31-24-15,M0K,5952,15,89584,31,3720,25104,5760,24,2880,576,2880,360,43264
384x384x384w30-24-15,384,384,384,30,24,15,30-24-15,M0K,5760,15,90208,30,3600,24480,5760,24,2880,576,2880,360,43264
384x384x384w15-48-15,384,384,384,15,48,15,15-48-15,M0K,5760,15,88048,15,1800,26640,11520,48,5760,384,5760,120,43264
384x384x384w15-24-30,384,384,384,15,24,30,15-24-30,M0K,2880,30,90208,15,3600,24480,11520,24,5760,192,5760,240,43264
384x384x384w19-16-37,384,384,384,19,16,37,19-16-37,M0K,2432,37,89104,19,5624,25584,9472,16,4736,256,4736,592,43296
384x384x384w19-16-36,384,384,384,19,16,36,19-16-36,M0K,2432,36,89664,19,5472,25024,9216,16,4608,256,4608,576,43296
384x384x384w19-16-35,384,384,384,19,16,35,19-16-35,M0K,2432,35,90224,19,5320,24464,8960,16,4480,256,4480,560,43296
384x384x384w19-32-18,384,384,384,19,32,18,19-32-18,M0K,4864,18,90272,19,2736,24416,9216,32,4608,512,4608,288,43296
384x384x384w19-16-38,384,384,384,19,16,38,19-16-38,M0K,2432,38,88544,19,5776,26144,9728,16,4864,256,4864,608,43296
384x384x384w27-24-17,384,384,384,27,24,17,27-24-17,M0K,5184,17,90448,27,3672,24240,6528,24,3264,576,3264,408,43424
384x384x384w13-56-15,384,384,384,13,56,15,13-56-15,MNK,5824,15,86480,13,1560,28208,13440,56,6720,448,6720,120,43498
384x384x384w14-56-14,384,384,384,14,56,14,14-56-14,MNK,6272,14,86464,14,1568,28224,12544,56,6272,448,6272,112,43512
384x384x384w23-40-12,384,384,384,23,40,12,23-40-12,MN0,7360,12,87872,23,2208,26816,7680,40,3840,640,3840,192,43520
384x384x384w12-40-23,384,384,384,12,40,23,12-40-23,0NK,3840,23,87872,12,2208,26816,14720,40,7360,320,7360,184,43520
384x384x384w23-24-20,384,384,384,23,24,20,23-24-20,M0K,4416,20,90816,23,3680,23872,7680,24,3840,384,3840,320,43520
384x384x384w11-32-30,384,384,384,11,32,30,11-32-30,M0K,2816,30,88416,11,2640,26272,15360,32,7680,256,7680,240,43680
384x384x384w20-40-14,384,384,384,20,40,14,20-40-14,MNK,6400,14,88448,20,2240,26240,8960,40,4480,640,4480,224,43680
384x384x384w11-64-15,384,384,384,11,64,15,11-64-15,M0K,5632,15,85424,11,1320,29264,15360,64,7680,512,7680,120,43680
384x384x384w20-48-11,384,384,384,20,48,11,20-48-11,M0K,7680,11,87360,20,1760,27328,8448,48,4224,768,4224,176,43680
384x384x384w15-40-19,384,384,384,15,40,19,15-40-19,MNK,4800,19,88368,15,2280,26320,12160,40,6080,320,6080,152,43680
384x384x384w31-32-11,384,384,384,31,32,11,31-32-11,M0K,7936,11,87728,31,2728,26960,5632,32,2816,768,2816,264,43680
384x384x384w15-64-11,384,384,384,15,64,11,15-64-11,M0K,7680,11,85424,15,1320,29264,11264,64,5632,512,5632,88,43680
384x384x384w11-32-31,384,384,384,11,32,31,11-32-31,M0K,2816,31,87728,11,2728,26960,15872,32,7936,256,7936,248,43680
384x384x384w42-24-11,384,384,384,42,24,11,42-24-11,M0K,8064,11,86944,42,3696,27744,4224,24,2112,960,2112,440,43680
384x384x384w15-56-13,384,384,384,15,56,13,15-56-13,MNK,6720,13,86480,15,1560,28208,11648,56,5824,448,5824,104,43680
384x384x384w30-32-11,384,384,384,30,32,11,30-32-11,M0K,7680,11,88416,30,2640,26272,5632,32,2816,768,2816,264,43680
384x384x384w33-16-21,384,384,384,33,16,21,33-16-21,M0K,4224,21,89776,33,5544,24912,5376,16,2688,512,2688,672,43776
384x384x384w16-32-21,384,384,384,16,32,21,16-32-21,00K,4096,21,90368,16,2688,24320,10752,32,5376,512,5376,336,43776
384x384x384w22-24-21,384,384,384,22,24,21,22-24-21,M0K,4224,21,90784,22,3696,23904,8064,24,4032,384,4032,336,43776
384x384x384w32-16-21,384,384,384,32,16,21,32-16-21,00K,4096,21,90368,32,5376,24320,5376,16,2688,512,2688,672,43776
384x384x384w34-16-21,384,384,384,34,16,21,34-16-21,M0K,4352,21,89184,34,5712,25504,5376,16,2688,512,2688,672,43776
384x384x384w18-32-19,384,384,384,18,32,19,18-32-19,M0K,4608,19,90272,18,2736,24416,9728,32,4864,512,4864,304,43848
384x384x384w13-48-17,384,384,384,13,48,17,13-48-17,M0K,4992,17,88112,13,1768,26576,13056,48,6528,384,6528,136,43976
384x384x384w17-16-41,384,384,384,17,16,41,17-16-41,M0K,2176,41,88688,17,5576,26000,10496,16,5248,256,5248,656,44160
384x384x384w17-32-20,384,384,384,17,32,20,17-32-20,M0K,4352,20,90304,17,2720,24384,10240,32,5120,512,5120,320,44160
384x384x384w17-16-42,384,384,384,17,16,42,17-16-42,M0K,2176,42,88160,17,5712,26528,10752,16,5376,256,5376,672,44160
384x384x384w17-16-40,384,384,384,17,16,40,17-16-40,M0K,2176,40,89216,17,5440,25472,10240,16,5120,256,5120,640,44160
384x384x384w41-16-17,384,384,384,41,16,17,41-16-17,M0K,5248,17,88688,41,5576,26000,4352,16,2176,640,2176,680,44160
384x384x384w17-24-26,384,384,384,17,24,26,17-24-26,M0K,3264,26,91104,17,3536,23584,9984,24,4992,384,4992,416,44160
384x384x384w39-16-17,384,384,384,39,16,17,39-16-17,M0K,4992,17,89744,39,5304,24944,4352,16,2176,512,2176,544,44160
384x384x384w17-40-16,384,384,384,17,40,16,17-40-16,MN0,5440,16,89216,17,2176,25472,10240,40,5120,640,5120,256,44160
384x384x384w16-40-17,384,384,384,16,40,17,16-40-17,0NK,5120,17,89216,16,2176,25472,10880,40,5440,640,5440,272,44160
384x384x384w40-16-17,384,384,384,40,16,17,40-16-17,M0K,5120,17,89216,40,5440,25472,4352,16,2176,640,2176,680,44160
384x384x384w17-24-27,384,384,384,17,24,27,17-24-27,M0K,3264,27,90448,17,3672,24240,10368,24,5184,384,5184,432,44160
384x384x384w17-48-13,384,384,384,17,48,13,17-48-13,M0K,6528,13,88112,17,1768,26576,9984,48,4992,768,4992,208,44160
384x384x384w17-16-39,384,384,384,17,16,39,17-16-39,M0K,2176,39,89744,17,5304,24944,9984,16,4992,256,4992,624,44160
384x384x384w26-24-17,384,384,384,26,24,17,26-24-17,M0K,4992,17,91104,26,3536,23584,6528,24,3264,576,3264,408,44160
384x384x384w37-16-19,384,384,384,37,16,19,37-16-19,M0K,4736,19,89104,37,5624,25584,4864,16,2432,512,2432,608,44352
384x384x384w38-16-18,384,384,384,38,16,18,38-16-18,M0K,4864,18,89408,38,5472,25280,4608,16,2304,512,2304,576,44352
384x384x384w10-64-16,384,384,384,10,64,16,10-64-16,M00,5120,16,85504,10,1280,29184,16384,64,8192,512,8192,128,44352
384x384x384w10-32-32,384,384,384,10,32,32,10-32-32,M00,2560,32,88064,10,2560,26624,16384,32,8192,256,8192,256,44352
384x384x384w10-16-64,384,384,384,10,16,64,10-16-64,M00,1280,64,85504,10,5120,29184,16384,16,8192,128,8192,512,44352
384x384x384w35-16-19,384,384,384,35,16,19,35-16-19,M0K,4480,19,90224,35,5320,24464,4864,16,2432,512,2432,608,44352
384x384x384w36-16-19,384,384,384,36,16,19,36-16-19,M0K,4608,19,89664,36,5472,25024,4864,16,2432,512,2432,608,44352
384x384x384w14-40-20,384,384,384,14,40,20,14-40-20,MNK,4480,20,88448,14,2240,26240,12800,40,6400,320,6400,160,44400
384x384x384w18-24-25,384,384,384,18,24,25,18-24-25,M0K,3456,25,90976,18,3600,23712,9600,24,4800,384,4800,400,44544
384x384x384w18-24-24,384,384,384,18,24,24,18-24-24,M00,3456,24,91648,18,3456,23040,9216,24,4608,384,4608,384,44544
384x384x384w18-48-12,384,384,384,18,48,12,18-48-12,M00,6912,12,88192,18,1728,26496,9216,48,4608,768,4608,192,44544
384x384x384w19-24-23,384,384,384,19,24,23,19-24-23,M0K,3648,23,91568,19,3496,23120,8832,24,4416,384,4416,368,44608
384x384x384w54-16-13,384,384,384,54,16,13,54-16-13,M0K,6912,13,86304,54,5616,28384,3328,16,1664,768,1664,624,44640
384x384x384w41-24-11,384,384,384,41,24,11,41-24-11,M0K,7872,11,87504,41,3608,27184,4224,24,2112,960,2112,440,44800
384x384x384w24-40-11,384,384,384,24,40,11,24-40-11,0NK,7680,11,88064,24,2112,26624,7040,40,3520,960,3520,264,44800
384x384x384w11-24-42,384,384,384,11,24,42,11-24-42,M0K,2112,42,86944,11,3696,27744,16128,24,8064,192,8064,336,44800
384x384x384w11-40-24,384,384,384,11,40,24,11-40-24,MN0,3520,24,88064,11,2112,26624,15360,40,7680,320,7680,192,44800
384x384x384w11-40-25,384,384,384,11,40,25,11-40-25,MNK,3520,25,87248,11,2200,27440,16000,40,8000,320,8000,200,44800
384x384x384w12-80-11,384,384,384,12,80,11,12-80-11,0NK,7680,11,83136,12,1056,31552,14080,80,7040,640,7040,88,44800
384x384x384w11-24-41,384,384,384,11,24,41,11-24-41,M0K,2112,41,87504,11,3608,27184,15744,24,7872,192,7872,328,44800
384x384x384w11-80-12,384,384,384,11,80,12,11-80-12,MN0,7040,12,83136,11,1056,31552,15360,80,7680,640,7680,96,44800
384x384x384w11-24-39,384,384,384,11,24,39,11-24-39,M0K,2112,39,88624,11,3432,26064,14976,24,7488,192,7488,312,44800
384x384x384w25-40-11,384,384,384,25,40,11,25-40-11,MNK,8000,11,87248,25,2200,27440,7040,40,3520,960,3520,264,44800
384x384x384w40-24-11,384,384,384,40,24,11,40-24-11,M0K,7680,11,88064,40,3520,26624,4224,24,2112,960,2112,440,44800
384x384x384w11-24-40,384,384,384,11,24,40,11-24-40,M0K,2112,40,88064,11,3520,26624,15360,24,7680,192,7680,320,44800
384x384x384w11-48-20,384,384,384,11,48,20,11-48-20,M0K,4224,20,87360,11,1760,27328,15360,48,7680,384,7680,160,44800
384x384x384w39-24-11,384,384,384,39,24,11,39-24-11,M0K,7488,11,88624,39,3432,26064,4224,24,2112,768,2112,352,44800
384x384x384w16-64-10,384,384,384,16,64,10,16-64-10,00K,8192,10,85504,16,1280,29184,10240,64,5120,1024,5120,160,44928
384x384x384w30-16-22,384,384,384,30,16,22,30-16-22,M0K,3840,22,90816,30,5280,23872,5632,16,2816,384,2816,528,44928
384x384x384w15-16-45,384,384,384,15,16,45,15-16-45,M0K,1920,45,88528,15,5400,26160,11520,16,5760,128,5760,360,44928
384x384x384w20-16-34,384,384,384,20,16,34,20-16-34,M0K,2560,34,89984,20,5440,24704,8704,16,4352,256,4352,544,44928
384x384x384w22-16-30,384,384,384,22,16,30,22-16-30,M0K,2816,30,90816,22,5280,23872,7680,16,3840,256,3840,480,44928
384x384x384w15-16-44,384,384,384,15,16,44,15-16-44,M0K,1920,44,89024,15,5280,25664,11264,16,5632,128,5632,352,44928
384x384x384w20-16-32,384,384,384,20,16,32,20-16-32,M00,2560,32,91136,20,5120,23552,8192,16,4096,256,4096,512,44928
384x384x384w20-16-33,384,384,384,20,16,33,20-16-33,M0K,2560,33,90560,20,5280,24128,8448,16,4224,256,4224,528,44928
384x384x384w31-16-22,384,384,384,31,16,22,31-16-22,M0K,3968,22,90208,31,5456,24480,5632,16,2816,384,2816,528,44928
384x384x384w22-16-31,384,384,384,22,16,31,22-16-31,M0K,2816,31,90208,22,5456,24480,7936,16,3968,256,3968,496,44928
384x384x384w42-16-16,384,384,384,42,16,16,42-16-16,M00,5376,16,89088,42,5376,25600,4096,16,2048,640,2048,640,44928
384x384x384w22-32-15,384,384,384,22,32,15,22-32-15,M0K,5632,15,90464,22,2640,24224,7680,32,3840,512,3840,240,44928
384x384x384w32-32-10,384,384,384,32,32,10,32-32-10,00K,8192,10,88064,32,2560,26624,5120,32,2560,1024,2560,320,44928
384x384x384w46-16-15,384,384,384,46,16,15,46-16-15,M0K,5888,15,88032,46,5520,26656,3840,16,1920,640,1920,600,44928
384x384x384w15-16-43,384,384,384,15,16,43,15-16-43,M0K,1920,43,89520,15,5160,25168,11008,16,5504,128,5504,344,44928
384x384x384w44-16-15,384,384,384,44,16,15,44-16-15,M0K,5632,15,89024,44,5280,25664,3840,16,1920,640,1920,600,44928
384x384x384w15-16-47,384,384,384,15,16,47,15-16-47,M0K,1920,47,87536,15,5640,27152,12032,16,6016,128,6016,376,44928
384x384x384w47-16-15,384,384,384,47,16,15,47-16-15,M0K,6016,15,87536,47,5640,27152,3840,16,1920,640,1920,600,44928
384x384x384w20-24-22,384,384,384,20,24,22,20-24-22,M0K,3840,22,91520,20,3520,23168,8448,24,4224,384,4224,352,44928
384x384x384w20-32-16,384,384,384,20,32,16,20-32-16,M00,5120,16,91136,20,2560,23552,8192,32,4096,512,4096,256,44928
384x384x384w15-32-22,384,384,384,15,32,22,15-32-22,M0K,3840,22,90464,15,2640,24224,11264,32,5632,256,5632,176,44928
384x384x384w64-16-10,384,384,384,64,16,10,64-16-10,00K,8192,10,85504,64,5120,29184,2560,16,1280,1024,1280,640,44928
384x384x384w15-16-46,384,384,384,15,16,46,15-16-46,M0K,1920,46,88032,15,5520,26656,11776,16,5888,128,5888,368,44928
384x384x384w45-16-15,384,384,384,45,16,15,45-16-15,M0K,5760,15,88528,45,5400,26160,3840,16,1920,640,1920,600,44928
384x384x384w43-16-15,384,384,384,43,16,15,43-16-15,M0K,5504,15,89520,43,5160,25168,3840,16,1920,640,1920,600,44928
384x384x384w21-40-13,384,384,384,21,40,13,21-40-13,MNK,6720,13,88560,21,2184,26128,8320,40,4160,640,4160,208,45000
384x384x384w12-48-18,384,384,384,12,48,18,12-48-18,00K,4608,18,88192,12,1728,26496,13824,48,6912,384,6912,144,45056
384x384x384w12-24-38,384,384,384,12,24,38,12-24-38,00K,2304,38,88192,12,3648,26496,14592,24,7296,192,7296,304,45056
384x384x384w12-24-35,384,384,384,12,24,35,12-24-35,00K,2304,35,89920,12,3360,24768,13440,24,6720,192,6720,280,45056
384x384x384w36-24-12,384,384,384,36,24,12,36-24-12,M00,6912,12,89344,36,3456,25344,4608,24,2304,768,2304,384,45056
384x384x384w12-24-37,384,384,384,12,24,37,12-24-37,00K,2304,37,88768,12,3552,25920,14208,24,7104,192,7104,296,45056
384x384x384w37-24-12,384,384,384,37,24,12,37-24-12,M00,7104,12,88768,37,3552,25920,4608,24,2304,768,2304,384,45056
384x384x384w24-24-18,384,384,384,24,24,18,24-24-18,00K,4608,18,91648,24,3456,23040,6912,24,3456,576,3456,432,45056
384x384x384w25-24-18,384,384,384,25,24,18,25-24-18,M0K,4800,18,90976,25,3600,23712,6912,24,3456,576,3456,432,45056
384x384x384w35-24-12,384,384,384,35,24,12,35-24-12,M00,6720,12,89920,35,3360,24768,4608,24,2304,768,2304,384,45056
384x384x384w12-24-36,384,384,384,12,24,36,12-24-36,00K,2304,36,89344,12,3456,25344,13824,24,6912,192,6912,288,45056
384x384x384w17-56-11,384,384,384,17,56,11,17-56-11,MNK,7616,11,86608,17,1496,28080,9856,56,4928,896,4928,176,45080
384x384x384w11-56-17,384,384,384,11,56,17,11-56-17,MNK,4928,17,86608,11,1496,28080,15232,56,7616,448,7616,136,45080
384x384x384w18-40-15,384,384,384,18,40,15,18-40-15,MNK,5760,15,89248,18,2160,25440,9600,40,4800,640,4800,240,45240
384x384x384w19-32-17,384,384,384,19,32,17,19-32-17,M0K,4864,17,91088,19,2584,23600,8704,32,4352,512,4352,272,45264
384x384x384w29-16-23,384,384,384,29,16,23,29-16-23,M0K,3712,23,90704,29,5336,23984,5888,16,2944,384,2944,552,45288
384x384x384w14-32-23,384,384,384,14,32,23,14-32-23,M0K,3584,23,90592,14,2576,24096,11776,32,5888,256,5888,184,45288
384x384x384w27-24-16,384,384,384,27,24,16,27-24-16,M00,5184,16,91264,27,3456,23424,6144,24,3072,576,3072,384,45312
384x384x384w27-16-24,384,384,384,27,16,24,27-16-24,M00,3456,24,91264,27,5184,23424,6144,16,3072,384,3072,576,45312
384x384x384w27-16-25,384,384,384,27,16,25,27-16-25,M0K,3456,25,90576,27,5400,24112,6400,16,3200,384,3200,600,45312
384x384x384w27-32-12,384,384,384,27,32,12,27-32-12,M00,6912,12,89536,27,2592,25152,6144,32,3072,768,3072,288,45312
384x384x384w63-16-11,384,384,384,63,16,11,63-16-11,M0K,8064,11,84656,63,5544,30032,2816,16,1408,896,1408,616,45360
384x384x384w13-40-21,384,384,384,13,40,21,13-40-21,MNK,4160,21,88560,13,2184,26128,13440,40,6720,320,6720,168,45410
384x384x384w21-24-21,384,384,384,21,24,21,21-24-21,M0K,4032,21,91504,21,3528,23184,8064,24,4032,384,4032,336,45600
384x384x384w23-16-28,384,384,384,23,16,28,23-16-28,M0K,2944,28,91328,23,5152,23360,7168,16,3584,256,3584,448,45696
384x384x384w23-24-19,384,384,384,23,24,19,23-24-19,M0K,4416,19,91568,23,3496,23120,7296,24,3648,384,3648,304,45696
384x384x384w28-16-23,384,384,384,28,16,23,28-16-23,M0K,3584,23,91328,28,5152,23360,5888,16,2944,384,2944,552,45696
384x384x384w23-32-14,384,384,384,23,32,14,23-32-14,M0K,5888,14,90592,23,2576,24096,7168,32,3584,512,3584,224,45696
384x384x384w23-16-29,384,384,384,23,16,29,23-16-29,M0K,2944,29,90704,23,5336,23984,7424,16,3712,256,3712,464,45696
384x384x384w15-40-18,384,384,384,15,40,18,15-40-18,MNK,4800,18,89248,15,2160,25440,11520,40,5760,320,5760,144,45760
384x384x384w13-16-50,384,384,384,13,16,50,13-16-50,M0K,1664,50,88160,13,5200,26528,12800,16,6400,128,6400,400,45888
384x384x384w13-32-24,384,384,384,13,32,24,13-32-24,M00,3328,24,90752,13,2496,23936,12288,32,6144,256,6144,192,45888
384x384x384w13-24-34,384,384,384,13,24,34,13-24-34,M0K,2496,34,89568,13,3536,25120,13056,24,6528,192,6528,272,45888
384x384x384w13-16-48,384,384,384,13,16,48,13-16-48,M00,1664,48,89088,13,4992,25600,12288,16,6144,128,6144,384,45888
384x384x384w13-48-16,384,384,384,13,48,16,13-48-16,M00,4992,16,89088,13,1664,25600,12288,48,6144,384,6144,128,45888
384x384x384w13-16-53,384,384,384,13,16,53,13-16-53,M0K,1664,53,86768,13,5512,27920,13568,16,6784,128,6784,424,45888
384x384x384w13-16-49,384,384,384,13,16,49,13-16-49,M0K,1664,49,88624,13,5096,26064,12544,16,6272,128,6272,392,45888
384x384x384w13-32-25,384,384,384,13,32,25,13-32-25,M0K,3328,25,90032,13,2600,24656,12800,32,6400,256,6400,200,45888
384x384x384w13-24-33,384,384,384,13,24,33,13-24-33,M0K,2496,33,90160,13,3432,24528,12672,24,6336,192,6336,264,45888
384x384x384w13-24-32,384,384,384,13,24,32,13-24-32,M00,2496,32,90752,13,3328,23936,12288,24,6144,192,6144,256,45888
384x384x384w13-16-52,384,384,384,13,16,52,13-16-52,M0K,1664,52,87232,13,5408,27456,13312,16,6656,128,6656,416,45888
384x384x384w13-16-51,384,384,384,13,16,51,13-16-51,M0K,1664,51,87696,13,5304,26992,13056,16,6528,128,6528,408,45888
384x384x384w13-72-12,384,384,384,13,72,12,13-72-12,MN0,7488,12,83392,13,1248,31296,13824,72,6912,576,6912,96,45888
384x384x384w13-64-12,384,384,384,13,64,12,13-64-12,M00,6656,12,86592,13,1248,28096,12288,64,6144,512,6144,96,45888
384x384x384w13-16-54,384,384,384,13,16,54,13-16-54,M0K,1664,54,86304,13,5616,28384,13824,16,6912,128,6912,432,45888
384x384x384w19-48-11,384,384,384,19,48,11,19-48-11,M0K,7296,11,88304,19,1672,26384,8448,48,4224,768,4224,176,45920
384x384x384w19-40-14,384,384,384,19,40,14,19-40-14,MNK,6080,14,89312,19,2128,25376,8960,40,4480,640,4480,224,45920
384x384x384w18-16-37,384,384,384,18,16,37,18-16-37,M0K,2304,37,89952,18,5328,24736,9472,16,4736,256,4736,592,45936
384x384x384w18-16-38,384,384,384,18,16,38,18-16-38,M0K,2304,38,89408,18,5472,25280,9728,16,4864,256,4864,608,45936
384x384x384w18-16-35,384,384,384,18,16,35,18-16-35,M0K,2304,35,91040,18,5040,23648,8960,16,4480,256,4480,560,45936
384x384x384w18-16-36,384,384,384,18,16,36,18-16-36,M0K,2304,36,90496,18,5184,24192,9216,16,4608,256,4608,576,45936
384x384x384w18-32-18,384,384,384,18,32,18,18-32-18,M0K,4608,18,91072,18,2592,23616,9216,32,4608,512,4608,288,45936
384x384x384w25-16-26,384,384,384,25,16,26,25-16-26,M0K,3200,26,91232,25,5200,23456,6656,16,3328,384,3328,624,46080
384x384x384w12-32-26,384,384,384,12,32,26,12-32-26,00K,3072,26,90240,12,2496,24448,13312,32,6656,256,6656,208,46080
384x384x384w16-40-16,384,384,384,16,40,16,16-40-16,0N0,5120,16,90112,16,2048,24576,10240,40,5120,640,5120,256,46080
384x384x384w39-16-16,384,384,384,39,16,16,39-16-16,M00,4992,16,90624,39,4992,24064,4096,16,2048,512,2048,512,46080
384x384x384w26-16-24,384,384,384,26,16,24,26-16-24,M00,3328,24,91904,26,4992,22784,6144,16,3072,384,3072,576,46080
384x384x384w16-16-39,384,384,384,16,16,39,16-16-39,00K,2048,39,90624,16,4992,24064,9984,16,4992,256,4992,624,46080
384x384x384w52-16-13,384,384,384,52,16,13,52-16-13,M0K,6656,13,87232,52,5408,27456,3328,16,1664,768,1664,624,46080
384x384x384w16-16-40,384,384,384,16,16,40,16-16-40,00K,2048,40,90112,16,5120,24576,10240,16,5120,256,5120,640,46080
384x384x384w22-40-12,384,384,384,22,40,12,22-40-12,MN0,7040,12,88704,22,2112,25984,7680,40,3840,640,3840,192,46080
384x384x384w24-32-13,384,384,384,24,32,13,24-32-13,00K,6144,13,90752,24,2496,23936,6656,32,3328,768,3328,312,46080
384x384x384w32-24-13,384,384,384,32,24,13,32-24-13,00K,6144,13,90752,32,3328,23936,4992,24,2496,768,2496,416,46080
384x384x384w16-24-26,384,384,384,16,24,26,16-24-26,00K,3072,26,91904,16,3328,22784,9984,24,4992,384,4992,416,46080
384x384x384w34-16-20,384,384,384,34,16,20,34-16-20,M0K,4352,20,89984,34,5440,24704,5120,16,2560,512,2560,640,46080
384x384x384w12-32-27,384,384,384,12,32,27,12-32-27,00K,3072,27,89536,12,2592,25152,13824,32,6912,256,6912,216,46080
384x384x384w41-16-16,384,384,384,41,16,16,41-16-16,M00,5248,16,89600,41,5248,25088,4096,16,2048,640,2048,640,46080
384x384x384w26-16-25,384,384,384,26,16,25,26-16-25,M0K,3328,25,91232,26,5200,23456,6400,16,3200,384,3200,600,46080
384x384x384w40-16-16,384,384,384,40,16,16,40-16-16,M00,5120,16,90112,40,5120,24576,4096,16,2048,640,2048,640,46080
384x384x384w24-16-26,384,384,384,24,16,26,24-16-26,00K,3072,26,91904,24,4992,22784,6656,16,3328,384,3328,624,46080
384x384x384w50-16-13,384,384,384,50,16,13,50-16-13,M0K,6400,13,88160,50,5200,26528,3328,16,1664,768,1664,624,46080
384x384x384w22-24-20,384,384,384,22,24,20,22-24-20,M0K,4224,20,91520,22,3520,23168,7680,24,3840,384,3840,320,46080
384x384x384w16-24-27,384,384,384,16,24,27,16-24-27,00K,3072,27,91264,16,3456,23424,10368,24,5184,384,5184,432,46080
384x384x384w25-32-13,384,384,384,25,32,13,25-32-13,M0K,6400,13,90032,25,2600,24656,6656,32,3328,768,3328,312,46080
384x384x384w34-24-13,384,384,384,34,24,13,34-24-13,M0K,6528,13,89568,34,3536,25120,4992,24,2496,768,2496,416,46080
384x384x384w16-16-41,384,384,384,16,16,41,16-16-41,00K,2048,41,89600,16,5248,25088,10496,16,5248,256,5248,656,46080
384x384x384w49-16-13,384,384,384,49,16,13,49-16-13,M0K,6272,13,88624,49,5096,26064,3328,16,1664,768,1664,624,46080
384x384x384w51-16-13,384,384,384,51,16,13,51-16-13,M0K,6528,13,87696,51,5304,26992,3328,16,1664,768,1664,624,46080
384x384x384w25-16-27,384,384,384,25,16,27,25-16-27,M0K,3200,27,90576,25,5400,24112,6912,16,3456,384,3456,648,46080
384x384x384w26-24-16,384,384,384,26,24,16,26-24-16,M00,4992,16,91904,26,3328,22784,6144,24,3072,576,3072,384,46080
384x384x384w16-32-20,384,384,384,16,32,20,16-32-20,00K,4096,20,91136,16,2560,23552,10240,32,5120,512,5120,320,46080
384x384x384w12-40-22,384,384,384,12,40,22,12-40-22,0NK,3840,22,88704,12,2112,25984,14080,40,7040,320,7040,176,46080
384x384x384w16-16-42,384,384,384,16,16,42,16-16-42,00K,2048,42,89088,16,5376,25600,10752,16,5376,256,5376,672,46080
384x384x384w16-48-13,384,384,384,16,48,13,16-48-13,00K,6144,13,89088,16,1664,25600,9984,48,4992,768,4992,208,46080
384x384x384w26-32-12,384,384,384,26,32,12,26-32-12,M00,6656,12,90240,26,2496,24448,6144,32,3072,768,3072,288,46080
384x384x384w32-16-20,384,384,384,32,16,20,32-16-20,00K,4096,20,91136,32,5120,23552,5120,16,2560,512,2560,640,46080
384x384x384w24-16-27,384,384,384,24,16,27,24-16-27,00K,3072,27,91264,24,5184,23424,6912,16,3456,384,3456,648,46080
384x384x384w12-64-13,384,384,384,12,64,13,12-64-13,00K,6144,13,86592,12,1248,28096,13312,64,6656,512,6656,104,46080
384x384x384w48-16-13,384,384,384,48,16,13,48-16-13,00K,6144,13,89088,48,4992,25600,3328,16,1664,768,1664,624,46080
384x384x384w33-24-13,384,384,384,33,24,13,33-24-13,M0K,6336,13,90160,33,3432,24528,4992,24,2496,768,2496,416,46080
384x384x384w33-16-20,384,384,384,33,16,20,33-16-20,M0K,4224,20,90560,33,5280,24128,5120,16,2560,512,2560,640,46080
384x384x384w53-16-13,384,384,384,53,16,13,53-16-13,M0K,6784,13,86768,53,5512,27920,3328,16,1664,768,1664,624,46080
384x384x384w12-72-13,384,384,384,12,72,13,12-72-13,0NK,6912,13,83392,12,1248,31296,14976,72,7488,576,7488,104,46080
384x384x384w14-24-31,384,384,384,14,24,31,14-24-31,M0K,2688,31,90464,14,3472,24224,11904,24,5952,192,5952,248,46176
384x384x384w14-24-30,384,384,384,14,24,30,14-24-30,M0K,2688,30,91072,14,3360,23616,11520,24,5760,192,5760,240,46176
384x384x384w29-24-15,384,384,384,29,24,15,29-24-15,M0K,5568,15,90832,29,3480,23856,5760,24,2880,576,2880,360,46176
384x384x384w14-48-15,384,384,384,14,48,15,14-48-15,M0K,5376,15,89056,14,1680,25632,11520,48,5760,384,5760,120,46176
384x384x384w17-32-19,384,384,384,17,32,19,17-32-19,M0K,4352,19,91088,17,2584,23600,9728,32,4864,512,4864,304,46368
384x384x384w38-16-17,384,384,384,38,16,17,38-16-17,M0K,4864,17,90272,38,5168,24416,4352,16,2176,512,2176,544,46368
384x384x384w37-16-18,384,384,384,37,16,18,37-16-18,M0K,4736,18,89952,37,5328,24736,4608,16,2304,512,2304,576,46464
384x384x384w35-16-18,384,384,384,35,16,18,35-16-18,M0K,4480,18,91040,35,5040,23648,4608,16,2304,512,2304,576,46464
384x384x384w36-16-18,384,384,384,36,16,18,36-16-18,M0K,4608,18,90496,36,5184,24192,4608,16,2304,512,2304,576,46464
384x384x384w30-24-14,384,384,384,30,24,14,30-24-14,M0K,5760,14,91072,30,3360,23616,5376,24,2688,576,2688,336,46592
384x384x384w31-24-14,384,384,384,31,24,14,31-24-14,M0K,5952,14,90464,31,3472,24224,5376,24,2688,576,2688,336,46592
384x384x384w15-24-28,384,384,384,15,24,28,15-24-28,M0K,2880,28,91456,15,3360,23232,10752,24,5376,192,5376,224,46592
384x384x384w15-24-29,384,384,384,15,24,29,15-24-29,M0K,2880,29,90832,15,3480,23856,11136,24,5568,192,5568,232,46592
384x384x384w15-48-14,384,384,384,15,48,14,15-48-14,M0K,5760,14,89056,15,1680,25632,10752,48,5376,384,5376,112,46592
384x384x384w15-56-12,384,384,384,15,56,12,15-56-12,MN0,6720,12,87616,15,1440,27072,10752,56,5376,448,5376,96,46592
384x384x384w12-56-15,384,384,384,12,56,15,12-56-15,0NK,5376,15,87616,12,1440,27072,13440,56,6720,448,6720,120,46592
384x384x384w28-24-15,384,384,384,28,24,15,28-24-15,M0K,5376,15,91456,28,3360,23232,5760,24,2880,576,2880,360,46592
384x384x384w14-64-11,384,384,384,14,64,11,14-64-11,M0K,7168,11,86624,14,1232,28064,11264,64,5632,512,5632,88,46620
384x384x384w14-72-11,384,384,384,14,72,11,14-72-11,MNK,8064,11,83424,14,1232,31264,12672,72,6336,576,6336,88,46620
384x384x384w14-56-13,384,384,384,14,56,13,14-56-13,MNK,6272,13,87584,14,1456,27104,11648,56,5824,448,5824,104,46620
384x384x384w14-40-19,384,384,384,14,40,19,14-40-19,MNK,4480,19,89312,14,2128,25376,12160,40,6080,320,6080,152,46620
384x384x384w29-32-11,384,384,384,29,32,11,29-32-11,M0K,7424,11,89104,29,2552,25584,5632,32,2816,768,2816,264,46620
384x384x384w21-48-10,384,384,384,21,48,10,21-48-10,M0K,8064,10,87520,21,1680,27168,7680,48,3840,768,3840,160,46800
384x384x384w21-16-30,384,384,384,21,16,30,21-16-30,M0K,2688,30,91552,21,5040,23136,7680,16,3840,256,3840,480,46800
384x384x384w21-32-15,384,384,384,21,32,15,21-32-15,M0K,5376,15,91216,21,2520,23472,7680,32,3840,512,3840,240,46800
384x384x384w21-16-31,384,384,384,21,16,31,21-16-31,M0K,2688,31,90960,21,5208,23728,7936,16,3968,256,3968,496,46800
384x384x384w20-40-13,384,384,384,20,40,13,20-40-13,MNK,6400,13,89408,20,2080,25280,8320,40,4160,640,4160,208,46800
384x384x384w10-48-21,384,384,384,10,48,21,10-48-21,M0K,3840,21,87520,10,1680,27168,16128,48,8064,384,8064,168,46816
384x384x384w13-56-14,384,384,384,13,56,14,13-56-14,MNK,5824,14,87584,13,1456,27104,12544,56,6272,448,6272,112,46844
384x384x384w11-56-16,384,384,384,11,56,16,11-56-16,MN0,4928,16,87680,11,1408,27008,14336,56,7168,448,7168,128,47040
384x384x384w11-16-63,384,384,384,11,16,63,11-16-63,M0K,1408,63,84656,11,5544,30032,16128,16,8064,128,8064,504,47040
384x384x384w59-16-11,384,384,384,59,16,11,59-16-11,M0K,7552,11,86384,59,5192,28304,2816,16,1408,896,1408,616,47040
384x384x384w11-64-14,384,384,384,11,64,14,11-64-14,M0K,5632,14,86624,11,1232,28064,14336,64,7168,512,7168,112,47040
384x384x384w11-32-29,384,384,384,11,32,29,11-32-29,M0K,2816,29,89104,11,2552,25584,14848,32,7424,256,7424,232,47040
384x384x384w28-32-11,384,384,384,28,32,11,28-32-11,M0K,7168,11,89792,28,2464,24896,5632,32,2816,768,2816,264,47040
384x384x384w11-16-58,384,384,384,11,16,58,11-16-58,M0K,1408,58,86816,11,5104,27872,14848,16,7424,128,7424,464,47040
384x384x384w61-16-11,384,384,384,61,16,11,61-16-11,M0K,7808,11,85520,61,5368,29168,2816,16,1408,896,1408,616,47040
384x384x384w11-16-60,384,384,384,11,16,60,11-16-60,M0K,1408,60,85952,11,5280,28736,15360,16,7680,128,7680,480,47040
384x384x384w11-16-59,384,384,384,11,16,59,11-16-59,M0K,1408,59,86384,11,5192,28304,15104,16,7552,128,7552,472,47040
384x384x384w55-16-11,384,384,384,55,16,11,55-16-11,M0K,7040,11,88112,55,4840,26576,2816,16,1408,768,1408,528,47040
384x384x384w16-56-11,384,384,384,16,56,11,16-56-11,0NK,7168,11,87680,16,1408,27008,9856,56,4928,896,4928,176,47040
384x384x384w11-48-19,384,384,384,11,48,19,11-48-19,M0K,4224,19,88304,11,1672,26384,14592,48,7296,384,7296,152,47040
384x384x384w11-32-28,384,384,384,11,32,28,11-32-28,M0K,2816,28,89792,11,2464,24896,14336,32,7168,256,7168,224,47040
384x384x384w11-16-56,384,384,384,11,16,56,11-16-56,M0K,1408,56,87680,11,4928,27008,14336,16,7168,128,7168,448,47040
384x384x384w56-16-11,384,384,384,56,16,11,56-16-11,M0K,7168,11,87680,56,4928,27008,2816,16,1408,896,1408,616,47040
384x384x384w11-16-61,384,384,384,11,16,61,11-16-61,M0K,1408,61,85520,11,5368,29168,15616,16,7808,128,7808,488,47040
384x384x384w11-72-14,384,384,384,11,72,14,11-72-14,MNK,6336,14,83424,11,1232,31264,16128,72,8064,576,8064,112,47040
384x384x384w58-16-11,384,384,384,58,16,11,58-16-11,M0K,7424,11,86816,58,5104,27872,2816,16,1408,896,1408,616,47040
384x384x384w11-16-55,384,384,384,11,16,55,11-16-55,M0K,1408,55,88112,11,4840,26576,14080,16,7040,128,7040,440,47040
384x384x384w57-16-11,384,384,384,57,16,11,57-16-11,M0K,7296,11,87248,57,5016,27440,2816,16,1408,896,1408,616,47040
384x384x384w38-24-11,384,384,384,38,24,11,38-24-11,M0K,7296,11,89184,38,3344,25504,4224,24,2112,768,2112,352,47040
384x384x384w11-16-62,384,384,384,11,16,62,11-16-62,M0K,1408,62,85088,11,5456,29600,15872,16,7936,128,7936,496,47040
384x384x384w60-16-11,384,384,384,60,16,11,60-16-11,M0K,7680,11,85952,60,5280,28736,2816,16,1408,896,1408,616,47040
384x384x384w11-16-57,384,384,384,11,16,57,11-16-57,M0K,1408,57,87248,11,5016,27440,14592,16,7296,128,7296,456,47040
384x384x384w62-16-11,384,384,384,62,16,11,62-16-11,M0K,7936,11,85088,62,5456,29600,2816,16,1408,896,1408,616,47040
384x384x384w24-24-17,384,384,384,24,24,17,24-24-17,00K,4608,17,92416,24,3264,22272,6528,24,3264,576,3264,408,47104
384x384x384w17-24-25,384,384,384,17,24,25,17-24-25,M0K,3264,25,91760,17,3400,22928,9600,24,4800,384,4800,400,47104
384x384x384w25-24-17,384,384,384,25,24,17,25-24-17,M0K,4800,17,91760,25,3400,22928,6528,24,3264,576,3264,408,47104
384x384x384w17-24-24,384,384,384,17,24,24,17-24-24,M00,3264,24,92416,17,3264,22272,9216,24,4608,384,4608,384,47104
384x384x384w17-48-12,384,384,384,17,48,12,17-48-12,M00,6528,12,89152,17,1632,25536,9216,48,4608,768,4608,192,47104
384x384x384w12-48-17,384,384,384,12,48,17,12-48-17,00K,4608,17,89152,12,1632,25536,13056,48,6528,384,6528,136,47104
384x384x384w19-16-33,384,384,384,19,16,33,19-16-33,M0K,2432,33,91344,19,5016,23344,8448,16,4224,256,4224,528,47232
384x384x384w19-32-16,384,384,384,19,32,16,19-32-16,M00,4864,16,91904,19,2432,22784,8192,32,4096,512,4096,256,47232
384x384x384w19-16-32,384,384,384,19,16,32,19-16-32,M00,2432,32,91904,19,4864,22784,8192,16,4096,256,4096,512,47232
384x384x384w19-24-22,384,384,384,19,24,22,19-24-22,M0K,3648,22,92256,19,3344,22432,8448,24,4224,384,4224,352,47232
384x384x384w19-16-34,384,384,384,19,16,34,19-16-34,M0K,2432,34,90784,19,5168,23904,8704,16,4352,256,4352,544,47232
384x384x384w18-24-23,384,384,384,18,24,23,18-24-23,M0K,3456,23,92320,18,3312,22368,8832,24,4416,384,4416,368,47328
384x384x384w30-16-21,384,384,384,30,16,21,30-16-21,M0K,3840,21,91552,30,5040,23136,5376,16,2688,384,2688,504,47424
384x384x384w20-24-21,384,384,384,20,24,21,20-24-21,M0K,3840,21,92224,20,3360,22464,8064,24,4032,384,4032,336,47424
384x384x384w15-32-21,384,384,384,15,32,21,15-32-21,M0K,3840,21,91216,15,2520,23472,10752,32,5376,256,5376,168,47424
384x384x384w31-16-21,384,384,384,31,16,21,31-16-21,M0K,3968,21,90960,31,5208,23728,5376,16,2688,384,2688,504,47424
384x384x384w10-56-18,384,384,384,10,56,18,10-56-18,MNK,4480,18,86720,10,1440,27968,16128,56,8064,448,8064,144,47432
384x384x384w18-56-10,384,384,384,18,56,10,18-56-10,MNK,8064,10,86720,18,1440,27968,8960,56,4480,896,4480,160,47502
384x384x384w11-40-23,384,384,384,11,40,23,11-40-23,MNK,3520,23,88880,11,2024,25808,14720,40,7360,320,7360,184,47600
384x384x384w23-40-11,384,384,384,23,40,11,23-40-11,MNK,7360,11,88880,23,2024,25808,7040,40,3520,640,3520,176,47600
384x384x384w54-16-12,384,384,384,54,16,12,54-16-12,M00,6912,12,87424,54,5184,27264,3072,16,1536,768,1536,576,47616
384x384x384w13-40-20,384,384,384,13,40,20,13-40-20,MNK,4160,20,89408,13,2080,25280,12800,40,6400,320,6400,160,47800
384x384x384w15-40-17,384,384,384,15,40,17,15-40-17,MNK,4800,17,90128,15,2040,24560,10880,40,5440,320,5440,136,47840
384x384x384w17-40-15,384,384,384,17,40,15,17-40-15,MNK,5440,15,90128,17,2040,24560,9600,40,4800,640,4800,240,47840
384x384x384w23-24-18,384,384,384,23,24,18,23-24-18,M0K,4416,18,92320,23,3312,22368,6912,24,3456,384,3456,288,47872
384x384x384w14-16-46,384,384,384,14,16,46,14-16-46,M0K,1792,46,89024,14,5152,25664,11776,16,5888,128,5888,368,47952
384x384x384w14-16-45,384,384,384,14,16,45,14-16-45,M0K,1792,45,89504,14,5040,25184,11520,16,5760,128,5760,360,47952
384x384x384w14-16-47,384,384,384,14,16,47,14-16-47,M0K,1792,47,88544,14,5264,26144,12032,16,6016,128,6016,376,47952
384x384x384w29-16-22,384,384,384,29,16,22,29-16-22,M0K,3712,22,91424,29,5104,23264,5632,16,2816,384,2816,528,47952
384x384x384w14-16-44,384,384,384,14,16,44,14-16-44,M0K,1792,44,89984,14,4928,24704,11264,16,5632,128,5632,352,47952
384x384x384w14-16-43,384,384,384,14,16,43,14-16-43,M0K,1792,43,90464,14,4816,24224,11008,16,5504,128,5504,344,47952
384x384x384w14-32-22,384,384,384,14,32,22,14-32-22,M0K,3584,22,91328,14,2464,23360,11264,32,5632,256,5632,176,47952
384x384x384w21-40-12,384,384,384,21,40,12,21-40-12,MN0,6720,12,89536,21,2016,25152,7680,40,3840,640,3840,192,48000
384x384x384w21-24-20,384,384,384,21,24,20,21-24-20,M0K,4032,20,92224,21,3360,22464,7680,24,3840,384,3840,320,48000
384x384x384w18-32-17,384,384,384,18,32,17,18-32-17,M0K,4608,17,91872,18,2448,22816,8704,32,4352,512,4352,272,48024
384x384x384w10-32-30,384,384,384,10,32,30,10-32-30,M0K,2560,30,89408,10,2400,25280,15360,32,7680,256,7680,240,48048
384x384x384w10-64-15,384,384,384,10,64,15,10-64-15,M0K,5120,15,86688,10,1200,28000,15360,64,7680,512,7680,120,48048
384x384x384w10-96-10,384,384,384,10,96,10,10-96-10,M0K,7680,10,82368,10,800,32320,15360,96,7680,768,7680,80,48048
384x384x384w10-32-31,384,384,384,10,32,31,10-32-31,M0K,2560,31,88736,10,2480,25952,15872,32,7936,256,7936,248,48048
384x384x384w27-16-23,384,384,384,27,16,23,27-16-23,M0K,3456,23,91952,27,4968,22736,5888,16,2944,384,2944,552,48144
384x384x384w22-16-28,384,384,384,22,16,28,22-16-28,M0K,2816,28,92032,22,4928,22656,7168,16,3584,256,3584,448,48384
384x384x384w46-16-14,384,384,384,46,16,14,46-16-14,M0K,5888,14,89024,46,5152,25664,3584,16,1792,640,1792,560,48384
384x384x384w38-16-16,384,384,384,38,16,16,38-16-16,M00,4864,16,91136,38,4864,23552,4096,16,2048,512,2048,512,48384
384x384x384w28-16-22,384,384,384,28,16,22,28-16-22,M0K,3584,22,92032,28,4928,22656,5632,16,2816,384,2816,528,48384
384x384x384w34-16-19,384,384,384,34,16,19,34-16-19,M0K,4352,19,90784,34,5168,23904,4864,16,2432,512,2432,608,48384
384x384x384w33-16-19,384,384,384,33,16,19,33-16-19,M0K,4224,19,91344,33,5016,23344,4864,16,2432,512,2432,608,48384
384x384x384w45-16-14,384,384,384,45,16,14,45-16-14,M0K,5760,14,89504,45,5040,25184,3584,16,1792,640,1792,560,48384
384x384x384w16-32-19,384,384,384,16,32,19,16-32-19,00K,4096,19,91904,16,2432,22784,9728,32,4864,512,4864,304,48384
384x384x384w22-16-29,384,384,384,22,16,29,22-16-29,M0K,2816,29,91424,22,5104,23264,7424,16,3712,256,3712,464,48384
384x384x384w44-16-14,384,384,384,44,16,14,44-16-14,M0K,5632,14,89984,44,4928,24704,3584,16,1792,640,1792,560,48384
384x384x384w43-16-14,384,384,384,43,16,14,43-16-14,M0K,5504,14,90464,43,4816,24224,3584,16,1792,640,1792,560,48384
384x384x384w32-16-19,384,384,384,32,16,19,32-16-19,00K,4096,19,91904,32,4864,22784,4864,16,2432,512,2432,608,48384
384x384x384w22-32-14,384,384,384,22,32,14,22-32-14,M0K,5632,14,91328,22,2464,23360,7168,32,3584,512,3584,224,48384
384x384x384w22-24-19,384,384,384,22,24,19,22-24-19,M0K,4224,19,92256,22,3344,22432,7296,24,3648,384,3648,304,48384
384x384x384w47-16-14,384,384,384,47,16,14,47-16-14,M0K,6016,14,88544,47,5264,26144,3584,16,1792,640,1792,560,48384
384x384x384w17-16-38,384,384,384,17,16,38,17-16-38,M0K,2176,38,90272,17,5168,24416,9728,16,4864,256,4864,608,48576
384x384x384w17-16-36,384,384,384,17,16,36,17-16-36,M0K,2176,36,91328,17,4896,23360,9216,16,4608,256,4608,576,48576
384x384x384w36-16-17,384,384,384,36,16,17,36-16-17,M0K,4608,17,91328,36,4896,23360,4352,16,2176,512,2176,544,48576
384x384x384w37-16-17,384,384,384,37,16,17,37-16-17,M0K,4736,17,90800,37,5032,23888,4352,16,2176,512,2176,544,48576
384x384x384w17-32-18,384,384,384,17,32,18,17-32-18,M0K,4352,18,91872,17,2448,22816,9216,32,4608,512,4608,288,48576
384x384x384w17-16-35,384,384,384,17,16,35,17-16-35,M0K,2176,35,91856,17,4760,22832,8960,16,4480,256,4480,560,48576
384x384x384w17-16-37,384,384,384,17,16,37,17-16-37,M0K,2176,37,90800,17,5032,23888,9472,16,4736,256,4736,592,48576
384x384x384w35-16-17,384,384,384,35,16,17,35-16-17,M0K,4480,17,91856,35,4760,22832,4352,16,2176,512,2176,544,48576
384x384x384w12-40-21,384,384,384,12,40,21,12-40-21,0NK,3840,21,89536,12,2016,25152,13440,40,6720,320,6720,168,48640
384x384x384w20-32-15,384,384,384,20,32,15,20-32-15,M0K,5120,15,91968,20,2400,22720,7680,32,3840,512,3840,240,48672
384x384x384w15-64-10,384,384,384,15,64,10,15-64-10,M0K,7680,10,86688,15,1200,28000,10240,64,5120,512,5120,80,48672
384x384x384w20-16-31,384,384,384,20,16,31,20-16-31,M0K,2560,31,91712,20,4960,22976,7936,16,3968,256,3968,496,48672
384x384x384w30-32-10,384,384,384,30,32,10,30-32-10,M0K,7680,10,89408,30,2400,25280,5120,32,2560,768,2560,240,48672
384x384x384w42-24-10,384,384,384,42,24,10,42-24-10,M0K,8064,10,88000,42,3360,26688,3840,24,1920,960,1920,400,48672
384x384x384w42-16-15,384,384,384,42,16,15,42-16-15,M0K,5376,15,90016,42,5040,24672,3840,16,1920,640,1920,600,48672
384x384x384w31-32-10,384,384,384,31,32,10,31-32-10,M0K,7936,10,88736,31,2480,25952,5120,32,2560,768,2560,240,48672
384x384x384w20-16-30,384,384,384,20,16,30,20-16-30,M0K,2560,30,92288,20,4800,22400,7680,16,3840,256,3840,480,48672
384x384x384w20-48-10,384,384,384,20,48,10,20-48-10,M0K,7680,10,88448,20,1600,26240,7680,48,3840,768,3840,160,48672
384x384x384w18-40-14,384,384,384,18,40,14,18-40-14,MNK,5760,14,90176,18,2016,24512,8960,40,4480,640,4480,224,48720
384x384x384w18-48-11,384,384,384,18,48,11,18-48-11,M0K,6912,11,89248,18,1584,25440,8448,48,4224,768,4224,176,48720
384x384x384w13-32-23,384,384,384,13,32,23,13-32-23,M0K,3328,23,91472,13,2392,23216,11776,32,5888,256,5888,184,48756
384x384x384w14-40-18,384,384,384,14,40,18,14-40-18,MNK,4480,18,90176,14,2016,24512,11520,40,5760,320,5760,144,48840
384x384x384w23-16-27,384,384,384,23,16,27,23-16-27,M0K,2944,27,91952,23,4968,22736,6912,16,3456,256,3456,432,48960
384x384x384w23-32-13,384,384,384,23,32,13,23-32-13,M0K,5888,13,91472,23,2392,23216,6656,32,3328,512,3328,208,48960
384x384x384w23-16-26,384,384,384,23,16,26,23-16-26,M0K,2944,26,92576,23,4784,22112,6656,16,3328,256,3328,416,48960
384x384x384w26-16-23,384,384,384,26,16,23,26-16-23,M0K,3328,23,92576,26,4784,22112,5888,16,2944,384,2944,552,48960
384x384x384w11-80-11,384,384,384,11,80,11,11-80-11,MNK,7040,11,84592,11,968,30096,14080,80,7040,640,7040,88,49000
384x384x384w11-88-11,384,384,384,11,88,11,11-88-11,MNK,7744,11,81776,11,968,32912,15488,88,7744,704,7744,88,49000
384x384x384w27-24-15,384,384,384,27,24,15,27-24-15,M0K,5184,15,92080,27,3240,22608,5760,24,2880,576,2880,360,49088
384x384x384w12-16-53,384,384,384,12,16,53,12-16-53,00K,1536,53,87872,12,5088,26816,13568,16,6784,128,6784,424,49152
384x384x384w12-24-34,384,384,384,12,24,34,12-24-34,00K,2304,34,90496,12,3264,24192,13056,24,6528,192,6528,272,49152
384x384x384w50-16-12,384,384,384,50,16,12,50-16-12,M00,6400,12,89216,50,4800,25472,3072,16,1536,768,1536,576,49152
384x384x384w12-16-50,384,384,384,12,16,50,12-16-50,00K,1536,50,89216,12,4800,25472,12800,16,6400,128,6400,400,49152
384x384x384w12-64-12,384,384,384,12,64,12,12-64-12,000,6144,12,87808,12,1152,26880,12288,64,6144,512,6144,96,49152
384x384x384w51-16-12,384,384,384,51,16,12,51-16-12,M00,6528,12,88768,51,4896,25920,3072,16,1536,768,1536,576,49152
384x384x384w24-16-25,384,384,384,24,16,25,24-16-25,00K,3072,25,92544,24,4800,22144,6400,16,3200,384,3200,600,49152
384x384x384w48-16-12,384,384,384,48,16,12,48-16-12,000,6144,12,90112,48,4608,24576,3072,16,1536,768,1536,576,49152
384x384x384w12-16-48,384,384,384,12,16,48,12-16-48,000,1536,48,90112,12,4608,24576,12288,16,6144,128,6144,384,49152
384x384x384w12-24-33,384,384,384,12,24,33,12-24-33,00K,2304,33,91072,12,3168,23616,12672,24,6336,192,6336,264,49152
384x384x384w34-24-12,384,384,384,34,24,12,34-24-12,M00,6528,12,90496,34,3264,24192,4608,24,2304,768,2304,384,49152
384x384x384w25-16-24,384,384,384,25,16,24,25-16-24,M00,3200,24,92544,25,4800,22144,6144,16,3072,384,3072,576,49152
384x384x384w53-16-12,384,384,384,53,16,12,53-16-12,M00,6784,12,87872,53,5088,26816,3072,16,1536,768,1536,576,49152
384x384x384w12-16-49,384,384,384,12,16,49,12-16-49,00K,1536,49,89664,12,4704,25024,12544,16,6272,128,6272,392,49152
384x384x384w12-16-52,384,384,384,12,16,52,12-16-52,00K,1536,52,88320,12,4992,26368,13312,16,6656,128,6656,416,49152
384x384x384w25-32-12,384,384,384,25,32,12,25-32-12,M00,6400,12,90944,25,2400,23744,6144,32,3072,768,3072,288,49152
384x384x384w24-32-12,384,384,384,24,32,12,24-32-12,000,6144,12,91648,24,2304,23040,6144,32,3072,768,3072,288,49152
384x384x384w16-24-25,384,384,384,16,24,25,16-24-25,00K,3072,25,92544,16,3200,22144,9600,24,4800,384,4800,400,49152
384x384x384w33-24-12,384,384,384,33,24,12,33-24-12,M00,6336,12,91072,33,3168,23616,4608,24,2304,768,2304,384,49152
384x384x384w16-48-12,384,384,384,16,48,12,16-48-12,000,6144,12,90112,16,1536,24576,9216,48,4608,768,4608,192,49152
384x384x384w12-32-25,384,384,384,12,32,25,12-32-25,00K,3072,25,90944,12,2400,23744,12800,32,6400,256,6400,200,49152
384x384x384w12-32-24,384,384,384,12,32,24,12-32-24,000,3072,24,91648,12,2304,23040,12288,32,6144,256,6144,192,49152
384x384x384w52-16-12,384,384,384,52,16,12,52-16-12,M00,6656,12,88320,52,4992,26368,3072,16,1536,768,1536,576,49152
384x384x384w32-24-12,384,384,384,32,24,12,32-24-12,000,6144,12,91648,32,3072,23040,4608,24,2304,768,2304,384,49152
384x384x384w12-24-32,384,384,384,12,24,32,12-24-32,000,2304,32,91648,12,3072,23040,12288,24,6144,192,6144,256,49152
384x384x384w12-48-16,384,384,384,12,48,16,12-48-16,000,4608,16,90112,12,1536,24576,12288,48,6144,384,6144,128,49152
384x384x384w25-24-16,384,384,384,25,24,16,25-24-16,M00,4800,16,92544,25,3200,22144,6144,24,3072,576,3072,384,49152
384x384x384w12-16-54,384,384,384,12,16,54,12-16-54,00K,1536,54,87424,12,5184,27264,13824,16,6912,128,6912,432,49152
384x384x384w24-16-24,384,384,384,24,16,24,24-16-24,000,3072,24,93184,24,4608,21504,6144,16,3072,384,3072,576,49152
384x384x384w16-24-24,384,384,384,16,24,24,16-24-24,000,3072,24,93184,16,3072,21504,9216,24,4608,384,4608,384,49152
384x384x384w24-24-16,384,384,384,24,24,16,24-24-16,000,4608,16,93184,24,3072,21504,6144,24,3072,576,3072,384,49152
384x384x384w12-72-12,384,384,384,12,72,12,12-72-12,0N0,6912,12,84736,12,1152,29952,13824,72,6912,576,6912,96,49152
384x384x384w49-16-12,384,384,384,49,16,12,49-16-12,M00,6272,12,89664,49,4704,25024,3072,16,1536,768,1536,576,49152
384x384x384w25-16-25,384,384,384,25,16,25,25-16-25,M0K,3200,25,91888,25,5000,22800,6400,16,3200,384,3200,600,49152
384x384x384w12-16-51,384,384,384,12,16,51,12-16-51,00K,1536,51,88768,12,4896,25920,13056,16,6528,128,6528,408,49152
384x384x384w19-40-13,384,384,384,19,40,13,19-40-13,MNK,6080,13,90256,19,1976,24432,8320,40,4160,640,4160,208,49200
384x384x384w9-16-64,384,384,384,9,16,64,9-16-64,M00,1152,64,86784,9,4608,27904,16384,16,8192,128,8192,512,49248
384x384x384w9-32-32,384,384,384,9,32,32,9-32-32,M00,2304,32,89088,9,2304,25600,16384,32,8192,256,8192,256,49248
384x384x384w9-64-16,384,384,384,9,64,16,9-64-16,M00,4608,16,86784,9,1152,27904,16384,64,8192,512,8192,128,49248
384x384x384w11-24-36,384,384,384,11,24,36,11-24-36,M0K,2112,36,90304,11,3168,24384,13824,24,6912,192,6912,288,49280
384x384x384w10-40-24,384,384,384,10,40,24,10-40-24,MN0,3200,24,89088,10,1920,25600,15360,40,7680,320,7680,192,49280
384x384x384w10-80-12,384,384,384,10,80,12,10-80-12,MN0,6400,12,84608,10,960,30080,15360,80,7680,640,7680,96,49280
384x384x384w10-24-40,384,384,384,10,24,40,10-24-40,M0K,1920,40,89088,10,3200,25600,15360,24,7680,192,7680,320,49280
384x384x384w10-48-20,384,384,384,10,48,20,10-48-20,M0K,3840,20,88448,10,1600,26240,15360,48,7680,384,7680,160,49280
384x384x384w11-24-38,384,384,384,11,24,38,11-24-38,M0K,2112,38,89184,11,3344,25504,14592,24,7296,192,7296,304,49280
384x384x384w10-40-25,384,384,384,10,40,25,10-40-25,MNK,3200,25,88288,10,2000,26400,16000,40,8000,320,8000,200,49280
384x384x384w10-24-42,384,384,384,10,24,42,10-24-42,M0K,1920,42,88000,10,3360,26688,16128,24,8064,192,8064,336,49280
384x384x384w35-24-11,384,384,384,35,24,11,35-24-11,M0K,6720,11,90864,35,3080,23824,4224,24,2112,768,2112,352,49280
384x384x384w36-24-11,384,384,384,36,24,11,36-24-11,M0K,6912,11,90304,36,3168,24384,4224,24,2112,768,2112,352,49280
384x384x384w10-24-39,384,384,384,10,24,39,10-24-39,M0K,1920,39,89632,10,3120,25056,14976,24,7488,192,7488,312,49280
384x384x384w11-24-35,384,384,384,11,24,35,11-24-35,M0K,2112,35,90864,11,3080,23824,13440,24,6720,192,6720,280,49280
384x384x384w11-48-18,384,384,384,11,48,18,11-48-18,M0K,4224,18,89248,11,1584,25440,13824,48,6912,384,6912,144,49280
384x384x384w11-24-37,384,384,384,11,24,37,11-24-37,M0K,2112,37,89744,11,3256,24944,14208,24,7104,192,7104,296,49280
384x384x384w10-24-41,384,384,384,10,24,41,10-24-41,M0K,1920,41,88544,10,3280,26144,15744,24,7872,192,7872,328,49280
384x384x384w37-24-11,384,384,384,37,24,11,37-24-11,M0K,7104,11,89744,37,3256,24944,4224,24,2112,768,2112,352,49280
384x384x384w32-32-9,384,384,384,32,32,9,32-32-9,00K,8192,9,89088,32,2304,25600,4608,32,2304,1024,2304,288,49536
384x384x384w64-16-9,384,384,384,64,16,9,64-16-9,00K,8192,9,86784,64,4608,27904,2304,16,1152,1024,1152,576,49536
384x384x384w16-64-9,384,384,384,16,64,9,16-64-9,00K,8192,9,86784,16,1152,27904,9216,64,4608,1024,4608,144,49536
384x384x384w27-32-11,384,384,384,27,32,11,27-32-11,M0K,6912,11,90480,27,2376,24208,5632,32,2816,768,2816,264,49560
384x384x384w10-56-17,384,384,384,10,56,17,10-56-17,MNK,4480,17,87776,10,1360,26912,15232,56,7616,448,7616,136,49588
384x384x384w13-48-15,384,384,384,13,48,15,13-48-15,M0K,4992,15,90064,13,1560,24624,11520,48,5760,384,5760,120,49712
384x384x384w13-24-31,384,384,384,13,24,31,13-24-31,M0K,2496,31,91344,13,3224,23344,11904,24,5952,192,5952,248,49712
384x384x384w13-24-30,384,384,384,13,24,30,13-24-30,M0K,2496,30,91936,13,3120,22752,11520,24,5760,192,5760,240,49712
384x384x384w14-56-12,384,384,384,14,56,12,14-56-12,MN0,6272,12,88704,14,1344,25984,10752,56,5376,448,5376,96,49728
384x384x384w14-48-14,384,384,384,14,48,14,14-48-14,M0K,5376,14,90048,14,1568,24640,10752,48,5376,384,5376,112,49728
384x384x384w14-24-28,384,384,384,14,24,28,14-24-28,M0K,2688,28,92288,14,3136,22400,10752,24,5376,192,5376,224,49728
384x384x384w29-24-14,384,384,384,29,24,14,29-24-14,M0K,5568,14,91680,29,3248,23008,5376,24,2688,576,2688,336,49728
384x384x384w14-24-29,384,384,384,14,24,29,14-24-29,M0K,2688,29,91680,14,3248,23008,11136,24,5568,192,5568,232,49728
384x384x384w19-24-21,384,384,384,19,24,21,19-24-21,M0K,3648,21,92944,19,3192,21744,8064,24,4032,384,4032,336,49856
384x384x384w15-48-13,384,384,384,15,48,13,15-48-13,M0K,5760,13,90064,15,1560,24624,9984,48,4992,384,4992,104,49920
384x384x384w20-24-20,384,384,384,20,24,20,20-24-20,M0K,3840,20,92928,20,3200,21760,7680,24,3840,384,3840,320,49920
384x384x384w15-24-26,384,384,384,15,24,26,15-24-26,M0K,2880,26,92704,15,3120,21984,9984,24,4992,192,4992,208,49920
384x384x384w15-16-42,384,384,384,15,16,42,15-16-42,M0K,1920,42,90016,15,5040,24672,10752,16,5376,128,5376,336,49920
384x384x384w20-40-12,384,384,384,20,40,12,20-40-12,MN0,6400,12,90368,20,1920,24320,7680,40,3840,640,3840,192,49920
384x384x384w30-24-13,384,384,384,30,24,13,30-24-13,M0K,5760,13,91936,30,3120,22752,4992,24,2496,576,2496,312,49920
384x384x384w39-16-15,384,384,384,39,16,15,39-16-15,M0K,4992,15,91504,39,4680,23184,3840,16,1920,512,1920,480,49920
384x384x384w31-24-13,384,384,384,31,24,13,31-24-13,M0K,5952,13,91344,31,3224,23344,4992,24,2496,576,2496,312,49920
384x384x384w15-16-40,384,384,384,15,16,40,15-16-40,M0K,1920,40,91008,15,4800,23680,10240,16,5120,128,5120,320,49920
384x384x384w15-16-41,384,384,384,15,16,41,15-16-41,M0K,1920,41,90512,15,4920,24176,10496,16,5248,128,5248,328,49920
384x384x384w16-40-15,384,384,384,16,40,15,16-40-15,0NK,5120,15,91008,16,1920,23680,9600,40,4800,640,4800,240,49920
384x384x384w40-24-10,384,384,384,40,24,10,40-24-10,M0K,7680,10,89088,40,3200,25600,3840,24,1920,960,1920,400,49920
384x384x384w31-16-20,384,384,384,31,16,20,31-16-20,M0K,3968,20,91712,31,4960,22976,5120,16,2560,384,2560,480,49920
384x384x384w15-16-39,384,384,384,15,16,39,15-16-39,M0K,1920,39,91504,15,4680,23184,9984,16,4992,128,4992,312,49920
384x384x384w15-24-27,384,384,384,15,24,27,15-24-27,M0K,2880,27,92080,15,3240,22608,10368,24,5184,192,5184,216,49920
384x384x384w41-16-15,384,384,384,41,16,15,41-16-15,M0K,5248,15,90512,41,4920,24176,3840,16,1920,640,1920,600,49920
384x384x384w15-32-20,384,384,384,15,32,20,15-32-20,M0K,3840,20,91968,15,2400,22720,10240,32,5120,256,5120,160,49920
384x384x384w25-40-10,384,384,384,25,40,10,25-40-10,MNK,8000,10,88288,25,2000,26400,6400,40,3200,960,3200,240,49920
384x384x384w15-40-16,384,384,384,15,40,16,15-40-16,MN0,4800,16,91008,15,1920,23680,10240,40,5120,320,5120,128,49920
384x384x384w40-16-15,384,384,384,40,16,15,40-16-15,M0K,5120,15,91008,40,4800,23680,3840,16,1920,640,1920,600,49920
384x384x384w26-24-15,384,384,384,26,24,15,26-24-15,M0K,4992,15,92704,26,3120,21984,5760,24,2880,576,2880,360,49920
384x384x384w30-16-20,384,384,384,30,16,20,30-16-20,M0K,3840,20,92288,30,4800,22400,5120,16,2560,384,2560,480,49920
384x384x384w24-40-10,384,384,384,24,40,10,24-40-10,0NK,7680,10,89088,24,1920,25600,6400,40,3200,960,3200,240,49920
384x384x384w39-24-10,384,384,384,39,24,10,39-24-10,M0K,7488,10,89632,39,3120,25056,3840,24,1920,768,1920,320,49920
384x384x384w12-80-10,384,384,384,12,80,10,12-80-10,0NK,7680,10,84608,12,960,30080,12800,80,6400,640,6400,80,49920
384x384x384w41-24-10,384,384,384,41,24,10,41-24-10,M0K,7872,10,88544,41,3280,26144,3840,24,1920,960,1920,400,49920
384x384x384w17-24-23,384,384,384,17,24,23,17-24-23,M0K,3264,23,93072,17,3128,21616,8832,24,4416,384,4416,368,50048
384x384x384w23-24-17,384,384,384,23,24,17,23-24-17,M0K,4416,17,93072,23,3128,21616,6528,24,3264,384,3264,272,50048
384x384x384w18-32-16,384,384,384,18,32,16,18-32-16,M00,4608,16,92672,18,2304,22016,8192,32,4096,512,4096,256,50112
384x384x384w18-24-22,384,384,384,18,24,22,18-24-22,M0K,3456,22,92992,18,3168,21696,8448,24,4224,384,4224,352,50112
384x384x384w18-16-34,384,384,384,18,16,34,18-16-34,M0K,2304,34,91584,18,4896,23104,8704,16,4352,256,4352,544,50112
384x384x384w18-16-33,384,384,384,18,16,33,18-16-33,M0K,2304,33,92128,18,4752,22560,8448,16,4224,256,4224,528,50112
384x384x384w18-16-32,384,384,384,18,16,32,18-16-32,M00,2304,32,92672,18,4608,22016,8192,16,4096,256,4096,512,50112
384x384x384w12-56-14,384,384,384,12,56,14,12-56-14,0NK,5376,14,88704,12,1344,25984,12544,56,6272,448,6272,112,50176
384x384x384w28-24-14,384,384,384,28,24,14,28-24-14,M0K,5376,14,92288,28,3136,22400,5376,24,2688,576,2688,336,50176
384x384x384w13-40-19,384,384,384,13,40,19,13-40-19,MNK,4160,19,90256,13,1976,24432,12160,40,6080,320,6080,152,50190
384x384x384w13-56-13,384,384,384,13,56,13,13-56-13,MNK,5824,13,88688,13,1352,26000,11648,56,5824,448,5824,104,50190
384x384x384w13-72-11,384,384,384,13,72,11,13-72-11,MNK,7488,11,84752,13,1144,29936,12672,72,6336,576,6336,88,50190
384x384x384w13-64-11,384,384,384,13,64,11,13-64-11,M0K,6656,11,87824,13,1144,26864,11264,64,5632,512,5632,88,50190
384x384x384w17-56-10,384,384,384,17,56,10,17-56-10,MNK,7616,10,87776,17,1360,26912,8960,56,4480,896,4480,160,50232
384x384x384w21-16-28,384,384,384,21,16,28,21-16-28,M0K,2688,28,92736,21,4704,21952,7168,16,3584,256,3584,448,50400
384x384x384w21-16-29,384,384,384,21,16,29,21-16-29,M0K,2688,29,92144,21,4872,22544,7424,16,3712,256,3712,464,50400
384x384x384w21-24-19,384,384,384,21,24,19,21-24-19,M0K,4032,19,92944,21,3192,21744,7296,24,3648,384,3648,304,50400
384x384x384w11-40-22,384,384,384,11,40,22,11-40-22,MNK,3520,22,89696,11,1936,24992,14080,40,7040,320,7040,176,50400
384x384x384w21-32-14,384,384,384,21,32,14,21-32-14,M0K,5376,14,92064,21,2352,22624,7168,32,3584,512,3584,224,50400
384x384x384w11-64-13,384,384,384,11,64,13,11-64-13,M0K,5632,13,87824,11,1144,26864,13312,64,6656,512,6656,104,50400
384x384x384w26-32-11,384,384,384,26,32,11,26-32-11,M0K,6656,11,91168,26,2288,23520,5632,32,2816,768,2816,264,50400
384x384x384w22-40-11,384,384,384,22,40,11,22-40-11,MNK,7040,11,89696,22,1936,24992,7040,40,3520,640,3520,176,50400
384x384x384w11-32-27,384,384,384,11,32,27,11-32-27,M0K,2816,27,90480,11,2376,24208,13824,32,6912,256,6912,216,50400
384x384x384w11-72-13,384,384,384,11,72,13,11-72-13,MNK,6336,13,84752,11,1144,29936,14976,72,7488,576,7488,104,50400
384x384x384w11-32-26,384,384,384,11,32,26,11-32-26,M0K,2816,26,91168,11,2288,23520,13312,32,6656,256,6656,208,50400
384x384x384w63-16-10,384,384,384,63,16,10,63-16-10,M0K,8064,10,85920,63,5040,28768,2560,16,1280,896,1280,560,50544
384x384x384w29-16-21,384,384,384,29,16,21,29-16-21,M0K,3712,21,92144,29,4872,22544,5376,16,2688,384,2688,504,50616
384x384x384w14-32-21,384,384,384,14,32,21,14-32-21,M0K,3584,21,92064,14,2352,22624,10752,32,5376,256,5376,168,50616
384x384x384w36-16-16,384,384,384,36,16,16,36-16-16,M00,4608,16,92160,36,4608,22528,4096,16,2048,512,2048,512,50688
384x384x384w35-16-16,384,384,384,35,16,16,35-16-16,M00,4480,16,92672,35,4480,22016,4096,16,2048,512,2048,512,50688
384x384x384w34-16-18,384,384,384,34,16,18,34-16-18,M0K,4352,18,91584,34,4896,23104,4608,16,2304,512,2304,576,50688
384x384x384w16-16-35,384,384,384,16,16,35,16-16-35,00K,2048,35,92672,16,4480,22016,8960,16,4480,256,4480,560,50688
384x384x384w22-24-18,384,384,384,22,24,18,22-24-18,M0K,4224,18,92992,22,3168,21696,6912,24,3456,384,3456,288,50688
384x384x384w16-32-18,384,384,384,16,32,18,16-32-18,00K,4096,18,92672,16,2304,22016,9216,32,4608,512,4608,288,50688
384x384x384w16-16-36,384,384,384,16,16,36,16-16-36,00K,2048,36,92160,16,4608,22528,9216,16,4608,256,4608,576,50688
384x384x384w16-16-38,384,384,384,16,16,38,16-16-38,00K,2048,38,91136,16,4864,23552,9728,16,4864,256,4864,608,50688
384x384x384w37-16-16,384,384,384,37,16,16,37-16-16,M00,4736,16,91648,37,4736,23040,4096,16,2048,512,2048,512,50688
384x384x384w16-16-37,384,384,384,16,16,37,16-16-37,00K,2048,37,91648,16,4736,23040,9472,16,4736,256,4736,592,50688
384x384x384w33-16-18,384,384,384,33,16,18,33-16-18,M0K,4224,18,92128,33,4752,22560,4608,16,2304,512,2304,576,50688
384x384x384w32-16-18,384,384,384,32,16,18,32-16-18,00K,4096,18,92672,32,4608,22016,4608,16,2304,512,2304,576,50688
384x384x384w17-32-17,384,384,384,17,32,17,17-32-17,M0K,4352,17,92656,17,2312,22032,8704,32,4352,512,4352,272,50784
384x384x384w15-56-11,384,384,384,15,56,11,15-56-11,MNK,6720,11,88752,15,1320,25936,9856,56,4928,448,4928,88,50960
384x384x384w11-56-15,384,384,384,11,56,15,11-56-15,MNK,4928,15,88752,11,1320,25936,13440,56,6720,448,6720,120,50960
384x384x384w27-16-22,384,384,384,27,16,22,27-16-22,M0K,3456,22,92640,27,4752,22048,5632,16,2816,384,2816,528,50976
384x384x384w14-40-17,384,384,384,14,40,17,14-40-17,MNK,4480,17,91040,14,1904,23648,10880,40,5440,320,5440,136,51060
384x384x384w28-16-21,384,384,384,28,16,21,28-16-21,M0K,3584,21,92736,28,4704,21952,5376,16,2688,384,2688,504,51072
384x384x384w19-16-31,384,384,384,19,16,31,19-16-31,M0K,2432,31,92464,19,4712,22224,7936,16,3968,256,3968,496,51168
384x384x384w19-48-10,384,384,384,19,48,10,19-48-10,M0K,7296,10,89376,19,1520,25312,7680,48,3840,768,3840,160,51168
384x384x384w19-16-30,384,384,384,19,16,30,19-16-30,M0K,2432,30,93024,19,4560,21664,7680,16,3840,256,3840,480,51168
384x384x384w19-32-15,384,384,384,19,32,15,19-32-15,M0K,4864,15,92720,19,2280,21968,7680,32,3840,512,3840,240,51168
384x384x384w12-40-20,384,384,384,12,40,20,12-40-20,0NK,3840,20,90368,12,1920,24320,12800,40,6400,320,6400,160,51200
384x384x384w11-48-17,384,384,384,11,48,17,11-48-17,M0K,4224,17,90192,11,1496,24496,13056,48,6528,384,6528,136,51520
384x384x384w17-40-14,384,384,384,17,40,14,17-40-14,MNK,5440,14,91040,17,1904,23648,8960,40,4480,640,4480,224,51520
384x384x384w17-48-11,384,384,384,17,48,11,17-48-11,M0K,6528,11,90192,17,1496,24496,8448,48,4224,768,4224,176,51520
384x384x384w21-48-9,384,384,384,21,48,9,21-48-9,M0K,8064,9,88624,21,1512,26064,6912,48,3456,768,3456,144,51600
384x384x384w13-16-46,384,384,384,13,16,46,13-16-46,M0K,1664,46,90016,13,4784,24672,11776,16,5888,128,5888,368,51624
384x384x384w13-16-43,384,384,384,13,16,43,13-16-43,M0K,1664,43,91408,13,4472,23280,11008,16,5504,128,5504,344,51624
384x384x384w13-16-47,384,384,384,13,16,47,13-16-47,M0K,1664,47,89552,13,4888,25136,12032,16,6016,128,6016,376,51624
384x384x384w13-16-44,384,384,384,13,16,44,13-16-44,M0K,1664,44,90944,13,4576,23744,11264,16,5632,128,5632,352,51624
384x384x384w13-16-45,384,384,384,13,16,45,13-16-45,M0K,1664,45,90480,13,4680,24208,11520,16,5760,128,5760,360,51624
384x384x384w13-32-22,384,384,384,13,32,22,13-32-22,M0K,3328,22,92192,13,2288,22496,11264,32,5632,256,5632,176,51624
384x384x384w10-32-29,384,384,384,10,32,29,10-32-29,M0K,2560,29,90080,10,2320,24608,14848,32,7424,256,7424,232,51744
384x384x384w10-32-28,384,384,384,10,32,28,10-32-28,M0K,2560,28,90752,10,2240,23936,14336,32,7168,256,7168,224,51744
384x384x384w10-16-56,384,384,384,10,16,56,10-16-56,M0K,1280,56,88832,10,4480,25856,14336,16,7168,128,7168,448,51744
384x384x384w10-16-60,384,384,384,10,16,60,10-16-60,M0K,1280,60,87168,10,4800,27520,15360,16,7680,128,7680,480,51744
384x384x384w10-16-59,384,384,384,10,16,59,10-16-59,M0K,1280,59,87584,10,4720,27104,15104,16,7552,128,7552,472,51744
384x384x384w10-48-19,384,384,384,10,48,19,10-48-19,M0K,3840,19,89376,10,1520,25312,14592,48,7296,384,7296,152,51744
384x384x384w10-16-63,384,384,384,10,16,63,10-16-63,M0K,1280,63,85920,10,5040,28768,16128,16,8064,128,8064,504,51744
384x384x384w10-16-61,384,384,384,10,16,61,10-16-61,M0K,1280,61,86752,10,4880,27936,15616,16,7808,128,7808,488,51744
384x384x384w10-64-14,384,384,384,10,64,14,10-64-14,M0K,5120,14,87872,10,1120,26816,14336,64,7168,512,7168,112,51744
384x384x384w10-72-14,384,384,384,10,72,14,10-72-14,MNK,5760,14,84800,10,1120,29888,16128,72,8064,576,8064,112,51744
384x384x384w10-16-57,384,384,384,10,16,57,10-16-57,M0K,1280,57,88416,10,4560,26272,14592,16,7296,128,7296,456,51744
384x384x384w10-16-55,384,384,384,10,16,55,10-16-55,M0K,1280,55,89248,10,4400,25440,14080,16,7040,128,7040,440,51744
384x384x384w10-16-62,384,384,384,10,16,62,10-16-62,M0K,1280,62,86336,10,4960,28352,15872,16,7936,128,7936,496,51744
384x384x384w10-16-58,384,384,384,10,16,58,10-16-58,M0K,1280,58,88000,10,4640,26688,14848,16,7424,128,7424,464,51744
384x384x384w10-56-16,384,384,384,10,56,16,10-56-16,MN0,4480,16,88832,10,1280,25856,14336,56,7168,448,7168,128,51744
384x384x384w43-16-13,384,384,384,43,16,13,43-16-13,M0K,5504,13,91408,43,4472,23280,3328,16,1664,640,1664,520,51840
384x384x384w26-16-22,384,384,384,26,16,22,26-16-22,M0K,3328,22,93248,26,4576,21440,5632,16,2816,384,2816,528,51840
384x384x384w44-16-13,384,384,384,44,16,13,44-16-13,M0K,5632,13,90944,44,4576,23744,3328,16,1664,640,1664,520,51840
384x384x384w47-16-13,384,384,384,47,16,13,47-16-13,M0K,6016,13,89552,47,4888,25136,3328,16,1664,640,1664,520,51840
384x384x384w46-16-13,384,384,384,46,16,13,46-16-13,M0K,5888,13,90016,46,4784,24672,3328,16,1664,640,1664,520,51840
384x384x384w22-16-26,384,384,384,22,16,26,22-16-26,M0K,2816,26,93248,22,4576,21440,6656,16,3328,256,3328,416,51840
384x384x384w22-32-13,384,384,384,22,32,13,22-32-13,M0K,5632,13,92192,22,2288,22496,6656,32,3328,512,3328,208,51840
384x384x384w45-16-13,384,384,384,45,16,13,45-16-13,M0K,5760,13,90480,45,4680,24208,3328,16,1664,640,1664,520,51840
384x384x384w22-16-27,384,384,384,22,16,27,22-16-27,M0K,2816,27,92640,22,4752,22048,6912,16,3456,256,3456,432,51840
384x384x384w14-72-10,384,384,384,14,72,10,14-72-10,MNK,8064,10,84800,14,1120,29888,11520,72,5760,576,5760,80,51948
384x384x384w29-32-10,384,384,384,29,32,10,29-32-10,M0K,7424,10,90080,29,2320,24608,5120,32,2560,768,2560,240,51948
384x384x384w14-64-10,384,384,384,14,64,10,14-64-10,M0K,7168,10,87872,14,1120,26816,10240,64,5120,512,5120,80,51948
384x384x384w9-48-21,384,384,384,9,48,21,9-48-21,M0K,3456,21,88624,9,1512,26064,16128,48,8064,384,8064,168,51984
384x384x384w54-16-11,384,384,384,54,16,11,54-16-11,M0K,6912,11,88544,54,4752,26144,2816,16,1408,768,1408,528,52080
384x384x384w18-40-13,384,384,384,18,40,13,18-40-13,MNK,5760,13,91104,18,1872,23584,8320,40,4160,640,4160,208,52200
384x384x384w12-32-23,384,384,384,12,32,23,12-32-23,00K,3072,23,92352,12,2208,22336,11776,32,5888,256,5888,184,52224
384x384x384w23-16-24,384,384,384,23,16,24,23-16-24,M00,2944,24,93824,23,4416,20864,6144,16,3072,256,3072,384,52224
384x384x384w23-32-12,384,384,384,23,32,12,23-32-12,M00,5888,12,92352,23,2208,22336,6144,32,3072,512,3072,192,52224
384x384x384w16-24-23,384,384,384,16,24,23,16-24-23,00K,3072,23,93824,16,2944,20864,8832,24,4416,384,4416,368,52224
384x384x384w23-16-25,384,384,384,23,16,25,23-16-25,M0K,2944,25,93200,23,4600,21488,6400,16,3200,256,3200,400,52224
384x384x384w25-16-23,384,384,384,25,16,23,25-16-23,M0K,3200,23,93200,25,4600,21488,5888,16,2944,384,2944,552,52224
384x384x384w24-16-23,384,384,384,24,16,23,24-16-23,00K,3072,23,93824,24,4416,20864,5888,16,2944,384,2944,552,52224
384x384x384w23-24-16,384,384,384,23,24,16,23-24-16,M00,4416,16,93824,23,2944,20864,6144,24,3072,384,3072,256,52224
384x384x384w10-40-23,384,384,384,10,40,23,10-40-23,MNK,3200,23,89888,10,1840,24800,14720,40,7360,320,7360,184,52360
384x384x384w18-56-9,384,384,384,18,56,9,18-56-9,MNK,8064,9,87904,18,1296,26784,8064,56,4032,896,4032,144,52374
384x384x384w28-32-10,384,384,384,28,32,10,28-32-10,M0K,7168,10,90752,28,2240,23936,5120,32,2560,768,2560,240,52416
384x384x384w20-16-28,384,384,384,20,16,28,20-16-28,M0K,2560,28,93440,20,4480,21248,7168,16,3584,256,3584,448,52416
384x384x384w56-16-10,384,384,384,56,16,10,56-16-10,M0K,7168,10,88832,56,4480,25856,2560,16,1280,896,1280,560,52416
384x384x384w55-16-10,384,384,384,55,16,10,55-16-10,M0K,7040,10,89248,55,4400,25440,2560,16,1280,768,1280,480,52416
384x384x384w20-24-19,384,384,384,20,24,19,20-24-19,M0K,3840,19,93632,20,3040,21056,7296,24,3648,384,3648,304,52416
384x384x384w60-16-10,384,384,384,60,16,10,60-16-10,M0K,7680,10,87168,60,4800,27520,2560,16,1280,896,1280,560,52416
384x384x384w38-24-10,384,384,384,38,24,10,38-24-10,M0K,7296,10,90176,38,3040,24512,3840,24,1920,768,1920,320,52416
384x384x384w58-16-10,384,384,384,58,16,10,58-16-10,M0K,7424,10,88000,58,4640,26688,2560,16,1280,896,1280,560,52416
384x384x384w15-32-19,384,384,384,15,32,19,15-32-19,M0K,3840,19,92720,15,2280,21968,9728,32,4864,256,4864,152,52416
384x384x384w20-32-14,384,384,384,20,32,14,20-32-14,M0K,5120,14,92800,20,2240,21888,7168,32,3584,512,3584,224,52416
384x384x384w20-16-29,384,384,384,20,16,29,20-16-29,M0K,2560,29,92864,20,4640,21824,7424,16,3712,256,3712,464,52416
384x384x384w16-56-10,384,384,384,16,56,10,16-56-10,0NK,7168,10,88832,16,1280,25856,8960,56,4480,896,4480,160,52416
384x384x384w30-16-19,384,384,384,30,16,19,30-16-19,M0K,3840,19,93024,30,4560,21664,4864,16,2432,384,2432,456,52416
384x384x384w42-16-14,384,384,384,42,16,14,42-16-14,M0K,5376,14,90944,42,4704,23744,3584,16,1792,640,1792,560,52416
384x384x384w61-16-10,384,384,384,61,16,10,61-16-10,M0K,7808,10,86752,61,4880,27936,2560,16,1280,896,1280,560,52416
384x384x384w38-16-15,384,384,384,38,16,15,38-16-15,M0K,4864,15,92000,38,4560,22688,3840,16,1920,512,1920,480,52416
384x384x384w31-16-19,384,384,384,31,16,19,31-16-19,M0K,3968,19,92464,31,4712,22224,4864,16,2432,384,2432,456,52416
384x384x384w57-16-10,384,384,384,57,16,10,57-16-10,M0K,7296,10,88416,57,4560,26272,2560,16,1280,896,1280,560,52416
384x384x384w59-16-10,384,384,384,59,16,10,59-16-10,M0K,7552,10,87584,59,4720,27104,2560,16,1280,896,1280,560,52416
384x384x384w62-16-10,384,384,384,62,16,10,62-16-10,M0K,7936,10,86336,62,4960,28352,2560,16,1280,896,1280,560,52416
384x384x384w19-40-12,384,384,384,19,40,12,19-40-12,MN0,6080,12,91200,19,1824,23488,7680,40,3840,640,3840,192,52480
384x384x384w19-24-20,384,384,384,19,24,20,19-24-20,M0K,3648,20,93632,19,3040,21056,7680,24,3840,384,3840,320,52480
384x384x384w21-40-11,384,384,384,21,40,11,21-40-11,MNK,6720,11,90512,21,1848,24176,7040,40,3520,640,3520,176,52500
384x384x384w13-40-18,384,384,384,13,40,18,13-40-18,MNK,4160,18,91104,13,1872,23584,11520,40,5760,320,5760,144,52580
384x384x384w9-56-18,384,384,384,9,56,18,9-56-18,MNK,4032,18,87904,9,1296,26784,16128,56,8064,448,8064,144,52668
384x384x384w21-24-18,384,384,384,21,24,18,21-24-18,M0K,4032,18,93664,21,3024,21024,6912,24,3456,384,3456,288,52800
384x384x384w27-24-14,384,384,384,27,24,14,27-24-14,M0K,5184,14,92896,27,3024,21792,5376,24,2688,576,2688,336,52864
384x384x384w18-24-21,384,384,384,18,24,21,18-24-21,M0K,3456,21,93664,18,3024,21024,8064,24,4032,384,4032,336,52896
384x384x384w10-96-9,384,384,384,10,96,9,10-96-9,M0K,7680,9,84064,10,720,30624,13824,96,6912,768,6912,72,52976
384x384x384w17-16-34,384,384,384,17,16,34,17-16-34,M0K,2176,34,92384,17,4624,22304,8704,16,4352,256,4352,544,52992
384x384x384w34-16-17,384,384,384,34,16,17,34-16-17,M0K,4352,17,92384,34,4624,22304,4352,16,2176,512,2176,544,52992
384x384x384w17-16-33,384,384,384,17,16,33,17-16-33,M0K,2176,33,92912,17,4488,21776,8448,16,4224,256,4224,528,52992
384x384x384w17-32-16,384,384,384,17,32,16,17-32-16,M00,4352,16,93440,17,2176,21248,8192,32,4096,512,4096,256,52992
384x384x384w17-16-32,384,384,384,17,16,32,17-16-32,M00,2176,32,93440,17,4352,21248,8192,16,4096,256,4096,512,52992
384x384x384w16-32-17,384,384,384,16,32,17,16-32-17,00K,4096,17,93440,16,2176,21248,8704,32,4352,512,4352,272,52992
384x384x384w22-24-17,384,384,384,22,24,17,22-24-17,M0K,4224,17,93728,22,2992,20960,6528,24,3264,384,3264,272,52992
384x384x384w32-16-17,384,384,384,32,16,17,32-16-17,00K,4096,17,93440,32,4352,21248,4352,16,2176,512,2176,544,52992
384x384x384w17-24-22,384,384,384,17,24,22,17-24-22,M0K,3264,22,93728,17,2992,20960,8448,24,4224,384,4224,352,52992
384x384x384w33-16-17,384,384,384,33,16,17,33-16-17,M0K,4224,17,92912,33,4488,21776,4352,16,2176,512,2176,544,52992
384x384x384w23-40-10,384,384,384,23,40,10,23-40-10,MNK,7360,10,89888,23,1840,24800,6400,40,3200,640,3200,160,53040
384x384x384w11-40-21,384,384,384,11,40,21,11-40-21,MNK,3520,21,90512,11,1848,24176,13440,40,6720,320,6720,168,53200
384x384x384w12-24-31,384,384,384,12,24,31,12-24-31,00K,2304,31,92224,12,2976,22464,11904,24,5952,192,5952,248,53248
384x384x384w15-24-25,384,384,384,15,24,25,15-24-25,M0K,2880,25,93328,15,3000,21360,9600,24,4800,192,4800,200,53248
384x384x384w24-24-15,384,384,384,24,24,15,24-24-15,00K,4608,15,93952,24,2880,20736,5760,24,2880,576,2880,360,53248
384x384x384w12-24-30,384,384,384,12,24,30,12-24-30,00K,2304,30,92800,12,2880,21888,11520,24,5760,192,5760,240,53248
384x384x384w25-24-15,384,384,384,25,24,15,25-24-15,M0K,4800,15,93328,25,3000,21360,5760,24,2880,576,2880,360,53248
384x384x384w12-48-15,384,384,384,12,48,15,12-48-15,00K,4608,15,91072,12,1440,23616,11520,48,5760,384,5760,120,53248
384x384x384w31-24-12,384,384,384,31,24,12,31-24-12,M00,5952,12,92224,31,2976,22464,4608,24,2304,576,2304,288,53248
384x384x384w15-48-12,384,384,384,15,48,12,15-48-12,M00,5760,12,91072,15,1440,23616,9216,48,4608,384,4608,96,53248
384x384x384w30-24-12,384,384,384,30,24,12,30-24-12,M00,5760,12,92800,30,2880,21888,4608,24,2304,576,2304,288,53248
384x384x384w15-24-24,384,384,384,15,24,24,15-24-24,M00,2880,24,93952,15,2880,20736,9216,24,4608,192,4608,192,53248
384x384x384w14-48-13,384,384,384,14,48,13,14-48-13,M0K,5376,13,91040,14,1456,23648,9984,48,4992,384,4992,104,53280
384x384x384w14-16-42,384,384,384,14,16,42,14-16-42,M0K,1792,42,90944,14,4704,23744,10752,16,5376,128,5376,336,53280
384x384x384w14-16-40,384,384,384,14,16,40,14-16-40,M0K,1792,40,91904,14,4480,22784,10240,16,5120,128,5120,320,53280
384x384x384w14-16-39,384,384,384,14,16,39,14-16-39,M0K,1792,39,92384,14,4368,22304,9984,16,4992,128,4992,312,53280
384x384x384w29-24-13,384,384,384,29,24,13,29-24-13,M0K,5568,13,92528,29,3016,22160,4992,24,2496,576,2496,312,53280
384x384x384w29-16-20,384,384,384,29,16,20,29-16-20,M0K,3712,20,92864,29,4640,21824,5120,16,2560,384,2560,480,53280
384x384x384w14-40-16,384,384,384,14,40,16,14-40-16,MN0,4480,16,91904,14,1792,22784,10240,40,5120,320,5120,128,53280
384x384x384w14-24-27,384,384,384,14,24,27,14-24-27,M0K,2688,27,92896,14,3024,21792,10368,24,5184,192,5184,216,53280
384x384x384w14-16-41,384,384,384,14,16,41,14-16-41,M0K,1792,41,91424,14,4592,23264,10496,16,5248,128,5248,328,53280
384x384x384w14-32-20,384,384,384,14,32,20,14-32-20,M0K,3584,20,92800,14,2240,21888,10240,32,5120,256,5120,160,53280
384x384x384w14-24-26,384,384,384,14,24,26,14-24-26,M0K,2688,26,93504,14,2912,21184,9984,24,4992,192,4992,208,53280
384x384x384w9-32-30,384,384,384,9,32,30,9-32-30,M0K,2304,30,90400,9,2160,24288,15360,32,7680,256,7680,240,53352
384x384x384w9-64-15,384,384,384,9,64,15,9-64-15,M0K,4608,15,87952,9,1080,26736,15360,64,7680,512,7680,120,53352
384x384x384w9-96-10,384,384,384,9,96,10,9-96-10,M0K,6912,10,84064,9,720,30624,15360,96,7680,768,7680,80,53352
384x384x384w9-32-31,384,384,384,9,32,31,9-32-31,M0K,2304,31,89744,9,2232,24944,15872,32,7936,256,7936,248,53352
384x384x384w13-48-14,384,384,384,13,48,14,13-48-14,M0K,4992,14,91040,13,1456,23648,10752,48,5376,384,5376,112,53536
384x384x384w13-24-28,384,384,384,13,24,28,13-24-28,M0K,2496,28,93120,13,2912,21568,10752,24,5376,192,5376,224,53536
384x384x384w13-24-29,384,384,384,13,24,29,13-24-29,M0K,2496,29,92528,13,3016,22160,11136,24,5568,192,5568,232,53536
384x384x384w13-56-12,384,384,384,13,56,12,13-56-12,MN0,5824,12,89792,13,1248,24896,10752,56,5376,448,5376,96,53536
384x384x384w30-32-9,384,384,384,30,32,9,30-32-9,M0K,7680,9,90400,30,2160,24288,4608,32,2304,768,2304,216,53664
384x384x384w20-48-9,384,384,384,20,48,9,20-48-9,M0K,7680,9,89536,20,1440,25152,6912,48,3456,768,3456,144,53664
384x384x384w31-32-9,384,384,384,31,32,9,31-32-9,M0K,7936,9,89744,31,2232,24944,4608,32,2304,768,2304,216,53664
384x384x384w42-24-9,384,384,384,42,24,9,42-24-9,M0K,8064,9,89056,42,3024,25632,3456,24,1728,960,1728,360,53664
384x384x384w15-64-9,384,384,384,15,64,9,15-64-9,M0K,7680,9,87952,15,1080,26736,9216,64,4608,512,4608,72,53664
384x384x384w34-24-11,384,384,384,34,24,11,34-24-11,M0K,6528,11,91424,34,2992,23264,4224,24,2112,768,2112,352,53760
384x384x384w12-72-11,384,384,384,12,72,11,12-72-11,0NK,6912,11,86080,12,1056,28608,12672,72,6336,576,6336,88,53760
384x384x384w24-32-11,384,384,384,24,32,11,24-32-11,00K,6144,11,92544,24,2112,22144,5632,32,2816,768,2816,264,53760
384x384x384w26-24-14,384,384,384,26,24,14,26-24-14,M0K,4992,14,93504,26,2912,21184,5376,24,2688,576,2688,336,53760
384x384x384w52-16-11,384,384,384,52,16,11,52-16-11,M0K,6656,11,89408,52,4576,25280,2816,16,1408,768,1408,528,53760
384x384x384w16-40-14,384,384,384,16,40,14,16-40-14,0NK,5120,14,91904,16,1792,22784,8960,40,4480,640,4480,224,53760
384x384x384w11-24-33,384,384,384,11,24,33,11-24-33,M0K,2112,33,91984,11,2904,22704,12672,24,6336,192,6336,264,53760
384x384x384w11-64-12,384,384,384,11,64,12,11-64-12,M00,5632,12,89024,11,1056,25664,12288,64,6144,512,6144,96,53760
384x384x384w12-56-13,384,384,384,12,56,13,12-56-13,0NK,5376,13,89792,12,1248,24896,11648,56,5824,448,5824,104,53760
384x384x384w11-16-52,384,384,384,11,16,52,11-16-52,M0K,1408,52,89408,11,4576,25280,13312,16,6656,128,6656,416,53760
384x384x384w11-16-51,384,384,384,11,16,51,11-16-51,M0K,1408,51,89840,11,4488,24848,13056,16,6528,128,6528,408,53760
384x384x384w11-48-16,384,384,384,11,48,16,11-48-16,M00,4224,16,91136,11,1408,23552,12288,48,6144,384,6144,128,53760
384x384x384w12-40-19,384,384,384,12,40,19,12-40-19,0NK,3840,19,91200,12,1824,23488,12160,40,6080,320,6080,152,53760
384x384x384w49-16-11,384,384,384,49,16,11,49-16-11,M0K,6272,11,90704,49,4312,23984,2816,16,1408,768,1408,528,53760
384x384x384w53-16-11,384,384,384,53,16,11,53-16-11,M0K,6784,11,88976,53,4664,25712,2816,16,1408,768,1408,528,53760
384x384x384w40-16-14,384,384,384,40,16,14,40-16-14,M0K,5120,14,91904,40,4480,22784,3584,16,1792,640,1792,560,53760
384x384x384w25-32-11,384,384,384,25,32,11,25-32-11,M0K,6400,11,91856,25,2200,22832,5632,32,2816,768,2816,264,53760
384x384x384w51-16-11,384,384,384,51,16,11,51-16-11,M0K,6528,11,89840,51,4488,24848,2816,16,1408,768,1408,528,53760
384x384x384w28-16-20,384,384,384,28,16,20,28-16-20,M0K,3584,20,93440,28,4480,21248,5120,16,2560,384,2560,480,53760
384x384x384w11-16-50,384,384,384,11,16,50,11-16-50,M0K,1408,50,90272,11,4400,24416,12800,16,6400,128,6400,400,53760
384x384x384w33-24-11,384,384,384,33,24,11,33-24-11,M0K,6336,11,91984,33,2904,22704,4224,24,2112,768,2112,352,53760
384x384x384w11-16-49,384,384,384,11,16,49,11-16-49,M0K,1408,49,90704,11,4312,23984,12544,16,6272,128,6272,392,53760
384x384x384w11-32-24,384,384,384,11,32,24,11-32-24,M00,2816,24,92544,11,2112,22144,12288,32,6144,256,6144,192,53760
384x384x384w41-16-14,384,384,384,41,16,14,41-16-14,M0K,5248,14,91424,41,4592,23264,3584,16,1792,640,1792,560,53760
384x384x384w12-64-11,384,384,384,12,64,11,12-64-11,00K,6144,11,89024,12,1056,25664,11264,64,5632,512,5632,88,53760
384x384x384w48-16-11,384,384,384,48,16,11,48-16-11,00K,6144,11,91136,48,4224,23552,2816,16,1408,768,1408,528,53760
384x384x384w16-48-11,384,384,384,16,48,11,16-48-11,00K,6144,11,91136,16,1408,23552,8448,48,4224,768,4224,176,53760
384x384x384w11-16-53,384,384,384,11,16,53,11-16-53,M0K,1408,53,88976,11,4664,25712,13568,16,6784,128,6784,424,53760
384x384x384w11-16-48,384,384,384,11,16,48,11-16-48,M00,1408,48,91136,11,4224,23552,12288,16,6144,128,6144,384,53760
384x384x384w39-16-14,384,384,384,39,16,14,39-16-14,M0K,4992,14,92384,39,4368,22304,3584,16,1792,512,1792,448,53760
384x384x384w11-32-25,384,384,384,11,32,25,11-32-25,M0K,2816,25,91856,11,2200,22832,12800,32,6400,256,6400,200,53760
384x384x384w11-24-32,384,384,384,11,24,32,11-24-32,M00,2112,32,92544,11,2816,22144,12288,24,6144,192,6144,256,53760
384x384x384w11-72-12,384,384,384,11,72,12,11-72-12,MN0,6336,12,86080,11,1056,28608,13824,72,6912,576,6912,96,53760
384x384x384w32-24-11,384,384,384,32,24,11,32-24-11,00K,6144,11,92544,32,2816,22144,4224,24,2112,768,2112,352,53760
384x384x384w11-16-54,384,384,384,11,16,54,11-16-54,M0K,1408,54,88544,11,4752,26144,13824,16,6912,128,6912,432,53760
384x384x384w11-24-34,384,384,384,11,24,34,11-24-34,M0K,2112,34,91424,11,2992,23264,13056,24,6528,192,6528,272,53760
384x384x384w28-24-13,384,384,384,28,24,13,28-24-13,M0K,5376,13,93120,28,2912,21568,4992,24,2496,576,2496,312,53760
384x384x384w50-16-11,384,384,384,50,16,11,50-16-11,M0K,6400,11,90272,50,4400,24416,2816,16,1408,768,1408,528,53760
384x384x384w27-16-21,384,384,384,27,16,21,27-16-21,M0K,3456,21,93328,27,4536,21360,5376,16,2688,384,2688,504,53808
384x384x384w10-88-11,384,384,384,10,88,11,10-88-11,MNK,7040,11,83360,10,880,31328,15488,88,7744,704,7744,88,53900
384x384x384w10-80-11,384,384,384,10,80,11,10-80-11,MNK,6400,11,86048,10,880,28640,14080,80,7040,640,7040,88,53900
384x384x384w21-16-27,384,384,384,21,16,27,21-16-27,M0K,2688,27,93328,21,4536,21360,6912,16,3456,256,3456,432,54000
384x384x384w21-32-13,384,384,384,21,32,13,21-32-13,M0K,5376,13,92912,21,2184,21776,6656,32,3328,512,3328,208,54000
384x384x384w21-16-26,384,384,384,21,16,26,21-16-26,M0K,2688,26,93920,21,4368,20768,6656,16,3328,256,3328,416,54000
384x384x384w15-40-15,384,384,384,15,40,15,15-40-15,MNK,4800,15,91888,15,1800,22800,9600,40,4800,320,4800,120,54080
384x384x384w10-24-38,384,384,384,10,24,38,10-24-38,M0K,1920,38,90176,10,3040,24512,14592,24,7296,192,7296,304,54208
384x384x384w10-48-18,384,384,384,10,48,18,10-48-18,M0K,3840,18,90304,10,1440,24384,13824,48,6912,384,6912,144,54208
384x384x384w10-24-37,384,384,384,10,24,37,10-24-37,M0K,1920,37,90720,10,2960,23968,14208,24,7104,192,7104,296,54208
384x384x384w10-24-36,384,384,384,10,24,36,10-24-36,M0K,1920,36,91264,10,2880,23424,13824,24,6912,192,6912,288,54208
384x384x384w10-24-35,384,384,384,10,24,35,10-24-35,M0K,1920,35,91808,10,2800,22880,13440,24,6720,192,6720,280,54208
384x384x384w18-16-31,384,384,384,18,16,31,18-16-31,M0K,2304,31,93216,18,4464,21472,7936,16,3968,256,3968,496,54288
384x384x384w18-16-30,384,384,384,18,16,30,18-16-30,M0K,2304,30,93760,18,4320,20928,7680,16,3840,256,3840,480,54288
384x384x384w18-48-10,384,384,384,18,48,10,18-48-10,M0K,6912,10,90304,18,1440,24384,7680,48,3840,768,3840,160,54288
384x384x384w18-32-15,384,384,384,18,32,15,18-32-15,M0K,4608,15,93472,18,2160,21216,7680,32,3840,512,3840,240,54288
384x384x384w14-56-11,384,384,384,14,56,11,14-56-11,MNK,6272,11,89824,14,1232,24864,9856,56,4928,448,4928,88,54390
384x384x384w13-32-21,384,384,384,13,32,21,13-32-21,M0K,3328,21,92912,13,2184,21776,10752,32,5376,256,5376,168,54492
384x384x384w20-40-11,384,384,384,20,40,11,20-40-11,MNK,6400,11,91328,20,1760,23360,7040,40,3520,640,3520,176,54600
384x384x384w11-80-10,384,384,384,11,80,10,11-80-10,MNK,7040,10,86048,11,880,28640,12800,80,6400,640,6400,80,54600
384x384x384w11-88-10,384,384,384,11,88,10,11-88-10,MNK,7744,10,83360,11,880,31328,14080,88,7040,704,7040,80,54600
384x384x384w9-24-39,384,384,384,9,24,39,9-24-39,M0K,1728,39,90640,9,2808,24048,14976,24,7488,192,7488,312,54720
384x384x384w9-40-24,384,384,384,9,40,24,9-40-24,MN0,2880,24,90112,9,1728,24576,15360,40,7680,320,7680,192,54720
384x384x384w26-16-21,384,384,384,26,16,21,26-16-21,M0K,3328,21,93920,26,4368,20768,5376,16,2688,384,2688,504,54720
384x384x384w9-24-41,384,384,384,9,24,41,9-24-41,M0K,1728,41,89584,9,2952,25104,15744,24,7872,192,7872,328,54720
384x384x384w9-80-12,384,384,384,9,80,12,9-80-12,MN0,5760,12,86080,9,864,28608,15360,80,7680,640,7680,96,54720
384x384x384w9-40-25,384,384,384,9,40,25,9-40-25,MNK,2880,25,89328,9,1800,25360,16000,40,8000,320,8000,200,54720
384x384x384w9-48-20,384,384,384,9,48,20,9-48-20,M0K,3456,20,89536,9,1440,25152,15360,48,7680,384,7680,160,54720
384x384x384w9-24-42,384,384,384,9,24,42,9-24-42,M0K,1728,42,89056,9,3024,25632,16128,24,8064,192,8064,336,54720
384x384x384w9-24-40,384,384,384,9,24,40,9-24-40,M0K,1728,40,90112,9,2880,24576,15360,24,7680,192,7680,320,54720
384x384x384w11-56-14,384,384,384,11,56,14,11-56-14,MNK,4928,14,89824,11,1232,24864,12544,56,6272,448,6272,112,54880
384x384x384w36-16-15,384,384,384,36,16,15,36-16-15,M0K,4608,15,92992,36,4320,21696,3840,16,1920,512,1920,480,54912
384x384x384w15-16-36,384,384,384,15,16,36,15-16-36,M0K,1920,36,92992,15,4320,21696,9216,16,4608,128,4608,288,54912
384x384x384w35-16-15,384,384,384,35,16,15,35-16-15,M0K,4480,15,93488,35,4200,21200,3840,16,1920,512,1920,480,54912
384x384x384w37-24-10,384,384,384,37,24,10,37-24-10,M0K,7104,10,90720,37,2960,23968,3840,24,1920,768,1920,320,54912
384x384x384w36-24-10,384,384,384,36,24,10,36-24-10,M0K,6912,10,91264,36,2880,23424,3840,24,1920,768,1920,320,54912
384x384x384w15-32-18,384,384,384,15,32,18,15-32-18,M0K,3840,18,93472,15,2160,21216,9216,32,4608,256,4608,144,54912
384x384x384w15-16-35,384,384,384,15,16,35,15-16-35,M0K,1920,35,93488,15,4200,21200,8960,16,4480,128,4480,280,54912
384x384x384w15-16-38,384,384,384,15,16,38,15-16-38,M0K,1920,38,92000,15,4560,22688,9728,16,4864,128,4864,304,54912
384x384x384w37-16-15,384,384,384,37,16,15,37-16-15,M0K,4736,15,92496,37,4440,22192,3840,16,1920,512,1920,480,54912
384x384x384w31-16-18,384,384,384,31,16,18,31-16-18,M0K,3968,18,93216,31,4464,21472,4608,16,2304,384,2304,432,54912
384x384x384w30-16-18,384,384,384,30,16,18,30-16-18,M0K,3840,18,93760,30,4320,20928,4608,16,2304,384,2304,432,54912
384x384x384w35-24-10,384,384,384,35,24,10,35-24-10,M0K,6720,10,91808,35,2800,22880,3840,24,1920,768,1920,320,54912
384x384x384w15-16-37,384,384,384,15,16,37,15-16-37,M0K,1920,37,92496,15,4440,22192,9472,16,4736,128,4736,296,54912
384x384x384w20-24-18,384,384,384,20,24,18,20-24-18,M0K,3840,18,94336,20,2880,20352,6912,24,3456,384,3456,288,54912
384x384x384w13-40-17,384,384,384,13,40,17,13-40-17,MNK,4160,17,91952,13,1768,22736,10880,40,5440,320,5440,136,54970
384x384x384w25-40-9,384,384,384,25,40,9,25-40-9,MNK,8000,9,89328,25,1800,25360,5760,40,2880,960,2880,216,55040
384x384x384w40-24-9,384,384,384,40,24,9,40-24-9,M0K,7680,9,90112,40,2880,24576,3456,24,1728,960,1728,360,55040
384x384x384w24-40-9,384,384,384,24,40,9,24-40-9,0NK,7680,9,90112,24,1728,24576,5760,40,2880,960,2880,216,55040
384x384x384w12-80-9,384,384,384,12,80,9,12-80-9,0NK,7680,9,86080,12,864,28608,11520,80,5760,640,5760,72,55040
384x384x384w39-24-9,384,384,384,39,24,9,39-24-9,M0K,7488,9,90640,39,2808,24048,3456,24,1728,768,1728,288,55040
384x384x384w41-24-9,384,384,384,41,24,9,41-24-9,M0K,7872,9,89584,41,2952,25104,3456,24,1728,960,1728,360,55040
384x384x384w9-56-17,384,384,384,9,56,17,9-56-17,MNK,4032,17,88944,9,1224,25744,15232,56,7616,448,7616,136,55062
384x384x384w19-24-19,384,384,384,19,24,19,19-24-19,M0K,3648,19,94320,19,2888,20368,7296,24,3648,384,3648,304,55104
384x384x384w19-16-28,384,384,384,19,16,28,19-16-28,M0K,2432,28,94144,19,4256,20544,7168,16,3584,256,3584,448,55104
384x384x384w19-16-29,384,384,384,19,16,29,19-16-29,M0K,2432,29,93584,19,4408,21104,7424,16,3712,256,3712,464,55104
384x384x384w19-32-14,384,384,384,19,32,14,19-32-14,M0K,4864,14,93536,19,2128,21152,7168,32,3584,512,3584,224,55104
384x384x384w17-40-13,384,384,384,17,40,13,17-40-13,MNK,5440,13,91952,17,1768,22736,8320,40,4160,640,4160,208,55200
384x384x384w21-24-17,384,384,384,21,24,17,21-24-17,M0K,4032,17,94384,21,2856,20304,6528,24,3264,384,3264,272,55200
384x384x384w27-32-10,384,384,384,27,32,10,27-32-10,M0K,6912,10,91424,27,2160,23264,5120,32,2560,768,2560,240,55224
384x384x384w32-16-16,384,384,384,32,16,16,32-16-16,000,4096,16,94208,32,4096,20480,4096,16,2048,512,2048,512,55296
384x384x384w45-16-12,384,384,384,45,16,12,45-16-12,M00,5760,12,91456,45,4320,23232,3072,16,1536,640,1536,480,55296
384x384x384w12-16-46,384,384,384,12,16,46,12-16-46,00K,1536,46,91008,12,4416,23680,11776,16,5888,128,5888,368,55296
384x384x384w12-16-44,384,384,384,12,16,44,12-16-44,00K,1536,44,91904,12,4224,22784,11264,16,5632,128,5632,352,55296
384x384x384w34-16-16,384,384,384,34,16,16,34-16-16,M00,4352,16,93184,34,4352,21504,4096,16,2048,512,2048,512,55296
384x384x384w16-8-64,384,384,384,16,8,64,16-8-64,000,1024,64,88064,16,8192,26624,8192,8,4096,128,4096,1024,55296
384x384x384w8-16-64,384,384,384,8,16,64,8-16-64,000,1024,64,88064,8,4096,26624,16384,16,8192,128,8192,512,55296
384x384x384w33-16-16,384,384,384,33,16,16,33-16-16,M00,4224,16,93696,33,4224,20992,4096,16,2048,512,2048,512,55296
384x384x384w22-16-24,384,384,384,22,16,24,22-16-24,M00,2816,24,94464,22,4224,20224,6144,16,3072,256,3072,384,55296
384x384x384w16-24-22,384,384,384,16,24,22,16-24-22,00K,3072,22,94464,16,2816,20224,8448,24,4224,384,4224,352,55296
384x384x384w8-8-128,384,384,384,8,8,128,8-8-128,000,512,128,80896,8,8192,33792,16384,8,8192,64,8192,1024,55296
384x384x384w12-16-47,384,384,384,12,16,47,12-16-47,00K,1536,47,90560,12,4512,24128,12032,16,6016,128,6016,376,55296
384x384x384w12-16-43,384,384,384,12,16,43,12-16-43,00K,1536,43,92352,12,4128,22336,11008,16,5504,128,5504,344,55296
384x384x384w8-64-16,384,384,384,8,64,16,8-64-16,000,4096,16,88064,8,1024,26624,16384,64,8192,512,8192,128,55296
384x384x384w16-16-33,384,384,384,16,16,33,16-16-33,00K,2048,33,93696,16,4224,20992,8448,16,4224,256,4224,528,55296
384x384x384w25-16-22,384,384,384,25,16,22,25-16-22,M0K,3200,22,93856,25,4400,20832,5632,16,2816,384,2816,528,55296
384x384x384w16-32-16,384,384,384,16,32,16,16-32-16,000,4096,16,94208,16,2048,20480,8192,32,4096,512,4096,256,55296
384x384x384w8-128-8,384,384,384,8,128,8,8-128-8,000,8192,8,80896,8,512,33792,16384,128,8192,1024,8192,64,55296
384x384x384w43-16-12,384,384,384,43,16,12,43-16-12,M00,5504,12,92352,43,4128,22336,3072,16,1536,640,1536,480,55296
384x384x384w44-16-12,384,384,384,44,16,12,44-16-12,M00,5632,12,91904,44,4224,22784,3072,16,1536,640,1536,480,55296
384x384x384w16-16-32,384,384,384,16,16,32,16-16-32,000,2048,32,94208,16,4096,20480,8192,16,4096,256,4096,512,55296
384x384x384w64-16-8,384,384,384,64,16,8,64-16-8,000,8192,8,88064,64,4096,26624,2048,16,1024,1024,1024,512,55296
384x384x384w64-8-16,384,384,384,64,8,16,64-8-16,000,4096,16,88064,64,8192,26624,2048,8,1024,512,1024,1024,55296
384x384x384w22-24-16,384,384,384,22,24,16,22-24-16,M00,4224,16,94464,22,2816,20224,6144,24,3072,384,3072,256,55296
384x384x384w16-64-8,384,384,384,16,64,8,16-64-8,000,8192,8,88064,16,1024,26624,8192,64,4096,1024,4096,128,55296
384x384x384w128-8-8,384,384,384,128,8,8,128-8-8,000,8192,8,80896,128,8192,33792,1024,8,512,1024,512,1024,55296
384x384x384w32-8-32,384,384,384,32,8,32,32-8-32,000,2048,32,90112,32,8192,24576,4096,8,2048,256,2048,1024,55296
384x384x384w32-32-8,384,384,384,32,32,8,32-32-8,000,8192,8,90112,32,2048,24576,4096,32,2048,1024,2048,256,55296
384x384x384w12-16-45,384,384,384,12,16,45,12-16-45,00K,1536,45,91456,12,4320,23232,11520,16,5760,128,5760,360,55296
384x384x384w46-16-12,384,384,384,46,16,12,46-16-12,M00,5888,12,91008,46,4416,23680,3072,16,1536,640,1536,480,55296
384x384x384w22-16-25,384,384,384,22,16,25,22-16-25,M0K,2816,25,93856,22,4400,20832,6400,16,3200,256,3200,400,55296
384x384x384w22-32-12,384,384,384,22,32,12,22-32-12,M00,5632,12,93056,22,2112,21632,6144,32,3072,512,3072,192,55296
384x384x384w47-16-12,384,384,384,47,16,12,47-16-12,M00,6016,12,90560,47,4512,24128,3072,16,1536,640,1536,480,55296
384x384x384w16-16-34,384,384,384,16,16,34,16-16-34,00K,2048,34,93184,16,4352,21504,8704,16,4352,256,4352,544,55296
384x384x384w24-16-22,384,384,384,24,16,22,24-16-22,00K,3072,22,94464,24,4224,20224,5632,16,2816,384,2816,528,55296
384x384x384w8-32-32,384,384,384,8,32,32,8-32-32,000,2048,32,90112,8,2048,24576,16384,32,8192,256,8192,256,55296
384x384x384w12-32-22,384,384,384,12,32,22,12-32-22,00K,3072,22,93056,12,2112,21632,11264,32,5632,256,5632,176,55296
384x384x384w17-56-9,384,384,384,17,56,9,17-56-9,MNK,7616,9,88944,17,1224,25744,8064,56,4032,896,4032,144,55384
384x384x384w10-72-13,384,384,384,10,72,13,10-72-13,MNK,5760,13,86112,10,1040,28576,14976,72,7488,576,7488,104,55440
384x384x384w10-40-22,384,384,384,10,40,22,10-40-22,MNK,3200,22,90688,10,1760,24000,14080,40,7040,320,7040,176,55440
384x384x384w10-32-27,384,384,384,10,32,27,10-32-27,M0K,2560,27,91424,10,2160,23264,13824,32,6912,256,6912,216,55440
384x384x384w10-32-26,384,384,384,10,32,26,10-32-26,M0K,2560,26,92096,10,2080,22592,13312,32,6656,256,6656,208,55440
384x384x384w10-64-13,384,384,384,10,64,13,10-64-13,M0K,5120,13,89056,10,1040,25632,13312,64,6656,512,6656,104,55440
384x384x384w23-16-23,384,384,384,23,16,23,23-16-23,M0K,2944,23,94448,23,4232,20240,5888,16,2944,256,2944,368,55488
384x384x384w18-24-20,384,384,384,18,24,20,18-24-20,M0K,3456,20,94336,18,2880,20352,7680,24,3840,384,3840,320,55680
384x384x384w18-40-12,384,384,384,18,40,12,18-40-12,MN0,5760,12,92032,18,1728,22656,7680,40,3840,640,3840,192,55680
384x384x384w63-16-9,384,384,384,63,16,9,63-16-9,M0K,8064,9,87184,63,4536,27504,2304,16,1152,896,1152,504,55728
384x384x384w13-72-10,384,384,384,13,72,10,13-72-10,MNK,7488,10,86112,13,1040,28576,11520,72,5760,576,5760,80,55926
384x384x384w13-64-10,384,384,384,13,64,10,13-64-10,M0K,6656,10,89056,13,1040,25632,10240,64,5120,512,5120,80,55926
384x384x384w17-24-21,384,384,384,17,24,21,17-24-21,M0K,3264,21,94384,17,2856,20304,8064,24,4032,384,4032,336,55936
384x384x384w14-32-19,384,384,384,14,32,19,14-32-19,M0K,3584,19,93536,14,2128,21152,9728,32,4864,256,4864,152,55944
384x384x384w29-16-19,384,384,384,29,16,19,29-16-19,M0K,3712,19,93584,29,4408,21104,4864,16,2432,384,2432,456,55944
384x384x384w11-40-20,384,384,384,11,40,20,11-40-20,MNK,3520,20,91328,11,1760,23360,12800,40,6400,320,6400,160,56000
384x384x384w10-56-15,384,384,384,10,56,15,10-56-15,MNK,4480,15,89888,10,1200,24800,13440,56,6720,448,6720,120,56056
384x384x384w20-16-26,384,384,384,20,16,26,20-16-26,M0K,2560,26,94592,20,4160,20096,6656,16,3328,256,3328,416,56160
384x384x384w20-16-27,384,384,384,20,16,27,20-16-27,M0K,2560,27,94016,20,4320,20672,6912,16,3456,256,3456,432,56160
384x384x384w22-40-10,384,384,384,22,40,10,22-40-10,MNK,7040,10,90688,22,1760,24000,6400,40,3200,640,3200,160,56160
384x384x384w20-32-13,384,384,384,20,32,13,20-32-13,M0K,5120,13,93632,20,2080,21056,6656,32,3328,512,3328,208,56160
384x384x384w42-16-13,384,384,384,42,16,13,42-16-13,M0K,5376,13,91872,42,4368,22816,3328,16,1664,640,1664,520,56160
384x384x384w26-32-10,384,384,384,26,32,10,26-32-10,M0K,6656,10,92096,26,2080,22592,5120,32,2560,768,2560,240,56160
384x384x384w12-40-18,384,384,384,12,40,18,12-40-18,0NK,3840,18,92032,12,1728,22656,11520,40,5760,320,5760,144,56320
384x384x384w19-48-9,384,384,384,19,48,9,19-48-9,M0K,7296,9,90448,19,1368,24240,6912,48,3456,768,3456,144,56416
384x384x384w38-16-14,384,384,384,38,16,14,38-16-14,M0K,4864,14,92864,38,4256,21824,3584,16,1792,512,1792,448,56448
384x384x384w28-16-19,384,384,384,28,16,19,28-16-19,M0K,3584,19,94144,28,4256,20544,4864,16,2432,384,2432,456,56448
384x384x384w15-24-23,384,384,384,15,24,23,15-24-23,M0K,2880,23,94576,15,2760,20112,8832,24,4416,192,4416,184,56576
384x384x384w23-24-15,384,384,384,23,24,15,23-24-15,M0K,4416,15,94576,23,2760,20112,5760,24,2880,384,2880,240,56576
384x384x384w27-16-20,384,384,384,27,16,20,27-16-20,M0K,3456,20,94016,27,4320,20672,5120,16,2560,384,2560,480,56640
384x384x384w27-24-13,384,384,384,27,24,13,27-24-13,M0K,5184,13,93712,27,2808,20976,4992,24,2496,576,2496,312,56640
384x384x384w10-48-17,384,384,384,10,48,17,10-48-17,M0K,3840,17,91232,10,1360,23456,13056,48,6528,384,6528,136,56672
384x384x384w15-56-10,384,384,384,15,56,10,15-56-10,MNK,6720,10,89888,15,1200,24800,8960,56,4480,448,4480,80,56784
384x384x384w29-24-12,384,384,384,29,24,12,29-24-12,M00,5568,12,93376,29,2784,21312,4608,24,2304,576,2304,288,56832
384x384x384w14-24-24,384,384,384,14,24,24,14-24-24,M00,2688,24,94720,14,2688,19968,9216,24,4608,192,4608,192,56832
384x384x384w14-48-12,384,384,384,14,48,12,14-48-12,M00,5376,12,92032,14,1344,22656,9216,48,4608,384,4608,96,56832
384x384x384w14-24-25,384,384,384,14,24,25,14-24-25,M0K,2688,25,94112,14,2800,20576,9600,24,4800,192,4800,200,56832
384x384x384w11-32-23,384,384,384,11,32,23,11-32-23,M0K,2816,23,93232,11,2024,21456,11776,32,5888,256,5888,184,57120
384x384x384w23-32-11,384,384,384,23,32,11,23-32-11,M0K,5888,11,93232,23,2024,21456,5632,32,2816,512,2816,176,57120
384x384x384w14-64-9,384,384,384,14,64,9,14-64-9,M0K,7168,9,89120,14,1008,25568,9216,64,4608,512,4608,72,57276
384x384x384w29-32-9,384,384,384,29,32,9,29-32-9,M0K,7424,9,91056,29,2088,23632,4608,32,2304,768,2304,216,57276
384x384x384w14-72-9,384,384,384,14,72,9,14-72-9,MNK,8064,9,86176,14,1008,28512,10368,72,5184,576,5184,72,57276
384x384x384w12-56-12,384,384,384,12,56,12,12-56-12,0N0,5376,12,90880,12,1152,23808,10752,56,5376,448,5376,96,57344
384x384x384w28-24-12,384,384,384,28,24,12,28-24-12,M00,5376,12,93952,28,2688,20736,4608,24,2304,576,2304,288,57344
384x384x384w12-24-28,384,384,384,12,24,28,12-24-28,00K,2304,28,93952,12,2688,20736,10752,24,5376,192,5376,224,57344
384x384x384w12-48-14,384,384,384,12,48,14,12-48-14,00K,4608,14,92032,12,1344,22656,10752,48,5376,384,5376,112,57344
384x384x384w25-24-14,384,384,384,25,24,14,25-24-14,M0K,4800,14,94112,25,2800,20576,5376,24,2688,576,2688,336,57344
384x384x384w24-24-14,384,384,384,24,24,14,24-24-14,00K,4608,14,94720,24,2688,19968,5376,24,2688,576,2688,336,57344
384x384x384w12-24-29,384,384,384,12,24,29,12-24-29,00K,2304,29,93376,12,2784,21312,11136,24,5568,192,5568,232,57344
384x384x384w13-40-16,384,384,384,13,40,16,13-40-16,MN0,4160,16,92800,13,1664,21888,10240,40,5120,320,5120,128,57360
384x384x384w13-16-40,384,384,384,13,16,40,13-16-40,M0K,1664,40,92800,13,4160,21888,10240,16,5120,128,5120,320,57360
384x384x384w13-48-13,384,384,384,13,48,13,13-48-13,M0K,4992,13,92016,13,1352,22672,9984,48,4992,384,4992,104,57360
384x384x384w13-32-20,384,384,384,13,32,20,13-32-20,M0K,3328,20,93632,13,2080,21056,10240,32,5120,256,5120,160,57360
384x384x384w13-8-78,384,384,384,13,8,78,13-8-78,M0K,832,78,86816,13,8112,27872,9984,8,4992,64,4992,624,57360
384x384x384w13-8-77,384,384,384,13,8,77,13-8-77,M0K,832,77,87152,13,8008,27536,9856,8,4928,64,4928,616,57360
384x384x384w13-16-42,384,384,384,13,16,42,13-16-42,M0K,1664,42,91872,13,4368,22816,10752,16,5376,128,5376,336,57360
384x384x384w13-16-41,384,384,384,13,16,41,13-16-41,M0K,1664,41,92336,13,4264,22352,10496,16,5248,128,5248,328,57360
384x384x384w13-24-27,384,384,384,13,24,27,13-24-27,M0K,2496,27,93712,13,2808,20976,10368,24,5184,192,5184,216,57360
384x384x384w13-24-26,384,384,384,13,24,26,13-24-26,M0K,2496,26,94304,13,2704,20384,9984,24,4992,192,4992,208,57360
384x384x384w13-16-39,384,384,384,13,16,39,13-16-39,M0K,1664,39,93264,13,4056,21424,9984,16,4992,128,4992,312,57360
384x384x384w19-40-11,384,384,384,19,40,11,19-40-11,MNK,6080,11,92144,19,1672,22544,7040,40,3520,640,3520,176,57400
384x384x384w31-16-17,384,384,384,31,16,17,31-16-17,M0K,3968,17,93968,31,4216,20720,4352,16,2176,384,2176,408,57408
384x384x384w30-16-17,384,384,384,30,16,17,30-16-17,M0K,3840,17,94496,30,4080,20192,4352,16,2176,384,2176,408,57408
384x384x384w17-16-31,384,384,384,17,16,31,17-16-31,M0K,2176,31,93968,17,4216,20720,7936,16,3968,256,3968,496,57408
384x384x384w17-48-10,384,384,384,17,48,10,17-48-10,M0K,6528,10,91232,17,1360,23456,7680,48,3840,768,3840,160,57408
384x384x384w17-16-30,384,384,384,17,16,30,17-16-30,M0K,2176,30,94496,17,4080,20192,7680,16,3840,256,3840,480,57408
384x384x384w20-24-17,384,384,384,20,24,17,20-24-17,M0K,3840,17,95040,20,2720,19648,6528,24,3264,384,3264,272,57408
384x384x384w17-32-15,384,384,384,17,32,15,17-32-15,M0K,4352,15,94224,17,2040,20464,7680,32,3840,512,3840,240,57408
384x384x384w15-32-17,384,384,384,15,32,17,15-32-17,M0K,3840,17,94224,15,2040,20464,8704,32,4352,256,4352,136,57408
384x384x384w9-16-59,384,384,384,9,16,59,9-16-59,M0K,1152,59,88784,9,4248,25904,15104,16,7552,128,7552,472,57456
384x384x384w9-16-55,384,384,384,9,16,55,9-16-55,M0K,1152,55,90384,9,3960,24304,14080,16,7040,128,7040,440,57456
384x384x384w9-16-56,384,384,384,9,16,56,9-16-56,M0K,1152,56,89984,9,4032,24704,14336,16,7168,128,7168,448,57456
384x384x384w9-16-61,384,384,384,9,16,61,9-16-61,M0K,1152,61,87984,9,4392,26704,15616,16,7808,128,7808,488,57456
384x384x384w9-16-57,384,384,384,9,16,57,9-16-57,M0K,1152,57,89584,9,4104,25104,14592,16,7296,128,7296,456,57456
384x384x384w9-32-28,384,384,384,9,32,28,9-32-28,M0K,2304,28,91712,9,2016,22976,14336,32,7168,256,7168,224,57456
384x384x384w9-64-14,384,384,384,9,64,14,9-64-14,M0K,4608,14,89120,9,1008,25568,14336,64,7168,512,7168,112,57456
384x384x384w9-16-60,384,384,384,9,16,60,9-16-60,M0K,1152,60,88384,9,4320,26304,15360,16,7680,128,7680,480,57456
384x384x384w9-16-63,384,384,384,9,16,63,9-16-63,M0K,1152,63,87184,9,4536,27504,16128,16,8064,128,8064,504,57456
384x384x384w9-48-19,384,384,384,9,48,19,9-48-19,M0K,3456,19,90448,9,1368,24240,14592,48,7296,384,7296,152,57456
384x384x384w9-56-16,384,384,384,9,56,16,9-56-16,MN0,4032,16,89984,9,1152,24704,14336,56,7168,448,7168,128,57456
384x384x384w9-16-58,384,384,384,9,16,58,9-16-58,M0K,1152,58,89184,9,4176,25504,14848,16,7424,128,7424,464,57456
384x384x384w9-32-29,384,384,384,9,32,29,9-32-29,M0K,2304,29,91056,9,2088,23632,14848,32,7424,256,7424,232,57456
384x384x384w9-72-14,384,384,384,9,72,14,9-72-14,MNK,5184,14,86176,9,1008,28512,16128,72,8064,576,8064,112,57456
384x384x384w9-16-62,384,384,384,9,16,62,9-16-62,M0K,1152,62,87584,9,4464,27104,15872,16,7936,128,7936,496,57456
384x384x384w26-8-39,384,384,384,26,8,39,26-8-39,M0K,1664,39,90144,26,8112,24544,4992,8,2496,192,2496,936,57600
384x384x384w16-40-13,384,384,384,16,40,13,16-40-13,0NK,5120,13,92800,16,1664,21888,8320,40,4160,640,4160,208,57600
384x384x384w21-16-25,384,384,384,21,16,25,21-16-25,M0K,2688,25,94512,21,4200,20176,6400,16,3200,256,3200,400,57600
384x384x384w40-16-13,384,384,384,40,16,13,40-16-13,M0K,5120,13,92800,40,4160,21888,3328,16,1664,640,1664,520,57600
384x384x384w26-24-13,384,384,384,26,24,13,26-24-13,M0K,4992,13,94304,26,2704,20384,4992,24,2496,576,2496,312,57600
384x384x384w21-8-48,384,384,384,21,8,48,21-8-48,M00,1344,48,89728,21,8064,24960,6144,8,3072,128,3072,768,57600
384x384x384w39-8-26,384,384,384,39,8,26,39-8-26,M0K,2496,26,90144,39,8112,24544,3328,8,1664,256,1664,832,57600
384x384x384w39-16-13,384,384,384,39,16,13,39-16-13,M0K,4992,13,93264,39,4056,21424,3328,16,1664,512,1664,416,57600
384x384x384w77-8-13,384,384,384,77,8,13,77-8-13,M0K,4928,13,87152,77,8008,27536,1664,8,832,576,832,936,57600
384x384x384w21-16-24,384,384,384,21,16,24,21-16-24,M00,2688,24,95104,21,4032,19584,6144,16,3072,256,3072,384,57600
384x384x384w21-48-8,384,384,384,21,48,8,21-48-8,M00,8064,8,89728,21,1344,24960,6144,48,3072,768,3072,128,57600
384x384x384w26-16-20,384,384,384,26,16,20,26-16-20,M0K,3328,20,94592,26,4160,20096,5120,16,2560,384,2560,480,57600
384x384x384w78-8-13,384,384,384,78,8,13,78-8-13,M0K,4992,13,86816,78,8112,27872,1664,8,832,576,832,936,57600
384x384x384w21-24-16,384,384,384,21,24,16,21-24-16,M00,4032,16,95104,21,2688,19584,6144,24,3072,384,3072,256,57600
384x384x384w41-16-13,384,384,384,41,16,13,41-16-13,M0K,5248,13,92336,41,4264,22352,3328,16,1664,640,1664,520,57600
384x384x384w21-32-12,384,384,384,21,32,12,21-32-12,M00,5376,12,93760,21,2016,20928,6144,32,3072,512,3072,192,57600
384x384x384w14-40-15,384,384,384,14,40,15,14-40-15,MNK,4480,15,92768,14,1680,21920,9600,40,4800,320,4800,120,57720
384x384x384w19-24-18,384,384,384,19,24,18,19-24-18,M0K,3648,18,95008,19,2736,19680,6912,24,3456,384,3456,288,57728
384x384x384w59-16-9,384,384,384,59,16,9,59-16-9,M0K,7552,9,88784,59,4248,25904,2304,16,1152,896,1152,504,57792
384x384x384w58-16-9,384,384,384,58,16,9,58-16-9,M0K,7424,9,89184,58,4176,25504,2304,16,1152,896,1152,504,57792
384x384x384w60-16-9,384,384,384,60,16,9,60-16-9,M0K,7680,9,88384,60,4320,26304,2304,16,1152,896,1152,504,57792
384x384x384w62-16-9,384,384,384,62,16,9,62-16-9,M0K,7936,9,87584,62,4464,27104,2304,16,1152,896,1152,504,57792
384x384x384w38-24-9,384,384,384,38,24,9,38-24-9,M0K,7296,9,91168,38,2736,23520,3456,24,1728,768,1728,288,57792
384x384x384w16-56-9,384,384,384,16,56,9,16-56-9,0NK,7168,9,89984,16,1152,24704,8064,56,4032,896,4032,144,57792
384x384x384w28-32-9,384,384,384,28,32,9,28-32-9,M0K,7168,9,91712,28,2016,22976,4608,32,2304,768,2304,216,57792
384x384x384w57-16-9,384,384,384,57,16,9,57-16-9,M0K,7296,9,89584,57,4104,25104,2304,16,1152,896,1152,504,57792
384x384x384w61-16-9,384,384,384,61,16,9,61-16-9,M0K,7808,9,87984,61,4392,26704,2304,16,1152,896,1152,504,57792
384x384x384w56-16-9,384,384,384,56,16,9,56-16-9,M0K,7168,9,89984,56,4032,24704,2304,16,1152,896,1152,504,57792
384x384x384w55-16-9,384,384,384,55,16,9,55-16-9,M0K,7040,9,90384,55,3960,24304,2304,16,1152,768,1152,432,57792
384x384x384w54-16-10,384,384,384,54,16,10,54-16-10,M0K,6912,10,89664,54,4320,25024,2560,16,1280,768,1280,480,58032
384x384x384w9-40-23,384,384,384,9,40,23,9-40-23,MNK,2880,23,90896,9,1656,23792,14720,40,7360,320,7360,184,58140
384x384x384w11-48-15,384,384,384,11,48,15,11-48-15,M0K,4224,15,92080,11,1320,22608,11520,48,5760,384,5760,120,58240
384x384x384w15-40-14,384,384,384,15,40,14,15-40-14,MNK,4800,14,92768,15,1680,21920,8960,40,4480,320,4480,112,58240
384x384x384w31-24-11,384,384,384,31,24,11,31-24-11,M0K,5952,11,93104,31,2728,21584,4224,24,2112,576,2112,264,58240
384x384x384w30-24-11,384,384,384,30,24,11,30-24-11,M0K,5760,11,93664,30,2640,21024,4224,24,2112,576,2112,264,58240
384x384x384w15-48-11,384,384,384,15,48,11,15-48-11,M0K,5760,11,92080,15,1320,22608,8448,48,4224,384,4224,88,58240
384x384x384w11-24-31,384,384,384,11,24,31,11-24-31,M0K,2112,31,93104,11,2728,21584,11904,24,5952,192,5952,248,58240
384x384x384w11-24-30,384,384,384,11,24,30,11-24-30,M0K,2112,30,93664,11,2640,21024,11520,24,5760,192,5760,240,58240
384x384x384w12-32-21,384,384,384,12,32,21,12-32-21,00K,3072,21,93760,12,2016,20928,10752,32,5376,256,5376,168,58368
384x384x384w25-16-21,384,384,384,25,16,21,25-16-21,M0K,3200,21,94512,25,4200,20176,5376,16,2688,384,2688,504,58368
384x384x384w8-48-21,384,384,384,8,48,21,8-48-21,00K,3072,21,89728,8,1344,24960,16128,48,8064,384,8064,168,58368
384x384x384w24-16-21,384,384,384,24,16,21,24-16-21,00K,3072,21,95104,24,4032,19584,5376,16,2688,384,2688,504,58368
384x384x384w48-8-21,384,384,384,48,8,21,48-8-21,00K,3072,21,89728,48,8064,24960,2688,8,1344,384,1344,1008,58368
384x384x384w16-24-21,384,384,384,16,24,21,16-24-21,00K,3072,21,95104,16,2688,19584,8064,24,4032,384,4032,336,58368
384x384x384w18-16-28,384,384,384,18,16,28,18-16-28,M0K,2304,28,94848,18,4032,19840,7168,16,3584,256,3584,448,58464
384x384x384w18-32-14,384,384,384,18,32,14,18-32-14,M0K,4608,14,94272,18,2016,20416,7168,32,3584,512,3584,224,58464
384x384x384w18-24-19,384,384,384,18,24,19,18-24-19,M0K,3456,19,95008,18,2736,19680,7296,24,3648,384,3648,304,58464
384x384x384w18-56-8,384,384,384,18,56,8,18-56-8,MN0,8064,8,89088,18,1152,25600,7168,56,3584,896,3584,128,58464
384x384x384w18-8-55,384,384,384,18,8,55,18-8-55,M0K,1152,55,89504,18,7920,25184,7040,8,3520,128,3520,880,58464
384x384x384w18-8-56,384,384,384,18,8,56,18-8-56,M0K,1152,56,89088,18,8064,25600,7168,8,3584,128,3584,896,58464
384x384x384w18-16-29,384,384,384,18,16,29,18-16-29,M0K,2304,29,94304,18,4176,20384,7424,16,3712,256,3712,464,58464
384x384x384w23-40-9,384,384,384,23,40,9,23-40-9,MNK,7360,9,90896,23,1656,23792,5760,40,2880,640,2880,144,58480
384x384x384w21-40-10,384,384,384,21,40,10,21-40-10,MNK,6720,10,91488,21,1680,23200,6400,40,3200,640,3200,160,58500
384x384x384w10-40-21,384,384,384,10,40,21,10-40-21,MNK,3200,21,91488,10,1680,23200,13440,40,6720,320,6720,168,58520
384x384x384w13-56-11,384,384,384,13,56,11,13-56-11,MNK,5824,11,90896,13,1144,23792,9856,56,4928,448,4928,88,58555
384x384x384w14-16-38,384,384,384,14,16,38,14-16-38,M0K,1792,38,92864,14,4256,21824,9728,16,4864,128,4864,304,58608
384x384x384w29-16-18,384,384,384,29,16,18,29-16-18,M0K,3712,18,94304,29,4176,20384,4608,16,2304,384,2304,432,58608
384x384x384w14-32-18,384,384,384,14,32,18,14-32-18,M0K,3584,18,94272,14,2016,20416,9216,32,4608,256,4608,144,58608
384x384x384w14-16-35,384,384,384,14,16,35,14-16-35,M0K,1792,35,94304,14,3920,20384,8960,16,4480,128,4480,280,58608
384x384x384w29-8-35,384,384,384,29,8,35,29-8-35,M0K,1856,35,90256,29,8120,24432,4480,8,2240,192,2240,840,58608
384x384x384w14-16-36,384,384,384,14,16,36,14-16-36,M0K,1792,36,93824,14,4032,20864,9216,16,4608,128,4608,288,58608
384x384x384w14-16-37,384,384,384,14,16,37,14-16-37,M0K,1792,37,93344,14,4144,21344,9472,16,4736,128,4736,296,58608
384x384x384w44-8-23,384,384,384,44,8,23,44-8-23,M0K,2816,23,89920,44,8096,24768,2944,8,1472,320,1472,920,58752
384x384x384w23-16-22,384,384,384,23,16,22,23-16-22,M0K,2944,22,95072,23,4048,19616,5632,16,2816,256,2816,352,58752
384x384x384w22-16-23,384,384,384,22,16,23,22-16-23,M0K,2816,23,95072,22,4048,19616,5888,16,2944,256,2944,368,58752
384x384x384w23-8-43,384,384,384,23,8,43,23-8-43,M0K,1472,43,90416,23,7912,24272,5504,8,2752,128,2752,688,58752
384x384x384w43-8-23,384,384,384,43,8,23,43-8-23,M0K,2752,23,90416,43,7912,24272,2944,8,1472,320,1472,920,58752
384x384x384w23-8-44,384,384,384,23,8,44,23-8-44,M0K,1472,44,89920,23,8096,24768,5632,8,2816,128,2816,704,58752
384x384x384w11-40-19,384,384,384,11,40,19,11-40-19,MNK,3520,19,92144,11,1672,22544,12160,40,6080,320,6080,152,58800
384x384x384w11-56-13,384,384,384,11,56,13,11-56-13,MNK,4928,13,90896,11,1144,23792,11648,56,5824,448,5824,104,58800
384x384x384w11-64-11,384,384,384,11,64,11,11-64-11,M0K,5632,11,90224,11,968,24464,11264,64,5632,512,5632,88,58800
384x384x384w11-72-11,384,384,384,11,72,11,11-72-11,MNK,6336,11,87408,11,968,27280,12672,72,6336,576,6336,88,58800
384x384x384w9-104-9,384,384,384,9,104,9,9-104-9,MNK,7488,9,83440,9,648,31248,14976,104,7488,832,7488,72,58824
384x384x384w9-112-9,384,384,384,9,112,9,9-112-9,MNK,8064,9,81136,9,648,33552,16128,112,8064,896,8064,72,58824
384x384x384w9-96-9,384,384,384,9,96,9,9-96-9,M0K,6912,9,85744,9,648,28944,13824,96,6912,768,6912,72,58824
384x384x384w12-40-17,384,384,384,12,40,17,12-40-17,0NK,3840,17,92864,12,1632,21824,10880,40,5440,320,5440,136,58880
384x384x384w17-24-20,384,384,384,17,24,20,17-24-20,M0K,3264,20,95040,17,2720,19648,7680,24,3840,384,3840,320,58880
384x384x384w17-40-12,384,384,384,17,40,12,17-40-12,MN0,5440,12,92864,17,1632,21824,7680,40,3840,640,3840,192,58880
384x384x384w19-16-26,384,384,384,19,16,26,19-16-26,M0K,2432,26,95264,19,3952,19424,6656,16,3328,256,3328,416,59040
384x384x384w19-32-13,384,384,384,19,32,13,19-32-13,M0K,4864,13,94352,19,1976,20336,6656,32,3328,512,3328,208,59040
384x384x384w19-16-27,384,384,384,19,16,27,19-16-27,M0K,2432,27,94704,19,4104,19984,6912,16,3456,256,3456,432,59040
384x384x384w10-16-50,384,384,384,10,16,50,10-16-50,M0K,1280,50,91328,10,4000,23360,12800,16,6400,128,6400,400,59136
384x384x384w36-8-28,384,384,384,36,8,28,36-8-28,M0K,2304,28,90368,36,8064,24320,3584,8,1792,256,1792,896,59136
384x384x384w10-24-33,384,384,384,10,24,33,10-24-33,M0K,1920,33,92896,10,2640,21792,12672,24,6336,192,6336,264,59136
384x384x384w10-16-54,384,384,384,10,16,54,10-16-54,M0K,1280,54,89664,10,4320,25024,13824,16,6912,128,6912,432,59136
384x384x384w10-96-8,384,384,384,10,96,8,10-96-8,M00,7680,8,85760,10,640,28928,12288,96,6144,768,6144,64,59136
384x384x384w10-16-53,384,384,384,10,16,53,10-16-53,M0K,1280,53,90080,10,4240,24608,13568,16,6784,128,6784,424,59136
384x384x384w10-24-32,384,384,384,10,24,32,10-24-32,M00,1920,32,93440,10,2560,21248,12288,24,6144,192,6144,256,59136
384x384x384w10-24-34,384,384,384,10,24,34,10-24-34,M0K,1920,34,92352,10,2720,22336,13056,24,6528,192,6528,272,59136
384x384x384w10-8-98,384,384,384,10,8,98,10-8-98,M0K,640,98,85184,10,7840,29504,12544,8,6272,64,6272,784,59136
384x384x384w10-72-12,384,384,384,10,72,12,10-72-12,MN0,5760,12,87424,10,960,27264,13824,72,6912,576,6912,96,59136
384x384x384w10-32-25,384,384,384,10,32,25,10-32-25,M0K,2560,25,92768,10,2000,21920,12800,32,6400,256,6400,200,59136
384x384x384w55-8-18,384,384,384,55,8,18,55-8-18,M0K,3520,18,89504,55,7920,25184,2304,8,1152,384,1152,864,59136
384x384x384w35-8-29,384,384,384,35,8,29,35-8-29,M0K,2240,29,90256,35,8120,24432,3712,8,1856,256,1856,928,59136
384x384x384w28-8-36,384,384,384,28,8,36,28-8-36,M0K,1792,36,90368,28,8064,24320,4608,8,2304,192,2304,864,59136
384x384x384w10-16-51,384,384,384,10,16,51,10-16-51,M0K,1280,51,90912,10,4080,23776,13056,16,6528,128,6528,408,59136
384x384x384w10-16-48,384,384,384,10,16,48,10-16-48,M00,1280,48,92160,10,3840,22528,12288,16,6144,128,6144,384,59136
384x384x384w10-8-99,384,384,384,10,8,99,10-8-99,M0K,640,99,84896,10,7920,29792,12672,8,6336,64,6336,792,59136
384x384x384w8-56-18,384,384,384,8,56,18,8-56-18,0NK,3584,18,89088,8,1152,25600,16128,56,8064,448,8064,144,59136
384x384x384w28-8-35,384,384,384,28,8,35,28-8-35,M0K,1792,35,90944,28,7840,23744,4480,8,2240,192,2240,840,59136
384x384x384w10-16-52,384,384,384,10,16,52,10-16-52,M0K,1280,52,90496,10,4160,24192,13312,16,6656,128,6656,416,59136
384x384x384w10-64-12,384,384,384,10,64,12,10-64-12,M00,5120,12,90240,10,960,24448,12288,64,6144,512,6144,96,59136
384x384x384w37-16-14,384,384,384,37,16,14,37-16-14,M0K,4736,14,93344,37,4144,21344,3584,16,1792,512,1792,448,59136
384x384x384w35-16-14,384,384,384,35,16,14,35-16-14,M0K,4480,14,94304,35,3920,20384,3584,16,1792,512,1792,448,59136
384x384x384w10-32-24,384,384,384,10,32,24,10-32-24,M00,2560,24,93440,10,1920,21248,12288,32,6144,256,6144,192,59136
384x384x384w36-16-14,384,384,384,36,16,14,36-16-14,M0K,4608,14,93824,36,4032,20864,3584,16,1792,512,1792,448,59136
384x384x384w10-48-16,384,384,384,10,48,16,10-48-16,M00,3840,16,92160,10,1280,22528,12288,48,6144,384,6144,128,59136
384x384x384w56-8-18,384,384,384,56,8,18,56-8-18,M0K,3584,18,89088,56,8064,25600,2304,8,1152,448,1152,1008,59136
384x384x384w10-8-102,384,384,384,10,8,102,10-8-102,M0K,640,102,84032,10,8160,30656,13056,8,6528,64,6528,816,59136
384x384x384w10-8-96,384,384,384,10,8,96,10-8-96,M00,640,96,85760,10,7680,28928,12288,8,6144,64,6144,768,59136
384x384x384w10-8-100,384,384,384,10,8,100,10-8-100,M0K,640,100,84608,10,8000,30080,12800,8,6400,64,6400,800,59136
384x384x384w10-8-97,384,384,384,10,8,97,10-8-97,M0K,640,97,85472,10,7760,29216,12416,8,6208,64,6208,776,59136
384x384x384w28-16-18,384,384,384,28,16,18,28-16-18,M0K,3584,18,94848,28,4032,19840,4608,16,2304,384,2304,432,59136
384x384x384w35-8-28,384,384,384,35,8,28,35-8-28,M0K,2240,28,90944,35,7840,23744,3584,8,1792,256,1792,896,59136
384x384x384w10-8-101,384,384,384,10,8,101,10-8-101,M0K,640,101,84320,10,8080,30368,12928,8,6464,64,6464,808,59136
384x384x384w10-16-49,384,384,384,10,16,49,10-16-49,M0K,1280,49,91744,10,3920,22944,12544,16,6272,128,6272,392,59136
384x384x384w27-16-19,384,384,384,27,16,19,27-16-19,M0K,3456,19,94704,27,4104,19984,4864,16,2432,384,2432,456,59472
384x384x384w9-88-11,384,384,384,9,88,11,9-88-11,MNK,6336,11,84944,9,792,29744,15488,88,7744,704,7744,88,59850
384x384x384w9-80-11,384,384,384,9,80,11,9-80-11,MNK,5760,11,87504,9,792,27184,14080,80,7040,640,7040,88,59850
384x384x384w18-48-9,384,384,384,18,48,9,18-48-9,M0K,6912,9,91360,18,1296,23328,6912,48,3456,768,3456,144,59856
384x384x384w24-32-10,384,384,384,24,32,10,24-32-10,00K,6144,10,93440,24,1920,21248,5120,32,2560,768,2560,240,59904
384x384x384w15-16-32,384,384,384,15,16,32,15-16-32,M00,1920,32,94976,15,3840,19712,8192,16,4096,128,4096,256,59904
384x384x384w8-64-15,384,384,384,8,64,15,8-64-15,00K,4096,15,89216,8,960,25472,15360,64,7680,512,7680,120,59904
384x384x384w52-16-10,384,384,384,52,16,10,52-16-10,M0K,6656,10,90496,52,4160,24192,2560,16,1280,768,1280,480,59904
384x384x384w67-8-15,384,384,384,67,8,15,67-8-15,M0K,4288,15,88112,67,8040,26576,1920,8,960,512,960,960,59904
384x384x384w15-8-67,384,384,384,15,8,67,15-8-67,M0K,960,67,88112,15,8040,26576,8576,8,4288,64,4288,536,59904
384x384x384w8-32-31,384,384,384,8,32,31,8-32-31,00K,2048,31,90752,8,1984,23936,15872,32,7936,256,7936,248,59904
384x384x384w20-16-25,384,384,384,20,16,25,20-16-25,M0K,2560,25,95168,20,4000,19520,6400,16,3200,256,3200,400,59904
384x384x384w32-16-15,384,384,384,32,16,15,32-16-15,00K,4096,15,94976,32,3840,19712,3840,16,1920,512,1920,480,59904
384x384x384w34-8-30,384,384,384,34,8,30,34-8-30,M0K,2176,30,90176,34,8160,24512,3840,8,1920,256,1920,960,59904
384x384x384w20-48-8,384,384,384,20,48,8,20-48-8,M00,7680,8,90624,20,1280,24064,6144,48,3072,768,3072,128,59904
384x384x384w49-16-10,384,384,384,49,16,10,49-16-10,M0K,6272,10,91744,49,3920,22944,2560,16,1280,768,1280,480,59904
384x384x384w53-16-10,384,384,384,53,16,10,53-16-10,M0K,6784,10,90080,53,4240,24608,2560,16,1280,768,1280,480,59904
384x384x384w15-16-34,384,384,384,15,16,34,15-16-34,M0K,1920,34,93984,15,4080,20704,8704,16,4352,128,4352,272,59904
384x384x384w31-32-8,384,384,384,31,32,8,31-32-8,M00,7936,8,90752,31,1984,23936,4096,32,2048,768,2048,192,59904
384x384x384w20-8-49,384,384,384,20,8,49,20-8-49,M0K,1280,49,90176,20,7840,24512,6272,8,3136,128,3136,784,59904
384x384x384w25-32-10,384,384,384,25,32,10,25-32-10,M0K,6400,10,92768,25,2000,21920,5120,32,2560,768,2560,240,59904
384x384x384w32-8-30,384,384,384,32,8,30,32-8-30,00K,2048,30,91392,32,7680,23296,3840,8,1920,256,1920,960,59904
384x384x384w33-16-15,384,384,384,33,16,15,33-16-15,M0K,4224,15,94480,33,3960,20208,3840,16,1920,512,1920,480,59904
384x384x384w42-16-12,384,384,384,42,16,12,42-16-12,M00,5376,12,92800,42,4032,21888,3072,16,1536,640,1536,480,59904
384x384x384w20-8-48,384,384,384,20,8,48,20-8-48,M00,1280,48,90624,20,7680,24064,6144,8,3072,128,3072,768,59904
384x384x384w97-8-10,384,384,384,97,8,10,97-8-10,M0K,6208,10,85472,97,7760,29216,1280,8,640,768,640,960,59904
384x384x384w99-8-10,384,384,384,99,8,10,99-8-10,M0K,6336,10,84896,99,7920,29792,1280,8,640,768,640,960,59904
384x384x384w32-8-31,384,384,384,32,8,31,32-8-31,00K,2048,31,90752,32,7936,23936,3968,8,1984,256,1984,992,59904
384x384x384w34-16-15,384,384,384,34,16,15,34-16-15,M0K,4352,15,93984,34,4080,20704,3840,16,1920,512,1920,480,59904
384x384x384w65-8-15,384,384,384,65,8,15,65-8-15,M0K,4160,15,88848,65,7800,25840,1920,8,960,512,960,960,59904
384x384x384w15-64-8,384,384,384,15,64,8,15-64-8,M00,7680,8,89216,15,960,25472,8192,64,4096,512,4096,64,59904
384x384x384w48-16-10,384,384,384,48,16,10,48-16-10,00K,6144,10,92160,48,3840,22528,2560,16,1280,768,1280,480,59904
384x384x384w15-8-65,384,384,384,15,8,65,15-8-65,M0K,960,65,88848,15,7800,25840,8320,8,4160,64,4160,520,59904
384x384x384w16-48-10,384,384,384,16,48,10,16-48-10,00K,6144,10,92160,16,1280,22528,7680,48,3840,768,3840,160,59904
384x384x384w12-64-10,384,384,384,12,64,10,12-64-10,00K,6144,10,90240,12,960,24448,10240,64,5120,512,5120,80,59904
384x384x384w42-24-8,384,384,384,42,24,8,42-24-8,M00,8064,8,90112,42,2688,24576,3072,24,1536,960,1536,320,59904
384x384x384w20-16-24,384,384,384,20,16,24,20-16-24,M00,2560,24,95744,20,3840,18944,6144,16,3072,256,3072,384,59904
384x384x384w32-24-10,384,384,384,32,24,10,32-24-10,00K,6144,10,93440,32,2560,21248,3840,24,1920,768,1920,320,59904
384x384x384w31-8-32,384,384,384,31,8,32,31-8-32,M00,1984,32,90752,31,7936,23936,4096,8,2048,192,2048,768,59904
384x384x384w16-16-30,384,384,384,16,16,30,16-16-30,00K,2048,30,95232,16,3840,19456,7680,16,3840,256,3840,480,59904
384x384x384w20-24-16,384,384,384,20,24,16,20-24-16,M00,3840,16,95744,20,2560,18944,6144,24,3072,384,3072,256,59904
384x384x384w102-8-10,384,384,384,102,8,10,102-8-10,M0K,6528,10,84032,102,8160,30656,1280,8,640,768,640,960,59904
384x384x384w51-16-10,384,384,384,51,16,10,51-16-10,M0K,6528,10,90912,51,4080,23776,2560,16,1280,768,1280,480,59904
384x384x384w96-8-10,384,384,384,96,8,10,96-8-10,00K,6144,10,85760,96,7680,28928,1280,8,640,768,640,960,59904
384x384x384w101-8-10,384,384,384,101,8,10,101-8-10,M0K,6464,10,84320,101,8080,30368,1280,8,640,768,640,960,59904
384x384x384w30-8-33,384,384,384,30,8,33,30-8-33,M0K,1920,33,90784,30,7920,23904,4224,8,2112,192,2112,792,59904
384x384x384w42-8-24,384,384,384,42,8,24,42-8-24,M00,2688,24,90112,42,8064,24576,3072,8,1536,320,1536,960,59904
384x384x384w15-24-22,384,384,384,15,24,22,15-24-22,M0K,2880,22,95200,15,2640,19488,8448,24,4224,192,4224,176,59904
384x384x384w30-8-32,384,384,384,30,8,32,30-8-32,M00,1920,32,91392,30,7680,23296,4096,8,2048,192,2048,768,59904
384x384x384w15-32-16,384,384,384,15,32,16,15-32-16,M00,3840,16,94976,15,1920,19712,8192,32,4096,256,4096,128,59904
384x384x384w33-8-31,384,384,384,33,8,31,33-8-31,M0K,2112,31,90128,33,8184,24560,3968,8,1984,256,1984,992,59904
384x384x384w34-24-10,384,384,384,34,24,10,34-24-10,M0K,6528,10,92352,34,2720,22336,3840,24,1920,768,1920,320,59904
384x384x384w20-8-51,384,384,384,20,8,51,20-8-51,M0K,1280,51,89280,20,8160,25408,6528,8,3264,128,3264,816,59904
384x384x384w30-32-8,384,384,384,30,32,8,30-32-8,M00,7680,8,91392,30,1920,23296,4096,32,2048,768,2048,192,59904
384x384x384w31-8-33,384,384,384,31,8,33,31-8-33,M0K,1984,33,90128,31,8184,24560,4224,8,2112,192,2112,792,59904
384x384x384w98-8-10,384,384,384,98,8,10,98-8-10,M0K,6272,10,85184,98,7840,29504,1280,8,640,768,640,960,59904
384x384x384w33-8-30,384,384,384,33,8,30,33-8-30,M0K,2112,30,90784,33,7920,23904,3840,8,1920,256,1920,960,59904
384x384x384w15-8-68,384,384,384,15,8,68,15-8-68,M0K,960,68,87744,15,8160,26944,8704,8,4352,64,4352,544,59904
384x384x384w66-8-15,384,384,384,66,8,15,66-8-15,M0K,4224,15,88480,66,7920,26208,1920,8,960,512,960,960,59904
384x384x384w20-32-12,384,384,384,20,32,12,20-32-12,M00,5120,12,94464,20,1920,20224,6144,32,3072,512,3072,192,59904
384x384x384w30-8-34,384,384,384,30,8,34,30-8-34,M0K,1920,34,90176,30,8160,24512,4352,8,2176,192,2176,816,59904
384x384x384w12-72-10,384,384,384,12,72,10,12-72-10,0NK,6912,10,87424,12,960,27264,11520,72,5760,576,5760,80,59904
384x384x384w50-16-10,384,384,384,50,16,10,50-16-10,M0K,6400,10,91328,50,4000,23360,2560,16,1280,768,1280,480,59904
384x384x384w16-32-15,384,384,384,16,32,15,16-32-15,00K,4096,15,94976,16,1920,19712,7680,32,3840,512,3840,240,59904
384x384x384w30-16-16,384,384,384,30,16,16,30-16-16,M00,3840,16,95232,30,3840,19456,4096,16,2048,384,2048,384,59904
384x384x384w31-16-16,384,384,384,31,16,16,31-16-16,M00,3968,16,94720,31,3968,19968,4096,16,2048,384,2048,384,59904
384x384x384w20-8-50,384,384,384,20,8,50,20-8-50,M0K,1280,50,89728,20,8000,24960,6400,8,3200,128,3200,800,59904
384x384x384w8-96-10,384,384,384,8,96,10,8-96-10,00K,6144,10,85760,8,640,28928,15360,96,7680,768,7680,80,59904
384x384x384w33-24-10,384,384,384,33,24,10,33-24-10,M0K,6336,10,92896,33,2640,21792,3840,24,1920,768,1920,320,59904
384x384x384w22-24-15,384,384,384,22,24,15,22-24-15,M0K,4224,15,95200,22,2640,19488,5760,24,2880,384,2880,240,59904
384x384x384w15-16-33,384,384,384,15,16,33,15-16-33,M0K,1920,33,94480,15,3960,20208,8448,16,4224,128,4224,264,59904
384x384x384w8-32-30,384,384,384,8,32,30,8-32-30,00K,2048,30,91392,8,1920,23296,15360,32,7680,256,7680,240,59904
384x384x384w68-8-15,384,384,384,68,8,15,68-8-15,M0K,4352,15,87744,68,8160,26944,1920,8,960,512,960,960,59904
384x384x384w15-8-64,384,384,384,15,8,64,15-8-64,M00,960,64,89216,15,7680,25472,8192,8,4096,64,4096,512,59904
384x384x384w100-8-10,384,384,384,100,8,10,100-8-10,M0K,6400,10,84608,100,8000,30080,1280,8,640,768,640,960,59904
384x384x384w16-16-31,384,384,384,16,16,31,16-16-31,00K,2048,31,94720,16,3968,19968,7936,16,3968,256,3968,496,59904
384x384x384w64-8-15,384,384,384,64,8,15,64-8-15,00K,4096,15,89216,64,7680,25472,1920,8,960,512,960,960,59904
384x384x384w15-8-66,384,384,384,15,8,66,15-8-66,M0K,960,66,88480,15,7920,26208,8448,8,4224,64,4224,528,59904
384x384x384w10-80-10,384,384,384,10,80,10,10-80-10,MNK,6400,10,87488,10,800,27200,12800,80,6400,640,6400,80,60060
384x384x384w10-88-10,384,384,384,10,88,10,10-88-10,MNK,7040,10,84928,10,800,29760,14080,88,7040,704,7040,80,60060
384x384x384w9-24-36,384,384,384,9,24,36,9-24-36,M0K,1728,36,92224,9,2592,22464,13824,24,6912,192,6912,288,60192
384x384x384w9-24-35,384,384,384,9,24,35,9-24-35,M0K,1728,35,92752,9,2520,21936,13440,24,6720,192,6720,280,60192
384x384x384w9-48-18,384,384,384,9,48,18,9-48-18,M0K,3456,18,91360,9,1296,23328,13824,48,6912,384,6912,144,60192
384x384x384w9-24-38,384,384,384,9,24,38,9-24-38,M0K,1728,38,91168,9,2736,23520,14592,24,7296,192,7296,304,60192
384x384x384w9-24-37,384,384,384,9,24,37,9-24-37,M0K,1728,37,91696,9,2664,22992,14208,24,7104,192,7104,296,60192
384x384x384w11-88-9,384,384,384,11,88,9,11-88-9,MNK,7744,9,84944,11,792,29744,12672,88,6336,704,6336,72,60200
384x384x384w11-80-9,384,384,384,11,80,9,11-80-9,MNK,7040,9,87504,11,792,27184,11520,80,5760,640,5760,72,60200
384x384x384w13-32-19,384,384,384,13,32,19,13-32-19,M0K,3328,19,94352,13,1976,20336,9728,32,4864,256,4864,152,60228
384x384x384w19-24-17,384,384,384,19,24,17,19-24-17,M0K,3648,17,95696,19,2584,18992,6528,24,3264,384,3264,272,60352
384x384x384w10-56-14,384,384,384,10,56,14,10-56-14,MNK,4480,14,90944,10,1120,23744,12544,56,6272,448,6272,112,60368
384x384x384w14-24-23,384,384,384,14,24,23,14-24-23,M0K,2688,23,95328,14,2576,19360,8832,24,4416,192,4416,184,60384
384x384x384w27-24-12,384,384,384,27,24,12,27-24-12,M00,5184,12,94528,27,2592,20160,4608,24,2304,576,2304,288,60416
384x384x384w26-16-19,384,384,384,26,16,19,26-16-19,M0K,3328,19,95264,26,3952,19424,4864,16,2432,384,2432,456,60480
384x384x384w38-16-13,384,384,384,38,16,13,38-16-13,M0K,4864,13,93728,38,3952,20960,3328,16,1664,512,1664,416,60480
384x384x384w11-16-46,384,384,384,11,16,46,11-16-46,M0K,1408,46,92000,11,4048,22688,11776,16,5888,128,5888,368,60480
384x384x384w47-16-11,384,384,384,47,16,11,47-16-11,M0K,6016,11,91568,47,4136,23120,2816,16,1408,640,1408,440,60480
384x384x384w44-16-11,384,384,384,44,16,11,44-16-11,M0K,5632,11,92864,44,3872,21824,2816,16,1408,640,1408,440,60480
384x384x384w22-32-11,384,384,384,22,32,11,22-32-11,M0K,5632,11,93920,22,1936,20768,5632,32,2816,512,2816,176,60480
384x384x384w11-16-45,384,384,384,11,16,45,11-16-45,M0K,1408,45,92432,11,3960,22256,11520,16,5760,128,5760,360,60480
384x384x384w11-16-44,384,384,384,11,16,44,11-16-44,M0K,1408,44,92864,11,3872,21824,11264,16,5632,128,5632,352,60480
384x384x384w45-16-11,384,384,384,45,16,11,45-16-11,M0K,5760,11,92432,45,3960,22256,2816,16,1408,640,1408,440,60480
384x384x384w43-16-11,384,384,384,43,16,11,43-16-11,M0K,5504,11,93296,43,3784,21392,2816,16,1408,640,1408,440,60480
384x384x384w38-8-26,384,384,384,38,8,26,38-8-26,M0K,2432,26,90688,38,7904,24000,3328,8,1664,256,1664,832,60480
384x384x384w46-16-11,384,384,384,46,16,11,46-16-11,M0K,5888,11,92000,46,4048,22688,2816,16,1408,640,1408,440,60480
384x384x384w11-16-43,384,384,384,11,16,43,11-16-43,M0K,1408,43,93296,11,3784,21392,11008,16,5504,128,5504,344,60480
384x384x384w11-32-22,384,384,384,11,32,22,11-32-22,M0K,2816,22,93920,11,1936,20768,11264,32,5632,256,5632,176,60480
384x384x384w11-16-47,384,384,384,11,16,47,11-16-47,M0K,1408,47,91568,11,4136,23120,12032,16,6016,128,6016,376,60480
384x384x384w35-24-9,384,384,384,35,24,9,35-24-9,M0K,6720,9,92752,35,2520,21936,3456,24,1728,768,1728,288,60544
384x384x384w36-24-9,384,384,384,36,24,9,36-24-9,M0K,6912,9,92224,36,2592,22464,3456,24,1728,768,1728,288,60544
384x384x384w37-24-9,384,384,384,37,24,9,37-24-9,M0K,7104,9,91696,37,2664,22992,3456,24,1728,768,1728,288,60544
384x384x384w14-56-10,384,384,384,14,56,10,14-56-10,MNK,6272,10,90944,14,1120,23744,8960,56,4480,448,4480,80,60606
384x384x384w20-40-10,384,384,384,20,40,10,20-40-10,MNK,6400,10,92288,20,1600,22400,6400,40,3200,640,3200,160,60840
384x384x384w27-32-9,384,384,384,27,32,9,27-32-9,M0K,6912,9,92368,27,1944,22320,4608,32,2304,768,2304,216,60888
384x384x384w18-40-11,384,384,384,18,40,11,18-40-11,MNK,5760,11,92960,18,1584,21728,7040,40,3520,640,3520,176,60900
384x384x384w23-24-14,384,384,384,23,24,14,23-24-14,M0K,4416,14,95328,23,2576,19360,5376,24,2688,384,2688,224,60928
384x384x384w13-48-12,384,384,384,13,48,12,13-48-12,M00,4992,12,92992,13,1248,21696,9216,48,4608,384,4608,96,61184
384x384x384w13-24-25,384,384,384,13,24,25,13-24-25,M0K,2496,25,94896,13,2600,19792,9600,24,4800,192,4800,200,61184
384x384x384w13-24-24,384,384,384,13,24,24,13-24-24,M00,2496,24,95488,13,2496,19200,9216,24,4608,192,4608,192,61184
384x384x384w21-16-23,384,384,384,21,16,23,21-16-23,M0K,2688,23,95696,21,3864,18992,5888,16,2944,256,2944,368,61200
384x384x384w18-24-18,384,384,384,18,24,18,18-24-18,M0K,3456,18,95680,18,2592,19008,6912,24,3456,384,3456,288,61248
384x384x384w29-16-17,384,384,384,29,16,17,29-16-17,M0K,3712,17,95024,29,3944,19664,4352,16,2176,384,2176,408,61272
384x384x384w14-32-17,384,384,384,14,32,17,14-32-17,M0K,3584,17,95008,14,1904,19680,8704,32,4352,256,4352,136,61272
384x384x384w8-40-24,384,384,384,8,40,24,8-40-24,0N0,2560,24,91136,8,1536,23552,15360,40,7680,320,7680,192,61440
384x384x384w25-8-40,384,384,384,25,8,40,25-8-40,M0K,1600,40,90368,25,8000,24320,5120,8,2560,192,2560,960,61440
384x384x384w24-8-42,384,384,384,24,8,42,24-8-42,00K,1536,42,90112,24,8064,24576,5376,8,2688,192,2688,1008,61440
384x384x384w12-16-41,384,384,384,12,16,41,12-16-41,00K,1536,41,93248,12,3936,21440,10496,16,5248,128,5248,328,61440
384x384x384w12-80-8,384,384,384,12,80,8,12-80-8,0N0,7680,8,87552,12,768,27136,10240,80,5120,640,5120,64,61440
384x384x384w8-40-25,384,384,384,8,40,25,8-40-25,0NK,2560,25,90368,8,1600,24320,16000,40,8000,320,8000,200,61440
384x384x384w12-8-78,384,384,384,12,8,78,12-8-78,00K,768,78,88192,12,7488,26496,9984,8,4992,64,4992,624,61440
384x384x384w81-8-12,384,384,384,81,8,12,81-8-12,M00,5184,12,87232,81,7776,27456,1536,8,768,640,768,960,61440
384x384x384w39-8-24,384,384,384,39,8,24,39-8-24,M00,2496,24,91648,39,7488,23040,3072,8,1536,256,1536,768,61440
384x384x384w8-80-12,384,384,384,8,80,12,8-80-12,0N0,5120,12,87552,8,768,27136,15360,80,7680,640,7680,96,61440
384x384x384w8-48-20,384,384,384,8,48,20,8-48-20,00K,3072,20,90624,8,1280,24064,15360,48,7680,384,7680,160,61440
384x384x384w8-24-40,384,384,384,8,24,40,8-24-40,00K,1536,40,91136,8,2560,23552,15360,24,7680,192,7680,320,61440
384x384x384w12-8-80,384,384,384,12,8,80,12-8-80,00K,768,80,87552,12,7680,27136,10240,8,5120,64,5120,640,61440
384x384x384w79-8-12,384,384,384,79,8,12,79-8-12,M00,5056,12,87872,79,7584,26816,1536,8,768,576,768,864,61440
384x384x384w39-16-12,384,384,384,39,16,12,39-16-12,M00,4992,12,94144,39,3744,20544,3072,16,1536,512,1536,384,61440
384x384x384w77-8-12,384,384,384,77,8,12,77-8-12,M00,4928,12,88512,77,7392,26176,1536,8,768,576,768,864,61440
384x384x384w40-8-24,384,384,384,40,8,24,40-8-24,M00,2560,24,91136,40,7680,23552,3072,8,1536,320,1536,960,61440
384x384x384w40-24-8,384,384,384,40,24,8,40-24-8,M00,7680,8,91136,40,2560,23552,3072,24,1536,960,1536,320,61440
384x384x384w39-8-25,384,384,384,39,8,25,39-8-25,M0K,2496,25,90896,39,7800,23792,3200,8,1600,256,1600,800,61440
384x384x384w85-8-12,384,384,384,85,8,12,85-8-12,M00,5440,12,85952,85,8160,28736,1536,8,768,640,768,960,61440
384x384x384w12-24-27,384,384,384,12,24,27,12-24-27,00K,2304,27,94528,12,2592,20160,10368,24,5184,192,5184,216,61440
384x384x384w24-8-39,384,384,384,24,8,39,24-8-39,00K,1536,39,91648,24,7488,23040,4992,8,2496,192,2496,936,61440
384x384x384w12-8-82,384,384,384,12,8,82,12-8-82,00K,768,82,86912,12,7872,27776,10496,8,5248,64,5248,656,61440
384x384x384w48-8-20,384,384,384,48,8,20,48-8-20,00K,3072,20,90624,48,7680,24064,2560,8,1280,384,1280,960,61440
384x384x384w82-8-12,384,384,384,82,8,12,82-8-12,M00,5248,12,86912,82,7872,27776,1536,8,768,640,768,960,61440
384x384x384w50-8-20,384,384,384,50,8,20,50-8-20,M0K,3200,20,89728,50,8000,24960,2560,8,1280,384,1280,960,61440
384x384x384w16-24-20,384,384,384,16,24,20,16-24-20,00K,3072,20,95744,16,2560,18944,7680,24,3840,384,3840,320,61440
384x384x384w12-8-81,384,384,384,12,8,81,12-8-81,00K,768,81,87232,12,7776,27456,10368,8,5184,64,5184,648,61440
384x384x384w12-8-77,384,384,384,12,8,77,12-8-77,00K,768,77,88512,12,7392,26176,9856,8,4928,64,4928,616,61440
384x384x384w24-8-41,384,384,384,24,8,41,24-8-41,00K,1536,41,90624,24,7872,24064,5248,8,2624,192,2624,984,61440
384x384x384w25-24-13,384,384,384,25,24,13,25-24-13,M0K,4800,13,94896,25,2600,19792,4992,24,2496,576,2496,312,61440
384x384x384w8-24-41,384,384,384,8,24,41,8-24-41,00K,1536,41,90624,8,2624,24064,15744,24,7872,192,7872,328,61440
384x384x384w12-24-26,384,384,384,12,24,26,12-24-26,00K,2304,26,95104,12,2496,19584,9984,24,4992,192,4992,208,61440
384x384x384w25-16-20,384,384,384,25,16,20,25-16-20,M0K,3200,20,95168,25,4000,19520,5120,16,2560,384,2560,480,61440
384x384x384w12-8-85,384,384,384,12,8,85,12-8-85,00K,768,85,85952,12,8160,28736,10880,8,5440,64,5440,680,61440
384x384x384w25-40-8,384,384,384,25,40,8,25-40-8,MN0,8000,8,90368,25,1600,24320,5120,40,2560,960,2560,192,61440
384x384x384w40-16-12,384,384,384,40,16,12,40-16-12,M00,5120,12,93696,40,3840,20992,3072,16,1536,640,1536,480,61440
384x384x384w41-24-8,384,384,384,41,24,8,41-24-8,M00,7872,8,90624,41,2624,24064,3072,24,1536,960,1536,320,61440
384x384x384w12-40-16,384,384,384,12,40,16,12-40-16,0N0,3840,16,93696,12,1536,20992,10240,40,5120,320,5120,128,61440
384x384x384w80-8-12,384,384,384,80,8,12,80-8-12,M00,5120,12,87552,80,7680,27136,1536,8,768,640,768,960,61440
384x384x384w12-48-13,384,384,384,12,48,13,12-48-13,00K,4608,13,92992,12,1248,21696,9984,48,4992,384,4992,104,61440
384x384x384w51-8-20,384,384,384,51,8,20,51-8-20,M0K,3264,20,89280,51,8160,25408,2560,8,1280,384,1280,960,61440
384x384x384w41-16-12,384,384,384,41,16,12,41-16-12,M00,5248,12,93248,41,3936,21440,3072,16,1536,640,1536,480,61440
384x384x384w12-32-20,384,384,384,12,32,20,12-32-20,00K,3072,20,94464,12,1920,20224,10240,32,5120,256,5120,160,61440
384x384x384w8-24-39,384,384,384,8,24,39,8-24-39,00K,1536,39,91648,8,2496,23040,14976,24,7488,192,7488,312,61440
384x384x384w24-40-8,384,384,384,24,40,8,24-40-8,0N0,7680,8,91136,24,1536,23552,5120,40,2560,960,2560,192,61440
384x384x384w12-16-39,384,384,384,12,16,39,12-16-39,00K,1536,39,94144,12,3744,20544,9984,16,4992,128,4992,312,61440
384x384x384w83-8-12,384,384,384,83,8,12,83-8-12,M00,5312,12,86592,83,7968,28096,1536,8,768,640,768,960,61440
384x384x384w41-8-24,384,384,384,41,8,24,41-8-24,M00,2624,24,90624,41,7872,24064,3072,8,1536,320,1536,960,61440
384x384x384w8-24-42,384,384,384,8,24,42,8-24-42,00K,1536,42,90112,8,2688,24576,16128,24,8064,192,8064,336,61440
384x384x384w39-24-8,384,384,384,39,24,8,39-24-8,M00,7488,8,91648,39,2496,23040,3072,24,1536,768,1536,256,61440
384x384x384w16-40-12,384,384,384,16,40,12,16-40-12,0N0,5120,12,93696,16,1536,20992,7680,40,3840,640,3840,192,61440
384x384x384w24-16-20,384,384,384,24,16,20,24-16-20,00K,3072,20,95744,24,3840,18944,5120,16,2560,384,2560,480,61440
384x384x384w24-8-40,384,384,384,24,8,40,24-8-40,00K,1536,40,91136,24,7680,23552,5120,8,2560,192,2560,960,61440
384x384x384w12-8-79,384,384,384,12,8,79,12-8-79,00K,768,79,87872,12,7584,26816,10112,8,5056,64,5056,632,61440
384x384x384w78-8-12,384,384,384,78,8,12,78-8-12,M00,4992,12,88192,78,7488,26496,1536,8,768,576,768,864,61440
384x384x384w84-8-12,384,384,384,84,8,12,84-8-12,M00,5376,12,86272,84,8064,28416,1536,8,768,640,768,960,61440
384x384x384w12-16-40,384,384,384,12,16,40,12-16-40,00K,1536,40,93696,12,3840,20992,10240,16,5120,128,5120,320,61440
384x384x384w12-8-84,384,384,384,12,8,84,12-8-84,00K,768,84,86272,12,8064,28416,10752,8,5376,64,5376,672,61440
384x384x384w49-8-20,384,384,384,49,8,20,49-8-20,M0K,3136,20,90176,49,7840,24512,2560,8,1280,384,1280,960,61440
384x384x384w25-8-39,384,384,384,25,8,39,25-8-39,M0K,1600,39,90896,25,7800,23792,4992,8,2496,192,2496,936,61440
384x384x384w12-8-83,384,384,384,12,8,83,12-8-83,00K,768,83,86592,12,7968,28096,10624,8,5312,64,5312,664,61440
384x384x384w26-24-12,384,384,384,26,24,12,26-24-12,M00,4992,12,95104,26,2496,19584,4608,24,2304,576,2304,288,61440
384x384x384w40-8-25,384,384,384,40,8,25,40-8-25,M0K,2560,25,90368,40,8000,24320,3200,8,1600,320,1600,1000,61440
384x384x384w24-24-13,384,384,384,24,24,13,24-24-13,00K,4608,13,95488,24,2496,19200,4992,24,2496,576,2496,312,61440
384x384x384w12-16-42,384,384,384,12,16,42,12-16-42,00K,1536,42,92800,12,4032,21888,10752,16,5376,128,5376,336,61440
384x384x384w9-32-27,384,384,384,9,32,27,9-32-27,M0K,2304,27,92368,9,1944,22320,13824,32,6912,256,6912,216,61560
384x384x384w9-40-22,384,384,384,9,40,22,9-40-22,MNK,2880,22,91680,9,1584,23008,14080,40,7040,320,7040,176,61560
384x384x384w9-32-26,384,384,384,9,32,26,9-32-26,M0K,2304,26,93024,9,1872,21664,13312,32,6656,256,6656,208,61560
384x384x384w9-72-13,384,384,384,9,72,13,9-72-13,MNK,5184,13,87472,9,936,27216,14976,72,7488,576,7488,104,61560
384x384x384w9-64-13,384,384,384,9,64,13,9-64-13,M0K,4608,13,90288,9,936,24400,13312,64,6656,512,6656,104,61560
384x384x384w11-40-18,384,384,384,11,40,18,11-40-18,MNK,3520,18,92960,11,1584,21728,11520,40,5760,320,5760,144,61600
384x384x384w10-40-20,384,384,384,10,40,20,10-40-20,MNK,3200,20,92288,10,1600,22400,12800,40,6400,320,6400,160,61600
384x384x384w13-72-9,384,384,384,13,72,9,13-72-9,MNK,7488,9,87472,13,936,27216,10368,72,5184,576,5184,72,61662
384x384x384w13-64-9,384,384,384,13,64,9,13-64-9,M0K,6656,9,90288,13,936,24400,9216,64,4608,512,4608,72,61662
384x384x384w57-8-17,384,384,384,57,8,17,57-8-17,M0K,3648,17,89712,57,7752,24976,2176,8,1088,448,1088,952,61824
384x384x384w28-16-17,384,384,384,28,16,17,28-16-17,M0K,3584,17,95552,28,3808,19136,4352,16,2176,384,2176,408,61824
384x384x384w17-8-59,384,384,384,17,8,59,17-8-59,M0K,1088,59,88912,17,8024,25776,7552,8,3776,128,3776,944,61824
384x384x384w17-8-60,384,384,384,17,8,60,17-8-60,M0K,1088,60,88512,17,8160,26176,7680,8,3840,128,3840,960,61824
384x384x384w55-8-17,384,384,384,55,8,17,55-8-17,M0K,3520,17,90512,55,7480,24176,2176,8,1088,384,1088,816,61824
384x384x384w17-16-29,384,384,384,17,16,29,17-16-29,M0K,2176,29,95024,17,3944,19664,7424,16,3712,256,3712,464,61824
384x384x384w17-24-19,384,384,384,17,24,19,17-24-19,M0K,3264,19,95696,17,2584,18992,7296,24,3648,384,3648,304,61824
384x384x384w17-8-55,384,384,384,17,8,55,17-8-55,M0K,1088,55,90512,17,7480,24176,7040,8,3520,128,3520,880,61824
384x384x384w60-8-17,384,384,384,60,8,17,60-8-17,M0K,3840,17,88512,60,8160,26176,2176,8,1088,448,1088,952,61824
384x384x384w17-8-57,384,384,384,17,8,57,17-8-57,M0K,1088,57,89712,17,7752,24976,7296,8,3648,128,3648,912,61824
384x384x384w17-56-8,384,384,384,17,56,8,17-56-8,MN0,7616,8,90112,17,1088,24576,7168,56,3584,896,3584,128,61824
384x384x384w8-56-17,384,384,384,8,56,17,8-56-17,0NK,3584,17,90112,8,1088,24576,15232,56,7616,448,7616,136,61824
384x384x384w17-8-56,384,384,384,17,8,56,17-8-56,M0K,1088,56,90112,17,7616,24576,7168,8,3584,128,3584,896,61824
384x384x384w59-8-17,384,384,384,59,8,17,59-8-17,M0K,3776,17,88912,59,8024,25776,2176,8,1088,448,1088,952,61824
384x384x384w17-8-58,384,384,384,17,8,58,17-8-58,M0K,1088,58,89312,17,7888,25376,7424,8,3712,128,3712,928,61824
384x384x384w58-8-17,384,384,384,58,8,17,58-8-17,M0K,3712,17,89312,58,7888,25376,2176,8,1088,448,1088,952,61824
384x384x384w17-32-14,384,384,384,17,32,14,17-32-14,M0K,4352,14,95008,17,1904,19680,7168,32,3584,512,3584,224,61824
384x384x384w17-16-28,384,384,384,17,16,28,17-16-28,M0K,2176,28,95552,17,3808,19136,7168,16,3584,256,3584,448,61824
384x384x384w56-8-17,384,384,384,56,8,17,56-8-17,M0K,3584,17,90112,56,7616,24576,2176,8,1088,448,1088,952,61824
384x384x384w26-32-9,384,384,384,26,32,9,26-32-9,M0K,6656,9,93024,26,1872,21664,4608,32,2304,768,2304,216,61920
384x384x384w22-40-9,384,384,384,22,40,9,22-40-9,MNK,7040,9,91680,22,1584,23008,5760,40,2880,640,2880,144,61920
384x384x384w23-16-21,384,384,384,23,16,21,23-16-21,M0K,2944,21,95696,23,3864,18992,5376,16,2688,256,2688,336,62016
384x384x384w13-40-15,384,384,384,13,40,15,13-40-15,MNK,4160,15,93648,13,1560,21040,9600,40,4800,320,4800,120,62140
384x384x384w29-24-11,384,384,384,29,24,11,29-24-11,M0K,5568,11,94224,29,2552,20464,4224,24,2112,576,2112,264,62160
384x384x384w14-40-14,384,384,384,14,40,14,14-40-14,MNK,4480,14,93632,14,1568,21056,8960,40,4480,320,4480,112,62160
384x384x384w14-48-11,384,384,384,14,48,11,14-48-11,M0K,5376,11,93024,14,1232,21664,8448,48,4224,384,4224,88,62160
384x384x384w44-8-22,384,384,384,44,8,22,44-8-22,M0K,2816,22,90752,44,7744,23936,2816,8,1408,320,1408,880,62208
384x384x384w22-8-44,384,384,384,22,8,44,22-8-44,M0K,1408,44,90752,22,7744,23936,5632,8,2816,128,2816,704,62208
384x384x384w22-16-22,384,384,384,22,16,22,22-16-22,M0K,2816,22,95680,22,3872,19008,5632,16,2816,256,2816,352,62208
384x384x384w127-8-8,384,384,384,127,8,8,127-8-8,M00,8128,8,81152,127,8128,33536,1024,8,512,960,512,960,62208
384x384x384w22-8-46,384,384,384,22,8,46,22-8-46,M0K,1408,46,89792,22,8096,24896,5888,8,2944,128,2944,736,62208
384x384x384w46-8-22,384,384,384,46,8,22,46-8-22,M0K,2944,22,89792,46,8096,24896,2816,8,1408,320,1408,880,62208
384x384x384w63-16-8,384,384,384,63,16,8,63-16-8,M00,8064,8,88448,63,4032,26240,2048,16,1024,896,1024,448,62208
384x384x384w22-8-43,384,384,384,22,8,43,22-8-43,M0K,1408,43,91232,22,7568,23456,5504,8,2752,128,2752,688,62208
384x384x384w22-8-45,384,384,384,22,8,45,22-8-45,M0K,1408,45,90272,22,7920,24416,5760,8,2880,128,2880,720,62208
384x384x384w45-8-22,384,384,384,45,8,22,45-8-22,M0K,2880,22,90272,45,7920,24416,2816,8,1408,320,1408,880,62208
384x384x384w43-8-22,384,384,384,43,8,22,43-8-22,M0K,2752,22,91232,43,7568,23456,2816,8,1408,320,1408,880,62208
384x384x384w63-8-16,384,384,384,63,8,16,63-8-16,M00,4032,16,88448,63,8064,26240,2048,8,1024,448,1024,896,62208
384x384x384w9-56-15,384,384,384,9,56,15,9-56-15,MNK,4032,15,91024,9,1080,23664,13440,56,6720,448,6720,120,62244
384x384x384w27-16-18,384,384,384,27,16,18,27-16-18,M0K,3456,18,95392,27,3888,19296,4608,16,2304,384,2304,432,62304
384x384x384w27-8-37,384,384,384,27,8,37,27-8-37,M0K,1728,37,90512,27,7992,24176,4736,8,2368,192,2368,888,62304
384x384x384w27-8-36,384,384,384,27,8,36,27-8-36,M0K,1728,36,91072,27,7776,23616,4608,8,2304,192,2304,864,62304
384x384x384w27-8-35,384,384,384,27,8,35,27-8-35,M0K,1728,35,91632,27,7560,23056,4480,8,2240,192,2240,840,62304
384x384x384w21-24-15,384,384,384,21,24,15,21-24-15,M0K,4032,15,95824,21,2520,18864,5760,24,2880,384,2880,240,62400
384x384x384w15-40-13,384,384,384,15,40,13,15-40-13,MNK,4800,13,93648,15,1560,21040,8320,40,4160,320,4160,104,62400
384x384x384w15-56-9,384,384,384,15,56,9,15-56-9,MNK,6720,9,91024,15,1080,23664,8064,56,4032,448,4032,72,62608
384x384x384w18-16-26,384,384,384,18,16,26,18-16-26,M0K,2304,26,95936,18,3744,18752,6656,16,3328,256,3328,416,62640
384x384x384w18-32-13,384,384,384,18,32,13,18-32-13,M0K,4608,13,95072,18,1872,19616,6656,32,3328,512,3328,208,62640
384x384x384w18-16-27,384,384,384,18,16,27,18-16-27,M0K,2304,27,95392,18,3888,19296,6912,16,3456,256,3456,432,62640
384x384x384w12-56-11,384,384,384,12,56,11,12-56-11,0NK,5376,11,91968,12,1056,22720,9856,56,4928,448,4928,88,62720
384x384x384w11-48-14,384,384,384,11,48,14,11-48-14,M0K,4224,14,93024,11,1232,21664,10752,48,5376,384,5376,112,62720
384x384x384w11-56-12,384,384,384,11,56,12,11-56-12,MN0,4928,12,91968,11,1056,22720,10752,56,5376,448,5376,96,62720
384x384x384w11-24-28,384,384,384,11,24,28,11-24-28,M0K,2112,28,94784,11,2464,19904,10752,24,5376,192,5376,224,62720
384x384x384w11-24-29,384,384,384,11,24,29,11-24-29,M0K,2112,29,94224,11,2552,20464,11136,24,5568,192,5568,232,62720
384x384x384w28-24-11,384,384,384,28,24,11,28-24-11,M0K,5376,11,94784,28,2464,19904,4224,24,2112,576,2112,264,62720
384x384x384w10-32-23,384,384,384,10,32,23,10-32-23,M0K,2560,23,94112,10,1840,20576,11776,32,5888,256,5888,184,62832
384x384x384w9-48-17,384,384,384,9,48,17,9-48-17,M0K,3456,17,92272,9,1224,22416,13056,48,6528,384,6528,136,62928
384x384x384w19-8-49,384,384,384,19,8,49,19-8-49,M0K,1216,49,91088,19,7448,23600,6272,8,3136,128,3136,784,62976
384x384x384w19-8-48,384,384,384,19,8,48,19-8-48,M00,1216,48,91520,19,7296,23168,6144,8,3072,128,3072,768,62976
384x384x384w19-8-50,384,384,384,19,8,50,19-8-50,M0K,1216,50,90656,19,7600,24032,6400,8,3200,128,3200,800,62976
384x384x384w19-16-25,384,384,384,19,16,25,19-16-25,M0K,2432,25,95824,19,3800,18864,6400,16,3200,256,3200,400,62976
384x384x384w19-24-16,384,384,384,19,24,16,19-24-16,M00,3648,16,96384,19,2432,18304,6144,24,3072,384,3072,256,62976
384x384x384w19-48-8,384,384,384,19,48,8,19-48-8,M00,7296,8,91520,19,1216,23168,6144,48,3072,768,3072,128,62976
384x384x384w19-8-51,384,384,384,19,8,51,19-8-51,M0K,1216,51,90224,19,7752,24464,6528,8,3264,128,3264,816,62976
384x384x384w19-8-53,384,384,384,19,8,53,19-8-53,M0K,1216,53,89360,19,8056,25328,6784,8,3392,128,3392,848,62976
384x384x384w19-32-12,384,384,384,19,32,12,19-32-12,M00,4864,12,95168,19,1824,19520,6144,32,3072,512,3072,192,62976
384x384x384w19-16-24,384,384,384,19,16,24,19-16-24,M00,2432,24,96384,19,3648,18304,6144,16,3072,256,3072,384,62976
384x384x384w19-8-52,384,384,384,19,8,52,19-8-52,M0K,1216,52,89792,19,7904,24896,6656,8,3328,128,3328,832,62976
384x384x384w21-32-11,384,384,384,21,32,11,21-32-11,M0K,5376,11,94608,21,1848,20080,5632,32,2816,512,2816,176,63000
384x384x384w13-16-38,384,384,384,13,16,38,13-16-38,M0K,1664,38,93728,13,3952,20960,9728,16,4864,128,4864,304,63096
384x384x384w13-16-36,384,384,384,13,16,36,13-16-36,M0K,1664,36,94656,13,3744,20032,9216,16,4608,128,4608,288,63096
384x384x384w13-16-35,384,384,384,13,16,35,13-16-35,M0K,1664,35,95120,13,3640,19568,8960,16,4480,128,4480,280,63096
384x384x384w13-16-37,384,384,384,13,16,37,13-16-37,M0K,1664,37,94192,13,3848,20496,9472,16,4736,128,4736,296,63096
384x384x384w13-32-18,384,384,384,13,32,18,13-32-18,M0K,3328,18,95072,13,1872,19616,9216,32,4608,256,4608,144,63096
384x384x384w15-24-21,384,384,384,15,24,21,15-24-21,M0K,2880,21,95824,15,2520,18864,8064,24,4032,192,4032,168,63232
384x384x384w17-48-9,384,384,384,17,48,9,17-48-9,M0K,6528,9,92272,17,1224,22416,6912,48,3456,768,3456,144,63296
384x384x384w35-8-27,384,384,384,35,8,27,35-8-27,M0K,2240,27,91632,35,7560,23056,3456,8,1728,256,1728,864,63360
384x384x384w36-8-26,384,384,384,36,8,26,36-8-26,M0K,2304,26,91776,36,7488,22912,3328,8,1664,256,1664,832,63360
384x384x384w36-8-27,384,384,384,36,8,27,36-8-27,M0K,2304,27,91072,36,7776,23616,3456,8,1728,256,1728,864,63360
384x384x384w37-8-26,384,384,384,37,8,26,37-8-26,M0K,2368,26,91232,37,7696,23456,3328,8,1664,256,1664,832,63360
384x384x384w37-16-13,384,384,384,37,16,13,37-16-13,M0K,4736,13,94192,37,3848,20496,3328,16,1664,512,1664,416,63360
384x384x384w35-16-13,384,384,384,35,16,13,35-16-13,M0K,4480,13,95120,35,3640,19568,3328,16,1664,512,1664,416,63360
384x384x384w36-16-13,384,384,384,36,16,13,36-16-13,M0K,4608,13,94656,36,3744,20032,3328,16,1664,512,1664,416,63360
384x384x384w37-8-27,384,384,384,37,8,27,37-8-27,M0K,2368,27,90512,37,7992,24176,3456,8,1728,256,1728,864,63360
384x384x384w35-8-26,384,384,384,35,8,26,35-8-26,M0K,2240,26,92320,35,7280,22368,3328,8,1664,256,1664,832,63360
384x384x384w26-8-37,384,384,384,26,8,37,26-8-37,M0K,1664,37,91232,26,7696,23456,4736,8,2368,192,2368,888,63360
384x384x384w26-8-36,384,384,384,26,8,36,26-8-36,M0K,1664,36,91776,26,7488,22912,4608,8,2304,192,2304,864,63360
384x384x384w26-16-18,384,384,384,26,16,18,26-16-18,M0K,3328,18,95936,26,3744,18752,4608,16,2304,384,2304,432,63360
384x384x384w76-8-13,384,384,384,76,8,13,76-8-13,M0K,4864,13,87488,76,7904,27200,1664,8,832,576,832,936,63360
384x384x384w26-8-38,384,384,384,26,8,38,26-8-38,M0K,1664,38,90688,26,7904,24000,4864,8,2432,192,2432,912,63360
384x384x384w26-8-35,384,384,384,26,8,35,26-8-35,M0K,1664,35,92320,26,7280,22368,4480,8,2240,192,2240,840,63360
384x384x384w42-8-23,384,384,384,42,8,23,42-8-23,M0K,2688,23,90912,42,7728,23776,2944,8,1472,320,1472,920,63648
384x384x384w20-16-23,384,384,384,20,16,23,20-16-23,M0K,2560,23,96320,20,3680,18368,5888,16,2944,256,2944,368,63648
384x384x384w23-32-10,384,384,384,23,32,10,23-32-10,M0K,5888,10,94112,23,1840,20576,5120,32,2560,512,2560,160,63648
384x384x384w11-32-21,384,384,384,11,32,21,11-32-21,M0K,2816,21,94608,11,1848,20080,10752,32,5376,256,5376,168,63840
384x384x384w14-8-66,384,384,384,14,8,66,14-8-66,M0K,896,66,89664,14,7392,25024,8448,8,4224,64,4224,528,63936
384x384x384w14-8-65,384,384,384,14,8,65,14-8-65,M0K,896,65,90016,14,7280,24672,8320,8,4160,64,4160,520,63936
384x384x384w14-8-72,384,384,384,14,8,72,14-8-72,M0K,896,72,87552,14,8064,27136,9216,8,4608,64,4608,576,63936
384x384x384w14-16-34,384,384,384,14,16,34,14-16-34,M0K,1792,34,94784,14,3808,19904,8704,16,4352,128,4352,272,63936
384x384x384w14-8-70,384,384,384,14,8,70,14-8-70,M0K,896,70,88256,14,7840,26432,8960,8,4480,64,4480,560,63936
384x384x384w14-32-16,384,384,384,14,32,16,14-32-16,M00,3584,16,95744,14,1792,18944,8192,32,4096,256,4096,128,63936
384x384x384w14-72-8,384,384,384,14,72,8,14-72-8,MN0,8064,8,87552,14,896,27136,9216,72,4608,576,4608,64,63936
384x384x384w29-16-16,384,384,384,29,16,16,29-16-16,M00,3712,16,95744,29,3712,18944,4096,16,2048,384,2048,384,63936
384x384x384w29-8-34,384,384,384,29,8,34,29-8-34,M0K,1856,34,90848,29,7888,23840,4352,8,2176,192,2176,816,63936
384x384x384w14-8-71,384,384,384,14,8,71,14-8-71,M0K,896,71,87904,14,7952,26784,9088,8,4544,64,4544,568,63936
384x384x384w14-8-67,384,384,384,14,8,67,14-8-67,M0K,896,67,89312,14,7504,25376,8576,8,4288,64,4288,536,63936
384x384x384w14-64-8,384,384,384,14,64,8,14-64-8,M00,7168,8,90368,14,896,24320,8192,64,4096,512,4096,64,63936
384x384x384w29-32-8,384,384,384,29,32,8,29-32-8,M00,7424,8,92032,29,1856,22656,4096,32,2048,768,2048,192,63936
384x384x384w29-8-33,384,384,384,29,8,33,29-8-33,M0K,1856,33,91440,29,7656,23248,4224,8,2112,192,2112,792,63936
384x384x384w14-8-69,384,384,384,14,8,69,14-8-69,M0K,896,69,88608,14,7728,26080,8832,8,4416,64,4416,552,63936
384x384x384w14-8-73,384,384,384,14,8,73,14-8-73,M0K,896,73,87200,14,8176,27488,9344,8,4672,64,4672,584,63936
384x384x384w14-8-64,384,384,384,14,8,64,14-8-64,M00,896,64,90368,14,7168,24320,8192,8,4096,64,4096,512,63936
384x384x384w14-8-68,384,384,384,14,8,68,14-8-68,M0K,896,68,88960,14,7616,25728,8704,8,4352,64,4352,544,63936
384x384x384w14-16-32,384,384,384,14,16,32,14-16-32,M00,1792,32,95744,14,3584,18944,8192,16,4096,128,4096,256,63936
384x384x384w14-24-22,384,384,384,14,24,22,14-24-22,M0K,2688,22,95936,14,2464,18752,8448,24,4224,192,4224,176,63936
384x384x384w29-8-32,384,384,384,29,8,32,29-8-32,M00,1856,32,92032,29,7424,22656,4096,8,2048,192,2048,768,63936
384x384x384w14-16-33,384,384,384,14,16,33,14-16-33,M0K,1792,33,95264,14,3696,19424,8448,16,4224,128,4224,264,63936
384x384x384w19-40-10,384,384,384,19,40,10,19-40-10,MNK,6080,10,93088,19,1520,21600,6400,40,3200,640,3200,160,63960
384x384x384w54-16-9,384,384,384,54,16,9,54-16-9,M0K,6912,9,90784,54,3888,23904,2304,16,1152,768,1152,432,63984
384x384x384w18-24-17,384,384,384,18,24,17,18-24-17,M0K,3456,17,96352,18,2448,18336,6528,24,3264,384,3264,272,64032
384x384x384w10-48-15,384,384,384,10,48,15,10-48-15,M0K,3840,15,93088,10,1200,21600,11520,48,5760,384,5760,120,64064
384x384x384w10-24-30,384,384,384,10,24,30,10-24-30,M0K,1920,30,94528,10,2400,20160,11520,24,5760,192,5760,240,64064
384x384x384w10-24-31,384,384,384,10,24,31,10-24-31,M0K,1920,31,93984,10,2480,20704,11904,24,5952,192,5952,248,64064
384x384x384w17-40-11,384,384,384,17,40,11,17-40-11,MNK,5440,11,93776,17,1496,20912,7040,40,3520,640,3520,176,64400
384x384x384w11-40-17,384,384,384,11,40,17,11-40-17,MNK,3520,17,93776,11,1496,20912,10880,40,5440,320,5440,136,64400
384x384x384w21-40-9,384,384,384,21,40,9,21-40-9,MNK,6720,9,92464,21,1512,22224,5760,40,2880,640,2880,144,64500
384x384x384w56-16-8,384,384,384,56,16,8,56-16-8,M00,7168,8,91136,56,3584,23552,2048,16,1024,896,1024,448,64512
384x384x384w8-16-55,384,384,384,8,16,55,8-16-55,00K,1024,55,91520,8,3520,23168,14080,16,7040,128,7040,440,64512
384x384x384w16-8-60,384,384,384,16,8,60,16-8-60,00K,1024,60,89600,16,7680,25088,7680,8,3840,128,3840,960,64512
384x384x384w16-8-57,384,384,384,16,8,57,16-8-57,00K,1024,57,90752,16,7296,23936,7296,8,3648,128,3648,912,64512
384x384x384w61-8-16,384,384,384,61,8,16,61-8-16,M00,3904,16,89216,61,7808,25472,2048,8,1024,448,1024,896,64512
384x384x384w8-16-59,384,384,384,8,16,59,8-16-59,00K,1024,59,89984,8,3776,24704,15104,16,7552,128,7552,472,64512
384x384x384w55-16-8,384,384,384,55,16,8,55-16-8,M00,7040,8,91520,55,3520,23168,2048,16,1024,768,1024,384,64512
384x384x384w55-8-16,384,384,384,55,8,16,55-8-16,M00,3520,16,91520,55,7040,23168,2048,8,1024,384,1024,768,64512
384x384x384w33-8-29,384,384,384,33,8,29,33-8-29,M0K,2112,29,91440,33,7656,23248,3712,8,1856,256,1856,928,64512
384x384x384w16-56-8,384,384,384,16,56,8,16-56-8,0N0,7168,8,91136,16,1024,23552,7168,56,3584,896,3584,128,64512
384x384x384w8-16-61,384,384,384,8,16,61,8-16-61,00K,1024,61,89216,8,3904,25472,15616,16,7808,128,7808,488,64512
384x384x384w8-16-63,384,384,384,8,16,63,8-16-63,00K,1024,63,88448,8,4032,26240,16128,16,8064,128,8064,504,64512
384x384x384w48-8-19,384,384,384,48,8,19,48-8-19,00K,3072,19,91520,48,7296,23168,2432,8,1216,384,1216,912,64512
384x384x384w8-32-28,384,384,384,8,32,28,8-32-28,00K,2048,28,92672,8,1792,22016,14336,32,7168,256,7168,224,64512
384x384x384w12-32-19,384,384,384,12,32,19,12-32-19,00K,3072,19,95168,12,1824,19520,9728,32,4864,256,4864,152,64512
384x384x384w8-64-14,384,384,384,8,64,14,8-64-14,00K,4096,14,90368,8,896,24320,14336,64,7168,512,7168,112,64512
384x384x384w33-8-28,384,384,384,33,8,28,33-8-28,M0K,2112,28,92096,33,7392,22592,3584,8,1792,256,1792,896,64512
384x384x384w16-8-55,384,384,384,16,8,55,16-8-55,00K,1024,55,91520,16,7040,23168,7040,8,3520,128,3520,880,64512
384x384x384w28-32-8,384,384,384,28,32,8,28-32-8,M00,7168,8,92672,28,1792,22016,4096,32,2048,768,2048,192,64512
384x384x384w60-16-8,384,384,384,60,16,8,60-16-8,M00,7680,8,89600,60,3840,25088,2048,16,1024,896,1024,448,64512
384x384x384w72-8-14,384,384,384,72,8,14,72-8-14,M0K,4608,14,87552,72,8064,27136,1792,8,896,576,896,1008,64512
384x384x384w22-24-14,384,384,384,22,24,14,22-24-14,M0K,4224,14,95936,22,2464,18752,5376,24,2688,384,2688,224,64512
384x384x384w16-8-58,384,384,384,16,8,58,16-8-58,00K,1024,58,90368,16,7424,24320,7424,8,3712,128,3712,928,64512
384x384x384w65-8-14,384,384,384,65,8,14,65-8-14,M0K,4160,14,90016,65,7280,24672,1792,8,896,512,896,896,64512
384x384x384w70-8-14,384,384,384,70,8,14,70-8-14,M0K,4480,14,88256,70,7840,26432,1792,8,896,512,896,896,64512
384x384x384w57-16-8,384,384,384,57,16,8,57-16-8,M00,7296,8,90752,57,3648,23936,2048,16,1024,896,1024,448,64512
384x384x384w8-16-58,384,384,384,8,16,58,8-16-58,00K,1024,58,90368,8,3712,24320,14848,16,7424,128,7424,464,64512
384x384x384w32-16-14,384,384,384,32,16,14,32-16-14,00K,4096,14,95744,32,3584,18944,3584,16,1792,512,1792,448,64512
384x384x384w52-8-19,384,384,384,52,8,19,52-8-19,M0K,3328,19,89792,52,7904,24896,2432,8,1216,384,1216,912,64512
384x384x384w16-8-63,384,384,384,16,8,63,16-8-63,00K,1024,63,88448,16,8064,26240,8064,8,4032,128,4032,1008,64512
384x384x384w38-8-24,384,384,384,38,8,24,38-8-24,M00,2432,24,92160,38,7296,22528,3072,8,1536,256,1536,768,64512
384x384x384w49-8-19,384,384,384,49,8,19,49-8-19,M0K,3136,19,91088,49,7448,23600,2432,8,1216,384,1216,912,64512
384x384x384w8-16-60,384,384,384,8,16,60,8-16-60,00K,1024,60,89600,8,3840,25088,15360,16,7680,128,7680,480,64512
384x384x384w33-16-14,384,384,384,33,16,14,33-16-14,M0K,4224,14,95264,33,3696,19424,3584,16,1792,512,1792,448,64512
384x384x384w28-8-32,384,384,384,28,8,32,28-8-32,M00,1792,32,92672,28,7168,22016,4096,8,2048,192,2048,768,64512
384x384x384w38-24-8,384,384,384,38,24,8,38-24-8,M00,7296,8,92160,38,2432,22528,3072,24,1536,768,1536,256,64512
384x384x384w8-16-57,384,384,384,8,16,57,8-16-57,00K,1024,57,90752,8,3648,23936,14592,16,7296,128,7296,456,64512
384x384x384w38-8-25,384,384,384,38,8,25,38-8-25,M0K,2432,25,91424,38,7600,23264,3200,8,1600,256,1600,800,64512
384x384x384w58-8-16,384,384,384,58,8,16,58-8-16,M00,3712,16,90368,58,7424,24320,2048,8,1024,448,1024,896,64512
384x384x384w16-8-56,384,384,384,16,8,56,16-8-56,00K,1024,56,91136,16,7168,23552,7168,8,3584,128,3584,896,64512
384x384x384w34-16-14,384,384,384,34,16,14,34-16-14,M0K,4352,14,94784,34,3808,19904,3584,16,1792,512,1792,448,64512
384x384x384w59-8-16,384,384,384,59,8,16,59-8-16,M00,3776,16,89984,59,7552,24704,2048,8,1024,448,1024,896,64512
384x384x384w60-8-16,384,384,384,60,8,16,60-8-16,M00,3840,16,89600,60,7680,25088,2048,8,1024,448,1024,896,64512
384x384x384w59-16-8,384,384,384,59,16,8,59-16-8,M00,7552,8,89984,59,3776,24704,2048,16,1024,896,1024,448,64512
384x384x384w38-16-12,384,384,384,38,16,12,38-16-12,M00,4864,12,94592,38,3648,20096,3072,16,1536,512,1536,384,64512
384x384x384w8-48-19,384,384,384,8,48,19,8-48-19,00K,3072,19,91520,8,1216,23168,14592,48,7296,384,7296,152,64512
384x384x384w16-8-59,384,384,384,16,8,59,16-8-59,00K,1024,59,89984,16,7552,24704,7552,8,3776,128,3776,944,64512
384x384x384w71-8-14,384,384,384,71,8,14,71-8-14,M0K,4544,14,87904,71,7952,26784,1792,8,896,512,896,896,64512
384x384x384w16-32-14,384,384,384,16,32,14,16-32-14,00K,4096,14,95744,16,1792,18944,7168,32,3584,512,3584,224,64512
384x384x384w64-8-14,384,384,384,64,8,14,64-8-14,00K,4096,14,90368,64,7168,24320,1792,8,896,512,896,896,64512
384x384x384w16-8-61,384,384,384,16,8,61,16-8-61,00K,1024,61,89216,16,7808,25472,7808,8,3904,128,3904,976,64512
384x384x384w56-8-16,384,384,384,56,8,16,56-8-16,M00,3584,16,91136,56,7168,23552,2048,8,1024,448,1024,896,64512
384x384x384w50-8-19,384,384,384,50,8,19,50-8-19,M0K,3200,19,90656,50,7600,24032,2432,8,1216,384,1216,912,64512
384x384x384w28-8-34,384,384,384,28,8,34,28-8-34,M0K,1792,34,91520,28,7616,23168,4352,8,2176,192,2176,816,64512
384x384x384w34-8-28,384,384,384,34,8,28,34-8-28,M0K,2176,28,91520,34,7616,23168,3584,8,1792,256,1792,896,64512
384x384x384w61-16-8,384,384,384,61,16,8,61-16-8,M00,7808,8,89216,61,3904,25472,2048,16,1024,896,1024,448,64512
384x384x384w53-8-19,384,384,384,53,8,19,53-8-19,M0K,3392,19,89360,53,8056,25328,2432,8,1216,384,1216,912,64512
384x384x384w32-8-28,384,384,384,32,8,28,32-8-28,00K,2048,28,92672,32,7168,22016,3584,8,1792,256,1792,896,64512
384x384x384w8-56-16,384,384,384,8,56,16,8-56-16,0N0,3584,16,91136,8,1024,23552,14336,56,7168,448,7168,128,64512
384x384x384w62-16-8,384,384,384,62,16,8,62-16-8,M00,7936,8,88832,62,3968,25856,2048,16,1024,896,1024,448,64512
384x384x384w8-16-56,384,384,384,8,16,56,8-16-56,00K,1024,56,91136,8,3584,23552,14336,16,7168,128,7168,448,64512
384x384x384w51-8-19,384,384,384,51,8,19,51-8-19,M0K,3264,19,90224,51,7752,24464,2432,8,1216,384,1216,912,64512
384x384x384w66-8-14,384,384,384,66,8,14,66-8-14,M0K,4224,14,89664,66,7392,25024,1792,8,896,512,896,896,64512
384x384x384w67-8-14,384,384,384,67,8,14,67-8-14,M0K,4288,14,89312,67,7504,25376,1792,8,896,512,896,896,64512
384x384x384w58-16-8,384,384,384,58,16,8,58-16-8,M00,7424,8,90368,58,3712,24320,2048,16,1024,896,1024,448,64512
384x384x384w16-16-28,384,384,384,16,16,28,16-16-28,00K,2048,28,96256,16,3584,18432,7168,16,3584,256,3584,448,64512
384x384x384w32-8-29,384,384,384,32,8,29,32-8-29,00K,2048,29,92032,32,7424,22656,3712,8,1856,256,1856,928,64512
384x384x384w68-8-14,384,384,384,68,8,14,68-8-14,M0K,4352,14,88960,68,7616,25728,1792,8,896,512,896,896,64512
384x384x384w8-32-29,384,384,384,8,32,29,8-32-29,00K,2048,29,92032,8,1856,22656,14848,32,7424,256,7424,232,64512
384x384x384w16-8-62,384,384,384,16,8,62,16-8-62,00K,1024,62,88832,16,7936,25856,7936,8,3968,128,3968,992,64512
384x384x384w57-8-16,384,384,384,57,8,16,57-8-16,M00,3648,16,90752,57,7296,23936,2048,8,1024,448,1024,896,64512
384x384x384w16-24-19,384,384,384,16,24,19,16-24-19,00K,3072,19,96384,16,2432,18304,7296,24,3648,384,3648,304,64512
384x384x384w24-16-19,384,384,384,24,16,19,24-16-19,00K,3072,19,96384,24,3648,18304,4864,16,2432,384,2432,456,64512
384x384x384w69-8-14,384,384,384,69,8,14,69-8-14,M0K,4416,14,88608,69,7728,26080,1792,8,896,512,896,896,64512
384x384x384w28-8-33,384,384,384,28,8,33,28-8-33,M0K,1792,33,92096,28,7392,22592,4224,8,2112,192,2112,792,64512
384x384x384w28-16-16,384,384,384,28,16,16,28-16-16,M00,3584,16,96256,28,3584,18432,4096,16,2048,384,2048,384,64512
384x384x384w16-16-29,384,384,384,16,16,29,16-16-29,00K,2048,29,95744,16,3712,18944,7424,16,3712,256,3712,464,64512
384x384x384w62-8-16,384,384,384,62,8,16,62-8-16,M00,3968,16,88832,62,7936,25856,2048,8,1024,448,1024,896,64512
384x384x384w8-16-62,384,384,384,8,16,62,8-16-62,00K,1024,62,88832,8,3968,25856,15872,16,7936,128,7936,496,64512
384x384x384w73-8-14,384,384,384,73,8,14,73-8-14,M0K,4672,14,87200,73,8176,27488,1792,8,896,576,896,1008,64512
384x384x384w25-16-19,384,384,384,25,16,19,25-16-19,M0K,3200,19,95824,25,3800,18864,4864,16,2432,384,2432,456,64512
384x384x384w34-8-29,384,384,384,34,8,29,34-8-29,M0K,2176,29,90848,34,7888,23840,3712,8,1856,256,1856,928,64512
384x384x384w8-72-14,384,384,384,8,72,14,8-72-14,0NK,4608,14,87552,8,896,27136,16128,72,8064,576,8064,112,64512
384x384x384w10-72-11,384,384,384,10,72,11,10-72-11,MNK,5760,11,88736,10,880,25952,12672,72,6336,576,6336,88,64680
384x384x384w10-56-13,384,384,384,10,56,13,10-56-13,MNK,4480,13,92000,10,1040,22688,11648,56,5824,448,5824,104,64680
384x384x384w10-64-11,384,384,384,10,64,11,10-64-11,M0K,5120,11,91424,10,880,23264,11264,64,5632,512,5632,88,64680
384x384x384w10-40-19,384,384,384,10,40,19,10-40-19,MNK,3200,19,93088,10,1520,21600,12160,40,6080,320,6080,152,64680
384x384x384w17-24-18,384,384,384,17,24,18,17-24-18,M0K,3264,18,96352,17,2448,18336,6912,24,3456,384,3456,288,64768
384x384x384w21-16-22,384,384,384,21,16,22,21-16-22,M0K,2688,22,96288,21,3696,18400,5632,16,2816,256,2816,352,64800
384x384x384w21-8-44,384,384,384,21,8,44,21-8-44,M0K,1344,44,91584,21,7392,23104,5632,8,2816,128,2816,704,64800
384x384x384w21-8-46,384,384,384,21,8,46,21-8-46,M0K,1344,46,90656,21,7728,24032,5888,8,2944,128,2944,736,64800
384x384x384w21-8-47,384,384,384,21,8,47,21-8-47,M0K,1344,47,90192,21,7896,24496,6016,8,3008,128,3008,752,64800
384x384x384w21-8-45,384,384,384,21,8,45,21-8-45,M0K,1344,45,91120,21,7560,23568,5760,8,2880,128,2880,720,64800
384x384x384w21-8-43,384,384,384,21,8,43,21-8-43,M0K,1344,43,92048,21,7224,22640,5504,8,2752,128,2752,688,64800
384x384x384w30-8-30,384,384,384,30,8,30,30-8-30,M0K,1920,30,92608,30,7200,22080,3840,8,1920,192,1920,720,64896
384x384x384w30-16-15,384,384,384,30,16,15,30-16-15,M0K,3840,15,95968,30,3600,18720,3840,16,1920,384,1920,360,64896
384x384x384w15-16-31,384,384,384,15,16,31,15-16-31,M0K,1920,31,95472,15,3720,19216,7936,16,3968,128,3968,248,64896
384x384x384w31-24-10,384,384,384,31,24,10,31-24-10,M0K,5952,10,93984,31,2480,20704,3840,24,1920,576,1920,240,64896
384x384x384w15-48-10,384,384,384,15,48,10,15-48-10,M0K,5760,10,93088,15,1200,21600,7680,48,3840,384,3840,80,64896
384x384x384w31-8-30,384,384,384,31,8,30,31-8-30,M0K,1984,30,92000,31,7440,22688,3840,8,1920,192,1920,720,64896
384x384x384w30-8-31,384,384,384,30,8,31,30-8-31,M0K,1920,31,92000,30,7440,22688,3968,8,1984,192,1984,744,64896
384x384x384w31-8-31,384,384,384,31,8,31,31-8-31,M0K,1984,31,91376,31,7688,23312,3968,8,1984,192,1984,744,64896
384x384x384w30-24-10,384,384,384,30,24,10,30-24-10,M0K,5760,10,94528,30,2400,20160,3840,24,1920,576,1920,240,64896
384x384x384w20-24-15,384,384,384,20,24,15,20-24-15,M0K,3840,15,96448,20,2400,18240,5760,24,2880,384,2880,240,64896
384x384x384w15-16-30,384,384,384,15,16,30,15-16-30,M0K,1920,30,95968,15,3600,18720,7680,16,3840,128,3840,240,64896
384x384x384w31-16-15,384,384,384,31,16,15,31-16-15,M0K,3968,15,95472,31,3720,19216,3840,16,1920,384,1920,360,64896
384x384x384w15-32-15,384,384,384,15,32,15,15-32-15,M0K,3840,15,95728,15,1800,18960,7680,32,3840,256,3840,120,64896
384x384x384w9-40-21,384,384,384,9,40,21,9-40-21,MNK,2880,21,92464,9,1512,22224,13440,40,6720,320,6720,168,64980
384x384x384w13-24-23,384,384,384,13,24,23,13-24-23,M0K,2496,23,96080,13,2392,18608,8832,24,4416,192,4416,184,65008
384x384x384w27-16-17,384,384,384,27,16,17,27-16-17,M0K,3456,17,96080,27,3672,18608,4352,16,2176,384,2176,408,65136
384x384x384w13-56-10,384,384,384,13,56,10,13-56-10,MNK,5824,10,92000,13,1040,22688,8960,56,4480,448,4480,80,65247
384x384x384w23-8-41,384,384,384,23,8,41,23-8-41,M0K,1472,41,91408,23,7544,23280,5248,8,2624,128,2624,656,65280
384x384x384w39-8-23,384,384,384,39,8,23,39-8-23,M0K,2496,23,92400,39,7176,22288,2944,8,1472,256,1472,736,65280
384x384x384w40-8-23,384,384,384,40,8,23,40-8-23,M0K,2560,23,91904,40,7360,22784,2944,8,1472,320,1472,920,65280
384x384x384w23-40-8,384,384,384,23,40,8,23-40-8,MN0,7360,8,91904,23,1472,22784,5120,40,2560,640,2560,128,65280
384x384x384w23-24-13,384,384,384,23,24,13,23-24-13,M0K,4416,13,96080,23,2392,18608,4992,24,2496,384,2496,208,65280
384x384x384w23-8-39,384,384,384,23,8,39,23-8-39,M0K,1472,39,92400,23,7176,22288,4992,8,2496,128,2496,624,65280
384x384x384w23-8-42,384,384,384,23,8,42,23-8-42,M0K,1472,42,90912,23,7728,23776,5376,8,2688,128,2688,672,65280
384x384x384w23-8-40,384,384,384,23,8,40,23-8-40,M0K,1472,40,91904,23,7360,22784,5120,8,2560,128,2560,640,65280
384x384x384w23-16-20,384,384,384,23,16,20,23-16-20,M0K,2944,20,96320,23,3680,18368,5120,16,2560,256,2560,320,65280
384x384x384w8-40-23,384,384,384,8,40,23,8-40-23,0NK,2560,23,91904,8,1472,22784,14720,40,7360,320,7360,184,65280
384x384x384w41-8-23,384,384,384,41,8,23,41-8-23,M0K,2624,23,91408,41,7544,23280,2944,8,1472,320,1472,920,65280
384x384x384w54-8-18,384,384,384,54,8,18,54-8-18,M0K,3456,18,89920,54,7776,24768,2304,8,1152,384,1152,864,65472
384x384x384w11-72-10,384,384,384,11,72,10,11-72-10,MNK,6336,10,88736,11,880,25952,11520,72,5760,576,5760,80,65520
384x384x384w20-32-11,384,384,384,20,32,11,20-32-11,M0K,5120,11,95296,20,1760,19392,5632,32,2816,512,2816,176,65520
384x384x384w11-64-10,384,384,384,11,64,10,11-64-10,M0K,5632,10,91424,11,880,23264,10240,64,5120,512,5120,80,65520
384x384x384w42-16-11,384,384,384,42,16,11,42-16-11,M0K,5376,11,93728,42,3696,20960,2816,16,1408,640,1408,440,65520
384x384x384w24-24-12,384,384,384,24,24,12,24-24-12,000,4608,12,96256,24,2304,18432,4608,24,2304,576,2304,288,65536
384x384x384w12-24-25,384,384,384,12,24,25,12-24-25,00K,2304,25,95680,12,2400,19008,9600,24,4800,192,4800,200,65536
384x384x384w12-48-12,384,384,384,12,48,12,12-48-12,000,4608,12,93952,12,1152,20736,9216,48,4608,384,4608,96,65536
384x384x384w12-24-24,384,384,384,12,24,24,12-24-24,000,2304,24,96256,12,2304,18432,9216,24,4608,192,4608,192,65536
384x384x384w25-24-12,384,384,384,25,24,12,25-24-12,M00,4800,12,95680,25,2400,19008,4608,24,2304,576,2304,288,65536
384x384x384w9-16-51,384,384,384,9,16,51,9-16-51,M0K,1152,51,91984,9,3672,22704,13056,16,6528,128,6528,408,65664
384x384x384w9-8-109,384,384,384,9,8,109,9-8-109,M0K,576,109,83888,9,7848,30800,13952,8,6976,64,6976,872,65664
384x384x384w9-8-102,384,384,384,9,8,102,9-8-102,M0K,576,102,85792,9,7344,28896,13056,8,6528,64,6528,816,65664
384x384x384w44-8-21,384,384,384,44,8,21,44-8-21,M0K,2816,21,91584,44,7392,23104,2688,8,1344,320,1344,840,65664
384x384x384w46-8-21,384,384,384,46,8,21,46-8-21,M0K,2944,21,90656,46,7728,24032,2688,8,1344,320,1344,840,65664
384x384x384w9-8-106,384,384,384,9,8,106,9-8-106,M0K,576,106,84704,9,7632,29984,13568,8,6784,64,6784,848,65664
384x384x384w9-8-111,384,384,384,9,8,111,9-8-111,M0K,576,111,83344,9,7992,31344,14208,8,7104,64,7104,888,65664
384x384x384w9-8-104,384,384,384,9,8,104,9-8-104,M0K,576,104,85248,9,7488,29440,13312,8,6656,64,6656,832,65664
384x384x384w9-32-24,384,384,384,9,32,24,9-32-24,M00,2304,24,94336,9,1728,20352,12288,32,6144,256,6144,192,65664
384x384x384w9-8-103,384,384,384,9,8,103,9-8-103,M0K,576,103,85520,9,7416,29168,13184,8,6592,64,6592,824,65664
384x384x384w9-16-49,384,384,384,9,16,49,9-16-49,M0K,1152,49,92784,9,3528,21904,12544,16,6272,128,6272,392,65664
384x384x384w9-24-32,384,384,384,9,24,32,9-24-32,M00,1728,32,94336,9,2304,20352,12288,24,6144,192,6144,256,65664
384x384x384w9-96-8,384,384,384,9,96,8,9-96-8,M00,6912,8,87424,9,576,27264,12288,96,6144,768,6144,64,65664
384x384x384w9-72-12,384,384,384,9,72,12,9-72-12,MN0,5184,12,88768,9,864,25920,13824,72,6912,576,6912,96,65664
384x384x384w9-8-99,384,384,384,9,8,99,9-8-99,M0K,576,99,86608,9,7128,28080,12672,8,6336,64,6336,792,65664
384x384x384w45-8-21,384,384,384,45,8,21,45-8-21,M0K,2880,21,91120,45,7560,23568,2688,8,1344,320,1344,840,65664
384x384x384w9-24-33,384,384,384,9,24,33,9-24-33,M0K,1728,33,93808,9,2376,20880,12672,24,6336,192,6336,264,65664
384x384x384w9-16-54,384,384,384,9,16,54,9-16-54,M0K,1152,54,90784,9,3888,23904,13824,16,6912,128,6912,432,65664
384x384x384w47-8-21,384,384,384,47,8,21,47-8-21,M0K,3008,21,90192,47,7896,24496,2688,8,1344,320,1344,840,65664
384x384x384w9-16-50,384,384,384,9,16,50,9-16-50,M0K,1152,50,92384,9,3600,22304,12800,16,6400,128,6400,400,65664
384x384x384w43-8-21,384,384,384,43,8,21,43-8-21,M0K,2752,21,92048,43,7224,22640,2688,8,1344,320,1344,840,65664
384x384x384w9-8-97,384,384,384,9,8,97,9-8-97,M0K,576,97,87152,9,6984,27536,12416,8,6208,64,6208,776,65664
384x384x384w9-8-112,384,384,384,9,8,112,9-8-112,M0K,576,112,83072,9,8064,31616,14336,8,7168,64,7168,896,65664
384x384x384w9-8-113,384,384,384,9,8,113,9-8-113,M0K,576,113,82800,9,8136,31888,14464,8,7232,64,7232,904,65664
384x384x384w9-8-108,384,384,384,9,8,108,9-8-108,M0K,576,108,84160,9,7776,30528,13824,8,6912,64,6912,864,65664
384x384x384w9-8-98,384,384,384,9,8,98,9-8-98,M0K,576,98,86880,9,7056,27808,12544,8,6272,64,6272,784,65664
384x384x384w9-8-100,384,384,384,9,8,100,9-8-100,M0K,576,100,86336,9,7200,28352,12800,8,6400,64,6400,800,65664
384x384x384w9-24-34,384,384,384,9,24,34,9-24-34,M0K,1728,34,93280,9,2448,21408,13056,24,6528,192,6528,272,65664
384x384x384w9-48-16,384,384,384,9,48,16,9-48-16,M00,3456,16,93184,9,1152,21504,12288,48,6144,384,6144,128,65664
384x384x384w9-104-8,384,384,384,9,104,8,9-104-8,MN0,7488,8,85248,9,576,29440,13312,104,6656,832,6656,64,65664
384x384x384w22-16-21,384,384,384,22,16,21,22-16-21,M0K,2816,21,96288,22,3696,18400,5376,16,2688,256,2688,336,65664
384x384x384w9-32-25,384,384,384,9,32,25,9-32-25,M0K,2304,25,93680,9,1800,21008,12800,32,6400,256,6400,200,65664
384x384x384w9-8-110,384,384,384,9,8,110,9-8-110,M0K,576,110,83616,9,7920,31072,14080,8,7040,64,7040,880,65664
384x384x384w9-8-107,384,384,384,9,8,107,9-8-107,M0K,576,107,84432,9,7704,30256,13696,8,6848,64,6848,856,65664
384x384x384w9-8-96,384,384,384,9,8,96,9-8-96,M00,576,96,87424,9,6912,27264,12288,8,6144,64,6144,768,65664
384x384x384w9-16-48,384,384,384,9,16,48,9-16-48,M00,1152,48,93184,9,3456,21504,12288,16,6144,128,6144,384,65664
384x384x384w9-16-53,384,384,384,9,16,53,9-16-53,M0K,1152,53,91184,9,3816,23504,13568,16,6784,128,6784,424,65664
384x384x384w9-8-101,384,384,384,9,8,101,9-8-101,M0K,576,101,86064,9,7272,28624,12928,8,6464,64,6464,808,65664
384x384x384w9-16-52,384,384,384,9,16,52,9-16-52,M0K,1152,52,91584,9,3744,23104,13312,16,6656,128,6656,416,65664
384x384x384w9-112-8,384,384,384,9,112,8,9-112-8,MN0,8064,8,83072,9,576,31616,14336,112,7168,896,7168,64,65664
384x384x384w9-64-12,384,384,384,9,64,12,9-64-12,M00,4608,12,91456,9,864,23232,12288,64,6144,512,6144,96,65664
384x384x384w9-8-105,384,384,384,9,8,105,9-8-105,M0K,576,105,84976,9,7560,29712,13440,8,6720,64,6720,840,65664
384x384x384w13-32-17,384,384,384,13,32,17,13-32-17,M0K,3328,17,95792,13,1768,18896,8704,32,4352,256,4352,136,65964
384x384x384w24-32-9,384,384,384,24,32,9,24-32-9,00K,6144,9,94336,24,1728,20352,4608,32,2304,768,2304,216,66048
384x384x384w51-16-9,384,384,384,51,16,9,51-16-9,M0K,6528,9,91984,51,3672,22704,2304,16,1152,768,1152,432,66048
384x384x384w110-8-9,384,384,384,110,8,9,110-8-9,M0K,7040,9,83616,110,7920,31072,1152,8,576,832,576,936,66048
384x384x384w96-8-9,384,384,384,96,8,9,96-8-9,00K,6144,9,87424,96,6912,27264,1152,8,576,768,576,864,66048
384x384x384w12-64-9,384,384,384,12,64,9,12-64-9,00K,6144,9,91456,12,864,23232,9216,64,4608,512,4608,72,66048
384x384x384w34-24-9,384,384,384,34,24,9,34-24-9,M0K,6528,9,93280,34,2448,21408,3456,24,1728,768,1728,288,66048
384x384x384w106-8-9,384,384,384,106,8,9,106-8-9,M0K,6784,9,84704,106,7632,29984,1152,8,576,832,576,936,66048
384x384x384w107-8-9,384,384,384,107,8,9,107-8-9,M0K,6848,9,84432,107,7704,30256,1152,8,576,832,576,936,66048
384x384x384w8-96-9,384,384,384,8,96,9,8-96-9,00K,6144,9,87424,8,576,27264,13824,96,6912,768,6912,72,66048
384x384x384w25-32-9,384,384,384,25,32,9,25-32-9,M0K,6400,9,93680,25,1800,21008,4608,32,2304,768,2304,216,66048
384x384x384w16-48-9,384,384,384,16,48,9,16-48-9,00K,6144,9,93184,16,1152,21504,6912,48,3456,768,3456,144,66048
384x384x384w102-8-9,384,384,384,102,8,9,102-8-9,M0K,6528,9,85792,102,7344,28896,1152,8,576,768,576,864,66048
384x384x384w103-8-9,384,384,384,103,8,9,103-8-9,M0K,6592,9,85520,103,7416,29168,1152,8,576,768,576,864,66048
384x384x384w101-8-9,384,384,384,101,8,9,101-8-9,M0K,6464,9,86064,101,7272,28624,1152,8,576,768,576,864,66048
384x384x384w8-112-9,384,384,384,8,112,9,8-112-9,0NK,7168,9,83072,8,576,31616,16128,112,8064,896,8064,72,66048
384x384x384w48-16-9,384,384,384,48,16,9,48-16-9,00K,6144,9,93184,48,3456,21504,2304,16,1152,768,1152,432,66048
384x384x384w100-8-9,384,384,384,100,8,9,100-8-9,M0K,6400,9,86336,100,7200,28352,1152,8,576,768,576,864,66048
384x384x384w98-8-9,384,384,384,98,8,9,98-8-9,M0K,6272,9,86880,98,7056,27808,1152,8,576,768,576,864,66048
384x384x384w52-16-9,384,384,384,52,16,9,52-16-9,M0K,6656,9,91584,52,3744,23104,2304,16,1152,768,1152,432,66048
384x384x384w97-8-9,384,384,384,97,8,9,97-8-9,M0K,6208,9,87152,97,6984,27536,1152,8,576,768,576,864,66048
384x384x384w53-16-9,384,384,384,53,16,9,53-16-9,M0K,6784,9,91184,53,3816,23504,2304,16,1152,768,1152,432,66048
384x384x384w99-8-9,384,384,384,99,8,9,99-8-9,M0K,6336,9,86608,99,7128,28080,1152,8,576,768,576,864,66048
384x384x384w12-72-9,384,384,384,12,72,9,12-72-9,0NK,6912,9,88768,12,864,25920,10368,72,5184,576,5184,72,66048
384x384x384w112-8-9,384,384,384,112,8,9,112-8-9,M0K,7168,9,83072,112,8064,31616,1152,8,576,896,576,1008,66048
384x384x384w49-16-9,384,384,384,49,16,9,49-16-9,M0K,6272,9,92784,49,3528,21904,2304,16,1152,768,1152,432,66048
384x384x384w113-8-9,384,384,384,113,8,9,113-8-9,M0K,7232,9,82800,113,8136,31888,1152,8,576,896,576,1008,66048
384x384x384w33-24-9,384,384,384,33,24,9,33-24-9,M0K,6336,9,93808,33,2376,20880,3456,24,1728,768,1728,288,66048
384x384x384w8-104-9,384,384,384,8,104,9,8-104-9,0NK,6656,9,85248,8,576,29440,14976,104,7488,832,7488,72,66048
384x384x384w50-16-9,384,384,384,50,16,9,50-16-9,M0K,6400,9,92384,50,3600,22304,2304,16,1152,768,1152,432,66048
384x384x384w32-24-9,384,384,384,32,24,9,32-24-9,00K,6144,9,94336,32,2304,20352,3456,24,1728,768,1728,288,66048
384x384x384w111-8-9,384,384,384,111,8,9,111-8-9,M0K,7104,9,83344,111,7992,31344,1152,8,576,832,576,936,66048
384x384x384w108-8-9,384,384,384,108,8,9,108-8-9,M0K,6912,9,84160,108,7776,30528,1152,8,576,832,576,936,66048
384x384x384w105-8-9,384,384,384,105,8,9,105-8-9,M0K,6720,9,84976,105,7560,29712,1152,8,576,832,576,936,66048
384x384x384w104-8-9,384,384,384,104,8,9,104-8-9,M0K,6656,9,85248,104,7488,29440,1152,8,576,832,576,936,66048
384x384x384w109-8-9,384,384,384,109,8,9,109-8-9,M0K,6976,9,83888,109,7848,30800,1152,8,576,832,576,936,66048
384x384x384w27-24-11,384,384,384,27,24,11,27-24-11,M0K,5184,11,95344,27,2376,19344,4224,24,2112,576,2112,264,66080
384x384x384w10-80-9,384,384,384,10,80,9,10-80-9,MNK,6400,9,88928,10,720,25760,11520,80,5760,640,5760,72,66220
384x384x384w10-88-9,384,384,384,10,88,9,10-88-9,MNK,7040,9,86496,10,720,28192,12672,88,6336,704,6336,72,66220
384x384x384w17-16-27,384,384,384,17,16,27,17-16-27,M0K,2176,27,96080,17,3672,18608,6912,16,3456,256,3456,432,66240
384x384x384w17-32-13,384,384,384,17,32,13,17-32-13,M0K,4352,13,95792,17,1768,18896,6656,32,3328,512,3328,208,66240
384x384x384w26-16-17,384,384,384,26,16,17,26-16-17,M0K,3328,17,96608,26,3536,18080,4352,16,2176,384,2176,408,66240
384x384x384w17-16-26,384,384,384,17,16,26,17-16-26,M0K,2176,26,96608,17,3536,18080,6656,16,3328,256,3328,416,66240
384x384x384w10-16-44,384,384,384,10,16,44,10-16-44,M0K,1280,44,93824,10,3520,20864,11264,16,5632,128,5632,352,66528
384x384x384w10-32-22,384,384,384,10,32,22,10-32-22,M0K,2560,22,94784,10,1760,19904,11264,32,5632,256,5632,176,66528
384x384x384w10-16-47,384,384,384,10,16,47,10-16-47,M0K,1280,47,92576,10,3760,22112,12032,16,6016,128,6016,376,66528
384x384x384w10-16-45,384,384,384,10,16,45,10-16-45,M0K,1280,45,93408,10,3600,21280,11520,16,5760,128,5760,360,66528
384x384x384w10-16-43,384,384,384,10,16,43,10-16-43,M0K,1280,43,94240,10,3440,20448,11008,16,5504,128,5504,344,66528
384x384x384w10-16-46,384,384,384,10,16,46,10-16-46,M0K,1280,46,92992,10,3680,21696,11776,16,5888,128,5888,368,66528
384x384x384w15-40-12,384,384,384,15,40,12,15-40-12,MN0,4800,12,94528,15,1440,20160,7680,40,3840,320,3840,96,66560
384x384x384w12-40-15,384,384,384,12,40,15,12-40-15,0NK,3840,15,94528,12,1440,20160,9600,40,4800,320,4800,120,66560
384x384x384w15-24-20,384,384,384,15,24,20,15-24-20,M0K,2880,20,96448,15,2400,18240,7680,24,3840,192,3840,160,66560
384x384x384w14-40-13,384,384,384,14,40,13,14-40-13,MNK,4480,13,94496,14,1456,20192,8320,40,4160,320,4160,104,66600
384x384x384w9-80-10,384,384,384,9,80,10,9-80-10,MNK,5760,10,88928,9,720,25760,12800,80,6400,640,6400,80,66690
384x384x384w9-88-10,384,384,384,9,88,10,9-88-10,MNK,6336,10,86496,9,720,28192,14080,88,7040,704,7040,80,66690
384x384x384w18-8-52,384,384,384,18,8,52,18-8-52,M0K,1152,52,90752,18,7488,23936,6656,8,3328,128,3328,832,66816
384x384x384w18-16-25,384,384,384,18,16,25,18-16-25,M0K,2304,25,96480,18,3600,18208,6400,16,3200,256,3200,400,66816
384x384x384w18-24-16,384,384,384,18,24,16,18-24-16,M00,3456,16,97024,18,2304,17664,6144,24,3072,384,3072,256,66816
384x384x384w18-8-54,384,384,384,18,8,54,18-8-54,M0K,1152,54,89920,18,7776,24768,6912,8,3456,128,3456,864,66816
384x384x384w18-8-49,384,384,384,18,8,49,18-8-49,M0K,1152,49,92000,18,7056,22688,6272,8,3136,128,3136,784,66816
384x384x384w18-16-24,384,384,384,18,16,24,18-16-24,M00,2304,24,97024,18,3456,17664,6144,16,3072,256,3072,384,66816
384x384x384w18-8-53,384,384,384,18,8,53,18-8-53,M0K,1152,53,90336,18,7632,24352,6784,8,3392,128,3392,848,66816
384x384x384w18-32-12,384,384,384,18,32,12,18-32-12,M00,4608,12,95872,18,1728,18816,6144,32,3072,512,3072,192,66816
384x384x384w18-8-48,384,384,384,18,8,48,18-8-48,M00,1152,48,92416,18,6912,22272,6144,8,3072,128,3072,768,66816
384x384x384w18-48-8,384,384,384,18,48,8,18-48-8,M00,6912,8,92416,18,1152,22272,6144,48,3072,768,3072,128,66816
384x384x384w18-8-51,384,384,384,18,8,51,18-8-51,M0K,1152,51,91168,18,7344,23520,6528,8,3264,128,3264,816,66816
384x384x384w18-8-50,384,384,384,18,8,50,18-8-50,M0K,1152,50,91584,18,7200,23104,6400,8,3200,128,3200,800,66816
384x384x384w14-56-9,384,384,384,14,56,9,14-56-9,MNK,6272,9,92064,14,1008,22624,8064,56,4032,448,4032,72,66822
384x384x384w19-16-23,384,384,384,19,16,23,19-16-23,M0K,2432,23,96944,19,3496,17744,5888,16,2944,256,2944,368,66912
384x384x384w13-48-11,384,384,384,13,48,11,13-48-11,M0K,4992,11,93968,13,1144,20720,8448,48,4224,384,4224,88,66920
384x384x384w13-40-14,384,384,384,13,40,14,13-40-14,MNK,4160,14,94496,13,1456,20192,8960,40,4480,320,4480,112,66920
384x384x384w9-56-14,384,384,384,9,56,14,9-56-14,MNK,4032,14,92064,9,1008,22624,12544,56,6272,448,6272,112,67032
384x384x384w20-40-9,384,384,384,20,40,9,20-40-9,MNK,6400,9,93248,20,1440,21440,5760,40,2880,640,2880,144,67080
384x384x384w11-16-41,384,384,384,11,16,41,11-16-41,M0K,1408,41,94160,11,3608,20528,10496,16,5248,128,5248,328,67200
384x384x384w78-8-11,384,384,384,78,8,11,78-8-11,M0K,4992,11,89568,78,6864,25120,1408,8,704,576,704,792,67200
384x384x384w16-40-11,384,384,384,16,40,11,16-40-11,0NK,5120,11,94592,16,1408,20096,7040,40,3520,640,3520,176,67200
384x384x384w11-8-88,384,384,384,11,8,88,11-8-88,M0K,704,88,86528,11,7744,28160,11264,8,5632,64,5632,704,67200
384x384x384w11-88-8,384,384,384,11,88,8,11-88-8,MN0,7744,8,86528,11,704,28160,11264,88,5632,704,5632,64,67200
384x384x384w11-8-91,384,384,384,11,8,91,11-8-91,M0K,704,91,85616,11,8008,29072,11648,8,5824,64,5824,728,67200
384x384x384w8-80-11,384,384,384,8,80,11,8-80-11,0NK,5120,11,88960,8,704,25728,14080,80,7040,640,7040,88,67200
384x384x384w11-24-26,384,384,384,11,24,26,11-24-26,M0K,2112,26,95904,11,2288,18784,9984,24,4992,192,4992,208,67200
384x384x384w26-24-11,384,384,384,26,24,11,26-24-11,M0K,4992,11,95904,26,2288,18784,4224,24,2112,576,2112,264,67200
384x384x384w11-8-83,384,384,384,11,8,83,11-8-83,M0K,704,83,88048,11,7304,26640,10624,8,5312,64,5312,664,67200
384x384x384w11-8-84,384,384,384,11,8,84,11-8-84,M0K,704,84,87744,11,7392,26944,10752,8,5376,64,5376,672,67200
384x384x384w87-8-11,384,384,384,87,8,11,87-8-11,M0K,5568,11,86832,87,7656,27856,1408,8,704,640,704,880,67200
384x384x384w11-8-93,384,384,384,11,8,93,11-8-93,M0K,704,93,85008,11,8184,29680,11904,8,5952,64,5952,744,67200
384x384x384w11-16-42,384,384,384,11,16,42,11-16-42,M0K,1408,42,93728,11,3696,20960,10752,16,5376,128,5376,336,67200
384x384x384w11-8-89,384,384,384,11,8,89,11-8-89,M0K,704,89,86224,11,7832,28464,11392,8,5696,64,5696,712,67200
384x384x384w11-40-16,384,384,384,11,40,16,11-40-16,MN0,3520,16,94592,11,1408,20096,10240,40,5120,320,5120,128,67200
384x384x384w88-8-11,384,384,384,88,8,11,88-8-11,M0K,5632,11,86528,88,7744,28160,1408,8,704,704,704,968,67200
384x384x384w41-16-11,384,384,384,41,16,11,41-16-11,M0K,5248,11,94160,41,3608,20528,2816,16,1408,640,1408,440,67200
384x384x384w11-8-90,384,384,384,11,8,90,11-8-90,M0K,704,90,85920,11,7920,28768,11520,8,5760,64,5760,720,67200
384x384x384w80-8-11,384,384,384,80,8,11,80-8-11,M0K,5120,11,88960,80,7040,25728,1408,8,704,640,704,880,67200
384x384x384w11-8-82,384,384,384,11,8,82,11-8-82,M0K,704,82,88352,11,7216,26336,10496,8,5248,64,5248,656,67200
384x384x384w11-8-92,384,384,384,11,8,92,11-8-92,M0K,704,92,85312,11,8096,29376,11776,8,5888,64,5888,736,67200
384x384x384w11-8-85,384,384,384,11,8,85,11-8-85,M0K,704,85,87440,11,7480,27248,10880,8,5440,64,5440,680,67200
384x384x384w81-8-11,384,384,384,81,8,11,81-8-11,M0K,5184,11,88656,81,7128,26032,1408,8,704,640,704,880,67200
384x384x384w39-16-11,384,384,384,39,16,11,39-16-11,M0K,4992,11,95024,39,3432,19664,2816,16,1408,512,1408,352,67200
384x384x384w92-8-11,384,384,384,92,8,11,92-8-11,M0K,5888,11,85312,92,8096,29376,1408,8,704,704,704,968,67200
384x384x384w77-8-11,384,384,384,77,8,11,77-8-11,M0K,4928,11,89872,77,6776,24816,1408,8,704,576,704,792,67200
384x384x384w90-8-11,384,384,384,90,8,11,90-8-11,M0K,5760,11,85920,90,7920,28768,1408,8,704,704,704,968,67200
384x384x384w11-8-81,384,384,384,11,8,81,11-8-81,M0K,704,81,88656,11,7128,26032,10368,8,5184,64,5184,648,67200
384x384x384w89-8-11,384,384,384,89,8,11,89-8-11,M0K,5696,11,86224,89,7832,28464,1408,8,704,704,704,968,67200
384x384x384w40-16-11,384,384,384,40,16,11,40-16-11,M0K,5120,11,94592,40,3520,20096,2816,16,1408,640,1408,440,67200
384x384x384w11-8-77,384,384,384,11,8,77,11-8-77,M0K,704,77,89872,11,6776,24816,9856,8,4928,64,4928,616,67200
384x384x384w82-8-11,384,384,384,82,8,11,82-8-11,M0K,5248,11,88352,82,7216,26336,1408,8,704,640,704,880,67200
384x384x384w84-8-11,384,384,384,84,8,11,84-8-11,M0K,5376,11,87744,84,7392,26944,1408,8,704,640,704,880,67200
384x384x384w93-8-11,384,384,384,93,8,11,93-8-11,M0K,5952,11,85008,93,8184,29680,1408,8,704,704,704,968,67200
384x384x384w79-8-11,384,384,384,79,8,11,79-8-11,M0K,5056,11,89264,79,6952,25424,1408,8,704,576,704,792,67200
384x384x384w11-16-40,384,384,384,11,16,40,11-16-40,M0K,1408,40,94592,11,3520,20096,10240,16,5120,128,5120,320,67200
384x384x384w11-32-20,384,384,384,11,32,20,11-32-20,M0K,2816,20,95296,11,1760,19392,10240,32,5120,256,5120,160,67200
384x384x384w11-8-80,384,384,384,11,8,80,11-8-80,M0K,704,80,88960,11,7040,25728,10240,8,5120,64,5120,640,67200
384x384x384w85-8-11,384,384,384,85,8,11,85-8-11,M0K,5440,11,87440,85,7480,27248,1408,8,704,640,704,880,67200
384x384x384w21-24-14,384,384,384,21,24,14,21-24-14,M0K,4032,14,96544,21,2352,18144,5376,24,2688,384,2688,224,67200
384x384x384w11-8-78,384,384,384,11,8,78,11-8-78,M0K,704,78,89568,11,6864,25120,9984,8,4992,64,4992,624,67200
384x384x384w11-8-87,384,384,384,11,8,87,11-8-87,M0K,704,87,86832,11,7656,27856,11136,8,5568,64,5568,696,67200
384x384x384w11-8-86,384,384,384,11,8,86,11-8-86,M0K,704,86,87136,11,7568,27552,11008,8,5504,64,5504,688,67200
384x384x384w83-8-11,384,384,384,83,8,11,83-8-11,M0K,5312,11,88048,83,7304,26640,1408,8,704,640,704,880,67200
384x384x384w11-16-39,384,384,384,11,16,39,11-16-39,M0K,1408,39,95024,11,3432,19664,9984,16,4992,128,4992,312,67200
384x384x384w11-80-8,384,384,384,11,80,8,11-80-8,MN0,7040,8,88960,11,704,25728,10240,80,5120,640,5120,64,67200
384x384x384w86-8-11,384,384,384,86,8,11,86-8-11,M0K,5504,11,87136,86,7568,27552,1408,8,704,640,704,880,67200
384x384x384w11-24-27,384,384,384,11,24,27,11-24-27,M0K,2112,27,95344,11,2376,19344,10368,24,5184,192,5184,216,67200
384x384x384w8-88-11,384,384,384,8,88,11,8-88-11,0NK,5632,11,86528,8,704,28160,15488,88,7744,704,7744,88,67200
384x384x384w11-8-79,384,384,384,11,8,79,11-8-79,M0K,704,79,89264,11,6952,25424,10112,8,5056,64,5056,632,67200
384x384x384w11-48-13,384,384,384,11,48,13,11-48-13,M0K,4224,13,93968,11,1144,20720,9984,48,4992,384,4992,104,67200
384x384x384w91-8-11,384,384,384,91,8,11,91-8-11,M0K,5824,11,85616,91,8008,29072,1408,8,704,704,704,968,67200
384x384x384w20-8-47,384,384,384,20,8,47,20-8-47,M0K,1280,47,91072,20,7520,23616,6016,8,3008,128,3008,752,67392
384x384x384w45-16-10,384,384,384,45,16,10,45-16-10,M0K,5760,10,93408,45,3600,21280,2560,16,1280,640,1280,400,67392
384x384x384w95-8-10,384,384,384,95,8,10,95-8-10,M0K,6080,10,86048,95,7600,28640,1280,8,640,704,640,880,67392
384x384x384w43-16-10,384,384,384,43,16,10,43-16-10,M0K,5504,10,94240,43,3440,20448,2560,16,1280,640,1280,400,67392
384x384x384w20-8-46,384,384,384,20,8,46,20-8-46,M0K,1280,46,91520,20,7360,23168,5888,8,2944,128,2944,736,67392
384x384x384w46-16-10,384,384,384,46,16,10,46-16-10,M0K,5888,10,92992,46,3680,21696,2560,16,1280,640,1280,400,67392
384x384x384w20-8-44,384,384,384,20,8,44,20-8-44,M0K,1280,44,92416,20,7040,22272,5632,8,2816,128,2816,704,67392
384x384x384w20-8-43,384,384,384,20,8,43,20-8-43,M0K,1280,43,92864,20,6880,21824,5504,8,2752,128,2752,688,67392
384x384x384w20-8-45,384,384,384,20,8,45,20-8-45,M0K,1280,45,91968,20,7200,22720,5760,8,2880,128,2880,720,67392
384x384x384w42-8-22,384,384,384,42,8,22,42-8-22,M0K,2688,22,91712,42,7392,22976,2816,8,1408,320,1408,880,67392
384x384x384w47-16-10,384,384,384,47,16,10,47-16-10,M0K,6016,10,92576,47,3760,22112,2560,16,1280,640,1280,400,67392
384x384x384w20-16-22,384,384,384,20,16,22,20-16-22,M0K,2560,22,96896,20,3520,17792,5632,16,2816,256,2816,352,67392
384x384x384w44-16-10,384,384,384,44,16,10,44-16-10,M0K,5632,10,93824,44,3520,20864,2560,16,1280,640,1280,400,67392
384x384x384w63-8-15,384,384,384,63,8,15,63-8-15,M0K,4032,15,89584,63,7560,25104,1920,8,960,448,960,840,67392
384x384x384w22-32-10,384,384,384,22,32,10,22-32-10,M0K,5632,10,94784,22,1760,19904,5120,32,2560,512,2560,160,67392
384x384x384w14-24-21,384,384,384,14,24,21,14-24-21,M0K,2688,21,96544,14,2352,18144,8064,24,4032,192,4032,168,67488
384x384x384w53-8-18,384,384,384,53,8,18,53-8-18,M0K,3392,18,90336,53,7632,24352,2304,8,1152,384,1152,864,67584
384x384x384w8-48-18,384,384,384,8,48,18,8-48-18,00K,3072,18,92416,8,1152,22272,13824,48,6912,384,6912,144,67584
384x384x384w36-16-12,384,384,384,36,16,12,36-16-12,M00,4608,12,95488,36,3456,19200,3072,16,1536,512,1536,384,67584
384x384x384w37-8-24,384,384,384,37,8,24,37-8-24,M00,2368,24,92672,37,7104,22016,3072,8,1536,256,1536,768,67584
384x384x384w8-24-38,384,384,384,8,24,38,8-24-38,00K,1536,38,92160,8,2432,22528,14592,24,7296,192,7296,304,67584
384x384x384w25-8-38,384,384,384,25,8,38,25-8-38,M0K,1600,38,91424,25,7600,23264,4864,8,2432,192,2432,912,67584
384x384x384w12-16-38,384,384,384,12,16,38,12-16-38,00K,1536,38,94592,12,3648,20096,9728,16,4864,128,4864,304,67584
384x384x384w37-24-8,384,384,384,37,24,8,37-24-8,M00,7104,8,92672,37,2368,22016,3072,24,1536,768,1536,256,67584
384x384x384w25-16-18,384,384,384,25,16,18,25-16-18,M0K,3200,18,96480,25,3600,18208,4608,16,2304,384,2304,432,67584
384x384x384w24-8-35,384,384,384,24,8,35,24-8-35,00K,1536,35,93696,24,6720,20992,4480,8,2240,192,2240,840,67584
384x384x384w16-24-18,384,384,384,16,24,18,16-24-18,00K,3072,18,97024,16,2304,17664,6912,24,3456,384,3456,288,67584
384x384x384w8-24-37,384,384,384,8,24,37,8-24-37,00K,1536,37,92672,8,2368,22016,14208,24,7104,192,7104,296,67584
384x384x384w35-24-8,384,384,384,35,24,8,35-24-8,M00,6720,8,93696,35,2240,20992,3072,24,1536,768,1536,256,67584
384x384x384w24-8-38,384,384,384,24,8,38,24-8-38,00K,1536,38,92160,24,7296,22528,4864,8,2432,192,2432,912,67584
384x384x384w37-16-12,384,384,384,37,16,12,37-16-12,M00,4736,12,95040,37,3552,19648,3072,16,1536,512,1536,384,67584
384x384x384w35-16-12,384,384,384,35,16,12,35-16-12,M00,4480,12,95936,35,3360,18752,3072,16,1536,512,1536,384,67584
384x384x384w8-24-35,384,384,384,8,24,35,8-24-35,00K,1536,35,93696,8,2240,20992,13440,24,6720,192,6720,280,67584
384x384x384w36-24-8,384,384,384,36,24,8,36-24-8,M00,6912,8,93184,36,2304,21504,3072,24,1536,768,1536,256,67584
384x384x384w12-16-37,384,384,384,12,16,37,12-16-37,00K,1536,37,95040,12,3552,19648,9472,16,4736,128,4736,296,67584
384x384x384w76-8-12,384,384,384,76,8,12,76-8-12,M00,4864,12,88832,76,7296,25856,1536,8,768,576,768,864,67584
384x384x384w25-8-36,384,384,384,25,8,36,25-8-36,M0K,1600,36,92480,25,7200,22208,4608,8,2304,192,2304,864,67584
384x384x384w12-16-35,384,384,384,12,16,35,12-16-35,00K,1536,35,95936,12,3360,18752,8960,16,4480,128,4480,280,67584
384x384x384w8-24-36,384,384,384,8,24,36,8-24-36,00K,1536,36,93184,8,2304,21504,13824,24,6912,192,6912,288,67584
384x384x384w24-8-37,384,384,384,24,8,37,24-8-37,00K,1536,37,92672,24,7104,22016,4736,8,2368,192,2368,888,67584
384x384x384w50-8-18,384,384,384,50,8,18,50-8-18,M0K,3200,18,91584,50,7200,23104,2304,8,1152,384,1152,864,67584
384x384x384w36-8-25,384,384,384,36,8,25,36-8-25,M0K,2304,25,92480,36,7200,22208,3200,8,1600,256,1600,800,67584
384x384x384w24-16-18,384,384,384,24,16,18,24-16-18,00K,3072,18,97024,24,3456,17664,4608,16,2304,384,2304,432,67584
384x384x384w35-8-24,384,384,384,35,8,24,35-8-24,M00,2240,24,93696,35,6720,20992,3072,8,1536,256,1536,768,67584
384x384x384w24-8-36,384,384,384,24,8,36,24-8-36,00K,1536,36,93184,24,6912,21504,4608,8,2304,192,2304,864,67584
384x384x384w36-8-24,384,384,384,36,8,24,36-8-24,M00,2304,24,93184,36,6912,21504,3072,8,1536,256,1536,768,67584
384x384x384w12-16-36,384,384,384,12,16,36,12-16-36,00K,1536,36,95488,12,3456,19200,9216,16,4608,128,4608,288,67584
384x384x384w25-8-35,384,384,384,25,8,35,25-8-35,M0K,1600,35,93008,25,7000,21680,4480,8,2240,192,2240,840,67584
384x384x384w49-8-18,384,384,384,49,8,18,49-8-18,M0K,3136,18,92000,49,7056,22688,2304,8,1152,384,1152,864,67584
384x384x384w51-8-18,384,384,384,51,8,18,51-8-18,M0K,3264,18,91168,51,7344,23520,2304,8,1152,384,1152,864,67584
384x384x384w35-8-25,384,384,384,35,8,25,35-8-25,M0K,2240,25,93008,35,7000,21680,3200,8,1600,256,1600,800,67584
384x384x384w48-8-18,384,384,384,48,8,18,48-8-18,00K,3072,18,92416,48,6912,22272,2304,8,1152,384,1152,864,67584
384x384x384w52-8-18,384,384,384,52,8,18,52-8-18,M0K,3328,18,90752,52,7488,23936,2304,8,1152,384,1152,864,67584
384x384x384w25-8-37,384,384,384,25,8,37,25-8-37,M0K,1600,37,91952,25,7400,22736,4736,8,2368,192,2368,888,67584
384x384x384w12-32-18,384,384,384,12,32,18,12-32-18,00K,3072,18,95872,12,1728,18816,9216,32,4608,256,4608,144,67584
384x384x384w37-8-25,384,384,384,37,8,25,37-8-25,M0K,2368,25,91952,37,7400,22736,3200,8,1600,256,1600,800,67584
384x384x384w17-24-17,384,384,384,17,24,17,17-24-17,M0K,3264,17,97008,17,2312,17680,6528,24,3264,384,3264,272,67712
384x384x384w10-40-18,384,384,384,10,40,18,10-40-18,MNK,3200,18,93888,10,1440,20800,11520,40,5760,320,5760,144,67760
384x384x384w18-40-10,384,384,384,18,40,10,18-40-10,MNK,5760,10,93888,18,1440,20800,6400,40,3200,640,3200,160,67860
384x384x384w27-16-16,384,384,384,27,16,16,27-16-16,M00,3456,16,96768,27,3456,17920,4096,16,2048,384,2048,384,67968
384x384x384w27-8-32,384,384,384,27,8,32,27-8-32,M00,1728,32,93312,27,6912,21376,4096,8,2048,192,2048,768,67968
384x384x384w27-8-34,384,384,384,27,8,34,27-8-34,M0K,1728,34,92192,27,7344,22496,4352,8,2176,192,2176,816,67968
384x384x384w27-8-33,384,384,384,27,8,33,27-8-33,M0K,1728,33,92752,27,7128,21936,4224,8,2112,192,2112,792,67968
384x384x384w27-32-8,384,384,384,27,32,8,27-32-8,M00,6912,8,93312,27,1728,21376,4096,32,2048,768,2048,192,67968
384x384x384w19-24-15,384,384,384,19,24,15,19-24-15,M0K,3648,15,97072,19,2280,17616,5760,24,2880,384,2880,240,68224
384x384x384w21-16-21,384,384,384,21,16,21,21-16-21,M0K,2688,21,96880,21,3528,17808,5376,16,2688,256,2688,336,68400
384x384x384w9-40-20,384,384,384,9,40,20,9-40-20,MNK,2880,20,93248,9,1440,21440,12800,40,6400,320,6400,160,68400
384x384x384w54-8-17,384,384,384,54,8,17,54-8-17,M0K,3456,17,90912,54,7344,23776,2176,8,1088,384,1088,816,68448
384x384x384w38-8-23,384,384,384,38,8,23,38-8-23,M0K,2432,23,92896,38,6992,21792,2944,8,1472,256,1472,736,68544
384x384x384w23-16-19,384,384,384,23,16,19,23-16-19,M0K,2944,19,96944,23,3496,17744,4864,16,2432,256,2432,304,68544
384x384x384w11-56-11,384,384,384,11,56,11,11-56-11,MNK,4928,11,93040,11,968,21648,9856,56,4928,448,4928,88,68600
384x384x384w13-8-70,384,384,384,13,8,70,13-8-70,M0K,832,70,89504,13,7280,25184,8960,8,4480,64,4480,560,68832
384x384x384w13-16-34,384,384,384,13,16,34,13-16-34,M0K,1664,34,95584,13,3536,19104,8704,16,4352,128,4352,272,68832
384x384x384w13-8-74,384,384,384,13,8,74,13-8-74,M0K,832,74,88160,13,7696,26528,9472,8,4736,64,4736,592,68832
384x384x384w13-16-33,384,384,384,13,16,33,13-16-33,M0K,1664,33,96048,13,3432,18640,8448,16,4224,128,4224,264,68832
384x384x384w13-72-8,384,384,384,13,72,8,13-72-8,MN0,7488,8,88832,13,832,25856,9216,72,4608,576,4608,64,68832
384x384x384w13-8-71,384,384,384,13,8,71,13-8-71,M0K,832,71,89168,13,7384,25520,9088,8,4544,64,4544,568,68832
384x384x384w13-32-16,384,384,384,13,32,16,13-32-16,M00,3328,16,96512,13,1664,18176,8192,32,4096,256,4096,128,68832
384x384x384w13-8-65,384,384,384,13,8,65,13-8-65,M0K,832,65,91184,13,6760,23504,8320,8,4160,64,4160,520,68832
384x384x384w13-8-68,384,384,384,13,8,68,13-8-68,M0K,832,68,90176,13,7072,24512,8704,8,4352,64,4352,544,68832
384x384x384w13-8-73,384,384,384,13,8,73,13-8-73,M0K,832,73,88496,13,7592,26192,9344,8,4672,64,4672,584,68832
384x384x384w13-24-22,384,384,384,13,24,22,13-24-22,M0K,2496,22,96672,13,2288,18016,8448,24,4224,192,4224,176,68832
384x384x384w13-8-72,384,384,384,13,8,72,13-8-72,M0K,832,72,88832,13,7488,25856,9216,8,4608,64,4608,576,68832
384x384x384w13-8-76,384,384,384,13,8,76,13-8-76,M0K,832,76,87488,13,7904,27200,9728,8,4864,64,4864,608,68832
384x384x384w13-8-64,384,384,384,13,8,64,13-8-64,M00,832,64,91520,13,6656,23168,8192,8,4096,64,4096,512,68832
384x384x384w13-64-8,384,384,384,13,64,8,13-64-8,M00,6656,8,91520,13,832,23168,8192,64,4096,512,4096,64,68832
384x384x384w13-8-69,384,384,384,13,8,69,13-8-69,M0K,832,69,89840,13,7176,24848,8832,8,4416,64,4416,552,68832
384x384x384w13-8-67,384,384,384,13,8,67,13-8-67,M0K,832,67,90512,13,6968,24176,8576,8,4288,64,4288,536,68832
384x384x384w13-8-66,384,384,384,13,8,66,13-8-66,M0K,832,66,90848,13,6864,23840,8448,8,4224,64,4224,528,68832
384x384x384w13-16-32,384,384,384,13,16,32,13-16-32,M00,1664,32,96512,13,3328,18176,8192,16,4096,128,4096,256,68832
384x384x384w13-8-75,384,384,384,13,8,75,13-8-75,M0K,832,75,87824,13,7800,26864,9600,8,4800,64,4800,600,68832
384x384x384w19-32-11,384,384,384,19,32,11,19-32-11,M0K,4864,11,95984,19,1672,18704,5632,32,2816,512,2816,176,68880
384x384x384w10-24-29,384,384,384,10,24,29,10-24-29,M0K,1920,29,95072,10,2320,19616,11136,24,5568,192,5568,232,68992
384x384x384w10-48-14,384,384,384,10,48,14,10-48-14,M0K,3840,14,94016,10,1120,20672,10752,48,5376,384,5376,112,68992
384x384x384w10-56-12,384,384,384,10,56,12,10-56-12,MN0,4480,12,93056,10,960,21632,10752,56,5376,448,5376,96,68992
384x384x384w10-24-28,384,384,384,10,24,28,10-24-28,M0K,1920,28,95616,10,2240,19072,10752,24,5376,192,5376,224,68992
384x384x384w16-32-13,384,384,384,16,32,13,16-32-13,00K,4096,13,96512,16,1664,18176,6656,32,3328,512,3328,208,69120
384x384x384w33-16-13,384,384,384,33,16,13,33-16-13,M0K,4224,13,96048,33,3432,18640,3328,16,1664,512,1664,416,69120
384x384x384w8-32-26,384,384,384,8,32,26,8-32-26,00K,2048,26,93952,8,1664,20736,13312,32,6656,256,6656,208,69120
384x384x384w47-8-20,384,384,384,47,8,20,47-8-20,M0K,3008,20,91072,47,7520,23616,2560,8,1280,320,1280,800,69120
384x384x384w75-8-13,384,384,384,75,8,13,75-8-13,M0K,4800,13,87824,75,7800,26864,1664,8,832,576,832,936,69120
384x384x384w67-8-13,384,384,384,67,8,13,67-8-13,M0K,4288,13,90512,67,6968,24176,1664,8,832,512,832,832,69120
384x384x384w39-8-22,384,384,384,39,8,22,39-8-22,M0K,2496,22,93152,39,6864,21536,2816,8,1408,256,1408,704,69120
384x384x384w8-40-22,384,384,384,8,40,22,8-40-22,0NK,2560,22,92672,8,1408,22016,14080,40,7040,320,7040,176,69120
384x384x384w22-40-8,384,384,384,22,40,8,22-40-8,MN0,7040,8,92672,22,1408,22016,5120,40,2560,640,2560,128,69120
384x384x384w34-8-27,384,384,384,34,8,27,34-8-27,M0K,2176,27,92192,34,7344,22496,3456,8,1728,256,1728,864,69120
384x384x384w40-8-22,384,384,384,40,8,22,40-8-22,M0K,2560,22,92672,40,7040,22016,2816,8,1408,320,1408,880,69120
384x384x384w70-8-13,384,384,384,70,8,13,70-8-13,M0K,4480,13,89504,70,7280,25184,1664,8,832,512,832,832,69120
384x384x384w32-16-13,384,384,384,32,16,13,32-16-13,00K,4096,13,96512,32,3328,18176,3328,16,1664,512,1664,416,69120
384x384x384w126-8-8,384,384,384,126,8,8,126-8-8,M00,8064,8,81408,126,8064,33280,1024,8,512,960,512,960,69120
384x384x384w26-8-33,384,384,384,26,8,33,26-8-33,M0K,1664,33,93408,26,6864,21280,4224,8,2112,192,2112,792,69120
384x384x384w74-8-13,384,384,384,74,8,13,74-8-13,M0K,4736,13,88160,74,7696,26528,1664,8,832,576,832,936,69120
384x384x384w44-8-20,384,384,384,44,8,20,44-8-20,M0K,2816,20,92416,44,7040,22272,2560,8,1280,320,1280,800,69120
384x384x384w34-8-26,384,384,384,34,8,26,34-8-26,M0K,2176,26,92864,34,7072,21824,3328,8,1664,256,1664,832,69120
384x384x384w22-8-42,384,384,384,22,8,42,22-8-42,M0K,1408,42,91712,22,7392,22976,5376,8,2688,128,2688,672,69120
384x384x384w69-8-13,384,384,384,69,8,13,69-8-13,M0K,4416,13,89840,69,7176,24848,1664,8,832,512,832,832,69120
384x384x384w22-24-13,384,384,384,22,24,13,22-24-13,M0K,4224,13,96672,22,2288,18016,4992,24,2496,384,2496,208,69120
384x384x384w32-8-26,384,384,384,32,8,26,32-8-26,00K,2048,26,93952,32,6656,20736,3328,8,1664,256,1664,832,69120
384x384x384w72-8-13,384,384,384,72,8,13,72-8-13,M0K,4608,13,88832,72,7488,25856,1664,8,832,576,832,936,69120
384x384x384w64-8-13,384,384,384,64,8,13,64-8-13,00K,4096,13,91520,64,6656,23168,1664,8,832,512,832,832,69120
384x384x384w33-8-27,384,384,384,33,8,27,33-8-27,M0K,2112,27,92752,33,7128,21936,3456,8,1728,256,1728,864,69120
384x384x384w43-8-20,384,384,384,43,8,20,43-8-20,M0K,2752,20,92864,43,6880,21824,2560,8,1280,320,1280,800,69120
384x384x384w26-16-16,384,384,384,26,16,16,26-16-16,M00,3328,16,97280,26,3328,17408,4096,16,2048,384,2048,384,69120
384x384x384w45-8-20,384,384,384,45,8,20,45-8-20,M0K,2880,20,91968,45,7200,22720,2560,8,1280,320,1280,800,69120
384x384x384w32-8-27,384,384,384,32,8,27,32-8-27,00K,2048,27,93312,32,6912,21376,3456,8,1728,256,1728,864,69120
384x384x384w22-8-41,384,384,384,22,8,41,22-8-41,M0K,1408,41,92192,22,7216,22496,5248,8,2624,128,2624,656,69120
384x384x384w71-8-13,384,384,384,71,8,13,71-8-13,M0K,4544,13,89168,71,7384,25520,1664,8,832,512,832,832,69120
384x384x384w26-8-32,384,384,384,26,8,32,26-8-32,M00,1664,32,93952,26,6656,20736,4096,8,2048,192,2048,768,69120
384x384x384w16-16-27,384,384,384,16,16,27,16-16-27,00K,2048,27,96768,16,3456,17920,6912,16,3456,256,3456,432,69120
384x384x384w41-8-22,384,384,384,41,8,22,41-8-22,M0K,2624,22,92192,41,7216,22496,2816,8,1408,320,1408,880,69120
384x384x384w8-32-27,384,384,384,8,32,27,8-32-27,00K,2048,27,93312,8,1728,21376,13824,32,6912,256,6912,216,69120
384x384x384w26-8-34,384,384,384,26,8,34,26-8-34,M0K,1664,34,92864,26,7072,21824,4352,8,2176,192,2176,816,69120
384x384x384w66-8-13,384,384,384,66,8,13,66-8-13,M0K,4224,13,90848,66,6864,23840,1664,8,832,512,832,832,69120
384x384x384w68-8-13,384,384,384,68,8,13,68-8-13,M0K,4352,13,90176,68,7072,24512,1664,8,832,512,832,832,69120
384x384x384w22-8-39,384,384,384,22,8,39,22-8-39,M0K,1408,39,93152,22,6864,21536,4992,8,2496,128,2496,624,69120
384x384x384w26-32-8,384,384,384,26,32,8,26-32-8,M00,6656,8,93952,26,1664,20736,4096,32,2048,768,2048,192,69120
384x384x384w22-16-20,384,384,384,22,16,20,22-16-20,M0K,2816,20,96896,22,3520,17792,5120,16,2560,256,2560,320,69120
384x384x384w8-72-13,384,384,384,8,72,13,8-72-13,0NK,4608,13,88832,8,832,25856,14976,72,7488,576,7488,104,69120
384x384x384w73-8-13,384,384,384,73,8,13,73-8-13,M0K,4672,13,88496,73,7592,26192,1664,8,832,576,832,936,69120
384x384x384w22-8-40,384,384,384,22,8,40,22-8-40,M0K,1408,40,92672,22,7040,22016,5120,8,2560,128,2560,640,69120
384x384x384w46-8-20,384,384,384,46,8,20,46-8-20,M0K,2944,20,91520,46,7360,23168,2560,8,1280,320,1280,800,69120
384x384x384w16-16-26,384,384,384,16,16,26,16-16-26,00K,2048,26,97280,16,3328,17408,6656,16,3328,256,3328,416,69120
384x384x384w34-16-13,384,384,384,34,16,13,34-16-13,M0K,4352,13,95584,34,3536,19104,3328,16,1664,512,1664,416,69120
384x384x384w8-64-13,384,384,384,8,64,13,8-64-13,00K,4096,13,91520,8,832,23168,13312,64,6656,512,6656,104,69120
384x384x384w65-8-13,384,384,384,65,8,13,65-8-13,M0K,4160,13,91184,65,6760,23504,1664,8,832,512,832,832,69120
384x384x384w33-8-26,384,384,384,33,8,26,33-8-26,M0K,2112,26,93408,33,6864,21280,3328,8,1664,256,1664,832,69120
384x384x384w29-8-30,384,384,384,29,8,30,29-8-30,M0K,1856,30,93216,29,6960,21472,3840,8,1920,192,1920,720,69264
384x384x384w29-24-10,384,384,384,29,24,10,29-24-10,M0K,5568,10,95072,29,2320,19616,3840,24,1920,576,1920,240,69264
384x384x384w14-16-31,384,384,384,14,16,31,14-16-31,M0K,1792,31,96224,14,3472,18464,7936,16,3968,128,3968,248,69264
384x384x384w29-8-31,384,384,384,29,8,31,29-8-31,M0K,1856,31,92624,29,7192,22064,3968,8,1984,192,1984,744,69264
384x384x384w14-48-10,384,384,384,14,48,10,14-48-10,M0K,5376,10,94016,14,1120,20672,7680,48,3840,384,3840,80,69264
384x384x384w14-32-15,384,384,384,14,32,15,14-32-15,M0K,3584,15,96480,14,1680,18208,7680,32,3840,256,3840,120,69264
384x384x384w14-16-30,384,384,384,14,16,30,14-16-30,M0K,1792,30,96704,14,3360,17984,7680,16,3840,128,3840,240,69264
384x384x384w29-16-15,384,384,384,29,16,15,29-16-15,M0K,3712,15,96464,29,3480,18224,3840,16,1920,384,1920,360,69264
384x384x384w12-24-23,384,384,384,12,24,23,12-24-23,00K,2304,23,96832,12,2208,17856,8832,24,4416,192,4416,184,69632
384x384x384w23-24-12,384,384,384,23,24,12,23-24-12,M00,4416,12,96832,23,2208,17856,4608,24,2304,384,2304,192,69632
384x384x384w9-32-23,384,384,384,9,32,23,9-32-23,M0K,2304,23,94992,9,1656,19696,11776,32,5888,256,5888,184,69768
384x384x384w15-8-56,384,384,384,15,8,56,15-8-56,M0K,960,56,92160,15,6720,22528,7168,8,3584,64,3584,448,69888
384x384x384w15-8-58,384,384,384,15,8,58,15-8-58,M0K,960,58,91424,15,6960,23264,7424,8,3712,64,3712,464,69888
384x384x384w28-24-10,384,384,384,28,24,10,28-24-10,M0K,5376,10,95616,28,2240,19072,3840,24,1920,576,1920,240,69888
384x384x384w15-8-61,384,384,384,15,8,61,15-8-61,M0K,960,61,90320,15,7320,24368,7808,8,3904,64,3904,488,69888
384x384x384w15-8-57,384,384,384,15,8,57,15-8-57,M0K,960,57,91792,15,6840,22896,7296,8,3648,64,3648,456,69888
384x384x384w15-16-28,384,384,384,15,16,28,15-16-28,M0K,1920,28,96960,15,3360,17728,7168,16,3584,128,3584,224,69888
384x384x384w59-8-15,384,384,384,59,8,15,59-8-15,M0K,3776,15,91056,59,7080,23632,1920,8,960,448,960,840,69888
384x384x384w56-8-15,384,384,384,56,8,15,56-8-15,M0K,3584,15,92160,56,6720,22528,1920,8,960,448,960,840,69888
384x384x384w30-16-14,384,384,384,30,16,14,30-16-14,M0K,3840,14,96704,30,3360,17984,3584,16,1792,384,1792,336,69888
384x384x384w31-8-28,384,384,384,31,8,28,31-8-28,M0K,1984,28,93248,31,6944,21440,3584,8,1792,192,1792,672,69888
384x384x384w15-16-29,384,384,384,15,16,29,15-16-29,M0K,1920,29,96464,15,3480,18224,7424,16,3712,128,3712,232,69888
384x384x384w57-8-15,384,384,384,57,8,15,57-8-15,M0K,3648,15,91792,57,6840,22896,1920,8,960,448,960,840,69888
384x384x384w15-32-14,384,384,384,15,32,14,15-32-14,M0K,3840,14,96480,15,1680,18208,7168,32,3584,256,3584,112,69888
384x384x384w31-8-29,384,384,384,31,8,29,31-8-29,M0K,1984,29,92624,31,7192,22064,3712,8,1856,192,1856,696,69888
384x384x384w28-8-31,384,384,384,28,8,31,28-8-31,M0K,1792,31,93248,28,6944,21440,3968,8,1984,192,1984,744,69888
384x384x384w30-8-29,384,384,384,30,8,29,30-8-29,M0K,1920,29,93216,30,6960,21472,3712,8,1856,192,1856,696,69888
384x384x384w15-56-8,384,384,384,15,56,8,15-56-8,MN0,6720,8,92160,15,960,22528,7168,56,3584,448,3584,64,69888
384x384x384w61-8-15,384,384,384,61,8,15,61-8-15,M0K,3904,15,90320,61,7320,24368,1920,8,960,448,960,840,69888
384x384x384w60-8-15,384,384,384,60,8,15,60-8-15,M0K,3840,15,90688,60,7200,24000,1920,8,960,448,960,840,69888
384x384x384w62-8-15,384,384,384,62,8,15,62-8-15,M0K,3968,15,89952,62,7440,24736,1920,8,960,448,960,840,69888
384x384x384w15-24-19,384,384,384,15,24,19,15-24-19,M0K,2880,19,97072,15,2280,17616,7296,24,3648,192,3648,152,69888
384x384x384w55-8-15,384,384,384,55,8,15,55-8-15,M0K,3520,15,92528,55,6600,22160,1920,8,960,384,960,720,69888
384x384x384w15-8-62,384,384,384,15,8,62,15-8-62,M0K,960,62,89952,15,7440,24736,7936,8,3968,64,3968,496,69888
384x384x384w20-24-14,384,384,384,20,24,14,20-24-14,M0K,3840,14,97152,20,2240,17536,5376,24,2688,384,2688,224,69888
384x384x384w15-8-55,384,384,384,15,8,55,15-8-55,M0K,960,55,92528,15,6600,22160,7040,8,3520,64,3520,440,69888
384x384x384w31-16-14,384,384,384,31,16,14,31-16-14,M0K,3968,14,96224,31,3472,18464,3584,16,1792,384,1792,336,69888
384x384x384w15-8-63,384,384,384,15,8,63,15-8-63,M0K,960,63,89584,15,7560,25104,8064,8,4032,64,4032,504,69888
384x384x384w8-56-15,384,384,384,8,56,15,8-56-15,0NK,3584,15,92160,8,960,22528,13440,56,6720,448,6720,120,69888
384x384x384w28-8-30,384,384,384,28,8,30,28-8-30,M0K,1792,30,93824,28,6720,20864,3840,8,1920,192,1920,720,69888
384x384x384w30-8-28,384,384,384,30,8,28,30-8-28,M0K,1920,28,93824,30,6720,20864,3584,8,1792,192,1792,672,69888
384x384x384w12-56-10,384,384,384,12,56,10,12-56-10,0NK,5376,10,93056,12,960,21632,8960,56,4480,448,4480,80,69888
384x384x384w28-16-15,384,384,384,28,16,15,28-16-15,M0K,3584,15,96960,28,3360,17728,3840,16,1920,384,1920,360,69888
384x384x384w58-8-15,384,384,384,58,8,15,58-8-15,M0K,3712,15,91424,58,6960,23264,1920,8,960,448,960,840,69888
384x384x384w15-8-60,384,384,384,15,8,60,15-8-60,M0K,960,60,90688,15,7200,24000,7680,8,3840,64,3840,480,69888
384x384x384w15-8-59,384,384,384,15,8,59,15-8-59,M0K,960,59,91056,15,7080,23632,7552,8,3776,64,3776,472,69888
384x384x384w23-32-9,384,384,384,23,32,9,23-32-9,M0K,5888,9,94992,23,1656,19696,4608,32,2304,512,2304,144,70176
384x384x384w21-32-10,384,384,384,21,32,10,21-32-10,M0K,5376,10,95456,21,1680,19232,5120,32,2560,512,2560,160,70200
384x384x384w10-32-21,384,384,384,10,32,21,10-32-21,M0K,2560,21,95456,10,1680,19232,10752,32,5376,256,5376,168,70224
384x384x384w19-40-9,384,384,384,19,40,9,19-40-9,MNK,6080,9,94032,19,1368,20656,5760,40,2880,640,2880,144,70520
384x384x384w38-16-11,384,384,384,38,16,11,38-16-11,M0K,4864,11,95456,38,3344,19232,2816,16,1408,512,1408,352,70560
384x384x384w11-32-19,384,384,384,11,32,19,11-32-19,M0K,2816,19,95984,11,1672,18704,9728,32,4864,256,4864,152,70560
384x384x384w17-8-50,384,384,384,17,8,50,17-8-50,M0K,1088,50,92512,17,6800,22176,6400,8,3200,128,3200,800,70656
384x384x384w25-16-17,384,384,384,25,16,17,25-16-17,M0K,3200,17,97136,25,3400,17552,4352,16,2176,384,2176,408,70656
384x384x384w24-16-17,384,384,384,24,16,17,24-16-17,00K,3072,17,97664,24,3264,17024,4352,16,2176,384,2176,408,70656
384x384x384w50-8-17,384,384,384,50,8,17,50-8-17,M0K,3200,17,92512,50,6800,22176,2176,8,1088,384,1088,816,70656
384x384x384w51-8-17,384,384,384,51,8,17,51-8-17,M0K,3264,17,92112,51,6936,22576,2176,8,1088,384,1088,816,70656
384x384x384w8-48-17,384,384,384,8,48,17,8-48-17,00K,3072,17,93312,8,1088,21376,13056,48,6528,384,6528,136,70656
384x384x384w49-8-17,384,384,384,49,8,17,49-8-17,M0K,3136,17,92912,49,6664,21776,2176,8,1088,384,1088,816,70656
384x384x384w17-8-49,384,384,384,17,8,49,17-8-49,M0K,1088,49,92912,17,6664,21776,6272,8,3136,128,3136,784,70656
384x384x384w16-24-17,384,384,384,16,24,17,16-24-17,00K,3072,17,97664,16,2176,17024,6528,24,3264,384,3264,272,70656
384x384x384w17-16-25,384,384,384,17,16,25,17-16-25,M0K,2176,25,97136,17,3400,17552,6400,16,3200,256,3200,400,70656
384x384x384w53-8-17,384,384,384,53,8,17,53-8-17,M0K,3392,17,91312,53,7208,23376,2176,8,1088,384,1088,816,70656
384x384x384w17-32-12,384,384,384,17,32,12,17-32-12,M00,4352,12,96576,17,1632,18112,6144,32,3072,512,3072,192,70656
384x384x384w17-16-24,384,384,384,17,16,24,17-16-24,M00,2176,24,97664,17,3264,17024,6144,16,3072,256,3072,384,70656
384x384x384w48-8-17,384,384,384,48,8,17,48-8-17,00K,3072,17,93312,48,6528,21376,2176,8,1088,384,1088,816,70656
384x384x384w17-8-51,384,384,384,17,8,51,17-8-51,M0K,1088,51,92112,17,6936,22576,6528,8,3264,128,3264,816,70656
384x384x384w17-8-52,384,384,384,17,8,52,17-8-52,M0K,1088,52,91712,17,7072,22976,6656,8,3328,128,3328,832,70656
384x384x384w17-24-16,384,384,384,17,24,16,17-24-16,M00,3264,16,97664,17,2176,17024,6144,24,3072,384,3072,256,70656
384x384x384w52-8-17,384,384,384,52,8,17,52-8-17,M0K,3328,17,91712,52,7072,22976,2176,8,1088,384,1088,816,70656
384x384x384w17-8-54,384,384,384,17,8,54,17-8-54,M0K,1088,54,90912,17,7344,23776,6912,8,3456,128,3456,864,70656
384x384x384w17-8-53,384,384,384,17,8,53,17-8-53,M0K,1088,53,91312,17,7208,23376,6784,8,3392,128,3392,848,70656
384x384x384w12-32-17,384,384,384,12,32,17,12-32-17,00K,3072,17,96576,12,1632,18112,8704,32,4352,256,4352,136,70656
384x384x384w17-48-8,384,384,384,17,48,8,17-48-8,M00,6528,8,93312,17,1088,21376,6144,48,3072,768,3072,128,70656
384x384x384w17-8-48,384,384,384,17,8,48,17-8-48,M00,1088,48,93312,17,6528,21376,6144,8,3072,128,3072,768,70656
384x384x384w10-40-17,384,384,384,10,40,17,10-40-17,MNK,3200,17,94688,10,1360,20000,10880,40,5440,320,5440,136,70840
384x384x384w19-8-45,384,384,384,19,8,45,19-8-45,M0K,1216,45,92816,19,6840,21872,5760,8,2880,128,2880,720,70848
384x384x384w19-8-46,384,384,384,19,8,46,19-8-46,M0K,1216,46,92384,19,6992,22304,5888,8,2944,128,2944,736,70848
384x384x384w19-16-22,384,384,384,19,16,22,19-16-22,M0K,2432,22,97504,19,3344,17184,5632,16,2816,256,2816,352,70848
384x384x384w19-8-47,384,384,384,19,8,47,19-8-47,M0K,1216,47,91952,19,7144,22736,6016,8,3008,128,3008,752,70848
384x384x384w19-8-43,384,384,384,19,8,43,19-8-43,M0K,1216,43,93680,19,6536,21008,5504,8,2752,128,2752,688,70848
384x384x384w19-8-44,384,384,384,19,8,44,19-8-44,M0K,1216,44,93248,19,6688,21440,5632,8,2816,128,2816,704,70848
384x384x384w18-16-23,384,384,384,18,16,23,18-16-23,M0K,2304,23,97568,18,3312,17120,5888,16,2944,256,2944,368,70992
384x384x384w14-24-20,384,384,384,14,24,20,14-24-20,M0K,2688,20,97152,14,2240,17536,7680,24,3840,192,3840,160,71040
384x384x384w14-40-12,384,384,384,14,40,12,14-40-12,MN0,4480,12,95360,14,1344,19328,7680,40,3840,320,3840,96,71040
384x384x384w20-16-21,384,384,384,20,16,21,20-16-21,M0K,2560,21,97472,20,3360,17216,5376,16,2688,256,2688,336,71136
384x384x384w9-24-31,384,384,384,9,24,31,9-24-31,M0K,1728,31,94864,9,2232,19824,11904,24,5952,192,5952,248,71136
384x384x384w9-24-30,384,384,384,9,24,30,9-24-30,M0K,1728,30,95392,9,2160,19296,11520,24,5760,192,5760,240,71136
384x384x384w9-48-15,384,384,384,9,48,15,9-48-15,M0K,3456,15,94096,9,1080,20592,11520,48,5760,384,5760,120,71136
384x384x384w42-8-21,384,384,384,42,8,21,42-8-21,M0K,2688,21,92512,42,7056,22176,2688,8,1344,320,1344,840,71136
384x384x384w54-16-8,384,384,384,54,16,8,54-16-8,M00,6912,8,91904,54,3456,22784,2048,16,1024,768,1024,384,71424
384x384x384w54-8-16,384,384,384,54,8,16,54-8-16,M00,3456,16,91904,54,6912,22784,2048,8,1024,384,1024,768,71424
384x384x384w15-48-9,384,384,384,15,48,9,15-48-9,M0K,5760,9,94096,15,1080,20592,6912,48,3456,384,3456,72,71552
384x384x384w31-24-9,384,384,384,31,24,9,31-24-9,M0K,5952,9,94864,31,2232,19824,3456,24,1728,576,1728,216,71552
384x384x384w30-24-9,384,384,384,30,24,9,30-24-9,M0K,5760,9,95392,30,2160,19296,3456,24,1728,576,1728,216,71552
384x384x384w11-48-12,384,384,384,11,48,12,11-48-12,M00,4224,12,94912,11,1056,19776,9216,48,4608,384,4608,96,71680
384x384x384w11-24-25,384,384,384,11,24,25,11-24-25,M0K,2112,25,96464,11,2200,18224,9600,24,4800,192,4800,200,71680
384x384x384w12-48-11,384,384,384,12,48,11,12-48-11,00K,4608,11,94912,12,1056,19776,8448,48,4224,384,4224,88,71680
384x384x384w25-24-11,384,384,384,25,24,11,25-24-11,M0K,4800,11,96464,25,2200,18224,4224,24,2112,576,2112,264,71680
384x384x384w11-24-24,384,384,384,11,24,24,11-24-24,M00,2112,24,97024,11,2112,17664,9216,24,4608,192,4608,192,71680
384x384x384w12-40-14,384,384,384,12,40,14,12-40-14,0NK,3840,14,95360,12,1344,19328,8960,40,4480,320,4480,112,71680
384x384x384w24-24-11,384,384,384,24,24,11,24-24-11,00K,4608,11,97024,24,2112,17664,4224,24,2112,576,2112,264,71680
384x384x384w13-40-13,384,384,384,13,40,13,13-40-13,MNK,4160,13,95344,13,1352,19344,8320,40,4160,320,4160,104,71700
384x384x384w17-40-10,384,384,384,17,40,10,17-40-10,MNK,5440,10,94688,17,1360,20000,6400,40,3200,640,3200,160,71760
384x384x384w35-8-23,384,384,384,35,8,23,35-8-23,M0K,2240,23,94384,35,6440,20304,2944,8,1472,256,1472,736,71808
384x384x384w23-8-38,384,384,384,23,8,38,23-8-38,M0K,1472,38,92896,23,6992,21792,4864,8,2432,128,2432,608,71808
384x384x384w23-8-36,384,384,384,23,8,36,23-8-36,M0K,1472,36,93888,23,6624,20800,4608,8,2304,128,2304,576,71808
384x384x384w37-8-23,384,384,384,37,8,23,37-8-23,M0K,2368,23,93392,37,6808,21296,2944,8,1472,256,1472,736,71808
384x384x384w23-8-35,384,384,384,23,8,35,23-8-35,M0K,1472,35,94384,23,6440,20304,4480,8,2240,128,2240,560,71808
384x384x384w23-8-37,384,384,384,23,8,37,23-8-37,M0K,1472,37,93392,23,6808,21296,4736,8,2368,128,2368,592,71808
384x384x384w23-16-18,384,384,384,23,16,18,23-16-18,M0K,2944,18,97568,23,3312,17120,4608,16,2304,256,2304,288,71808
384x384x384w36-8-23,384,384,384,36,8,23,36-8-23,M0K,2304,23,93888,36,6624,20800,2944,8,1472,256,1472,736,71808
384x384x384w9-56-13,384,384,384,9,56,13,9-56-13,MNK,4032,13,93104,9,936,21584,11648,56,5824,448,5824,104,71820
384x384x384w9-40-19,384,384,384,9,40,19,9-40-19,MNK,2880,19,94032,9,1368,20656,12160,40,6080,320,6080,152,71820
384x384x384w9-64-11,384,384,384,9,64,11,9-64-11,M0K,4608,11,92624,9,792,22064,11264,64,5632,512,5632,88,71820
384x384x384w9-72-11,384,384,384,9,72,11,9-72-11,MNK,5184,11,90064,9,792,24624,12672,72,6336,576,6336,88,71820
384x384x384w13-56-9,384,384,384,13,56,9,13-56-9,MNK,5824,9,93104,13,936,21584,8064,56,4032,448,4032,72,71939
384x384x384w21-16-20,384,384,384,21,16,20,21-16-20,M0K,2688,20,97472,21,3360,17216,5120,16,2560,256,2560,320,72000
384x384x384w21-8-39,384,384,384,21,8,39,21-8-39,M0K,1344,39,93904,21,6552,20784,4992,8,2496,128,2496,624,72000
384x384x384w21-40-8,384,384,384,21,40,8,21-40-8,MN0,6720,8,93440,21,1344,21248,5120,40,2560,640,2560,128,72000
384x384x384w21-24-13,384,384,384,21,24,13,21-24-13,M0K,4032,13,97264,21,2184,17424,4992,24,2496,384,2496,208,72000
384x384x384w21-8-40,384,384,384,21,8,40,21-8-40,M0K,1344,40,93440,21,6720,21248,5120,8,2560,128,2560,640,72000
384x384x384w21-8-41,384,384,384,21,8,41,21-8-41,M0K,1344,41,92976,21,6888,21712,5248,8,2624,128,2624,656,72000
384x384x384w21-8-42,384,384,384,21,8,42,21-8-42,M0K,1344,42,92512,21,7056,22176,5376,8,2688,128,2688,672,72000
384x384x384w10-72-10,384,384,384,10,72,10,10-72-10,MNK,5760,10,90048,10,800,24640,11520,72,5760,576,5760,80,72072
384x384x384w10-64-10,384,384,384,10,64,10,10-64-10,M0K,5120,10,92608,10,800,22080,10240,64,5120,512,5120,80,72072
384x384x384w11-64-9,384,384,384,11,64,9,11-64-9,M0K,5632,9,92624,11,792,22064,9216,64,4608,512,4608,72,72240
384x384x384w11-72-9,384,384,384,11,72,9,11-72-9,MNK,6336,9,90064,11,792,24624,10368,72,5184,576,5184,72,72240
384x384x384w18-24-15,384,384,384,18,24,15,18-24-15,M0K,3456,15,97696,18,2160,16992,5760,24,2880,384,2880,240,72384
384x384x384w46-8-19,384,384,384,46,8,19,46-8-19,M0K,2944,19,92384,46,6992,22304,2432,8,1216,320,1216,760,72576
384x384x384w63-8-14,384,384,384,63,8,14,63-8-14,M0K,4032,14,90720,63,7056,23968,1792,8,896,448,896,784,72576
384x384x384w45-8-19,384,384,384,45,8,19,45-8-19,M0K,2880,19,92816,45,6840,21872,2432,8,1216,320,1216,760,72576
384x384x384w44-8-19,384,384,384,44,8,19,44-8-19,M0K,2816,19,93248,44,6688,21440,2432,8,1216,320,1216,760,72576
384x384x384w47-8-19,384,384,384,47,8,19,47-8-19,M0K,3008,19,91952,47,7144,22736,2432,8,1216,320,1216,760,72576
384x384x384w22-16-19,384,384,384,22,16,19,22-16-19,M0K,2816,19,97504,22,3344,17184,4864,16,2432,256,2432,304,72576
384x384x384w43-8-19,384,384,384,43,8,19,43-8-19,M0K,2752,19,93680,43,6536,21008,2432,8,1216,320,1216,760,72576
384x384x384w38-8-22,384,384,384,38,8,22,38-8-22,M0K,2432,22,93632,38,6688,21056,2816,8,1408,256,1408,704,72576
384x384x384w13-24-21,384,384,384,13,24,21,13-24-21,M0K,2496,21,97264,13,2184,17424,8064,24,4032,192,4032,168,72656
384x384x384w15-40-11,384,384,384,15,40,11,15-40-11,MNK,4800,11,95408,15,1320,19280,7040,40,3520,320,3520,88,72800
384x384x384w11-40-15,384,384,384,11,40,15,11-40-15,MNK,3520,15,95408,11,1320,19280,9600,40,4800,320,4800,120,72800
384x384x384w40-8-21,384,384,384,40,8,21,40-8-21,M0K,2560,21,93440,40,6720,21248,2688,8,1344,320,1344,840,72960
384x384x384w8-40-21,384,384,384,8,40,21,8-40-21,0NK,2560,21,93440,8,1344,21248,13440,40,6720,320,6720,168,72960
384x384x384w41-8-21,384,384,384,41,8,21,41-8-21,M0K,2624,21,92976,41,6888,21712,2688,8,1344,320,1344,840,72960
384x384x384w39-8-21,384,384,384,39,8,21,39-8-21,M0K,2496,21,93904,39,6552,20784,2688,8,1344,256,1344,672,72960
384x384x384w20-32-10,384,384,384,20,32,10,20-32-10,M0K,5120,10,96128,20,1600,18560,5120,32,2560,512,2560,160,73008
384x384x384w42-16-10,384,384,384,42,16,10,42-16-10,M0K,5376,10,94656,42,3360,20032,2560,16,1280,640,1280,400,73008
384x384x384w18-32-11,384,384,384,18,32,11,18-32-11,M0K,4608,11,96672,18,1584,18016,5632,32,2816,512,2816,176,73080
384x384x384w15-24-18,384,384,384,15,24,18,15-24-18,M0K,2880,18,97696,15,2160,16992,6912,24,3456,192,3456,144,73216
384x384x384w19-24-14,384,384,384,19,24,14,19-24-14,M0K,3648,14,97760,19,2128,16928,5376,24,2688,384,2688,224,73472
384x384x384w9-80-9,384,384,384,9,80,9,9-80-9,MNK,5760,9,90352,9,648,24336,11520,80,5760,640,5760,72,73530
384x384x384w9-88-9,384,384,384,9,88,9,9-88-9,MNK,6336,9,88048,9,648,26640,12672,88,6336,704,6336,72,73530
384x384x384w27-8-30,384,384,384,27,8,30,27-8-30,M0K,1728,30,94432,27,6480,20256,3840,8,1920,192,1920,720,73632
384x384x384w27-8-31,384,384,384,27,8,31,27-8-31,M0K,1728,31,93872,27,6696,20816,3968,8,1984,192,1984,744,73632
384x384x384w27-24-10,384,384,384,27,24,10,27-24-10,M0K,5184,10,96160,27,2160,18528,3840,24,1920,576,1920,240,73632
384x384x384w27-16-15,384,384,384,27,16,15,27-16-15,M0K,3456,15,97456,27,3240,17232,3840,16,1920,384,1920,360,73632
384x384x384w103-8-8,384,384,384,103,8,8,103-8-8,M00,6592,8,87296,103,6592,27392,1024,8,512,768,512,768,73728
384x384x384w49-16-8,384,384,384,49,16,8,49-16-8,M00,6272,8,93824,49,3136,20864,2048,16,1024,768,1024,384,73728
384x384x384w24-8-32,384,384,384,24,8,32,24-8-32,000,1536,32,95232,24,6144,19456,4096,8,2048,192,2048,768,73728
384x384x384w8-8-125,384,384,384,8,8,125,8-8-125,00K,512,125,81664,8,8000,33024,16000,8,8000,64,8000,1000,73728
384x384x384w32-16-12,384,384,384,32,16,12,32-16-12,000,4096,12,97280,32,3072,17408,3072,16,1536,512,1536,384,73728
384x384x384w51-8-16,384,384,384,51,8,16,51-8-16,M00,3264,16,93056,51,6528,21632,2048,8,1024,384,1024,768,73728
384x384x384w8-96-8,384,384,384,8,96,8,8-96-8,000,6144,8,89088,8,512,25600,12288,96,6144,768,6144,64,73728
384x384x384w48-8-16,384,384,384,48,8,16,48-8-16,000,3072,16,94208,48,6144,20480,2048,8,1024,384,1024,768,73728
384x384x384w25-8-32,384,384,384,25,8,32,25-8-32,M00,1600,32,94592,25,6400,20096,4096,8,2048,192,2048,768,73728
384x384x384w12-8-75,384,384,384,12,8,75,12-8-75,00K,768,75,89152,12,7200,25536,9600,8,4800,64,4800,600,73728
384x384x384w12-8-70,384,384,384,12,8,70,12-8-70,00K,768,70,90752,12,6720,23936,8960,8,4480,64,4480,560,73728
384x384x384w12-32-16,384,384,384,12,32,16,12-32-16,000,3072,16,97280,12,1536,17408,8192,32,4096,256,4096,128,73728
384x384x384w111-8-8,384,384,384,111,8,8,111-8-8,M00,7104,8,85248,111,7104,29440,1024,8,512,832,512,832,73728
384x384x384w8-8-119,384,384,384,8,8,119,8-8-119,00K,512,119,83200,8,7616,31488,15232,8,7616,64,7616,952,73728
384x384x384w8-8-108,384,384,384,8,8,108,8-8-108,00K,512,108,86016,8,6912,28672,13824,8,6912,64,6912,864,73728
384x384x384w16-16-24,384,384,384,16,16,24,16-16-24,000,2048,24,98304,16,3072,16384,6144,16,3072,256,3072,384,73728
384x384x384w8-8-101,384,384,384,8,8,101,8-8-101,00K,512,101,87808,8,6464,26880,12928,8,6464,64,6464,808,73728
384x384x384w123-8-8,384,384,384,123,8,8,123-8-8,M00,7872,8,82176,123,7872,32512,1024,8,512,960,512,960,73728
384x384x384w8-8-104,384,384,384,8,8,104,8-8-104,00K,512,104,87040,8,6656,27648,13312,8,6656,64,6656,832,73728
384x384x384w8-8-121,384,384,384,8,8,121,8-8-121,00K,512,121,82688,8,7744,32000,15488,8,7744,64,7744,968,73728
384x384x384w122-8-8,384,384,384,122,8,8,122-8-8,M00,7808,8,82432,122,7808,32256,1024,8,512,960,512,960,73728
384x384x384w12-8-68,384,384,384,12,8,68,12-8-68,00K,768,68,91392,12,6528,23296,8704,8,4352,64,4352,544,73728
384x384x384w16-8-51,384,384,384,16,8,51,16-8-51,00K,1024,51,93056,16,6528,21632,6528,8,3264,128,3264,816,73728
384x384x384w121-8-8,384,384,384,121,8,8,121-8-8,M00,7744,8,82688,121,7744,32000,1024,8,512,960,512,960,73728
384x384x384w34-16-12,384,384,384,34,16,12,34-16-12,M00,4352,12,96384,34,3264,18304,3072,16,1536,512,1536,384,73728
384x384x384w8-16-48,384,384,384,8,16,48,8-16-48,000,1024,48,94208,8,3072,20480,12288,16,6144,128,6144,384,73728
384x384x384w8-8-114,384,384,384,8,8,114,8-8-114,00K,512,114,84480,8,7296,30208,14592,8,7296,64,7296,912,73728
384x384x384w53-8-16,384,384,384,53,8,16,53-8-16,M00,3392,16,92288,53,6784,22400,2048,8,1024,384,1024,768,73728
384x384x384w8-8-103,384,384,384,8,8,103,8-8-103,00K,512,103,87296,8,6592,27392,13184,8,6592,64,6592,824,73728
384x384x384w70-8-12,384,384,384,70,8,12,70-8-12,M00,4480,12,90752,70,6720,23936,1536,8,768,512,768,768,73728
384x384x384w24-8-33,384,384,384,24,8,33,24-8-33,00K,1536,33,94720,24,6336,19968,4224,8,2112,192,2112,792,73728
384x384x384w12-16-33,384,384,384,12,16,33,12-16-33,00K,1536,33,96832,12,3168,17856,8448,16,4224,128,4224,264,73728
384x384x384w8-8-110,384,384,384,8,8,110,8-8-110,00K,512,110,85504,8,7040,29184,14080,8,7040,64,7040,880,73728
384x384x384w51-16-8,384,384,384,51,16,8,51-16-8,M00,6528,8,93056,51,3264,21632,2048,16,1024,768,1024,384,73728
384x384x384w74-8-12,384,384,384,74,8,12,74-8-12,M00,4736,12,89472,74,7104,25216,1536,8,768,576,768,864,73728
384x384x384w8-16-51,384,384,384,8,16,51,8-16-51,00K,1024,51,93056,8,3264,21632,13056,16,6528,128,6528,408,73728
384x384x384w8-16-49,384,384,384,8,16,49,8-16-49,00K,1024,49,93824,8,3136,20864,12544,16,6272,128,6272,392,73728
384x384x384w8-8-127,384,384,384,8,8,127,8-8-127,00K,512,127,81152,8,8128,33536,16256,8,8128,64,8128,1016,73728
384x384x384w12-64-8,384,384,384,12,64,8,12-64-8,000,6144,8,92672,12,768,22016,8192,64,4096,512,4096,64,73728
384x384x384w12-8-65,384,384,384,12,8,65,12-8-65,00K,768,65,92352,12,6240,22336,8320,8,4160,64,4160,520,73728
384x384x384w106-8-8,384,384,384,106,8,8,106-8-8,M00,6784,8,86528,106,6784,28160,1024,8,512,832,512,832,73728
384x384x384w8-16-53,384,384,384,8,16,53,8-16-53,00K,1024,53,92288,8,3392,22400,13568,16,6784,128,6784,424,73728
384x384x384w8-8-100,384,384,384,8,8,100,8-8-100,00K,512,100,88064,8,6400,26624,12800,8,6400,64,6400,800,73728
384x384x384w33-8-25,384,384,384,33,8,25,33-8-25,M0K,2112,25,94064,33,6600,20624,3200,8,1600,256,1600,800,73728
384x384x384w48-16-8,384,384,384,48,16,8,48-16-8,000,6144,8,94208,48,3072,20480,2048,16,1024,768,1024,384,73728
384x384x384w8-8-102,384,384,384,8,8,102,8-8-102,00K,512,102,87552,8,6528,27136,13056,8,6528,64,6528,816,73728
384x384x384w115-8-8,384,384,384,115,8,8,115-8-8,M00,7360,8,84224,115,7360,30464,1024,8,512,896,512,896,73728
384x384x384w25-8-34,384,384,384,25,8,34,25-8-34,M0K,1600,34,93536,25,6800,21152,4352,8,2176,192,2176,816,73728
384x384x384w50-16-8,384,384,384,50,16,8,50-16-8,M00,6400,8,93440,50,3200,21248,2048,16,1024,768,1024,384,73728
384x384x384w32-8-24,384,384,384,32,8,24,32-8-24,000,2048,24,95232,32,6144,19456,3072,8,1536,256,1536,768,73728
384x384x384w99-8-8,384,384,384,99,8,8,99-8-8,M00,6336,8,88320,99,6336,26368,1024,8,512,768,512,768,73728
384x384x384w8-8-126,384,384,384,8,8,126,8-8-126,00K,512,126,81408,8,8064,33280,16128,8,8064,64,8064,1008,73728
384x384x384w65-8-12,384,384,384,65,8,12,65-8-12,M00,4160,12,92352,65,6240,22336,1536,8,768,512,768,768,73728
384x384x384w16-8-49,384,384,384,16,8,49,16-8-49,00K,1024,49,93824,16,6272,20864,6272,8,3136,128,3136,784,73728
384x384x384w8-8-106,384,384,384,8,8,106,8-8-106,00K,512,106,86528,8,6784,28160,13568,8,6784,64,6784,848,73728
384x384x384w73-8-12,384,384,384,73,8,12,73-8-12,M00,4672,12,89792,73,7008,24896,1536,8,768,576,768,864,73728
384x384x384w8-8-124,384,384,384,8,8,124,8-8-124,00K,512,124,81920,8,7936,32768,15872,8,7936,64,7936,992,73728
384x384x384w12-16-34,384,384,384,12,16,34,12-16-34,00K,1536,34,96384,12,3264,18304,8704,16,4352,128,4352,272,73728
384x384x384w8-72-12,384,384,384,8,72,12,8-72-12,0N0,4608,12,90112,8,768,24576,13824,72,6912,576,6912,96,73728
384x384x384w24-16-16,384,384,384,24,16,16,24-16-16,000,3072,16,98304,24,3072,16384,4096,16,2048,384,2048,384,73728
384x384x384w114-8-8,384,384,384,114,8,8,114-8-8,M00,7296,8,84480,114,7296,30208,1024,8,512,896,512,896,73728
384x384x384w8-24-33,384,384,384,8,24,33,8-24-33,00K,1536,33,94720,8,2112,19968,12672,24,6336,192,6336,264,73728
384x384x384w71-8-12,384,384,384,71,8,12,71-8-12,M00,4544,12,90432,71,6816,24256,1536,8,768,512,768,768,73728
384x384x384w12-16-32,384,384,384,12,16,32,12-16-32,000,1536,32,97280,12,3072,17408,8192,16,4096,128,4096,256,73728
384x384x384w8-8-117,384,384,384,8,8,117,8-8-117,00K,512,117,83712,8,7488,30976,14976,8,7488,64,7488,936,73728
384x384x384w8-32-25,384,384,384,8,32,25,8-32-25,00K,2048,25,94592,8,1600,20096,12800,32,6400,256,6400,200,73728
384x384x384w16-32-12,384,384,384,16,32,12,16-32-12,000,4096,12,97280,16,1536,17408,6144,32,3072,512,3072,192,73728
384x384x384w109-8-8,384,384,384,109,8,8,109-8-8,M00,6976,8,85760,109,6976,28928,1024,8,512,832,512,832,73728
384x384x384w66-8-12,384,384,384,66,8,12,66-8-12,M00,4224,12,92032,66,6336,22656,1536,8,768,512,768,768,73728
384x384x384w16-8-48,384,384,384,16,8,48,16-8-48,000,1024,48,94208,16,6144,20480,6144,8,3072,128,3072,768,73728
384x384x384w16-16-25,384,384,384,16,16,25,16-16-25,00K,2048,25,97792,16,3200,16896,6400,16,3200,256,3200,400,73728
384x384x384w32-8-25,384,384,384,32,8,25,32-8-25,00K,2048,25,94592,32,6400,20096,3200,8,1600,256,1600,800,73728
384x384x384w113-8-8,384,384,384,113,8,8,113-8-8,M00,7232,8,84736,113,7232,29952,1024,8,512,896,512,896,73728
384x384x384w8-104-8,384,384,384,8,104,8,8-104-8,0N0,6656,8,87040,8,512,27648,13312,104,6656,832,6656,64,73728
384x384x384w8-8-96,384,384,384,8,8,96,8-8-96,000,512,96,89088,8,6144,25600,12288,8,6144,64,6144,768,73728
384x384x384w24-8-34,384,384,384,24,8,34,24-8-34,00K,1536,34,94208,24,6528,20480,4352,8,2176,192,2176,816,73728
384x384x384w125-8-8,384,384,384,125,8,8,125-8-8,M00,8000,8,81664,125,8000,33024,1024,8,512,960,512,960,73728
384x384x384w12-8-69,384,384,384,12,8,69,12-8-69,00K,768,69,91072,12,6624,23616,8832,8,4416,64,4416,552,73728
384x384x384w34-8-25,384,384,384,34,8,25,34-8-25,M0K,2176,25,93536,34,6800,21152,3200,8,1600,256,1600,800,73728
384x384x384w8-8-112,384,384,384,8,8,112,8-8-112,00K,512,112,84992,8,7168,29696,14336,8,7168,64,7168,896,73728
384x384x384w8-48-16,384,384,384,8,48,16,8-48-16,000,3072,16,94208,8,1024,20480,12288,48,6144,384,6144,128,73728
384x384x384w25-16-16,384,384,384,25,16,16,25-16-16,M00,3200,16,97792,25,3200,16896,4096,16,2048,384,2048,384,73728
384x384x384w104-8-8,384,384,384,104,8,8,104-8-8,M00,6656,8,87040,104,6656,27648,1024,8,512,832,512,832,73728
384x384x384w96-8-8,384,384,384,96,8,8,96-8-8,000,6144,8,89088,96,6144,25600,1024,8,512,768,512,768,73728
384x384x384w75-8-12,384,384,384,75,8,12,75-8-12,M00,4800,12,89152,75,7200,25536,1536,8,768,576,768,864,73728
384x384x384w50-8-16,384,384,384,50,8,16,50-8-16,M00,3200,16,93440,50,6400,21248,2048,8,1024,384,1024,768,73728
384x384x384w12-8-76,384,384,384,12,8,76,12-8-76,00K,768,76,88832,12,7296,25856,9728,8,4864,64,4864,608,73728
384x384x384w8-8-111,384,384,384,8,8,111,8-8-111,00K,512,111,85248,8,7104,29440,14208,8,7104,64,7104,888,73728
384x384x384w119-8-8,384,384,384,119,8,8,119-8-8,M00,7616,8,83200,119,7616,31488,1024,8,512,896,512,896,73728
384x384x384w34-8-24,384,384,384,34,8,24,34-8-24,M00,2176,24,94208,34,6528,20480,3072,8,1536,256,1536,768,73728
384x384x384w16-8-54,384,384,384,16,8,54,16-8-54,00K,1024,54,91904,16,6912,22784,6912,8,3456,128,3456,864,73728
384x384x384w105-8-8,384,384,384,105,8,8,105-8-8,M00,6720,8,86784,105,6720,27904,1024,8,512,832,512,832,73728
384x384x384w34-24-8,384,384,384,34,24,8,34-24-8,M00,6528,8,94208,34,2176,20480,3072,24,1536,768,1536,256,73728
384x384x384w33-8-24,384,384,384,33,8,24,33-8-24,M00,2112,24,94720,33,6336,19968,3072,8,1536,256,1536,768,73728
384x384x384w53-16-8,384,384,384,53,16,8,53-16-8,M00,6784,8,92288,53,3392,22400,2048,16,1024,768,1024,384,73728
384x384x384w49-8-16,384,384,384,49,8,16,49-8-16,M00,3136,16,93824,49,6272,20864,2048,8,1024,384,1024,768,73728
384x384x384w107-8-8,384,384,384,107,8,8,107-8-8,M00,6848,8,86272,107,6848,28416,1024,8,512,832,512,832,73728
384x384x384w8-32-24,384,384,384,8,32,24,8-32-24,000,2048,24,95232,8,1536,19456,12288,32,6144,256,6144,192,73728
384x384x384w112-8-8,384,384,384,112,8,8,112-8-8,M00,7168,8,84992,112,7168,29696,1024,8,512,896,512,896,73728
384x384x384w8-8-97,384,384,384,8,8,97,8-8-97,00K,512,97,88832,8,6208,25856,12416,8,6208,64,6208,776,73728
384x384x384w25-32-8,384,384,384,25,32,8,25-32-8,M00,6400,8,94592,25,1600,20096,4096,32,2048,768,2048,192,73728
384x384x384w110-8-8,384,384,384,110,8,8,110-8-8,M00,7040,8,85504,110,7040,29184,1024,8,512,832,512,832,73728
384x384x384w8-8-122,384,384,384,8,8,122,8-8-122,00K,512,122,82432,8,7808,32256,15616,8,7808,64,7808,976,73728
384x384x384w102-8-8,384,384,384,102,8,8,102-8-8,M00,6528,8,87552,102,6528,27136,1024,8,512,768,512,768,73728
384x384x384w98-8-8,384,384,384,98,8,8,98-8-8,M00,6272,8,88576,98,6272,26112,1024,8,512,768,512,768,73728
384x384x384w12-8-73,384,384,384,12,8,73,12-8-73,00K,768,73,89792,12,7008,24896,9344,8,4672,64,4672,584,73728
384x384x384w8-8-98,384,384,384,8,8,98,8-8-98,00K,512,98,88576,8,6272,26112,12544,8,6272,64,6272,784,73728
384x384x384w8-8-118,384,384,384,8,8,118,8-8-118,00K,512,118,83456,8,7552,31232,15104,8,7552,64,7552,944,73728
384x384x384w8-24-32,384,384,384,8,24,32,8-24-32,000,1536,32,95232,8,2048,19456,12288,24,6144,192,6144,256,73728
384x384x384w124-8-8,384,384,384,124,8,8,124-8-8,M00,7936,8,81920,124,7936,32768,1024,8,512,960,512,960,73728
384x384x384w16-8-53,384,384,384,16,8,53,16-8-53,00K,1024,53,92288,16,6784,22400,6784,8,3392,128,3392,848,73728
384x384x384w108-8-8,384,384,384,108,8,8,108-8-8,M00,6912,8,86016,108,6912,28672,1024,8,512,832,512,832,73728
384x384x384w118-8-8,384,384,384,118,8,8,118-8-8,M00,7552,8,83456,118,7552,31232,1024,8,512,896,512,896,73728
384x384x384w8-8-109,384,384,384,8,8,109,8-8-109,00K,512,109,85760,8,6976,28928,13952,8,6976,64,6976,872,73728
384x384x384w69-8-12,384,384,384,69,8,12,69-8-12,M00,4416,12,91072,69,6624,23616,1536,8,768,512,768,768,73728
384x384x384w72-8-12,384,384,384,72,8,12,72-8-12,M00,4608,12,90112,72,6912,24576,1536,8,768,576,768,864,73728
384x384x384w12-24-22,384,384,384,12,24,22,12-24-22,00K,2304,22,97408,12,2112,17280,8448,24,4224,192,4224,176,73728
384x384x384w12-8-67,384,384,384,12,8,67,12-8-67,00K,768,67,91712,12,6432,22976,8576,8,4288,64,4288,536,73728
384x384x384w22-24-12,384,384,384,22,24,12,22-24-12,M00,4224,12,97408,22,2112,17280,4608,24,2304,384,2304,192,73728
384x384x384w12-8-66,384,384,384,12,8,66,12-8-66,00K,768,66,92032,12,6336,22656,8448,8,4224,64,4224,528,73728
384x384x384w8-8-120,384,384,384,8,8,120,8-8-120,00K,512,120,82944,8,7680,31744,15360,8,7680,64,7680,960,73728
384x384x384w8-16-54,384,384,384,8,16,54,8-16-54,00K,1024,54,91904,8,3456,22784,13824,16,6912,128,6912,432,73728
384x384x384w100-8-8,384,384,384,100,8,8,100-8-8,M00,6400,8,88064,100,6400,26624,1024,8,512,768,512,768,73728
384x384x384w8-8-116,384,384,384,8,8,116,8-8-116,00K,512,116,83968,8,7424,30720,14848,8,7424,64,7424,928,73728
384x384x384w64-8-12,384,384,384,64,8,12,64-8-12,000,4096,12,92672,64,6144,22016,1536,8,768,512,768,768,73728
384x384x384w117-8-8,384,384,384,117,8,8,117-8-8,M00,7488,8,83712,117,7488,30976,1024,8,512,896,512,896,73728
384x384x384w32-24-8,384,384,384,32,24,8,32-24-8,000,6144,8,95232,32,2048,19456,3072,24,1536,768,1536,256,73728
384x384x384w12-8-71,384,384,384,12,8,71,12-8-71,00K,768,71,90432,12,6816,24256,9088,8,4544,64,4544,568,73728
384x384x384w8-8-99,384,384,384,8,8,99,8-8-99,00K,512,99,88320,8,6336,26368,12672,8,6336,64,6336,792,73728
384x384x384w33-24-8,384,384,384,33,24,8,33-24-8,M00,6336,8,94720,33,2112,19968,3072,24,1536,768,1536,256,73728
384x384x384w12-8-74,384,384,384,12,8,74,12-8-74,00K,768,74,89472,12,7104,25216,9472,8,4736,64,4736,592,73728
384x384x384w8-120-8,384,384,384,8,120,8,8-120-8,0N0,7680,8,82944,8,512,31744,15360,120,7680,960,7680,64,73728
384x384x384w52-16-8,384,384,384,52,16,8,52-16-8,M00,6656,8,92672,52,3328,22016,2048,16,1024,768,1024,384,73728
384x384x384w101-8-8,384,384,384,101,8,8,101-8-8,M00,6464,8,87808,101,6464,26880,1024,8,512,768,512,768,73728
384x384x384w16-8-52,384,384,384,16,8,52,16-8-52,00K,1024,52,92672,16,6656,22016,6656,8,3328,128,3328,832,73728
384x384x384w12-8-72,384,384,384,12,8,72,12-8-72,00K,768,72,90112,12,6912,24576,9216,8,4608,64,4608,576,73728
384x384x384w24-32-8,384,384,384,24,32,8,24-32-8,000,6144,8,95232,24,1536,19456,4096,32,2048,768,2048,192,73728
384x384x384w12-8-64,384,384,384,12,8,64,12-8-64,000,768,64,92672,12,6144,22016,8192,8,4096,64,4096,512,73728
384x384x384w8-8-113,384,384,384,8,8,113,8-8-113,00K,512,113,84736,8,7232,29952,14464,8,7232,64,7232,904,73728
384x384x384w8-8-105,384,384,384,8,8,105,8-8-105,00K,512,105,86784,8,6720,27904,13440,8,6720,64,6720,840,73728
384x384x384w8-24-34,384,384,384,8,24,34,8-24-34,00K,1536,34,94208,8,2176,20480,13056,24,6528,192,6528,272,73728
384x384x384w67-8-12,384,384,384,67,8,12,67-8-12,M00,4288,12,91712,67,6432,22976,1536,8,768,512,768,768,73728
384x384x384w8-8-123,384,384,384,8,8,123,8-8-123,00K,512,123,82176,8,7872,32512,15744,8,7872,64,7872,984,73728
384x384x384w8-8-107,384,384,384,8,8,107,8-8-107,00K,512,107,86272,8,6848,28416,13696,8,6848,64,6848,856,73728
384x384x384w8-112-8,384,384,384,8,112,8,8-112-8,0N0,7168,8,84992,8,512,29696,14336,112,7168,896,7168,64,73728
384x384x384w25-8-33,384,384,384,25,8,33,25-8-33,M0K,1600,33,94064,25,6600,20624,4224,8,2112,192,2112,792,73728
384x384x384w16-24-16,384,384,384,16,24,16,16-24-16,000,3072,16,98304,16,2048,16384,6144,24,3072,384,3072,256,73728
384x384x384w33-16-12,384,384,384,33,16,12,33-16-12,M00,4224,12,96832,33,3168,17856,3072,16,1536,512,1536,384,73728
384x384x384w16-8-50,384,384,384,16,8,50,16-8-50,00K,1024,50,93440,16,6400,21248,6400,8,3200,128,3200,800,73728
384x384x384w8-8-115,384,384,384,8,8,115,8-8-115,00K,512,115,84224,8,7360,30464,14720,8,7360,64,7360,920,73728
384x384x384w16-48-8,384,384,384,16,48,8,16-48-8,000,6144,8,94208,16,1024,20480,6144,48,3072,768,3072,128,73728
384x384x384w8-64-12,384,384,384,8,64,12,8-64-12,000,4096,12,92672,8,768,22016,12288,64,6144,512,6144,96,73728
384x384x384w52-8-16,384,384,384,52,8,16,52-8-16,M00,3328,16,92672,52,6656,22016,2048,8,1024,384,1024,768,73728
384x384x384w120-8-8,384,384,384,120,8,8,120-8-8,M00,7680,8,82944,120,7680,31744,1024,8,512,960,512,960,73728
384x384x384w8-16-52,384,384,384,8,16,52,8-16-52,00K,1024,52,92672,8,3328,22016,13312,16,6656,128,6656,416,73728
384x384x384w116-8-8,384,384,384,116,8,8,116-8-8,M00,7424,8,83968,116,7424,30720,1024,8,512,896,512,896,73728
384x384x384w97-8-8,384,384,384,97,8,8,97-8-8,M00,6208,8,88832,97,6208,25856,1024,8,512,768,512,768,73728
384x384x384w68-8-12,384,384,384,68,8,12,68-8-12,M00,4352,12,91392,68,6528,23296,1536,8,768,512,768,768,73728
384x384x384w12-72-8,384,384,384,12,72,8,12-72-8,0N0,6912,8,90112,12,768,24576,9216,72,4608,576,4608,64,73728
384x384x384w8-16-50,384,384,384,8,16,50,8-16-50,00K,1024,50,93440,8,3200,21248,12800,16,6400,128,6400,400,73728
384x384x384w9-16-46,384,384,384,9,16,46,9-16-46,M0K,1152,46,93984,9,3312,20704,11776,16,5888,128,5888,368,73872
384x384x384w9-16-47,384,384,384,9,16,47,9-16-47,M0K,1152,47,93584,9,3384,21104,12032,16,6016,128,6016,376,73872
384x384x384w9-16-43,384,384,384,9,16,43,9-16-43,M0K,1152,43,95184,9,3096,19504,11008,16,5504,128,5504,344,73872
384x384x384w9-16-45,384,384,384,9,16,45,9-16-45,M0K,1152,45,94384,9,3240,20304,11520,16,5760,128,5760,360,73872
384x384x384w9-16-44,384,384,384,9,16,44,9-16-44,M0K,1152,44,94784,9,3168,19904,11264,16,5632,128,5632,352,73872
384x384x384w9-32-22,384,384,384,9,32,22,9-32-22,M0K,2304,22,95648,9,1584,19040,11264,32,5632,256,5632,176,73872
384x384x384w10-8-77,384,384,384,10,8,77,10-8-77,M0K,640,77,91232,10,6160,23456,9856,8,4928,64,4928,616,73920
384x384x384w10-8-85,384,384,384,10,8,85,10-8-85,M0K,640,85,88928,10,6800,25760,10880,8,5440,64,5440,680,73920
384x384x384w10-16-42,384,384,384,10,16,42,10-16-42,M0K,1280,42,94656,10,3360,20032,10752,16,5376,128,5376,336,73920
384x384x384w10-32-20,384,384,384,10,32,20,10-32-20,M0K,2560,20,96128,10,1600,18560,10240,32,5120,256,5120,160,73920
384x384x384w10-16-41,384,384,384,10,16,41,10-16-41,M0K,1280,41,95072,10,3280,19616,10496,16,5248,128,5248,328,73920
384x384x384w35-16-11,384,384,384,35,16,11,35-16-11,M0K,4480,11,96752,35,3080,17936,2816,16,1408,512,1408,352,73920
384x384x384w10-8-79,384,384,384,10,8,79,10-8-79,M0K,640,79,90656,10,6320,24032,10112,8,5056,64,5056,632,73920
384x384x384w10-8-89,384,384,384,10,8,89,10-8-89,M0K,640,89,87776,10,7120,26912,11392,8,5696,64,5696,712,73920
384x384x384w10-8-87,384,384,384,10,8,87,10-8-87,M0K,640,87,88352,10,6960,26336,11136,8,5568,64,5568,696,73920
384x384x384w11-16-38,384,384,384,11,16,38,11-16-38,M0K,1408,38,95456,11,3344,19232,9728,16,4864,128,4864,304,73920
384x384x384w10-24-27,384,384,384,10,24,27,10-24-27,M0K,1920,27,96160,10,2160,18528,10368,24,5184,192,5184,216,73920
384x384x384w10-8-86,384,384,384,10,8,86,10-8-86,M0K,640,86,88640,10,6880,26048,11008,8,5504,64,5504,688,73920
384x384x384w10-8-82,384,384,384,10,8,82,10-8-82,M0K,640,82,89792,10,6560,24896,10496,8,5248,64,5248,656,73920
384x384x384w10-8-81,384,384,384,10,8,81,10-8-81,M0K,640,81,90080,10,6480,24608,10368,8,5184,64,5184,648,73920
384x384x384w10-8-95,384,384,384,10,8,95,10-8-95,M0K,640,95,86048,10,7600,28640,12160,8,6080,64,6080,760,73920
384x384x384w10-8-83,384,384,384,10,8,83,10-8-83,M0K,640,83,89504,10,6640,25184,10624,8,5312,64,5312,664,73920
384x384x384w10-8-90,384,384,384,10,8,90,10-8-90,M0K,640,90,87488,10,7200,27200,11520,8,5760,64,5760,720,73920
384x384x384w11-16-35,384,384,384,11,16,35,11-16-35,M0K,1408,35,96752,11,3080,17936,8960,16,4480,128,4480,280,73920
384x384x384w11-16-37,384,384,384,11,16,37,11-16-37,M0K,1408,37,95888,11,3256,18800,9472,16,4736,128,4736,296,73920
384x384x384w10-8-94,384,384,384,10,8,94,10-8-94,M0K,640,94,86336,10,7520,28352,12032,8,6016,64,6016,752,73920
384x384x384w10-40-16,384,384,384,10,40,16,10-40-16,MN0,3200,16,95488,10,1280,19200,10240,40,5120,320,5120,128,73920
384x384x384w10-8-80,384,384,384,10,8,80,10-8-80,M0K,640,80,90368,10,6400,24320,10240,8,5120,64,5120,640,73920
384x384x384w10-16-39,384,384,384,10,16,39,10-16-39,M0K,1280,39,95904,10,3120,18784,9984,16,4992,128,4992,312,73920
384x384x384w76-8-11,384,384,384,76,8,11,76-8-11,M0K,4864,11,90176,76,6688,24512,1408,8,704,576,704,792,73920
384x384x384w36-16-11,384,384,384,36,16,11,36-16-11,M0K,4608,11,96320,36,3168,18368,2816,16,1408,512,1408,352,73920
384x384x384w11-16-36,384,384,384,11,16,36,11-16-36,M0K,1408,36,96320,11,3168,18368,9216,16,4608,128,4608,288,73920
384x384x384w10-48-13,384,384,384,10,48,13,10-48-13,M0K,3840,13,94944,10,1040,19744,9984,48,4992,384,4992,104,73920
384x384x384w10-8-84,384,384,384,10,8,84,10-8-84,M0K,640,84,89216,10,6720,25472,10752,8,5376,64,5376,672,73920
384x384x384w10-8-93,384,384,384,10,8,93,10-8-93,M0K,640,93,86624,10,7440,28064,11904,8,5952,64,5952,744,73920
384x384x384w10-8-78,384,384,384,10,8,78,10-8-78,M0K,640,78,90944,10,6240,23744,9984,8,4992,64,4992,624,73920
384x384x384w10-8-92,384,384,384,10,8,92,10-8-92,M0K,640,92,86912,10,7360,27776,11776,8,5888,64,5888,736,73920
384x384x384w11-32-18,384,384,384,11,32,18,11-32-18,M0K,2816,18,96672,11,1584,18016,9216,32,4608,256,4608,144,73920
384x384x384w10-24-26,384,384,384,10,24,26,10-24-26,M0K,1920,26,96704,10,2080,17984,9984,24,4992,192,4992,208,73920
384x384x384w10-16-40,384,384,384,10,16,40,10-16-40,M0K,1280,40,95488,10,3200,19200,10240,16,5120,128,5120,320,73920
384x384x384w10-8-91,384,384,384,10,8,91,10-8-91,M0K,640,91,87200,10,7280,27488,11648,8,5824,64,5824,728,73920
384x384x384w10-88-8,384,384,384,10,88,8,10-88-8,MN0,7040,8,88064,10,640,26624,11264,88,5632,704,5632,64,73920
384x384x384w10-8-88,384,384,384,10,8,88,10-8-88,M0K,640,88,88064,10,7040,26624,11264,8,5632,64,5632,704,73920
384x384x384w10-80-8,384,384,384,10,80,8,10-80-8,MN0,6400,8,90368,10,640,24320,10240,80,5120,640,5120,64,73920
384x384x384w37-16-11,384,384,384,37,16,11,37-16-11,M0K,4736,11,95888,37,3256,18800,2816,16,1408,512,1408,352,73920
384x384x384w47-16-9,384,384,384,47,16,9,47-16-9,M0K,6016,9,93584,47,3384,21104,2304,16,1152,640,1152,360,74304
384x384x384w45-16-9,384,384,384,45,16,9,45-16-9,M0K,5760,9,94384,45,3240,20304,2304,16,1152,640,1152,360,74304
384x384x384w95-8-9,384,384,384,95,8,9,95-8-9,M0K,6080,9,87696,95,6840,26992,1152,8,576,704,576,792,74304
384x384x384w43-16-9,384,384,384,43,16,9,43-16-9,M0K,5504,9,95184,43,3096,19504,2304,16,1152,640,1152,360,74304
384x384x384w46-16-9,384,384,384,46,16,9,46-16-9,M0K,5888,9,93984,46,3312,20704,2304,16,1152,640,1152,360,74304
384x384x384w22-32-9,384,384,384,22,32,9,22-32-9,M0K,5632,9,95648,22,1584,19040,4608,32,2304,512,2304,144,74304
384x384x384w44-16-9,384,384,384,44,16,9,44-16-9,M0K,5632,9,94784,44,3168,19904,2304,16,1152,640,1152,360,74304
384x384x384w13-32-15,384,384,384,13,32,15,13-32-15,M0K,3328,15,97232,13,1560,17456,7680,32,3840,256,3840,120,74568
384x384x384w13-16-31,384,384,384,13,16,31,13-16-31,M0K,1664,31,96976,13,3224,17712,7936,16,3968,128,3968,248,74568
384x384x384w13-16-30,384,384,384,13,16,30,13-16-30,M0K,1664,30,97440,13,3120,17248,7680,16,3840,128,3840,240,74568
384x384x384w13-48-10,384,384,384,13,48,10,13-48-10,M0K,4992,10,94944,13,1040,19744,7680,48,3840,384,3840,80,74568
384x384x384w14-8-60,384,384,384,14,8,60,14-8-60,M0K,896,60,91776,14,6720,22912,7680,8,3840,64,3840,480,74592
384x384x384w29-8-29,384,384,384,29,8,29,29-8-29,M0K,1856,29,93808,29,6728,20880,3712,8,1856,192,1856,696,74592
384x384x384w14-8-55,384,384,384,14,8,55,14-8-55,M0K,896,55,93536,14,6160,21152,7040,8,3520,64,3520,440,74592
384x384x384w14-8-59,384,384,384,14,8,59,14-8-59,M0K,896,59,92128,14,6608,22560,7552,8,3776,64,3776,472,74592
384x384x384w14-8-56,384,384,384,14,8,56,14-8-56,M0K,896,56,93184,14,6272,21504,7168,8,3584,64,3584,448,74592
384x384x384w29-8-28,384,384,384,29,8,28,29-8-28,M0K,1856,28,94400,29,6496,20288,3584,8,1792,192,1792,672,74592
384x384x384w14-32-14,384,384,384,14,32,14,14-32-14,M0K,3584,14,97216,14,1568,17472,7168,32,3584,256,3584,112,74592
384x384x384w14-8-61,384,384,384,14,8,61,14-8-61,M0K,896,61,91424,14,6832,23264,7808,8,3904,64,3904,488,74592
384x384x384w14-56-8,384,384,384,14,56,8,14-56-8,MN0,6272,8,93184,14,896,21504,7168,56,3584,448,3584,64,74592
384x384x384w14-24-19,384,384,384,14,24,19,14-24-19,M0K,2688,19,97760,14,2128,16928,7296,24,3648,192,3648,152,74592
384x384x384w14-16-29,384,384,384,14,16,29,14-16-29,M0K,1792,29,97184,14,3248,17504,7424,16,3712,128,3712,232,74592
384x384x384w14-8-63,384,384,384,14,8,63,14-8-63,M0K,896,63,90720,14,7056,23968,8064,8,4032,64,4032,504,74592
384x384x384w14-8-62,384,384,384,14,8,62,14-8-62,M0K,896,62,91072,14,6944,23616,7936,8,3968,64,3968,496,74592
384x384x384w14-8-58,384,384,384,14,8,58,14-8-58,M0K,896,58,92480,14,6496,22208,7424,8,3712,64,3712,464,74592
384x384x384w14-16-28,384,384,384,14,16,28,14-16-28,M0K,1792,28,97664,14,3136,17024,7168,16,3584,128,3584,224,74592
384x384x384w29-16-14,384,384,384,29,16,14,29-16-14,M0K,3712,14,97184,29,3248,17504,3584,16,1792,384,1792,336,74592
384x384x384w14-8-57,384,384,384,14,8,57,14-8-57,M0K,896,57,92832,14,6384,21856,7296,8,3648,64,3648,456,74592
384x384x384w19-16-21,384,384,384,19,16,21,19-16-21,M0K,2432,21,98064,19,3192,16624,5376,16,2688,256,2688,336,74784
384x384x384w18-40-9,384,384,384,18,40,9,18-40-9,MNK,5760,9,94816,18,1296,19872,5760,40,2880,640,2880,144,74820
384x384x384w30-8-26,384,384,384,30,8,26,30-8-26,M0K,1920,26,95040,30,6240,19648,3328,8,1664,192,1664,624,74880
384x384x384w77-8-10,384,384,384,77,8,10,77-8-10,M0K,4928,10,91232,77,6160,23456,1280,8,640,576,640,720,74880
384x384x384w82-8-10,384,384,384,82,8,10,82-8-10,M0K,5248,10,89792,82,6560,24896,1280,8,640,640,640,800,74880
384x384x384w87-8-10,384,384,384,87,8,10,87-8-10,M0K,5568,10,88352,87,6960,26336,1280,8,640,640,640,800,74880
384x384x384w79-8-10,384,384,384,79,8,10,79-8-10,M0K,5056,10,90656,79,6320,24032,1280,8,640,576,640,720,74880
384x384x384w20-40-8,384,384,384,20,40,8,20-40-8,MN0,6400,8,94208,20,1280,20480,5120,40,2560,640,2560,128,74880
384x384x384w8-80-10,384,384,384,8,80,10,8-80-10,0NK,5120,10,90368,8,640,24320,12800,80,6400,640,6400,80,74880
384x384x384w20-8-42,384,384,384,20,8,42,20-8-42,M0K,1280,42,93312,20,6720,21376,5376,8,2688,128,2688,672,74880
384x384x384w94-8-10,384,384,384,94,8,10,94-8-10,M0K,6016,10,86336,94,7520,28352,1280,8,640,704,640,880,74880
384x384x384w26-8-30,384,384,384,26,8,30,26-8-30,M0K,1664,30,95040,26,6240,19648,3840,8,1920,192,1920,720,74880
384x384x384w86-8-10,384,384,384,86,8,10,86-8-10,M0K,5504,10,88640,86,6880,26048,1280,8,640,640,640,800,74880
384x384x384w40-16-10,384,384,384,40,16,10,40-16-10,M0K,5120,10,95488,40,3200,19200,2560,16,1280,640,1280,400,74880
384x384x384w20-24-13,384,384,384,20,24,13,20-24-13,M0K,3840,13,97856,20,2080,16832,4992,24,2496,384,2496,208,74880
384x384x384w31-16-13,384,384,384,31,16,13,31-16-13,M0K,3968,13,96976,31,3224,17712,3328,16,1664,384,1664,312,74880
384x384x384w88-8-10,384,384,384,88,8,10,88-8-10,M0K,5632,10,88064,88,7040,26624,1280,8,640,704,640,880,74880
384x384x384w90-8-10,384,384,384,90,8,10,90-8-10,M0K,5760,10,87488,90,7200,27200,1280,8,640,704,640,880,74880
384x384x384w93-8-10,384,384,384,93,8,10,93-8-10,M0K,5952,10,86624,93,7440,28064,1280,8,640,704,640,880,74880
384x384x384w20-8-40,384,384,384,20,8,40,20-8-40,M0K,1280,40,94208,20,6400,20480,5120,8,2560,128,2560,640,74880
384x384x384w81-8-10,384,384,384,81,8,10,81-8-10,M0K,5184,10,90080,81,6480,24608,1280,8,640,640,640,800,74880
384x384x384w30-16-13,384,384,384,30,16,13,30-16-13,M0K,3840,13,97440,30,3120,17248,3328,16,1664,384,1664,312,74880
384x384x384w84-8-10,384,384,384,84,8,10,84-8-10,M0K,5376,10,89216,84,6720,25472,1280,8,640,640,640,800,74880
384x384x384w20-8-39,384,384,384,20,8,39,20-8-39,M0K,1280,39,94656,20,6240,20032,4992,8,2496,128,2496,624,74880
384x384x384w31-8-27,384,384,384,31,8,27,31-8-27,M0K,1984,27,93872,31,6696,20816,3456,8,1728,192,1728,648,74880
384x384x384w80-8-10,384,384,384,80,8,10,80-8-10,M0K,5120,10,90368,80,6400,24320,1280,8,640,640,640,800,74880
384x384x384w15-32-13,384,384,384,15,32,13,15-32-13,M0K,3840,13,97232,15,1560,17456,6656,32,3328,256,3328,104,74880
384x384x384w78-8-10,384,384,384,78,8,10,78-8-10,M0K,4992,10,90944,78,6240,23744,1280,8,640,576,640,720,74880
384x384x384w41-16-10,384,384,384,41,16,10,41-16-10,M0K,5248,10,95072,41,3280,19616,2560,16,1280,640,1280,400,74880
384x384x384w31-8-26,384,384,384,31,8,26,31-8-26,M0K,1984,26,94496,31,6448,20192,3328,8,1664,192,1664,624,74880
384x384x384w42-8-20,384,384,384,42,8,20,42-8-20,M0K,2688,20,93312,42,6720,21376,2560,8,1280,320,1280,800,74880
384x384x384w26-24-10,384,384,384,26,24,10,26-24-10,M0K,4992,10,96704,26,2080,17984,3840,24,1920,576,1920,240,74880
384x384x384w20-16-20,384,384,384,20,16,20,20-16-20,M0K,2560,20,98048,20,3200,16640,5120,16,2560,256,2560,320,74880
384x384x384w15-16-27,384,384,384,15,16,27,15-16-27,M0K,1920,27,97456,15,3240,17232,6912,16,3456,128,3456,216,74880
384x384x384w30-8-27,384,384,384,30,8,27,30-8-27,M0K,1920,27,94432,30,6480,20256,3456,8,1728,192,1728,648,74880
384x384x384w91-8-10,384,384,384,91,8,10,91-8-10,M0K,5824,10,87200,91,7280,27488,1280,8,640,704,640,880,74880
384x384x384w26-16-15,384,384,384,26,16,15,26-16-15,M0K,3328,15,97952,26,3120,16736,3840,16,1920,384,1920,360,74880
384x384x384w92-8-10,384,384,384,92,8,10,92-8-10,M0K,5888,10,86912,92,7360,27776,1280,8,640,704,640,880,74880
384x384x384w85-8-10,384,384,384,85,8,10,85-8-10,M0K,5440,10,88928,85,6800,25760,1280,8,640,640,640,800,74880
384x384x384w15-16-26,384,384,384,15,16,26,15-16-26,M0K,1920,26,97952,15,3120,16736,6656,16,3328,128,3328,208,74880
384x384x384w89-8-10,384,384,384,89,8,10,89-8-10,M0K,5696,10,87776,89,7120,26912,1280,8,640,704,640,880,74880
384x384x384w39-16-10,384,384,384,39,16,10,39-16-10,M0K,4992,10,95904,39,3120,18784,2560,16,1280,512,1280,320,74880
384x384x384w26-8-31,384,384,384,26,8,31,26-8-31,M0K,1664,31,94496,26,6448,20192,3968,8,1984,192,1984,744,74880
384x384x384w20-8-41,384,384,384,20,8,41,20-8-41,M0K,1280,41,93760,20,6560,20928,5248,8,2624,128,2624,656,74880
384x384x384w8-88-10,384,384,384,8,88,10,8-88-10,0NK,5632,10,88064,8,640,26624,14080,88,7040,704,7040,80,74880
384x384x384w83-8-10,384,384,384,83,8,10,83-8-10,M0K,5312,10,89504,83,6640,25184,1280,8,640,640,640,800,74880
384x384x384w16-40-10,384,384,384,16,40,10,16-40-10,0NK,5120,10,95488,16,1280,19200,6400,40,3200,640,3200,160,74880
384x384x384w23-16-17,384,384,384,23,16,17,23-16-17,M0K,2944,17,98192,23,3128,16496,4352,16,2176,256,2176,272,75072
384x384x384w17-16-23,384,384,384,17,16,23,17-16-23,M0K,2176,23,98192,17,3128,16496,5888,16,2944,256,2944,368,75072
384x384x384w18-8-44,384,384,384,18,8,44,18-8-44,M0K,1152,44,94080,18,6336,20608,5632,8,2816,128,2816,704,75168
384x384x384w18-8-47,384,384,384,18,8,47,18-8-47,M0K,1152,47,92832,18,6768,21856,6016,8,3008,128,3008,752,75168
384x384x384w18-16-22,384,384,384,18,16,22,18-16-22,M0K,2304,22,98112,18,3168,16576,5632,16,2816,256,2816,352,75168
384x384x384w18-8-46,384,384,384,18,8,46,18-8-46,M0K,1152,46,93248,18,6624,21440,5888,8,2944,128,2944,736,75168
384x384x384w18-8-45,384,384,384,18,8,45,18-8-45,M0K,1152,45,93664,18,6480,21024,5760,8,2880,128,2880,720,75168
384x384x384w18-8-43,384,384,384,18,8,43,18-8-43,M0K,1152,43,94496,18,6192,20192,5504,8,2752,128,2752,688,75168
384x384x384w9-40-18,384,384,384,9,40,18,9-40-18,MNK,2880,18,94816,9,1296,19872,11520,40,5760,320,5760,144,75240
384x384x384w55-8-14,384,384,384,55,8,14,55-8-14,M0K,3520,14,93536,55,6160,21152,1792,8,896,384,896,672,75264
384x384x384w8-56-14,384,384,384,8,56,14,8-56-14,0NK,3584,14,93184,8,896,21504,12544,56,6272,448,6272,112,75264
384x384x384w59-8-14,384,384,384,59,8,14,59-8-14,M0K,3776,14,92128,59,6608,22560,1792,8,896,448,896,784,75264
384x384x384w60-8-14,384,384,384,60,8,14,60-8-14,M0K,3840,14,91776,60,6720,22912,1792,8,896,448,896,784,75264
384x384x384w28-8-29,384,384,384,28,8,29,28-8-29,M0K,1792,29,94400,28,6496,20288,3712,8,1856,192,1856,696,75264
384x384x384w58-8-14,384,384,384,58,8,14,58-8-14,M0K,3712,14,92480,58,6496,22208,1792,8,896,448,896,784,75264
384x384x384w61-8-14,384,384,384,61,8,14,61-8-14,M0K,3904,14,91424,61,6832,23264,1792,8,896,448,896,784,75264
384x384x384w56-8-14,384,384,384,56,8,14,56-8-14,M0K,3584,14,93184,56,6272,21504,1792,8,896,448,896,784,75264
384x384x384w28-16-14,384,384,384,28,16,14,28-16-14,M0K,3584,14,97664,28,3136,17024,3584,16,1792,384,1792,336,75264
384x384x384w62-8-14,384,384,384,62,8,14,62-8-14,M0K,3968,14,91072,62,6944,23616,1792,8,896,448,896,784,75264
384x384x384w28-8-28,384,384,384,28,8,28,28-8-28,M0K,1792,28,94976,28,6272,19712,3584,8,1792,192,1792,672,75264
384x384x384w57-8-14,384,384,384,57,8,14,57-8-14,M0K,3648,14,92832,57,6384,21856,1792,8,896,448,896,784,75264
384x384x384w10-56-11,384,384,384,10,56,11,10-56-11,MNK,4480,11,94112,10,880,20576,9856,56,4928,448,4928,88,75460
384x384x384w21-16-19,384,384,384,21,16,19,21-16-19,M0K,2688,19,98064,21,3192,16624,4864,16,2432,256,2432,304,75600
384x384x384w22-8-35,384,384,384,22,8,35,22-8-35,M0K,1408,35,95072,22,6160,19616,4480,8,2240,128,2240,560,76032
384x384x384w36-8-22,384,384,384,36,8,22,36-8-22,M0K,2304,22,94592,36,6336,20096,2816,8,1408,256,1408,704,76032
384x384x384w43-8-18,384,384,384,43,8,18,43-8-18,M0K,2752,18,94496,43,6192,20192,2304,8,1152,320,1152,720,76032
384x384x384w35-8-22,384,384,384,35,8,22,35-8-22,M0K,2240,22,95072,35,6160,19616,2816,8,1408,256,1408,704,76032
384x384x384w44-8-18,384,384,384,44,8,18,44-8-18,M0K,2816,18,94080,44,6336,20608,2304,8,1152,320,1152,720,76032
384x384x384w22-8-38,384,384,384,22,8,38,22-8-38,M0K,1408,38,93632,22,6688,21056,4864,8,2432,128,2432,608,76032
384x384x384w22-16-18,384,384,384,22,16,18,22-16-18,M0K,2816,18,98112,22,3168,16576,4608,16,2304,256,2304,288,76032
384x384x384w22-8-37,384,384,384,22,8,37,22-8-37,M0K,1408,37,94112,22,6512,20576,4736,8,2368,128,2368,592,76032
384x384x384w47-8-18,384,384,384,47,8,18,47-8-18,M0K,3008,18,92832,47,6768,21856,2304,8,1152,320,1152,720,76032
384x384x384w45-8-18,384,384,384,45,8,18,45-8-18,M0K,2880,18,93664,45,6480,21024,2304,8,1152,320,1152,720,76032
384x384x384w46-8-18,384,384,384,46,8,18,46-8-18,M0K,2944,18,93248,46,6624,21440,2304,8,1152,320,1152,720,76032
384x384x384w22-8-36,384,384,384,22,8,36,22-8-36,M0K,1408,36,94592,22,6336,20096,4608,8,2304,128,2304,576,76032
384x384x384w37-8-22,384,384,384,37,8,22,37-8-22,M0K,2368,22,94112,37,6512,20576,2816,8,1408,256,1408,704,76032
384x384x384w23-24-11,384,384,384,23,24,11,23-24-11,M0K,4416,11,97584,23,2024,17104,4224,24,2112,384,2112,176,76160
384x384x384w11-24-23,384,384,384,11,24,23,11-24-23,M0K,2112,23,97584,11,2024,17104,8832,24,4416,192,4416,184,76160
384x384x384w29-24-9,384,384,384,29,24,9,29-24-9,M0K,5568,9,95920,29,2088,18768,3456,24,1728,576,1728,216,76368
384x384x384w14-48-9,384,384,384,14,48,9,14-48-9,M0K,5376,9,95008,14,1008,19680,6912,48,3456,384,3456,72,76368
384x384x384w11-56-10,384,384,384,11,56,10,11-56-10,MNK,4928,10,94112,11,880,20576,8960,56,4480,448,4480,80,76440
384x384x384w13-40-12,384,384,384,13,40,12,13-40-12,MN0,4160,12,96192,13,1248,18496,7680,40,3840,320,3840,96,76480
384x384x384w13-24-20,384,384,384,13,24,20,13-24-20,M0K,2496,20,97856,13,2080,16832,7680,24,3840,192,3840,160,76480
384x384x384w17-24-15,384,384,384,17,24,15,17-24-15,M0K,3264,15,98320,17,2040,16368,5760,24,2880,384,2880,240,76544
384x384x384w15-24-17,384,384,384,15,24,17,15-24-17,M0K,2880,17,98320,15,2040,16368,6528,24,3264,192,3264,136,76544
384x384x384w9-24-29,384,384,384,9,24,29,9-24-29,M0K,1728,29,95920,9,2088,18768,11136,24,5568,192,5568,232,76608
384x384x384w38-8-21,384,384,384,38,8,21,38-8-21,M0K,2432,21,94368,38,6384,20320,2688,8,1344,256,1344,672,76608
384x384x384w9-24-28,384,384,384,9,24,28,9-24-28,M0K,1728,28,96448,9,2016,18240,10752,24,5376,192,5376,224,76608
384x384x384w9-56-12,384,384,384,9,56,12,9-56-12,MN0,4032,12,94144,9,864,20544,10752,56,5376,448,5376,96,76608
384x384x384w9-48-14,384,384,384,9,48,14,9-48-14,M0K,3456,14,95008,9,1008,19680,10752,48,5376,384,5376,112,76608
384x384x384w19-32-10,384,384,384,19,32,10,19-32-10,M0K,4864,10,96800,19,1520,17888,5120,32,2560,512,2560,160,76752
384x384x384w40-8-20,384,384,384,40,8,20,40-8-20,M0K,2560,20,94208,40,6400,20480,2560,8,1280,320,1280,800,76800
384x384x384w39-8-20,384,384,384,39,8,20,39-8-20,M0K,2496,20,94656,39,6240,20032,2560,8,1280,256,1280,640,76800
384x384x384w41-8-20,384,384,384,41,8,20,41-8-20,M0K,2624,20,93760,41,6560,20928,2560,8,1280,320,1280,800,76800
384x384x384w21-24-12,384,384,384,21,24,12,21-24-12,M00,4032,12,97984,21,2016,16704,4608,24,2304,384,2304,192,76800
384x384x384w12-40-13,384,384,384,12,40,13,12-40-13,0NK,3840,13,96192,12,1248,18496,8320,40,4160,320,4160,104,76800
384x384x384w8-40-20,384,384,384,8,40,20,8-40-20,0NK,2560,20,94208,8,1280,20480,12800,40,6400,320,6400,160,76800
384x384x384w12-56-9,384,384,384,12,56,9,12-56-9,0NK,5376,9,94144,12,864,20544,8064,56,4032,448,4032,72,77056
384x384x384w28-24-9,384,384,384,28,24,9,28-24-9,M0K,5376,9,96448,28,2016,18240,3456,24,1728,576,1728,216,77056
384x384x384w11-32-17,384,384,384,11,32,17,11-32-17,M0K,2816,17,97360,11,1496,17328,8704,32,4352,256,4352,136,77280
384x384x384w17-32-11,384,384,384,17,32,11,17-32-11,M0K,4352,11,97360,17,1496,17328,5632,32,2816,512,2816,176,77280
384x384x384w54-8-15,384,384,384,54,8,15,54-8-15,M0K,3456,15,92896,54,6480,21792,1920,8,960,384,960,720,77376
384x384x384w21-32-9,384,384,384,21,32,9,21-32-9,M0K,5376,9,96304,21,1512,18384,4608,32,2304,512,2304,144,77400
384x384x384w10-32-19,384,384,384,10,32,19,10-32-19,M0K,2560,19,96800,10,1520,17888,9728,32,4864,256,4864,152,77616
384x384x384w14-40-11,384,384,384,14,40,11,14-40-11,MNK,4480,11,96224,14,1232,18464,7040,40,3520,320,3520,88,77700
384x384x384w63-8-13,384,384,384,63,8,13,63-8-13,M0K,4032,13,91856,63,6552,22832,1664,8,832,448,832,728,77760
384x384x384w12-24-21,384,384,384,12,24,21,12-24-21,00K,2304,21,97984,12,2016,16704,8064,24,4032,192,4032,168,77824
384x384x384w18-24-14,384,384,384,18,24,14,18-24-14,M0K,3456,14,98368,18,2016,16320,5376,24,2688,384,2688,224,77952
384x384x384w9-32-21,384,384,384,9,32,21,9-32-21,M0K,2304,21,96304,9,1512,18384,10752,32,5376,256,5376,168,77976
384x384x384w14-24-18,384,384,384,14,24,18,14-24-18,M0K,2688,18,98368,14,2016,16320,6912,24,3456,192,3456,144,78144
384x384x384w8-32-23,384,384,384,8,32,23,8-32-23,00K,2048,23,95872,8,1472,18816,11776,32,5888,256,5888,184,78336
384x384x384w23-16-16,384,384,384,23,16,16,23-16-16,M00,2944,16,98816,23,2944,15872,4096,16,2048,256,2048,256,78336
384x384x384w16-16-23,384,384,384,16,16,23,16-16-23,00K,2048,23,98816,16,2944,15872,5888,16,2944,256,2944,368,78336
384x384x384w32-8-23,384,384,384,32,8,23,32-8-23,00K,2048,23,95872,32,5888,18816,2944,8,1472,256,1472,736,78336
384x384x384w23-8-32,384,384,384,23,8,32,23-8-32,M00,1472,32,95872,23,5888,18816,4096,8,2048,128,2048,512,78336
384x384x384w23-8-33,384,384,384,23,8,33,23-8-33,M0K,1472,33,95376,23,6072,19312,4224,8,2112,128,2112,528,78336
384x384x384w23-32-8,384,384,384,23,32,8,23-32-8,M00,5888,8,95872,23,1472,18816,4096,32,2048,512,2048,128,78336
384x384x384w23-8-34,384,384,384,23,8,34,23-8-34,M0K,1472,34,94880,23,6256,19808,4352,8,2176,128,2176,544,78336
384x384x384w33-8-23,384,384,384,33,8,23,33-8-23,M0K,2112,23,95376,33,6072,19312,2944,8,1472,256,1472,736,78336
384x384x384w34-8-23,384,384,384,34,8,23,34-8-23,M0K,2176,23,94880,34,6256,19808,2944,8,1472,256,1472,736,78336
384x384x384w11-40-14,384,384,384,11,40,14,11-40-14,MNK,3520,14,96224,11,1232,18464,8960,40,4480,320,4480,112,78400
384x384x384w11-48-11,384,384,384,11,48,11,11-48-11,M0K,4224,11,95856,11,968,18832,8448,48,4224,384,4224,88,78400
384x384x384w42-8-19,384,384,384,42,8,19,42-8-19,M0K,2688,19,94112,42,6384,20576,2432,8,1216,320,1216,760,78624
384x384x384w38-16-10,384,384,384,38,16,10,38-16-10,M0K,4864,10,96320,38,3040,18368,2560,16,1280,512,1280,320,78624
384x384x384w20-16-19,384,384,384,20,16,19,20-16-19,M0K,2560,19,98624,20,3040,16064,4864,16,2432,256,2432,304,78624
384x384x384w9-40-17,384,384,384,9,40,17,9-40-17,MNK,2880,17,95600,9,1224,19088,10880,40,5440,320,5440,136,78660
384x384x384w19-40-8,384,384,384,19,40,8,19-40-8,MN0,6080,8,94976,19,1216,19712,5120,40,2560,640,2560,128,78720
384x384x384w19-8-40,384,384,384,19,8,40,19-8-40,M0K,1216,40,94976,19,6080,19712,5120,8,2560,128,2560,640,78720
384x384x384w19-8-39,384,384,384,19,8,39,19-8-39,M0K,1216,39,95408,19,5928,19280,4992,8,2496,128,2496,624,78720
384x384x384w19-8-41,384,384,384,19,8,41,19-8-41,M0K,1216,41,94544,19,6232,20144,5248,8,2624,128,2624,656,78720
384x384x384w19-24-13,384,384,384,19,24,13,19-24-13,M0K,3648,13,98448,19,1976,16240,4992,24,2496,384,2496,208,78720
384x384x384w19-16-20,384,384,384,19,16,20,19-16-20,M0K,2432,20,98624,19,3040,16064,5120,16,2560,256,2560,320,78720
384x384x384w19-8-42,384,384,384,19,8,42,19-8-42,M0K,1216,42,94112,19,6384,20576,5376,8,2688,128,2688,672,78720
384x384x384w10-24-24,384,384,384,10,24,24,10-24-24,M00,1920,24,97792,10,1920,16896,9216,24,4608,192,4608,192,78848
384x384x384w10-24-25,384,384,384,10,24,25,10-24-25,M0K,1920,25,97248,10,2000,17440,9600,24,4800,192,4800,200,78848
384x384x384w10-48-12,384,384,384,10,48,12,10-48-12,M00,3840,12,95872,10,960,18816,9216,48,4608,384,4608,96,78848
384x384x384w17-40-9,384,384,384,17,40,9,17-40-9,MNK,5440,9,95600,17,1224,19088,5760,40,2880,640,2880,144,79120
384x384x384w21-16-18,384,384,384,21,16,18,21-16-18,M0K,2688,18,98656,21,3024,16032,4608,16,2304,256,2304,288,79200
384x384x384w21-8-35,384,384,384,21,8,35,21-8-35,M0K,1344,35,95760,21,5880,18928,4480,8,2240,128,2240,560,79200
384x384x384w21-8-36,384,384,384,21,8,36,21-8-36,M0K,1344,36,95296,21,6048,19392,4608,8,2304,128,2304,576,79200
384x384x384w21-8-37,384,384,384,21,8,37,21-8-37,M0K,1344,37,94832,21,6216,19856,4736,8,2368,128,2368,592,79200
384x384x384w21-8-38,384,384,384,21,8,38,21-8-38,M0K,1344,38,94368,21,6384,20320,4864,8,2432,128,2432,608,79200
384x384x384w27-8-28,384,384,384,27,8,28,27-8-28,M0K,1728,28,95552,27,6048,19136,3584,8,1792,192,1792,672,79296
384x384x384w27-8-29,384,384,384,27,8,29,27-8-29,M0K,1728,29,94992,27,6264,19696,3712,8,1856,192,1856,696,79296
384x384x384w27-16-14,384,384,384,27,16,14,27-16-14,M0K,3456,14,98144,27,3024,16544,3584,16,1792,384,1792,336,79296
384x384x384w18-16-21,384,384,384,18,16,21,18-16-21,M0K,2304,21,98656,18,3024,16032,5376,16,2688,256,2688,336,79344
384x384x384w10-72-9,384,384,384,10,72,9,10-72-9,MNK,5760,9,91360,10,720,23328,10368,72,5184,576,5184,72,79464
384x384x384w10-64-9,384,384,384,10,64,9,10-64-9,M0K,5120,9,93792,10,720,20896,9216,64,4608,512,4608,72,79464
384x384x384w44-8-17,384,384,384,44,8,17,44-8-17,M0K,2816,17,94912,44,5984,19776,2176,8,1088,320,1088,680,79488
384x384x384w45-8-17,384,384,384,45,8,17,45-8-17,M0K,2880,17,94512,45,6120,20176,2176,8,1088,320,1088,680,79488
384x384x384w17-8-46,384,384,384,17,8,46,17-8-46,M0K,1088,46,94112,17,6256,20576,5888,8,2944,128,2944,736,79488
384x384x384w17-8-43,384,384,384,17,8,43,17-8-43,M0K,1088,43,95312,17,5848,19376,5504,8,2752,128,2752,688,79488
384x384x384w17-8-44,384,384,384,17,8,44,17-8-44,M0K,1088,44,94912,17,5984,19776,5632,8,2816,128,2816,704,79488
384x384x384w17-16-22,384,384,384,17,16,22,17-16-22,M0K,2176,22,98720,17,2992,15968,5632,16,2816,256,2816,352,79488
384x384x384w46-8-17,384,384,384,46,8,17,46-8-17,M0K,2944,17,94112,46,6256,20576,2176,8,1088,320,1088,680,79488
384x384x384w17-8-45,384,384,384,17,8,45,17-8-45,M0K,1088,45,94512,17,6120,20176,5760,8,2880,128,2880,720,79488
384x384x384w22-16-17,384,384,384,22,16,17,22-16-17,M0K,2816,17,98720,22,2992,15968,4352,16,2176,256,2176,272,79488
384x384x384w47-8-17,384,384,384,47,8,17,47-8-17,M0K,3008,17,93712,47,6392,20976,2176,8,1088,320,1088,680,79488
384x384x384w17-8-47,384,384,384,17,8,47,17-8-47,M0K,1088,47,93712,17,6392,20976,6016,8,3008,128,3008,752,79488
384x384x384w43-8-17,384,384,384,43,8,17,43-8-17,M0K,2752,17,95312,43,5848,19376,2176,8,1088,320,1088,680,79488
384x384x384w48-8-15,384,384,384,48,8,15,48-8-15,00K,3072,15,95104,48,5760,19584,1920,8,960,384,960,720,79872
384x384x384w50-8-15,384,384,384,50,8,15,50-8-15,M0K,3200,15,94368,50,6000,20320,1920,8,960,384,960,720,79872
384x384x384w15-16-25,384,384,384,15,16,25,15-16-25,M0K,1920,25,98448,15,3000,16240,6400,16,3200,128,3200,200,79872
384x384x384w30-8-24,384,384,384,30,8,24,30-8-24,M00,1920,24,96256,30,5760,18432,3072,8,1536,192,1536,576,79872
384x384x384w31-8-25,384,384,384,31,8,25,31-8-25,M0K,1984,25,95120,31,6200,19568,3200,8,1600,192,1600,600,79872
384x384x384w24-16-15,384,384,384,24,16,15,24-16-15,00K,3072,15,98944,24,2880,15744,3840,16,1920,384,1920,360,79872
384x384x384w24-8-31,384,384,384,24,8,31,24-8-31,00K,1536,31,95744,24,5952,18944,3968,8,1984,192,1984,744,79872
384x384x384w25-8-31,384,384,384,25,8,31,25-8-31,M0K,1600,31,95120,25,6200,19568,3968,8,1984,192,1984,744,79872
384x384x384w15-24-16,384,384,384,15,24,16,15-24-16,M00,2880,16,98944,15,1920,15744,6144,24,3072,192,3072,128,79872
384x384x384w30-16-12,384,384,384,30,16,12,30-16-12,M00,3840,12,98176,30,2880,16512,3072,16,1536,384,1536,288,79872
384x384x384w15-16-24,384,384,384,15,16,24,15-16-24,M00,1920,24,98944,15,2880,15744,6144,16,3072,128,3072,192,79872
384x384x384w31-16-12,384,384,384,31,16,12,31-16-12,M00,3968,12,97728,31,2976,16960,3072,16,1536,384,1536,288,79872
384x384x384w16-24-15,384,384,384,16,24,15,16-24-15,00K,3072,15,98944,16,1920,15744,5760,24,2880,384,2880,240,79872
384x384x384w12-16-30,384,384,384,12,16,30,12-16-30,00K,1536,30,98176,12,2880,16512,7680,16,3840,128,3840,240,79872
384x384x384w24-24-10,384,384,384,24,24,10,24-24-10,00K,4608,10,97792,24,1920,16896,3840,24,1920,576,1920,240,79872
384x384x384w30-8-25,384,384,384,30,8,25,30-8-25,M0K,1920,25,95648,30,6000,19040,3200,8,1600,192,1600,600,79872
384x384x384w24-8-30,384,384,384,24,8,30,24-8-30,00K,1536,30,96256,24,5760,18432,3840,8,1920,192,1920,720,79872
384x384x384w25-16-15,384,384,384,25,16,15,25-16-15,M0K,3200,15,98448,25,3000,16240,3840,16,1920,384,1920,360,79872
384x384x384w15-8-53,384,384,384,15,8,53,15-8-53,M0K,960,53,93264,15,6360,21424,6784,8,3392,64,3392,424,79872
384x384x384w51-8-15,384,384,384,51,8,15,51-8-15,M0K,3264,15,94000,51,6120,20688,1920,8,960,384,960,720,79872
384x384x384w15-8-49,384,384,384,15,8,49,15-8-49,M0K,960,49,94736,15,5880,19952,6272,8,3136,64,3136,392,79872
384x384x384w12-48-10,384,384,384,12,48,10,12-48-10,00K,4608,10,95872,12,960,18816,7680,48,3840,384,3840,80,79872
384x384x384w15-8-50,384,384,384,15,8,50,15-8-50,M0K,960,50,94368,15,6000,20320,6400,8,3200,64,3200,400,79872
384x384x384w15-8-48,384,384,384,15,8,48,15-8-48,M00,960,48,95104,15,5760,19584,6144,8,3072,64,3072,384,79872
384x384x384w15-8-51,384,384,384,15,8,51,15-8-51,M0K,960,51,94000,15,6120,20688,6528,8,3264,64,3264,408,79872
384x384x384w15-48-8,384,384,384,15,48,8,15-48-8,M00,5760,8,95104,15,960,19584,6144,48,3072,384,3072,64,79872
384x384x384w12-32-15,384,384,384,12,32,15,12-32-15,00K,3072,15,97984,12,1440,16704,7680,32,3840,256,3840,120,79872
384x384x384w20-24-12,384,384,384,20,24,12,20-24-12,M00,3840,12,98560,20,1920,16128,4608,24,2304,384,2304,192,79872
384x384x384w15-32-12,384,384,384,15,32,12,15-32-12,M00,3840,12,97984,15,1440,16704,6144,32,3072,256,3072,96,79872
384x384x384w15-8-52,384,384,384,15,8,52,15-8-52,M0K,960,52,93632,15,6240,21056,6656,8,3328,64,3328,416,79872
384x384x384w31-24-8,384,384,384,31,24,8,31-24-8,M00,5952,8,95744,31,1984,18944,3072,24,1536,576,1536,192,79872
384x384x384w49-8-15,384,384,384,49,8,15,49-8-15,M0K,3136,15,94736,49,5880,19952,1920,8,960,384,960,720,79872
384x384x384w25-24-10,384,384,384,25,24,10,25-24-10,M0K,4800,10,97248,25,2000,17440,3840,24,1920,576,1920,240,79872
384x384x384w15-8-54,384,384,384,15,8,54,15-8-54,M0K,960,54,92896,15,6480,21792,6912,8,3456,64,3456,432,79872
384x384x384w31-8-24,384,384,384,31,8,24,31-8-24,M00,1984,24,95744,31,5952,18944,3072,8,1536,192,1536,576,79872
384x384x384w12-16-31,384,384,384,12,16,31,12-16-31,00K,1536,31,97728,12,2976,16960,7936,16,3968,128,3968,248,79872
384x384x384w30-24-8,384,384,384,30,24,8,30-24-8,M00,5760,8,96256,30,1920,18432,3072,24,1536,576,1536,192,79872
384x384x384w25-8-30,384,384,384,25,8,30,25-8-30,M0K,1600,30,95648,25,6000,19040,3840,8,1920,192,1920,720,79872
384x384x384w8-24-31,384,384,384,8,24,31,8-24-31,00K,1536,31,95744,8,1984,18944,11904,24,5952,192,5952,248,79872
384x384x384w8-48-15,384,384,384,8,48,15,8-48-15,00K,3072,15,95104,8,960,19584,11520,48,5760,384,5760,120,79872
384x384x384w8-24-30,384,384,384,8,24,30,8-24-30,00K,1536,30,96256,8,1920,18432,11520,24,5760,192,5760,240,79872
384x384x384w52-8-15,384,384,384,52,8,15,52-8-15,M0K,3328,15,93632,52,6240,21056,1920,8,960,384,960,720,79872
384x384x384w53-8-15,384,384,384,53,8,15,53-8-15,M0K,3392,15,93264,53,6360,21424,1920,8,960,384,960,720,79872
384x384x384w29-8-26,384,384,384,29,8,26,29-8-26,M0K,1856,26,95584,29,6032,19104,3328,8,1664,192,1664,624,79920
384x384x384w29-16-13,384,384,384,29,16,13,29-16-13,M0K,3712,13,97904,29,3016,16784,3328,16,1664,384,1664,312,79920
384x384x384w29-8-27,384,384,384,29,8,27,29-8-27,M0K,1856,27,94992,29,6264,19696,3456,8,1728,192,1728,648,79920
384x384x384w14-32-13,384,384,384,14,32,13,14-32-13,M0K,3584,13,97952,14,1456,16736,6656,32,3328,256,3328,104,79920
384x384x384w14-16-26,384,384,384,14,16,26,14-16-26,M0K,1792,26,98624,14,2912,16064,6656,16,3328,128,3328,208,79920
384x384x384w14-16-27,384,384,384,14,16,27,14-16-27,M0K,1792,27,98144,14,3024,16544,6912,16,3456,128,3456,216,79920
384x384x384w9-72-10,384,384,384,9,72,10,9-72-10,MNK,5184,10,91360,9,720,23328,11520,72,5760,576,5760,80,80028
384x384x384w9-64-10,384,384,384,9,64,10,9-64-10,M0K,4608,10,93792,9,720,20896,10240,64,5120,512,5120,80,80028
384x384x384w10-40-15,384,384,384,10,40,15,10-40-15,MNK,3200,15,96288,10,1200,18400,9600,40,4800,320,4800,120,80080
384x384x384w37-8-21,384,384,384,37,8,21,37-8-21,M0K,2368,21,94832,37,6216,19856,2688,8,1344,256,1344,672,80256
384x384x384w36-8-21,384,384,384,36,8,21,36-8-21,M0K,2304,21,95296,36,6048,19392,2688,8,1344,256,1344,672,80256
384x384x384w35-8-21,384,384,384,35,8,21,35-8-21,M0K,2240,21,95760,35,5880,18928,2688,8,1344,256,1344,672,80256
384x384x384w13-8-62,384,384,384,13,8,62,13-8-62,M0K,832,62,92192,13,6448,22496,7936,8,3968,64,3968,496,80304
384x384x384w13-8-57,384,384,384,13,8,57,13-8-57,M0K,832,57,93872,13,5928,20816,7296,8,3648,64,3648,456,80304
384x384x384w13-8-58,384,384,384,13,8,58,13-8-58,M0K,832,58,93536,13,6032,21152,7424,8,3712,64,3712,464,80304
384x384x384w13-8-60,384,384,384,13,8,60,13-8-60,M0K,832,60,92864,13,6240,21824,7680,8,3840,64,3840,480,80304
384x384x384w13-8-59,384,384,384,13,8,59,13-8-59,M0K,832,59,93200,13,6136,21488,7552,8,3776,64,3776,472,80304
384x384x384w13-8-61,384,384,384,13,8,61,13-8-61,M0K,832,61,92528,13,6344,22160,7808,8,3904,64,3904,488,80304
384x384x384w13-56-8,384,384,384,13,56,8,13-56-8,MN0,5824,8,94208,13,832,20480,7168,56,3584,448,3584,64,80304
384x384x384w13-16-28,384,384,384,13,16,28,13-16-28,M0K,1664,28,98368,13,2912,16320,7168,16,3584,128,3584,224,80304
384x384x384w13-32-14,384,384,384,13,32,14,13-32-14,M0K,3328,14,97952,13,1456,16736,7168,32,3584,256,3584,112,80304
384x384x384w13-8-63,384,384,384,13,8,63,13-8-63,M0K,832,63,91856,13,6552,22832,8064,8,4032,64,4032,504,80304
384x384x384w13-16-29,384,384,384,13,16,29,13-16-29,M0K,1664,29,97904,13,3016,16784,7424,16,3712,128,3712,232,80304
384x384x384w13-24-19,384,384,384,13,24,19,13-24-19,M0K,2496,19,98448,13,1976,16240,7296,24,3648,192,3648,152,80304
384x384x384w13-8-55,384,384,384,13,8,55,13-8-55,M0K,832,55,94544,13,5720,20144,7040,8,3520,64,3520,440,80304
384x384x384w13-8-56,384,384,384,13,8,56,13-8-56,M0K,832,56,94208,13,5824,20480,7168,8,3584,64,3584,448,80304
384x384x384w42-16-9,384,384,384,42,16,9,42-16-9,M0K,5376,9,95584,42,3024,19104,2304,16,1152,640,1152,360,80496
384x384x384w20-32-9,384,384,384,20,32,9,20-32-9,M0K,5120,9,96960,20,1440,17728,4608,32,2304,512,2304,144,80496
384x384x384w22-24-11,384,384,384,22,24,11,22-24-11,M0K,4224,11,98144,22,1936,16544,4224,24,2112,384,2112,176,80640
384x384x384w64-8-11,384,384,384,64,8,11,64-8-11,00K,4096,11,93824,64,5632,20864,1408,8,704,512,704,704,80640
384x384x384w65-8-11,384,384,384,65,8,11,65-8-11,M0K,4160,11,93520,65,5720,21168,1408,8,704,512,704,704,80640
384x384x384w68-8-11,384,384,384,68,8,11,68-8-11,M0K,4352,11,92608,68,5984,22080,1408,8,704,512,704,704,80640
384x384x384w11-8-70,384,384,384,11,8,70,11-8-70,M0K,704,70,92000,11,6160,22688,8960,8,4480,64,4480,560,80640
384x384x384w11-8-71,384,384,384,11,8,71,11-8-71,M0K,704,71,91696,11,6248,22992,9088,8,4544,64,4544,568,80640
384x384x384w73-8-11,384,384,384,73,8,11,73-8-11,M0K,4672,11,91088,73,6424,23600,1408,8,704,576,704,792,80640
384x384x384w60-8-13,384,384,384,60,8,13,60-8-13,M0K,3840,13,92864,60,6240,21824,1664,8,832,448,832,728,80640
384x384x384w66-8-11,384,384,384,66,8,11,66-8-11,M0K,4224,11,93216,66,5808,21472,1408,8,704,512,704,704,80640
384x384x384w11-32-16,384,384,384,11,32,16,11-32-16,M00,2816,16,98048,11,1408,16640,8192,32,4096,256,4096,128,80640
384x384x384w11-16-34,384,384,384,11,16,34,11-16-34,M0K,1408,34,97184,11,2992,17504,8704,16,4352,128,4352,272,80640
384x384x384w8-72-11,384,384,384,8,72,11,8-72-11,0NK,4608,11,91392,8,704,23296,12672,72,6336,576,6336,88,80640
384x384x384w11-8-69,384,384,384,11,8,69,11-8-69,M0K,704,69,92304,11,6072,22384,8832,8,4416,64,4416,552,80640
384x384x384w67-8-11,384,384,384,67,8,11,67-8-11,M0K,4288,11,92912,67,5896,21776,1408,8,704,512,704,704,80640
384x384x384w26-8-29,384,384,384,26,8,29,26-8-29,M0K,1664,29,95584,26,6032,19104,3712,8,1856,192,1856,696,80640
384x384x384w39-8-19,384,384,384,39,8,19,39-8-19,M0K,2496,19,95408,39,5928,19280,2432,8,1216,256,1216,608,80640
384x384x384w62-8-13,384,384,384,62,8,13,62-8-13,M0K,3968,13,92192,62,6448,22496,1664,8,832,448,832,728,80640
384x384x384w69-8-11,384,384,384,69,8,11,69-8-11,M0K,4416,11,92304,69,6072,22384,1408,8,704,512,704,704,80640
384x384x384w55-8-13,384,384,384,55,8,13,55-8-13,M0K,3520,13,94544,55,5720,20144,1664,8,832,384,832,624,80640
384x384x384w72-8-11,384,384,384,72,8,11,72-8-11,M0K,4608,11,91392,72,6336,23296,1408,8,704,576,704,792,80640
384x384x384w8-40-19,384,384,384,8,40,19,8-40-19,0NK,2560,19,94976,8,1216,19712,12160,40,6080,320,6080,152,80640
384x384x384w71-8-11,384,384,384,71,8,11,71-8-11,M0K,4544,11,91696,71,6248,22992,1408,8,704,512,704,704,80640
384x384x384w28-8-27,384,384,384,28,8,27,28-8-27,M0K,1792,27,95552,28,6048,19136,3456,8,1728,192,1728,648,80640
384x384x384w38-8-20,384,384,384,38,8,20,38-8-20,M0K,2432,20,95104,38,6080,19584,2560,8,1280,256,1280,640,80640
384x384x384w26-8-28,384,384,384,26,8,28,26-8-28,M0K,1664,28,96128,26,5824,18560,3584,8,1792,192,1792,672,80640
384x384x384w16-32-11,384,384,384,16,32,11,16-32-11,00K,4096,11,98048,16,1408,16640,5632,32,2816,512,2816,176,80640
384x384x384w56-8-13,384,384,384,56,8,13,56-8-13,M0K,3584,13,94208,56,5824,20480,1664,8,832,448,832,728,80640
384x384x384w11-8-64,384,384,384,11,8,64,11-8-64,M00,704,64,93824,11,5632,20864,8192,8,4096,64,4096,512,80640
384x384x384w61-8-13,384,384,384,61,8,13,61-8-13,M0K,3904,13,92528,61,6344,22160,1664,8,832,448,832,728,80640
384x384x384w75-8-11,384,384,384,75,8,11,75-8-11,M0K,4800,11,90480,75,6600,24208,1408,8,704,576,704,792,80640
384x384x384w11-8-75,384,384,384,11,8,75,11-8-75,M0K,704,75,90480,11,6600,24208,9600,8,4800,64,4800,600,80640
384x384x384w74-8-11,384,384,384,74,8,11,74-8-11,M0K,4736,11,90784,74,6512,23904,1408,8,704,576,704,792,80640
384x384x384w57-8-13,384,384,384,57,8,13,57-8-13,M0K,3648,13,93872,57,5928,20816,1664,8,832,448,832,728,80640
384x384x384w11-64-8,384,384,384,11,64,8,11-64-8,M00,5632,8,93824,11,704,20864,8192,64,4096,512,4096,64,80640
384x384x384w28-8-26,384,384,384,28,8,26,28-8-26,M0K,1792,26,96128,28,5824,18560,3328,8,1664,192,1664,624,80640
384x384x384w11-8-65,384,384,384,11,8,65,11-8-65,M0K,704,65,93520,11,5720,21168,8320,8,4160,64,4160,520,80640
384x384x384w70-8-11,384,384,384,70,8,11,70-8-11,M0K,4480,11,92000,70,6160,22688,1408,8,704,512,704,704,80640
384x384x384w11-16-33,384,384,384,11,16,33,11-16-33,M0K,1408,33,97616,11,2904,17072,8448,16,4224,128,4224,264,80640
384x384x384w58-8-13,384,384,384,58,8,13,58-8-13,M0K,3712,13,93536,58,6032,21152,1664,8,832,448,832,728,80640
384x384x384w33-16-11,384,384,384,33,16,11,33-16-11,M0K,4224,11,97616,33,2904,17072,2816,16,1408,512,1408,352,80640
384x384x384w11-24-22,384,384,384,11,24,22,11-24-22,M0K,2112,22,98144,11,1936,16544,8448,24,4224,192,4224,176,80640
384x384x384w11-8-67,384,384,384,11,8,67,11-8-67,M0K,704,67,92912,11,5896,21776,8576,8,4288,64,4288,536,80640
384x384x384w26-16-14,384,384,384,26,16,14,26-16-14,M0K,3328,14,98624,26,2912,16064,3584,16,1792,384,1792,336,80640
384x384x384w41-8-19,384,384,384,41,8,19,41-8-19,M0K,2624,19,94544,41,6232,20144,2432,8,1216,320,1216,760,80640
384x384x384w32-16-11,384,384,384,32,16,11,32-16-11,00K,4096,11,98048,32,2816,16640,2816,16,1408,512,1408,352,80640
384x384x384w11-8-68,384,384,384,11,8,68,11-8-68,M0K,704,68,92608,11,5984,22080,8704,8,4352,64,4352,544,80640
384x384x384w11-72-8,384,384,384,11,72,8,11-72-8,MN0,6336,8,91392,11,704,23296,9216,72,4608,576,4608,64,80640
384x384x384w11-16-32,384,384,384,11,16,32,11-16-32,M00,1408,32,98048,11,2816,16640,8192,16,4096,128,4096,256,80640
384x384x384w59-8-13,384,384,384,59,8,13,59-8-13,M0K,3776,13,93200,59,6136,21488,1664,8,832,448,832,728,80640
384x384x384w8-64-11,384,384,384,8,64,11,8-64-11,00K,4096,11,93824,8,704,20864,11264,64,5632,512,5632,88,80640
384x384x384w11-8-66,384,384,384,11,8,66,11-8-66,M0K,704,66,93216,11,5808,21472,8448,8,4224,64,4224,528,80640
384x384x384w8-56-13,384,384,384,8,56,13,8-56-13,0NK,3584,13,94208,8,832,20480,11648,56,5824,448,5824,104,80640
384x384x384w28-16-13,384,384,384,28,16,13,28-16-13,M0K,3584,13,98368,28,2912,16320,3328,16,1664,384,1664,312,80640
384x384x384w11-8-76,384,384,384,11,8,76,11-8-76,M0K,704,76,90176,11,6688,24512,9728,8,4864,64,4864,608,80640
384x384x384w11-8-72,384,384,384,11,8,72,11-8-72,M0K,704,72,91392,11,6336,23296,9216,8,4608,64,4608,576,80640
384x384x384w40-8-19,384,384,384,40,8,19,40-8-19,M0K,2560,19,94976,40,6080,19712,2432,8,1216,320,1216,760,80640
384x384x384w34-16-11,384,384,384,34,16,11,34-16-11,M0K,4352,11,97184,34,2992,17504,2816,16,1408,512,1408,352,80640
384x384x384w11-8-74,384,384,384,11,8,74,11-8-74,M0K,704,74,90784,11,6512,23904,9472,8,4736,64,4736,592,80640
384x384x384w11-8-73,384,384,384,11,8,73,11-8-73,M0K,704,73,91088,11,6424,23600,9344,8,4672,64,4672,584,80640
384x384x384w15-40-10,384,384,384,15,40,10,15-40-10,MNK,4800,10,96288,15,1200,18400,6400,40,3200,320,3200,80,81120
384x384x384w27-24-9,384,384,384,27,24,9,27-24-9,M0K,5184,9,96976,27,1944,17712,3456,24,1728,576,1728,216,81184
384x384x384w10-16-38,384,384,384,10,16,38,10-16-38,M0K,1280,38,96320,10,3040,18368,9728,16,4864,128,4864,304,81312
384x384x384w10-16-35,384,384,384,10,16,35,10-16-35,M0K,1280,35,97568,10,2800,17120,8960,16,4480,128,4480,280,81312
384x384x384w10-16-37,384,384,384,10,16,37,10-16-37,M0K,1280,37,96736,10,2960,17952,9472,16,4736,128,4736,296,81312
384x384x384w10-32-18,384,384,384,10,32,18,10-32-18,M0K,2560,18,97472,10,1440,17216,9216,32,4608,256,4608,144,81312
384x384x384w10-16-36,384,384,384,10,16,36,10-16-36,M0K,1280,36,97152,10,2880,17536,9216,16,4608,128,4608,288,81312
384x384x384w18-32-10,384,384,384,18,32,10,18-32-10,M0K,4608,10,97472,18,1440,17216,5120,32,2560,512,2560,160,81432
384x384x384w14-24-17,384,384,384,14,24,17,14-24-17,M0K,2688,17,98976,14,1904,15712,6528,24,3264,192,3264,136,81696
384x384x384w12-24-20,384,384,384,12,24,20,12-24-20,00K,2304,20,98560,12,1920,16128,7680,24,3840,192,3840,160,81920
384x384x384w12-40-12,384,384,384,12,40,12,12-40-12,0N0,3840,12,97024,12,1152,17664,7680,40,3840,320,3840,96,81920
384x384x384w9-8-95,384,384,384,9,8,95,9-8-95,M0K,576,95,87696,9,6840,26992,12160,8,6080,64,6080,760,82080
384x384x384w9-8-85,384,384,384,9,8,85,9-8-85,M0K,576,85,90416,9,6120,24272,10880,8,5440,64,5440,680,82080
384x384x384w9-16-40,384,384,384,9,16,40,9-16-40,M0K,1152,40,96384,9,2880,18304,10240,16,5120,128,5120,320,82080
384x384x384w9-8-81,384,384,384,9,8,81,9-8-81,M0K,576,81,91504,9,5832,23184,10368,8,5184,64,5184,648,82080
384x384x384w9-32-20,384,384,384,9,32,20,9-32-20,M0K,2304,20,96960,9,1440,17728,10240,32,5120,256,5120,160,82080
384x384x384w9-40-16,384,384,384,9,40,16,9-40-16,MN0,2880,16,96384,9,1152,18304,10240,40,5120,320,5120,128,82080
384x384x384w9-8-79,384,384,384,9,8,79,9-8-79,M0K,576,79,92048,9,5688,22640,10112,8,5056,64,5056,632,82080
384x384x384w9-8-94,384,384,384,9,8,94,9-8-94,M0K,576,94,87968,9,6768,26720,12032,8,6016,64,6016,752,82080
384x384x384w9-16-41,384,384,384,9,16,41,9-16-41,M0K,1152,41,95984,9,2952,18704,10496,16,5248,128,5248,328,82080
384x384x384w9-24-27,384,384,384,9,24,27,9-24-27,M0K,1728,27,96976,9,1944,17712,10368,24,5184,192,5184,216,82080
384x384x384w9-48-13,384,384,384,9,48,13,9-48-13,M0K,3456,13,95920,9,936,18768,9984,48,4992,384,4992,104,82080
384x384x384w9-8-92,384,384,384,9,8,92,9-8-92,M0K,576,92,88512,9,6624,26176,11776,8,5888,64,5888,736,82080
384x384x384w9-8-77,384,384,384,9,8,77,9-8-77,M0K,576,77,92592,9,5544,22096,9856,8,4928,64,4928,616,82080
384x384x384w9-8-78,384,384,384,9,8,78,9-8-78,M0K,576,78,92320,9,5616,22368,9984,8,4992,64,4992,624,82080
384x384x384w9-8-93,384,384,384,9,8,93,9-8-93,M0K,576,93,88240,9,6696,26448,11904,8,5952,64,5952,744,82080
384x384x384w9-8-83,384,384,384,9,8,83,9-8-83,M0K,576,83,90960,9,5976,23728,10624,8,5312,64,5312,664,82080
384x384x384w9-24-26,384,384,384,9,24,26,9-24-26,M0K,1728,26,97504,9,1872,17184,9984,24,4992,192,4992,208,82080
384x384x384w9-16-39,384,384,384,9,16,39,9-16-39,M0K,1152,39,96784,9,2808,17904,9984,16,4992,128,4992,312,82080
384x384x384w9-8-84,384,384,384,9,8,84,9-8-84,M0K,576,84,90688,9,6048,24000,10752,8,5376,64,5376,672,82080
384x384x384w9-8-88,384,384,384,9,8,88,9-8-88,M0K,576,88,89600,9,6336,25088,11264,8,5632,64,5632,704,82080
384x384x384w9-8-89,384,384,384,9,8,89,9-8-89,M0K,576,89,89328,9,6408,25360,11392,8,5696,64,5696,712,82080
384x384x384w9-16-42,384,384,384,9,16,42,9-16-42,M0K,1152,42,95584,9,3024,19104,10752,16,5376,128,5376,336,82080
384x384x384w9-8-91,384,384,384,9,8,91,9-8-91,M0K,576,91,88784,9,6552,25904,11648,8,5824,64,5824,728,82080
384x384x384w9-8-82,384,384,384,9,8,82,9-8-82,M0K,576,82,91232,9,5904,23456,10496,8,5248,64,5248,656,82080
384x384x384w9-8-86,384,384,384,9,8,86,9-8-86,M0K,576,86,90144,9,6192,24544,11008,8,5504,64,5504,688,82080
384x384x384w9-8-80,384,384,384,9,8,80,9-8-80,M0K,576,80,91776,9,5760,22912,10240,8,5120,64,5120,640,82080
384x384x384w9-80-8,384,384,384,9,80,8,9-80-8,MN0,5760,8,91776,9,576,22912,10240,80,5120,640,5120,64,82080
384x384x384w9-8-90,384,384,384,9,8,90,9-8-90,M0K,576,90,89056,9,6480,25632,11520,8,5760,64,5760,720,82080
384x384x384w9-8-87,384,384,384,9,8,87,9-8-87,M0K,576,87,89872,9,6264,24816,11136,8,5568,64,5568,696,82080
384x384x384w9-88-8,384,384,384,9,88,8,9-88-8,MN0,6336,8,89600,9,576,25088,11264,88,5632,704,5632,64,82080
384x384x384w13-48-9,384,384,384,13,48,9,13-48-9,M0K,4992,9,95920,13,936,18768,6912,48,3456,384,3456,72,82216
384x384x384w20-8-38,384,384,384,20,8,38,20-8-38,M0K,1280,38,95104,20,6080,19584,4864,8,2432,128,2432,608,82368
384x384x384w42-8-18,384,384,384,42,8,18,42-8-18,M0K,2688,18,94912,42,6048,19776,2304,8,1152,320,1152,720,82368
384x384x384w36-16-10,384,384,384,36,16,10,36-16-10,M0K,4608,10,97152,36,2880,17536,2560,16,1280,512,1280,320,82368
384x384x384w20-8-35,384,384,384,20,8,35,20-8-35,M0K,1280,35,96448,20,5600,18240,4480,8,2240,128,2240,560,82368
384x384x384w37-16-10,384,384,384,37,16,10,37-16-10,M0K,4736,10,96736,37,2960,17952,2560,16,1280,512,1280,320,82368
384x384x384w20-16-18,384,384,384,20,16,18,20-16-18,M0K,2560,18,99200,20,2880,15488,4608,16,2304,256,2304,288,82368
384x384x384w76-8-10,384,384,384,76,8,10,76-8-10,M0K,4864,10,91520,76,6080,23168,1280,8,640,576,640,720,82368
384x384x384w35-16-10,384,384,384,35,16,10,35-16-10,M0K,4480,10,97568,35,2800,17120,2560,16,1280,512,1280,320,82368
384x384x384w20-8-37,384,384,384,20,8,37,20-8-37,M0K,1280,37,95552,20,5920,19136,4736,8,2368,128,2368,592,82368
384x384x384w20-8-36,384,384,384,20,8,36,20-8-36,M0K,1280,36,96000,20,5760,18688,4608,8,2304,128,2304,576,82368
384x384x384w17-24-14,384,384,384,17,24,14,17-24-14,M0K,3264,14,98976,17,1904,15712,5376,24,2688,384,2688,224,82432
384x384x384w83-8-9,384,384,384,83,8,9,83-8-9,M0K,5312,9,90960,83,5976,23728,1152,8,576,640,576,720,82560
384x384x384w93-8-9,384,384,384,93,8,9,93-8-9,M0K,5952,9,88240,93,6696,26448,1152,8,576,704,576,792,82560
384x384x384w94-8-9,384,384,384,94,8,9,94-8-9,M0K,6016,9,87968,94,6768,26720,1152,8,576,704,576,792,82560
384x384x384w84-8-9,384,384,384,84,8,9,84-8-9,M0K,5376,9,90688,84,6048,24000,1152,8,576,640,576,720,82560
384x384x384w41-16-9,384,384,384,41,16,9,41-16-9,M0K,5248,9,95984,41,2952,18704,2304,16,1152,640,1152,360,82560
384x384x384w86-8-9,384,384,384,86,8,9,86-8-9,M0K,5504,9,90144,86,6192,24544,1152,8,576,640,576,720,82560
384x384x384w78-8-9,384,384,384,78,8,9,78-8-9,M0K,4992,9,92320,78,5616,22368,1152,8,576,576,576,648,82560
384x384x384w88-8-9,384,384,384,88,8,9,88-8-9,M0K,5632,9,89600,88,6336,25088,1152,8,576,704,576,792,82560
384x384x384w91-8-9,384,384,384,91,8,9,91-8-9,M0K,5824,9,88784,91,6552,25904,1152,8,576,704,576,792,82560
384x384x384w81-8-9,384,384,384,81,8,9,81-8-9,M0K,5184,9,91504,81,5832,23184,1152,8,576,640,576,720,82560
384x384x384w82-8-9,384,384,384,82,8,9,82-8-9,M0K,5248,9,91232,82,5904,23456,1152,8,576,640,576,720,82560
384x384x384w92-8-9,384,384,384,92,8,9,92-8-9,M0K,5888,9,88512,92,6624,26176,1152,8,576,704,576,792,82560
384x384x384w89-8-9,384,384,384,89,8,9,89-8-9,M0K,5696,9,89328,89,6408,25360,1152,8,576,704,576,792,82560
384x384x384w39-16-9,384,384,384,39,16,9,39-16-9,M0K,4992,9,96784,39,2808,17904,2304,16,1152,512,1152,288,82560
384x384x384w80-8-9,384,384,384,80,8,9,80-8-9,M0K,5120,9,91776,80,5760,22912,1152,8,576,640,576,720,82560
384x384x384w85-8-9,384,384,384,85,8,9,85-8-9,M0K,5440,9,90416,85,6120,24272,1152,8,576,640,576,720,82560
384x384x384w16-40-9,384,384,384,16,40,9,16-40-9,0NK,5120,9,96384,16,1152,18304,5760,40,2880,640,2880,144,82560
384x384x384w90-8-9,384,384,384,90,8,9,90-8-9,M0K,5760,9,89056,90,6480,25632,1152,8,576,704,576,792,82560
384x384x384w8-80-9,384,384,384,8,80,9,8-80-9,0NK,5120,9,91776,8,576,22912,11520,80,5760,640,5760,72,82560
384x384x384w79-8-9,384,384,384,79,8,9,79-8-9,M0K,5056,9,92048,79,5688,22640,1152,8,576,576,576,648,82560
384x384x384w26-24-9,384,384,384,26,24,9,26-24-9,M0K,4992,9,97504,26,1872,17184,3456,24,1728,576,1728,216,82560
384x384x384w77-8-9,384,384,384,77,8,9,77-8-9,M0K,4928,9,92592,77,5544,22096,1152,8,576,576,576,648,82560
384x384x384w8-88-9,384,384,384,8,88,9,8-88-9,0NK,5632,9,89600,8,576,25088,12672,88,6336,704,6336,72,82560
384x384x384w40-16-9,384,384,384,40,16,9,40-16-9,M0K,5120,9,96384,40,2880,18304,2304,16,1152,640,1152,360,82560
384x384x384w87-8-9,384,384,384,87,8,9,87-8-9,M0K,5568,9,89872,87,6264,24816,1152,8,576,640,576,720,82560
384x384x384w19-16-19,384,384,384,19,16,19,19-16-19,M0K,2432,19,99184,19,2888,15504,4864,16,2432,256,2432,304,82656
384x384x384w21-16-17,384,384,384,21,16,17,21-16-17,M0K,2688,17,99248,21,2856,15440,4352,16,2176,256,2176,272,82800
384x384x384w47-16-8,384,384,384,47,16,8,47-16-8,M00,6016,8,94592,47,3008,20096,2048,16,1024,640,1024,320,82944
384x384x384w43-8-16,384,384,384,43,8,16,43-8-16,M00,2752,16,96128,43,5504,18560,2048,8,1024,320,1024,640,82944
384x384x384w16-8-47,384,384,384,16,8,47,16-8-47,00K,1024,47,94592,16,6016,20096,6016,8,3008,128,3008,752,82944
384x384x384w8-16-47,384,384,384,8,16,47,8-16-47,00K,1024,47,94592,8,3008,20096,12032,16,6016,128,6016,376,82944
384x384x384w34-8-22,384,384,384,34,8,22,34-8-22,M0K,2176,22,95552,34,5984,19136,2816,8,1408,256,1408,704,82944
384x384x384w16-8-44,384,384,384,16,8,44,16-8-44,00K,1024,44,95744,16,5632,18944,5632,8,2816,128,2816,704,82944
384x384x384w44-16-8,384,384,384,44,16,8,44-16-8,M00,5632,8,95744,44,2816,18944,2048,16,1024,640,1024,320,82944
384x384x384w16-8-45,384,384,384,16,8,45,16-8-45,00K,1024,45,95360,16,5760,19328,5760,8,2880,128,2880,720,82944
384x384x384w16-8-46,384,384,384,16,8,46,16-8-46,00K,1024,46,94976,16,5888,19712,5888,8,2944,128,2944,736,82944
384x384x384w46-16-8,384,384,384,46,16,8,46-16-8,M00,5888,8,94976,46,2944,19712,2048,16,1024,640,1024,320,82944
384x384x384w8-16-43,384,384,384,8,16,43,8-16-43,00K,1024,43,96128,8,2752,18560,11008,16,5504,128,5504,344,82944
384x384x384w32-8-22,384,384,384,32,8,22,32-8-22,00K,2048,22,96512,32,5632,18176,2816,8,1408,256,1408,704,82944
384x384x384w16-16-22,384,384,384,16,16,22,16-16-22,00K,2048,22,99328,16,2816,15360,5632,16,2816,256,2816,352,82944
384x384x384w22-8-33,384,384,384,22,8,33,22-8-33,M0K,1408,33,96032,22,5808,18656,4224,8,2112,128,2112,528,82944
384x384x384w16-8-43,384,384,384,16,8,43,16-8-43,00K,1024,43,96128,16,5504,18560,5504,8,2752,128,2752,688,82944
384x384x384w22-8-32,384,384,384,22,8,32,22-8-32,M00,1408,32,96512,22,5632,18176,4096,8,2048,128,2048,512,82944
384x384x384w45-16-8,384,384,384,45,16,8,45-16-8,M00,5760,8,95360,45,2880,19328,2048,16,1024,640,1024,320,82944
384x384x384w8-16-44,384,384,384,8,16,44,8-16-44,00K,1024,44,95744,8,2816,18944,11264,16,5632,128,5632,352,82944
384x384x384w63-8-12,384,384,384,63,8,12,63-8-12,M00,4032,12,92992,63,6048,21696,1536,8,768,448,768,672,82944
384x384x384w8-16-46,384,384,384,8,16,46,8-16-46,00K,1024,46,94976,8,2944,19712,11776,16,5888,128,5888,368,82944
384x384x384w45-8-16,384,384,384,45,8,16,45-8-16,M00,2880,16,95360,45,5760,19328,2048,8,1024,320,1024,640,82944
384x384x384w33-8-22,384,384,384,33,8,22,33-8-22,M0K,2112,22,96032,33,5808,18656,2816,8,1408,256,1408,704,82944
384x384x384w8-16-45,384,384,384,8,16,45,8-16-45,00K,1024,45,95360,8,2880,19328,11520,16,5760,128,5760,360,82944
384x384x384w95-8-8,384,384,384,95,8,8,95-8-8,M00,6080,8,89344,95,6080,25344,1024,8,512,704,512,704,82944
384x384x384w47-8-16,384,384,384,47,8,16,47-8-16,M00,3008,16,94592,47,6016,20096,2048,8,1024,320,1024,640,82944
384x384x384w8-32-22,384,384,384,8,32,22,8-32-22,00K,2048,22,96512,8,1408,18176,11264,32,5632,256,5632,176,82944
384x384x384w43-16-8,384,384,384,43,16,8,43-16-8,M00,5504,8,96128,43,2752,18560,2048,16,1024,640,1024,320,82944
384x384x384w22-8-34,384,384,384,22,8,34,22-8-34,M0K,1408,34,95552,22,5984,19136,4352,8,2176,128,2176,544,82944
384x384x384w22-16-16,384,384,384,22,16,16,22-16-16,M00,2816,16,99328,22,2816,15360,4096,16,2048,256,2048,256,82944
384x384x384w46-8-16,384,384,384,46,8,16,46-8-16,M00,2944,16,94976,46,5888,19712,2048,8,1024,320,1024,640,82944
384x384x384w44-8-16,384,384,384,44,8,16,44-8-16,M00,2816,16,95744,44,5632,18944,2048,8,1024,320,1024,640,82944
384x384x384w22-32-8,384,384,384,22,32,8,22-32-8,M00,5632,8,96512,22,1408,18176,4096,32,2048,512,2048,128,82944
384x384x384w54-8-14,384,384,384,54,8,14,54-8-14,M0K,3456,14,93888,54,6048,20800,1792,8,896,384,896,672,83328
384x384x384w18-24-13,384,384,384,18,24,13,18-24-13,M0K,3456,13,99040,18,1872,15648,4992,24,2496,384,2496,208,83520
384x384x384w18-8-42,384,384,384,18,8,42,18-8-42,M0K,1152,42,94912,18,6048,19776,5376,8,2688,128,2688,672,83520
384x384x384w18-16-20,384,384,384,18,16,20,18-16-20,M0K,2304,20,99200,18,2880,15488,5120,16,2560,256,2560,320,83520
384x384x384w18-8-40,384,384,384,18,8,40,18-8-40,M0K,1152,40,95744,18,5760,18944,5120,8,2560,128,2560,640,83520
384x384x384w18-8-39,384,384,384,18,8,39,18-8-39,M0K,1152,39,96160,18,5616,18528,4992,8,2496,128,2496,624,83520
384x384x384w18-40-8,384,384,384,18,40,8,18-40-8,MN0,5760,8,95744,18,1152,18944,5120,40,2560,640,2560,128,83520
384x384x384w18-8-41,384,384,384,18,8,41,18-8-41,M0K,1152,41,95328,18,5904,19360,5248,8,2624,128,2624,656,83520
384x384x384w13-40-11,384,384,384,13,40,11,13-40-11,MNK,4160,11,97040,13,1144,17648,7040,40,3520,320,3520,88,83650
384x384x384w10-24-23,384,384,384,10,24,23,10-24-23,M0K,1920,23,98336,10,1840,16352,8832,24,4416,192,4416,184,83776
384x384x384w9-56-11,384,384,384,9,56,11,9-56-11,MNK,4032,11,95184,9,792,19504,9856,56,4928,448,4928,88,83790
384x384x384w17-16-21,384,384,384,17,16,21,17-16-21,M0K,2176,21,99248,17,2856,15440,5376,16,2688,256,2688,336,83904
384x384x384w19-24-12,384,384,384,19,24,12,19-24-12,M00,3648,12,99136,19,1824,15552,4608,24,2304,384,2304,192,83968
384x384x384w21-24-11,384,384,384,21,24,11,21-24-11,M0K,4032,11,98704,21,1848,15984,4224,24,2112,384,2112,176,84000
384x384x384w11-40-13,384,384,384,11,40,13,11-40-13,MNK,3520,13,97040,11,1144,17648,8320,40,4160,320,4160,104,84000
384x384x384w10-56-10,384,384,384,10,56,10,10-56-10,MNK,4480,10,95168,10,800,19520,8960,56,4480,448,4480,80,84084
384x384x384w13-24-18,384,384,384,13,24,18,13-24-18,M0K,2496,18,99040,13,1872,15648,6912,24,3456,192,3456,144,84128
384x384x384w11-56-9,384,384,384,11,56,9,11-56-9,MNK,4928,9,95184,11,792,19504,8064,56,4032,448,4032,72,84280
384x384x384w37-8-20,384,384,384,37,8,20,37-8-20,M0K,2368,20,95552,37,5920,19136,2560,8,1280,256,1280,640,84480
384x384x384w40-8-18,384,384,384,40,8,18,40-8-18,M0K,2560,18,95744,40,5760,18944,2304,8,1152,320,1152,720,84480
384x384x384w35-8-20,384,384,384,35,8,20,35-8-20,M0K,2240,20,96448,35,5600,18240,2560,8,1280,256,1280,640,84480
384x384x384w39-8-18,384,384,384,39,8,18,39-8-18,M0K,2496,18,96160,39,5616,18528,2304,8,1152,256,1152,576,84480
384x384x384w41-8-18,384,384,384,41,8,18,41-8-18,M0K,2624,18,95328,41,5904,19360,2304,8,1152,320,1152,720,84480
384x384x384w8-40-18,384,384,384,8,40,18,8-40-18,0NK,2560,18,95744,8,1152,18944,11520,40,5760,320,5760,144,84480
384x384x384w36-8-20,384,384,384,36,8,20,36-8-20,M0K,2304,20,96000,36,5760,18688,2560,8,1280,256,1280,640,84480
384x384x384w19-32-9,384,384,384,19,32,9,19-32-9,M0K,4864,9,97616,19,1368,17072,4608,32,2304,512,2304,144,84624
384x384x384w38-8-19,384,384,384,38,8,19,38-8-19,M0K,2432,19,95840,38,5776,18848,2432,8,1216,256,1216,608,84672
384x384x384w23-8-31,384,384,384,23,8,31,23-8-31,M0K,1472,31,96368,23,5704,18320,3968,8,1984,128,1984,496,84864
384x384x384w15-16-23,384,384,384,15,16,23,15-16-23,M0K,1920,23,99440,15,2760,15248,5888,16,2944,128,2944,184,84864
384x384x384w23-24-10,384,384,384,23,24,10,23-24-10,M0K,4416,10,98336,23,1840,16352,3840,24,1920,384,1920,160,84864
384x384x384w23-8-30,384,384,384,23,8,30,23-8-30,M0K,1472,30,96864,23,5520,17824,3840,8,1920,128,1920,480,84864
384x384x384w23-16-15,384,384,384,23,16,15,23-16-15,M0K,2944,15,99440,23,2760,15248,3840,16,1920,256,1920,240,84864
384x384x384w31-8-23,384,384,384,31,8,23,31-8-23,M0K,1984,23,96368,31,5704,18320,2944,8,1472,192,1472,552,84864
384x384x384w30-8-23,384,384,384,30,8,23,30-8-23,M0K,1920,23,96864,30,5520,17824,2944,8,1472,192,1472,552,84864
384x384x384w27-16-13,384,384,384,27,16,13,27-16-13,M0K,3456,13,98832,27,2808,15856,3328,16,1664,384,1664,312,84960
384x384x384w27-8-26,384,384,384,27,8,26,27-8-26,M0K,1728,26,96672,27,5616,18016,3328,8,1664,192,1664,624,84960
384x384x384w27-8-27,384,384,384,27,8,27,27-8-27,M0K,1728,27,96112,27,5832,18576,3456,8,1728,192,1728,648,84960
384x384x384w10-32-17,384,384,384,10,32,17,10-32-17,M0K,2560,17,98144,10,1360,16544,8704,32,4352,256,4352,136,85008
384x384x384w11-24-21,384,384,384,11,24,21,11-24-21,M0K,2112,21,98704,11,1848,15984,8064,24,4032,192,4032,168,85120
384x384x384w29-8-24,384,384,384,29,8,24,29-8-24,M00,1856,24,96768,29,5568,17920,3072,8,1536,192,1536,576,85248
384x384x384w14-8-53,384,384,384,14,8,53,14-8-53,M0K,896,53,94240,14,5936,20448,6784,8,3392,64,3392,424,85248
384x384x384w29-8-25,384,384,384,29,8,25,29-8-25,M0K,1856,25,96176,29,5800,18512,3200,8,1600,192,1600,600,85248
384x384x384w14-8-54,384,384,384,14,8,54,14-8-54,M0K,896,54,93888,14,6048,20800,6912,8,3456,64,3456,432,85248
384x384x384w29-24-8,384,384,384,29,24,8,29-24-8,M00,5568,8,96768,29,1856,17920,3072,24,1536,576,1536,192,85248
384x384x384w14-48-8,384,384,384,14,48,8,14-48-8,M00,5376,8,96000,14,896,18688,6144,48,3072,384,3072,64,85248
384x384x384w14-32-12,384,384,384,14,32,12,14-32-12,M00,3584,12,98688,14,1344,16000,6144,32,3072,256,3072,96,85248
384x384x384w14-16-24,384,384,384,14,16,24,14-16-24,M00,1792,24,99584,14,2688,15104,6144,16,3072,128,3072,192,85248
384x384x384w14-8-52,384,384,384,14,8,52,14-8-52,M0K,896,52,94592,14,5824,20096,6656,8,3328,64,3328,416,85248
384x384x384w14-24-16,384,384,384,14,24,16,14-24-16,M00,2688,16,99584,14,1792,15104,6144,24,3072,192,3072,128,85248
384x384x384w14-8-48,384,384,384,14,8,48,14-8-48,M00,896,48,96000,14,5376,18688,6144,8,3072,64,3072,384,85248
384x384x384w14-8-49,384,384,384,14,8,49,14-8-49,M0K,896,49,95648,14,5488,19040,6272,8,3136,64,3136,392,85248
384x384x384w14-16-25,384,384,384,14,16,25,14-16-25,M0K,1792,25,99104,14,2800,15584,6400,16,3200,128,3200,200,85248
384x384x384w14-8-51,384,384,384,14,8,51,14-8-51,M0K,896,51,94944,14,5712,19744,6528,8,3264,64,3264,408,85248
384x384x384w14-8-50,384,384,384,14,8,50,14-8-50,M0K,896,50,95296,14,5600,19392,6400,8,3200,64,3200,400,85248
384x384x384w29-16-12,384,384,384,29,16,12,29-16-12,M00,3712,12,98624,29,2784,16064,3072,16,1536,384,1536,288,85248
384x384x384w56-8-12,384,384,384,56,8,12,56-8-12,M00,3584,12,95232,56,5376,19456,1536,8,768,448,768,672,86016
384x384x384w52-8-14,384,384,384,52,8,14,52-8-14,M0K,3328,14,94592,52,5824,20096,1792,8,896,384,896,672,86016
384x384x384w55-8-12,384,384,384,55,8,12,55-8-12,M00,3520,12,95552,55,5280,19136,1536,8,768,384,768,576,86016
384x384x384w12-56-8,384,384,384,12,56,8,12-56-8,0N0,5376,8,95232,12,768,19456,7168,56,3584,448,3584,64,86016
384x384x384w24-8-29,384,384,384,24,8,29,24-8-29,00K,1536,29,96768,24,5568,17920,3712,8,1856,192,1856,696,86016
384x384x384w61-8-12,384,384,384,61,8,12,61-8-12,M00,3904,12,93632,61,5856,21056,1536,8,768,448,768,672,86016
384x384x384w12-8-62,384,384,384,12,8,62,12-8-62,00K,768,62,93312,12,5952,21376,7936,8,3968,64,3968,496,86016
384x384x384w24-8-28,384,384,384,24,8,28,24-8-28,00K,1536,28,97280,24,5376,17408,3584,8,1792,192,1792,672,86016
384x384x384w12-8-63,384,384,384,12,8,63,12-8-63,00K,768,63,92992,12,6048,21696,8064,8,4032,64,4032,504,86016
384x384x384w8-56-12,384,384,384,8,56,12,8-56-12,0N0,3584,12,95232,8,768,19456,10752,56,5376,448,5376,96,86016
384x384x384w50-8-14,384,384,384,50,8,14,50-8-14,M0K,3200,14,95296,50,5600,19392,1792,8,896,384,896,672,86016
384x384x384w12-8-55,384,384,384,12,8,55,12-8-55,00K,768,55,95552,12,5280,19136,7040,8,3520,64,3520,440,86016
384x384x384w48-8-14,384,384,384,48,8,14,48-8-14,00K,3072,14,96000,48,5376,18688,1792,8,896,384,896,672,86016
384x384x384w25-8-28,384,384,384,25,8,28,25-8-28,M0K,1600,28,96704,25,5600,17984,3584,8,1792,192,1792,672,86016
384x384x384w25-16-14,384,384,384,25,16,14,25-16-14,M0K,3200,14,99104,25,2800,15584,3584,16,1792,384,1792,336,86016
384x384x384w62-8-12,384,384,384,62,8,12,62-8-12,M00,3968,12,93312,62,5952,21376,1536,8,768,448,768,672,86016
384x384x384w28-8-24,384,384,384,28,8,24,28-8-24,M00,1792,24,97280,28,5376,17408,3072,8,1536,192,1536,576,86016
384x384x384w28-16-12,384,384,384,28,16,12,28-16-12,M00,3584,12,99072,28,2688,15616,3072,16,1536,384,1536,288,86016
384x384x384w28-24-8,384,384,384,28,24,8,28-24-8,M00,5376,8,97280,28,1792,17408,3072,24,1536,576,1536,192,86016
384x384x384w12-16-28,384,384,384,12,16,28,12-16-28,00K,1536,28,99072,12,2688,15616,7168,16,3584,128,3584,224,86016
384x384x384w59-8-12,384,384,384,59,8,12,59-8-12,M00,3776,12,94272,59,5664,20416,1536,8,768,448,768,672,86016
384x384x384w51-8-14,384,384,384,51,8,14,51-8-14,M0K,3264,14,94944,51,5712,19744,1792,8,896,384,896,672,86016
384x384x384w8-24-29,384,384,384,8,24,29,8-24-29,00K,1536,29,96768,8,1856,17920,11136,24,5568,192,5568,232,86016
384x384x384w16-24-14,384,384,384,16,24,14,16-24-14,00K,3072,14,99584,16,1792,15104,5376,24,2688,384,2688,224,86016
384x384x384w58-8-12,384,384,384,58,8,12,58-8-12,M00,3712,12,94592,58,5568,20096,1536,8,768,448,768,672,86016
384x384x384w24-16-14,384,384,384,24,16,14,24-16-14,00K,3072,14,99584,24,2688,15104,3584,16,1792,384,1792,336,86016
384x384x384w12-8-60,384,384,384,12,8,60,12-8-60,00K,768,60,93952,12,5760,20736,7680,8,3840,64,3840,480,86016
384x384x384w60-8-12,384,384,384,60,8,12,60-8-12,M00,3840,12,93952,60,5760,20736,1536,8,768,448,768,672,86016
384x384x384w53-8-14,384,384,384,53,8,14,53-8-14,M0K,3392,14,94240,53,5936,20448,1792,8,896,384,896,672,86016
384x384x384w8-24-28,384,384,384,8,24,28,8-24-28,00K,1536,28,97280,8,1792,17408,10752,24,5376,192,5376,224,86016
384x384x384w8-48-14,384,384,384,8,48,14,8-48-14,00K,3072,14,96000,8,896,18688,10752,48,5376,384,5376,112,86016
384x384x384w12-8-61,384,384,384,12,8,61,12-8-61,00K,768,61,93632,12,5856,21056,7808,8,3904,64,3904,488,86016
384x384x384w12-8-57,384,384,384,12,8,57,12-8-57,00K,768,57,94912,12,5472,19776,7296,8,3648,64,3648,456,86016
384x384x384w57-8-12,384,384,384,57,8,12,57-8-12,M00,3648,12,94912,57,5472,19776,1536,8,768,448,768,672,86016
384x384x384w49-8-14,384,384,384,49,8,14,49-8-14,M0K,3136,14,95648,49,5488,19040,1792,8,896,384,896,672,86016
384x384x384w12-8-56,384,384,384,12,8,56,12-8-56,00K,768,56,95232,12,5376,19456,7168,8,3584,64,3584,448,86016
384x384x384w12-16-29,384,384,384,12,16,29,12-16-29,00K,1536,29,98624,12,2784,16064,7424,16,3712,128,3712,232,86016
384x384x384w12-32-14,384,384,384,12,32,14,12-32-14,00K,3072,14,98688,12,1344,16000,7168,32,3584,256,3584,112,86016
384x384x384w12-24-19,384,384,384,12,24,19,12-24-19,00K,2304,19,99136,12,1824,15552,7296,24,3648,192,3648,152,86016
384x384x384w12-8-59,384,384,384,12,8,59,12-8-59,00K,768,59,94272,12,5664,20416,7552,8,3776,64,3776,472,86016
384x384x384w12-8-58,384,384,384,12,8,58,12-8-58,00K,768,58,94592,12,5568,20096,7424,8,3712,64,3712,464,86016
384x384x384w25-8-29,384,384,384,25,8,29,25-8-29,M0K,1600,29,96176,25,5800,18512,3712,8,1856,192,1856,696,86016
384x384x384w28-8-25,384,384,384,28,8,25,28-8-25,M0K,1792,25,96704,28,5600,17984,3200,8,1600,192,1600,600,86016
384x384x384w13-16-27,384,384,384,13,16,27,13-16-27,M0K,1664,27,98832,13,2808,15856,6912,16,3456,128,3456,216,86040
384x384x384w13-16-26,384,384,384,13,16,26,13-16-26,M0K,1664,26,99296,13,2704,15392,6656,16,3328,128,3328,208,86040
384x384x384w13-32-13,384,384,384,13,32,13,13-32-13,M0K,3328,13,98672,13,1352,16016,6656,32,3328,256,3328,104,86040
384x384x384w42-8-17,384,384,384,42,8,17,42-8-17,M0K,2688,17,95712,42,5712,18976,2176,8,1088,320,1088,680,86112
384x384x384w17-32-10,384,384,384,17,32,10,17-32-10,M0K,4352,10,98144,17,1360,16544,5120,32,2560,512,2560,160,86112
384x384x384w20-16-17,384,384,384,20,16,17,20-16-17,M0K,2560,17,99776,20,2720,14912,4352,16,2176,256,2176,272,86112
384x384x384w9-32-19,384,384,384,9,32,19,9-32-19,M0K,2304,19,97616,9,1368,17072,9728,32,4864,256,4864,152,86184
384x384x384w10-40-14,384,384,384,10,40,14,10-40-14,MNK,3200,14,97088,10,1120,17600,8960,40,4480,320,4480,112,86240
384x384x384w10-48-11,384,384,384,10,48,11,10-48-11,M0K,3840,11,96800,10,880,17888,8448,48,4224,384,4224,88,86240
384x384x384w21-32-8,384,384,384,21,32,8,21-32-8,M00,5376,8,97152,21,1344,17536,4096,32,2048,512,2048,128,86400
384x384x384w26-8-27,384,384,384,26,8,27,26-8-27,M0K,1664,27,96672,26,5616,18016,3456,8,1728,192,1728,648,86400
384x384x384w21-8-34,384,384,384,21,8,34,21-8-34,M0K,1344,34,96224,21,5712,18464,4352,8,2176,128,2176,544,86400
384x384x384w21-8-33,384,384,384,21,8,33,21-8-33,M0K,1344,33,96688,21,5544,18000,4224,8,2112,128,2112,528,86400
384x384x384w21-16-16,384,384,384,21,16,16,21-16-16,M00,2688,16,99840,21,2688,14848,4096,16,2048,256,2048,256,86400
384x384x384w21-8-32,384,384,384,21,8,32,21-8-32,M00,1344,32,97152,21,5376,17536,4096,8,2048,128,2048,512,86400
384x384x384w26-8-26,384,384,384,26,8,26,26-8-26,M0K,1664,26,97216,26,5408,17472,3328,8,1664,192,1664,624,86400
384x384x384w26-16-13,384,384,384,26,16,13,26-16-13,M0K,3328,13,99296,26,2704,15392,3328,16,1664,384,1664,312,86400
384x384x384w15-24-15,384,384,384,15,24,15,15-24-15,M0K,2880,15,99568,15,1800,15120,5760,24,2880,192,2880,120,86528
384x384x384w14-40-10,384,384,384,14,40,10,14-40-10,MNK,4480,10,97088,14,1120,17600,6400,40,3200,320,3200,80,86580
384x384x384w19-16-18,384,384,384,19,16,18,19-16-18,M0K,2432,18,99744,19,2736,14944,4608,16,2304,256,2304,288,86592
384x384x384w19-8-35,384,384,384,19,8,35,19-8-35,M0K,1216,35,97136,19,5320,17552,4480,8,2240,128,2240,560,86592
384x384x384w19-8-37,384,384,384,19,8,37,19-8-37,M0K,1216,37,96272,19,5624,18416,4736,8,2368,128,2368,592,86592
384x384x384w19-8-36,384,384,384,19,8,36,19-8-36,M0K,1216,36,96704,19,5472,17984,4608,8,2304,128,2304,576,86592
384x384x384w19-8-38,384,384,384,19,8,38,19-8-38,M0K,1216,38,95840,19,5776,18848,4864,8,2432,128,2432,608,86592
384x384x384w38-16-9,384,384,384,38,16,9,38-16-9,M0K,4864,9,97184,38,2736,17504,2304,16,1152,512,1152,288,86688
384x384x384w11-16-31,384,384,384,11,16,31,11-16-31,M0K,1408,31,98480,11,2728,16208,7936,16,3968,128,3968,248,87360
384x384x384w11-32-15,384,384,384,11,32,15,11-32-15,M0K,2816,15,98736,11,1320,15952,7680,32,3840,256,3840,120,87360
384x384x384w20-24-11,384,384,384,20,24,11,20-24-11,M0K,3840,11,99264,20,1760,15424,4224,24,2112,384,2112,176,87360
384x384x384w31-16-11,384,384,384,31,16,11,31-16-11,M0K,3968,11,98480,31,2728,16208,2816,16,1408,384,1408,264,87360
384x384x384w11-16-30,384,384,384,11,16,30,11-16-30,M0K,1408,30,98912,11,2640,15776,7680,16,3840,128,3840,240,87360
384x384x384w30-16-11,384,384,384,30,16,11,30-16-11,M0K,3840,11,98912,30,2640,15776,2816,16,1408,384,1408,264,87360
384x384x384w11-48-10,384,384,384,11,48,10,11-48-10,M0K,4224,10,96800,11,880,17888,7680,48,3840,384,3840,80,87360
384x384x384w15-32-11,384,384,384,15,32,11,15-32-11,M0K,3840,11,98736,15,1320,15952,5632,32,2816,256,2816,88,87360
384x384x384w9-24-25,384,384,384,9,24,25,9-24-25,M0K,1728,25,98032,9,1800,16656,9600,24,4800,192,4800,200,87552
384x384x384w8-32-21,384,384,384,8,32,21,8-32-21,00K,2048,21,97152,8,1344,17536,10752,32,5376,256,5376,168,87552
384x384x384w16-16-21,384,384,384,16,16,21,16-16-21,00K,2048,21,99840,16,2688,14848,5376,16,2688,256,2688,336,87552
384x384x384w9-24-24,384,384,384,9,24,24,9-24-24,M00,1728,24,98560,9,1728,16128,9216,24,4608,192,4608,192,87552
384x384x384w34-8-21,384,384,384,34,8,21,34-8-21,M0K,2176,21,96224,34,5712,18464,2688,8,1344,256,1344,672,87552
384x384x384w9-48-12,384,384,384,9,48,12,9-48-12,M00,3456,12,96832,9,864,17856,9216,48,4608,384,4608,96,87552
384x384x384w32-8-21,384,384,384,32,8,21,32-8-21,00K,2048,21,97152,32,5376,17536,2688,8,1344,256,1344,672,87552
384x384x384w33-8-21,384,384,384,33,8,21,33-8-21,M0K,2112,21,96688,33,5544,18000,2688,8,1344,256,1344,672,87552
384x384x384w18-16-19,384,384,384,18,16,19,18-16-19,M0K,2304,19,99744,18,2736,14944,4864,16,2432,256,2432,304,87696
384x384x384w13-24-17,384,384,384,13,24,17,13-24-17,M0K,2496,17,99632,13,1768,15056,6528,24,3264,192,3264,136,87952
384x384x384w25-24-9,384,384,384,25,24,9,25-24-9,M0K,4800,9,98032,25,1800,16656,3456,24,1728,576,1728,216,88064
384x384x384w12-48-9,384,384,384,12,48,9,12-48-9,00K,4608,9,96832,12,864,17856,6912,48,3456,384,3456,72,88064
384x384x384w24-24-9,384,384,384,24,24,9,24-24-9,00K,4608,9,98560,24,1728,16128,3456,24,1728,576,1728,216,88064
384x384x384w9-64-9,384,384,384,9,64,9,9-64-9,M0K,4608,9,94960,9,648,19728,9216,64,4608,512,4608,72,88236
384x384x384w9-72-9,384,384,384,9,72,9,9-72-9,MNK,5184,9,92656,9,648,22032,10368,72,5184,576,5184,72,88236
384x384x384w17-8-39,384,384,384,17,8,39,17-8-39,M0K,1088,39,96912,17,5304,17776,4992,8,2496,128,2496,624,88320
384x384x384w41-8-17,384,384,384,41,8,17,41-8-17,M0K,2624,17,96112,41,5576,18576,2176,8,1088,320,1088,680,88320
384x384x384w39-8-17,384,384,384,39,8,17,39-8-17,M0K,2496,17,96912,39,5304,17776,2176,8,1088,256,1088,544,88320
384x384x384w17-8-42,384,384,384,17,8,42,17-8-42,M0K,1088,42,95712,17,5712,18976,5376,8,2688,128,2688,672,88320
384x384x384w17-8-40,384,384,384,17,8,40,17-8-40,M0K,1088,40,96512,17,5440,18176,5120,8,2560,128,2560,640,88320
384x384x384w40-8-17,384,384,384,40,8,17,40-8-17,M0K,2560,17,96512,40,5440,18176,2176,8,1088,320,1088,680,88320
384x384x384w17-24-13,384,384,384,17,24,13,17-24-13,M0K,3264,13,99632,17,1768,15056,4992,24,2496,384,2496,208,88320
384x384x384w17-40-8,384,384,384,17,40,8,17-40-8,MN0,5440,8,96512,17,1088,18176,5120,40,2560,640,2560,128,88320
384x384x384w17-16-20,384,384,384,17,16,20,17-16-20,M0K,2176,20,99776,17,2720,14912,5120,16,2560,256,2560,320,88320
384x384x384w8-40-17,384,384,384,8,40,17,8-40-17,0NK,2560,17,96512,8,1088,18176,10880,40,5440,320,5440,136,88320
384x384x384w17-8-41,384,384,384,17,8,41,17-8-41,M0K,1088,41,96112,17,5576,18576,5248,8,2624,128,2624,656,88320
384x384x384w36-8-19,384,384,384,36,8,19,36-8-19,M0K,2304,19,96704,36,5472,17984,2432,8,1216,256,1216,608,88704
384x384x384w10-8-66,384,384,384,10,8,66,10-8-66,M0K,640,66,94400,10,5280,20288,8448,8,4224,64,4224,528,88704
384x384x384w10-8-64,384,384,384,10,8,64,10-8-64,M00,640,64,94976,10,5120,19712,8192,8,4096,64,4096,512,88704
384x384x384w10-16-32,384,384,384,10,16,32,10-16-32,M00,1280,32,98816,10,2560,15872,8192,16,4096,128,4096,256,88704
384x384x384w10-8-74,384,384,384,10,8,74,10-8-74,M0K,640,74,92096,10,5920,22592,9472,8,4736,64,4736,592,88704
384x384x384w10-8-71,384,384,384,10,8,71,10-8-71,M0K,640,71,92960,10,5680,21728,9088,8,4544,64,4544,568,88704
384x384x384w10-32-16,384,384,384,10,32,16,10-32-16,M00,2560,16,98816,10,1280,15872,8192,32,4096,256,4096,128,88704
384x384x384w10-8-67,384,384,384,10,8,67,10-8-67,M0K,640,67,94112,10,5360,20576,8576,8,4288,64,4288,536,88704
384x384x384w10-8-75,384,384,384,10,8,75,10-8-75,M0K,640,75,91808,10,6000,22880,9600,8,4800,64,4800,600,88704
384x384x384w10-8-68,384,384,384,10,8,68,10-8-68,M0K,640,68,93824,10,5440,20864,8704,8,4352,64,4352,544,88704
384x384x384w10-8-65,384,384,384,10,8,65,10-8-65,M0K,640,65,94688,10,5200,20000,8320,8,4160,64,4160,520,88704
384x384x384w10-16-34,384,384,384,10,16,34,10-16-34,M0K,1280,34,97984,10,2720,16704,8704,16,4352,128,4352,272,88704
384x384x384w10-8-73,384,384,384,10,8,73,10-8-73,M0K,640,73,92384,10,5840,22304,9344,8,4672,64,4672,584,88704
384x384x384w37-8-19,384,384,384,37,8,19,37-8-19,M0K,2368,19,96272,37,5624,18416,2432,8,1216,256,1216,608,88704
384x384x384w10-72-8,384,384,384,10,72,8,10-72-8,MN0,5760,8,92672,10,640,22016,9216,72,4608,576,4608,64,88704
384x384x384w10-16-33,384,384,384,10,16,33,10-16-33,M0K,1280,33,98400,10,2640,16288,8448,16,4224,128,4224,264,88704
384x384x384w10-8-69,384,384,384,10,8,69,10-8-69,M0K,640,69,93536,10,5520,21152,8832,8,4416,64,4416,552,88704
384x384x384w35-8-19,384,384,384,35,8,19,35-8-19,M0K,2240,19,97136,35,5320,17552,2432,8,1216,256,1216,608,88704
384x384x384w10-8-72,384,384,384,10,8,72,10-8-72,M0K,640,72,92672,10,5760,22016,9216,8,4608,64,4608,576,88704
384x384x384w10-8-70,384,384,384,10,8,70,10-8-70,M0K,640,70,93248,10,5600,21440,8960,8,4480,64,4480,560,88704
384x384x384w10-24-22,384,384,384,10,24,22,10-24-22,M0K,1920,22,98880,10,1760,15808,8448,24,4224,192,4224,176,88704
384x384x384w10-8-76,384,384,384,10,8,76,10-8-76,M0K,640,76,91520,10,6080,23168,9728,8,4864,64,4864,608,88704
384x384x384w10-64-8,384,384,384,10,64,8,10-64-8,M00,5120,8,94976,10,640,19712,8192,64,4096,512,4096,64,88704
384x384x384w38-8-18,384,384,384,38,8,18,38-8-18,M0K,2432,18,96576,38,5472,18112,2304,8,1152,256,1152,576,88704
384x384x384w9-40-15,384,384,384,9,40,15,9-40-15,MNK,2880,15,97168,9,1080,17520,9600,40,4800,320,4800,120,88920
384x384x384w18-24-12,384,384,384,18,24,12,18-24-12,M00,3456,12,99712,18,1728,14976,4608,24,2304,384,2304,192,89088
384x384x384w54-8-13,384,384,384,54,8,13,54-8-13,M0K,3456,13,94880,54,5616,19808,1664,8,832,384,832,624,89280
384x384x384w15-40-9,384,384,384,15,40,9,15-40-9,MNK,4800,9,97168,15,1080,17520,5760,40,2880,320,2880,72,89440
384x384x384w11-40-12,384,384,384,11,40,12,11-40-12,MN0,3520,12,97856,11,1056,16832,7680,40,3840,320,3840,96,89600
384x384x384w12-40-11,384,384,384,12,40,11,12-40-11,0NK,3840,11,97856,12,1056,16832,7040,40,3520,320,3520,88,89600
384x384x384w11-24-20,384,384,384,11,24,20,11-24-20,M0K,2112,20,99264,11,1760,15424,7680,24,3840,192,3840,160,89600
384x384x384w18-32-9,384,384,384,18,32,9,18-32-9,M0K,4608,9,98272,18,1296,16416,4608,32,2304,512,2304,144,89784
384x384x384w64-8-10,384,384,384,64,8,10,64-8-10,00K,4096,10,94976,64,5120,19712,1280,8,640,512,640,640,89856
384x384x384w42-16-8,384,384,384,42,16,8,42-16-8,M00,5376,8,96512,42,2688,18176,2048,16,1024,640,1024,320,89856
384x384x384w15-8-43,384,384,384,15,8,43,15-8-43,M0K,960,43,96944,15,5160,17744,5504,8,2752,64,2752,344,89856
384x384x384w20-8-32,384,384,384,20,8,32,20-8-32,M00,1280,32,97792,20,5120,16896,4096,8,2048,128,2048,512,89856
384x384x384w73-8-10,384,384,384,73,8,10,73-8-10,M0K,4672,10,92384,73,5840,22304,1280,8,640,576,640,720,89856
384x384x384w45-8-15,384,384,384,45,8,15,45-8-15,M0K,2880,15,96208,45,5400,18480,1920,8,960,320,960,600,89856
384x384x384w42-8-16,384,384,384,42,8,16,42-8-16,M00,2688,16,96512,42,5376,18176,2048,8,1024,320,1024,640,89856
384x384x384w44-8-15,384,384,384,44,8,15,44-8-15,M0K,2816,15,96576,44,5280,18112,1920,8,960,320,960,600,89856
384x384x384w22-8-31,384,384,384,22,8,31,22-8-31,M0K,1408,31,96992,22,5456,17696,3968,8,1984,128,1984,496,89856
384x384x384w20-32-8,384,384,384,20,32,8,20-32-8,M00,5120,8,97792,20,1280,16896,4096,32,2048,512,2048,128,89856
384x384x384w8-72-10,384,384,384,8,72,10,8-72-10,0NK,4608,10,92672,8,640,22016,11520,72,5760,576,5760,80,89856
384x384x384w22-24-10,384,384,384,22,24,10,22-24-10,M0K,4224,10,98880,22,1760,15808,3840,24,1920,384,1920,160,89856
384x384x384w66-8-10,384,384,384,66,8,10,66-8-10,M0K,4224,10,94400,66,5280,20288,1280,8,640,512,640,640,89856
384x384x384w16-32-10,384,384,384,16,32,10,16-32-10,00K,4096,10,98816,16,1280,15872,5120,32,2560,512,2560,160,89856
384x384x384w74-8-10,384,384,384,74,8,10,74-8-10,M0K,4736,10,92096,74,5920,22592,1280,8,640,576,640,720,89856
384x384x384w75-8-10,384,384,384,75,8,10,75-8-10,M0K,4800,10,91808,75,6000,22880,1280,8,640,576,640,720,89856
384x384x384w22-16-15,384,384,384,22,16,15,22-16-15,M0K,2816,15,99936,22,2640,14752,3840,16,1920,256,1920,240,89856
384x384x384w33-16-10,384,384,384,33,16,10,33-16-10,M0K,4224,10,98400,33,2640,16288,2560,16,1280,512,1280,320,89856
384x384x384w15-16-22,384,384,384,15,16,22,15-16-22,M0K,1920,22,99936,15,2640,14752,5632,16,2816,128,2816,176,89856
384x384x384w68-8-10,384,384,384,68,8,10,68-8-10,M0K,4352,10,93824,68,5440,20864,1280,8,640,512,640,640,89856
384x384x384w46-8-15,384,384,384,46,8,15,46-8-15,M0K,2944,15,95840,46,5520,18848,1920,8,960,320,960,600,89856
384x384x384w47-8-15,384,384,384,47,8,15,47-8-15,M0K,3008,15,95472,47,5640,19216,1920,8,960,320,960,600,89856
384x384x384w72-8-10,384,384,384,72,8,10,72-8-10,M0K,4608,10,92672,72,5760,22016,1280,8,640,576,640,720,89856
384x384x384w34-16-10,384,384,384,34,16,10,34-16-10,M0K,4352,10,97984,34,2720,16704,2560,16,1280,512,1280,320,89856
384x384x384w15-8-46,384,384,384,15,8,46,15-8-46,M0K,960,46,95840,15,5520,18848,5888,8,2944,64,2944,368,89856
384x384x384w8-64-10,384,384,384,8,64,10,8-64-10,00K,4096,10,94976,8,640,19712,10240,64,5120,512,5120,80,89856
384x384x384w15-8-47,384,384,384,15,8,47,15-8-47,M0K,960,47,95472,15,5640,19216,6016,8,3008,64,3008,376,89856
384x384x384w32-16-10,384,384,384,32,16,10,32-16-10,00K,4096,10,98816,32,2560,15872,2560,16,1280,512,1280,320,89856
384x384x384w31-8-22,384,384,384,31,8,22,31-8-22,M0K,1984,22,96992,31,5456,17696,2816,8,1408,192,1408,528,89856
384x384x384w20-8-34,384,384,384,20,8,34,20-8-34,M0K,1280,34,96896,20,5440,17792,4352,8,2176,128,2176,544,89856
384x384x384w15-8-44,384,384,384,15,8,44,15-8-44,M0K,960,44,96576,15,5280,18112,5632,8,2816,64,2816,352,89856
384x384x384w67-8-10,384,384,384,67,8,10,67-8-10,M0K,4288,10,94112,67,5360,20576,1280,8,640,512,640,640,89856
384x384x384w15-8-45,384,384,384,15,8,45,15-8-45,M0K,960,45,96208,15,5400,18480,5760,8,2880,64,2880,360,89856
384x384x384w43-8-15,384,384,384,43,8,15,43-8-15,M0K,2752,15,96944,43,5160,17744,1920,8,960,320,960,600,89856
384x384x384w20-16-16,384,384,384,20,16,16,20-16-16,M00,2560,16,100352,20,2560,14336,4096,16,2048,256,2048,256,89856
384x384x384w22-8-30,384,384,384,22,8,30,22-8-30,M0K,1408,30,97472,22,5280,17216,3840,8,1920,128,1920,480,89856
384x384x384w65-8-10,384,384,384,65,8,10,65-8-10,M0K,4160,10,94688,65,5200,20000,1280,8,640,512,640,640,89856
384x384x384w71-8-10,384,384,384,71,8,10,71-8-10,M0K,4544,10,92960,71,5680,21728,1280,8,640,512,640,640,89856
384x384x384w30-8-22,384,384,384,30,8,22,30-8-22,M0K,1920,22,97472,30,5280,17216,2816,8,1408,192,1408,528,89856
384x384x384w69-8-10,384,384,384,69,8,10,69-8-10,M0K,4416,10,93536,69,5520,21152,1280,8,640,512,640,640,89856
384x384x384w70-8-10,384,384,384,70,8,10,70-8-10,M0K,4480,10,93248,70,5600,21440,1280,8,640,512,640,640,89856
384x384x384w20-8-33,384,384,384,20,8,33,20-8-33,M0K,1280,33,97344,20,5280,17344,4224,8,2112,128,2112,528,89856
384x384x384w12-24-18,384,384,384,12,24,18,12-24-18,00K,2304,18,99712,12,1728,14976,6912,24,3456,192,3456,144,90112
384x384x384w9-16-36,384,384,384,9,16,36,9-16-36,M0K,1152,36,97984,9,2592,16704,9216,16,4608,128,4608,288,90288
384x384x384w9-16-37,384,384,384,9,16,37,9-16-37,M0K,1152,37,97584,9,2664,17104,9472,16,4736,128,4736,296,90288
384x384x384w9-16-35,384,384,384,9,16,35,9-16-35,M0K,1152,35,98384,9,2520,16304,8960,16,4480,128,4480,280,90288
384x384x384w9-16-38,384,384,384,9,16,38,9-16-38,M0K,1152,38,97184,9,2736,17504,9728,16,4864,128,4864,304,90288
384x384x384w9-32-18,384,384,384,9,32,18,9-32-18,M0K,2304,18,98272,9,1296,16416,9216,32,4608,256,4608,144,90288
384x384x384w19-16-17,384,384,384,19,16,17,19-16-17,M0K,2432,17,100304,19,2584,14384,4352,16,2176,256,2176,272,90528
384x384x384w14-16-23,384,384,384,14,16,23,14-16-23,M0K,1792,23,100064,14,2576,14624,5888,16,2944,128,2944,184,90576
384x384x384w29-8-23,384,384,384,29,8,23,29-8-23,M0K,1856,23,97360,29,5336,17328,2944,8,1472,192,1472,552,90576
384x384x384w27-8-25,384,384,384,27,8,25,27-8-25,M0K,1728,25,97232,27,5400,17456,3200,8,1600,192,1600,600,90624
384x384x384w27-8-24,384,384,384,27,8,24,27-8-24,M00,1728,24,97792,27,5184,16896,3072,8,1536,192,1536,576,90624
384x384x384w27-16-12,384,384,384,27,16,12,27-16-12,M00,3456,12,99520,27,2592,15168,3072,16,1536,384,1536,288,90624
384x384x384w27-24-8,384,384,384,27,24,8,27-24-8,M00,5184,8,97792,27,1728,16896,3072,24,1536,576,1536,192,90624
384x384x384w63-8-11,384,384,384,63,8,11,63-8-11,M0K,4032,11,94128,63,5544,20560,1408,8,704,448,704,616,90720
384x384x384w36-16-9,384,384,384,36,16,9,36-16-9,M0K,4608,9,97984,36,2592,16704,2304,16,1152,512,1152,288,90816
384x384x384w76-8-9,384,384,384,76,8,9,76-8-9,M0K,4864,9,92864,76,5472,21824,1152,8,576,576,576,648,90816
384x384x384w37-16-9,384,384,384,37,16,9,37-16-9,M0K,4736,9,97584,37,2664,17104,2304,16,1152,512,1152,288,90816
384x384x384w35-16-9,384,384,384,35,16,9,35-16-9,M0K,4480,9,98384,35,2520,16304,2304,16,1152,512,1152,288,90816
384x384x384w28-8-23,384,384,384,28,8,23,28-8-23,M0K,1792,23,97856,28,5152,16832,2944,8,1472,192,1472,552,91392
384x384x384w23-8-28,384,384,384,23,8,28,23-8-28,M0K,1472,28,97856,23,5152,16832,3584,8,1792,128,1792,448,91392
384x384x384w23-16-14,384,384,384,23,16,14,23-16-14,M0K,2944,14,100064,23,2576,14624,3584,16,1792,256,1792,224,91392
384x384x384w23-8-29,384,384,384,23,8,29,23-8-29,M0K,1472,29,97360,23,5336,17328,3712,8,1856,128,1856,464,91392
384x384x384w13-32-12,384,384,384,13,32,12,13-32-12,M00,3328,12,99392,13,1248,15296,6144,32,3072,256,3072,96,91776
384x384x384w13-8-49,384,384,384,13,8,49,13-8-49,M0K,832,49,96560,13,5096,18128,6272,8,3136,64,3136,392,91776
384x384x384w13-8-54,384,384,384,13,8,54,13-8-54,M0K,832,54,94880,13,5616,19808,6912,8,3456,64,3456,432,91776
384x384x384w13-8-48,384,384,384,13,8,48,13-8-48,M00,832,48,96896,13,4992,17792,6144,8,3072,64,3072,384,91776
384x384x384w13-8-53,384,384,384,13,8,53,13-8-53,M0K,832,53,95216,13,5512,19472,6784,8,3392,64,3392,424,91776
384x384x384w13-8-51,384,384,384,13,8,51,13-8-51,M0K,832,51,95888,13,5304,18800,6528,8,3264,64,3264,408,91776
384x384x384w13-8-50,384,384,384,13,8,50,13-8-50,M0K,832,50,96224,13,5200,18464,6400,8,3200,64,3200,400,91776
384x384x384w13-16-24,384,384,384,13,16,24,13-16-24,M00,1664,24,100224,13,2496,14464,6144,16,3072,128,3072,192,91776
384x384x384w13-16-25,384,384,384,13,16,25,13-16-25,M0K,1664,25,99760,13,2600,14928,6400,16,3200,128,3200,200,91776
384x384x384w13-48-8,384,384,384,13,48,8,13-48-8,M00,4992,8,96896,13,832,17792,6144,48,3072,384,3072,64,91776
384x384x384w13-8-52,384,384,384,13,8,52,13-8-52,M0K,832,52,95552,13,5408,19136,6656,8,3328,64,3328,416,91776
384x384x384w13-24-16,384,384,384,13,24,16,13-24-16,M00,2496,16,100224,13,1664,14464,6144,24,3072,192,3072,128,91776
384x384x384w19-24-11,384,384,384,19,24,11,19-24-11,M0K,3648,11,99824,19,1672,14864,4224,24,2112,384,2112,176,91840
384x384x384w18-8-37,384,384,384,18,8,37,18-8-37,M0K,1152,37,96992,18,5328,17696,4736,8,2368,128,2368,592,91872
384x384x384w18-16-18,384,384,384,18,16,18,18-16-18,M0K,2304,18,100288,18,2592,14400,4608,16,2304,256,2304,288,91872
384x384x384w18-8-35,384,384,384,18,8,35,18-8-35,M0K,1152,35,97824,18,5040,16864,4480,8,2240,128,2240,560,91872
384x384x384w18-8-38,384,384,384,18,8,38,18-8-38,M0K,1152,38,96576,18,5472,18112,4864,8,2432,128,2432,608,91872
384x384x384w18-8-36,384,384,384,18,8,36,18-8-36,M0K,1152,36,97408,18,5184,17280,4608,8,2304,128,2304,576,91872
384x384x384w81-8-8,384,384,384,81,8,8,81-8-8,M00,5184,8,92928,81,5184,21760,1024,8,512,640,512,640,92160
384x384x384w26-24-8,384,384,384,26,24,8,26-24-8,M00,4992,8,98304,26,1664,16384,3072,24,1536,576,1536,192,92160
384x384x384w53-8-13,384,384,384,53,8,13,53-8-13,M0K,3392,13,95216,53,5512,19472,1664,8,832,384,832,624,92160
384x384x384w94-8-8,384,384,384,94,8,8,94-8-8,M00,6016,8,89600,94,6016,25088,1024,8,512,704,512,704,92160
384x384x384w8-8-95,384,384,384,8,8,95,8-8-95,00K,512,95,89344,8,6080,25344,12160,8,6080,64,6080,760,92160
384x384x384w8-8-81,384,384,384,8,8,81,8-8-81,00K,512,81,92928,8,5184,21760,10368,8,5184,64,5184,648,92160
384x384x384w8-8-93,384,384,384,8,8,93,8-8-93,00K,512,93,89856,8,5952,24832,11904,8,5952,64,5952,744,92160
384x384x384w8-8-80,384,384,384,8,8,80,8-8-80,00K,512,80,93184,8,5120,21504,10240,8,5120,64,5120,640,92160
384x384x384w8-8-78,384,384,384,8,8,78,8-8-78,00K,512,78,93696,8,4992,20992,9984,8,4992,64,4992,624,92160
384x384x384w34-8-20,384,384,384,34,8,20,34-8-20,M0K,2176,20,96896,34,5440,17792,2560,8,1280,256,1280,640,92160
384x384x384w16-16-20,384,384,384,16,16,20,16-16-20,00K,2048,20,100352,16,2560,14336,5120,16,2560,256,2560,320,92160
384x384x384w8-88-8,384,384,384,8,88,8,8-88-8,0N0,5632,8,91136,8,512,23552,11264,88,5632,704,5632,64,92160
384x384x384w89-8-8,384,384,384,89,8,8,89-8-8,M00,5696,8,90880,89,5696,23808,1024,8,512,704,512,704,92160
384x384x384w39-16-8,384,384,384,39,16,8,39-16-8,M00,4992,8,97664,39,2496,17024,2048,16,1024,512,1024,256,92160
384x384x384w8-8-87,384,384,384,8,8,87,8-8-87,00K,512,87,91392,8,5568,23296,11136,8,5568,64,5568,696,92160
384x384x384w84-8-8,384,384,384,84,8,8,84-8-8,M00,5376,8,92160,84,5376,22528,1024,8,512,640,512,640,92160
384x384x384w24-8-27,384,384,384,24,8,27,24-8-27,00K,1536,27,97792,24,5184,16896,3456,8,1728,192,1728,648,92160
384x384x384w78-8-8,384,384,384,78,8,8,78-8-8,M00,4992,8,93696,78,4992,20992,1024,8,512,576,512,576,92160
384x384x384w41-8-16,384,384,384,41,8,16,41-8-16,M00,2624,16,96896,41,5248,17792,2048,8,1024,320,1024,640,92160
384x384x384w33-8-20,384,384,384,33,8,20,33-8-20,M0K,2112,20,97344,33,5280,17344,2560,8,1280,256,1280,640,92160
384x384x384w86-8-8,384,384,384,86,8,8,86-8-8,M00,5504,8,91648,86,5504,23040,1024,8,512,640,512,640,92160
384x384x384w85-8-8,384,384,384,85,8,8,85-8-8,M00,5440,8,91904,85,5440,22784,1024,8,512,640,512,640,92160
384x384x384w8-40-16,384,384,384,8,40,16,8-40-16,0N0,2560,16,97280,8,1024,17408,10240,40,5120,320,5120,128,92160
384x384x384w82-8-8,384,384,384,82,8,8,82-8-8,M00,5248,8,92672,82,5248,22016,1024,8,512,640,512,640,92160
384x384x384w25-8-27,384,384,384,25,8,27,25-8-27,M0K,1600,27,97232,25,5400,17456,3456,8,1728,192,1728,648,92160
384x384x384w79-8-8,384,384,384,79,8,8,79-8-8,M00,5056,8,93440,79,5056,21248,1024,8,512,576,512,576,92160
384x384x384w48-8-13,384,384,384,48,8,13,48-8-13,00K,3072,13,96896,48,4992,17792,1664,8,832,384,832,624,92160
384x384x384w50-8-13,384,384,384,50,8,13,50-8-13,M0K,3200,13,96224,50,5200,18464,1664,8,832,384,832,624,92160
384x384x384w8-8-85,384,384,384,8,8,85,8-8-85,00K,512,85,91904,8,5440,22784,10880,8,5440,64,5440,680,92160
384x384x384w49-8-13,384,384,384,49,8,13,49-8-13,M0K,3136,13,96560,49,5096,18128,1664,8,832,384,832,624,92160
384x384x384w8-32-20,384,384,384,8,32,20,8-32-20,00K,2048,20,97792,8,1280,16896,10240,32,5120,256,5120,160,92160
384x384x384w16-8-42,384,384,384,16,8,42,16-8-42,00K,1024,42,96512,16,5376,18176,5376,8,2688,128,2688,672,92160
384x384x384w32-8-20,384,384,384,32,8,20,32-8-20,00K,2048,20,97792,32,5120,16896,2560,8,1280,256,1280,640,92160
384x384x384w51-8-13,384,384,384,51,8,13,51-8-13,M0K,3264,13,95888,51,5304,18800,1664,8,832,384,832,624,92160
384x384x384w16-8-41,384,384,384,16,8,41,16-8-41,00K,1024,41,96896,16,5248,17792,5248,8,2624,128,2624,656,92160
384x384x384w8-8-88,384,384,384,8,8,88,8-8-88,00K,512,88,91136,8,5632,23552,11264,8,5632,64,5632,704,92160
384x384x384w26-8-25,384,384,384,26,8,25,26-8-25,M0K,1664,25,97760,26,5200,16928,3200,8,1600,192,1600,600,92160
384x384x384w8-8-90,384,384,384,8,8,90,8-8-90,00K,512,90,90624,8,5760,24064,11520,8,5760,64,5760,720,92160
384x384x384w92-8-8,384,384,384,92,8,8,92-8-8,M00,5888,8,90112,92,5888,24576,1024,8,512,704,512,704,92160
384x384x384w8-8-92,384,384,384,8,8,92,8-8-92,00K,512,92,90112,8,5888,24576,11776,8,5888,64,5888,736,92160
384x384x384w8-80-8,384,384,384,8,80,8,8-80-8,0N0,5120,8,93184,8,512,21504,10240,80,5120,640,5120,64,92160
384x384x384w40-8-16,384,384,384,40,8,16,40-8-16,M00,2560,16,97280,40,5120,17408,2048,8,1024,320,1024,640,92160
384x384x384w24-8-26,384,384,384,24,8,26,24-8-26,00K,1536,26,98304,24,4992,16384,3328,8,1664,192,1664,624,92160
384x384x384w8-8-77,384,384,384,8,8,77,8-8-77,00K,512,77,93952,8,4928,20736,9856,8,4928,64,4928,616,92160
384x384x384w87-8-8,384,384,384,87,8,8,87-8-8,M00,5568,8,91392,87,5568,23296,1024,8,512,640,512,640,92160
384x384x384w8-24-26,384,384,384,8,24,26,8-24-26,00K,1536,26,98304,8,1664,16384,9984,24,4992,192,4992,208,92160
384x384x384w24-16-13,384,384,384,24,16,13,24-16-13,00K,3072,13,100224,24,2496,14464,3328,16,1664,384,1664,312,92160
384x384x384w8-16-41,384,384,384,8,16,41,8-16-41,00K,1024,41,96896,8,2624,17792,10496,16,5248,128,5248,328,92160
384x384x384w8-8-82,384,384,384,8,8,82,8-8-82,00K,512,82,92672,8,5248,22016,10496,8,5248,64,5248,656,92160
384x384x384w25-8-26,384,384,384,25,8,26,25-8-26,M0K,1600,26,97760,25,5200,16928,3328,8,1664,192,1664,624,92160
384x384x384w26-16-12,384,384,384,26,16,12,26-16-12,M00,3328,12,99968,26,2496,14720,3072,16,1536,384,1536,288,92160
384x384x384w16-40-8,384,384,384,16,40,8,16-40-8,0N0,5120,8,97280,16,1024,17408,5120,40,2560,640,2560,128,92160
384x384x384w39-8-16,384,384,384,39,8,16,39-8-16,M00,2496,16,97664,39,4992,17024,2048,8,1024,256,1024,512,92160
384x384x384w83-8-8,384,384,384,83,8,8,83-8-8,M00,5312,8,92416,83,5312,22272,1024,8,512,640,512,640,92160
384x384x384w8-16-42,384,384,384,8,16,42,8-16-42,00K,1024,42,96512,8,2688,18176,10752,16,5376,128,5376,336,92160
384x384x384w8-8-89,384,384,384,8,8,89,8-8-89,00K,512,89,90880,8,5696,23808,11392,8,5696,64,5696,712,92160
384x384x384w8-8-91,384,384,384,8,8,91,8-8-91,00K,512,91,90368,8,5824,24320,11648,8,5824,64,5824,728,92160
384x384x384w12-32-13,384,384,384,12,32,13,12-32-13,00K,3072,13,99392,12,1248,15296,6656,32,3328,256,3328,104,92160
384x384x384w40-16-8,384,384,384,40,16,8,40-16-8,M00,5120,8,97280,40,2560,17408,2048,16,1024,640,1024,320,92160
384x384x384w8-16-40,384,384,384,8,16,40,8-16-40,00K,1024,40,97280,8,2560,17408,10240,16,5120,128,5120,320,92160
384x384x384w91-8-8,384,384,384,91,8,8,91-8-8,M00,5824,8,90368,91,5824,24320,1024,8,512,704,512,704,92160
384x384x384w90-8-8,384,384,384,90,8,8,90-8-8,M00,5760,8,90624,90,5760,24064,1024,8,512,704,512,704,92160
384x384x384w8-8-83,384,384,384,8,8,83,8-8-83,00K,512,83,92416,8,5312,22272,10624,8,5312,64,5312,664,92160
384x384x384w8-24-27,384,384,384,8,24,27,8-24-27,00K,1536,27,97792,8,1728,16896,10368,24,5184,192,5184,216,92160
384x384x384w8-48-13,384,384,384,8,48,13,8-48-13,00K,3072,13,96896,8,832,17792,9984,48,4992,384,4992,104,92160
384x384x384w88-8-8,384,384,384,88,8,8,88-8-8,M00,5632,8,91136,88,5632,23552,1024,8,512,704,512,704,92160
384x384x384w8-8-86,384,384,384,8,8,86,8-8-86,00K,512,86,91648,8,5504,23040,11008,8,5504,64,5504,688,92160
384x384x384w26-8-24,384,384,384,26,8,24,26-8-24,M00,1664,24,98304,26,4992,16384,3072,8,1536,192,1536,576,92160
384x384x384w25-16-13,384,384,384,25,16,13,25-16-13,M0K,3200,13,99760,25,2600,14928,3328,16,1664,384,1664,312,92160
384x384x384w77-8-8,384,384,384,77,8,8,77-8-8,M00,4928,8,93952,77,4928,20736,1024,8,512,576,512,576,92160
384x384x384w16-24-13,384,384,384,16,24,13,16-24-13,00K,3072,13,100224,16,1664,14464,4992,24,2496,384,2496,208,92160
384x384x384w80-8-8,384,384,384,80,8,8,80-8-8,M00,5120,8,93184,80,5120,21504,1024,8,512,640,512,640,92160
384x384x384w8-8-94,384,384,384,8,8,94,8-8-94,00K,512,94,89600,8,6016,25088,12032,8,6016,64,6016,752,92160
384x384x384w16-8-39,384,384,384,16,8,39,16-8-39,00K,1024,39,97664,16,4992,17024,4992,8,2496,128,2496,624,92160
384x384x384w8-8-79,384,384,384,8,8,79,8-8-79,00K,512,79,93440,8,5056,21248,10112,8,5056,64,5056,632,92160
384x384x384w12-16-27,384,384,384,12,16,27,12-16-27,00K,1536,27,99520,12,2592,15168,6912,16,3456,128,3456,216,92160
384x384x384w93-8-8,384,384,384,93,8,8,93-8-8,M00,5952,8,89856,93,5952,24832,1024,8,512,704,512,704,92160
384x384x384w41-16-8,384,384,384,41,16,8,41-16-8,M00,5248,8,96896,41,2624,17792,2048,16,1024,640,1024,320,92160
384x384x384w12-16-26,384,384,384,12,16,26,12-16-26,00K,1536,26,99968,12,2496,14720,6656,16,3328,128,3328,208,92160
384x384x384w8-8-84,384,384,384,8,8,84,8-8-84,00K,512,84,92160,8,5376,22528,10752,8,5376,64,5376,672,92160
384x384x384w16-8-40,384,384,384,16,8,40,16-8-40,00K,1024,40,97280,16,5120,17408,5120,8,2560,128,2560,640,92160
384x384x384w52-8-13,384,384,384,52,8,13,52-8-13,M0K,3328,13,95552,52,5408,19136,1664,8,832,384,832,624,92160
384x384x384w8-16-39,384,384,384,8,16,39,8-16-39,00K,1024,39,97664,8,2496,17024,9984,16,4992,128,4992,312,92160
384x384x384w14-24-15,384,384,384,14,24,15,14-24-15,M0K,2688,15,100192,14,1680,14496,5760,24,2880,192,2880,120,92352
384x384x384w10-40-13,384,384,384,10,40,13,10-40-13,MNK,3200,13,97888,10,1040,16800,8320,40,4160,320,4160,104,92400
384x384x384w10-56-9,384,384,384,10,56,9,10-56-9,MNK,4480,9,96224,10,720,18464,8064,56,4032,448,4032,72,92708
384x384x384w38-8-17,384,384,384,38,8,17,38-8-17,M0K,2432,17,97312,38,5168,17376,2176,8,1088,256,1088,544,92736
384x384x384w17-16-19,384,384,384,17,16,19,17-16-19,M0K,2176,19,100304,17,2584,14384,4864,16,2432,256,2432,304,92736
384x384x384w35-8-18,384,384,384,35,8,18,35-8-18,M0K,2240,18,97824,35,5040,16864,2304,8,1152,256,1152,576,92928
384x384x384w37-8-18,384,384,384,37,8,18,37-8-18,M0K,2368,18,96992,37,5328,17696,2304,8,1152,256,1152,576,92928
384x384x384w36-8-18,384,384,384,36,8,18,36-8-18,M0K,2304,18,97408,36,5184,17280,2304,8,1152,256,1152,576,92928
384x384x384w9-24-23,384,384,384,9,24,23,9-24-23,M0K,1728,23,99088,9,1656,15600,8832,24,4416,192,4416,184,93024
384x384x384w15-24-14,384,384,384,15,24,14,15-24-14,M0K,2880,14,100192,15,1680,14496,5376,24,2688,192,2688,112,93184
384x384x384w13-40-10,384,384,384,13,40,10,13-40-10,MNK,4160,10,97888,13,1040,16800,6400,40,3200,320,3200,80,93210
384x384x384w14-32-11,384,384,384,14,32,11,14-32-11,M0K,3584,11,99424,14,1232,15264,5632,32,2816,256,2816,88,93240
384x384x384w29-16-11,384,384,384,29,16,11,29-16-11,M0K,3712,11,99344,29,2552,15344,2816,16,1408,384,1408,264,93240
384x384x384w9-56-10,384,384,384,9,56,10,9-56-10,MNK,4032,10,96224,9,720,18464,8960,56,4480,448,4480,80,93366
384x384x384w23-24-9,384,384,384,23,24,9,23-24-9,M0K,4416,9,99088,23,1656,15600,3456,24,1728,384,1728,144,93568
384x384x384w21-16-15,384,384,384,21,16,15,21-16-15,M0K,2688,15,100432,21,2520,14256,3840,16,1920,256,1920,240,93600
384x384x384w21-8-31,384,384,384,21,8,31,21-8-31,M0K,1344,31,97616,21,5208,17072,3968,8,1984,128,1984,496,93600
384x384x384w21-24-10,384,384,384,21,24,10,21-24-10,M0K,4032,10,99424,21,1680,15264,3840,24,1920,384,1920,160,93600
384x384x384w21-8-30,384,384,384,21,8,30,21-8-30,M0K,1344,30,98080,21,5040,16608,3840,8,1920,128,1920,480,93600
384x384x384w10-24-21,384,384,384,10,24,21,10-24-21,M0K,1920,21,99424,10,1680,15264,8064,24,4032,192,4032,168,93632
384x384x384w61-8-11,384,384,384,61,8,11,61-8-11,M0K,3904,11,94736,61,5368,19952,1408,8,704,448,704,616,94080
384x384x384w62-8-11,384,384,384,62,8,11,62-8-11,M0K,3968,11,94432,62,5456,20256,1408,8,704,448,704,616,94080
384x384x384w11-32-14,384,384,384,11,32,14,11-32-14,M0K,2816,14,99424,11,1232,15264,7168,32,3584,256,3584,112,94080
384x384x384w57-8-11,384,384,384,57,8,11,57-8-11,M0K,3648,11,95952,57,5016,18736,1408,8,704,448,704,616,94080
384x384x384w11-8-58,384,384,384,11,8,58,11-8-58,M0K,704,58,95648,11,5104,19040,7424,8,3712,64,3712,464,94080
384x384x384w11-16-29,384,384,384,11,16,29,11-16-29,M0K,1408,29,99344,11,2552,15344,7424,16,3712,128,3712,232,94080
384x384x384w60-8-11,384,384,384,60,8,11,60-8-11,M0K,3840,11,95040,60,5280,19648,1408,8,704,448,704,616,94080
384x384x384w56-8-11,384,384,384,56,8,11,56-8-11,M0K,3584,11,96256,56,4928,18432,1408,8,704,448,704,616,94080
384x384x384w11-8-59,384,384,384,11,8,59,11-8-59,M0K,704,59,95344,11,5192,19344,7552,8,3776,64,3776,472,94080
384x384x384w11-16-28,384,384,384,11,16,28,11-16-28,M0K,1408,28,99776,11,2464,14912,7168,16,3584,128,3584,224,94080
384x384x384w11-8-60,384,384,384,11,8,60,11-8-60,M0K,704,60,95040,11,5280,19648,7680,8,3840,64,3840,480,94080
384x384x384w11-8-61,384,384,384,11,8,61,11-8-61,M0K,704,61,94736,11,5368,19952,7808,8,3904,64,3904,488,94080
384x384x384w8-56-11,384,384,384,8,56,11,8-56-11,0NK,3584,11,96256,8,704,18432,9856,56,4928,448,4928,88,94080
384x384x384w58-8-11,384,384,384,58,8,11,58-8-11,M0K,3712,11,95648,58,5104,19040,1408,8,704,448,704,616,94080
384x384x384w59-8-11,384,384,384,59,8,11,59-8-11,M0K,3776,11,95344,59,5192,19344,1408,8,704,448,704,616,94080
384x384x384w11-8-62,384,384,384,11,8,62,11-8-62,M0K,704,62,94432,11,5456,20256,7936,8,3968,64,3968,496,94080
384x384x384w11-8-63,384,384,384,11,8,63,11-8-63,M0K,704,63,94128,11,5544,20560,8064,8,4032,64,4032,504,94080
384x384x384w28-16-11,384,384,384,28,16,11,28-16-11,M0K,3584,11,99776,28,2464,14912,2816,16,1408,384,1408,264,94080
384x384x384w11-8-57,384,384,384,11,8,57,11-8-57,M0K,704,57,95952,11,5016,18736,7296,8,3648,64,3648,456,94080
384x384x384w55-8-11,384,384,384,55,8,11,55-8-11,M0K,3520,11,96560,55,4840,18128,1408,8,704,384,704,528,94080
384x384x384w11-8-56,384,384,384,11,8,56,11-8-56,M0K,704,56,96256,11,4928,18432,7168,8,3584,64,3584,448,94080
384x384x384w11-24-19,384,384,384,11,24,19,11-24-19,M0K,2112,19,99824,11,1672,14864,7296,24,3648,192,3648,152,94080
384x384x384w11-8-55,384,384,384,11,8,55,11-8-55,M0K,704,55,96560,11,4840,18128,7040,8,3520,64,3520,440,94080
384x384x384w11-56-8,384,384,384,11,56,8,11-56-8,MN0,4928,8,96256,11,704,18432,7168,56,3584,448,3584,64,94080
384x384x384w17-24-12,384,384,384,17,24,12,17-24-12,M00,3264,12,100288,17,1632,14400,4608,24,2304,384,2304,192,94208
384x384x384w12-24-17,384,384,384,12,24,17,12-24-17,00K,2304,17,100288,12,1632,14400,6528,24,3264,192,3264,136,94208
384x384x384w9-32-17,384,384,384,9,32,17,9-32-17,M0K,2304,17,98928,9,1224,15760,8704,32,4352,256,4352,136,94392
384x384x384w19-8-33,384,384,384,19,8,33,19-8-33,M0K,1216,33,98000,19,5016,16688,4224,8,2112,128,2112,528,94464
384x384x384w19-16-16,384,384,384,19,16,16,19-16-16,M00,2432,16,100864,19,2432,13824,4096,16,2048,256,2048,256,94464
384x384x384w19-8-32,384,384,384,19,8,32,19-8-32,M00,1216,32,98432,19,4864,16256,4096,8,2048,128,2048,512,94464
384x384x384w19-8-34,384,384,384,19,8,34,19-8-34,M0K,1216,34,97568,19,5168,17120,4352,8,2176,128,2176,544,94464
384x384x384w19-32-8,384,384,384,19,32,8,19-32-8,M00,4864,8,98432,19,1216,16256,4096,32,2048,512,2048,128,94464
384x384x384w15-16-21,384,384,384,15,16,21,15-16-21,M0K,1920,21,100432,15,2520,14256,5376,16,2688,128,2688,168,94848
384x384x384w31-8-21,384,384,384,31,8,21,31-8-21,M0K,1984,21,97616,31,5208,17072,2688,8,1344,192,1344,504,94848
384x384x384w30-8-21,384,384,384,30,8,21,30-8-21,M0K,1920,21,98080,30,5040,16608,2688,8,1344,192,1344,504,94848
384x384x384w17-32-9,384,384,384,17,32,9,17-32-9,M0K,4352,9,98928,17,1224,15760,4608,32,2304,512,2304,144,94944
384x384x384w54-8-12,384,384,384,54,8,12,54-8-12,M00,3456,12,95872,54,5184,18816,1536,8,768,384,768,576,95232
384x384x384w14-40-9,384,384,384,14,40,9,14-40-9,MNK,4480,9,97952,14,1008,16736,5760,40,2880,320,2880,72,95460
384x384x384w9-40-14,384,384,384,9,40,14,9-40-14,MNK,2880,14,97952,9,1008,16736,8960,40,4480,320,4480,112,95760
384x384x384w9-48-11,384,384,384,9,48,11,9-48-11,M0K,3456,11,97744,9,792,16944,8448,48,4224,384,4224,88,95760
384x384x384w14-8-47,384,384,384,14,8,47,14-8-47,M0K,896,47,96352,14,5264,18336,6016,8,3008,64,3008,376,95904
384x384x384w14-8-44,384,384,384,14,8,44,14-8-44,M0K,896,44,97408,14,4928,17280,5632,8,2816,64,2816,352,95904
384x384x384w29-8-22,384,384,384,29,8,22,29-8-22,M0K,1856,22,97952,29,5104,16736,2816,8,1408,192,1408,528,95904
384x384x384w14-8-45,384,384,384,14,8,45,14-8-45,M0K,896,45,97056,14,5040,17632,5760,8,2880,64,2880,360,95904
384x384x384w14-8-46,384,384,384,14,8,46,14-8-46,M0K,896,46,96704,14,5152,17984,5888,8,2944,64,2944,368,95904
384x384x384w14-16-22,384,384,384,14,16,22,14-16-22,M0K,1792,22,100544,14,2464,14144,5632,16,2816,128,2816,176,95904
384x384x384w14-8-43,384,384,384,14,8,43,14-8-43,M0K,896,43,97760,14,4816,16928,5504,8,2752,64,2752,344,95904
384x384x384w18-16-17,384,384,384,18,16,17,18-16-17,M0K,2304,17,100832,18,2448,13856,4352,16,2176,256,2176,272,96048
384x384x384w10-32-15,384,384,384,10,32,15,10-32-15,M0K,2560,15,99488,10,1200,15200,7680,32,3840,256,3840,120,96096
384x384x384w10-16-31,384,384,384,10,16,31,10-16-31,M0K,1280,31,99232,10,2480,15456,7936,16,3968,128,3968,248,96096
384x384x384w10-48-10,384,384,384,10,48,10,10-48-10,M0K,3840,10,97728,10,800,16960,7680,48,3840,384,3840,80,96096
384x384x384w10-16-30,384,384,384,10,16,30,10-16-30,M0K,1280,30,99648,10,2400,15040,7680,16,3840,128,3840,240,96096
384x384x384w27-8-23,384,384,384,27,8,23,27-8-23,M0K,1728,23,98352,27,4968,16336,2944,8,1472,192,1472,552,96288
384x384x384w11-48-9,384,384,384,11,48,9,11-48-9,M0K,4224,9,97744,11,792,16944,6912,48,3456,384,3456,72,96320
384x384x384w8-32-19,384,384,384,8,32,19,8-32-19,00K,2048,19,98432,8,1216,16256,9728,32,4864,256,4864,152,96768
384x384x384w46-8-14,384,384,384,46,8,14,46-8-14,M0K,2944,14,96704,46,5152,17984,1792,8,896,320,896,560,96768
384x384x384w38-16-8,384,384,384,38,16,8,38-16-8,M00,4864,8,98048,38,2432,16640,2048,16,1024,512,1024,256,96768
384x384x384w22-8-29,384,384,384,22,8,29,22-8-29,M0K,1408,29,97952,22,5104,16736,3712,8,1856,128,1856,464,96768
384x384x384w28-8-22,384,384,384,28,8,22,28-8-22,M0K,1792,22,98432,28,4928,16256,2816,8,1408,192,1408,528,96768
384x384x384w44-8-14,384,384,384,44,8,14,44-8-14,M0K,2816,14,97408,44,4928,17280,1792,8,896,320,896,560,96768
384x384x384w32-8-19,384,384,384,32,8,19,32-8-19,00K,2048,19,98432,32,4864,16256,2432,8,1216,256,1216,608,96768
384x384x384w47-8-14,384,384,384,47,8,14,47-8-14,M0K,3008,14,96352,47,5264,18336,1792,8,896,320,896,560,96768
384x384x384w33-8-19,384,384,384,33,8,19,33-8-19,M0K,2112,19,98000,33,5016,16688,2432,8,1216,256,1216,608,96768
384x384x384w45-8-14,384,384,384,45,8,14,45-8-14,M0K,2880,14,97056,45,5040,17632,1792,8,896,320,896,560,96768
384x384x384w22-16-14,384,384,384,22,16,14,22-16-14,M0K,2816,14,100544,22,2464,14144,3584,16,1792,256,1792,224,96768
384x384x384w16-16-19,384,384,384,16,16,19,16-16-19,00K,2048,19,100864,16,2432,13824,4864,16,2432,256,2432,304,96768
384x384x384w34-8-19,384,384,384,34,8,19,34-8-19,M0K,2176,19,97568,34,5168,17120,2432,8,1216,256,1216,608,96768
384x384x384w43-8-14,384,384,384,43,8,14,43-8-14,M0K,2752,14,97760,43,4816,16928,1792,8,896,320,896,560,96768
384x384x384w38-8-16,384,384,384,38,8,16,38-8-16,M00,2432,16,98048,38,4864,16640,2048,8,1024,256,1024,512,96768
384x384x384w22-8-28,384,384,384,22,8,28,22-8-28,M0K,1408,28,98432,22,4928,16256,3584,8,1792,128,1792,448,96768
384x384x384w36-8-17,384,384,384,36,8,17,36-8-17,M0K,2304,17,98112,36,4896,16576,2176,8,1088,256,1088,544,97152
384x384x384w17-8-35,384,384,384,17,8,35,17-8-35,M0K,1088,35,98512,17,4760,16176,4480,8,2240,128,2240,560,97152
384x384x384w35-8-17,384,384,384,35,8,17,35-8-17,M0K,2240,17,98512,35,4760,16176,2176,8,1088,256,1088,544,97152
384x384x384w17-16-18,384,384,384,17,16,18,17-16-18,M0K,2176,18,100832,17,2448,13856,4608,16,2304,256,2304,288,97152
384x384x384w17-8-38,384,384,384,17,8,38,17-8-38,M0K,1088,38,97312,17,5168,17376,4864,8,2432,128,2432,608,97152
384x384x384w17-8-36,384,384,384,17,8,36,17-8-36,M0K,1088,36,98112,17,4896,16576,4608,8,2304,128,2304,576,97152
384x384x384w37-8-17,384,384,384,37,8,17,37-8-17,M0K,2368,17,97712,37,5032,16976,2176,8,1088,256,1088,544,97152
384x384x384w17-8-37,384,384,384,17,8,37,17-8-37,M0K,1088,37,97712,17,5032,16976,4736,8,2368,128,2368,592,97152
384x384x384w20-16-15,384,384,384,20,16,15,20-16-15,M0K,2560,15,100928,20,2400,13760,3840,16,1920,256,1920,240,97344
384x384x384w20-8-31,384,384,384,20,8,31,20-8-31,M0K,1280,31,98240,20,4960,16448,3968,8,1984,128,1984,496,97344
384x384x384w30-16-10,384,384,384,30,16,10,30-16-10,M0K,3840,10,99648,30,2400,15040,2560,16,1280,384,1280,240,97344
384x384x384w31-16-10,384,384,384,31,16,10,31-16-10,M0K,3968,10,99232,31,2480,15456,2560,16,1280,384,1280,240,97344
384x384x384w42-8-15,384,384,384,42,8,15,42-8-15,M0K,2688,15,97312,42,5040,17376,1920,8,960,320,960,600,97344
384x384x384w20-24-10,384,384,384,20,24,10,20-24-10,M0K,3840,10,99968,20,1600,14720,3840,24,1920,384,1920,160,97344
384x384x384w15-32-10,384,384,384,15,32,10,15-32-10,M0K,3840,10,99488,15,1200,15200,5120,32,2560,256,2560,80,97344
384x384x384w20-8-30,384,384,384,20,8,30,20-8-30,M0K,1280,30,98688,20,4800,16000,3840,8,1920,128,1920,480,97344
384x384x384w18-24-11,384,384,384,18,24,11,18-24-11,M0K,3456,11,100384,18,1584,14304,4224,24,2112,384,2112,176,97440
384x384x384w13-16-23,384,384,384,13,16,23,13-16-23,M0K,1664,23,100688,13,2392,14000,5888,16,2944,128,2944,184,97512
384x384x384w23-8-27,384,384,384,23,8,27,23-8-27,M0K,1472,27,98352,23,4968,16336,3456,8,1728,128,1728,432,97920
384x384x384w23-16-13,384,384,384,23,16,13,23-16-13,M0K,2944,13,100688,23,2392,14000,3328,16,1664,256,1664,208,97920
384x384x384w26-8-23,384,384,384,26,8,23,26-8-23,M0K,1664,23,98848,26,4784,15840,2944,8,1472,192,1472,552,97920
384x384x384w23-8-26,384,384,384,23,8,26,23-8-26,M0K,1472,26,98848,23,4784,15840,3328,8,1664,128,1664,416,97920
384x384x384w11-40-11,384,384,384,11,40,11,11-40-11,MNK,3520,11,98672,11,968,16016,7040,40,3520,320,3520,88,98000
384x384x384w12-16-24,384,384,384,12,16,24,12-16-24,000,1536,24,100864,12,2304,13824,6144,16,3072,128,3072,192,98304
384x384x384w50-8-12,384,384,384,50,8,12,50-8-12,M00,3200,12,97152,50,4800,17536,1536,8,768,384,768,576,98304
384x384x384w12-8-53,384,384,384,12,8,53,12-8-53,00K,768,53,96192,12,5088,18496,6784,8,3392,64,3392,424,98304
384x384x384w25-16-12,384,384,384,25,16,12,25-16-12,M00,3200,12,100416,25,2400,14272,3072,16,1536,384,1536,288,98304
384x384x384w24-16-12,384,384,384,24,16,12,24-16-12,000,3072,12,100864,24,2304,13824,3072,16,1536,384,1536,288,98304
384x384x384w8-24-24,384,384,384,8,24,24,8-24-24,000,1536,24,99328,8,1536,15360,9216,24,4608,192,4608,192,98304
384x384x384w8-24-25,384,384,384,8,24,25,8-24-25,00K,1536,25,98816,8,1600,15872,9600,24,4800,192,4800,200,98304
384x384x384w12-32-12,384,384,384,12,32,12,12-32-12,000,3072,12,100096,12,1152,14592,6144,32,3072,256,3072,96,98304
384x384x384w8-48-12,384,384,384,8,48,12,8-48-12,000,3072,12,97792,8,768,16896,9216,48,4608,384,4608,96,98304
384x384x384w12-8-52,384,384,384,12,8,52,12-8-52,00K,768,52,96512,12,4992,18176,6656,8,3328,64,3328,416,98304
384x384x384w25-8-24,384,384,384,25,8,24,25-8-24,M00,1600,24,98816,25,4800,15872,3072,8,1536,192,1536,576,98304
384x384x384w53-8-12,384,384,384,53,8,12,53-8-12,M00,3392,12,96192,53,5088,18496,1536,8,768,384,768,576,98304
384x384x384w51-8-12,384,384,384,51,8,12,51-8-12,M00,3264,12,96832,51,4896,17856,1536,8,768,384,768,576,98304
384x384x384w24-8-25,384,384,384,24,8,25,24-8-25,00K,1536,25,98816,24,4800,15872,3200,8,1600,192,1600,600,98304
384x384x384w24-8-24,384,384,384,24,8,24,24-8-24,000,1536,24,99328,24,4608,15360,3072,8,1536,192,1536,576,98304
384x384x384w12-8-51,384,384,384,12,8,51,12-8-51,00K,768,51,96832,12,4896,17856,6528,8,3264,64,3264,408,98304
384x384x384w24-24-8,384,384,384,24,24,8,24-24-8,000,4608,8,99328,24,1536,15360,3072,24,1536,576,1536,192,98304
384x384x384w12-8-54,384,384,384,12,8,54,12-8-54,00K,768,54,95872,12,5184,18816,6912,8,3456,64,3456,432,98304
384x384x384w12-8-50,384,384,384,12,8,50,12-8-50,00K,768,50,97152,12,4800,17536,6400,8,3200,64,3200,400,98304
384x384x384w25-8-25,384,384,384,25,8,25,25-8-25,M0K,1600,25,98288,25,5000,16400,3200,8,1600,192,1600,600,98304
384x384x384w12-24-16,384,384,384,12,24,16,12-24-16,000,2304,16,100864,12,1536,13824,6144,24,3072,192,3072,128,98304
384x384x384w25-24-8,384,384,384,25,24,8,25-24-8,M00,4800,8,98816,25,1600,15872,3072,24,1536,576,1536,192,98304
384x384x384w48-8-12,384,384,384,48,8,12,48-8-12,000,3072,12,97792,48,4608,16896,1536,8,768,384,768,576,98304
384x384x384w16-24-12,384,384,384,16,24,12,16-24-12,000,3072,12,100864,16,1536,13824,4608,24,2304,384,2304,192,98304
384x384x384w12-48-8,384,384,384,12,48,8,12-48-8,000,4608,8,97792,12,768,16896,6144,48,3072,384,3072,64,98304
384x384x384w49-8-12,384,384,384,49,8,12,49-8-12,M00,3136,12,97472,49,4704,17216,1536,8,768,384,768,576,98304
384x384x384w12-16-25,384,384,384,12,16,25,12-16-25,00K,1536,25,100416,12,2400,14272,6400,16,3200,128,3200,200,98304
384x384x384w52-8-12,384,384,384,52,8,12,52-8-12,M00,3328,12,96512,52,4992,18176,1536,8,768,384,768,576,98304
384x384x384w12-8-49,384,384,384,12,8,49,12-8-49,00K,768,49,97472,12,4704,17216,6272,8,3136,64,3136,392,98304
384x384x384w12-8-48,384,384,384,12,8,48,12-8-48,000,768,48,97792,12,4608,16896,6144,8,3072,64,3072,384,98304
384x384x384w9-8-74,384,384,384,9,8,74,9-8-74,M0K,576,74,93408,9,5328,21280,9472,8,4736,64,4736,592,98496
384x384x384w9-16-33,384,384,384,9,16,33,9-16-33,M0K,1152,33,99184,9,2376,15504,8448,16,4224,128,4224,264,98496
384x384x384w9-8-72,384,384,384,9,8,72,9-8-72,M0K,576,72,93952,9,5184,20736,9216,8,4608,64,4608,576,98496
384x384x384w9-8-69,384,384,384,9,8,69,9-8-69,M0K,576,69,94768,9,4968,19920,8832,8,4416,64,4416,552,98496
384x384x384w9-8-67,384,384,384,9,8,67,9-8-67,M0K,576,67,95312,9,4824,19376,8576,8,4288,64,4288,536,98496
384x384x384w9-8-68,384,384,384,9,8,68,9-8-68,M0K,576,68,95040,9,4896,19648,8704,8,4352,64,4352,544,98496
384x384x384w9-64-8,384,384,384,9,64,8,9-64-8,M00,4608,8,96128,9,576,18560,8192,64,4096,512,4096,64,98496
384x384x384w9-8-65,384,384,384,9,8,65,9-8-65,M0K,576,65,95856,9,4680,18832,8320,8,4160,64,4160,520,98496
384x384x384w9-8-73,384,384,384,9,8,73,9-8-73,M0K,576,73,93680,9,5256,21008,9344,8,4672,64,4672,584,98496
384x384x384w9-8-70,384,384,384,9,8,70,9-8-70,M0K,576,70,94496,9,5040,20192,8960,8,4480,64,4480,560,98496
384x384x384w9-8-66,384,384,384,9,8,66,9-8-66,M0K,576,66,95584,9,4752,19104,8448,8,4224,64,4224,528,98496
384x384x384w9-24-22,384,384,384,9,24,22,9-24-22,M0K,1728,22,99616,9,1584,15072,8448,24,4224,192,4224,176,98496
384x384x384w9-8-75,384,384,384,9,8,75,9-8-75,M0K,576,75,93136,9,5400,21552,9600,8,4800,64,4800,600,98496
384x384x384w9-16-34,384,384,384,9,16,34,9-16-34,M0K,1152,34,98784,9,2448,15904,8704,16,4352,128,4352,272,98496
384x384x384w9-8-71,384,384,384,9,8,71,9-8-71,M0K,576,71,94224,9,5112,20464,9088,8,4544,64,4544,568,98496
384x384x384w9-72-8,384,384,384,9,72,8,9-72-8,MN0,5184,8,93952,9,576,20736,9216,72,4608,576,4608,64,98496
384x384x384w9-16-32,384,384,384,9,16,32,9-16-32,M00,1152,32,99584,9,2304,15104,8192,16,4096,128,4096,256,98496
384x384x384w9-8-64,384,384,384,9,8,64,9-8-64,M00,576,64,96128,9,4608,18560,8192,8,4096,64,4096,512,98496
384x384x384w9-8-76,384,384,384,9,8,76,9-8-76,M0K,576,76,92864,9,5472,21824,9728,8,4864,64,4864,608,98496
384x384x384w9-32-16,384,384,384,9,32,16,9-32-16,M00,2304,16,99584,9,1152,15104,8192,32,4096,256,4096,128,98496
384x384x384w10-40-12,384,384,384,10,40,12,10-40-12,MN0,3200,12,98688,10,960,16000,7680,40,3840,320,3840,96,98560
384x384x384w11-24-18,384,384,384,11,24,18,11-24-18,M0K,2112,18,100384,11,1584,14304,6912,24,3456,192,3456,144,98560
384x384x384w10-24-20,384,384,384,10,24,20,10-24-20,M0K,1920,20,99968,10,1600,14720,7680,24,3840,192,3840,160,98560
384x384x384w32-16-9,384,384,384,32,16,9,32-16-9,00K,4096,9,99584,32,2304,15104,2304,16,1152,512,1152,288,99072
384x384x384w72-8-9,384,384,384,72,8,9,72-8-9,M0K,4608,9,93952,72,5184,20736,1152,8,576,576,576,648,99072
384x384x384w69-8-9,384,384,384,69,8,9,69-8-9,M0K,4416,9,94768,69,4968,19920,1152,8,576,512,576,576,99072
384x384x384w68-8-9,384,384,384,68,8,9,68-8-9,M0K,4352,9,95040,68,4896,19648,1152,8,576,512,576,576,99072
384x384x384w34-16-9,384,384,384,34,16,9,34-16-9,M0K,4352,9,98784,34,2448,15904,2304,16,1152,512,1152,288,99072
384x384x384w16-32-9,384,384,384,16,32,9,16-32-9,00K,4096,9,99584,16,1152,15104,4608,32,2304,512,2304,144,99072
384x384x384w67-8-9,384,384,384,67,8,9,67-8-9,M0K,4288,9,95312,67,4824,19376,1152,8,576,512,576,576,99072
384x384x384w64-8-9,384,384,384,64,8,9,64-8-9,00K,4096,9,96128,64,4608,18560,1152,8,576,512,576,576,99072
384x384x384w75-8-9,384,384,384,75,8,9,75-8-9,M0K,4800,9,93136,75,5400,21552,1152,8,576,576,576,648,99072
384x384x384w8-72-9,384,384,384,8,72,9,8-72-9,0NK,4608,9,93952,8,576,20736,10368,72,5184,576,5184,72,99072
384x384x384w74-8-9,384,384,384,74,8,9,74-8-9,M0K,4736,9,93408,74,5328,21280,1152,8,576,576,576,648,99072
384x384x384w8-64-9,384,384,384,8,64,9,8-64-9,00K,4096,9,96128,8,576,18560,9216,64,4608,512,4608,72,99072
384x384x384w70-8-9,384,384,384,70,8,9,70-8-9,M0K,4480,9,94496,70,5040,20192,1152,8,576,512,576,576,99072
384x384x384w66-8-9,384,384,384,66,8,9,66-8-9,M0K,4224,9,95584,66,4752,19104,1152,8,576,512,576,576,99072
384x384x384w33-16-9,384,384,384,33,16,9,33-16-9,M0K,4224,9,99184,33,2376,15504,2304,16,1152,512,1152,288,99072
384x384x384w73-8-9,384,384,384,73,8,9,73-8-9,M0K,4672,9,93680,73,5256,21008,1152,8,576,576,576,648,99072
384x384x384w71-8-9,384,384,384,71,8,9,71-8-9,M0K,4544,9,94224,71,5112,20464,1152,8,576,512,576,576,99072
384x384x384w22-24-9,384,384,384,22,24,9,22-24-9,M0K,4224,9,99616,22,1584,15072,3456,24,1728,384,1728,144,99072
384x384x384w65-8-9,384,384,384,65,8,9,65-8-9,M0K,4160,9,95856,65,4680,18832,1152,8,576,512,576,576,99072
384x384x384w27-16-11,384,384,384,27,16,11,27-16-11,M0K,3456,11,100208,27,2376,14480,2816,16,1408,384,1408,264,99120
384x384x384w13-24-15,384,384,384,13,24,15,13-24-15,M0K,2496,15,100816,13,1560,13872,5760,24,2880,192,2880,120,99424
384x384x384w14-24-14,384,384,384,14,24,14,14-24-14,M0K,2688,14,100800,14,1568,13888,5376,24,2688,192,2688,112,99456
384x384x384w15-40-8,384,384,384,15,40,8,15-40-8,MN0,4800,8,98048,15,960,16640,5120,40,2560,320,2560,64,99840
384x384x384w12-40-10,384,384,384,12,40,10,12-40-10,0NK,3840,10,98688,12,960,16000,6400,40,3200,320,3200,80,99840
384x384x384w15-8-40,384,384,384,15,8,40,15-8-40,M0K,960,40,98048,15,4800,16640,5120,8,2560,64,2560,320,99840
384x384x384w15-8-39,384,384,384,15,8,39,15-8-39,M0K,960,39,98416,15,4680,16272,4992,8,2496,64,2496,312,99840
384x384x384w40-8-15,384,384,384,40,8,15,40-8-15,M0K,2560,15,98048,40,4800,16640,1920,8,960,320,960,600,99840
384x384x384w39-8-15,384,384,384,39,8,15,39-8-15,M0K,2496,15,98416,39,4680,16272,1920,8,960,256,960,480,99840
384x384x384w15-16-20,384,384,384,15,16,20,15-16-20,M0K,1920,20,100928,15,2400,13760,5120,16,2560,128,2560,160,99840
384x384x384w8-40-15,384,384,384,8,40,15,8-40-15,0NK,2560,15,98048,8,960,16640,9600,40,4800,320,4800,120,99840
384x384x384w15-8-41,384,384,384,15,8,41,15-8-41,M0K,960,41,97680,15,4920,17008,5248,8,2624,64,2624,328,99840
384x384x384w30-8-20,384,384,384,30,8,20,30-8-20,M0K,1920,20,98688,30,4800,16000,2560,8,1280,192,1280,480,99840
384x384x384w31-8-20,384,384,384,31,8,20,31-8-20,M0K,1984,20,98240,31,4960,16448,2560,8,1280,192,1280,480,99840
384x384x384w15-24-13,384,384,384,15,24,13,15-24-13,M0K,2880,13,100816,15,1560,13872,4992,24,2496,192,2496,104,99840
384x384x384w41-8-15,384,384,384,41,8,15,41-8-15,M0K,2624,15,97680,41,4920,17008,1920,8,960,320,960,600,99840
384x384x384w15-8-42,384,384,384,15,8,42,15-8-42,M0K,960,42,97312,15,5040,17376,5376,8,2688,64,2688,336,99840
384x384x384w18-8-34,384,384,384,18,8,34,18-8-34,M0K,1152,34,98240,18,4896,16448,4352,8,2176,128,2176,544,100224
384x384x384w18-32-8,384,384,384,18,32,8,18-32-8,M00,4608,8,99072,18,1152,15616,4096,32,2048,512,2048,128,100224
384x384x384w18-8-32,384,384,384,18,8,32,18-8-32,M00,1152,32,99072,18,4608,15616,4096,8,2048,128,2048,512,100224
384x384x384w18-16-16,384,384,384,18,16,16,18-16-16,M00,2304,16,101376,18,2304,13312,4096,16,2048,256,2048,256,100224
384x384x384w18-8-33,384,384,384,18,8,33,18-8-33,M0K,1152,33,98656,18,4752,16032,4224,8,2112,128,2112,528,100224
384x384x384w13-32-11,384,384,384,13,32,11,13-32-11,M0K,3328,11,100112,13,1144,14576,5632,32,2816,256,2816,88,100380
384x384x384w21-8-29,384,384,384,21,8,29,21-8-29,M0K,1344,29,98544,21,4872,16144,3712,8,1856,128,1856,464,100800
384x384x384w11-16-27,384,384,384,11,16,27,11-16-27,M0K,1408,27,100208,11,2376,14480,6912,16,3456,128,3456,216,100800
384x384x384w21-16-14,384,384,384,21,16,14,21-16-14,M0K,2688,14,101024,21,2352,13664,3584,16,1792,256,1792,224,100800
384x384x384w11-16-26,384,384,384,11,16,26,11-16-26,M0K,1408,26,100640,11,2288,14048,6656,16,3328,128,3328,208,100800
384x384x384w21-8-28,384,384,384,21,8,28,21-8-28,M0K,1344,28,99008,21,4704,15680,3584,8,1792,128,1792,448,100800
384x384x384w11-32-13,384,384,384,11,32,13,11-32-13,M0K,2816,13,100112,11,1144,14576,6656,32,3328,256,3328,104,100800
384x384x384w26-16-11,384,384,384,26,16,11,26-16-11,M0K,3328,11,100640,26,2288,14048,2816,16,1408,384,1408,264,100800
384x384x384w63-8-10,384,384,384,63,8,10,63-8-10,M0K,4032,10,95264,63,5040,19424,1280,8,640,448,640,560,101088
384x384x384w29-8-21,384,384,384,29,8,21,29-8-21,M0K,1856,21,98544,29,4872,16144,2688,8,1344,192,1344,504,101232
384x384x384w14-16-21,384,384,384,14,16,21,14-16-21,M0K,1792,21,101024,14,2352,13664,5376,16,2688,128,2688,168,101232
384x384x384w16-8-38,384,384,384,16,8,38,16-8-38,00K,1024,38,98048,16,4864,16640,4864,8,2432,128,2432,608,101376
384x384x384w16-8-37,384,384,384,16,8,37,16-8-37,00K,1024,37,98432,16,4736,16256,4736,8,2368,128,2368,592,101376
384x384x384w16-16-18,384,384,384,16,16,18,16-16-18,00K,2048,18,101376,16,2304,13312,4608,16,2304,256,2304,288,101376
384x384x384w16-8-35,384,384,384,16,8,35,16-8-35,00K,1024,35,99200,16,4480,15488,4480,8,2240,128,2240,560,101376
384x384x384w8-16-37,384,384,384,8,16,37,8-16-37,00K,1024,37,98432,8,2368,16256,9472,16,4736,128,4736,296,101376
384x384x384w32-8-18,384,384,384,32,8,18,32-8-18,00K,2048,18,99072,32,4608,15616,2304,8,1152,256,1152,576,101376
384x384x384w33-8-18,384,384,384,33,8,18,33-8-18,M0K,2112,18,98656,33,4752,16032,2304,8,1152,256,1152,576,101376
384x384x384w36-8-16,384,384,384,36,8,16,36-8-16,M00,2304,16,98816,36,4608,15872,2048,8,1024,256,1024,512,101376
384x384x384w35-16-8,384,384,384,35,16,8,35-16-8,M00,4480,8,99200,35,2240,15488,2048,16,1024,512,1024,256,101376
384x384x384w37-8-16,384,384,384,37,8,16,37-8-16,M00,2368,16,98432,37,4736,16256,2048,8,1024,256,1024,512,101376
384x384x384w37-16-8,384,384,384,37,16,8,37-16-8,M00,4736,8,98432,37,2368,16256,2048,16,1024,512,1024,256,101376
384x384x384w8-16-38,384,384,384,8,16,38,8-16-38,00K,1024,38,98048,8,2432,16640,9728,16,4864,128,4864,304,101376
384x384x384w8-16-36,384,384,384,8,16,36,8-16-36,00K,1024,36,98816,8,2304,15872,9216,16,4608,128,4608,288,101376
384x384x384w76-8-8,384,384,384,76,8,8,76-8-8,M00,4864,8,94208,76,4864,20480,1024,8,512,576,512,576,101376
384x384x384w34-8-18,384,384,384,34,8,18,34-8-18,M0K,2176,18,98240,34,4896,16448,2304,8,1152,256,1152,576,101376
384x384x384w8-16-35,384,384,384,8,16,35,8-16-35,00K,1024,35,99200,8,2240,15488,8960,16,4480,128,4480,280,101376
384x384x384w35-8-16,384,384,384,35,8,16,35-8-16,M00,2240,16,99200,35,4480,15488,2048,8,1024,256,1024,512,101376
384x384x384w16-8-36,384,384,384,16,8,36,16-8-36,00K,1024,36,98816,16,4608,15872,4608,8,2304,128,2304,576,101376
384x384x384w8-32-18,384,384,384,8,32,18,8-32-18,00K,2048,18,99072,8,1152,15616,9216,32,4608,256,4608,144,101376
384x384x384w36-16-8,384,384,384,36,16,8,36-16-8,M00,4608,8,98816,36,2304,15872,2048,16,1024,512,1024,256,101376
384x384x384w17-16-17,384,384,384,17,16,17,17-16-17,M0K,2176,17,101360,17,2312,13328,4352,16,2176,256,2176,272,101568
384x384x384w27-8-22,384,384,384,27,8,22,27-8-22,M0K,1728,22,98912,27,4752,15776,2816,8,1408,192,1408,528,101952
384x384x384w28-8-21,384,384,384,28,8,21,28-8-21,M0K,1792,21,99008,28,4704,15680,2688,8,1344,192,1344,504,102144
384x384x384w19-8-31,384,384,384,19,8,31,19-8-31,M0K,1216,31,98864,19,4712,15824,3968,8,1984,128,1984,496,102336
384x384x384w19-8-30,384,384,384,19,8,30,19-8-30,M0K,1216,30,99296,19,4560,15392,3840,8,1920,128,1920,480,102336
384x384x384w19-24-10,384,384,384,19,24,10,19-24-10,M0K,3648,10,100512,19,1520,14176,3840,24,1920,384,1920,160,102336
384x384x384w19-16-15,384,384,384,19,16,15,19-16-15,M0K,2432,15,101424,19,2280,13264,3840,16,1920,256,1920,240,102336
384x384x384w9-40-13,384,384,384,9,40,13,9-40-13,MNK,2880,13,98736,9,936,15952,8320,40,4160,320,4160,104,102600
384x384x384w13-40-9,384,384,384,13,40,9,13-40-9,MNK,4160,9,98736,13,936,15952,5760,40,2880,320,2880,72,102770
384x384x384w9-56-9,384,384,384,9,56,9,9-56-9,MNK,4032,9,97264,9,648,17424,8064,56,4032,448,4032,72,102942
384x384x384w11-24-17,384,384,384,11,24,17,11-24-17,M0K,2112,17,100944,11,1496,13744,6528,24,3264,192,3264,136,103040
384x384x384w17-24-11,384,384,384,17,24,11,17-24-11,M0K,3264,11,100944,17,1496,13744,4224,24,2112,384,2112,176,103040
384x384x384w21-24-9,384,384,384,21,24,9,21-24-9,M0K,4032,9,100144,21,1512,14544,3456,24,1728,384,1728,144,103200
384x384x384w13-16-22,384,384,384,13,16,22,13-16-22,M0K,1664,22,101152,13,2288,13536,5632,16,2816,128,2816,176,103248
384x384x384w13-8-45,384,384,384,13,8,45,13-8-45,M0K,832,45,97904,13,4680,16784,5760,8,2880,64,2880,360,103248
384x384x384w13-8-43,384,384,384,13,8,43,13-8-43,M0K,832,43,98576,13,4472,16112,5504,8,2752,64,2752,344,103248
384x384x384w13-8-47,384,384,384,13,8,47,13-8-47,M0K,832,47,97232,13,4888,17456,6016,8,3008,64,3008,376,103248
384x384x384w13-8-46,384,384,384,13,8,46,13-8-46,M0K,832,46,97568,13,4784,17120,5888,8,2944,64,2944,368,103248
384x384x384w13-8-44,384,384,384,13,8,44,13-8-44,M0K,832,44,98240,13,4576,16448,5632,8,2816,64,2816,352,103248
384x384x384w10-8-55,384,384,384,10,8,55,10-8-55,M0K,640,55,97568,10,4400,17120,7040,8,3520,64,3520,440,103488
384x384x384w10-56-8,384,384,384,10,56,8,10-56-8,MN0,4480,8,97280,10,640,17408,7168,56,3584,448,3584,64,103488
384x384x384w10-8-60,384,384,384,10,8,60,10-8-60,M0K,640,60,96128,10,4800,18560,7680,8,3840,64,3840,480,103488
384x384x384w10-8-63,384,384,384,10,8,63,10-8-63,M0K,640,63,95264,10,5040,19424,8064,8,4032,64,4032,504,103488
384x384x384w10-8-59,384,384,384,10,8,59,10-8-59,M0K,640,59,96416,10,4720,18272,7552,8,3776,64,3776,472,103488
384x384x384w10-8-56,384,384,384,10,8,56,10-8-56,M0K,640,56,97280,10,4480,17408,7168,8,3584,64,3584,448,103488
384x384x384w10-8-58,384,384,384,10,8,58,10-8-58,M0K,640,58,96704,10,4640,17984,7424,8,3712,64,3712,464,103488
384x384x384w10-16-28,384,384,384,10,16,28,10-16-28,M0K,1280,28,100480,10,2240,14208,7168,16,3584,128,3584,224,103488
384x384x384w10-16-29,384,384,384,10,16,29,10-16-29,M0K,1280,29,100064,10,2320,14624,7424,16,3712,128,3712,232,103488
384x384x384w10-32-14,384,384,384,10,32,14,10-32-14,M0K,2560,14,100160,10,1120,14528,7168,32,3584,256,3584,112,103488
384x384x384w10-8-62,384,384,384,10,8,62,10-8-62,M0K,640,62,95552,10,4960,19136,7936,8,3968,64,3968,496,103488
384x384x384w10-8-57,384,384,384,10,8,57,10-8-57,M0K,640,57,96992,10,4560,17696,7296,8,3648,64,3648,456,103488
384x384x384w10-8-61,384,384,384,10,8,61,10-8-61,M0K,640,61,95840,10,4880,18848,7808,8,3904,64,3904,488,103488
384x384x384w10-24-19,384,384,384,10,24,19,10-24-19,M0K,1920,19,100512,10,1520,14176,7296,24,3648,192,3648,152,103488
384x384x384w26-8-22,384,384,384,26,8,22,26-8-22,M0K,1664,22,99392,26,4576,15296,2816,8,1408,192,1408,528,103680
384x384x384w22-16-13,384,384,384,22,16,13,22-16-13,M0K,2816,13,101152,22,2288,13536,3328,16,1664,256,1664,208,103680
384x384x384w22-8-27,384,384,384,22,8,27,22-8-27,M0K,1408,27,98912,22,4752,15776,3456,8,1728,128,1728,432,103680
384x384x384w43-8-13,384,384,384,43,8,13,43-8-13,M0K,2752,13,98576,43,4472,16112,1664,8,832,320,832,520,103680
384x384x384w47-8-13,384,384,384,47,8,13,47-8-13,M0K,3008,13,97232,47,4888,17456,1664,8,832,320,832,520,103680
384x384x384w44-8-13,384,384,384,44,8,13,44-8-13,M0K,2816,13,98240,44,4576,16448,1664,8,832,320,832,520,103680
384x384x384w46-8-13,384,384,384,46,8,13,46-8-13,M0K,2944,13,97568,46,4784,17120,1664,8,832,320,832,520,103680
384x384x384w45-8-13,384,384,384,45,8,13,45-8-13,M0K,2880,13,97904,45,4680,16784,1664,8,832,320,832,520,103680
384x384x384w22-8-26,384,384,384,22,8,26,22-8-26,M0K,1408,26,99392,22,4576,15296,3328,8,1664,128,1664,416,103680
384x384x384w14-32-10,384,384,384,14,32,10,14-32-10,M0K,3584,10,100160,14,1120,14528,5120,32,2560,256,2560,80,103896
384x384x384w29-16-10,384,384,384,29,16,10,29-16-10,M0K,3712,10,100064,29,2320,14624,2560,16,1280,384,1280,240,103896
384x384x384w9-24-21,384,384,384,9,24,21,9-24-21,M0K,1728,21,100144,9,1512,14544,8064,24,4032,192,4032,168,103968
384x384x384w54-8-11,384,384,384,54,8,11,54-8-11,M0K,3456,11,96864,54,4752,17824,1408,8,704,384,704,528,104160
384x384x384w23-8-25,384,384,384,23,8,25,23-8-25,M0K,1472,25,99344,23,4600,15344,3200,8,1600,128,1600,400,104448
384x384x384w23-8-24,384,384,384,23,8,24,23-8-24,M00,1472,24,99840,23,4416,14848,3072,8,1536,128,1536,384,104448
384x384x384w23-24-8,384,384,384,23,24,8,23-24-8,M00,4416,8,99840,23,1472,14848,3072,24,1536,384,1536,128,104448
384x384x384w23-16-12,384,384,384,23,16,12,23-16-12,M00,2944,12,101312,23,2208,13376,3072,16,1536,256,1536,192,104448
384x384x384w25-8-23,384,384,384,25,8,23,25-8-23,M0K,1600,23,99344,25,4600,15344,2944,8,1472,192,1472,552,104448
384x384x384w12-16-23,384,384,384,12,16,23,12-16-23,00K,1536,23,101312,12,2208,13376,5888,16,2944,128,2944,184,104448
384x384x384w8-24-23,384,384,384,8,24,23,8-24-23,00K,1536,23,99840,8,1472,14848,8832,24,4416,192,4416,184,104448
384x384x384w24-8-23,384,384,384,24,8,23,24-8-23,00K,1536,23,99840,24,4416,14848,2944,8,1472,192,1472,552,104448
384x384x384w61-8-10,384,384,384,61,8,10,61-8-10,M0K,3904,10,95840,61,4880,18848,1280,8,640,448,640,560,104832
384x384x384w42-8-14,384,384,384,42,8,14,42-8-14,M0K,2688,14,98112,42,4704,16576,1792,8,896,320,896,560,104832
384x384x384w8-56-10,384,384,384,8,56,10,8-56-10,0NK,3584,10,97280,8,640,17408,8960,56,4480,448,4480,80,104832
384x384x384w15-16-19,384,384,384,15,16,19,15-16-19,M0K,1920,19,101424,15,2280,13264,4864,16,2432,128,2432,152,104832
384x384x384w30-8-19,384,384,384,30,8,19,30-8-19,M0K,1920,19,99296,30,4560,15392,2432,8,1216,192,1216,456,104832
384x384x384w59-8-10,384,384,384,59,8,10,59-8-10,M0K,3776,10,96416,59,4720,18272,1280,8,640,448,640,560,104832
384x384x384w58-8-10,384,384,384,58,8,10,58-8-10,M0K,3712,10,96704,58,4640,17984,1280,8,640,448,640,560,104832
384x384x384w38-8-15,384,384,384,38,8,15,38-8-15,M0K,2432,15,98784,38,4560,15904,1920,8,960,256,960,480,104832
384x384x384w28-16-10,384,384,384,28,16,10,28-16-10,M0K,3584,10,100480,28,2240,14208,2560,16,1280,384,1280,240,104832
384x384x384w55-8-10,384,384,384,55,8,10,55-8-10,M0K,3520,10,97568,55,4400,17120,1280,8,640,384,640,480,104832
384x384x384w20-8-29,384,384,384,20,8,29,20-8-29,M0K,1280,29,99136,20,4640,15552,3712,8,1856,128,1856,464,104832
384x384x384w20-8-28,384,384,384,20,8,28,20-8-28,M0K,1280,28,99584,20,4480,15104,3584,8,1792,128,1792,448,104832
384x384x384w62-8-10,384,384,384,62,8,10,62-8-10,M0K,3968,10,95552,62,4960,19136,1280,8,640,448,640,560,104832
384x384x384w56-8-10,384,384,384,56,8,10,56-8-10,M0K,3584,10,97280,56,4480,17408,1280,8,640,448,640,560,104832
384x384x384w31-8-19,384,384,384,31,8,19,31-8-19,M0K,1984,19,98864,31,4712,15824,2432,8,1216,192,1216,456,104832
384x384x384w20-16-14,384,384,384,20,16,14,20-16-14,M0K,2560,14,101504,20,2240,13184,3584,16,1792,256,1792,224,104832
384x384x384w60-8-10,384,384,384,60,8,10,60-8-10,M0K,3840,10,96128,60,4800,18560,1280,8,640,448,640,560,104832
384x384x384w57-8-10,384,384,384,57,8,10,57-8-10,M0K,3648,10,96992,57,4560,17696,1280,8,640,448,640,560,104832
384x384x384w10-48-9,384,384,384,10,48,9,10-48-9,M0K,3840,9,98656,10,720,16032,6912,48,3456,384,3456,72,105952
384x384x384w16-16-17,384,384,384,16,16,17,16-16-17,00K,2048,17,101888,16,2176,12800,4352,16,2176,256,2176,272,105984
384x384x384w17-8-33,384,384,384,17,8,33,17-8-33,M0K,1088,33,99312,17,4488,15376,4224,8,2112,128,2112,528,105984
384x384x384w17-8-34,384,384,384,17,8,34,17-8-34,M0K,1088,34,98912,17,4624,15776,4352,8,2176,128,2176,544,105984
384x384x384w33-8-17,384,384,384,33,8,17,33-8-17,M0K,2112,17,99312,33,4488,15376,2176,8,1088,256,1088,544,105984
384x384x384w8-32-17,384,384,384,8,32,17,8-32-17,00K,2048,17,99712,8,1088,14976,8704,32,4352,256,4352,136,105984
384x384x384w17-8-32,384,384,384,17,8,32,17-8-32,M00,1088,32,99712,17,4352,14976,4096,8,2048,128,2048,512,105984
384x384x384w17-16-16,384,384,384,17,16,16,17-16-16,M00,2176,16,101888,17,2176,12800,4096,16,2048,256,2048,256,105984
384x384x384w17-32-8,384,384,384,17,32,8,17-32-8,M00,4352,8,99712,17,1088,14976,4096,32,2048,512,2048,128,105984
384x384x384w34-8-17,384,384,384,34,8,17,34-8-17,M0K,2176,17,98912,34,4624,15776,2176,8,1088,256,1088,544,105984
384x384x384w32-8-17,384,384,384,32,8,17,32-8-17,00K,2048,17,99712,32,4352,14976,2176,8,1088,256,1088,544,105984
384x384x384w15-24-12,384,384,384,15,24,12,15-24-12,M00,2880,12,101440,15,1440,13248,4608,24,2304,192,2304,96,106496
384x384x384w12-24-15,384,384,384,12,24,15,12-24-15,00K,2304,15,101440,12,1440,13248,5760,24,2880,192,2880,120,106496
384x384x384w14-8-39,384,384,384,14,8,39,14-8-39,M0K,896,39,99168,14,4368,15520,4992,8,2496,64,2496,312,106560
384x384x384w14-8-41,384,384,384,14,8,41,14-8-41,M0K,896,41,98464,14,4592,16224,5248,8,2624,64,2624,328,106560
384x384x384w14-40-8,384,384,384,14,40,8,14-40-8,MN0,4480,8,98816,14,896,15872,5120,40,2560,320,2560,64,106560
384x384x384w14-16-20,384,384,384,14,16,20,14-16-20,M0K,1792,20,101504,14,2240,13184,5120,16,2560,128,2560,160,106560
384x384x384w14-8-42,384,384,384,14,8,42,14-8-42,M0K,896,42,98112,14,4704,16576,5376,8,2688,64,2688,336,106560
384x384x384w29-8-20,384,384,384,29,8,20,29-8-20,M0K,1856,20,99136,29,4640,15552,2560,8,1280,192,1280,480,106560
384x384x384w14-24-13,384,384,384,14,24,13,14-24-13,M0K,2688,13,101408,14,1456,13280,4992,24,2496,192,2496,104,106560
384x384x384w14-8-40,384,384,384,14,8,40,14-8-40,M0K,896,40,98816,14,4480,15872,5120,8,2560,64,2560,320,106560
384x384x384w9-16-31,384,384,384,9,16,31,9-16-31,M0K,1152,31,99984,9,2232,14704,7936,16,3968,128,3968,248,106704
384x384x384w9-16-30,384,384,384,9,16,30,9-16-30,M0K,1152,30,100384,9,2160,14304,7680,16,3840,128,3840,240,106704
384x384x384w9-32-15,384,384,384,9,32,15,9-32-15,M0K,2304,15,100240,9,1080,14448,7680,32,3840,256,3840,120,106704
384x384x384w9-48-10,384,384,384,9,48,10,9-48-10,M0K,3456,10,98656,9,720,16032,7680,48,3840,384,3840,80,106704
384x384x384w13-24-14,384,384,384,13,24,14,13-24-14,M0K,2496,14,101408,13,1456,13280,5376,24,2688,192,2688,112,107072
384x384x384w15-32-9,384,384,384,15,32,9,15-32-9,M0K,3840,9,100240,15,1080,14448,4608,32,2304,256,2304,72,107328
384x384x384w31-16-9,384,384,384,31,16,9,31-16-9,M0K,3968,9,99984,31,2232,14704,2304,16,1152,384,1152,216,107328
384x384x384w20-24-9,384,384,384,20,24,9,20-24-9,M0K,3840,9,100672,20,1440,14016,3456,24,1728,384,1728,144,107328
384x384x384w30-16-9,384,384,384,30,16,9,30-16-9,M0K,3840,9,100384,30,2160,14304,2304,16,1152,384,1152,216,107328
384x384x384w11-8-54,384,384,384,11,8,54,11-8-54,M0K,704,54,96864,11,4752,17824,6912,8,3456,64,3456,432,107520
384x384x384w11-24-16,384,384,384,11,24,16,11-24-16,M00,2112,16,101504,11,1408,13184,6144,24,3072,192,3072,128,107520
384x384x384w8-48-11,384,384,384,8,48,11,8-48-11,00K,3072,11,98688,8,704,16000,8448,48,4224,384,4224,88,107520
384x384x384w11-8-48,384,384,384,11,8,48,11-8-48,M00,704,48,98688,11,4224,16000,6144,8,3072,64,3072,384,107520
384x384x384w11-16-25,384,384,384,11,16,25,11-16-25,M0K,1408,25,101072,11,2200,13616,6400,16,3200,128,3200,200,107520
384x384x384w39-8-14,384,384,384,39,8,14,39-8-14,M0K,2496,14,99168,39,4368,15520,1792,8,896,256,896,448,107520
384x384x384w11-8-52,384,384,384,11,8,52,11-8-52,M0K,704,52,97472,11,4576,17216,6656,8,3328,64,3328,416,107520
384x384x384w8-40-14,384,384,384,8,40,14,8-40-14,0NK,2560,14,98816,8,896,15872,8960,40,4480,320,4480,112,107520
384x384x384w11-8-49,384,384,384,11,8,49,11-8-49,M0K,704,49,98384,11,4312,16304,6272,8,3136,64,3136,392,107520
384x384x384w11-8-53,384,384,384,11,8,53,11-8-53,M0K,704,53,97168,11,4664,17520,6784,8,3392,64,3392,424,107520
384x384x384w52-8-11,384,384,384,52,8,11,52-8-11,M0K,3328,11,97472,52,4576,17216,1408,8,704,384,704,528,107520
384x384x384w25-16-11,384,384,384,25,16,11,25-16-11,M0K,3200,11,101072,25,2200,13616,2816,16,1408,384,1408,264,107520
384x384x384w48-8-11,384,384,384,48,8,11,48-8-11,00K,3072,11,98688,48,4224,16000,1408,8,704,384,704,528,107520
384x384x384w50-8-11,384,384,384,50,8,11,50-8-11,M0K,3200,11,98080,50,4400,16608,1408,8,704,384,704,528,107520
384x384x384w11-8-51,384,384,384,11,8,51,11-8-51,M0K,704,51,97776,11,4488,16912,6528,8,3264,64,3264,408,107520
384x384x384w24-16-11,384,384,384,24,16,11,24-16-11,00K,3072,11,101504,24,2112,13184,2816,16,1408,384,1408,264,107520
384x384x384w53-8-11,384,384,384,53,8,11,53-8-11,M0K,3392,11,97168,53,4664,17520,1408,8,704,384,704,528,107520
384x384x384w28-8-20,384,384,384,28,8,20,28-8-20,M0K,1792,20,99584,28,4480,15104,2560,8,1280,192,1280,480,107520
384x384x384w11-16-24,384,384,384,11,16,24,11-16-24,M00,1408,24,101504,11,2112,13184,6144,16,3072,128,3072,192,107520
384x384x384w11-32-12,384,384,384,11,32,12,11-32-12,M00,2816,12,100800,11,1056,13888,6144,32,3072,256,3072,96,107520
384x384x384w49-8-11,384,384,384,49,8,11,49-8-11,M0K,3136,11,98384,49,4312,16304,1408,8,704,384,704,528,107520
384x384x384w11-8-50,384,384,384,11,8,50,11-8-50,M0K,704,50,98080,11,4400,16608,6400,8,3200,64,3200,400,107520
384x384x384w16-24-11,384,384,384,16,24,11,16-24-11,00K,3072,11,101504,16,1408,13184,4224,24,2112,384,2112,176,107520
384x384x384w11-48-8,384,384,384,11,48,8,11-48-8,M00,4224,8,98688,11,704,16000,6144,48,3072,384,3072,64,107520
384x384x384w51-8-11,384,384,384,51,8,11,51-8-11,M0K,3264,11,97776,51,4488,16912,1408,8,704,384,704,528,107520
384x384x384w41-8-14,384,384,384,41,8,14,41-8-14,M0K,2624,14,98464,41,4592,16224,1792,8,896,320,896,560,107520
384x384x384w12-32-11,384,384,384,12,32,11,12-32-11,00K,3072,11,100800,12,1056,13888,5632,32,2816,256,2816,88,107520
384x384x384w40-8-14,384,384,384,40,8,14,40-8-14,M0K,2560,14,98816,40,4480,15872,1792,8,896,320,896,560,107520
384x384x384w27-8-21,384,384,384,27,8,21,27-8-21,M0K,1728,21,99472,27,4536,15216,2688,8,1344,192,1344,504,107616
384x384x384w10-40-11,384,384,384,10,40,11,10-40-11,MNK,3200,11,99488,10,880,15200,7040,40,3520,320,3520,88,107800
384x384x384w21-8-26,384,384,384,21,8,26,21-8-26,M0K,1344,26,99936,21,4368,14752,3328,8,1664,128,1664,416,108000
384x384x384w21-8-27,384,384,384,21,8,27,21-8-27,M0K,1344,27,99472,21,4536,15216,3456,8,1728,128,1728,432,108000
384x384x384w21-16-13,384,384,384,21,16,13,21-16-13,M0K,2688,13,101616,21,2184,13072,3328,16,1664,256,1664,208,108000
384x384x384w10-24-18,384,384,384,10,24,18,10-24-18,M0K,1920,18,101056,10,1440,13632,6912,24,3456,192,3456,144,108416
384x384x384w18-8-30,384,384,384,18,8,30,18-8-30,M0K,1152,30,99904,18,4320,14784,3840,8,1920,128,1920,480,108576
384x384x384w18-8-31,384,384,384,18,8,31,18-8-31,M0K,1152,31,99488,18,4464,15200,3968,8,1984,128,1984,496,108576
384x384x384w18-24-10,384,384,384,18,24,10,18-24-10,M0K,3456,10,101056,18,1440,13632,3840,24,1920,384,1920,160,108576
384x384x384w18-16-15,384,384,384,18,16,15,18-16-15,M0K,2304,15,101920,18,2160,12768,3840,16,1920,256,1920,240,108576
384x384x384w13-16-21,384,384,384,13,16,21,13-16-21,M0K,1664,21,101616,13,2184,13072,5376,16,2688,128,2688,168,108984
384x384x384w11-40-10,384,384,384,11,40,10,11-40-10,MNK,3520,10,99488,11,880,15200,6400,40,3200,320,3200,80,109200
384x384x384w9-24-20,384,384,384,9,24,20,9-24-20,M0K,1728,20,100672,9,1440,14016,7680,24,3840,192,3840,160,109440
384x384x384w9-40-12,384,384,384,9,40,12,9-40-12,MN0,2880,12,99520,9,864,15168,7680,40,3840,320,3840,96,109440
384x384x384w26-8-21,384,384,384,26,8,21,26-8-21,M0K,1664,21,99936,26,4368,14752,2688,8,1344,192,1344,504,109440
384x384x384w15-8-35,384,384,384,15,8,35,15-8-35,M0K,960,35,99888,15,4200,14800,4480,8,2240,64,2240,280,109824
384x384x384w36-8-15,384,384,384,36,8,15,36-8-15,M0K,2304,15,99520,36,4320,15168,1920,8,960,256,960,480,109824
384x384x384w15-8-37,384,384,384,15,8,37,15-8-37,M0K,960,37,99152,15,4440,15536,4736,8,2368,64,2368,296,109824
384x384x384w37-8-15,384,384,384,37,8,15,37-8-15,M0K,2368,15,99152,37,4440,15536,1920,8,960,256,960,480,109824
384x384x384w15-16-18,384,384,384,15,16,18,15-16-18,M0K,1920,18,101920,15,2160,12768,4608,16,2304,128,2304,144,109824
384x384x384w35-8-15,384,384,384,35,8,15,35-8-15,M0K,2240,15,99888,35,4200,14800,1920,8,960,256,960,480,109824
384x384x384w31-8-18,384,384,384,31,8,18,31-8-18,M0K,1984,18,99488,31,4464,15200,2304,8,1152,192,1152,432,109824
384x384x384w30-8-18,384,384,384,30,8,18,30-8-18,M0K,1920,18,99904,30,4320,14784,2304,8,1152,192,1152,432,109824
384x384x384w15-8-38,384,384,384,15,8,38,15-8-38,M0K,960,38,98784,15,4560,15904,4864,8,2432,64,2432,304,109824
384x384x384w15-8-36,384,384,384,15,8,36,15-8-36,M0K,960,36,99520,15,4320,15168,4608,8,2304,64,2304,288,109824
384x384x384w12-40-9,384,384,384,12,40,9,12-40-9,0NK,3840,9,99520,12,864,15168,5760,40,2880,320,2880,72,110080
384x384x384w19-16-14,384,384,384,19,16,14,19-16-14,M0K,2432,14,101984,19,2128,12704,3584,16,1792,256,1792,224,110208
384x384x384w19-8-29,384,384,384,19,8,29,19-8-29,M0K,1216,29,99728,19,4408,14960,3712,8,1856,128,1856,464,110208
384x384x384w19-8-28,384,384,384,19,8,28,19-8-28,M0K,1216,28,100160,19,4256,14528,3584,8,1792,128,1792,448,110208
384x384x384w27-16-10,384,384,384,27,16,10,27-16-10,M0K,3456,10,100896,27,2160,13792,2560,16,1280,384,1280,240,110448
384x384x384w69-8-8,384,384,384,69,8,8,69-8-8,M00,4416,8,96000,69,4416,18688,1024,8,512,512,512,512,110592
384x384x384w16-8-33,384,384,384,16,8,33,16-8-33,00K,1024,33,99968,16,4224,14720,4224,8,2112,128,2112,528,110592
384x384x384w8-64-8,384,384,384,8,64,8,8-64-8,000,4096,8,97280,8,512,17408,8192,64,4096,512,4096,64,110592
384x384x384w16-16-16,384,384,384,16,16,16,16-16-16,000,2048,16,102400,16,2048,12288,4096,16,2048,256,2048,256,110592
384x384x384w66-8-8,384,384,384,66,8,8,66-8-8,M00,4224,8,96768,66,4224,17920,1024,8,512,512,512,512,110592
384x384x384w68-8-8,384,384,384,68,8,8,68-8-8,M00,4352,8,96256,68,4352,18432,1024,8,512,512,512,512,110592
384x384x384w32-16-8,384,384,384,32,16,8,32-16-8,000,4096,8,100352,32,2048,14336,2048,16,1024,512,1024,256,110592
384x384x384w16-8-32,384,384,384,16,8,32,16-8-32,000,1024,32,100352,16,4096,14336,4096,8,2048,128,2048,512,110592
384x384x384w8-16-34,384,384,384,8,16,34,8-16-34,00K,1024,34,99584,8,2176,15104,8704,16,4352,128,4352,272,110592
384x384x384w72-8-8,384,384,384,72,8,8,72-8-8,M00,4608,8,95232,72,4608,19456,1024,8,512,576,512,576,110592
384x384x384w12-8-44,384,384,384,12,8,44,12-8-44,00K,768,44,99072,12,4224,15616,5632,8,2816,64,2816,352,110592
384x384x384w67-8-8,384,384,384,67,8,8,67-8-8,M00,4288,8,96512,67,4288,18176,1024,8,512,512,512,512,110592
384x384x384w8-8-67,384,384,384,8,8,67,8-8-67,00K,512,67,96512,8,4288,18176,8576,8,4288,64,4288,536,110592
384x384x384w12-16-22,384,384,384,12,16,22,12-16-22,00K,1536,22,101760,12,2112,12928,5632,16,2816,128,2816,176,110592
384x384x384w8-8-72,384,384,384,8,8,72,8-8-72,00K,512,72,95232,8,4608,19456,9216,8,4608,64,4608,576,110592
384x384x384w75-8-8,384,384,384,75,8,8,75-8-8,M00,4800,8,94464,75,4800,20224,1024,8,512,576,512,576,110592
384x384x384w24-8-22,384,384,384,24,8,22,24-8-22,00K,1536,22,100352,24,4224,14336,2816,8,1408,192,1408,528,110592
384x384x384w71-8-8,384,384,384,71,8,8,71-8-8,M00,4544,8,95488,71,4544,19200,1024,8,512,512,512,512,110592
384x384x384w22-8-25,384,384,384,22,8,25,22-8-25,M0K,1408,25,99872,22,4400,14816,3200,8,1600,128,1600,400,110592
384x384x384w16-8-34,384,384,384,16,8,34,16-8-34,00K,1024,34,99584,16,4352,15104,4352,8,2176,128,2176,544,110592
384x384x384w8-16-33,384,384,384,8,16,33,8-16-33,00K,1024,33,99968,8,2112,14720,8448,16,4224,128,4224,264,110592
384x384x384w32-8-16,384,384,384,32,8,16,32-8-16,000,2048,16,100352,32,4096,14336,2048,8,1024,256,1024,512,110592
384x384x384w45-8-12,384,384,384,45,8,12,45-8-12,M00,2880,12,98752,45,4320,15936,1536,8,768,320,768,480,110592
384x384x384w12-8-46,384,384,384,12,8,46,12-8-46,00K,768,46,98432,12,4416,16256,5888,8,2944,64,2944,368,110592
384x384x384w22-8-24,384,384,384,22,8,24,22-8-24,M00,1408,24,100352,22,4224,14336,3072,8,1536,128,1536,384,110592
384x384x384w44-8-12,384,384,384,44,8,12,44-8-12,M00,2816,12,99072,44,4224,15616,1536,8,768,320,768,480,110592
384x384x384w34-8-16,384,384,384,34,8,16,34-8-16,M00,2176,16,99584,34,4352,15104,2048,8,1024,256,1024,512,110592
384x384x384w8-8-68,384,384,384,8,8,68,8-8-68,00K,512,68,96256,8,4352,18432,8704,8,4352,64,4352,544,110592
384x384x384w70-8-8,384,384,384,70,8,8,70-8-8,M00,4480,8,95744,70,4480,18944,1024,8,512,512,512,512,110592
384x384x384w8-8-75,384,384,384,8,8,75,8-8-75,00K,512,75,94464,8,4800,20224,9600,8,4800,64,4800,600,110592
384x384x384w64-8-8,384,384,384,64,8,8,64-8-8,000,4096,8,97280,64,4096,17408,1024,8,512,512,512,512,110592
384x384x384w12-8-43,384,384,384,12,8,43,12-8-43,00K,768,43,99392,12,4128,15296,5504,8,2752,64,2752,344,110592
384x384x384w22-16-12,384,384,384,22,16,12,22-16-12,M00,2816,12,101760,22,2112,12928,3072,16,1536,256,1536,192,110592
384x384x384w22-24-8,384,384,384,22,24,8,22-24-8,M00,4224,8,100352,22,1408,14336,3072,24,1536,384,1536,128,110592
384x384x384w8-8-76,384,384,384,8,8,76,8-8-76,00K,512,76,94208,8,4864,20480,9728,8,4864,64,4864,608,110592
384x384x384w12-8-45,384,384,384,12,8,45,12-8-45,00K,768,45,98752,12,4320,15936,5760,8,2880,64,2880,360,110592
384x384x384w74-8-8,384,384,384,74,8,8,74-8-8,M00,4736,8,94720,74,4736,19968,1024,8,512,576,512,576,110592
384x384x384w8-8-69,384,384,384,8,8,69,8-8-69,00K,512,69,96000,8,4416,18688,8832,8,4416,64,4416,552,110592
384x384x384w43-8-12,384,384,384,43,8,12,43-8-12,M00,2752,12,99392,43,4128,15296,1536,8,768,320,768,480,110592
384x384x384w33-16-8,384,384,384,33,16,8,33-16-8,M00,4224,8,99968,33,2112,14720,2048,16,1024,512,1024,256,110592
384x384x384w8-8-70,384,384,384,8,8,70,8-8-70,00K,512,70,95744,8,4480,18944,8960,8,4480,64,4480,560,110592
384x384x384w16-32-8,384,384,384,16,32,8,16-32-8,000,4096,8,100352,16,1024,14336,4096,32,2048,512,2048,128,110592
384x384x384w12-8-47,384,384,384,12,8,47,12-8-47,00K,768,47,98112,12,4512,16576,6016,8,3008,64,3008,376,110592
384x384x384w46-8-12,384,384,384,46,8,12,46-8-12,M00,2944,12,98432,46,4416,16256,1536,8,768,320,768,480,110592
384x384x384w33-8-16,384,384,384,33,8,16,33-8-16,M00,2112,16,99968,33,4224,14720,2048,8,1024,256,1024,512,110592
384x384x384w8-24-22,384,384,384,8,24,22,8-24-22,00K,1536,22,100352,8,1408,14336,8448,24,4224,192,4224,176,110592
384x384x384w8-16-32,384,384,384,8,16,32,8-16-32,000,1024,32,100352,8,2048,14336,8192,16,4096,128,4096,256,110592
384x384x384w8-32-16,384,384,384,8,32,16,8-32-16,000,2048,16,100352,8,1024,14336,8192,32,4096,256,4096,128,110592
384x384x384w47-8-12,384,384,384,47,8,12,47-8-12,M00,3008,12,98112,47,4512,16576,1536,8,768,320,768,480,110592
384x384x384w34-16-8,384,384,384,34,16,8,34-16-8,M00,4352,8,99584,34,2176,15104,2048,16,1024,512,1024,256,110592
384x384x384w8-8-74,384,384,384,8,8,74,8-8-74,00K,512,74,94720,8,4736,19968,9472,8,4736,64,4736,592,110592
384x384x384w8-8-73,384,384,384,8,8,73,8-8-73,00K,512,73,94976,8,4672,19712,9344,8,4672,64,4672,584,110592
384x384x384w8-8-71,384,384,384,8,8,71,8-8-71,00K,512,71,95488,8,4544,19200,9088,8,4544,64,4544,568,110592
384x384x384w8-72-8,384,384,384,8,72,8,8-72-8,0N0,4608,8,95232,8,512,19456,9216,72,4608,576,4608,64,110592
384x384x384w8-8-66,384,384,384,8,8,66,8-8-66,00K,512,66,96768,8,4224,17920,8448,8,4224,64,4224,528,110592
384x384x384w25-8-22,384,384,384,25,8,22,25-8-22,M0K,1600,22,99872,25,4400,14816,2816,8,1408,192,1408,528,110592
384x384x384w8-8-64,384,384,384,8,8,64,8-8-64,000,512,64,97280,8,4096,17408,8192,8,4096,64,4096,512,110592
384x384x384w73-8-8,384,384,384,73,8,8,73-8-8,M00,4672,8,94976,73,4672,19712,1024,8,512,576,512,576,110592
384x384x384w8-8-65,384,384,384,8,8,65,8-8-65,00K,512,65,97024,8,4160,17664,8320,8,4160,64,4160,520,110592
384x384x384w65-8-8,384,384,384,65,8,8,65-8-8,M00,4160,8,97024,65,4160,17664,1024,8,512,512,512,512,110592
384x384x384w10-16-27,384,384,384,10,16,27,10-16-27,M0K,1280,27,100896,10,2160,13792,6912,16,3456,128,3456,216,110880
384x384x384w10-32-13,384,384,384,10,32,13,10-32-13,M0K,2560,13,100832,10,1040,13856,6656,32,3328,256,3328,104,110880
384x384x384w10-16-26,384,384,384,10,16,26,10-16-26,M0K,1280,26,101312,10,2080,13376,6656,16,3328,128,3328,208,110880
384x384x384w23-8-23,384,384,384,23,8,23,23-8-23,M0K,1472,23,100336,23,4232,14352,2944,8,1472,128,1472,368,110976
384x384x384w63-8-9,384,384,384,63,8,9,63-8-9,M0K,4032,9,96400,63,4536,18288,1152,8,576,448,576,504,111456
384x384x384w13-32-10,384,384,384,13,32,10,13-32-10,M0K,3328,10,100832,13,1040,13856,5120,32,2560,256,2560,80,111852
384x384x384w14-16-19,384,384,384,14,16,19,14-16-19,M0K,1792,19,101984,14,2128,12704,4864,16,2432,128,2432,152,111888
384x384x384w29-8-19,384,384,384,29,8,19,29-8-19,M0K,1856,19,99728,29,4408,14960,2432,8,1216,192,1216,456,111888
384x384x384w20-16-13,384,384,384,20,16,13,20-16-13,M0K,2560,13,102080,20,2080,12608,3328,16,1664,256,1664,208,112320
384x384x384w20-8-27,384,384,384,20,8,27,20-8-27,M0K,1280,27,100032,20,4320,14656,3456,8,1728,128,1728,432,112320
384x384x384w20-8-26,384,384,384,20,8,26,20-8-26,M0K,1280,26,100480,20,4160,14208,3328,8,1664,128,1664,416,112320
384x384x384w42-8-13,384,384,384,42,8,13,42-8-13,M0K,2688,13,98912,42,4368,15776,1664,8,832,320,832,520,112320
384x384x384w26-16-10,384,384,384,26,16,10,26-16-10,M0K,3328,10,101312,26,2080,13376,2560,16,1280,384,1280,240,112320
384x384x384w19-24-9,384,384,384,19,24,9,19-24-9,M0K,3648,9,101200,19,1368,13488,3456,24,1728,384,1728,144,112832
384x384x384w28-8-19,384,384,384,28,8,19,28-8-19,M0K,1792,19,100160,28,4256,14528,2432,8,1216,192,1216,456,112896
384x384x384w38-8-14,384,384,384,38,8,14,38-8-14,M0K,2432,14,99520,38,4256,15168,1792,8,896,256,896,448,112896
384x384x384w27-8-20,384,384,384,27,8,20,27-8-20,M0K,1728,20,100032,27,4320,14656,2560,8,1280,192,1280,480,113280
384x384x384w10-24-17,384,384,384,10,24,17,10-24-17,M0K,1920,17,101600,10,1360,13088,6528,24,3264,192,3264,136,113344
384x384x384w14-24-12,384,384,384,14,24,12,14-24-12,M00,2688,12,102016,14,1344,12672,4608,24,2304,192,2304,96,113664
384x384x384w23-16-11,384,384,384,23,16,11,23-16-11,M0K,2944,11,101936,23,2024,12752,2816,16,1408,256,1408,176,114240
384x384x384w11-16-23,384,384,384,11,16,23,11-16-23,M0K,1408,23,101936,11,2024,12752,5888,16,2944,128,2944,184,114240
384x384x384w14-32-9,384,384,384,14,32,9,14-32-9,M0K,3584,9,100896,14,1008,13792,4608,32,2304,256,2304,72,114552
384x384x384w29-16-9,384,384,384,29,16,9,29-16-9,M0K,3712,9,100784,29,2088,13904,2304,16,1152,384,1152,216,114552
384x384x384w12-24-14,384,384,384,12,24,14,12-24-14,00K,2304,14,102016,12,1344,12672,5376,24,2688,192,2688,112,114688
384x384x384w13-16-20,384,384,384,13,16,20,13-16-20,M0K,1664,20,102080,13,2080,12608,5120,16,2560,128,2560,160,114720
384x384x384w13-24-13,384,384,384,13,24,13,13-24-13,M0K,2496,13,102000,13,1352,12688,4992,24,2496,192,2496,104,114720
384x384x384w13-8-40,384,384,384,13,8,40,13-8-40,M0K,832,40,99584,13,4160,15104,5120,8,2560,64,2560,320,114720
384x384x384w13-8-41,384,384,384,13,8,41,13-8-41,M0K,832,41,99248,13,4264,15440,5248,8,2624,64,2624,328,114720
384x384x384w13-8-39,384,384,384,13,8,39,13-8-39,M0K,832,39,99920,13,4056,14768,4992,8,2496,64,2496,312,114720
384x384x384w13-8-42,384,384,384,13,8,42,13-8-42,M0K,832,42,98912,13,4368,15776,5376,8,2688,64,2688,336,114720
384x384x384w13-40-8,384,384,384,13,40,8,13-40-8,MN0,4160,8,99584,13,832,15104,5120,40,2560,320,2560,64,114720
384x384x384w17-24-10,384,384,384,17,24,10,17-24-10,M0K,3264,10,101600,17,1360,13088,3840,24,1920,384,1920,160,114816
384x384x384w31-8-17,384,384,384,31,8,17,31-8-17,M0K,1984,17,100112,31,4216,14576,2176,8,1088,192,1088,408,114816
384x384x384w17-8-30,384,384,384,17,8,30,17-8-30,M0K,1088,30,100512,17,4080,14176,3840,8,1920,128,1920,480,114816
384x384x384w15-16-17,384,384,384,15,16,17,15-16-17,M0K,1920,17,102416,15,2040,12272,4352,16,2176,128,2176,136,114816
384x384x384w30-8-17,384,384,384,30,8,17,30-8-17,M0K,1920,17,100512,30,4080,14176,2176,8,1088,192,1088,408,114816
384x384x384w17-16-15,384,384,384,17,16,15,17-16-15,M0K,2176,15,102416,17,2040,12272,3840,16,1920,256,1920,240,114816
384x384x384w17-8-31,384,384,384,17,8,31,17-8-31,M0K,1088,31,100112,17,4216,14576,3968,8,1984,128,1984,496,114816
384x384x384w9-8-57,384,384,384,9,8,57,9-8-57,M0K,576,57,98032,9,4104,16656,7296,8,3648,64,3648,456,114912
384x384x384w9-16-29,384,384,384,9,16,29,9-16-29,M0K,1152,29,100784,9,2088,13904,7424,16,3712,128,3712,232,114912
384x384x384w9-8-62,384,384,384,9,8,62,9-8-62,M0K,576,62,96672,9,4464,18016,7936,8,3968,64,3968,496,114912
384x384x384w9-8-63,384,384,384,9,8,63,9-8-63,M0K,576,63,96400,9,4536,18288,8064,8,4032,64,4032,504,114912
384x384x384w9-8-61,384,384,384,9,8,61,9-8-61,M0K,576,61,96944,9,4392,17744,7808,8,3904,64,3904,488,114912
384x384x384w9-16-28,384,384,384,9,16,28,9-16-28,M0K,1152,28,101184,9,2016,13504,7168,16,3584,128,3584,224,114912
384x384x384w9-56-8,384,384,384,9,56,8,9-56-8,MN0,4032,8,98304,9,576,16384,7168,56,3584,448,3584,64,114912
384x384x384w9-24-19,384,384,384,9,24,19,9-24-19,M0K,1728,19,101200,9,1368,13488,7296,24,3648,192,3648,152,114912
384x384x384w9-8-55,384,384,384,9,8,55,9-8-55,M0K,576,55,98576,9,3960,16112,7040,8,3520,64,3520,440,114912
384x384x384w9-8-60,384,384,384,9,8,60,9-8-60,M0K,576,60,97216,9,4320,17472,7680,8,3840,64,3840,480,114912
384x384x384w9-8-58,384,384,384,9,8,58,9-8-58,M0K,576,58,97760,9,4176,16928,7424,8,3712,64,3712,464,114912
384x384x384w9-32-14,384,384,384,9,32,14,9-32-14,M0K,2304,14,100896,9,1008,13792,7168,32,3584,256,3584,112,114912
384x384x384w9-8-56,384,384,384,9,8,56,9-8-56,M0K,576,56,98304,9,4032,16384,7168,8,3584,64,3584,448,114912
384x384x384w9-8-59,384,384,384,9,8,59,9-8-59,M0K,576,59,97488,9,4248,17200,7552,8,3776,64,3776,472,114912
384x384x384w39-8-13,384,384,384,39,8,13,39-8-13,M0K,2496,13,99920,39,4056,14768,1664,8,832,256,832,416,115200
384x384x384w21-8-24,384,384,384,21,8,24,21-8-24,M00,1344,24,100864,21,4032,13824,3072,8,1536,128,1536,384,115200
384x384x384w41-8-13,384,384,384,41,8,13,41-8-13,M0K,2624,13,99248,41,4264,15440,1664,8,832,320,832,520,115200
384x384x384w26-8-20,384,384,384,26,8,20,26-8-20,M0K,1664,20,100480,26,4160,14208,2560,8,1280,192,1280,480,115200
384x384x384w21-16-12,384,384,384,21,16,12,21-16-12,M00,2688,12,102208,21,2016,12480,3072,16,1536,256,1536,192,115200
384x384x384w8-40-13,384,384,384,8,40,13,8-40-13,0NK,2560,13,99584,8,832,15104,8320,40,4160,320,4160,104,115200
384x384x384w21-24-8,384,384,384,21,24,8,21-24-8,M00,4032,8,100864,21,1344,13824,3072,24,1536,384,1536,128,115200
384x384x384w40-8-13,384,384,384,40,8,13,40-8-13,M0K,2560,13,99584,40,4160,15104,1664,8,832,320,832,520,115200
384x384x384w21-8-25,384,384,384,21,8,25,21-8-25,M0K,1344,25,100400,21,4200,14288,3200,8,1600,128,1600,400,115200
384x384x384w62-8-9,384,384,384,62,8,9,62-8-9,M0K,3968,9,96672,62,4464,18016,1152,8,576,448,576,504,115584
384x384x384w8-56-9,384,384,384,8,56,9,8-56-9,0NK,3584,9,98304,8,576,16384,8064,56,4032,448,4032,72,115584
384x384x384w58-8-9,384,384,384,58,8,9,58-8-9,M0K,3712,9,97760,58,4176,16928,1152,8,576,448,576,504,115584
384x384x384w61-8-9,384,384,384,61,8,9,61-8-9,M0K,3904,9,96944,61,4392,17744,1152,8,576,448,576,504,115584
384x384x384w55-8-9,384,384,384,55,8,9,55-8-9,M0K,3520,9,98576,55,3960,16112,1152,8,576,384,576,432,115584
384x384x384w59-8-9,384,384,384,59,8,9,59-8-9,M0K,3776,9,97488,59,4248,17200,1152,8,576,448,576,504,115584
384x384x384w28-16-9,384,384,384,28,16,9,28-16-9,M0K,3584,9,101184,28,2016,13504,2304,16,1152,384,1152,216,115584
384x384x384w57-8-9,384,384,384,57,8,9,57-8-9,M0K,3648,9,98032,57,4104,16656,1152,8,576,448,576,504,115584
384x384x384w56-8-9,384,384,384,56,8,9,56-8-9,M0K,3584,9,98304,56,4032,16384,1152,8,576,448,576,504,115584
384x384x384w60-8-9,384,384,384,60,8,9,60-8-9,M0K,3840,9,97216,60,4320,17472,1152,8,576,448,576,504,115584
384x384x384w54-8-10,384,384,384,54,8,10,54-8-10,M0K,3456,10,97856,54,4320,16832,1280,8,640,384,640,480,116064
384x384x384w11-24-15,384,384,384,11,24,15,11-24-15,M0K,2112,15,102064,11,1320,12624,5760,24,2880,192,2880,120,116480
384x384x384w15-24-11,384,384,384,15,24,11,15-24-11,M0K,2880,11,102064,15,1320,12624,4224,24,2112,192,2112,88,116480
384x384x384w8-24-21,384,384,384,8,24,21,8-24-21,00K,1536,21,100864,8,1344,13824,8064,24,4032,192,4032,168,116736
384x384x384w12-16-21,384,384,384,12,16,21,12-16-21,00K,1536,21,102208,12,2016,12480,5376,16,2688,128,2688,168,116736
384x384x384w24-8-21,384,384,384,24,8,21,24-8-21,00K,1536,21,100864,24,4032,13824,2688,8,1344,192,1344,504,116736
384x384x384w25-8-21,384,384,384,25,8,21,25-8-21,M0K,1600,21,100400,25,4200,14288,2688,8,1344,192,1344,504,116736
384x384x384w18-16-14,384,384,384,18,16,14,18-16-14,M0K,2304,14,102464,18,2016,12224,3584,16,1792,256,1792,224,116928
384x384x384w18-8-28,384,384,384,18,8,28,18-8-28,M0K,1152,28,100736,18,4032,13952,3584,8,1792,128,1792,448,116928
384x384x384w18-8-29,384,384,384,18,8,29,18-8-29,M0K,1152,29,100320,18,4176,14368,3712,8,1856,128,1856,464,116928
384x384x384w14-8-37,384,384,384,14,8,37,14-8-37,M0K,896,37,99872,14,4144,14816,4736,8,2368,64,2368,296,117216
384x384x384w14-16-18,384,384,384,14,16,18,14-16-18,M0K,1792,18,102464,14,2016,12224,4608,16,2304,128,2304,144,117216
384x384x384w29-8-18,384,384,384,29,8,18,29-8-18,M0K,1856,18,100320,29,4176,14368,2304,8,1152,192,1152,432,117216
384x384x384w14-8-36,384,384,384,14,8,36,14-8-36,M0K,896,36,100224,14,4032,14464,4608,8,2304,64,2304,288,117216
384x384x384w14-8-35,384,384,384,14,8,35,14-8-35,M0K,896,35,100576,14,3920,14112,4480,8,2240,64,2240,280,117216
384x384x384w14-8-38,384,384,384,14,8,38,14-8-38,M0K,896,38,99520,14,4256,15168,4864,8,2432,64,2432,304,117216
384x384x384w22-8-23,384,384,384,22,8,23,22-8-23,M0K,1408,23,100832,22,4048,13856,2944,8,1472,128,1472,368,117504
384x384x384w23-8-22,384,384,384,23,8,22,23-8-22,M0K,1472,22,100832,23,4048,13856,2816,8,1408,128,1408,352,117504
384x384x384w11-32-11,384,384,384,11,32,11,11-32-11,M0K,2816,11,101488,11,968,13200,5632,32,2816,256,2816,88,117600
384x384x384w9-48-9,384,384,384,9,48,9,9-48-9,M0K,3456,9,99568,9,648,15120,6912,48,3456,384,3456,72,117648
384x384x384w19-16-13,384,384,384,19,16,13,19-16-13,M0K,2432,13,102544,19,1976,12144,3328,16,1664,256,1664,208,118080
384x384x384w19-8-27,384,384,384,19,8,27,19-8-27,M0K,1216,27,100592,19,4104,14096,3456,8,1728,128,1728,432,118080
384x384x384w19-8-26,384,384,384,19,8,26,19-8-26,M0K,1216,26,101024,19,3952,13664,3328,8,1664,128,1664,416,118080
384x384x384w10-8-50,384,384,384,10,8,50,10-8-50,M0K,640,50,99008,10,4000,15680,6400,8,3200,64,3200,400,118272
384x384x384w10-8-49,384,384,384,10,8,49,10-8-49,M0K,640,49,99296,10,3920,15392,6272,8,3136,64,3136,392,118272
384x384x384w10-8-54,384,384,384,10,8,54,10-8-54,M0K,640,54,97856,10,4320,16832,6912,8,3456,64,3456,432,118272
384x384x384w10-48-8,384,384,384,10,48,8,10-48-8,M00,3840,8,99584,10,640,15104,6144,48,3072,384,3072,64,118272
384x384x384w10-8-53,384,384,384,10,8,53,10-8-53,M0K,640,53,98144,10,4240,16544,6784,8,3392,64,3392,424,118272
384x384x384w28-8-18,384,384,384,28,8,18,28-8-18,M0K,1792,18,100736,28,4032,13952,2304,8,1152,192,1152,432,118272
384x384x384w10-16-25,384,384,384,10,16,25,10-16-25,M0K,1280,25,101728,10,2000,12960,6400,16,3200,128,3200,200,118272
384x384x384w37-8-14,384,384,384,37,8,14,37-8-14,M0K,2368,14,99872,37,4144,14816,1792,8,896,256,896,448,118272
384x384x384w36-8-14,384,384,384,36,8,14,36-8-14,M0K,2304,14,100224,36,4032,14464,1792,8,896,256,896,448,118272
384x384x384w10-8-52,384,384,384,10,8,52,10-8-52,M0K,640,52,98432,10,4160,16256,6656,8,3328,64,3328,416,118272
384x384x384w10-16-24,384,384,384,10,16,24,10-16-24,M00,1280,24,102144,10,1920,12544,6144,16,3072,128,3072,192,118272
384x384x384w10-24-16,384,384,384,10,24,16,10-24-16,M00,1920,16,102144,10,1280,12544,6144,24,3072,192,3072,128,118272
384x384x384w10-32-12,384,384,384,10,32,12,10-32-12,M00,2560,12,101504,10,960,13184,6144,32,3072,256,3072,96,118272
384x384x384w35-8-14,384,384,384,35,8,14,35-8-14,M0K,2240,14,100576,35,3920,14112,1792,8,896,256,896,448,118272
384x384x384w10-8-51,384,384,384,10,8,51,10-8-51,M0K,640,51,98720,10,4080,15968,6528,8,3264,64,3264,408,118272
384x384x384w10-8-48,384,384,384,10,8,48,10-8-48,M00,640,48,99584,10,3840,15104,6144,8,3072,64,3072,384,118272
384x384x384w27-8-19,384,384,384,27,8,19,27-8-19,M0K,1728,19,100592,27,4104,14096,2432,8,1216,192,1216,456,118944
384x384x384w9-40-11,384,384,384,9,40,11,9-40-11,MNK,2880,11,100304,9,792,14384,7040,40,3520,320,3520,88,119700
384x384x384w18-24-9,384,384,384,18,24,9,18-24-9,M0K,3456,9,101728,18,1296,12960,3456,24,1728,384,1728,144,119712
384x384x384w16-8-31,384,384,384,16,8,31,16-8-31,00K,1024,31,100736,16,3968,13952,3968,8,1984,128,1984,496,119808
384x384x384w12-32-10,384,384,384,12,32,10,12-32-10,00K,3072,10,101504,12,960,13184,5120,32,2560,256,2560,80,119808
384x384x384w30-16-8,384,384,384,30,16,8,30-16-8,M00,3840,8,101120,30,1920,13568,2048,16,1024,384,1024,192,119808
384x384x384w32-8-15,384,384,384,32,8,15,32-8-15,00K,2048,15,100992,32,3840,13696,1920,8,960,256,960,480,119808
384x384x384w15-8-33,384,384,384,15,8,33,15-8-33,M0K,960,33,100624,15,3960,14064,4224,8,2112,64,2112,264,119808
384x384x384w8-16-30,384,384,384,8,16,30,8-16-30,00K,1024,30,101120,8,1920,13568,7680,16,3840,128,3840,240,119808
384x384x384w42-8-12,384,384,384,42,8,12,42-8-12,M00,2688,12,99712,42,4032,14976,1536,8,768,320,768,480,119808
384x384x384w20-24-8,384,384,384,20,24,8,20-24-8,M00,3840,8,101376,20,1280,13312,3072,24,1536,384,1536,128,119808
384x384x384w8-32-15,384,384,384,8,32,15,8-32-15,00K,2048,15,100992,8,960,13696,7680,32,3840,256,3840,120,119808
384x384x384w16-24-10,384,384,384,16,24,10,16-24-10,00K,3072,10,102144,16,1280,12544,3840,24,1920,384,1920,160,119808
384x384x384w15-32-8,384,384,384,15,32,8,15-32-8,M00,3840,8,100992,15,960,13696,4096,32,2048,256,2048,64,119808
384x384x384w8-48-10,384,384,384,8,48,10,8-48-10,00K,3072,10,99584,8,640,15104,7680,48,3840,384,3840,80,119808
384x384x384w20-16-12,384,384,384,20,16,12,20-16-12,M00,2560,12,102656,20,1920,12032,3072,16,1536,256,1536,192,119808
384x384x384w15-8-32,384,384,384,15,8,32,15-8-32,M00,960,32,100992,15,3840,13696,4096,8,2048,64,2048,256,119808
384x384x384w20-8-24,384,384,384,20,8,24,20-8-24,M00,1280,24,101376,20,3840,13312,3072,8,1536,128,1536,384,119808
384x384x384w16-8-30,384,384,384,16,8,30,16-8-30,00K,1024,30,101120,16,3840,13568,3840,8,1920,128,1920,480,119808
384x384x384w20-8-25,384,384,384,20,8,25,20-8-25,M0K,1280,25,100928,20,4000,13760,3200,8,1600,128,1600,400,119808
384x384x384w52-8-10,384,384,384,52,8,10,52-8-10,M0K,3328,10,98432,52,4160,16256,1280,8,640,384,640,480,119808
384x384x384w16-16-15,384,384,384,16,16,15,16-16-15,00K,2048,15,102912,16,1920,11776,3840,16,1920,256,1920,240,119808
384x384x384w33-8-15,384,384,384,33,8,15,33-8-15,M0K,2112,15,100624,33,3960,14064,1920,8,960,256,960,480,119808
384x384x384w34-8-15,384,384,384,34,8,15,34-8-15,M0K,2176,15,100256,34,4080,14432,1920,8,960,256,960,480,119808
384x384x384w48-8-10,384,384,384,48,8,10,48-8-10,00K,3072,10,99584,48,3840,15104,1280,8,640,384,640,480,119808
384x384x384w51-8-10,384,384,384,51,8,10,51-8-10,M0K,3264,10,98720,51,4080,15968,1280,8,640,384,640,480,119808
384x384x384w30-8-16,384,384,384,30,8,16,30-8-16,M00,1920,16,101120,30,3840,13568,2048,8,1024,192,1024,384,119808
384x384x384w15-8-34,384,384,384,15,8,34,15-8-34,M0K,960,34,100256,15,4080,14432,4352,8,2176,64,2176,272,119808
384x384x384w50-8-10,384,384,384,50,8,10,50-8-10,M0K,3200,10,99008,50,4000,15680,1280,8,640,384,640,480,119808
384x384x384w31-16-8,384,384,384,31,16,8,31-16-8,M00,3968,8,100736,31,1984,13952,2048,16,1024,384,1024,192,119808
384x384x384w8-16-31,384,384,384,8,16,31,8-16-31,00K,1024,31,100736,8,1984,13952,7936,16,3968,128,3968,248,119808
384x384x384w25-16-10,384,384,384,25,16,10,25-16-10,M0K,3200,10,101728,25,2000,12960,2560,16,1280,384,1280,240,119808
384x384x384w24-16-10,384,384,384,24,16,10,24-16-10,00K,3072,10,102144,24,1920,12544,2560,16,1280,384,1280,240,119808
384x384x384w31-8-16,384,384,384,31,8,16,31-8-16,M00,1984,16,100736,31,3968,13952,2048,8,1024,192,1024,384,119808
384x384x384w49-8-10,384,384,384,49,8,10,49-8-10,M0K,3136,10,99296,49,3920,15392,1280,8,640,384,640,480,119808
384x384x384w53-8-10,384,384,384,53,8,10,53-8-10,M0K,3392,10,98144,53,4240,16544,1280,8,640,384,640,480,119808
384x384x384w15-16-16,384,384,384,15,16,16,15-16-16,M00,1920,16,102912,15,1920,11776,4096,16,2048,128,2048,128,119808
384x384x384w10-40-10,384,384,384,10,40,10,10-40-10,MNK,3200,10,100288,10,800,14400,6400,40,3200,320,3200,80,120120
384x384x384w9-24-18,384,384,384,9,24,18,9-24-18,M0K,1728,18,101728,9,1296,12960,6912,24,3456,192,3456,144,120384
384x384x384w11-40-9,384,384,384,11,40,9,11-40-9,MNK,3520,9,100304,11,792,14384,5760,40,2880,320,2880,72,120400
384x384x384w13-16-19,384,384,384,13,16,19,13-16-19,M0K,1664,19,102544,13,1976,12144,4864,16,2432,128,2432,152,120456
384x384x384w26-8-19,384,384,384,26,8,19,26-8-19,M0K,1664,19,101024,26,3952,13664,2432,8,1216,192,1216,456,120960
384x384x384w47-8-11,384,384,384,47,8,11,47-8-11,M0K,3008,11,98992,47,4136,15696,1408,8,704,320,704,440,120960
384x384x384w44-8-11,384,384,384,44,8,11,44-8-11,M0K,2816,11,99904,44,3872,14784,1408,8,704,320,704,440,120960
384x384x384w11-8-46,384,384,384,11,8,46,11-8-46,M0K,704,46,99296,11,4048,15392,5888,8,2944,64,2944,368,120960
384x384x384w11-8-44,384,384,384,11,8,44,11-8-44,M0K,704,44,99904,11,3872,14784,5632,8,2816,64,2816,352,120960
384x384x384w43-8-11,384,384,384,43,8,11,43-8-11,M0K,2752,11,100208,43,3784,14480,1408,8,704,320,704,440,120960
384x384x384w46-8-11,384,384,384,46,8,11,46-8-11,M0K,2944,11,99296,46,4048,15392,1408,8,704,320,704,440,120960
384x384x384w38-8-13,384,384,384,38,8,13,38-8-13,M0K,2432,13,100256,38,3952,14432,1664,8,832,256,832,416,120960
384x384x384w22-16-11,384,384,384,22,16,11,22-16-11,M0K,2816,11,102368,22,1936,12320,2816,16,1408,256,1408,176,120960
384x384x384w11-8-43,384,384,384,11,8,43,11-8-43,M0K,704,43,100208,11,3784,14480,5504,8,2752,64,2752,344,120960
384x384x384w45-8-11,384,384,384,45,8,11,45-8-11,M0K,2880,11,99600,45,3960,15088,1408,8,704,320,704,440,120960
384x384x384w11-8-45,384,384,384,11,8,45,11-8-45,M0K,704,45,99600,11,3960,15088,5760,8,2880,64,2880,360,120960
384x384x384w11-16-22,384,384,384,11,16,22,11-16-22,M0K,1408,22,102368,11,1936,12320,5632,16,2816,128,2816,176,120960
384x384x384w11-8-47,384,384,384,11,8,47,11-8-47,M0K,704,47,98992,11,4136,15696,6016,8,3008,64,3008,376,120960
384x384x384w27-16-9,384,384,384,27,16,9,27-16-9,M0K,3456,9,101584,27,1944,13104,2304,16,1152,384,1152,216,121776
384x384x384w13-24-12,384,384,384,13,24,12,13-24-12,M00,2496,12,102592,13,1248,12096,4608,24,2304,192,2304,96,122368
384x384x384w21-8-23,384,384,384,21,8,23,21-8-23,M0K,1344,23,101328,21,3864,13360,2944,8,1472,128,1472,368,122400
384x384x384w29-8-17,384,384,384,29,8,17,29-8-17,M0K,1856,17,100912,29,3944,13776,2176,8,1088,192,1088,408,122544
384x384x384w14-16-17,384,384,384,14,16,17,14-16-17,M0K,1792,17,102944,14,1904,11744,4352,16,2176,128,2176,136,122544
384x384x384w12-24-13,384,384,384,12,24,13,12-24-13,00K,2304,13,102592,12,1248,12096,4992,24,2496,192,2496,104,122880
384x384x384w40-8-12,384,384,384,40,8,12,40-8-12,M00,2560,12,100352,40,3840,14336,1536,8,768,320,768,480,122880
384x384x384w8-40-12,384,384,384,8,40,12,8-40-12,0N0,2560,12,100352,8,768,14336,7680,40,3840,320,3840,96,122880
384x384x384w12-8-42,384,384,384,12,8,42,12-8-42,00K,768,42,99712,12,4032,14976,5376,8,2688,64,2688,336,122880
384x384x384w12-8-41,384,384,384,12,8,41,12-8-41,00K,768,41,100032,12,3936,14656,5248,8,2624,64,2624,328,122880
384x384x384w8-24-20,384,384,384,8,24,20,8-24-20,00K,1536,20,101376,8,1280,13312,7680,24,3840,192,3840,160,122880
384x384x384w25-8-20,384,384,384,25,8,20,25-8-20,M0K,1600,20,100928,25,4000,13760,2560,8,1280,192,1280,480,122880
384x384x384w39-8-12,384,384,384,39,8,12,39-8-12,M00,2496,12,100672,39,3744,14016,1536,8,768,256,768,384,122880
384x384x384w12-8-40,384,384,384,12,8,40,12-8-40,00K,768,40,100352,12,3840,14336,5120,8,2560,64,2560,320,122880
384x384x384w12-40-8,384,384,384,12,40,8,12-40-8,0N0,3840,8,100352,12,768,14336,5120,40,2560,320,2560,64,122880
384x384x384w41-8-12,384,384,384,41,8,12,41-8-12,M00,2624,12,100032,41,3936,14656,1536,8,768,320,768,480,122880
384x384x384w12-8-39,384,384,384,12,8,39,12-8-39,00K,768,39,100672,12,3744,14016,4992,8,2496,64,2496,312,122880
384x384x384w24-8-20,384,384,384,24,8,20,24-8-20,00K,1536,20,101376,24,3840,13312,2560,8,1280,192,1280,480,122880
384x384x384w12-16-20,384,384,384,12,16,20,12-16-20,00K,1536,20,102656,12,1920,12032,5120,16,2560,128,2560,160,122880
384x384x384w9-32-13,384,384,384,9,32,13,9-32-13,M0K,2304,13,101552,9,936,13136,6656,32,3328,256,3328,104,123120
384x384x384w9-16-26,384,384,384,9,16,26,9-16-26,M0K,1152,26,101984,9,1872,12704,6656,16,3328,128,3328,208,123120
384x384x384w9-16-27,384,384,384,9,16,27,9-16-27,M0K,1152,27,101584,9,1944,13104,6912,16,3456,128,3456,216,123120
384x384x384w13-32-9,384,384,384,13,32,9,13-32-9,M0K,3328,9,101552,13,936,13136,4608,32,2304,256,2304,72,123324
384x384x384w17-16-14,384,384,384,17,16,14,17-16-14,M0K,2176,14,102944,17,1904,11744,3584,16,1792,256,1792,224,123648
384x384x384w17-8-29,384,384,384,17,8,29,17-8-29,M0K,1088,29,100912,17,3944,13776,3712,8,1856,128,1856,464,123648
384x384x384w17-8-28,384,384,384,17,8,28,17-8-28,M0K,1088,28,101312,17,3808,13376,3584,8,1792,128,1792,448,123648
384x384x384w28-8-17,384,384,384,28,8,17,28-8-17,M0K,1792,17,101312,28,3808,13376,2176,8,1088,192,1088,408,123648
384x384x384w26-16-9,384,384,384,26,16,9,26-16-9,M0K,3328,9,101984,26,1872,12704,2304,16,1152,384,1152,216,123840
384x384x384w23-8-21,384,384,384,23,8,21,23-8-21,M0K,1472,21,101328,23,3864,13360,2688,8,1344,128,1344,336,124032
384x384x384w14-24-11,384,384,384,14,24,11,14-24-11,M0K,2688,11,102624,14,1232,12064,4224,24,2112,192,2112,88,124320
384x384x384w22-8-22,384,384,384,22,8,22,22-8-22,M0K,1408,22,101312,22,3872,13376,2816,8,1408,128,1408,352,124416
384x384x384w63-8-8,384,384,384,63,8,8,63-8-8,M00,4032,8,97536,63,4032,17152,1024,8,512,448,512,448,124416
384x384x384w27-8-18,384,384,384,27,8,18,27-8-18,M0K,1728,18,101152,27,3888,13536,2304,8,1152,192,1152,432,124608
384x384x384w18-16-13,384,384,384,18,16,13,18-16-13,M0K,2304,13,103008,18,1872,11680,3328,16,1664,256,1664,208,125280
384x384x384w18-8-26,384,384,384,18,8,26,18-8-26,M0K,1152,26,101568,18,3744,13120,3328,8,1664,128,1664,416,125280
384x384x384w18-8-27,384,384,384,18,8,27,18-8-27,M0K,1152,27,101152,18,3888,13536,3456,8,1728,128,1728,432,125280
384x384x384w11-24-14,384,384,384,11,24,14,11-24-14,M0K,2112,14,102624,11,1232,12064,5376,24,2688,192,2688,112,125440
384x384x384w10-16-23,384,384,384,10,16,23,10-16-23,M0K,1280,23,102560,10,1840,12128,5888,16,2944,128,2944,184,125664
384x384x384w9-24-17,384,384,384,9,24,17,9-24-17,M0K,1728,17,102256,9,1224,12432,6528,24,3264,192,3264,136,125856
384x384x384w19-16-12,384,384,384,19,16,12,19-16-12,M00,2432,12,103104,19,1824,11584,3072,16,1536,256,1536,192,125952
384x384x384w19-8-25,384,384,384,19,8,25,19-8-25,M0K,1216,25,101456,19,3800,13232,3200,8,1600,128,1600,400,125952
384x384x384w19-24-8,384,384,384,19,24,8,19-24-8,M00,3648,8,101888,19,1216,12800,3072,24,1536,384,1536,128,125952
384x384x384w19-8-24,384,384,384,19,8,24,19-8-24,M00,1216,24,101888,19,3648,12800,3072,8,1536,128,1536,384,125952
384x384x384w21-16-11,384,384,384,21,16,11,21-16-11,M0K,2688,11,102800,21,1848,11888,2816,16,1408,256,1408,176,126000
384x384x384w13-8-37,384,384,384,13,8,37,13-8-37,M0K,832,37,100592,13,3848,14096,4736,8,2368,64,2368,296,126192
384x384x384w13-8-36,384,384,384,13,8,36,13-8-36,M0K,832,36,100928,13,3744,13760,4608,8,2304,64,2304,288,126192
384x384x384w13-16-18,384,384,384,13,16,18,13-16-18,M0K,1664,18,103008,13,1872,11680,4608,16,2304,128,2304,144,126192
384x384x384w13-8-38,384,384,384,13,8,38,13-8-38,M0K,832,38,100256,13,3952,14432,4864,8,2432,64,2432,304,126192
384x384x384w13-8-35,384,384,384,13,8,35,13-8-35,M0K,832,35,101264,13,3640,13424,4480,8,2240,64,2240,280,126192
384x384x384w17-24-9,384,384,384,17,24,9,17-24-9,M0K,3264,9,102256,17,1224,12432,3456,24,1728,384,1728,144,126592
384x384x384w26-8-18,384,384,384,26,8,18,26-8-18,M0K,1664,18,101568,26,3744,13120,2304,8,1152,192,1152,432,126720
384x384x384w36-8-13,384,384,384,36,8,13,36-8-13,M0K,2304,13,100928,36,3744,13760,1664,8,832,256,832,416,126720
384x384x384w35-8-13,384,384,384,35,8,13,35-8-13,M0K,2240,13,101264,35,3640,13424,1664,8,832,256,832,416,126720
384x384x384w37-8-13,384,384,384,37,8,13,37-8-13,M0K,2368,13,100592,37,3848,14096,1664,8,832,256,832,416,126720
384x384x384w20-8-23,384,384,384,20,8,23,20-8-23,M0K,1280,23,101824,20,3680,12864,2944,8,1472,128,1472,368,127296
384x384x384w23-16-10,384,384,384,23,16,10,23-16-10,M0K,2944,10,102560,23,1840,12128,2560,16,1280,256,1280,160,127296
384x384x384w11-16-21,384,384,384,11,16,21,11-16-21,M0K,1408,21,102800,11,1848,11888,5376,16,2688,128,2688,168,127680
384x384x384w14-16-16,384,384,384,14,16,16,14-16-16,M00,1792,16,103424,14,1792,11264,4096,16,2048,128,2048,128,127872
384x384x384w14-8-34,384,384,384,14,8,34,14-8-34,M0K,896,34,100928,14,3808,13760,4352,8,2176,64,2176,272,127872
384x384x384w29-16-8,384,384,384,29,16,8,29-16-8,M00,3712,8,101504,29,1856,13184,2048,16,1024,384,1024,192,127872
384x384x384w14-8-32,384,384,384,14,8,32,14-8-32,M00,896,32,101632,14,3584,13056,4096,8,2048,64,2048,256,127872
384x384x384w14-32-8,384,384,384,14,32,8,14-32-8,M00,3584,8,101632,14,896,13056,4096,32,2048,256,2048,64,127872
384x384x384w14-8-33,384,384,384,14,8,33,14-8-33,M0K,896,33,101280,14,3696,13408,4224,8,2112,64,2112,264,127872
384x384x384w29-8-16,384,384,384,29,8,16,29-8-16,M00,1856,16,101504,29,3712,13184,2048,8,1024,192,1024,384,127872
384x384x384w54-8-9,384,384,384,54,8,9,54-8-9,M0K,3456,9,98848,54,3888,15840,1152,8,576,384,576,432,127968
384x384x384w10-24-15,384,384,384,10,24,15,10-24-15,M0K,1920,15,102688,10,1200,12000,5760,24,2880,192,2880,120,128128
384x384x384w34-8-14,384,384,384,34,8,14,34-8-14,M0K,2176,14,100928,34,3808,13760,1792,8,896,256,896,448,129024
384x384x384w8-8-56,384,384,384,8,8,56,8-8-56,00K,512,56,99328,8,3584,15360,7168,8,3584,64,3584,448,129024
384x384x384w28-16-8,384,384,384,28,16,8,28-16-8,M00,3584,8,101888,28,1792,12800,2048,16,1024,384,1024,192,129024
384x384x384w38-8-12,384,384,384,38,8,12,38-8-12,M00,2432,12,100992,38,3648,13696,1536,8,768,256,768,384,129024
384x384x384w59-8-8,384,384,384,59,8,8,59-8-8,M00,3776,8,98560,59,3776,16128,1024,8,512,448,512,448,129024
384x384x384w56-8-8,384,384,384,56,8,8,56-8-8,M00,3584,8,99328,56,3584,15360,1024,8,512,448,512,448,129024
384x384x384w8-32-14,384,384,384,8,32,14,8-32-14,00K,2048,14,101632,8,896,13056,7168,32,3584,256,3584,112,129024
384x384x384w60-8-8,384,384,384,60,8,8,60-8-8,M00,3840,8,98304,60,3840,16384,1024,8,512,448,512,448,129024
384x384x384w8-8-55,384,384,384,8,8,55,8-8-55,00K,512,55,99584,8,3520,15104,7040,8,3520,64,3520,440,129024
384x384x384w8-24-19,384,384,384,8,24,19,8-24-19,00K,1536,19,101888,8,1216,12800,7296,24,3648,192,3648,152,129024
384x384x384w8-8-59,384,384,384,8,8,59,8-8-59,00K,512,59,98560,8,3776,16128,7552,8,3776,64,3776,472,129024
384x384x384w8-8-62,384,384,384,8,8,62,8-8-62,00K,512,62,97792,8,3968,16896,7936,8,3968,64,3968,496,129024
384x384x384w8-16-28,384,384,384,8,16,28,8-16-28,00K,1024,28,101888,8,1792,12800,7168,16,3584,128,3584,224,129024
384x384x384w8-56-8,384,384,384,8,56,8,8-56-8,0N0,3584,8,99328,8,512,15360,7168,56,3584,448,3584,64,129024
384x384x384w8-8-61,384,384,384,8,8,61,8-8-61,00K,512,61,98048,8,3904,16640,7808,8,3904,64,3904,488,129024
384x384x384w8-16-29,384,384,384,8,16,29,8-16-29,00K,1024,29,101504,8,1856,13184,7424,16,3712,128,3712,232,129024
384x384x384w61-8-8,384,384,384,61,8,8,61-8-8,M00,3904,8,98048,61,3904,16640,1024,8,512,448,512,448,129024
384x384x384w32-8-14,384,384,384,32,8,14,32-8-14,00K,2048,14,101632,32,3584,13056,1792,8,896,256,896,448,129024
384x384x384w16-8-28,384,384,384,16,8,28,16-8-28,00K,1024,28,101888,16,3584,12800,3584,8,1792,128,1792,448,129024
384x384x384w25-8-19,384,384,384,25,8,19,25-8-19,M0K,1600,19,101456,25,3800,13232,2432,8,1216,192,1216,456,129024
384x384x384w28-8-16,384,384,384,28,8,16,28-8-16,M00,1792,16,101888,28,3584,12800,2048,8,1024,192,1024,384,129024
384x384x384w16-16-14,384,384,384,16,16,14,16-16-14,00K,2048,14,103424,16,1792,11264,3584,16,1792,256,1792,224,129024
384x384x384w8-8-58,384,384,384,8,8,58,8-8-58,00K,512,58,98816,8,3712,15872,7424,8,3712,64,3712,464,129024
384x384x384w8-8-57,384,384,384,8,8,57,8-8-57,00K,512,57,99072,8,3648,15616,7296,8,3648,64,3648,456,129024
384x384x384w33-8-14,384,384,384,33,8,14,33-8-14,M0K,2112,14,101280,33,3696,13408,1792,8,896,256,896,448,129024
384x384x384w55-8-8,384,384,384,55,8,8,55-8-8,M00,3520,8,99584,55,3520,15104,1024,8,512,384,512,384,129024
384x384x384w12-16-19,384,384,384,12,16,19,12-16-19,00K,1536,19,103104,12,1824,11584,4864,16,2432,128,2432,152,129024
384x384x384w57-8-8,384,384,384,57,8,8,57-8-8,M00,3648,8,99072,57,3648,15616,1024,8,512,448,512,448,129024
384x384x384w58-8-8,384,384,384,58,8,8,58-8-8,M00,3712,8,98816,58,3712,15872,1024,8,512,448,512,448,129024
384x384x384w16-8-29,384,384,384,16,8,29,16-8-29,00K,1024,29,101504,16,3712,13184,3712,8,1856,128,1856,464,129024
384x384x384w62-8-8,384,384,384,62,8,8,62-8-8,M00,3968,8,97792,62,3968,16896,1024,8,512,448,512,448,129024
384x384x384w24-8-19,384,384,384,24,8,19,24-8-19,00K,1536,19,101888,24,3648,12800,2432,8,1216,192,1216,456,129024
384x384x384w8-8-60,384,384,384,8,8,60,8-8-60,00K,512,60,98304,8,3840,16384,7680,8,3840,64,3840,480,129024
384x384x384w8-8-63,384,384,384,8,8,63,8-8-63,00K,512,63,97536,8,4032,17152,8064,8,4032,64,4032,504,129024
384x384x384w10-32-11,384,384,384,10,32,11,10-32-11,M0K,2560,11,102176,10,880,12512,5632,32,2816,256,2816,88,129360
384x384x384w21-8-22,384,384,384,21,8,22,21-8-22,M0K,1344,22,101792,21,3696,12896,2816,8,1408,128,1408,352,129600
384x384x384w31-8-15,384,384,384,31,8,15,31-8-15,M0K,1984,15,101360,31,3720,13328,1920,8,960,192,960,360,129792
384x384x384w15-8-31,384,384,384,15,8,31,15-8-31,M0K,960,31,101360,15,3720,13328,3968,8,1984,64,1984,248,129792
384x384x384w15-8-30,384,384,384,15,8,30,15-8-30,M0K,960,30,101728,15,3600,12960,3840,8,1920,64,1920,240,129792
384x384x384w15-16-15,384,384,384,15,16,15,15-16-15,M0K,1920,15,103408,15,1800,11280,3840,16,1920,128,1920,120,129792
384x384x384w15-24-10,384,384,384,15,24,10,15-24-10,M0K,2880,10,102688,15,1200,12000,3840,24,1920,192,1920,80,129792
384x384x384w30-8-15,384,384,384,30,8,15,30-8-15,M0K,1920,15,101728,30,3600,12960,1920,8,960,192,960,360,129792
384x384x384w27-8-17,384,384,384,27,8,17,27-8-17,M0K,1728,17,101712,27,3672,12976,2176,8,1088,192,1088,408,130272
384x384x384w23-8-20,384,384,384,23,8,20,23-8-20,M0K,1472,20,101824,23,3680,12864,2560,8,1280,128,1280,320,130560
384x384x384w11-32-10,384,384,384,11,32,10,11-32-10,M0K,2816,10,102176,11,880,12512,5120,32,2560,256,2560,80,131040
384x384x384w42-8-11,384,384,384,42,8,11,42-8-11,M0K,2688,11,100512,42,3696,14176,1408,8,704,320,704,440,131040
384x384x384w20-16-11,384,384,384,20,16,11,20-16-11,M0K,2560,11,103232,20,1760,11456,2816,16,1408,256,1408,176,131040
384x384x384w12-24-12,384,384,384,12,24,12,12-24-12,000,2304,12,103168,12,1152,11520,4608,24,2304,192,2304,96,131072
384x384x384w9-8-50,384,384,384,9,8,50,9-8-50,M0K,576,50,99936,9,3600,14752,6400,8,3200,64,3200,400,131328
384x384x384w22-8-21,384,384,384,22,8,21,22-8-21,M0K,1408,21,101792,22,3696,12896,2688,8,1344,128,1344,336,131328
384x384x384w9-16-25,384,384,384,9,16,25,9-16-25,M0K,1152,25,102384,9,1800,12304,6400,16,3200,128,3200,200,131328
384x384x384w9-32-12,384,384,384,9,32,12,9-32-12,M00,2304,12,102208,9,864,12480,6144,32,3072,256,3072,96,131328
384x384x384w9-8-51,384,384,384,9,8,51,9-8-51,M0K,576,51,99664,9,3672,15024,6528,8,3264,64,3264,408,131328
384x384x384w9-24-16,384,384,384,9,24,16,9-24-16,M00,1728,16,102784,9,1152,11904,6144,24,3072,192,3072,128,131328
384x384x384w9-8-52,384,384,384,9,8,52,9-8-52,M0K,576,52,99392,9,3744,15296,6656,8,3328,64,3328,416,131328
384x384x384w9-8-49,384,384,384,9,8,49,9-8-49,M0K,576,49,100208,9,3528,14480,6272,8,3136,64,3136,392,131328
384x384x384w9-48-8,384,384,384,9,48,8,9-48-8,M00,3456,8,100480,9,576,14208,6144,48,3072,384,3072,64,131328
384x384x384w9-8-48,384,384,384,9,8,48,9-8-48,M00,576,48,100480,9,3456,14208,6144,8,3072,64,3072,384,131328
384x384x384w9-16-24,384,384,384,9,16,24,9-16-24,M00,1152,24,102784,9,1728,11904,6144,16,3072,128,3072,192,131328
384x384x384w9-8-54,384,384,384,9,8,54,9-8-54,M0K,576,54,98848,9,3888,15840,6912,8,3456,64,3456,432,131328
384x384x384w9-8-53,384,384,384,9,8,53,9-8-53,M0K,576,53,99120,9,3816,15568,6784,8,3392,64,3392,424,131328
384x384x384w13-16-17,384,384,384,13,16,17,13-16-17,M0K,1664,17,103472,13,1768,11216,4352,16,2176,128,2176,136,131928
384x384x384w50-8-9,384,384,384,50,8,9,50-8-9,M0K,3200,9,99936,50,3600,14752,1152,8,576,384,576,432,132096
384x384x384w51-8-9,384,384,384,51,8,9,51-8-9,M0K,3264,9,99664,51,3672,15024,1152,8,576,384,576,432,132096
384x384x384w12-32-9,384,384,384,12,32,9,12-32-9,00K,3072,9,102208,12,864,12480,4608,32,2304,256,2304,72,132096
384x384x384w8-48-9,384,384,384,8,48,9,8-48-9,00K,3072,9,100480,8,576,14208,6912,48,3456,384,3456,72,132096
384x384x384w16-24-9,384,384,384,16,24,9,16-24-9,00K,3072,9,102784,16,1152,11904,3456,24,1728,384,1728,144,132096
384x384x384w48-8-9,384,384,384,48,8,9,48-8-9,00K,3072,9,100480,48,3456,14208,1152,8,576,384,576,432,132096
384x384x384w52-8-9,384,384,384,52,8,9,52-8-9,M0K,3328,9,99392,52,3744,15296,1152,8,576,384,576,432,132096
384x384x384w53-8-9,384,384,384,53,8,9,53-8-9,M0K,3392,9,99120,53,3816,15568,1152,8,576,384,576,432,132096
384x384x384w49-8-9,384,384,384,49,8,9,49-8-9,M0K,3136,9,100208,49,3528,14480,1152,8,576,384,576,432,132096
384x384x384w24-16-9,384,384,384,24,16,9,24-16-9,00K,3072,9,102784,24,1728,11904,2304,16,1152,384,1152,216,132096
384x384x384w25-16-9,384,384,384,25,16,9,25-16-9,M0K,3200,9,102384,25,1800,12304,2304,16,1152,384,1152,216,132096
384x384x384w10-40-9,384,384,384,10,40,9,10-40-9,MNK,3200,9,101088,10,720,13600,5760,40,2880,320,2880,72,132440
384x384x384w17-8-27,384,384,384,17,8,27,17-8-27,M0K,1088,27,101712,17,3672,12976,3456,8,1728,128,1728,432,132480
384x384x384w17-8-26,384,384,384,17,8,26,17-8-26,M0K,1088,26,102112,17,3536,12576,3328,8,1664,128,1664,416,132480
384x384x384w17-16-13,384,384,384,17,16,13,17-16-13,M0K,2176,13,103472,17,1768,11216,3328,16,1664,256,1664,208,132480
384x384x384w26-8-17,384,384,384,26,8,17,26-8-17,M0K,1664,17,102112,26,3536,12576,2176,8,1088,192,1088,408,132480
384x384x384w10-8-47,384,384,384,10,8,47,10-8-47,M0K,640,47,99872,10,3760,14816,6016,8,3008,64,3008,376,133056
384x384x384w10-16-22,384,384,384,10,16,22,10-16-22,M0K,1280,22,102976,10,1760,11712,5632,16,2816,128,2816,176,133056
384x384x384w10-8-45,384,384,384,10,8,45,10-8-45,M0K,640,45,100448,10,3600,14240,5760,8,2880,64,2880,360,133056
384x384x384w10-8-46,384,384,384,10,8,46,10-8-46,M0K,640,46,100160,10,3680,14528,5888,8,2944,64,2944,368,133056
384x384x384w10-8-44,384,384,384,10,8,44,10-8-44,M0K,640,44,100736,10,3520,13952,5632,8,2816,64,2816,352,133056
384x384x384w10-8-43,384,384,384,10,8,43,10-8-43,M0K,640,43,101024,10,3440,13664,5504,8,2752,64,2752,344,133056
384x384x384w9-40-10,384,384,384,9,40,10,9-40-10,MNK,2880,10,101088,9,720,13600,6400,40,3200,320,3200,80,133380
384x384x384w18-8-24,384,384,384,18,8,24,18-8-24,M00,1152,24,102400,18,3456,12288,3072,8,1536,128,1536,384,133632
384x384x384w18-16-12,384,384,384,18,16,12,18-16-12,M00,2304,12,103552,18,1728,11136,3072,16,1536,256,1536,192,133632
384x384x384w18-24-8,384,384,384,18,24,8,18-24-8,M00,3456,8,102400,18,1152,12288,3072,24,1536,384,1536,128,133632
384x384x384w18-8-25,384,384,384,18,8,25,18-8-25,M0K,1152,25,101984,18,3600,12704,3200,8,1600,128,1600,400,133632
384x384x384w19-8-23,384,384,384,19,8,23,19-8-23,M0K,1216,23,102320,19,3496,12368,2944,8,1472,128,1472,368,133824
384x384x384w13-24-11,384,384,384,13,24,11,13-24-11,M0K,2496,11,103184,13,1144,11504,4224,24,2112,192,2112,88,133840
384x384x384w11-8-40,384,384,384,11,8,40,11-8-40,M0K,704,40,101120,11,3520,13568,5120,8,2560,64,2560,320,134400
384x384x384w11-24-13,384,384,384,11,24,13,11-24-13,M0K,2112,13,103184,11,1144,11504,4992,24,2496,192,2496,104,134400
384x384x384w11-40-8,384,384,384,11,40,8,11-40-8,MN0,3520,8,101120,11,704,13568,5120,40,2560,320,2560,64,134400
384x384x384w11-8-39,384,384,384,11,8,39,11-8-39,M0K,704,39,101424,11,3432,13264,4992,8,2496,64,2496,312,134400
384x384x384w8-40-11,384,384,384,8,40,11,8-40-11,0NK,2560,11,101120,8,704,13568,7040,40,3520,320,3520,88,134400
384x384x384w39-8-11,384,384,384,39,8,11,39-8-11,M0K,2496,11,101424,39,3432,13264,1408,8,704,256,704,352,134400
384x384x384w11-16-20,384,384,384,11,16,20,11-16-20,M0K,1408,20,103232,11,1760,11456,5120,16,2560,128,2560,160,134400
384x384x384w11-8-42,384,384,384,11,8,42,11-8-42,M0K,704,42,100512,11,3696,14176,5376,8,2688,64,2688,336,134400
384x384x384w11-8-41,384,384,384,11,8,41,11-8-41,M0K,704,41,100816,11,3608,13872,5248,8,2624,64,2624,328,134400
384x384x384w40-8-11,384,384,384,40,8,11,40-8-11,M0K,2560,11,101120,40,3520,13568,1408,8,704,320,704,440,134400
384x384x384w41-8-11,384,384,384,41,8,11,41-8-11,M0K,2624,11,100816,41,3608,13872,1408,8,704,320,704,440,134400
384x384x384w20-8-22,384,384,384,20,8,22,20-8-22,M0K,1280,22,102272,20,3520,12416,2816,8,1408,128,1408,352,134784
384x384x384w44-8-10,384,384,384,44,8,10,44-8-10,M0K,2816,10,100736,44,3520,13952,1280,8,640,320,640,400,134784
384x384x384w47-8-10,384,384,384,47,8,10,47-8-10,M0K,3008,10,99872,47,3760,14816,1280,8,640,320,640,400,134784
384x384x384w22-16-10,384,384,384,22,16,10,22-16-10,M0K,2816,10,102976,22,1760,11712,2560,16,1280,256,1280,160,134784
384x384x384w43-8-10,384,384,384,43,8,10,43-8-10,M0K,2752,10,101024,43,3440,13664,1280,8,640,320,640,400,134784
384x384x384w46-8-10,384,384,384,46,8,10,46-8-10,M0K,2944,10,100160,46,3680,14528,1280,8,640,320,640,400,134784
384x384x384w45-8-10,384,384,384,45,8,10,45-8-10,M0K,2880,10,100448,45,3600,14240,1280,8,640,320,640,400,134784
384x384x384w12-8-36,384,384,384,12,8,36,12-8-36,00K,768,36,101632,12,3456,13056,4608,8,2304,64,2304,288,135168
384x384x384w12-8-35,384,384,384,12,8,35,12-8-35,00K,768,35,101952,12,3360,12736,4480,8,2240,64,2240,280,135168
384x384x384w37-8-12,384,384,384,37,8,12,37-8-12,M00,2368,12,101312,37,3552,13376,1536,8,768,256,768,384,135168
384x384x384w12-8-37,384,384,384,12,8,37,12-8-37,00K,768,37,101312,12,3552,13376,4736,8,2368,64,2368,296,135168
384x384x384w12-16-18,384,384,384,12,16,18,12-16-18,00K,1536,18,103552,12,1728,11136,4608,16,2304,128,2304,144,135168
384x384x384w12-8-38,384,384,384,12,8,38,12-8-38,00K,768,38,100992,12,3648,13696,4864,8,2432,64,2432,304,135168
384x384x384w36-8-12,384,384,384,36,8,12,36-8-12,M00,2304,12,101632,36,3456,13056,1536,8,768,256,768,384,135168
384x384x384w24-8-18,384,384,384,24,8,18,24-8-18,00K,1536,18,102400,24,3456,12288,2304,8,1152,192,1152,432,135168
384x384x384w8-24-18,384,384,384,8,24,18,8-24-18,00K,1536,18,102400,8,1152,12288,6912,24,3456,192,3456,144,135168
384x384x384w35-8-12,384,384,384,35,8,12,35-8-12,M00,2240,12,101952,35,3360,12736,1536,8,768,256,768,384,135168
384x384x384w25-8-18,384,384,384,25,8,18,25-8-18,M0K,1600,18,101984,25,3600,12704,2304,8,1152,192,1152,432,135168
384x384x384w27-16-8,384,384,384,27,16,8,27-16-8,M00,3456,8,102272,27,1728,12416,2048,16,1024,384,1024,192,135936
384x384x384w27-8-16,384,384,384,27,8,16,27-8-16,M00,1728,16,102272,27,3456,12416,2048,8,1024,192,1024,384,135936
384x384x384w21-8-21,384,384,384,21,8,21,21-8-21,M0K,1344,21,102256,21,3528,12432,2688,8,1344,128,1344,336,136800
384x384x384w23-8-19,384,384,384,23,8,19,23-8-19,M0K,1472,19,102320,23,3496,12368,2432,8,1216,128,1216,304,137088
384x384x384w13-8-33,384,384,384,13,8,33,13-8-33,M0K,832,33,101936,13,3432,12752,4224,8,2112,64,2112,264,137664
384x384x384w13-8-32,384,384,384,13,8,32,13-8-32,M00,832,32,102272,13,3328,12416,4096,8,2048,64,2048,256,137664
384x384x384w13-8-34,384,384,384,13,8,34,13-8-34,M0K,832,34,101600,13,3536,13088,4352,8,2176,64,2176,272,137664
384x384x384w13-32-8,384,384,384,13,32,8,13-32-8,M00,3328,8,102272,13,832,12416,4096,32,2048,256,2048,64,137664
384x384x384w13-16-16,384,384,384,13,16,16,13-16-16,M00,1664,16,103936,13,1664,10752,4096,16,2048,128,2048,128,137664
384x384x384w19-16-11,384,384,384,19,16,11,19-16-11,M0K,2432,11,103664,19,1672,11024,2816,16,1408,256,1408,176,137760
384x384x384w10-24-14,384,384,384,10,24,14,10-24-14,M0K,1920,14,103232,10,1120,11456,5376,24,2688,192,2688,112,137984
384x384x384w16-16-13,384,384,384,16,16,13,16-16-13,00K,2048,13,103936,16,1664,10752,3328,16,1664,256,1664,208,138240
384x384x384w26-8-16,384,384,384,26,8,16,26-8-16,M00,1664,16,102656,26,3328,12032,2048,8,1024,192,1024,384,138240
384x384x384w8-32-13,384,384,384,8,32,13,8-32-13,00K,2048,13,102272,8,832,12416,6656,32,3328,256,3328,104,138240
384x384x384w26-16-8,384,384,384,26,16,8,26-16-8,M00,3328,8,102656,26,1664,12032,2048,16,1024,384,1024,192,138240
384x384x384w8-16-27,384,384,384,8,16,27,8-16-27,00K,1024,27,102272,8,1728,12416,6912,16,3456,128,3456,216,138240
384x384x384w33-8-13,384,384,384,33,8,13,33-8-13,M0K,2112,13,101936,33,3432,12752,1664,8,832,256,832,416,138240
384x384x384w16-8-27,384,384,384,16,8,27,16-8-27,00K,1024,27,102272,16,3456,12416,3456,8,1728,128,1728,432,138240
384x384x384w34-8-13,384,384,384,34,8,13,34-8-13,M0K,2176,13,101600,34,3536,13088,1664,8,832,256,832,416,138240
384x384x384w22-8-20,384,384,384,22,8,20,22-8-20,M0K,1408,20,102272,22,3520,12416,2560,8,1280,128,1280,320,138240
384x384x384w16-8-26,384,384,384,16,8,26,16-8-26,00K,1024,26,102656,16,3328,12032,3328,8,1664,128,1664,416,138240
384x384x384w8-16-26,384,384,384,8,16,26,8-16-26,00K,1024,26,102656,8,1664,12032,6656,16,3328,128,3328,208,138240
384x384x384w32-8-13,384,384,384,32,8,13,32-8-13,00K,2048,13,102272,32,3328,12416,1664,8,832,256,832,416,138240
384x384x384w14-8-31,384,384,384,14,8,31,14-8-31,M0K,896,31,101984,14,3472,12704,3968,8,1984,64,1984,248,138528
384x384x384w14-8-30,384,384,384,14,8,30,14-8-30,M0K,896,30,102336,14,3360,12352,3840,8,1920,64,1920,240,138528
384x384x384w29-8-15,384,384,384,29,8,15,29-8-15,M0K,1856,15,102096,29,3480,12592,1920,8,960,192,960,360,138528
384x384x384w14-16-15,384,384,384,14,16,15,14-16-15,M0K,1792,15,103904,14,1680,10784,3840,16,1920,128,1920,120,138528
384x384x384w14-24-10,384,384,384,14,24,10,14-24-10,M0K,2688,10,103232,14,1120,11456,3840,24,1920,192,1920,80,138528
384x384x384w9-16-23,384,384,384,9,16,23,9-16-23,M0K,1152,23,103184,9,1656,11504,5888,16,2944,128,2944,184,139536
384x384x384w28-8-15,384,384,384,28,8,15,28-8-15,M0K,1792,15,102464,28,3360,12224,1920,8,960,192,960,360,139776
384x384x384w30-8-14,384,384,384,30,8,14,30-8-14,M0K,1920,14,102336,30,3360,12352,1792,8,896,192,896,336,139776
384x384x384w15-8-29,384,384,384,15,8,29,15-8-29,M0K,960,29,102096,15,3480,12592,3712,8,1856,64,1856,232,139776
384x384x384w15-16-14,384,384,384,15,16,14,15-16-14,M0K,1920,14,103904,15,1680,10784,3584,16,1792,128,1792,112,139776
384x384x384w15-8-28,384,384,384,15,8,28,15-8-28,M0K,960,28,102464,15,3360,12224,3584,8,1792,64,1792,224,139776
384x384x384w31-8-14,384,384,384,31,8,14,31-8-14,M0K,1984,14,101984,31,3472,12704,1792,8,896,192,896,336,139776
384x384x384w23-16-9,384,384,384,23,16,9,23-16-9,M0K,2944,9,103184,23,1656,11504,2304,16,1152,256,1152,144,140352
384x384x384w21-16-10,384,384,384,21,16,10,21-16-10,M0K,2688,10,103392,21,1680,11296,2560,16,1280,256,1280,160,140400
384x384x384w10-16-21,384,384,384,10,16,21,10-16-21,M0K,1280,21,103392,10,1680,11296,5376,16,2688,128,2688,168,140448
384x384x384w38-8-11,384,384,384,38,8,11,38-8-11,M0K,2432,11,101728,38,3344,12960,1408,8,704,256,704,352,141120
384x384x384w11-16-19,384,384,384,11,16,19,11-16-19,M0K,1408,19,103664,11,1672,11024,4864,16,2432,128,2432,152,141120
384x384x384w17-24-8,384,384,384,17,24,8,17-24-8,M00,3264,8,102912,17,1088,11776,3072,24,1536,384,1536,128,141312
384x384x384w8-24-17,384,384,384,8,24,17,8-24-17,00K,1536,17,102912,8,1088,11776,6528,24,3264,192,3264,136,141312
384x384x384w17-8-24,384,384,384,17,8,24,17-8-24,M00,1088,24,102912,17,3264,11776,3072,8,1536,128,1536,384,141312
384x384x384w17-16-12,384,384,384,17,16,12,17-16-12,M00,2176,12,104000,17,1632,10688,3072,16,1536,256,1536,192,141312
384x384x384w24-8-17,384,384,384,24,8,17,24-8-17,00K,1536,17,102912,24,3264,11776,2176,8,1088,192,1088,408,141312
384x384x384w17-8-25,384,384,384,17,8,25,17-8-25,M0K,1088,25,102512,17,3400,12176,3200,8,1600,128,1600,400,141312
384x384x384w12-16-17,384,384,384,12,16,17,12-16-17,00K,1536,17,104000,12,1632,10688,4352,16,2176,128,2176,136,141312
384x384x384w25-8-17,384,384,384,25,8,17,25-8-17,M0K,1600,17,102512,25,3400,12176,2176,8,1088,192,1088,408,141312
384x384x384w19-8-22,384,384,384,19,8,22,19-8-22,M0K,1216,22,102752,19,3344,11936,2816,8,1408,128,1408,352,141696
384x384x384w18-8-23,384,384,384,18,8,23,18-8-23,M0K,1152,23,102816,18,3312,11872,2944,8,1472,128,1472,368,141984
384x384x384w9-24-15,384,384,384,9,24,15,9-24-15,M0K,1728,15,103312,9,1080,11376,5760,24,2880,192,2880,120,142272
384x384x384w20-8-21,384,384,384,20,8,21,20-8-21,M0K,1280,21,102720,20,3360,11968,2688,8,1344,128,1344,336,142272
384x384x384w54-8-8,384,384,384,54,8,8,54-8-8,M00,3456,8,99840,54,3456,14848,1024,8,512,384,512,384,142848
384x384x384w15-24-9,384,384,384,15,24,9,15-24-9,M0K,2880,9,103312,15,1080,11376,3456,24,1728,192,1728,72,143104
384x384x384w12-24-11,384,384,384,12,24,11,12-24-11,00K,2304,11,103744,12,1056,10944,4224,24,2112,192,2112,88,143360
384x384x384w11-24-12,384,384,384,11,24,12,11-24-12,M00,2112,12,103744,11,1056,10944,4608,24,2304,192,2304,96,143360
384x384x384w23-8-18,384,384,384,23,8,18,23-8-18,M0K,1472,18,102816,23,3312,11872,2304,8,1152,128,1152,288,143616
384x384x384w9-32-11,384,384,384,9,32,11,9-32-11,M0K,2304,11,102864,9,792,11824,5632,32,2816,256,2816,88,143640
384x384x384w21-8-20,384,384,384,21,8,20,21-8-20,M0K,1344,20,102720,21,3360,11968,2560,8,1280,128,1280,320,144000
384x384x384w10-32-10,384,384,384,10,32,10,10-32-10,M0K,2560,10,102848,10,800,11840,5120,32,2560,256,2560,80,144144
384x384x384w11-32-9,384,384,384,11,32,9,11-32-9,M0K,2816,9,102864,11,792,11824,4608,32,2304,256,2304,72,144480
384x384x384w22-8-19,384,384,384,22,8,19,22-8-19,M0K,1408,19,102752,22,3344,11936,2432,8,1216,128,1216,304,145152
384x384x384w20-16-10,384,384,384,20,16,10,20-16-10,M0K,2560,10,103808,20,1600,10880,2560,16,1280,256,1280,160,146016
384x384x384w42-8-10,384,384,384,42,8,10,42-8-10,M0K,2688,10,101312,42,3360,13376,1280,8,640,320,640,400,146016
384x384x384w18-16-11,384,384,384,18,16,11,18-16-11,M0K,2304,11,104096,18,1584,10592,2816,16,1408,256,1408,176,146160
384x384x384w9-40-9,384,384,384,9,40,9,9-40-9,MNK,2880,9,101872,9,648,12816,5760,40,2880,320,2880,72,147060
384x384x384w27-8-15,384,384,384,27,8,15,27-8-15,M0K,1728,15,102832,27,3240,11856,1920,8,960,192,960,360,147264
384x384x384w53-8-8,384,384,384,53,8,8,53-8-8,M00,3392,8,100096,53,3392,14592,1024,8,512,384,512,384,147456
384x384x384w48-8-8,384,384,384,48,8,8,48-8-8,000,3072,8,101376,48,3072,13312,1024,8,512,384,512,384,147456
384x384x384w16-16-12,384,384,384,16,16,12,16-16-12,000,2048,12,104448,16,1536,10240,3072,16,1536,256,1536,192,147456
384x384x384w8-8-52,384,384,384,8,8,52,8-8-52,00K,512,52,100352,8,3328,14336,6656,8,3328,64,3328,416,147456
384x384x384w16-24-8,384,384,384,16,24,8,16-24-8,000,3072,8,103424,16,1024,11264,3072,24,1536,384,1536,128,147456
384x384x384w51-8-8,384,384,384,51,8,8,51-8-8,M00,3264,8,100608,51,3264,14080,1024,8,512,384,512,384,147456
384x384x384w8-16-24,384,384,384,8,16,24,8-16-24,000,1024,24,103424,8,1536,11264,6144,16,3072,128,3072,192,147456
384x384x384w52-8-8,384,384,384,52,8,8,52-8-8,M00,3328,8,100352,52,3328,14336,1024,8,512,384,512,384,147456
384x384x384w49-8-8,384,384,384,49,8,8,49-8-8,M00,3136,8,101120,49,3136,13568,1024,8,512,384,512,384,147456
384x384x384w25-16-8,384,384,384,25,16,8,25-16-8,M00,3200,8,103040,25,1600,11648,2048,16,1024,384,1024,192,147456
384x384x384w8-8-50,384,384,384,8,8,50,8-8-50,00K,512,50,100864,8,3200,13824,6400,8,3200,64,3200,400,147456
384x384x384w8-8-48,384,384,384,8,8,48,8-8-48,000,512,48,101376,8,3072,13312,6144,8,3072,64,3072,384,147456
384x384x384w24-16-8,384,384,384,24,16,8,24-16-8,000,3072,8,103424,24,1536,11264,2048,16,1024,384,1024,192,147456
384x384x384w50-8-8,384,384,384,50,8,8,50-8-8,M00,3200,8,100864,50,3200,13824,1024,8,512,384,512,384,147456
384x384x384w12-8-32,384,384,384,12,8,32,12-8-32,000,768,32,102912,12,3072,11776,4096,8,2048,64,2048,256,147456
384x384x384w24-8-16,384,384,384,24,8,16,24-8-16,000,1536,16,103424,24,3072,11264,2048,8,1024,192,1024,384,147456
384x384x384w33-8-12,384,384,384,33,8,12,33-8-12,M00,2112,12,102592,33,3168,12096,1536,8,768,256,768,384,147456
384x384x384w32-8-12,384,384,384,32,8,12,32-8-12,000,2048,12,102912,32,3072,11776,1536,8,768,256,768,384,147456
384x384x384w12-8-33,384,384,384,12,8,33,12-8-33,00K,768,33,102592,12,3168,12096,4224,8,2112,64,2112,264,147456
384x384x384w8-8-53,384,384,384,8,8,53,8-8-53,00K,512,53,100096,8,3392,14592,6784,8,3392,64,3392,424,147456
384x384x384w8-8-51,384,384,384,8,8,51,8-8-51,00K,512,51,100608,8,3264,14080,6528,8,3264,64,3264,408,147456
384x384x384w12-32-8,384,384,384,12,32,8,12-32-8,000,3072,8,102912,12,768,11776,4096,32,2048,256,2048,64,147456
384x384x384w34-8-12,384,384,384,34,8,12,34-8-12,M00,2176,12,102272,34,3264,12416,1536,8,768,256,768,384,147456
384x384x384w8-32-12,384,384,384,8,32,12,8-32-12,000,2048,12,102912,8,768,11776,6144,32,3072,256,3072,96,147456
384x384x384w8-24-16,384,384,384,8,24,16,8-24-16,000,1536,16,103424,8,1024,11264,6144,24,3072,192,3072,128,147456
384x384x384w16-8-25,384,384,384,16,8,25,16-8-25,00K,1024,25,103040,16,3200,11648,3200,8,1600,128,1600,400,147456
384x384x384w12-8-34,384,384,384,12,8,34,12-8-34,00K,768,34,102272,12,3264,12416,4352,8,2176,64,2176,272,147456
384x384x384w16-8-24,384,384,384,16,8,24,16-8-24,000,1024,24,103424,16,3072,11264,3072,8,1536,128,1536,384,147456
384x384x384w8-8-54,384,384,384,8,8,54,8-8-54,00K,512,54,99840,8,3456,14848,6912,8,3456,64,3456,432,147456
384x384x384w8-16-25,384,384,384,8,16,25,8-16-25,00K,1024,25,103040,8,1600,11648,6400,16,3200,128,3200,200,147456
384x384x384w8-8-49,384,384,384,8,8,49,8-8-49,00K,512,49,101120,8,3136,13568,6272,8,3136,64,3136,392,147456
384x384x384w12-16-16,384,384,384,12,16,16,12-16-16,000,1536,16,104448,12,1536,10240,4096,16,2048,128,2048,128,147456
384x384x384w8-48-8,384,384,384,8,48,8,8-48-8,000,3072,8,101376,8,512,13312,6144,48,3072,384,3072,64,147456
384x384x384w25-8-16,384,384,384,25,8,16,25-8-16,M00,1600,16,103040,25,3200,11648,2048,8,1024,192,1024,384,147456
384x384x384w9-8-45,384,384,384,9,8,45,9-8-45,M0K,576,45,101296,9,3240,13392,5760,8,2880,64,2880,360,147744
384x384x384w9-8-44,384,384,384,9,8,44,9-8-44,M0K,576,44,101568,9,3168,13120,5632,8,2816,64,2816,352,147744
384x384x384w9-8-47,384,384,384,9,8,47,9-8-47,M0K,576,47,100752,9,3384,13936,6016,8,3008,64,3008,376,147744
384x384x384w9-16-22,384,384,384,9,16,22,9-16-22,M0K,1152,22,103584,9,1584,11104,5632,16,2816,128,2816,176,147744
384x384x384w9-8-43,384,384,384,9,8,43,9-8-43,M0K,576,43,101840,9,3096,12848,5504,8,2752,64,2752,344,147744
384x384x384w9-8-46,384,384,384,9,8,46,9-8-46,M0K,576,46,101024,9,3312,13664,5888,8,2944,64,2944,368,147744
384x384x384w36-8-11,384,384,384,36,8,11,36-8-11,M0K,2304,11,102336,36,3168,12352,1408,8,704,256,704,352,147840
384x384x384w10-8-41,384,384,384,10,8,41,10-8-41,M0K,640,41,101600,10,3280,13088,5248,8,2624,64,2624,328,147840
384x384x384w10-8-40,384,384,384,10,8,40,10-8-40,M0K,640,40,101888,10,3200,12800,5120,8,2560,64,2560,320,147840
384x384x384w10-8-39,384,384,384,10,8,39,10-8-39,M0K,640,39,102176,10,3120,12512,4992,8,2496,64,2496,312,147840
384x384x384w10-16-20,384,384,384,10,16,20,10-16-20,M0K,1280,20,103808,10,1600,10880,5120,16,2560,128,2560,160,147840
384x384x384w10-40-8,384,384,384,10,40,8,10-40-8,MN0,3200,8,101888,10,640,12800,5120,40,2560,320,2560,64,147840
384x384x384w11-8-36,384,384,384,11,8,36,11-8-36,M0K,704,36,102336,11,3168,12352,4608,8,2304,64,2304,288,147840
384x384x384w11-8-37,384,384,384,11,8,37,11-8-37,M0K,704,37,102032,11,3256,12656,4736,8,2368,64,2368,296,147840
384x384x384w11-8-38,384,384,384,11,8,38,11-8-38,M0K,704,38,101728,11,3344,12960,4864,8,2432,64,2432,304,147840
384x384x384w10-8-42,384,384,384,10,8,42,10-8-42,M0K,640,42,101312,10,3360,13376,5376,8,2688,64,2688,336,147840
384x384x384w10-24-13,384,384,384,10,24,13,10-24-13,M0K,1920,13,103776,10,1040,10912,4992,24,2496,192,2496,104,147840
384x384x384w11-16-18,384,384,384,11,16,18,11-16-18,M0K,1408,18,104096,11,1584,10592,4608,16,2304,128,2304,144,147840
384x384x384w35-8-11,384,384,384,35,8,11,35-8-11,M0K,2240,11,102640,35,3080,12048,1408,8,704,256,704,352,147840
384x384x384w11-8-35,384,384,384,11,8,35,11-8-35,M0K,704,35,102640,11,3080,12048,4480,8,2240,64,2240,280,147840
384x384x384w37-8-11,384,384,384,37,8,11,37-8-11,M0K,2368,11,102032,37,3256,12656,1408,8,704,256,704,352,147840
384x384x384w46-8-9,384,384,384,46,8,9,46-8-9,M0K,2944,9,101024,46,3312,13664,1152,8,576,320,576,360,148608
384x384x384w45-8-9,384,384,384,45,8,9,45-8-9,M0K,2880,9,101296,45,3240,13392,1152,8,576,320,576,360,148608
384x384x384w47-8-9,384,384,384,47,8,9,47-8-9,M0K,3008,9,100752,47,3384,13936,1152,8,576,320,576,360,148608
384x384x384w22-16-9,384,384,384,22,16,9,22-16-9,M0K,2816,9,103584,22,1584,11104,2304,16,1152,256,1152,144,148608
384x384x384w43-8-9,384,384,384,43,8,9,43-8-9,M0K,2752,9,101840,43,3096,12848,1152,8,576,320,576,360,148608
384x384x384w44-8-9,384,384,384,44,8,9,44-8-9,M0K,2816,9,101568,44,3168,13120,1152,8,576,320,576,360,148608
384x384x384w13-24-10,384,384,384,13,24,10,13-24-10,M0K,2496,10,103776,13,1040,10912,3840,24,1920,192,1920,80,149136
384x384x384w13-8-31,384,384,384,13,8,31,13-8-31,M0K,832,31,102608,13,3224,12080,3968,8,1984,64,1984,248,149136
384x384x384w13-16-15,384,384,384,13,16,15,13-16-15,M0K,1664,15,104400,13,1560,10288,3840,16,1920,128,1920,120,149136
384x384x384w13-8-30,384,384,384,13,8,30,13-8-30,M0K,832,30,102944,13,3120,11744,3840,8,1920,64,1920,240,149136
384x384x384w14-8-28,384,384,384,14,8,28,14-8-28,M0K,896,28,103040,14,3136,11648,3584,8,1792,64,1792,224,149184
384x384x384w29-8-14,384,384,384,29,8,14,29-8-14,M0K,1856,14,102688,29,3248,12000,1792,8,896,192,896,336,149184
384x384x384w14-8-29,384,384,384,14,8,29,14-8-29,M0K,896,29,102688,14,3248,12000,3712,8,1856,64,1856,232,149184
384x384x384w14-16-14,384,384,384,14,16,14,14-16-14,M0K,1792,14,104384,14,1568,10304,3584,16,1792,128,1792,112,149184
384x384x384w19-8-21,384,384,384,19,8,21,19-8-21,M0K,1216,21,103184,19,3192,11504,2688,8,1344,128,1344,336,149568
384x384x384w31-8-13,384,384,384,31,8,13,31-8-13,M0K,1984,13,102608,31,3224,12080,1664,8,832,192,832,312,149760
384x384x384w15-8-27,384,384,384,15,8,27,15-8-27,M0K,960,27,102832,15,3240,11856,3456,8,1728,64,1728,216,149760
384x384x384w15-8-26,384,384,384,15,8,26,15-8-26,M0K,960,26,103200,15,3120,11488,3328,8,1664,64,1664,208,149760
384x384x384w20-8-20,384,384,384,20,8,20,20-8-20,M0K,1280,20,103168,20,3200,11520,2560,8,1280,128,1280,320,149760
384x384x384w15-16-13,384,384,384,15,16,13,15-16-13,M0K,1920,13,104400,15,1560,10288,3328,16,1664,128,1664,104,149760
384x384x384w8-40-10,384,384,384,8,40,10,8-40-10,0NK,2560,10,101888,8,640,12800,6400,40,3200,320,3200,80,149760
384x384x384w30-8-13,384,384,384,30,8,13,30-8-13,M0K,1920,13,102944,30,3120,11744,1664,8,832,192,832,312,149760
384x384x384w39-8-10,384,384,384,39,8,10,39-8-10,M0K,2496,10,102176,39,3120,12512,1280,8,640,256,640,320,149760
384x384x384w41-8-10,384,384,384,41,8,10,41-8-10,M0K,2624,10,101600,41,3280,13088,1280,8,640,320,640,400,149760
384x384x384w40-8-10,384,384,384,40,8,10,40-8-10,M0K,2560,10,101888,40,3200,12800,1280,8,640,320,640,400,149760
384x384x384w26-8-15,384,384,384,26,8,15,26-8-15,M0K,1664,15,103200,26,3120,11488,1920,8,960,192,960,360,149760
384x384x384w17-8-23,384,384,384,17,8,23,17-8-23,M0K,1088,23,103312,17,3128,11376,2944,8,1472,128,1472,368,150144
384x384x384w23-8-17,384,384,384,23,8,17,23-8-17,M0K,1472,17,103312,23,3128,11376,2176,8,1088,128,1088,272,150144
384x384x384w18-8-22,384,384,384,18,8,22,18-8-22,M0K,1152,22,103232,18,3168,11456,2816,8,1408,128,1408,352,150336
384x384x384w28-8-14,384,384,384,28,8,14,28-8-14,M0K,1792,14,103040,28,3136,11648,1792,8,896,192,896,336,150528
384x384x384w21-8-19,384,384,384,21,8,19,21-8-19,M0K,1344,19,103184,21,3192,11504,2432,8,1216,128,1216,304,151200
384x384x384w22-8-18,384,384,384,22,8,18,22-8-18,M0K,1408,18,103232,22,3168,11456,2304,8,1152,128,1152,288,152064
384x384x384w14-24-9,384,384,384,14,24,9,14-24-9,M0K,2688,9,103840,14,1008,10848,3456,24,1728,192,1728,72,152736
384x384x384w9-24-14,384,384,384,9,24,14,9-24-14,M0K,1728,14,103840,9,1008,10848,5376,24,2688,192,2688,112,153216
384x384x384w19-16-10,384,384,384,19,16,10,19-16-10,M0K,2432,10,104224,19,1520,10464,2560,16,1280,256,1280,160,153504
384x384x384w17-16-11,384,384,384,17,16,11,17-16-11,M0K,2176,11,104528,17,1496,10160,2816,16,1408,256,1408,176,154560
384x384x384w11-16-17,384,384,384,11,16,17,11-16-17,M0K,1408,17,104528,11,1496,10160,4352,16,2176,128,2176,136,154560
384x384x384w21-16-9,384,384,384,21,16,9,21-16-9,M0K,2688,9,103984,21,1512,10704,2304,16,1152,256,1152,144,154800
384x384x384w10-16-19,384,384,384,10,16,19,10-16-19,M0K,1280,19,104224,10,1520,10464,4864,16,2432,128,2432,152,155232
384x384x384w9-16-21,384,384,384,9,16,21,9-16-21,M0K,1152,21,103984,9,1512,10704,5376,16,2688,128,2688,168,155952
384x384x384w23-8-16,384,384,384,23,8,16,23-8-16,M00,1472,16,103808,23,2944,10880,2048,8,1024,128,1024,256,156672
384x384x384w16-8-23,384,384,384,16,8,23,16-8-23,00K,1024,23,103808,16,2944,10880,2944,8,1472,128,1472,368,156672
384x384x384w8-16-23,384,384,384,8,16,23,8-16-23,00K,1024,23,103808,8,1472,10880,5888,16,2944,128,2944,184,156672
384x384x384w23-16-8,384,384,384,23,16,8,23-16-8,M00,2944,8,103808,23,1472,10880,2048,16,1024,256,1024,128,156672
384x384x384w11-24-11,384,384,384,11,24,11,11-24-11,M0K,2112,11,104304,11,968,10384,4224,24,2112,192,2112,88,156800
384x384x384w38-8-10,384,384,384,38,8,10,38-8-10,M0K,2432,10,102464,38,3040,12224,1280,8,640,256,640,320,157248
384x384x384w20-8-19,384,384,384,20,8,19,20-8-19,M0K,1280,19,103616,20,3040,11072,2432,8,1216,128,1216,304,157248
384x384x384w19-8-20,384,384,384,19,8,20,19-8-20,M0K,1216,20,103616,19,3040,11072,2560,8,1280,128,1280,320,157440
384x384x384w10-24-12,384,384,384,10,24,12,10-24-12,M00,1920,12,104320,10,960,10368,4608,24,2304,192,2304,96,157696
384x384x384w21-8-18,384,384,384,21,8,18,21-8-18,M0K,1344,18,103648,21,3024,11040,2304,8,1152,128,1152,288,158400
384x384x384w27-8-14,384,384,384,27,8,14,27-8-14,M0K,1728,14,103392,27,3024,11296,1792,8,896,192,896,336,158592
384x384x384w18-8-21,384,384,384,18,8,21,18-8-21,M0K,1152,21,103648,18,3024,11040,2688,8,1344,128,1344,336,158688
384x384x384w10-32-9,384,384,384,10,32,9,10-32-9,M0K,2560,9,103520,10,720,11168,4608,32,2304,256,2304,72,158928
384x384x384w22-8-17,384,384,384,22,8,17,22-8-17,M0K,1408,17,103712,22,2992,10976,2176,8,1088,128,1088,272,158976
384x384x384w17-8-22,384,384,384,17,8,22,17-8-22,M0K,1088,22,103712,17,2992,10976,2816,8,1408,128,1408,352,158976
384x384x384w8-24-15,384,384,384,8,24,15,8-24-15,00K,1536,15,103936,8,960,10752,5760,24,2880,192,2880,120,159744
384x384x384w24-8-15,384,384,384,24,8,15,24-8-15,00K,1536,15,103936,24,2880,10752,1920,8,960,192,960,360,159744
384x384x384w15-8-25,384,384,384,15,8,25,15-8-25,M0K,960,25,103568,15,3000,11120,3200,8,1600,64,1600,200,159744
384x384x384w15-8-24,384,384,384,15,8,24,15-8-24,M00,960,24,103936,15,2880,10752,3072,8,1536,64,1536,192,159744
384x384x384w12-16-15,384,384,384,12,16,15,12-16-15,00K,1536,15,104896,12,1440,9792,3840,16,1920,128,1920,120,159744
384x384x384w12-8-30,384,384,384,12,8,30,12-8-30,00K,768,30,103552,12,2880,11136,3840,8,1920,64,1920,240,159744
384x384x384w25-8-15,384,384,384,25,8,15,25-8-15,M0K,1600,15,103568,25,3000,11120,1920,8,960,192,960,360,159744
384x384x384w15-24-8,384,384,384,15,24,8,15-24-8,M00,2880,8,103936,15,960,10752,3072,24,1536,192,1536,64,159744
384x384x384w30-8-12,384,384,384,30,8,12,30-8-12,M00,1920,12,103552,30,2880,11136,1536,8,768,192,768,288,159744
384x384x384w31-8-12,384,384,384,31,8,12,31-8-12,M00,1984,12,103232,31,2976,11456,1536,8,768,192,768,288,159744
384x384x384w12-8-31,384,384,384,12,8,31,12-8-31,00K,768,31,103232,12,2976,11456,3968,8,1984,64,1984,248,159744
384x384x384w12-24-10,384,384,384,12,24,10,12-24-10,00K,2304,10,104320,12,960,10368,3840,24,1920,192,1920,80,159744
384x384x384w15-16-12,384,384,384,15,16,12,15-16-12,M00,1920,12,104896,15,1440,9792,3072,16,1536,128,1536,96,159744
384x384x384w29-8-13,384,384,384,29,8,13,29-8-13,M0K,1856,13,103280,29,3016,11408,1664,8,832,192,832,312,159840
384x384x384w14-16-13,384,384,384,14,16,13,14-16-13,M0K,1792,13,104864,14,1456,9824,3328,16,1664,128,1664,104,159840
384x384x384w14-8-26,384,384,384,14,8,26,14-8-26,M0K,896,26,103744,14,2912,10944,3328,8,1664,64,1664,208,159840
384x384x384w14-8-27,384,384,384,14,8,27,14-8-27,M0K,896,27,103392,14,3024,11296,3456,8,1728,64,1728,216,159840
384x384x384w9-32-10,384,384,384,9,32,10,9-32-10,M0K,2304,10,103520,9,720,11168,5120,32,2560,256,2560,80,160056
384x384x384w13-16-14,384,384,384,13,16,14,13-16-14,M0K,1664,14,104864,13,1456,9824,3584,16,1792,128,1792,112,160608
384x384x384w13-8-29,384,384,384,13,8,29,13-8-29,M0K,832,29,103280,13,3016,11408,3712,8,1856,64,1856,232,160608
384x384x384w13-8-28,384,384,384,13,8,28,13-8-28,M0K,832,28,103616,13,2912,11072,3584,8,1792,64,1792,224,160608
384x384x384w42-8-9,384,384,384,42,8,9,42-8-9,M0K,2688,9,102112,42,3024,12576,1152,8,576,320,576,360,160992
384x384x384w20-16-9,384,384,384,20,16,9,20-16-9,M0K,2560,9,104384,20,1440,10304,2304,16,1152,256,1152,144,160992
384x384x384w28-8-13,384,384,384,28,8,13,28-8-13,M0K,1792,13,103616,28,2912,11072,1664,8,832,192,832,312,161280
384x384x384w26-8-14,384,384,384,26,8,14,26-8-14,M0K,1664,14,103744,26,2912,10944,1792,8,896,192,896,336,161280
384x384x384w11-8-32,384,384,384,11,8,32,11-8-32,M00,704,32,103552,11,2816,11136,4096,8,2048,64,2048,256,161280
384x384x384w33-8-11,384,384,384,33,8,11,33-8-11,M0K,2112,11,103248,33,2904,11440,1408,8,704,256,704,352,161280
384x384x384w8-32-11,384,384,384,8,32,11,8-32-11,00K,2048,11,103552,8,704,11136,5632,32,2816,256,2816,88,161280
384x384x384w11-16-16,384,384,384,11,16,16,11-16-16,M00,1408,16,104960,11,1408,9728,4096,16,2048,128,2048,128,161280
384x384x384w16-16-11,384,384,384,16,16,11,16-16-11,00K,2048,11,104960,16,1408,9728,2816,16,1408,256,1408,176,161280
384x384x384w34-8-11,384,384,384,34,8,11,34-8-11,M0K,2176,11,102944,34,2992,11744,1408,8,704,256,704,352,161280
384x384x384w11-8-34,384,384,384,11,8,34,11-8-34,M0K,704,34,102944,11,2992,11744,4352,8,2176,64,2176,272,161280
384x384x384w32-8-11,384,384,384,32,8,11,32-8-11,00K,2048,11,103552,32,2816,11136,1408,8,704,256,704,352,161280
384x384x384w11-8-33,384,384,384,11,8,33,11-8-33,M0K,704,33,103248,11,2904,11440,4224,8,2112,64,2112,264,161280
384x384x384w11-32-8,384,384,384,11,32,8,11-32-8,M00,2816,8,103552,11,704,11136,4096,32,2048,256,2048,64,161280
384x384x384w10-8-37,384,384,384,10,8,37,10-8-37,M0K,640,37,102752,10,2960,11936,4736,8,2368,64,2368,296,162624
384x384x384w10-8-35,384,384,384,10,8,35,10-8-35,M0K,640,35,103328,10,2800,11360,4480,8,2240,64,2240,280,162624
384x384x384w10-8-36,384,384,384,10,8,36,10-8-36,M0K,640,36,103040,10,2880,11648,4608,8,2304,64,2304,288,162624
384x384x384w10-16-18,384,384,384,10,16,18,10-16-18,M0K,1280,18,104640,10,1440,10048,4608,16,2304,128,2304,144,162624
384x384x384w10-8-38,384,384,384,10,8,38,10-8-38,M0K,640,38,102464,10,3040,12224,4864,8,2432,64,2432,304,162624
384x384x384w18-16-10,384,384,384,18,16,10,18-16-10,M0K,2304,10,104640,18,1440,10048,2560,16,1280,256,1280,160,162864
384x384x384w9-8-40,384,384,384,9,8,40,9-8-40,M0K,576,40,102656,9,2880,12032,5120,8,2560,64,2560,320,164160
384x384x384w9-8-41,384,384,384,9,8,41,9-8-41,M0K,576,41,102384,9,2952,12304,5248,8,2624,64,2624,328,164160
384x384x384w9-16-20,384,384,384,9,16,20,9-16-20,M0K,1152,20,104384,9,1440,10304,5120,16,2560,128,2560,160,164160
384x384x384w9-24-13,384,384,384,9,24,13,9-24-13,M0K,1728,13,104368,9,936,10320,4992,24,2496,192,2496,104,164160
384x384x384w9-8-42,384,384,384,9,8,42,9-8-42,M0K,576,42,102112,9,3024,12576,5376,8,2688,64,2688,336,164160
384x384x384w9-8-39,384,384,384,9,8,39,9-8-39,M0K,576,39,102928,9,2808,11760,4992,8,2496,64,2496,312,164160
384x384x384w9-40-8,384,384,384,9,40,8,9-40-8,MN0,2880,8,102656,9,576,12032,5120,40,2560,320,2560,64,164160
384x384x384w13-24-9,384,384,384,13,24,9,13-24-9,M0K,2496,9,104368,13,936,10320,3456,24,1728,192,1728,72,164432
384x384x384w35-8-10,384,384,384,35,8,10,35-8-10,M0K,2240,10,103328,35,2800,11360,1280,8,640,256,640,320,164736
384x384x384w20-8-18,384,384,384,20,8,18,20-8-18,M0K,1280,18,104064,20,2880,10624,2304,8,1152,128,1152,288,164736
384x384x384w36-8-10,384,384,384,36,8,10,36-8-10,M0K,2304,10,103040,36,2880,11648,1280,8,640,256,640,320,164736
384x384x384w37-8-10,384,384,384,37,8,10,37-8-10,M0K,2368,10,102752,37,2960,11936,1280,8,640,256,640,320,164736
384x384x384w39-8-9,384,384,384,39,8,9,39-8-9,M0K,2496,9,102928,39,2808,11760,1152,8,576,256,576,288,165120
384x384x384w41-8-9,384,384,384,41,8,9,41-8-9,M0K,2624,9,102384,41,2952,12304,1152,8,576,320,576,360,165120
384x384x384w8-40-9,384,384,384,8,40,9,8-40-9,0NK,2560,9,102656,8,576,12032,5760,40,2880,320,2880,72,165120
384x384x384w40-8-9,384,384,384,40,8,9,40-8-9,M0K,2560,9,102656,40,2880,12032,1152,8,576,320,576,360,165120
384x384x384w19-8-19,384,384,384,19,8,19,19-8-19,M0K,1216,19,104048,19,2888,10640,2432,8,1216,128,1216,304,165312
384x384x384w21-8-17,384,384,384,21,8,17,21-8-17,M0K,1344,17,104112,21,2856,10576,2176,8,1088,128,1088,272,165600
384x384x384w22-8-16,384,384,384,22,8,16,22-8-16,M00,1408,16,104192,22,2816,10496,2048,8,1024,128,1024,256,165888
384x384x384w47-8-8,384,384,384,47,8,8,47-8-8,M00,3008,8,101632,47,3008,13056,1024,8,512,320,512,320,165888
384x384x384w16-8-22,384,384,384,16,8,22,16-8-22,00K,1024,22,104192,16,2816,10496,2816,8,1408,128,1408,352,165888
384x384x384w8-16-22,384,384,384,8,16,22,8-16-22,00K,1024,22,104192,8,1408,10496,5632,16,2816,128,2816,176,165888
384x384x384w43-8-8,384,384,384,43,8,8,43-8-8,M00,2752,8,102656,43,2752,12032,1024,8,512,320,512,320,165888
384x384x384w45-8-8,384,384,384,45,8,8,45-8-8,M00,2880,8,102144,45,2880,12544,1024,8,512,320,512,320,165888
384x384x384w8-8-43,384,384,384,8,8,43,8-8-43,00K,512,43,102656,8,2752,12032,5504,8,2752,64,2752,344,165888
384x384x384w22-16-8,384,384,384,22,16,8,22-16-8,M00,2816,8,104192,22,1408,10496,2048,16,1024,256,1024,128,165888
384x384x384w8-8-47,384,384,384,8,8,47,8-8-47,00K,512,47,101632,8,3008,13056,6016,8,3008,64,3008,376,165888
384x384x384w8-8-46,384,384,384,8,8,46,8-8-46,00K,512,46,101888,8,2944,12800,5888,8,2944,64,2944,368,165888
384x384x384w44-8-8,384,384,384,44,8,8,44-8-8,M00,2816,8,102400,44,2816,12288,1024,8,512,320,512,320,165888
384x384x384w8-8-44,384,384,384,8,8,44,8-8-44,00K,512,44,102400,8,2816,12288,5632,8,2816,64,2816,352,165888
384x384x384w46-8-8,384,384,384,46,8,8,46-8-8,M00,2944,8,101888,46,2944,12800,1024,8,512,320,512,320,165888
384x384x384w8-8-45,384,384,384,8,8,45,8-8-45,00K,512,45,102144,8,2880,12544,5760,8,2880,64,2880,360,165888
384x384x384w18-8-20,384,384,384,18,8,20,18-8-20,M0K,1152,20,104064,18,2880,10624,2560,8,1280,128,1280,320,167040
384x384x384w17-8-21,384,384,384,17,8,21,17-8-21,M0K,1088,21,104112,17,2856,10576,2688,8,1344,128,1344,336,167808
384x384x384w19-16-9,384,384,384,19,16,9,19-16-9,M0K,2432,9,104784,19,1368,9904,2304,16,1152,256,1152,144,169248
384x384x384w15-8-23,384,384,384,15,8,23,15-8-23,M0K,960,23,104304,15,2760,10384,2944,8,1472,64,1472,184,169728
384x384x384w23-8-15,384,384,384,23,8,15,23-8-15,M0K,1472,15,104304,23,2760,10384,1920,8,960,128,960,240,169728
384x384x384w27-8-13,384,384,384,27,8,13,27-8-13,M0K,1728,13,103952,27,2808,10736,1664,8,832,192,832,312,169920
384x384x384w10-16-17,384,384,384,10,16,17,10-16-17,M0K,1280,17,105056,10,1360,9632,4352,16,2176,128,2176,136,170016
384x384x384w14-8-25,384,384,384,14,8,25,14-8-25,M0K,896,25,104096,14,2800,10592,3200,8,1600,64,1600,200,170496
384x384x384w14-8-24,384,384,384,14,8,24,14-8-24,M00,896,24,104448,14,2688,10240,3072,8,1536,64,1536,192,170496
384x384x384w29-8-12,384,384,384,29,8,12,29-8-12,M00,1856,12,103872,29,2784,10816,1536,8,768,192,768,288,170496
384x384x384w14-24-8,384,384,384,14,24,8,14-24-8,M00,2688,8,104448,14,896,10240,3072,24,1536,192,1536,64,170496
384x384x384w14-16-12,384,384,384,14,16,12,14-16-12,M00,1792,12,105344,14,1344,9344,3072,16,1536,128,1536,96,170496
384x384x384w28-8-12,384,384,384,28,8,12,28-8-12,M00,1792,12,104192,28,2688,10496,1536,8,768,192,768,288,172032
384x384x384w24-8-14,384,384,384,24,8,14,24-8-14,00K,1536,14,104448,24,2688,10240,1792,8,896,192,896,336,172032
384x384x384w25-8-14,384,384,384,25,8,14,25-8-14,M0K,1600,14,104096,25,2800,10592,1792,8,896,192,896,336,172032
384x384x384w8-24-14,384,384,384,8,24,14,8-24-14,00K,1536,14,104448,8,896,10240,5376,24,2688,192,2688,112,172032
384x384x384w12-16-14,384,384,384,12,16,14,12-16-14,00K,1536,14,105344,12,1344,9344,3584,16,1792,128,1792,112,172032
384x384x384w12-8-28,384,384,384,12,8,28,12-8-28,00K,768,28,104192,12,2688,10496,3584,8,1792,64,1792,224,172032
384x384x384w12-8-29,384,384,384,12,8,29,12-8-29,00K,768,29,103872,12,2784,10816,3712,8,1856,64,1856,232,172032
384x384x384w13-8-27,384,384,384,13,8,27,13-8-27,M0K,832,27,103952,13,2808,10736,3456,8,1728,64,1728,216,172080
384x384x384w13-8-26,384,384,384,13,8,26,13-8-26,M0K,832,26,104288,13,2704,10400,3328,8,1664,64,1664,208,172080
384x384x384w13-16-13,384,384,384,13,16,13,13-16-13,M0K,1664,13,105328,13,1352,9360,3328,16,1664,128,1664,104,172080
384x384x384w17-16-10,384,384,384,17,16,10,17-16-10,M0K,2176,10,105056,17,1360,9632,2560,16,1280,256,1280,160,172224
384x384x384w20-8-17,384,384,384,20,8,17,20-8-17,M0K,1280,17,104512,20,2720,10176,2176,8,1088,128,1088,272,172224
384x384x384w9-16-19,384,384,384,9,16,19,9-16-19,M0K,1152,19,104784,9,1368,9904,4864,16,2432,128,2432,152,172368
384x384x384w10-24-11,384,384,384,10,24,11,10-24-11,M0K,1920,11,104864,10,880,9824,4224,24,2112,192,2112,88,172480
384x384x384w21-16-8,384,384,384,21,16,8,21-16-8,M00,2688,8,104576,21,1344,10112,2048,16,1024,256,1024,128,172800
384x384x384w26-8-13,384,384,384,26,8,13,26-8-13,M0K,1664,13,104288,26,2704,10400,1664,8,832,192,832,312,172800
384x384x384w21-8-16,384,384,384,21,8,16,21-8-16,M00,1344,16,104576,21,2688,10112,2048,8,1024,128,1024,256,172800
384x384x384w19-8-18,384,384,384,19,8,18,19-8-18,M0K,1216,18,104480,19,2736,10208,2304,8,1152,128,1152,288,173184
384x384x384w38-8-9,384,384,384,38,8,9,38-8-9,M0K,2432,9,103200,38,2736,11488,1152,8,576,256,576,288,173376
384x384x384w31-8-11,384,384,384,31,8,11,31-8-11,M0K,1984,11,103856,31,2728,10832,1408,8,704,192,704,264,174720
384x384x384w15-16-11,384,384,384,15,16,11,15-16-11,M0K,1920,11,105392,15,1320,9296,2816,16,1408,128,1408,88,174720
384x384x384w11-16-15,384,384,384,11,16,15,11-16-15,M0K,1408,15,105392,11,1320,9296,3840,16,1920,128,1920,120,174720
384x384x384w30-8-11,384,384,384,30,8,11,30-8-11,M0K,1920,11,104160,30,2640,10528,1408,8,704,192,704,264,174720
384x384x384w11-8-31,384,384,384,11,8,31,11-8-31,M0K,704,31,103856,11,2728,10832,3968,8,1984,64,1984,248,174720
384x384x384w11-8-30,384,384,384,11,8,30,11-8-30,M0K,704,30,104160,11,2640,10528,3840,8,1920,64,1920,240,174720
384x384x384w11-24-10,384,384,384,11,24,10,11-24-10,M0K,2112,10,104864,11,880,9824,3840,24,1920,192,1920,80,174720
384x384x384w9-24-12,384,384,384,9,24,12,9-24-12,M00,1728,12,104896,9,864,9792,4608,24,2304,192,2304,96,175104
384x384x384w8-16-21,384,384,384,8,16,21,8-16-21,00K,1024,21,104576,8,1344,10112,5376,16,2688,128,2688,168,175104
384x384x384w16-8-21,384,384,384,16,8,21,16-8-21,00K,1024,21,104576,16,2688,10112,2688,8,1344,128,1344,336,175104
384x384x384w18-8-19,384,384,384,18,8,19,18-8-19,M0K,1152,19,104480,18,2736,10208,2432,8,1216,128,1216,304,175392
384x384x384w12-24-9,384,384,384,12,24,9,12-24-9,00K,2304,9,104896,12,864,9792,3456,24,1728,192,1728,72,176128
384x384x384w9-32-9,384,384,384,9,32,9,9-32-9,M0K,2304,9,104176,9,648,10512,4608,32,2304,256,2304,72,176472
384x384x384w17-8-20,384,384,384,17,8,20,17-8-20,M0K,1088,20,104512,17,2720,10176,2560,8,1280,128,1280,320,176640
384x384x384w10-8-32,384,384,384,10,8,32,10-8-32,M00,640,32,104192,10,2560,10496,4096,8,2048,64,2048,256,177408
384x384x384w10-8-34,384,384,384,10,8,34,10-8-34,M0K,640,34,103616,10,2720,11072,4352,8,2176,64,2176,272,177408
384x384x384w10-32-8,384,384,384,10,32,8,10-32-8,M00,2560,8,104192,10,640,10496,4096,32,2048,256,2048,64,177408
384x384x384w10-8-33,384,384,384,10,8,33,10-8-33,M0K,640,33,103904,10,2640,10784,4224,8,2112,64,2112,264,177408
384x384x384w10-16-16,384,384,384,10,16,16,10-16-16,M00,1280,16,105472,10,1280,9216,4096,16,2048,128,2048,128,177408
384x384x384w18-16-9,384,384,384,18,16,9,18-16-9,M0K,2304,9,105184,18,1296,9504,2304,16,1152,256,1152,144,179568
384x384x384w16-16-10,384,384,384,16,16,10,16-16-10,00K,2048,10,105472,16,1280,9216,2560,16,1280,256,1280,160,179712
384x384x384w20-16-8,384,384,384,20,16,8,20-16-8,M00,2560,8,104960,20,1280,9728,2048,16,1024,256,1024,128,179712
384x384x384w8-32-10,384,384,384,8,32,10,8-32-10,00K,2048,10,104192,8,640,10496,5120,32,2560,256,2560,80,179712
384x384x384w20-8-16,384,384,384,20,8,16,20-8-16,M00,1280,16,104960,20,2560,9728,2048,8,1024,128,1024,256,179712
384x384x384w42-8-8,384,384,384,42,8,8,42-8-8,M00,2688,8,102912,42,2688,11776,1024,8,512,320,512,320,179712
384x384x384w22-8-15,384,384,384,22,8,15,22-8-15,M0K,1408,15,104672,22,2640,10016,1920,8,960,128,960,240,179712
384x384x384w34-8-10,384,384,384,34,8,10,34-8-10,M0K,2176,10,103616,34,2720,11072,1280,8,640,256,640,320,179712
384x384x384w32-8-10,384,384,384,32,8,10,32-8-10,00K,2048,10,104192,32,2560,10496,1280,8,640,256,640,320,179712
384x384x384w15-8-22,384,384,384,15,8,22,15-8-22,M0K,960,22,104672,15,2640,10016,2816,8,1408,64,1408,176,179712
384x384x384w33-8-10,384,384,384,33,8,10,33-8-10,M0K,2112,10,103904,33,2640,10784,1280,8,640,256,640,320,179712
384x384x384w9-8-38,384,384,384,9,8,38,9-8-38,M0K,576,38,103200,9,2736,11488,4864,8,2432,64,2432,304,180576
384x384x384w9-16-18,384,384,384,9,16,18,9-16-18,M0K,1152,18,105184,9,1296,9504,4608,16,2304,128,2304,144,180576
384x384x384w9-8-36,384,384,384,9,8,36,9-8-36,M0K,576,36,103744,9,2592,10944,4608,8,2304,64,2304,288,180576
384x384x384w9-8-37,384,384,384,9,8,37,9-8-37,M0K,576,37,103472,9,2664,11216,4736,8,2368,64,2368,296,180576
384x384x384w9-8-35,384,384,384,9,8,35,9-8-35,M0K,576,35,104016,9,2520,10672,4480,8,2240,64,2240,280,180576
384x384x384w19-8-17,384,384,384,19,8,17,19-8-17,M0K,1216,17,104912,19,2584,9776,2176,8,1088,128,1088,272,181056
384x384x384w14-8-23,384,384,384,14,8,23,14-8-23,M0K,896,23,104800,14,2576,9888,2944,8,1472,64,1472,184,181152
384x384x384w27-8-12,384,384,384,27,8,12,27-8-12,M00,1728,12,104512,27,2592,10176,1536,8,768,192,768,288,181248
384x384x384w37-8-9,384,384,384,37,8,9,37-8-9,M0K,2368,9,103472,37,2664,11216,1152,8,576,256,576,288,181632
384x384x384w36-8-9,384,384,384,36,8,9,36-8-9,M0K,2304,9,103744,36,2592,10944,1152,8,576,256,576,288,181632
384x384x384w35-8-9,384,384,384,35,8,9,35-8-9,M0K,2240,9,104016,35,2520,10672,1152,8,576,256,576,288,181632
384x384x384w23-8-14,384,384,384,23,8,14,23-8-14,M0K,1472,14,104800,23,2576,9888,1792,8,896,128,896,224,182784
384x384x384w13-8-25,384,384,384,13,8,25,13-8-25,M0K,832,25,104624,13,2600,10064,3200,8,1600,64,1600,200,183552
384x384x384w13-16-12,384,384,384,13,16,12,13-16-12,M00,1664,12,105792,13,1248,8896,3072,16,1536,128,1536,96,183552
384x384x384w13-8-24,384,384,384,13,8,24,13-8-24,M00,832,24,104960,13,2496,9728,3072,8,1536,64,1536,192,183552
384x384x384w13-24-8,384,384,384,13,24,8,13-24-8,M00,2496,8,104960,13,832,9728,3072,24,1536,192,1536,64,183552
384x384x384w18-8-18,384,384,384,18,8,18,18-8-18,M0K,1152,18,104896,18,2592,9792,2304,8,1152,128,1152,288,183744
384x384x384w8-8-42,384,384,384,8,8,42,8-8-42,00K,512,42,102912,8,2688,11776,5376,8,2688,64,2688,336,184320
384x384x384w8-8-40,384,384,384,8,8,40,8-8-40,00K,512,40,103424,8,2560,11264,5120,8,2560,64,2560,320,184320
384x384x384w8-8-41,384,384,384,8,8,41,8-8-41,00K,512,41,103168,8,2624,11520,5248,8,2624,64,2624,328,184320
384x384x384w12-8-26,384,384,384,12,8,26,12-8-26,00K,768,26,104832,12,2496,9856,3328,8,1664,64,1664,208,184320
384x384x384w41-8-8,384,384,384,41,8,8,41-8-8,M00,2624,8,103168,41,2624,11520,1024,8,512,320,512,320,184320
384x384x384w25-8-13,384,384,384,25,8,13,25-8-13,M0K,1600,13,104624,25,2600,10064,1664,8,832,192,832,312,184320
384x384x384w8-16-20,384,384,384,8,16,20,8-16-20,00K,1024,20,104960,8,1280,9728,5120,16,2560,128,2560,160,184320
384x384x384w39-8-8,384,384,384,39,8,8,39-8-8,M00,2496,8,103680,39,2496,11008,1024,8,512,256,512,256,184320
384x384x384w8-8-39,384,384,384,8,8,39,8-8-39,00K,512,39,103680,8,2496,11008,4992,8,2496,64,2496,312,184320
384x384x384w12-8-27,384,384,384,12,8,27,12-8-27,00K,768,27,104512,12,2592,10176,3456,8,1728,64,1728,216,184320
384x384x384w40-8-8,384,384,384,40,8,8,40-8-8,M00,2560,8,103424,40,2560,11264,1024,8,512,320,512,320,184320
384x384x384w8-24-13,384,384,384,8,24,13,8-24-13,00K,1536,13,104960,8,832,9728,4992,24,2496,192,2496,104,184320
384x384x384w26-8-12,384,384,384,26,8,12,26-8-12,M00,1664,12,104832,26,2496,9856,1536,8,768,192,768,288,184320
384x384x384w12-16-13,384,384,384,12,16,13,12-16-13,00K,1536,13,105792,12,1248,8896,3328,16,1664,128,1664,104,184320
384x384x384w8-40-8,384,384,384,8,40,8,8-40-8,0N0,2560,8,103424,8,512,11264,5120,40,2560,320,2560,64,184320
384x384x384w16-8-20,384,384,384,16,8,20,16-8-20,00K,1024,20,104960,16,2560,9728,2560,8,1280,128,1280,320,184320
384x384x384w24-8-13,384,384,384,24,8,13,24-8-13,00K,1536,13,104960,24,2496,9728,1664,8,832,192,832,312,184320
384x384x384w17-8-19,384,384,384,17,8,19,17-8-19,M0K,1088,19,104912,17,2584,9776,2432,8,1216,128,1216,304,185472
384x384x384w14-16-11,384,384,384,14,16,11,14-16-11,M0K,1792,11,105824,14,1232,8864,2816,16,1408,128,1408,88,186480
384x384x384w29-8-11,384,384,384,29,8,11,29-8-11,M0K,1856,11,104464,29,2552,10224,1408,8,704,192,704,264,186480
384x384x384w21-8-15,384,384,384,21,8,15,21-8-15,M0K,1344,15,105040,21,2520,9648,1920,8,960,128,960,240,187200
384x384x384w11-8-29,384,384,384,11,8,29,11-8-29,M0K,704,29,104464,11,2552,10224,3712,8,1856,64,1856,232,188160
384x384x384w28-8-11,384,384,384,28,8,11,28-8-11,M0K,1792,11,104768,28,2464,9920,1408,8,704,192,704,264,188160
384x384x384w11-8-28,384,384,384,11,8,28,11-8-28,M0K,704,28,104768,11,2464,9920,3584,8,1792,64,1792,224,188160
384x384x384w11-16-14,384,384,384,11,16,14,11-16-14,M0K,1408,14,105824,11,1232,8864,3584,16,1792,128,1792,112,188160
384x384x384w9-16-17,384,384,384,9,16,17,9-16-17,M0K,1152,17,105584,9,1224,9104,4352,16,2176,128,2176,136,188784
384x384x384w19-16-8,384,384,384,19,16,8,19-16-8,M00,2432,8,105344,19,1216,9344,2048,16,1024,256,1024,128,188928
384x384x384w19-8-16,384,384,384,19,8,16,19-8-16,M00,1216,16,105344,19,2432,9344,2048,8,1024,128,1024,256,188928
384x384x384w15-8-21,384,384,384,15,8,21,15-8-21,M0K,960,21,105040,15,2520,9648,2688,8,1344,64,1344,168,189696
384x384x384w17-16-9,384,384,384,17,16,9,17-16-9,M0K,2176,9,105584,17,1224,9104,2304,16,1152,256,1152,144,189888
384x384x384w9-24-11,384,384,384,9,24,11,9-24-11,M0K,1728,11,105424,9,792,9264,4224,24,2112,192,2112,88,191520
384x384x384w14-8-22,384,384,384,14,8,22,14-8-22,M0K,896,22,105152,14,2464,9536,2816,8,1408,64,1408,176,191808
384x384x384w18-8-17,384,384,384,18,8,17,18-8-17,M0K,1152,17,105312,18,2448,9376,2176,8,1088,128,1088,272,192096
384x384x384w10-24-10,384,384,384,10,24,10,10-24-10,M0K,1920,10,105408,10,800,9280,3840,24,1920,192,1920,80,192192
384x384x384w10-8-31,384,384,384,10,8,31,10-8-31,M0K,640,31,104480,10,2480,10208,3968,8,1984,64,1984,248,192192
384x384x384w10-16-15,384,384,384,10,16,15,10-16-15,M0K,1280,15,105888,10,1200,8800,3840,16,1920,128,1920,120,192192
384x384x384w10-8-30,384,384,384,10,8,30,10-8-30,M0K,640,30,104768,10,2400,9920,3840,8,1920,64,1920,240,192192
384x384x384w11-24-9,384,384,384,11,24,9,11-24-9,M0K,2112,9,105424,11,792,9264,3456,24,1728,192,1728,72,192640
384x384x384w16-8-19,384,384,384,16,8,19,16-8-19,00K,1024,19,105344,16,2432,9344,2432,8,1216,128,1216,304,193536
384x384x384w8-16-19,384,384,384,8,16,19,8-16-19,00K,1024,19,105344,8,1216,9344,4864,16,2432,128,2432,152,193536
384x384x384w22-8-14,384,384,384,22,8,14,22-8-14,M0K,1408,14,105152,22,2464,9536,1792,8,896,128,896,224,193536
384x384x384w38-8-8,384,384,384,38,8,8,38-8-8,M00,2432,8,103936,38,2432,10752,1024,8,512,256,512,256,193536
384x384x384w17-8-18,384,384,384,17,8,18,17-8-18,M0K,1088,18,105312,17,2448,9376,2304,8,1152,128,1152,288,194304
384x384x384w31-8-10,384,384,384,31,8,10,31-8-10,M0K,1984,10,104480,31,2480,10208,1280,8,640,192,640,240,194688
384x384x384w30-8-10,384,384,384,30,8,10,30-8-10,M0K,1920,10,104768,30,2400,9920,1280,8,640,192,640,240,194688
384x384x384w15-16-10,384,384,384,15,16,10,15-16-10,M0K,1920,10,105888,15,1200,8800,2560,16,1280,128,1280,80,194688
384x384x384w20-8-15,384,384,384,20,8,15,20-8-15,M0K,1280,15,105408,20,2400,9280,1920,8,960,128,960,240,194688
384x384x384w13-8-23,384,384,384,13,8,23,13-8-23,M0K,832,23,105296,13,2392,9392,2944,8,1472,64,1472,184,195024
384x384x384w23-8-13,384,384,384,23,8,13,23-8-13,M0K,1472,13,105296,23,2392,9392,1664,8,832,128,832,208,195840
384x384x384w25-8-12,384,384,384,25,8,12,25-8-12,M00,1600,12,105152,25,2400,9536,1536,8,768,192,768,288,196608
384x384x384w8-24-12,384,384,384,8,24,12,8-24-12,000,1536,12,105472,8,768,9216,4608,24,2304,192,2304,96,196608
384x384x384w12-24-8,384,384,384,12,24,8,12-24-8,000,2304,8,105472,12,768,9216,3072,24,1536,192,1536,64,196608
384x384x384w12-8-25,384,384,384,12,8,25,12-8-25,00K,768,25,105152,12,2400,9536,3200,8,1600,64,1600,200,196608
384x384x384w12-8-24,384,384,384,12,8,24,12-8-24,000,768,24,105472,12,2304,9216,3072,8,1536,64,1536,192,196608
384x384x384w12-16-12,384,384,384,12,16,12,12-16-12,000,1536,12,106240,12,1152,8448,3072,16,1536,128,1536,96,196608
384x384x384w24-8-12,384,384,384,24,8,12,24-8-12,000,1536,12,105472,24,2304,9216,1536,8,768,192,768,288,196608
384x384x384w9-16-16,384,384,384,9,16,16,9-16-16,M00,1152,16,105984,9,1152,8704,4096,16,2048,128,2048,128,196992
384x384x384w9-8-32,384,384,384,9,8,32,9-8-32,M00,576,32,104832,9,2304,9856,4096,8,2048,64,2048,256,196992
384x384x384w9-32-8,384,384,384,9,32,8,9-32-8,M00,2304,8,104832,9,576,9856,4096,32,2048,256,2048,64,196992
384x384x384w9-8-34,384,384,384,9,8,34,9-8-34,M0K,576,34,104288,9,2448,10400,4352,8,2176,64,2176,272,196992
384x384x384w9-8-33,384,384,384,9,8,33,9-8-33,M0K,576,33,104560,9,2376,10128,4224,8,2112,64,2112,264,196992
384x384x384w33-8-9,384,384,384,33,8,9,33-8-9,M0K,2112,9,104560,33,2376,10128,1152,8,576,256,576,288,198144
384x384x384w16-16-9,384,384,384,16,16,9,16-16-9,00K,2048,9,105984,16,1152,8704,2304,16,1152,256,1152,144,198144
384x384x384w8-32-9,384,384,384,8,32,9,8-32-9,00K,2048,9,104832,8,576,9856,4608,32,2304,256,2304,72,198144
384x384x384w34-8-9,384,384,384,34,8,9,34-8-9,M0K,2176,9,104288,34,2448,10400,1152,8,576,256,576,288,198144
384x384x384w32-8-9,384,384,384,32,8,9,32-8-9,00K,2048,9,104832,32,2304,9856,1152,8,576,256,576,288,198144
384x384x384w27-8-11,384,384,384,27,8,11,27-8-11,M0K,1728,11,105072,27,2376,9616,1408,8,704,192,704,264,198240
384x384x384w15-8-20,384,384,384,15,8,20,15-8-20,M0K,960,20,105408,15,2400,9280,2560,8,1280,64,1280,160,199680
384x384x384w18-8-16,384,384,384,18,8,16,18-8-16,M00,1152,16,105728,18,2304,8960,2048,8,1024,128,1024,256,200448
384x384x384w18-16-8,384,384,384,18,16,8,18-16-8,M00,2304,8,105728,18,1152,8960,2048,16,1024,256,1024,128,200448
384x384x384w13-16-11,384,384,384,13,16,11,13-16-11,M0K,1664,11,106256,13,1144,8432,2816,16,1408,128,1408,88,200760
384x384x384w11-8-27,384,384,384,11,8,27,11-8-27,M0K,704,27,105072,11,2376,9616,3456,8,1728,64,1728,216,201600
384x384x384w11-8-26,384,384,384,11,8,26,11-8-26,M0K,704,26,105376,11,2288,9312,3328,8,1664,64,1664,208,201600
384x384x384w21-8-14,384,384,384,21,8,14,21-8-14,M0K,1344,14,105504,21,2352,9184,1792,8,896,128,896,224,201600
384x384x384w26-8-11,384,384,384,26,8,11,26-8-11,M0K,1664,11,105376,26,2288,9312,1408,8,704,192,704,264,201600
384x384x384w11-16-13,384,384,384,11,16,13,11-16-13,M0K,1408,13,106256,11,1144,8432,3328,16,1664,128,1664,104,201600
384x384x384w14-8-21,384,384,384,14,8,21,14-8-21,M0K,896,21,105504,14,2352,9184,2688,8,1344,64,1344,168,202464
384x384x384w16-8-18,384,384,384,16,8,18,16-8-18,00K,1024,18,105728,16,2304,8960,2304,8,1152,128,1152,288,202752
384x384x384w36-8-8,384,384,384,36,8,8,36-8-8,M00,2304,8,104448,36,2304,10240,1024,8,512,256,512,256,202752
384x384x384w8-8-37,384,384,384,8,8,37,8-8-37,00K,512,37,104192,8,2368,10496,4736,8,2368,64,2368,296,202752
384x384x384w35-8-8,384,384,384,35,8,8,35-8-8,M00,2240,8,104704,35,2240,9984,1024,8,512,256,512,256,202752
384x384x384w8-8-35,384,384,384,8,8,35,8-8-35,00K,512,35,104704,8,2240,9984,4480,8,2240,64,2240,280,202752
384x384x384w8-16-18,384,384,384,8,16,18,8-16-18,00K,1024,18,105728,8,1152,8960,4608,16,2304,128,2304,144,202752
384x384x384w8-8-36,384,384,384,8,8,36,8-8-36,00K,512,36,104448,8,2304,10240,4608,8,2304,64,2304,288,202752
384x384x384w37-8-8,384,384,384,37,8,8,37-8-8,M00,2368,8,104192,37,2368,10496,1024,8,512,256,512,256,202752
384x384x384w8-8-38,384,384,384,8,8,38,8-8-38,00K,512,38,103936,8,2432,10752,4864,8,2432,64,2432,304,202752
384x384x384w17-8-17,384,384,384,17,8,17,17-8-17,M0K,1088,17,105712,17,2312,8976,2176,8,1088,128,1088,272,203136
384x384x384w19-8-15,384,384,384,19,8,15,19-8-15,M0K,1216,15,105776,19,2280,8912,1920,8,960,128,960,240,204672
384x384x384w13-8-22,384,384,384,13,8,22,13-8-22,M0K,832,22,105632,13,2288,9056,2816,8,1408,64,1408,176,206496
384x384x384w10-8-29,384,384,384,10,8,29,10-8-29,M0K,640,29,105056,10,2320,9632,3712,8,1856,64,1856,232,206976
384x384x384w10-16-14,384,384,384,10,16,14,10-16-14,M0K,1280,14,106304,10,1120,8384,3584,16,1792,128,1792,112,206976
384x384x384w10-8-28,384,384,384,10,8,28,10-8-28,M0K,640,28,105344,10,2240,9344,3584,8,1792,64,1792,224,206976
384x384x384w22-8-13,384,384,384,22,8,13,22-8-13,M0K,1408,13,105632,22,2288,9056,1664,8,832,128,832,208,207360
384x384x384w29-8-10,384,384,384,29,8,10,29-8-10,M0K,1856,10,105056,29,2320,9632,1280,8,640,192,640,240,207792
384x384x384w14-16-10,384,384,384,14,16,10,14-16-10,M0K,1792,10,106304,14,1120,8384,2560,16,1280,128,1280,80,207792
384x384x384w12-8-23,384,384,384,12,8,23,12-8-23,00K,768,23,105792,12,2208,8896,2944,8,1472,64,1472,184,208896
384x384x384w23-8-12,384,384,384,23,8,12,23-8-12,M00,1472,12,105792,23,2208,8896,1536,8,768,128,768,192,208896
384x384x384w15-8-19,384,384,384,15,8,19,15-8-19,M0K,960,19,105776,15,2280,8912,2432,8,1216,64,1216,152,209664
384x384x384w28-8-10,384,384,384,28,8,10,28-8-10,M0K,1792,10,105344,28,2240,9344,1280,8,640,192,640,240,209664
384x384x384w20-8-14,384,384,384,20,8,14,20-8-14,M0K,1280,14,105856,20,2240,8832,1792,8,896,128,896,224,209664
384x384x384w10-24-9,384,384,384,10,24,9,10-24-9,M0K,1920,9,105952,10,720,8736,3456,24,1728,192,1728,72,211904
384x384x384w17-16-8,384,384,384,17,16,8,17-16-8,M00,2176,8,106112,17,1088,8576,2048,16,1024,256,1024,128,211968
384x384x384w17-8-16,384,384,384,17,8,16,17-8-16,M00,1088,16,106112,17,2176,8576,2048,8,1024,128,1024,256,211968
384x384x384w8-16-17,384,384,384,8,16,17,8-16-17,00K,1024,17,106112,8,1088,8576,4352,16,2176,128,2176,136,211968
384x384x384w16-8-17,384,384,384,16,8,17,16-8-17,00K,1024,17,106112,16,2176,8576,2176,8,1088,128,1088,272,211968
384x384x384w14-8-20,384,384,384,14,8,20,14-8-20,M0K,896,20,105856,14,2240,8832,2560,8,1280,64,1280,160,213120
384x384x384w9-8-30,384,384,384,9,8,30,9-8-30,M0K,576,30,105376,9,2160,9312,3840,8,1920,64,1920,240,213408
384x384x384w9-8-31,384,384,384,9,8,31,9-8-31,M0K,576,31,105104,9,2232,9584,3968,8,1984,64,1984,248,213408
384x384x384w9-24-10,384,384,384,9,24,10,9-24-10,M0K,1728,10,105952,9,720,8736,3840,24,1920,192,1920,80,213408
384x384x384w9-16-15,384,384,384,9,16,15,9-16-15,M0K,1152,15,106384,9,1080,8304,3840,16,1920,128,1920,120,213408
384x384x384w31-8-9,384,384,384,31,8,9,31-8-9,M0K,1984,9,105104,31,2232,9584,1152,8,576,192,576,216,214656
384x384x384w30-8-9,384,384,384,30,8,9,30-8-9,M0K,1920,9,105376,30,2160,9312,1152,8,576,192,576,216,214656
384x384x384w15-16-9,384,384,384,15,16,9,15-16-9,M0K,1920,9,106384,15,1080,8304,2304,16,1152,128,1152,72,214656
384x384x384w11-24-8,384,384,384,11,24,8,11-24-8,M00,2112,8,105984,11,704,8704,3072,24,1536,192,1536,64,215040
384x384x384w12-16-11,384,384,384,12,16,11,12-16-11,00K,1536,11,106688,12,1056,8000,2816,16,1408,128,1408,88,215040
384x384x384w11-16-12,384,384,384,11,16,12,11-16-12,M00,1408,12,106688,11,1056,8000,3072,16,1536,128,1536,96,215040
384x384x384w8-24-11,384,384,384,8,24,11,8-24-11,00K,1536,11,105984,8,704,8704,4224,24,2112,192,2112,88,215040
384x384x384w11-8-25,384,384,384,11,8,25,11-8-25,M0K,704,25,105680,11,2200,9008,3200,8,1600,64,1600,200,215040
384x384x384w25-8-11,384,384,384,25,8,11,25-8-11,M0K,1600,11,105680,25,2200,9008,1408,8,704,192,704,264,215040
384x384x384w11-8-24,384,384,384,11,8,24,11-8-24,M00,704,24,105984,11,2112,8704,3072,8,1536,64,1536,192,215040
384x384x384w24-8-11,384,384,384,24,8,11,24-8-11,00K,1536,11,105984,24,2112,8704,1408,8,704,192,704,264,215040
384x384x384w21-8-13,384,384,384,21,8,13,21-8-13,M0K,1344,13,105968,21,2184,8720,1664,8,832,128,832,208,216000
384x384x384w18-8-15,384,384,384,18,8,15,18-8-15,M0K,1152,15,106144,18,2160,8544,1920,8,960,128,960,240,217152
384x384x384w13-8-21,384,384,384,13,8,21,13-8-21,M0K,832,21,105968,13,2184,8720,2688,8,1344,64,1344,168,217968
384x384x384w15-8-18,384,384,384,15,8,18,15-8-18,M0K,960,18,106144,15,2160,8544,2304,8,1152,64,1152,144,219648
384x384x384w19-8-14,384,384,384,19,8,14,19-8-14,M0K,1216,14,106208,19,2128,8480,1792,8,896,128,896,224,220416
384x384x384w27-8-10,384,384,384,27,8,10,27-8-10,M0K,1728,10,105632,27,2160,9056,1280,8,640,192,640,240,220896
384x384x384w22-8-12,384,384,384,22,8,12,22-8-12,M00,1408,12,106112,22,2112,8576,1536,8,768,128,768,192,221184
384x384x384w16-8-16,384,384,384,16,8,16,16-8-16,000,1024,16,106496,16,2048,8192,2048,8,1024,128,1024,256,221184
384x384x384w33-8-8,384,384,384,33,8,8,33-8-8,M00,2112,8,105216,33,2112,9472,1024,8,512,256,512,256,221184
384x384x384w16-16-8,384,384,384,16,16,8,16-16-8,000,2048,8,106496,16,1024,8192,2048,16,1024,256,1024,128,221184
384x384x384w8-8-33,384,384,384,8,8,33,8-8-33,00K,512,33,105216,8,2112,9472,4224,8,2112,64,2112,264,221184
384x384x384w8-16-16,384,384,384,8,16,16,8-16-16,000,1024,16,106496,8,1024,8192,4096,16,2048,128,2048,128,221184
384x384x384w12-8-22,384,384,384,12,8,22,12-8-22,00K,768,22,106112,12,2112,8576,2816,8,1408,64,1408,176,221184
384x384x384w8-8-34,384,384,384,8,8,34,8-8-34,00K,512,34,104960,8,2176,9728,4352,8,2176,64,2176,272,221184
384x384x384w8-32-8,384,384,384,8,32,8,8-32-8,000,2048,8,105472,8,512,9216,4096,32,2048,256,2048,64,221184
384x384x384w8-8-32,384,384,384,8,8,32,8-8-32,000,512,32,105472,8,2048,9216,4096,8,2048,64,2048,256,221184
384x384x384w34-8-8,384,384,384,34,8,8,34-8-8,M00,2176,8,104960,34,2176,9728,1024,8,512,256,512,256,221184
384x384x384w32-8-8,384,384,384,32,8,8,32-8-8,000,2048,8,105472,32,2048,9216,1024,8,512,256,512,256,221184
384x384x384w10-16-13,384,384,384,10,16,13,10-16-13,M0K,1280,13,106720,10,1040,7968,3328,16,1664,128,1664,104,221760
384x384x384w10-8-26,384,384,384,10,8,26,10-8-26,M0K,640,26,105920,10,2080,8768,3328,8,1664,64,1664,208,221760
384x384x384w10-8-27,384,384,384,10,8,27,10-8-27,M0K,640,27,105632,10,2160,9056,3456,8,1728,64,1728,216,221760
384x384x384w13-16-10,384,384,384,13,16,10,13-16-10,M0K,1664,10,106720,13,1040,7968,2560,16,1280,128,1280,80,223704
384x384x384w14-8-19,384,384,384,14,8,19,14-8-19,M0K,896,19,106208,14,2128,8480,2432,8,1216,64,1216,152,223776
384x384x384w20-8-13,384,384,384,20,8,13,20-8-13,M0K,1280,13,106304,20,2080,8384,1664,8,832,128,832,208,224640
384x384x384w26-8-10,384,384,384,26,8,10,26-8-10,M0K,1664,10,105920,26,2080,8768,1280,8,640,192,640,240,224640
384x384x384w11-8-23,384,384,384,11,8,23,11-8-23,M0K,704,23,106288,11,2024,8400,2944,8,1472,64,1472,184,228480
384x384x384w23-8-11,384,384,384,23,8,11,23-8-11,M0K,1472,11,106288,23,2024,8400,1408,8,704,128,704,176,228480
384x384x384w29-8-9,384,384,384,29,8,9,29-8-9,M0K,1856,9,105648,29,2088,9040,1152,8,576,192,576,216,229104
384x384x384w14-16-9,384,384,384,14,16,9,14-16-9,M0K,1792,9,106784,14,1008,7904,2304,16,1152,128,1152,72,229104
384x384x384w13-8-20,384,384,384,13,8,20,13-8-20,M0K,832,20,106304,13,2080,8384,2560,8,1280,64,1280,160,229440
384x384x384w15-8-17,384,384,384,15,8,17,15-8-17,M0K,960,17,106512,15,2040,8176,2176,8,1088,64,1088,136,229632
384x384x384w17-8-15,384,384,384,17,8,15,17-8-15,M0K,1088,15,106512,17,2040,8176,1920,8,960,128,960,240,229632
384x384x384w9-8-29,384,384,384,9,8,29,9-8-29,M0K,576,29,105648,9,2088,9040,3712,8,1856,64,1856,232,229824
384x384x384w9-16-14,384,384,384,9,16,14,9-16-14,M0K,1152,14,106784,9,1008,7904,3584,16,1792,128,1792,112,229824
384x384x384w9-8-28,384,384,384,9,8,28,9-8-28,M0K,576,28,105920,9,2016,8768,3584,8,1792,64,1792,224,229824
384x384x384w21-8-12,384,384,384,21,8,12,21-8-12,M00,1344,12,106432,21,2016,8256,1536,8,768,128,768,192,230400
384x384x384w28-8-9,384,384,384,28,8,9,28-8-9,M0K,1792,9,105920,28,2016,8768,1152,8,576,192,576,216,231168
384x384x384w12-8-21,384,384,384,12,8,21,12-8-21,00K,768,21,106432,12,2016,8256,2688,8,1344,64,1344,168,233472
384x384x384w18-8-14,384,384,384,18,8,14,18-8-14,M0K,1152,14,106560,18,2016,8128,1792,8,896,128,896,224,233856
384x384x384w14-8-18,384,384,384,14,8,18,14-8-18,M0K,896,18,106560,14,2016,8128,2304,8,1152,64,1152,144,234432
384x384x384w11-16-11,384,384,384,11,16,11,11-16-11,M0K,1408,11,107120,11,968,7568,2816,16,1408,128,1408,88,235200
384x384x384w9-24-9,384,384,384,9,24,9,9-24-9,M0K,1728,9,106480,9,648,8208,3456,24,1728,192,1728,72,235296
384x384x384w19-8-13,384,384,384,19,8,13,19-8-13,M0K,1216,13,106640,19,1976,8048,1664,8,832,128,832,208,236160
384x384x384w10-16-12,384,384,384,10,16,12,10-16-12,M00,1280,12,107136,10,960,7552,3072,16,1536,128,1536,96,236544
384x384x384w10-8-25,384,384,384,10,8,25,10-8-25,M0K,640,25,106208,10,2000,8480,3200,8,1600,64,1600,200,236544
384x384x384w10-24-8,384,384,384,10,24,8,10-24-8,M00,1920,8,106496,10,640,8192,3072,24,1536,192,1536,64,236544
384x384x384w10-8-24,384,384,384,10,8,24,10-8-24,M00,640,24,106496,10,1920,8192,3072,8,1536,64,1536,192,236544
384x384x384w24-8-10,384,384,384,24,8,10,24-8-10,00K,1536,10,106496,24,1920,8192,1280,8,640,192,640,240,239616
384x384x384w30-8-8,384,384,384,30,8,8,30-8-8,M00,1920,8,105984,30,1920,8704,1024,8,512,192,512,192,239616
384x384x384w8-8-30,384,384,384,8,8,30,8-8-30,00K,512,30,105984,8,1920,8704,3840,8,1920,64,1920,240,239616
384x384x384w25-8-10,384,384,384,25,8,10,25-8-10,M0K,1600,10,106208,25,2000,8480,1280,8,640,192,640,240,239616
384x384x384w15-8-16,384,384,384,15,8,16,15-8-16,M00,960,16,106880,15,1920,7808,2048,8,1024,64,1024,128,239616
384x384x384w15-16-8,384,384,384,15,16,8,15-16-8,M00,1920,8,106880,15,960,7808,2048,16,1024,128,1024,64,239616
384x384x384w8-8-31,384,384,384,8,8,31,8-8-31,00K,512,31,105728,8,1984,8960,3968,8,1984,64,1984,248,239616
384x384x384w8-16-15,384,384,384,8,16,15,8-16-15,00K,1024,15,106880,8,960,7808,3840,16,1920,128,1920,120,239616
384x384x384w8-24-10,384,384,384,8,24,10,8-24-10,00K,1536,10,106496,8,640,8192,3840,24,1920,192,1920,80,239616
384x384x384w12-16-10,384,384,384,12,16,10,12-16-10,00K,1536,10,107136,12,960,7552,2560,16,1280,128,1280,80,239616
384x384x384w20-8-12,384,384,384,20,8,12,20-8-12,M00,1280,12,106752,20,1920,7936,1536,8,768,128,768,192,239616
384x384x384w31-8-8,384,384,384,31,8,8,31-8-8,M00,1984,8,105728,31,1984,8960,1024,8,512,192,512,192,239616
384x384x384w16-8-15,384,384,384,16,8,15,16-8-15,00K,1024,15,106880,16,1920,7808,1920,8,960,128,960,240,239616
384x384x384w13-8-19,384,384,384,13,8,19,13-8-19,M0K,832,19,106640,13,1976,8048,2432,8,1216,64,1216,152,240912
384x384x384w22-8-11,384,384,384,22,8,11,22-8-11,M0K,1408,11,106592,22,1936,8096,1408,8,704,128,704,176,241920
384x384x384w11-8-22,384,384,384,11,8,22,11-8-22,M0K,704,22,106592,11,1936,8096,2816,8,1408,64,1408,176,241920
384x384x384w27-8-9,384,384,384,27,8,9,27-8-9,M0K,1728,9,106192,27,1944,8496,1152,8,576,192,576,216,243552
384x384x384w14-8-17,384,384,384,14,8,17,14-8-17,M0K,896,17,106912,14,1904,7776,2176,8,1088,64,1088,136,245088
384x384x384w12-8-20,384,384,384,12,8,20,12-8-20,00K,768,20,106752,12,1920,7936,2560,8,1280,64,1280,160,245760
384x384x384w9-8-27,384,384,384,9,8,27,9-8-27,M0K,576,27,106192,9,1944,8496,3456,8,1728,64,1728,216,246240
384x384x384w9-8-26,384,384,384,9,8,26,9-8-26,M0K,576,26,106464,9,1872,8224,3328,8,1664,64,1664,208,246240
384x384x384w9-16-13,384,384,384,9,16,13,9-16-13,M0K,1152,13,107184,9,936,7504,3328,16,1664,128,1664,104,246240
384x384x384w13-16-9,384,384,384,13,16,9,13-16-9,M0K,1664,9,107184,13,936,7504,2304,16,1152,128,1152,72,246648
384x384x384w17-8-14,384,384,384,17,8,14,17-8-14,M0K,1088,14,106912,17,1904,7776,1792,8,896,128,896,224,247296
384x384x384w26-8-9,384,384,384,26,8,9,26-8-9,M0K,1664,9,106464,26,1872,8224,1152,8,576,192,576,216,247680
384x384x384w18-8-13,384,384,384,18,8,13,18-8-13,M0K,1152,13,106976,18,1872,7712,1664,8,832,128,832,208,250560
384x384x384w10-8-23,384,384,384,10,8,23,10-8-23,M0K,640,23,106784,10,1840,7904,2944,8,1472,64,1472,184,251328
384x384x384w19-8-12,384,384,384,19,8,12,19-8-12,M00,1216,12,107072,19,1824,7616,1536,8,768,128,768,192,251904
384x384x384w21-8-11,384,384,384,21,8,11,21-8-11,M0K,1344,11,106896,21,1848,7792,1408,8,704,128,704,176,252000
384x384x384w13-8-18,384,384,384,13,8,18,13-8-18,M0K,832,18,106976,13,1872,7712,2304,8,1152,64,1152,144,252384
384x384x384w23-8-10,384,384,384,23,8,10,23-8-10,M0K,1472,10,106784,23,1840,7904,1280,8,640,128,640,160,254592
384x384x384w11-8-21,384,384,384,11,8,21,11-8-21,M0K,704,21,106896,11,1848,7792,2688,8,1344,64,1344,168,255360
384x384x384w29-8-8,384,384,384,29,8,8,29-8-8,M00,1856,8,106240,29,1856,8448,1024,8,512,192,512,192,255744
384x384x384w14-16-8,384,384,384,14,16,8,14-16-8,M00,1792,8,107264,14,896,7424,2048,16,1024,128,1024,64,255744
384x384x384w14-8-16,384,384,384,14,8,16,14-8-16,M00,896,16,107264,14,1792,7424,2048,8,1024,64,1024,128,255744
384x384x384w8-16-14,384,384,384,8,16,14,8-16-14,00K,1024,14,107264,8,896,7424,3584,16,1792,128,1792,112,258048
384x384x384w28-8-8,384,384,384,28,8,8,28-8-8,M00,1792,8,106496,28,1792,8192,1024,8,512,192,512,192,258048
384x384x384w12-8-19,384,384,384,12,8,19,12-8-19,00K,768,19,107072,12,1824,7616,2432,8,1216,64,1216,152,258048
384x384x384w8-8-29,384,384,384,8,8,29,8-8-29,00K,512,29,106240,8,1856,8448,3712,8,1856,64,1856,232,258048
384x384x384w16-8-14,384,384,384,16,8,14,16-8-14,00K,1024,14,107264,16,1792,7424,1792,8,896,128,896,224,258048
384x384x384w8-8-28,384,384,384,8,8,28,8-8-28,00K,512,28,106496,8,1792,8192,3584,8,1792,64,1792,224,258048
384x384x384w10-16-11,384,384,384,10,16,11,10-16-11,M0K,1280,11,107552,10,880,7136,2816,16,1408,128,1408,88,258720
384x384x384w15-8-15,384,384,384,15,8,15,15-8-15,M0K,960,15,107248,15,1800,7440,1920,8,960,64,960,120,259584
384x384x384w11-16-10,384,384,384,11,16,10,11-16-10,M0K,1408,10,107552,11,880,7136,2560,16,1280,128,1280,80,262080
384x384x384w20-8-11,384,384,384,20,8,11,20-8-11,M0K,1280,11,107200,20,1760,7488,1408,8,704,128,704,176,262080
384x384x384w9-8-24,384,384,384,9,8,24,9-8-24,M00,576,24,107008,9,1728,7680,3072,8,1536,64,1536,192,262656
384x384x384w9-8-25,384,384,384,9,8,25,9-8-25,M0K,576,25,106736,9,1800,7952,3200,8,1600,64,1600,200,262656
384x384x384w9-24-8,384,384,384,9,24,8,9-24-8,M00,1728,8,107008,9,576,7680,3072,24,1536,192,1536,64,262656
384x384x384w9-16-12,384,384,384,9,16,12,9-16-12,M00,1152,12,107584,9,864,7104,3072,16,1536,128,1536,96,262656
384x384x384w13-8-17,384,384,384,13,8,17,13-8-17,M0K,832,17,107312,13,1768,7376,2176,8,1088,64,1088,136,263856
384x384x384w12-16-9,384,384,384,12,16,9,12-16-9,00K,1536,9,107584,12,864,7104,2304,16,1152,128,1152,72,264192
384x384x384w25-8-9,384,384,384,25,8,9,25-8-9,M0K,1600,9,106736,25,1800,7952,1152,8,576,192,576,216,264192
384x384x384w24-8-9,384,384,384,24,8,9,24-8-9,00K,1536,9,107008,24,1728,7680,1152,8,576,192,576,216,264192
384x384x384w8-24-9,384,384,384,8,24,9,8-24-9,00K,1536,9,107008,8,576,7680,3456,24,1728,192,1728,72,264192
384x384x384w17-8-13,384,384,384,17,8,13,17-8-13,M0K,1088,13,107312,17,1768,7376,1664,8,832,128,832,208,264960
384x384x384w10-8-22,384,384,384,10,8,22,10-8-22,M0K,640,22,107072,10,1760,7616,2816,8,1408,64,1408,176,266112
384x384x384w18-8-12,384,384,384,18,8,12,18-8-12,M00,1152,12,107392,18,1728,7296,1536,8,768,128,768,192,267264
384x384x384w11-8-20,384,384,384,11,8,20,11-8-20,M0K,704,20,107200,11,1760,7488,2560,8,1280,64,1280,160,268800
384x384x384w22-8-10,384,384,384,22,8,10,22-8-10,M0K,1408,10,107072,22,1760,7616,1280,8,640,128,640,160,269568
384x384x384w12-8-18,384,384,384,12,8,18,12-8-18,00K,768,18,107392,12,1728,7296,2304,8,1152,64,1152,144,270336
384x384x384w27-8-8,384,384,384,27,8,8,27-8-8,M00,1728,8,106752,27,1728,7936,1024,8,512,192,512,192,271872
384x384x384w13-8-16,384,384,384,13,8,16,13-8-16,M00,832,16,107648,13,1664,7040,2048,8,1024,64,1024,128,275328
384x384x384w13-16-8,384,384,384,13,16,8,13-16-8,M00,1664,8,107648,13,832,7040,2048,16,1024,128,1024,64,275328
384x384x384w19-8-11,384,384,384,19,8,11,19-8-11,M0K,1216,11,107504,19,1672,7184,1408,8,704,128,704,176,275520
384x384x384w8-16-13,384,384,384,8,16,13,8-16-13,00K,1024,13,107648,8,832,7040,3328,16,1664,128,1664,104,276480
384x384x384w8-8-27,384,384,384,8,8,27,8-8-27,00K,512,27,106752,8,1728,7936,3456,8,1728,64,1728,216,276480
384x384x384w16-8-13,384,384,384,16,8,13,16-8-13,00K,1024,13,107648,16,1664,7040,1664,8,832,128,832,208,276480
384x384x384w8-8-26,384,384,384,8,8,26,8-8-26,00K,512,26,107008,8,1664,7680,3328,8,1664,64,1664,208,276480
384x384x384w26-8-8,384,384,384,26,8,8,26-8-8,M00,1664,8,107008,26,1664,7680,1024,8,512,192,512,192,276480
384x384x384w14-8-15,384,384,384,14,8,15,14-8-15,M0K,896,15,107616,14,1680,7072,1920,8,960,64,960,120,277056
384x384x384w9-8-23,384,384,384,9,8,23,9-8-23,M0K,576,23,107280,9,1656,7408,2944,8,1472,64,1472,184,279072
384x384x384w15-8-14,384,384,384,15,8,14,15-8-14,M0K,960,14,107616,15,1680,7072,1792,8,896,64,896,112,279552
384x384x384w23-8-9,384,384,384,23,8,9,23-8-9,M0K,1472,9,107280,23,1656,7408,1152,8,576,128,576,144,280704
384x384x384w21-8-10,384,384,384,21,8,10,21-8-10,M0K,1344,10,107360,21,1680,7328,1280,8,640,128,640,160,280800
384x384x384w10-8-21,384,384,384,10,8,21,10-8-21,M0K,640,21,107360,10,1680,7328,2688,8,1344,64,1344,168,280896
384x384x384w11-8-19,384,384,384,11,8,19,11-8-19,M0K,704,19,107504,11,1672,7184,2432,8,1216,64,1216,152,282240
384x384x384w12-8-17,384,384,384,12,8,17,12-8-17,00K,768,17,107712,12,1632,6976,2176,8,1088,64,1088,136,282624
384x384x384w17-8-12,384,384,384,17,8,12,17-8-12,M00,1088,12,107712,17,1632,6976,1536,8,768,128,768,192,282624
384x384x384w9-16-11,384,384,384,9,16,11,9-16-11,M0K,1152,11,107984,9,792,6704,2816,16,1408,128,1408,88,287280
384x384x384w10-16-10,384,384,384,10,16,10,10-16-10,M0K,1280,10,107968,10,800,6720,2560,16,1280,128,1280,80,288288
384x384x384w11-16-9,384,384,384,11,16,9,11-16-9,M0K,1408,9,107984,11,792,6704,2304,16,1152,128,1152,72,288960
384x384x384w20-8-10,384,384,384,20,8,10,20-8-10,M0K,1280,10,107648,20,1600,7040,1280,8,640,128,640,160,292032
384x384x384w18-8-11,384,384,384,18,8,11,18-8-11,M0K,1152,11,107808,18,1584,6880,1408,8,704,128,704,176,292320
384x384x384w25-8-8,384,384,384,25,8,8,25-8-8,M00,1600,8,107264,25,1600,7424,1024,8,512,192,512,192,294912
384x384x384w8-16-12,384,384,384,8,16,12,8-16-12,000,1024,12,108032,8,768,6656,3072,16,1536,128,1536,96,294912
384x384x384w12-16-8,384,384,384,12,16,8,12-16-8,000,1536,8,108032,12,768,6656,2048,16,1024,128,1024,64,294912
384x384x384w8-8-24,384,384,384,8,8,24,8-8-24,000,512,24,107520,8,1536,7168,3072,8,1536,64,1536,192,294912
384x384x384w12-8-16,384,384,384,12,8,16,12-8-16,000,768,16,108032,12,1536,6656,2048,8,1024,64,1024,128,294912
384x384x384w16-8-12,384,384,384,16,8,12,16-8-12,000,1024,12,108032,16,1536,6656,1536,8,768,128,768,192,294912
384x384x384w8-8-25,384,384,384,8,8,25,8-8-25,00K,512,25,107264,8,1600,7424,3200,8,1600,64,1600,200,294912
384x384x384w8-24-8,384,384,384,8,24,8,8-24-8,000,1536,8,107520,8,512,7168,3072,24,1536,192,1536,64,294912
384x384x384w24-8-8,384,384,384,24,8,8,24-8-8,000,1536,8,107520,24,1536,7168,1024,8,512,192,512,192,294912
384x384x384w9-8-22,384,384,384,9,8,22,9-8-22,M0K,576,22,107552,9,1584,7136,2816,8,1408,64,1408,176,295488
384x384x384w11-8-18,384,384,384,11,8,18,11-8-18,M0K,704,18,107808,11,1584,6880,2304,8,1152,64,1152,144,295680
384x384x384w10-8-20,384,384,384,10,8,20,10-8-20,M0K,640,20,107648,10,1600,7040,2560,8,1280,64,1280,160,295680
384x384x384w22-8-9,384,384,384,22,8,9,22-8-9,M0K,1408,9,107552,22,1584,7136,1152,8,576,128,576,144,297216
384x384x384w13-8-15,384,384,384,13,8,15,13-8-15,M0K,832,15,107984,13,1560,6704,1920,8,960,64,960,120,298272
384x384x384w14-8-14,384,384,384,14,8,14,14-8-14,M0K,896,14,107968,14,1568,6720,1792,8,896,64,896,112,298368
384x384x384w15-8-13,384,384,384,15,8,13,15-8-13,M0K,960,13,107984,15,1560,6704,1664,8,832,64,832,104,299520
384x384x384w19-8-10,384,384,384,19,8,10,19-8-10,M0K,1216,10,107936,19,1520,6752,1280,8,640,128,640,160,307008
384x384x384w17-8-11,384,384,384,17,8,11,17-8-11,M0K,1088,11,108112,17,1496,6576,1408,8,704,128,704,176,309120
384x384x384w11-8-17,384,384,384,11,8,17,11-8-17,M0K,704,17,108112,11,1496,6576,2176,8,1088,64,1088,136,309120
384x384x384w21-8-9,384,384,384,21,8,9,21-8-9,M0K,1344,9,107824,21,1512,6864,1152,8,576,128,576,144,309600
384x384x384w10-8-19,384,384,384,10,8,19,10-8-19,M0K,640,19,107936,10,1520,6752,2432,8,1216,64,1216,152,310464
384x384x384w9-8-21,384,384,384,9,8,21,9-8-21,M0K,576,21,107824,9,1512,6864,2688,8,1344,64,1344,168,311904
384x384x384w23-8-8,384,384,384,23,8,8,23-8-8,M00,1472,8,107776,23,1472,6912,1024,8,512,128,512,128,313344
384x384x384w8-8-23,384,384,384,8,8,23,8-8-23,00K,512,23,107776,8,1472,6912,2944,8,1472,64,1472,184,313344
384x384x384w10-16-9,384,384,384,10,16,9,10-16-9,M0K,1280,9,108384,10,720,6304,2304,16,1152,128,1152,72,317856
384x384x384w12-8-15,384,384,384,12,8,15,12-8-15,00K,768,15,108352,12,1440,6336,1920,8,960,64,960,120,319488
384x384x384w15-8-12,384,384,384,15,8,12,15-8-12,M00,960,12,108352,15,1440,6336,1536,8,768,64,768,96,319488
384x384x384w14-8-13,384,384,384,14,8,13,14-8-13,M0K,896,13,108320,14,1456,6368,1664,8,832,64,832,104,319680
384x384x384w9-16-10,384,384,384,9,16,10,9-16-10,M0K,1152,10,108384,9,720,6304,2560,16,1280,128,1280,80,320112
384x384x384w13-8-14,384,384,384,13,8,14,13-8-14,M0K,832,14,108320,13,1456,6368,1792,8,896,64,896,112,321216
384x384x384w20-8-9,384,384,384,20,8,9,20-8-9,M0K,1280,9,108096,20,1440,6592,1152,8,576,128,576,144,321984
384x384x384w16-8-11,384,384,384,16,8,11,16-8-11,00K,1024,11,108416,16,1408,6272,1408,8,704,128,704,176,322560
384x384x384w11-16-8,384,384,384,11,16,8,11-16-8,M00,1408,8,108416,11,704,6272,2048,16,1024,128,1024,64,322560
384x384x384w8-16-11,384,384,384,8,16,11,8-16-11,00K,1024,11,108416,8,704,6272,2816,16,1408,128,1408,88,322560
384x384x384w11-8-16,384,384,384,11,8,16,11-8-16,M00,704,16,108416,11,1408,6272,2048,8,1024,64,1024,128,322560
384x384x384w10-8-18,384,384,384,10,8,18,10-8-18,M0K,640,18,108224,10,1440,6464,2304,8,1152,64,1152,144,325248
384x384x384w18-8-10,384,384,384,18,8,10,18-8-10,M0K,1152,10,108224,18,1440,6464,1280,8,640,128,640,160,325728
384x384x384w9-8-20,384,384,384,9,8,20,9-8-20,M0K,576,20,108096,9,1440,6592,2560,8,1280,64,1280,160,328320
384x384x384w8-8-22,384,384,384,8,8,22,8-8-22,00K,512,22,108032,8,1408,6656,2816,8,1408,64,1408,176,331776
384x384x384w22-8-8,384,384,384,22,8,8,22-8-8,M00,1408,8,108032,22,1408,6656,1024,8,512,128,512,128,331776
384x384x384w19-8-9,384,384,384,19,8,9,19-8-9,M0K,1216,9,108368,19,1368,6320,1152,8,576,128,576,144,338496
384x384x384w10-8-17,384,384,384,10,8,17,10-8-17,M0K,640,17,108512,10,1360,6176,2176,8,1088,64,1088,136,340032
384x384x384w14-8-12,384,384,384,14,8,12,14-8-12,M00,896,12,108672,14,1344,6016,1536,8,768,64,768,96,340992
384x384x384w12-8-14,384,384,384,12,8,14,12-8-14,00K,768,14,108672,12,1344,6016,1792,8,896,64,896,112,344064
384x384x384w13-8-13,384,384,384,13,8,13,13-8-13,M0K,832,13,108656,13,1352,6032,1664,8,832,64,832,104,344160
384x384x384w17-8-10,384,384,384,17,8,10,17-8-10,M0K,1088,10,108512,17,1360,6176,1280,8,640,128,640,160,344448
384x384x384w9-8-19,384,384,384,9,8,19,9-8-19,M0K,576,19,108368,9,1368,6320,2432,8,1216,64,1216,152,344736
384x384x384w21-8-8,384,384,384,21,8,8,21-8-8,M00,1344,8,108288,21,1344,6400,1024,8,512,128,512,128,345600
384x384x384w15-8-11,384,384,384,15,8,11,15-8-11,M0K,960,11,108720,15,1320,5968,1408,8,704,64,704,88,349440
384x384x384w11-8-15,384,384,384,11,8,15,11-8-15,M0K,704,15,108720,11,1320,5968,1920,8,960,64,960,120,349440
384x384x384w8-8-21,384,384,384,8,8,21,8-8-21,00K,512,21,108288,8,1344,6400,2688,8,1344,64,1344,168,350208
384x384x384w9-16-9,384,384,384,9,16,9,9-16-9,M0K,1152,9,108784,9,648,5904,2304,16,1152,128,1152,72,352944
384x384x384w10-16-8,384,384,384,10,16,8,10-16-8,M00,1280,8,108800,10,640,5888,2048,16,1024,128,1024,64,354816
384x384x384w10-8-16,384,384,384,10,8,16,10-8-16,M00,640,16,108800,10,1280,5888,2048,8,1024,64,1024,128,354816
384x384x384w18-8-9,384,384,384,18,8,9,18-8-9,M0K,1152,9,108640,18,1296,6048,1152,8,576,128,576,144,359136
384x384x384w8-16-10,384,384,384,8,16,10,8-16-10,00K,1024,10,108800,8,640,5888,2560,16,1280,128,1280,80,359424
384x384x384w20-8-8,384,384,384,20,8,8,20-8-8,M00,1280,8,108544,20,1280,6144,1024,8,512,128,512,128,359424
384x384x384w16-8-10,384,384,384,16,8,10,16-8-10,00K,1024,10,108800,16,1280,5888,1280,8,640,128,640,160,359424
384x384x384w9-8-18,384,384,384,9,8,18,9-8-18,M0K,576,18,108640,9,1296,6048,2304,8,1152,64,1152,144,361152
384x384x384w13-8-12,384,384,384,13,8,12,13-8-12,M00,832,12,108992,13,1248,5696,1536,8,768,64,768,96,367104
384x384x384w8-8-20,384,384,384,8,8,20,8-8-20,00K,512,20,108544,8,1280,6144,2560,8,1280,64,1280,160,368640
384x384x384w12-8-13,384,384,384,12,8,13,12-8-13,00K,768,13,108992,12,1248,5696,1664,8,832,64,832,104,368640
384x384x384w14-8-11,384,384,384,14,8,11,14-8-11,M0K,896,11,109024,14,1232,5664,1408,8,704,64,704,88,372960
384x384x384w11-8-14,384,384,384,11,8,14,11-8-14,M0K,704,14,109024,11,1232,5664,1792,8,896,64,896,112,376320
384x384x384w9-8-17,384,384,384,9,8,17,9-8-17,M0K,576,17,108912,9,1224,5776,2176,8,1088,64,1088,136,377568
384x384x384w19-8-8,384,384,384,19,8,8,19-8-8,M00,1216,8,108800,19,1216,5888,1024,8,512,128,512,128,377856
384x384x384w17-8-9,384,384,384,17,8,9,17-8-9,M0K,1088,9,108912,17,1224,5776,1152,8,576,128,576,144,379776
384x384x384w10-8-15,384,384,384,10,8,15,10-8-15,M0K,640,15,109088,10,1200,5600,1920,8,960,64,960,120,384384
384x384x384w8-8-19,384,384,384,8,8,19,8-8-19,00K,512,19,108800,8,1216,5888,2432,8,1216,64,1216,152,387072
384x384x384w15-8-10,384,384,384,15,8,10,15-8-10,M0K,960,10,109088,15,1200,5600,1280,8,640,64,640,80,389376
384x384x384w12-8-12,384,384,384,12,8,12,12-8-12,000,768,12,109312,12,1152,5376,1536,8,768,64,768,96,393216
384x384x384w9-16-8,384,384,384,9,16,8,9-16-8,M00,1152,8,109184,9,576,5504,2048,16,1024,128,1024,64,393984
384x384x384w9-8-16,384,384,384,9,8,16,9-8-16,M00,576,16,109184,9,1152,5504,2048,8,1024,64,1024,128,393984
384x384x384w8-16-9,384,384,384,8,16,9,8-16-9,00K,1024,9,109184,8,576,5504,2304,16,1152,128,1152,72,396288
384x384x384w16-8-9,384,384,384,16,8,9,16-8-9,00K,1024,9,109184,16,1152,5504,1152,8,576,128,576,144,396288
384x384x384w18-8-8,384,384,384,18,8,8,18-8-8,M00,1152,8,109056,18,1152,5632,1024,8,512,128,512,128,400896
384x384x384w13-8-11,384,384,384,13,8,11,13-8-11,M0K,832,11,109328,13,1144,5360,1408,8,704,64,704,88,401520
384x384x384w11-8-13,384,384,384,11,8,13,11-8-13,M0K,704,13,109328,11,1144,5360,1664,8,832,64,832,104,403200
384x384x384w8-8-18,384,384,384,8,8,18,8-8-18,00K,512,18,109056,8,1152,5632,2304,8,1152,64,1152,144,405504
384x384x384w10-8-14,384,384,384,10,8,14,10-8-14,M0K,640,14,109376,10,1120,5312,1792,8,896,64,896,112,413952
384x384x384w14-8-10,384,384,384,14,8,10,14-8-10,M0K,896,10,109376,14,1120,5312,1280,8,640,64,640,80,415584
384x384x384w8-8-17,384,384,384,8,8,17,8-8-17,00K,512,17,109312,8,1088,5376,2176,8,1088,64,1088,136,423936
384x384x384w17-8-8,384,384,384,17,8,8,17-8-8,M00,1088,8,109312,17,1088,5376,1024,8,512,128,512,128,423936
384x384x384w9-8-15,384,384,384,9,8,15,9-8-15,M0K,576,15,109456,9,1080,5232,1920,8,960,64,960,120,426816
384x384x384w15-8-9,384,384,384,15,8,9,15-8-9,M0K,960,9,109456,15,1080,5232,1152,8,576,64,576,72,429312
384x384x384w11-8-12,384,384,384,11,8,12,11-8-12,M00,704,12,109632,11,1056,5056,1536,8,768,64,768,96,430080
384x384x384w12-8-11,384,384,384,12,8,11,12-8-11,00K,768,11,109632,12,1056,5056,1408,8,704,64,704,88,430080
384x384x384w16-8-8,384,384,384,16,8,8,16-8-8,000,1024,8,109568,16,1024,5120,1024,8,512,128,512,128,442368
384x384x384w8-16-8,384,384,384,8,16,8,8-16-8,000,1024,8,109568,8,512,5120,2048,16,1024,128,1024,64,442368
384x384x384w8-8-16,384,384,384,8,8,16,8-8-16,000,512,16,109568,8,1024,5120,2048,8,1024,64,1024,128,442368
384x384x384w10-8-13,384,384,384,10,8,13,10-8-13,M0K,640,13,109664,10,1040,5024,1664,8,832,64,832,104,443520
384x384x384w13-8-10,384,384,384,13,8,10,13-8-10,M0K,832,10,109664,13,1040,5024,1280,8,640,64,640,80,447408
384x384x384w14-8-9,384,384,384,14,8,9,14-8-9,M0K,896,9,109728,14,1008,4960,1152,8,576,64,576,72,458208
384x384x384w9-8-14,384,384,384,9,8,14,9-8-14,M0K,576,14,109728,9,1008,4960,1792,8,896,64,896,112,459648
384x384x384w11-8-11,384,384,384,11,8,11,11-8-11,M0K,704,11,109936,11,968,4752,1408,8,704,64,704,88,470400
384x384x384w10-8-12,384,384,384,10,8,12,10-8-12,M00,640,12,109952,10,960,4736,1536,8,768,64,768,96,473088
384x384x384w15-8-8,384,384,384,15,8,8,15-8-8,M00,960,8,109824,15,960,4864,1024,8,512,64,512,64,479232
384x384x384w12-8-10,384,384,384,12,8,10,12-8-10,00K,768,10,109952,12,960,4736,1280,8,640,64,640,80,479232
384x384x384w8-8-15,384,384,384,8,8,15,8-8-15,00K,512,15,109824,8,960,4864,1920,8,960,64,960,120,479232
384x384x384w9-8-13,384,384,384,9,8,13,9-8-13,M0K,576,13,110000,9,936,4688,1664,8,832,64,832,104,492480
384x384x384w13-8-9,384,384,384,13,8,9,13-8-9,M0K,832,9,110000,13,936,4688,1152,8,576,64,576,72,493296
384x384x384w14-8-8,384,384,384,14,8,8,14-8-8,M00,896,8,110080,14,896,4608,1024,8,512,64,512,64,511488
384x384x384w8-8-14,384,384,384,8,8,14,8-8-14,00K,512,14,110080,8,896,4608,1792,8,896,64,896,112,516096
384x384x384w10-8-11,384,384,384,10,8,11,10-8-11,M0K,640,11,110240,10,880,4448,1408,8,704,64,704,88,517440
384x384x384w11-8-10,384,384,384,11,8,10,11-8-10,M0K,704,10,110240,11,880,4448,1280,8,640,64,640,80,524160
384x384x384w9-8-12,384,384,384,9,8,12,9-8-12,M00,576,12,110272,9,864,4416,1536,8,768,64,768,96,525312
384x384x384w12-8-9,384,384,384,12,8,9,12-8-9,00K,768,9,110272,12,864,4416,1152,8,576,64,576,72,528384
384x384x384w13-8-8,384,384,384,13,8,8,13-8-8,M00,832,8,110336,13,832,4352,1024,8,512,64,512,64,550656
384x384x384w8-8-13,384,384,384,8,8,13,8-8-13,00K,512,13,110336,8,832,4352,1664,8,832,64,832,104,552960
384x384x384w9-8-11,384,384,384,9,8,11,9-8-11,M0K,576,11,110544,9,792,4144,1408,8,704,64,704,88,574560
384x384x384w10-8-10,384,384,384,10,8,10,10-8-10,M0K,640,10,110528,10,800,4160,1280,8,640,64,640,80,576576
384x384x384w11-8-9,384,384,384,11,8,9,11-8-9,M0K,704,9,110544,11,792,4144,1152,8,576,64,576,72,577920
384x384x384w8-8-12,384,384,384,8,8,12,8-8-12,000,512,12,110592,8,768,4096,1536,8,768,64,768,96,589824
384x384x384w12-8-8,384,384,384,12,8,8,12-8-8,000,768,8,110592,12,768,4096,1024,8,512,64,512,64,589824
384x384x384w10-8-9,384,384,384,10,8,9,10-8-9,M0K,640,9,110816,10,720,3872,1152,8,576,64,576,72,635712
384x384x384w9-8-10,384,384,384,9,8,10,9-8-10,M0K,576,10,110816,9,720,3872,1280,8,640,64,640,80,640224
384x384x384w8-8-11,384,384,384,8,8,11,8-8-11,00K,512,11,110848,8,704,3840,1408,8,704,64,704,88,645120
384x384x384w11-8-8,384,384,384,11,8,8,11-8-8,M00,704,8,110848,11,704,3840,1024,8,512,64,512,64,645120
384x384x384w9-8-9,384,384,384,9,8,9,9-8-9,M0K,576,9,111088,9,648,3600,1152,8,576,64,576,72,705888
384x384x384w10-8-8,384,384,384,10,8,8,10-8-8,M00,640,8,111104,10,640,3584,1024,8,512,64,512,64,709632
384x384x384w8-8-10,384,384,384,8,8,10,8-8-10,00K,512,10,111104,8,640,3584,1280,8,640,64,640,80,718848
384x384x384w9-8-8,384,384,384,9,8,8,9-8-8,M00,576,8,111360,9,576,3328,1024,8,512,64,512,64,787968
384x384x384w8-8-9,384,384,384,8,8,9,8-8-9,00K,512,9,111360,8,576,3328,1152,8,576,64,576,72,792576
384x384x384w8-8-8,384,384,384,8,8,8,8-8-8,000,512,8,111616,8,512,3072,1024,8,512,64,512,64,884736
